Slug,Name,Version,"Previous Version","Download Link",Released,"WordPress.org URL","Required WP","Required PHP","Active Installs"
oxtheme,OXTheme,1.5.7,1.5.5,https://downloads.wordpress.org/theme/oxtheme.1.5.7.zip,"2024-12-01 04:56:54",https://wordpress.org/themes/oxtheme/,5.0,7.0
aasta,Aasta,10.9,10.8,https://downloads.wordpress.org/theme/aasta.10.9.zip,"2024-12-01 06:14:24",https://wordpress.org/themes/aasta/,,5.6
arilewp,ArileWP,3.12.3,3.12.2,https://downloads.wordpress.org/theme/arilewp.3.12.3.zip,"2024-12-01 06:15:20",https://wordpress.org/themes/arilewp/,,5.6
consultstreet,ConsultStreet,2.8.3,2.8.2,https://downloads.wordpress.org/theme/consultstreet.2.8.3.zip,"2024-12-01 06:15:50",https://wordpress.org/themes/consultstreet/,,5.6
designexo,Designexo,16.2,16.1,https://downloads.wordpress.org/theme/designexo.16.2.zip,"2024-12-01 06:16:18",https://wordpress.org/themes/designexo/,,5.6
news-digest,"News Digest",1.7,1.6,https://downloads.wordpress.org/theme/news-digest.1.7.zip,"2024-12-01 06:16:41",https://wordpress.org/themes/news-digest/,,5.6
newsexo,NewsExo,2.9,2.8,https://downloads.wordpress.org/theme/newsexo.2.9.zip,"2024-12-01 06:17:09",https://wordpress.org/themes/newsexo/,,5.6
newsio,Newsio,2.2,2.1,https://downloads.wordpress.org/theme/newsio.2.2.zip,"2024-12-01 06:17:31",https://wordpress.org/themes/newsio/,,5.6
metrogist,MetroGist,1.0.2,1.0.1,https://downloads.wordpress.org/theme/metrogist.1.0.2.zip,"2024-12-01 17:13:20",https://wordpress.org/themes/metrogist/,5.3,5.5
resume-kit,"Resume kit",1.0.5,1.0.4,https://downloads.wordpress.org/theme/resume-kit.1.0.5.zip,"2024-12-01 16:45:36",https://wordpress.org/themes/resume-kit/,,5.6
byvex-woocommerce-starter,"Byvex WooCommerce Starter",1.2.3,1.2.2,https://downloads.wordpress.org/theme/byvex-woocommerce-starter.1.2.3.zip,"2024-12-01 17:44:48",https://wordpress.org/themes/byvex-woocommerce-starter/,5.3,7.3
flat-blocks-classic,"Flat Blocks Classic",1.3.1,1.3,https://downloads.wordpress.org/theme/flat-blocks-classic.1.3.1.zip,"2024-12-01 23:40:20",https://wordpress.org/themes/flat-blocks-classic/,6.5,7.4
flat-blocks,"Flat Blocks",1.9.3,1.9.2,https://downloads.wordpress.org/theme/flat-blocks.1.9.3.zip,"2024-12-01 23:39:40",https://wordpress.org/themes/flat-blocks/,6.5,7.4
blogarise,BlogArise,0.96,0.95,https://downloads.wordpress.org/theme/blogarise.0.96.zip,"2024-12-02 03:32:26",https://wordpress.org/themes/blogarise/,5.4,7.4
blogdata,BlogData,1.1.6,1.1.5,https://downloads.wordpress.org/theme/blogdata.1.1.6.zip,"2024-12-02 03:33:34",https://wordpress.org/themes/blogdata/,5.4,7.4
blogus,Blogus,2.2.5,2.2.4,https://downloads.wordpress.org/theme/blogus.2.2.5.zip,"2024-12-02 03:30:42",https://wordpress.org/themes/blogus/,5.4,7.4
newsair,Newsair,1.0.0.64,1.0.0.63,https://downloads.wordpress.org/theme/newsair.1.0.0.64.zip,"2024-12-02 03:31:33",https://wordpress.org/themes/newsair/,5.4,7.4
newses,Newses,2.0.0.43,2.0.0.42,https://downloads.wordpress.org/theme/newses.2.0.0.43.zip,"2024-12-02 03:30:05",https://wordpress.org/themes/newses/,5.4,7.4
newspaperup,Newspaperup,1.0.6,1.0.5,https://downloads.wordpress.org/theme/newspaperup.1.0.6.zip,"2024-12-02 03:34:24",https://wordpress.org/themes/newspaperup/,5.4,7.4
newsup,Newsup,4.0.0.64,4.0.0.63,https://downloads.wordpress.org/theme/newsup.4.0.0.64.zip,"2024-12-02 03:36:04",https://wordpress.org/themes/newsup/,5.4,7.4
listdomer,Listdomer,2.6.1,2.6.0,https://downloads.wordpress.org/theme/listdomer.2.6.1.zip,"2024-12-02 04:08:03",https://wordpress.org/themes/listdomer/,4.0,7.0
circus-fair,"Circus Fair",1.1.6,1.1.5,https://downloads.wordpress.org/theme/circus-fair.1.1.6.zip,"2024-12-02 06:28:57",https://wordpress.org/themes/circus-fair/,5.9,5.6
data-science-specialist,"Data Science Specialist",1.0.6,1.0.5,https://downloads.wordpress.org/theme/data-science-specialist.1.0.6.zip,"2024-12-02 06:28:14",https://wordpress.org/themes/data-science-specialist/,,5.6
fse-cloths-rental,"FSE Cloths Rental",1.0.8,1.0.7,https://downloads.wordpress.org/theme/fse-cloths-rental.1.0.8.zip,"2024-12-02 06:27:38",https://wordpress.org/themes/fse-cloths-rental/,5.9,5.6
fse-fashion-store,"FSE Fashion Store",1.0.8,1.0.7,https://downloads.wordpress.org/theme/fse-fashion-store.1.0.8.zip,"2024-12-02 06:26:37",https://wordpress.org/themes/fse-fashion-store/,5.9,5.6
fse-gym-trainer,"FSE Gym Trainer",1.0.7,1.0.6,https://downloads.wordpress.org/theme/fse-gym-trainer.1.0.7.zip,"2024-12-02 06:26:06",https://wordpress.org/themes/fse-gym-trainer/,,5.6
fse-social-ngo,"FSE Social NGO",1.0.7,1.0.6,https://downloads.wordpress.org/theme/fse-social-ngo.1.0.7.zip,"2024-12-02 06:25:24",https://wordpress.org/themes/fse-social-ngo/,,5.6
fse-sports-arena,"FSE Sports Arena",1.0.6,1.0.5,https://downloads.wordpress.org/theme/fse-sports-arena.1.0.6.zip,"2024-12-02 06:24:38",https://wordpress.org/themes/fse-sports-arena/,5.9,5.6
news-maker,"News Maker",1.1.6,1.1.5,https://downloads.wordpress.org/theme/news-maker.1.1.6.zip,"2024-12-02 06:20:07",https://wordpress.org/themes/news-maker/,6.2,5.6
aster-gym-trainer,"Aster Gym Trainer",1.2.6,1.2.5,https://downloads.wordpress.org/theme/aster-gym-trainer.1.2.6.zip,"2024-12-02 06:49:55",https://wordpress.org/themes/aster-gym-trainer/,,7.2
bridal-jewelry-store,"Bridal Jewelry Store",1.5,1.4,https://downloads.wordpress.org/theme/bridal-jewelry-store.1.5.zip,"2024-12-02 06:55:13",https://wordpress.org/themes/bridal-jewelry-store/,,7.4
child-care-kindergarten,"Child Care Kindergarten",2.4,2.3,https://downloads.wordpress.org/theme/child-care-kindergarten.2.4.zip,"2024-12-02 07:05:06",https://wordpress.org/themes/child-care-kindergarten/,5.0,7.2
construction-engineer,"Construction Engineer",1.8,1.7,https://downloads.wordpress.org/theme/construction-engineer.1.8.zip,"2024-12-02 06:55:40",https://wordpress.org/themes/construction-engineer/,,7.4
corporate-solutions,"Corporate Solutions",3.0,2.9,https://downloads.wordpress.org/theme/corporate-solutions.3.0.zip,"2024-12-02 06:56:07",https://wordpress.org/themes/corporate-solutions/,,7.2
dark-fitness,"Dark Fitness",1.2.8,1.2.7,https://downloads.wordpress.org/theme/dark-fitness.1.2.8.zip,"2024-12-02 06:56:31",https://wordpress.org/themes/dark-fitness/,,7.2
manufacturing-industry,"Manufacturing Industry",2.2,2.1,https://downloads.wordpress.org/theme/manufacturing-industry.2.2.zip,"2024-12-02 07:05:39",https://wordpress.org/themes/manufacturing-industry/,5.0,7.2
mirrors-interior,"Mirrors Interior",3.1,3.0,https://downloads.wordpress.org/theme/mirrors-interior.3.1.zip,"2024-12-02 06:56:55",https://wordpress.org/themes/mirrors-interior/,,7.2
musicians,Musicians,0.9,0.8,https://downloads.wordpress.org/theme/musicians.0.9.zip,"2024-12-02 07:04:23",https://wordpress.org/themes/musicians/,5.0,7.2
one-login-business,"One Login Business",3.9,3.8,https://downloads.wordpress.org/theme/one-login-business.3.9.zip,"2024-12-02 07:28:35",https://wordpress.org/themes/one-login-business/,,5.6
orchid-store,"Orchid Store",1.5.9,1.5.8,https://downloads.wordpress.org/theme/orchid-store.1.5.9.zip,"2024-12-02 07:06:47",https://wordpress.org/themes/orchid-store/,6.4,7.4
pubnews,Pubnews,1.0.8,1.0.7,https://downloads.wordpress.org/theme/pubnews.1.0.8.zip,"2024-12-02 06:41:03",https://wordpress.org/themes/pubnews/,,5.6
recipes-blog,"Recipes Blog",3.4,3.3,https://downloads.wordpress.org/theme/recipes-blog.3.4.zip,"2024-12-02 06:58:01",https://wordpress.org/themes/recipes-blog/,,7.2
shopper-ecommerce,"Shopper Ecommerce",5.2,5.1,https://downloads.wordpress.org/theme/shopper-ecommerce.5.2.zip,"2024-12-02 07:29:01",https://wordpress.org/themes/shopper-ecommerce/,5.0,5.6
simplexp,SimpleXP,1.1.4,1.1.3,https://downloads.wordpress.org/theme/simplexp.1.1.4.zip,"2024-12-02 07:27:20",https://wordpress.org/themes/simplexp/,,5.6
storefront-ecommerce-shop,"Storefront Ecommerce Shop",3.8,3.7,https://downloads.wordpress.org/theme/storefront-ecommerce-shop.3.8.zip,"2024-12-02 07:29:26",https://wordpress.org/themes/storefront-ecommerce-shop/,5.0,5.6
tea-cafe,"Tea Cafe",1.1.0,0.9,https://downloads.wordpress.org/theme/tea-cafe.1.1.0.zip,"2024-12-02 07:00:11",https://wordpress.org/themes/tea-cafe/,5.0,7.2
wedding-hall,"Wedding Hall",0.2.9,0.2.8,https://downloads.wordpress.org/theme/wedding-hall.0.2.9.zip,"2024-12-02 07:06:42",https://wordpress.org/themes/wedding-hall/,5.0,7.2
charity-foundation,"Charity Foundation",4.4,4.3,https://downloads.wordpress.org/theme/charity-foundation.4.4.zip,"2024-12-02 07:34:35",https://wordpress.org/themes/charity-foundation/,5.0,5.6
fundraising-charity-campaign,"Fundraising Charity Campaign",3.7,3.6,https://downloads.wordpress.org/theme/fundraising-charity-campaign.3.7.zip,"2024-12-02 07:33:43",https://wordpress.org/themes/fundraising-charity-campaign/,5.0,5.6
healthcare-clinic,"Healthcare Clinic",4.0,3.9,https://downloads.wordpress.org/theme/healthcare-clinic.4.0.zip,"2024-12-02 07:33:21",https://wordpress.org/themes/healthcare-clinic/,5.0,5.6
medical-care,"Medical Care",8.6,8.5,https://downloads.wordpress.org/theme/medical-care.8.6.zip,"2024-12-02 07:32:39",https://wordpress.org/themes/medical-care/,5.0,5.6
medical-insight,"Medical Insight",6.0,5.9,https://downloads.wordpress.org/theme/medical-insight.6.0.zip,"2024-12-02 07:32:07",https://wordpress.org/themes/medical-insight/,5.0,5.6
modern-ecommerce,"Modern Ecommerce",7.2,7.1,https://downloads.wordpress.org/theme/modern-ecommerce.7.2.zip,"2024-12-02 07:31:39",https://wordpress.org/themes/modern-ecommerce/,5.0,5.6
nexcraft,NexCraft,1.2,1.1,https://downloads.wordpress.org/theme/nexcraft.1.2.zip,"2024-12-02 08:07:03",https://wordpress.org/themes/nexcraft/,4.7,5.6
ngo-charity-donation,"NGO Charity Donation",7.8,7.7,https://downloads.wordpress.org/theme/ngo-charity-donation.7.8.zip,"2024-12-02 07:30:57",https://wordpress.org/themes/ngo-charity-donation/,5.0,5.6
fabify,Fabify,12.5,12.4,https://downloads.wordpress.org/theme/fabify.12.5.zip,"2024-12-02 09:30:58",https://wordpress.org/themes/fabify/,4.7,5.6
scolax,Scolax,11.6,11.5,https://downloads.wordpress.org/theme/scolax.11.6.zip,"2024-12-02 09:30:07",https://wordpress.org/themes/scolax/,4.7,5.6
solace,Solace,2.1.4,2.1.3,https://downloads.wordpress.org/theme/solace.2.1.4.zip,"2024-12-02 09:18:20",https://wordpress.org/themes/solace/,,7.0
anamio,Anamio,11.5,11.4,https://downloads.wordpress.org/theme/anamio.11.5.zip,"2024-12-02 09:36:36",https://wordpress.org/themes/anamio/,4.7,5.6
appointable,Appointable,10.5,10.4,https://downloads.wordpress.org/theme/appointable.10.5.zip,"2024-12-02 09:39:51",https://wordpress.org/themes/appointable/,4.7,5.6
arkbiz,ArkBiz,10.5,10.4,https://downloads.wordpress.org/theme/arkbiz.10.5.zip,"2024-12-02 09:39:30",https://wordpress.org/themes/arkbiz/,4.7,5.6
avira,Avira,12.5,12.4,https://downloads.wordpress.org/theme/avira.12.5.zip,"2024-12-02 09:33:15",https://wordpress.org/themes/avira/,4.7,5.6
benzer,Benzer,12.5,12.4,https://downloads.wordpress.org/theme/benzer.12.5.zip,"2024-12-02 09:32:58",https://wordpress.org/themes/benzer/,4.7,5.6
cartable,Cartable,10.5,10.4,https://downloads.wordpress.org/theme/cartable.10.5.zip,"2024-12-02 09:43:21",https://wordpress.org/themes/cartable/,4.7,5.6
cooking-master-class,"Cooking Master Class",0.5.6,0.5.5,https://downloads.wordpress.org/theme/cooking-master-class.0.5.6.zip,"2024-12-02 10:35:38",https://wordpress.org/themes/cooking-master-class/,5.0,7.2
daizy,Daizy,10.3,10.2,https://downloads.wordpress.org/theme/daizy.10.3.zip,"2024-12-02 09:36:11",https://wordpress.org/themes/daizy/,4.7,5.6
envitech,Envitech,4.0,3.9,https://downloads.wordpress.org/theme/envitech.4.0.zip,"2024-12-02 09:32:38",https://wordpress.org/themes/envitech/,,7.0
exnova,Exnova,1.8,1.7,https://downloads.wordpress.org/theme/exnova.1.8.zip,"2024-12-02 09:32:14",https://wordpress.org/themes/exnova/,4.7,5.6
ferio,Ferio,3.3,3.2,https://downloads.wordpress.org/theme/ferio.3.3.zip,"2024-12-02 09:35:38",https://wordpress.org/themes/ferio/,4.7,5.6
fortify,Fortify,2.5,2.4,https://downloads.wordpress.org/theme/fortify.2.5.zip,"2024-12-02 09:39:12",https://wordpress.org/themes/fortify/,4.7,5.6
gruj,Gruj,11.5,11.4,https://downloads.wordpress.org/theme/gruj.11.5.zip,"2024-12-02 09:35:16",https://wordpress.org/themes/gruj/,4.7,5.6
heropress,HeroPress,12.5,12.4,https://downloads.wordpress.org/theme/heropress.12.5.zip,"2024-12-02 09:38:53",https://wordpress.org/themes/heropress/,4.7,5.6
hstore,hstore,10.5,10.4,https://downloads.wordpress.org/theme/hstore.10.5.zip,"2024-12-02 09:38:31",https://wordpress.org/themes/hstore/,4.7,5.6
ideate,Ideate,10.5,10.4,https://downloads.wordpress.org/theme/ideate.10.5.zip,"2024-12-02 09:43:03",https://wordpress.org/themes/ideate/,4.7,5.6
laxity,Laxity,10.5,10.4,https://downloads.wordpress.org/theme/laxity.10.5.zip,"2024-12-02 09:42:39",https://wordpress.org/themes/laxity/,4.7,5.6
magazine-express,"Magazine Express",4.3.1,4.3,https://downloads.wordpress.org/theme/magazine-express.4.3.1.zip,"2024-12-02 10:34:48",https://wordpress.org/themes/magazine-express/,5.0,7.2
magzee,MagZee,12.5,12.4,https://downloads.wordpress.org/theme/magzee.12.5.zip,"2024-12-02 09:42:20",https://wordpress.org/themes/magzee/,4.7,5.6
neek,Neek,10.5,10.4,https://downloads.wordpress.org/theme/neek.10.5.zip,"2024-12-02 09:43:40",https://wordpress.org/themes/neek/,4.7,5.6
nifty-lite,"Nifty Lite",12.4,12.3,https://downloads.wordpress.org/theme/nifty-lite.12.4.zip,"2024-12-02 09:45:53",https://wordpress.org/themes/nifty-lite/,4.7,5.6
proficient,Proficient,12.4,12.3,https://downloads.wordpress.org/theme/proficient.12.4.zip,"2024-12-02 09:40:08",https://wordpress.org/themes/proficient/,4.7,5.6
rockbiz,RockBiz,10.4,10.3,https://downloads.wordpress.org/theme/rockbiz.10.4.zip,"2024-12-02 09:45:24",https://wordpress.org/themes/rockbiz/,4.7,5.6
scelar,Scelar,10.4,10.3,https://downloads.wordpress.org/theme/scelar.10.4.zip,"2024-12-02 09:45:05",https://wordpress.org/themes/scelar/,4.7,5.6
soga,Soga,11.1,11.0,https://downloads.wordpress.org/theme/soga.11.1.zip,"2024-12-02 09:34:55",https://wordpress.org/themes/soga/,4.7,5.6
specia,Specia,13.0,12.9,https://downloads.wordpress.org/theme/specia.13.0.zip,"2024-12-02 09:33:47",https://wordpress.org/themes/specia/,4.7,5.6
spera,Spera,11.5,11.4,https://downloads.wordpress.org/theme/spera.11.5.zip,"2024-12-02 09:36:54",https://wordpress.org/themes/spera/,4.7,5.6
spyropress,SpyroPress,12.4,12.3,https://downloads.wordpress.org/theme/spyropress.12.4.zip,"2024-12-02 09:44:45",https://wordpress.org/themes/spyropress/,4.7,5.6
viral-news-center,"Viral News Center",0.5.2,0.5.1,https://downloads.wordpress.org/theme/viral-news-center.0.5.2.zip,"2024-12-02 10:36:27",https://wordpress.org/themes/viral-news-center/,5.0,7.2
vr-games,"VR Games",0.0.6,0.0.5,https://downloads.wordpress.org/theme/vr-games.0.0.6.zip,"2024-12-02 10:33:35",https://wordpress.org/themes/vr-games/,5.0,7.2
webstrap,Webstrap,12.4,12.3,https://downloads.wordpress.org/theme/webstrap.12.4.zip,"2024-12-02 09:46:37",https://wordpress.org/themes/webstrap/,4.7,5.6
weight-loss-trainer,"Weight Loss Trainer",0.3.2,0.3.1,https://downloads.wordpress.org/theme/weight-loss-trainer.0.3.2.zip,"2024-12-02 10:34:13",https://wordpress.org/themes/weight-loss-trainer/,5.0,7.2
cleaning-master,"Cleaning Master",0.2.3,0.2.2,https://downloads.wordpress.org/theme/cleaning-master.0.2.3.zip,"2024-12-02 12:49:40",https://wordpress.org/themes/cleaning-master/,,7.2
computer-repair-center,"Computer Repair Center",0.2.1,0.2,https://downloads.wordpress.org/theme/computer-repair-center.0.2.1.zip,"2024-12-02 12:48:58",https://wordpress.org/themes/computer-repair-center/,,5.6
corpiva,Corpiva,1.0.30,1.0.29,https://downloads.wordpress.org/theme/corpiva.1.0.30.zip,"2024-12-02 12:05:55",https://wordpress.org/themes/corpiva/,4.7,5.6
corvia,Corvia,0.7,0.6,https://downloads.wordpress.org/theme/corvia.0.7.zip,"2024-12-02 12:07:20",https://wordpress.org/themes/corvia/,4.7,5.6
corvita,Corvita,1.0.6,1.0.5,https://downloads.wordpress.org/theme/corvita.1.0.6.zip,"2024-12-02 12:06:56",https://wordpress.org/themes/corvita/,4.7,5.6
daystory,DayStory,1.0.56,1.0.55,https://downloads.wordpress.org/theme/daystory.1.0.56.zip,"2024-12-02 12:02:49",https://wordpress.org/themes/daystory/,4.7,7.0
ecommerce-watch-store,"Ecommerce Watch Store",0.3.3,0.3.2,https://downloads.wordpress.org/theme/ecommerce-watch-store.0.3.3.zip,"2024-12-02 12:51:51",https://wordpress.org/themes/ecommerce-watch-store/,5.0,7.2
fashion-designer,"Fashion Designer",1.2.3,1.2.2,https://downloads.wordpress.org/theme/fashion-designer.1.2.3.zip,"2024-12-02 12:53:37",https://wordpress.org/themes/fashion-designer/,5.0,7.2
newsalert,NewsAlert,1.0.1,1.0,https://downloads.wordpress.org/theme/newsalert.1.0.1.zip,"2024-12-02 12:04:55",https://wordpress.org/themes/newsalert/,4.7,7.0
newsalt,NewsAlt,1.0.36,1.0.35,https://downloads.wordpress.org/theme/newsalt.1.0.36.zip,"2024-12-02 12:03:12",https://wordpress.org/themes/newsalt/,4.7,7.0
newsdaily,NewsDaily,1.0.58,1.0.57,https://downloads.wordpress.org/theme/newsdaily.1.0.58.zip,"2024-12-02 12:02:23",https://wordpress.org/themes/newsdaily/,4.7,7.0
newshours,NewsHours,1.0.23,1.0.22,https://downloads.wordpress.org/theme/newshours.1.0.23.zip,"2024-12-02 12:03:40",https://wordpress.org/themes/newshours/,4.7,7.0
newsmash,NewsMash,1.0.73,1.0.72,https://downloads.wordpress.org/theme/newsmash.1.0.73.zip,"2024-12-02 12:01:58",https://wordpress.org/themes/newsmash/,4.7,7.0
newsmunch,NewsMunch,1.0.37,1.0.36,https://downloads.wordpress.org/theme/newsmunch.1.0.37.zip,"2024-12-02 12:04:11",https://wordpress.org/themes/newsmunch/,4.7,7.0
newstick,NewsTick,1.0.30,1.0.29,https://downloads.wordpress.org/theme/newstick.1.0.30.zip,"2024-12-02 12:04:33",https://wordpress.org/themes/newstick/,4.7,7.0
storepress,StorePress,1.0.12,1.0.11,https://downloads.wordpress.org/theme/storepress.1.0.12.zip,"2024-12-02 12:40:45",https://wordpress.org/themes/storepress/,,5.6
accron,Accron,1.6.3,1.6.2,https://downloads.wordpress.org/theme/accron.1.6.3.zip,"2024-12-02 13:36:13",https://wordpress.org/themes/accron/,4.7,5.6
advance-marketing-agency,"Advance Marketing Agency",0.5.3,0.5.2,https://downloads.wordpress.org/theme/advance-marketing-agency.0.5.3.zip,"2024-12-02 13:13:37",https://wordpress.org/themes/advance-marketing-agency/,5.0,7.2
ampark,Ampark,10.8,10.7,https://downloads.wordpress.org/theme/ampark.10.8.zip,"2024-12-02 13:17:58",https://wordpress.org/themes/ampark/,4.7,5.6
appointo,Appointo,10.7,10.6,https://downloads.wordpress.org/theme/appointo.10.7.zip,"2024-12-02 13:37:20",https://wordpress.org/themes/appointo/,4.7,5.6
arowana,Arowana,11.9,11.8,https://downloads.wordpress.org/theme/arowana.11.9.zip,"2024-12-02 13:22:53",https://wordpress.org/themes/arowana/,4.7,5.6
artist-portfolio,"Artist Portfolio",0.6.2,0.6.1,https://downloads.wordpress.org/theme/artist-portfolio.0.6.2.zip,"2024-12-02 13:08:49",https://wordpress.org/themes/artist-portfolio/,5.0,7.2
avail,Avail,10.8,10.7,https://downloads.wordpress.org/theme/avail.10.8.zip,"2024-12-02 13:22:34",https://wordpress.org/themes/avail/,4.7,5.6
aviser,Aviser,10.8,10.7,https://downloads.wordpress.org/theme/aviser.10.8.zip,"2024-12-02 13:17:33",https://wordpress.org/themes/aviser/,4.7,5.6
avril,Avril,11.5,11.4,https://downloads.wordpress.org/theme/avril.11.5.zip,"2024-12-02 13:33:47",https://wordpress.org/themes/avril/,4.7,5.6
axtia,Axtia,10.8,10.7,https://downloads.wordpress.org/theme/axtia.10.8.zip,"2024-12-02 13:22:17",https://wordpress.org/themes/axtia/,4.7,5.6
cardiopress,CardioPress,3.3,3.2,https://downloads.wordpress.org/theme/cardiopress.3.3.zip,"2024-12-02 13:19:47",https://wordpress.org/themes/cardiopress/,4.7,5.6
colorpress,ColorPress,11.1,11.0,https://downloads.wordpress.org/theme/colorpress.11.1.zip,"2024-12-02 13:33:13",https://wordpress.org/themes/colorpress/,4.7,5.6
comoxa,Comoxa,10.8,10.7,https://downloads.wordpress.org/theme/comoxa.10.8.zip,"2024-12-02 13:19:31",https://wordpress.org/themes/comoxa/,4.7,5.6
conceptly,Conceptly,12.1,12.0,https://downloads.wordpress.org/theme/conceptly.12.1.zip,"2024-12-02 13:32:24",https://wordpress.org/themes/conceptly/,4.7,5.6
corpex,Corpex,5.0,4.9,https://downloads.wordpress.org/theme/corpex.5.0.zip,"2024-12-02 13:36:53",https://wordpress.org/themes/corpex/,4.7,5.6
dropshipping-store,"Dropshipping Store",0.7.9,0.7.8,https://downloads.wordpress.org/theme/dropshipping-store.0.7.9.zip,"2024-12-02 13:09:19",https://wordpress.org/themes/dropshipping-store/,5.0,7.2
eventpress,EventPress,13.2,13.1,https://downloads.wordpress.org/theme/eventpress.13.2.zip,"2024-12-02 13:22:01",https://wordpress.org/themes/eventpress/,4.7,5.6
evion,Evion,1.4,1.3,https://downloads.wordpress.org/theme/evion.1.4.zip,"2024-12-02 13:27:11",https://wordpress.org/themes/evion/,4.7,5.6
fast-food-pizza,"Fast Food Pizza",0.7.5,0.7.4,https://downloads.wordpress.org/theme/fast-food-pizza.0.7.5.zip,"2024-12-02 13:09:55",https://wordpress.org/themes/fast-food-pizza/,5.0,7.2
flavita,Flavita,11.2,11.1,https://downloads.wordpress.org/theme/flavita.11.2.zip,"2024-12-02 13:30:56",https://wordpress.org/themes/flavita/,4.7,5.6
gradiant,Gradiant,11.5,11.4,https://downloads.wordpress.org/theme/gradiant.11.5.zip,"2024-12-02 13:30:17",https://wordpress.org/themes/gradiant/,4.7,5.6
gym-training-coach,"Gym Training Coach",0.5.4,0.5.3,https://downloads.wordpress.org/theme/gym-training-coach.0.5.4.zip,"2024-12-02 13:10:19",https://wordpress.org/themes/gym-training-coach/,5.0,7.2
islamic-center-mosque,"Islamic Center Mosque",0.5.9,0.5.8,https://downloads.wordpress.org/theme/islamic-center-mosque.0.5.9.zip,"2024-12-02 13:01:52",https://wordpress.org/themes/islamic-center-mosque/,5.0,7.2
lighting-store,"Lighting Store",0.2.9,0.2.8,https://downloads.wordpress.org/theme/lighting-store.0.2.9.zip,"2024-12-02 13:25:37",https://wordpress.org/themes/lighting-store/,,7.2
marketing-agency,"Marketing Agency",0.8.4,0.8.3,https://downloads.wordpress.org/theme/marketing-agency.0.8.4.zip,"2024-12-02 13:02:23",https://wordpress.org/themes/marketing-agency/,5.0,7.2
moving-company-lite,"Moving Company Lite",1.1.1,1.1,https://downloads.wordpress.org/theme/moving-company-lite.1.1.1.zip,"2024-12-02 13:02:50",https://wordpress.org/themes/moving-company-lite/,5.0,7.2
multi-advance,"Multi Advance",0.9.4,0.9.3,https://downloads.wordpress.org/theme/multi-advance.0.9.4.zip,"2024-12-02 13:13:59",https://wordpress.org/themes/multi-advance/,5.0,7.2
nexcraft,NexCraft,1.3,1.2,https://downloads.wordpress.org/theme/nexcraft.1.3.zip,"2024-12-02 13:24:27",https://wordpress.org/themes/nexcraft/,4.7,5.6
pet-rescue-lite,"Pet Rescue Lite",0.8.5,0.8.4,https://downloads.wordpress.org/theme/pet-rescue-lite.0.8.5.zip,"2024-12-02 13:10:47",https://wordpress.org/themes/pet-rescue-lite/,5.0,7.2
storefront-ecommerce,"Storefront Ecommerce",0.7.6,0.7.5,https://downloads.wordpress.org/theme/storefront-ecommerce.0.7.6.zip,"2024-12-02 13:11:16",https://wordpress.org/themes/storefront-ecommerce/,5.0,7.2
swimming-pool-cleaning,"Swimming Pool Cleaning",0.5.4,0.5.3,https://downloads.wordpress.org/theme/swimming-pool-cleaning.0.5.4.zip,"2024-12-02 13:11:40",https://wordpress.org/themes/swimming-pool-cleaning/,5.0,7.2
video-streaming,"Video Streaming",0.7.5,0.7.4,https://downloads.wordpress.org/theme/video-streaming.0.7.5.zip,"2024-12-02 13:12:11",https://wordpress.org/themes/video-streaming/,,7.2
vw-business-consulting,"VW Business Consulting",0.2.7,0.2.6,https://downloads.wordpress.org/theme/vw-business-consulting.0.2.7.zip,"2024-12-02 13:03:29",https://wordpress.org/themes/vw-business-consulting/,5.0,7.2
vw-gift-shop,"VW Gift Shop",0.3.3,0.3.2,https://downloads.wordpress.org/theme/vw-gift-shop.0.3.3.zip,"2024-12-02 13:03:57",https://wordpress.org/themes/vw-gift-shop/,5.0,7.2
vw-kids-store,"VW Kids Store",1.7.5,1.7.4,https://downloads.wordpress.org/theme/vw-kids-store.1.7.5.zip,"2024-12-02 13:05:00",https://wordpress.org/themes/vw-kids-store/,5.0,7.2
vw-storefront,"VW Storefront",0.9.7,0.9.6,https://downloads.wordpress.org/theme/vw-storefront.0.9.7.zip,"2024-12-02 13:05:52",https://wordpress.org/themes/vw-storefront/,5.0,7.2
eduvert,Eduvert,11.2,11.1,https://downloads.wordpress.org/theme/eduvert.11.2.zip,"2024-12-02 13:43:09",https://wordpress.org/themes/eduvert/,4.7,5.6
elementare,Elementare,1.4.0,1.3.9,https://downloads.wordpress.org/theme/elementare.1.4.0.zip,"2024-12-02 13:39:15",https://wordpress.org/themes/elementare/,,5.6
hantus,Hantus,12.2,12.1,https://downloads.wordpress.org/theme/hantus.12.2.zip,"2024-12-02 13:42:09",https://wordpress.org/themes/hantus/,4.7,5.6
medazin,Medazin,8.9,8.8,https://downloads.wordpress.org/theme/medazin.8.9.zip,"2024-12-02 13:40:38",https://wordpress.org/themes/medazin/,4.7,5.6
startkit,StartKit,13.4,13.3,https://downloads.wordpress.org/theme/startkit.13.4.zip,"2024-12-02 13:39:40",https://wordpress.org/themes/startkit/,4.7,5.6
villapress,VillaPress,2.5,2.4,https://downloads.wordpress.org/theme/villapress.2.5.zip,"2024-12-02 13:38:59",https://wordpress.org/themes/villapress/,,7.0
yith-proteo,"YITH Proteo",1.9.6,1.9.5,https://downloads.wordpress.org/theme/yith-proteo.1.9.6.zip,"2024-12-02 13:55:39",https://wordpress.org/themes/yith-proteo/,,7.0
astronomy-store,"Astronomy Store",0.7.8,0.7.7,https://downloads.wordpress.org/theme/astronomy-store.0.7.8.zip,"2024-12-02 15:25:49",https://wordpress.org/themes/astronomy-store/,5.0,5.6
classic-internet-services,"Classic Internet Services",1.2.8,1.2.7,https://downloads.wordpress.org/theme/classic-internet-services.1.2.8.zip,"2024-12-02 15:26:02",https://wordpress.org/themes/classic-internet-services/,5.0,5.6
classic-landing-page,"Classic Landing Page",1.4.8,1.4.7,https://downloads.wordpress.org/theme/classic-landing-page.1.4.8.zip,"2024-12-02 15:26:17",https://wordpress.org/themes/classic-landing-page/,5.5,5.6
classic-real-estate,"Classic Real Estate",0.8.8,0.8.7,https://downloads.wordpress.org/theme/classic-real-estate.0.8.8.zip,"2024-12-02 15:26:28",https://wordpress.org/themes/classic-real-estate/,5.0,5.6
cleaning-services-agency,"Cleaning Services Agency",1.4.8,1.4.7,https://downloads.wordpress.org/theme/cleaning-services-agency.1.4.8.zip,"2024-12-02 15:26:42",https://wordpress.org/themes/cleaning-services-agency/,5.0,5.6
cooking-classes,"Cooking Classes",3.2.6,3.2.5,https://downloads.wordpress.org/theme/cooking-classes.3.2.6.zip,"2024-12-02 15:26:56",https://wordpress.org/themes/cooking-classes/,5.0,5.6
shopfront-ecommerce,"Shopfront Ecommerce",0.4.8,0.4.7,https://downloads.wordpress.org/theme/shopfront-ecommerce.0.4.8.zip,"2024-12-02 15:27:13",https://wordpress.org/themes/shopfront-ecommerce/,5.0,5.6
solar-panels,"Solar Panels",1.3.8,1.3.7,https://downloads.wordpress.org/theme/solar-panels.1.3.8.zip,"2024-12-02 15:27:08",https://wordpress.org/themes/solar-panels/,5.0,5.6
solar-services,"Solar Services",2.3.6,2.3.5,https://downloads.wordpress.org/theme/solar-services.2.3.6.zip,"2024-12-02 15:27:40",https://wordpress.org/themes/solar-services/,5.0,5.6
tattoo-designer,"Tattoo Designer",0.8.8,0.8.7,https://downloads.wordpress.org/theme/tattoo-designer.0.8.8.zip,"2024-12-02 15:27:44",https://wordpress.org/themes/tattoo-designer/,5.0,5.6
toothwise,Toothwise,1.0,,https://downloads.wordpress.org/theme/toothwise.1.0.zip,"2024-12-02 14:56:49",https://wordpress.org/themes/toothwise/,6.7,7.2
anastasi,Anastasi,1.0.4,1.0.3,https://downloads.wordpress.org/theme/anastasi.1.0.4.zip,"2024-12-02 15:44:08",https://wordpress.org/themes/anastasi/,6.6,7.0
cake-shop,"Cake Shop",2.2.3,2.2.2,https://downloads.wordpress.org/theme/cake-shop.2.2.3.zip,"2024-12-02 15:43:37",https://wordpress.org/themes/cake-shop/,5.1,5.6
clothing,Clothing,2.2.3,2.2.2,https://downloads.wordpress.org/theme/clothing.2.2.3.zip,"2024-12-02 15:44:04",https://wordpress.org/themes/clothing/,5.1,5.6
fashion-shop,"Fashion Shop",2.1.3,2.1.2,https://downloads.wordpress.org/theme/fashion-shop.2.1.3.zip,"2024-12-02 15:44:30",https://wordpress.org/themes/fashion-shop/,5.1,5.6
flower-shop-florist,"Flower Shop: Florist",2.2.3,2.2.2,https://downloads.wordpress.org/theme/flower-shop-florist.2.2.3.zip,"2024-12-02 15:45:11",https://wordpress.org/themes/flower-shop-florist/,5.1,5.6
wedding-photography,"Wedding Photography",2.3.3,2.3.2,https://downloads.wordpress.org/theme/wedding-photography.2.3.3.zip,"2024-12-02 15:45:48",https://wordpress.org/themes/wedding-photography/,5.1,5.6
wedding-planner-event-management,"Wedding Planner: Event Management",2.1.3,2.1.2,https://downloads.wordpress.org/theme/wedding-planner-event-management.2.1.3.zip,"2024-12-02 15:46:13",https://wordpress.org/themes/wedding-planner-event-management/,5.1,5.6
advantura-trails,"Advantura Trails",1.0.3,,https://downloads.wordpress.org/theme/advantura-trails.1.0.3.zip,"2024-12-02 16:26:48",https://wordpress.org/themes/advantura-trails/,6.0,7.4
the-free-blogger,"The Free Blogger",1.3,,https://downloads.wordpress.org/theme/the-free-blogger.1.3.zip,"2024-12-02 16:26:58",https://wordpress.org/themes/the-free-blogger/,6.1,5.6
amberd-online-store,"AmBerd - Online Store",2.1.4,2.1.3,https://downloads.wordpress.org/theme/amberd-online-store.2.1.4.zip,"2024-12-02 16:39:29",https://wordpress.org/themes/amberd-online-store/,5.1,5.6
book-shop,"Book Shop",2.1.4,2.1.3,https://downloads.wordpress.org/theme/book-shop.2.1.4.zip,"2024-12-02 16:39:49",https://wordpress.org/themes/book-shop/,5.1,5.6
foodie-blocks,"Foodie Blocks",1.0.4,1.0.3,https://downloads.wordpress.org/theme/foodie-blocks.1.0.4.zip,"2024-12-02 17:11:59",https://wordpress.org/themes/foodie-blocks/,6.1,7.2
furniture-store,"Furniture Store",2.1.4,2.1.3,https://downloads.wordpress.org/theme/furniture-store.2.1.4.zip,"2024-12-02 16:40:22",https://wordpress.org/themes/furniture-store/,5.1,5.6
inspiro-blocks,"Inspiro Blocks",1.1.3,1.1.2,https://downloads.wordpress.org/theme/inspiro-blocks.1.1.3.zip,"2024-12-02 17:16:35",https://wordpress.org/themes/inspiro-blocks/,6.1,7.4
jewelry-shop,"Jewelry Shop",2.1.4,2.1.3,https://downloads.wordpress.org/theme/jewelry-shop.2.1.4.zip,"2024-12-02 16:40:45",https://wordpress.org/themes/jewelry-shop/,5.1,5.6
pet-shop,"Pet Shop",2.1.4,2.1.3,https://downloads.wordpress.org/theme/pet-shop.2.1.4.zip,"2024-12-02 16:41:06",https://wordpress.org/themes/pet-shop/,5.1,5.6
book-review-blog,"Book Review Blog",1.1.5,1.1.4,https://downloads.wordpress.org/theme/book-review-blog.1.1.5.zip,"2024-12-02 18:14:32",https://wordpress.org/themes/book-review-blog/,5.0,5.6
simple-and-clean,"Simple and Clean",1.0.7,1.0.5,https://downloads.wordpress.org/theme/simple-and-clean.1.0.7.zip,"2024-12-02 18:46:54",https://wordpress.org/themes/simple-and-clean/,,7.0
author,Author,1.54,1.53,https://downloads.wordpress.org/theme/author.1.54.zip,"2024-12-02 20:11:25",https://wordpress.org/themes/author/,,5.6.40
guto-lite,"Guto Lite",1.2.7,1.2.6,https://downloads.wordpress.org/theme/guto-lite.1.2.7.zip,"2024-12-02 23:09:43",https://wordpress.org/themes/guto-lite/,6.0,7.4
flat-blocks-classic,"Flat Blocks Classic",1.3.2,1.3.1,https://downloads.wordpress.org/theme/flat-blocks-classic.1.3.2.zip,"2024-12-03 00:42:58",https://wordpress.org/themes/flat-blocks-classic/,6.5,7.4
flat-blocks,"Flat Blocks",1.9.4,1.9.3,https://downloads.wordpress.org/theme/flat-blocks.1.9.4.zip,"2024-12-03 00:30:31",https://wordpress.org/themes/flat-blocks/,6.5,7.4
book-author-blog,"Book Author Blog",5.2.20,5.2.19,https://downloads.wordpress.org/theme/book-author-blog.5.2.20.zip,"2024-12-03 03:41:57",https://wordpress.org/themes/book-author-blog/,5.0,5.6
edify,Edify,1.0.7,1.0.5,https://downloads.wordpress.org/theme/edify.1.0.7.zip,"2024-12-03 03:31:08",https://wordpress.org/themes/edify/,5.0,7.0
coffee-tea,"Coffee Tea",3.6,3.5,https://downloads.wordpress.org/theme/coffee-tea.3.6.zip,"2024-12-03 04:21:03",https://wordpress.org/themes/coffee-tea/,,7.2
expert-digital-agency,"Expert Digital Agency",4.6,4.5,https://downloads.wordpress.org/theme/expert-digital-agency.4.6.zip,"2024-12-03 04:19:22",https://wordpress.org/themes/expert-digital-agency/,,7.2
expert-fitness-trainer,"Expert Fitness Trainer",1.6,1.5,https://downloads.wordpress.org/theme/expert-fitness-trainer.1.6.zip,"2024-12-03 04:17:28",https://wordpress.org/themes/expert-fitness-trainer/,,7.2
expert-ngo-volunteer,"Expert NGO Volunteer",0.6,0.5,https://downloads.wordpress.org/theme/expert-ngo-volunteer.0.6.zip,"2024-12-03 04:16:31",https://wordpress.org/themes/expert-ngo-volunteer/,,7.2
expert-sports-coach,"Expert Sports Coach",0.3.6,0.3.5,https://downloads.wordpress.org/theme/expert-sports-coach.0.3.6.zip,"2024-12-03 04:15:01",https://wordpress.org/themes/expert-sports-coach/,,7.2
kind,KiND,1.0.7,1.0.6,https://downloads.wordpress.org/theme/kind.1.0.7.zip,"2024-12-03 04:31:40",https://wordpress.org/themes/kind/,6.0,7.4
solar-system-company,"Solar System Company",1.6,1.5,https://downloads.wordpress.org/theme/solar-system-company.1.6.zip,"2024-12-03 04:14:06",https://wordpress.org/themes/solar-system-company/,,7.2
cafe-cafeteria,"Cafe Cafeteria",1.6.4,1.6.3,https://downloads.wordpress.org/theme/cafe-cafeteria.1.6.4.zip,"2024-12-03 04:58:05",https://wordpress.org/themes/cafe-cafeteria/,5.0,7.2
creative-portfolio-lite,"Creative Portfolio Lite",4.5,4.4,https://downloads.wordpress.org/theme/creative-portfolio-lite.4.5.zip,"2024-12-03 05:10:08",https://wordpress.org/themes/creative-portfolio-lite/,5.0,7.2
designer-services,"Designer Services",4.4,4.3,https://downloads.wordpress.org/theme/designer-services.4.4.zip,"2024-12-03 05:10:40",https://wordpress.org/themes/designer-services/,5.0,7.2
ecology-nature,"Ecology Nature",5.2,5.1,https://downloads.wordpress.org/theme/ecology-nature.5.2.zip,"2024-12-03 04:58:38",https://wordpress.org/themes/ecology-nature/,5.0,7.2
fashion-boutique,"Fashion Boutique",4.5,4.4,https://downloads.wordpress.org/theme/fashion-boutique.4.5.zip,"2024-12-03 05:11:11",https://wordpress.org/themes/fashion-boutique/,5.0,7.2
green-environment,"Green Environment",4.3,4.2,https://downloads.wordpress.org/theme/green-environment.4.3.zip,"2024-12-03 04:59:25",https://wordpress.org/themes/green-environment/,5.0,7.2
gutenify-starter,"Gutenify Starter",1.0.8,1.0.7,https://downloads.wordpress.org/theme/gutenify-starter.1.0.8.zip,"2024-12-03 04:52:45",https://wordpress.org/themes/gutenify-starter/,5.9,5.6
it-residence,"IT Residence",2.8.3,2.8.2,https://downloads.wordpress.org/theme/it-residence.2.8.3.zip,"2024-12-03 04:43:15",https://wordpress.org/themes/it-residence/,,5.6
kids-fashion,"Kids Fashion",5.3,5.2,https://downloads.wordpress.org/theme/kids-fashion.5.3.zip,"2024-12-03 05:00:14",https://wordpress.org/themes/kids-fashion/,5.0,7.2
lms-education-university,"LMS Education University",5.9,5.8,https://downloads.wordpress.org/theme/lms-education-university.5.9.zip,"2024-12-03 05:07:55",https://wordpress.org/themes/lms-education-university/,5.0,7.2
lms-education,"LMS Education",6.9,6.8,https://downloads.wordpress.org/theme/lms-education.6.9.zip,"2024-12-03 05:00:44",https://wordpress.org/themes/lms-education/,5.0,7.2
lms-training-institute,"LMS Training Institute",3.8,3.7,https://downloads.wordpress.org/theme/lms-training-institute.3.8.zip,"2024-12-03 05:08:19",https://wordpress.org/themes/lms-training-institute/,5.0,7.2
medical-clinic-lite,"Medical Clinic Lite",1.4.7,1.4.6,https://downloads.wordpress.org/theme/medical-clinic-lite.1.4.7.zip,"2024-12-03 05:11:42",https://wordpress.org/themes/medical-clinic-lite/,5.0,7.2
misbah-blog,"Misbah Blog",1.7.7,1.7.6,https://downloads.wordpress.org/theme/misbah-blog.1.7.7.zip,"2024-12-03 05:08:49",https://wordpress.org/themes/misbah-blog/,5.0,7.2
news-maker,"News Maker",1.1.7,1.1.6,https://downloads.wordpress.org/theme/news-maker.1.1.7.zip,"2024-12-03 04:35:33",https://wordpress.org/themes/news-maker/,6.2,5.6
real-esatate-property,"Real Esatate Property",4.2,4.1,https://downloads.wordpress.org/theme/real-esatate-property.4.2.zip,"2024-12-03 05:12:13",https://wordpress.org/themes/real-esatate-property/,5.0,7.2
spa-salon,"Spa Salon",5.8,5.7,https://downloads.wordpress.org/theme/spa-salon.5.8.zip,"2024-12-03 05:09:20",https://wordpress.org/themes/spa-salon/,5.0,7.2
webinar-education,"Webinar Education",10.0,9.9,https://downloads.wordpress.org/theme/webinar-education.10.0.zip,"2024-12-03 05:09:40",https://wordpress.org/themes/webinar-education/,5.0,7.2
advantura-trails,"Advantura Trails",1.0.4,1.0.3,https://downloads.wordpress.org/theme/advantura-trails.1.0.4.zip,"2024-12-03 06:04:24",https://wordpress.org/themes/advantura-trails/,6.0,7.4
cinema-movie-director,"Cinema Movie Director",3.8,3.7,https://downloads.wordpress.org/theme/cinema-movie-director.3.8.zip,"2024-12-03 06:30:06",https://wordpress.org/themes/cinema-movie-director/,5.0,5.6
cinema-theater,"Cinema Theater",4.0,3.9,https://downloads.wordpress.org/theme/cinema-theater.4.0.zip,"2024-12-03 06:30:36",https://wordpress.org/themes/cinema-theater/,5.0,5.6
educational-institute,"Educational Institute",3.9,3.8,https://downloads.wordpress.org/theme/educational-institute.3.9.zip,"2024-12-03 06:31:04",https://wordpress.org/themes/educational-institute/,5.0,5.6
elearning-academy-education,"Elearning Academy Education",3.4,3.3,https://downloads.wordpress.org/theme/elearning-academy-education.3.4.zip,"2024-12-03 06:31:29",https://wordpress.org/themes/elearning-academy-education/,5.0,5.6
elearning-education,"eLearning Education",0.6.8,0.6.7,https://downloads.wordpress.org/theme/elearning-education.0.6.8.zip,"2024-12-03 06:32:25",https://wordpress.org/themes/elearning-education/,5.0,5.6
feminine-clothing-fashion,"Feminine Clothing Fashion",0.2.0,0.1.9,https://downloads.wordpress.org/theme/feminine-clothing-fashion.0.2.0.zip,"2024-12-03 05:51:53",https://wordpress.org/themes/feminine-clothing-fashion/,5.0,7.2
film-maker-lite,"Film Maker Lite",5.0,4.9,https://downloads.wordpress.org/theme/film-maker-lite.5.0.zip,"2024-12-03 06:33:00",https://wordpress.org/themes/film-maker-lite/,5.0,5.6
fitness-club-gym,"Fitness Club Gym",0.2.9,0.2.8,https://downloads.wordpress.org/theme/fitness-club-gym.0.2.9.zip,"2024-12-03 05:50:42",https://wordpress.org/themes/fitness-club-gym/,5.0,7.2
movie-review-hub,"Movie Review Hub",5.6,5.5,https://downloads.wordpress.org/theme/movie-review-hub.5.6.zip,"2024-12-03 06:34:31",https://wordpress.org/themes/movie-review-hub/,5.0,5.6
movie-studio,"Movie Studio",3.9,3.8,https://downloads.wordpress.org/theme/movie-studio.3.9.zip,"2024-12-03 06:34:58",https://wordpress.org/themes/movie-studio/,5.0,5.6
online-courses-hub,"Online Courses Hub",4.0,3.9,https://downloads.wordpress.org/theme/online-courses-hub.4.0.zip,"2024-12-03 06:35:46",https://wordpress.org/themes/online-courses-hub/,5.0,5.6
roofing-services,"Roofing Services",0.2.9,0.2.8,https://downloads.wordpress.org/theme/roofing-services.0.2.9.zip,"2024-12-03 05:51:21",https://wordpress.org/themes/roofing-services/,5.0,7.2
social-ngo,"Social NGO",0.1.7,0.1.6,https://downloads.wordpress.org/theme/social-ngo.0.1.7.zip,"2024-12-03 05:52:36",https://wordpress.org/themes/social-ngo/,5.0,7.2
solar-power,"Solar Power",0.3.4,0.3.3,https://downloads.wordpress.org/theme/solar-power.0.3.4.zip,"2024-12-03 05:53:21",https://wordpress.org/themes/solar-power/,,7.2
bosa,Bosa,1.5.8,1.5.7,https://downloads.wordpress.org/theme/bosa.1.5.8.zip,"2024-12-03 08:00:14",https://wordpress.org/themes/bosa/,,5.6
dance-master,"Dance Master",0.2.5,0.2.4,https://downloads.wordpress.org/theme/dance-master.0.2.5.zip,"2024-12-03 09:28:44",https://wordpress.org/themes/dance-master/,,5.6
pet-food-shop,"Pet Food Shop",0.2.3,0.2.2,https://downloads.wordpress.org/theme/pet-food-shop.0.2.3.zip,"2024-12-03 09:28:01",https://wordpress.org/themes/pet-food-shop/,,5.6
ona,Ona,1.22.7,1.22.6,https://downloads.wordpress.org/theme/ona.1.22.7.zip,"2024-12-03 10:21:54",https://wordpress.org/themes/ona/,5.8,5.6
advance-automobile,"Advance Automobile",1.2.2,1.2.1,https://downloads.wordpress.org/theme/advance-automobile.1.2.2.zip,"2024-12-03 10:52:02",https://wordpress.org/themes/advance-automobile/,5.0,7.2
advance-business,"Advance Business",1.2.8,1.2.7,https://downloads.wordpress.org/theme/advance-business.1.2.8.zip,"2024-12-03 10:52:44",https://wordpress.org/themes/advance-business/,5.0,7.2
advance-coaching,"Advance Coaching",1.2.1,1.2,https://downloads.wordpress.org/theme/advance-coaching.1.2.1.zip,"2024-12-03 10:53:21",https://wordpress.org/themes/advance-coaching/,5.0,7.2
advance-education,"Advance Education",1.1.4,1.1.3,https://downloads.wordpress.org/theme/advance-education.1.1.4.zip,"2024-12-03 10:53:51",https://wordpress.org/themes/advance-education/,,7.2
advance-startup,"Advance Startup",1.0.5,1.0.4,https://downloads.wordpress.org/theme/advance-startup.1.0.5.zip,"2024-12-03 10:57:55",https://wordpress.org/themes/advance-startup/,5.0,7.2
appointment-booking,"Appointment Booking",1.1,1.0.9,https://downloads.wordpress.org/theme/appointment-booking.1.1.zip,"2024-12-03 10:41:44",https://wordpress.org/themes/appointment-booking/,,7.2
auto-parts-garage,"Auto Parts Garage",0.6.1,0.6,https://downloads.wordpress.org/theme/auto-parts-garage.0.6.1.zip,"2024-12-03 10:42:19",https://wordpress.org/themes/auto-parts-garage/,5.0,7.2
educator-education,"Educator Education",0.7.6,0.7.5,https://downloads.wordpress.org/theme/educator-education.0.7.6.zip,"2024-12-03 10:54:28",https://wordpress.org/themes/educator-education/,5.0,7.2
tech-software-company,"Tech Software Company",0.6.3,0.6.2,https://downloads.wordpress.org/theme/tech-software-company.0.6.3.zip,"2024-12-03 10:55:45",https://wordpress.org/themes/tech-software-company/,5.0,7.2
tech-startup,"Tech Startup",0.5.9,0.5.8,https://downloads.wordpress.org/theme/tech-startup.0.5.9.zip,"2024-12-03 10:56:24",https://wordpress.org/themes/tech-startup/,5.0,7.2
travel-tourism,"Travel Tourism",0.9.3,0.9.2,https://downloads.wordpress.org/theme/travel-tourism.0.9.3.zip,"2024-12-03 10:43:10",https://wordpress.org/themes/travel-tourism/,5.0,7.2
vw-fitness-gym,"VW Fitness Gym",1.2.3,1.2.2,https://downloads.wordpress.org/theme/vw-fitness-gym.1.2.3.zip,"2024-12-03 10:44:12",https://wordpress.org/themes/vw-fitness-gym/,5.0,7.2
vw-home-renovation,"VW Home Renovation",0.4.3,0.4.2,https://downloads.wordpress.org/theme/vw-home-renovation.0.4.3.zip,"2024-12-03 10:45:11",https://wordpress.org/themes/vw-home-renovation/,5.0,7.2
vw-lawyer-attorney,"VW Lawyer Attorney",2.0.6,2.0.5,https://downloads.wordpress.org/theme/vw-lawyer-attorney.2.0.6.zip,"2024-12-03 10:48:22",https://wordpress.org/themes/vw-lawyer-attorney/,5.0,7.2
vw-minimalist,"VW Minimalist",0.8.8,0.8.7,https://downloads.wordpress.org/theme/vw-minimalist.0.8.8.zip,"2024-12-03 10:49:54",https://wordpress.org/themes/vw-minimalist/,5.0,7.2
aravalli,Aravalli,11.2,11.1,https://downloads.wordpress.org/theme/aravalli.11.2.zip,"2024-12-03 12:25:22",https://wordpress.org/themes/aravalli/,4.7,5.6
audio-player,"Audio Player",1.4,1.3.9,https://downloads.wordpress.org/theme/audio-player.1.4.zip,"2024-12-03 12:43:11",https://wordpress.org/themes/audio-player/,5.0,7.2
book-author-blog,"Book Author Blog",5.2.21,5.2.20,https://downloads.wordpress.org/theme/book-author-blog.5.2.21.zip,"2024-12-03 12:21:37",https://wordpress.org/themes/book-author-blog/,5.0,5.6
boostify,Boostify,11.2,11.1,https://downloads.wordpress.org/theme/boostify.11.2.zip,"2024-12-03 12:24:58",https://wordpress.org/themes/boostify/,4.7,5.6
caresoft,CareSoft,1.0.58,1.0.57,https://downloads.wordpress.org/theme/caresoft.1.0.58.zip,"2024-12-03 11:32:53",https://wordpress.org/themes/caresoft/,4.7,5.6
colorsy,Colorsy,11.0,10.9,https://downloads.wordpress.org/theme/colorsy.11.0.zip,"2024-12-03 12:20:43",https://wordpress.org/themes/colorsy/,4.7,5.6
convo,Convo,6.3,6.2,https://downloads.wordpress.org/theme/convo.6.3.zip,"2024-12-03 12:24:32",https://wordpress.org/themes/convo/,,7.0
cosmics,Cosmics,11.0,10.9,https://downloads.wordpress.org/theme/cosmics.11.0.zip,"2024-12-03 12:23:14",https://wordpress.org/themes/cosmics/,4.7,5.6
cozysoft,CozySoft,1.0.75,1.0.74,https://downloads.wordpress.org/theme/cozysoft.1.0.75.zip,"2024-12-03 11:32:31",https://wordpress.org/themes/cozysoft/,4.7,5.6
digital-storefront,"Digital Storefront",0.6.2,0.6.1,https://downloads.wordpress.org/theme/digital-storefront.0.6.2.zip,"2024-12-03 12:42:26",https://wordpress.org/themes/digital-storefront/,5.0,7.2
easytech,EasyTech,1.0.48,1.0.47,https://downloads.wordpress.org/theme/easytech.1.0.48.zip,"2024-12-03 11:33:39",https://wordpress.org/themes/easytech/,4.7,5.6
enigma,Enigma,7.68,7.67,https://downloads.wordpress.org/theme/enigma.7.68.zip,"2024-12-03 11:28:41",https://wordpress.org/themes/enigma/,,7.4
eventplus,EventPlus,10.7,10.6,https://downloads.wordpress.org/theme/eventplus.10.7.zip,"2024-12-03 12:22:46",https://wordpress.org/themes/eventplus/,4.7,5.6
evita,Evita,1.4.5,1.4.4,https://downloads.wordpress.org/theme/evita.1.4.5.zip,"2024-12-03 12:22:24",https://wordpress.org/themes/evita/,,5.6
fiona-blog,"Fiona Blog",11.3,11.2,https://downloads.wordpress.org/theme/fiona-blog.11.3.zip,"2024-12-03 12:24:08",https://wordpress.org/themes/fiona-blog/,4.7,5.6
food-recipe-blog,"Food Recipe Blog",2.8,2.7.9,https://downloads.wordpress.org/theme/food-recipe-blog.2.8.zip,"2024-12-03 12:41:55",https://wordpress.org/themes/food-recipe-blog/,5.0,7.2
guardian,Guardian,4.65,4.64,https://downloads.wordpress.org/theme/guardian.4.65.zip,"2024-12-03 11:33:59",https://wordpress.org/themes/guardian/,,5.6
is-medify,IS-Medify,0.12,0.11,https://downloads.wordpress.org/theme/is-medify.0.12.zip,"2024-12-03 11:39:55",https://wordpress.org/themes/is-medify/,,7.4
ismoderna,ISModerna,1.0.16,1.0.15,https://downloads.wordpress.org/theme/ismoderna.1.0.16.zip,"2024-12-03 11:41:06",https://wordpress.org/themes/ismoderna/,,5.6
laundry-lite,"Laundry Lite",1.1.2,1.1.1,https://downloads.wordpress.org/theme/laundry-lite.1.1.2.zip,"2024-12-03 11:31:51",https://wordpress.org/themes/laundry-lite/,6.1,7.0
metasoft,MetaSoft,11.2,11.1,https://downloads.wordpress.org/theme/metasoft.11.2.zip,"2024-12-03 12:23:39",https://wordpress.org/themes/metasoft/,4.7,5.6
nexcraft,NexCraft,1.4,1.3,https://downloads.wordpress.org/theme/nexcraft.1.4.zip,"2024-12-03 12:20:20",https://wordpress.org/themes/nexcraft/,4.7,5.6
online-tutor,"Online Tutor",0.4.7,0.4.6,https://downloads.wordpress.org/theme/online-tutor.0.4.7.zip,"2024-12-03 12:41:24",https://wordpress.org/themes/online-tutor/,5.0,7.2
pet-care-zone,"Pet Care Zone",4.7.3,4.7.2,https://downloads.wordpress.org/theme/pet-care-zone.4.7.3.zip,"2024-12-03 12:40:52",https://wordpress.org/themes/pet-care-zone/,5.0,7.2
renoval,Renoval,10.5,10.4,https://downloads.wordpress.org/theme/renoval.10.5.zip,"2024-12-03 12:21:56",https://wordpress.org/themes/renoval/,4.7,5.6
softinn,Softinn,1.0.74,1.0.73,https://downloads.wordpress.org/theme/softinn.1.0.74.zip,"2024-12-03 11:32:08",https://wordpress.org/themes/softinn/,4.7,5.6
softme,SoftMe,1.0.85,1.0.84,https://downloads.wordpress.org/theme/softme.1.0.85.zip,"2024-12-03 11:27:36",https://wordpress.org/themes/softme/,4.7,5.6
softmunch,SoftMunch,1.0.20,1.0.19,https://downloads.wordpress.org/theme/softmunch.1.0.20.zip,"2024-12-03 11:34:23",https://wordpress.org/themes/softmunch/,4.7,5.6
startweb,StartWeb,11.3,11.2,https://downloads.wordpress.org/theme/startweb.11.3.zip,"2024-12-03 12:21:15",https://wordpress.org/themes/startweb/,4.7,5.6
suntech,Suntech,1.0.52,1.0.51,https://downloads.wordpress.org/theme/suntech.1.0.52.zip,"2024-12-03 11:33:14",https://wordpress.org/themes/suntech/,4.7,5.6
tripify,Tripify,1.0.14,1.0.13,https://downloads.wordpress.org/theme/tripify.1.0.14.zip,"2024-12-03 11:42:03",https://wordpress.org/themes/tripify/,,5.6
truesoft,TrueSoft,1.0.31,1.0.30,https://downloads.wordpress.org/theme/truesoft.1.0.31.zip,"2024-12-03 11:34:00",https://wordpress.org/themes/truesoft/,4.7,5.6
airin-blog,"Airin Blog",1.6.7,1.6.6,https://downloads.wordpress.org/theme/airin-blog.1.6.7.zip,"2024-12-03 13:20:56",https://wordpress.org/themes/airin-blog/,6.0,7.1
kids-camp,"Kids Camp",1.2.5,1.2.4,https://downloads.wordpress.org/theme/kids-camp.1.2.5.zip,"2024-12-03 15:23:29",https://wordpress.org/themes/kids-camp/,5.6,5.6
architect-contractor,"Architect Contractor",1.1.9,1.1.8,https://downloads.wordpress.org/theme/architect-contractor.1.1.9.zip,"2024-12-03 16:14:00",https://wordpress.org/themes/architect-contractor/,5.3,7.2
carpenter-shop,"Carpenter Shop",1.0.9,1.0.8,https://downloads.wordpress.org/theme/carpenter-shop.1.0.9.zip,"2024-12-03 16:14:37",https://wordpress.org/themes/carpenter-shop/,5.3,5.6
chocolate-cake,"Chocolate Cake",1.0.7,1.0.6,https://downloads.wordpress.org/theme/chocolate-cake.1.0.7.zip,"2024-12-03 16:16:14",https://wordpress.org/themes/chocolate-cake/,5.5,7.2
cleaning-maintenance,"Cleaning Maintenance",1.1.3,1.1.2,https://downloads.wordpress.org/theme/cleaning-maintenance.1.1.3.zip,"2024-12-03 16:16:57",https://wordpress.org/themes/cleaning-maintenance/,5.3,7.2
it-news-grid,"IT News Grid",1.4.12,1.4.11,https://downloads.wordpress.org/theme/it-news-grid.1.4.12.zip,"2024-12-03 16:35:05",https://wordpress.org/themes/it-news-grid/,,5.6
mise,Mise,1.9.1,1.9.0,https://downloads.wordpress.org/theme/mise.1.9.1.zip,"2024-12-03 16:37:00",https://wordpress.org/themes/mise/,,5.6
photofocus-blocks,"Photofocus Blocks",2.1,2.0.1,https://downloads.wordpress.org/theme/photofocus-blocks.2.1.zip,"2024-12-03 15:33:28",https://wordpress.org/themes/photofocus-blocks/,5.9,7.4
x-t9,X-T9,1.27.1,1.27.0,https://downloads.wordpress.org/theme/x-t9.1.27.1.zip,"2024-12-03 19:03:06",https://wordpress.org/themes/x-t9/,6.5,7.4
portfolio-wp,"Portfolio WP",1.2.4,1.2.3,https://downloads.wordpress.org/theme/portfolio-wp.1.2.4.zip,"2024-12-03 21:16:03",https://wordpress.org/themes/portfolio-wp/,6.0,7.2
spiral-lite-one-page,"Spiral Lite One Page",1.3.4,1.2.9,https://downloads.wordpress.org/theme/spiral-lite-one-page.1.3.4.zip,"2024-12-03 20:59:09",https://wordpress.org/themes/spiral-lite-one-page/,,5.6
toocheke,Toocheke,1.0.238,1.0.237,https://downloads.wordpress.org/theme/toocheke.1.0.238.zip,"2024-12-03 22:33:14",https://wordpress.org/themes/toocheke/,,7.4
edify,Edify,1.0.8,1.0.7,https://downloads.wordpress.org/theme/edify.1.0.8.zip,"2024-12-04 01:44:49",https://wordpress.org/themes/edify/,5.0,7.0
blossom-recipe,"Blossom Recipe",1.3.2,1.3.1,https://downloads.wordpress.org/theme/blossom-recipe.1.3.2.zip,"2024-12-04 02:41:57",https://wordpress.org/themes/blossom-recipe/,,5.6
cookery-lite,"Cookery Lite",1.1.5,1.1.4,https://downloads.wordpress.org/theme/cookery-lite.1.1.5.zip,"2024-12-04 02:42:52",https://wordpress.org/themes/cookery-lite/,,5.6
vilva,Vilva,1.2.7,1.2.6,https://downloads.wordpress.org/theme/vilva.1.2.7.zip,"2024-12-04 02:40:42",https://wordpress.org/themes/vilva/,,5.6
electronics-storefront,"Electronics Storefront",1.1.0,1.0.9,https://downloads.wordpress.org/theme/electronics-storefront.1.1.0.zip,"2024-12-04 04:20:45",https://wordpress.org/themes/electronics-storefront/,5.3,7.2
grocery-shopping-store,"Grocery Shopping Store",1.0.7,1.0.6,https://downloads.wordpress.org/theme/grocery-shopping-store.1.0.7.zip,"2024-12-04 04:21:29",https://wordpress.org/themes/grocery-shopping-store/,5.5,7.2
home-construction-builder,"Home Construction Builder",1.0.7,1.0.6,https://downloads.wordpress.org/theme/home-construction-builder.1.0.7.zip,"2024-12-04 04:22:22",https://wordpress.org/themes/home-construction-builder/,5.5,7.2
it-residence,"IT Residence",2.8.4,2.8.3,https://downloads.wordpress.org/theme/it-residence.2.8.4.zip,"2024-12-04 04:19:50",https://wordpress.org/themes/it-residence/,,5.6
restaurant-culinary,"Restaurant Culinary",1.0.9,1.0.8,https://downloads.wordpress.org/theme/restaurant-culinary.1.0.9.zip,"2024-12-04 04:33:28",https://wordpress.org/themes/restaurant-culinary/,5.3,5.6
skin-care-solutions,"Skin Care Solutions",1.1.1,1.1.0,https://downloads.wordpress.org/theme/skin-care-solutions.1.1.1.zip,"2024-12-04 04:35:42",https://wordpress.org/themes/skin-care-solutions/,5.3,5.6
flat-blocks,"Flat Blocks",1.9.5,1.9.4,https://downloads.wordpress.org/theme/flat-blocks.1.9.5.zip,"2024-12-04 05:52:32",https://wordpress.org/themes/flat-blocks/,6.5,7.4
advance-ecommerce-store,"Advance Ecommerce Store",1.4.4,1.4.3,https://downloads.wordpress.org/theme/advance-ecommerce-store.1.4.4.zip,"2024-12-04 08:28:18",https://wordpress.org/themes/advance-ecommerce-store/,5.0,7.2
advance-fitness-gym,"Advance Fitness Gym",1.2,1.1.9,https://downloads.wordpress.org/theme/advance-fitness-gym.1.2.zip,"2024-12-04 08:29:01",https://wordpress.org/themes/advance-fitness-gym/,5.0,7.2
advance-pet-care,"Advance Pet Care",1.3.2,1.3.1,https://downloads.wordpress.org/theme/advance-pet-care.1.3.2.zip,"2024-12-04 08:30:50",https://wordpress.org/themes/advance-pet-care/,5.0,7.2
agriculture-farm,"Agriculture Farm",0.7.1,0.7,https://downloads.wordpress.org/theme/agriculture-farm.0.7.1.zip,"2024-12-04 08:29:34",https://wordpress.org/themes/agriculture-farm/,5.0,7.2
business-school,"Business School",0.2.8,0.2.7,https://downloads.wordpress.org/theme/business-school.0.2.8.zip,"2024-12-04 07:42:14",https://wordpress.org/themes/business-school/,5.0,5.6
classic-artificial-intelligence,"Classic Artificial Intelligence",0.1.7,0.1.6,https://downloads.wordpress.org/theme/classic-artificial-intelligence.0.1.7.zip,"2024-12-04 07:42:28",https://wordpress.org/themes/classic-artificial-intelligence/,5.0,5.6
classic-charity-ngo,"Classic Charity NGO",0.2.7,0.2.6,https://downloads.wordpress.org/theme/classic-charity-ngo.0.2.7.zip,"2024-12-04 07:42:47",https://wordpress.org/themes/classic-charity-ngo/,5.0,5.6
classic-digital-marketing,"Classic Digital Marketing",0.5.9,0.5.8,https://downloads.wordpress.org/theme/classic-digital-marketing.0.5.9.zip,"2024-12-04 07:42:59",https://wordpress.org/themes/classic-digital-marketing/,5.0,5.6
classic-marketing-agency,"Classic Marketing Agency",0.1.7,0.1.6,https://downloads.wordpress.org/theme/classic-marketing-agency.0.1.7.zip,"2024-12-04 07:43:08",https://wordpress.org/themes/classic-marketing-agency/,5.0,5.6
classic-portfolio,"Classic Portfolio",0.1.7,0.1.6,https://downloads.wordpress.org/theme/classic-portfolio.0.1.7.zip,"2024-12-04 07:43:18",https://wordpress.org/themes/classic-portfolio/,5.0,5.6
classic-tour-booking,"Classic Tour Booking",0.3,0.2.9,https://downloads.wordpress.org/theme/classic-tour-booking.0.3.zip,"2024-12-04 07:43:30",https://wordpress.org/themes/classic-tour-booking/,5.0,5.6
creative-blogger,"Creative Blogger",0.2.5,0.2.4,https://downloads.wordpress.org/theme/creative-blogger.0.2.5.zip,"2024-12-04 07:43:49",https://wordpress.org/themes/creative-blogger/,5.0,5.6
creative-one-page,"Creative One Page",0.7.2,0.7.1,https://downloads.wordpress.org/theme/creative-one-page.0.7.2.zip,"2024-12-04 08:30:20",https://wordpress.org/themes/creative-one-page/,5.0,7.2
ecommerce-solution,"Ecommerce Solution",1.5,1.4.9,https://downloads.wordpress.org/theme/ecommerce-solution.1.5.zip,"2024-12-04 08:36:54",https://wordpress.org/themes/ecommerce-solution/,5.0,7.2
kindergarten-education,"Kindergarten Education",1.5.2,1.5.1,https://downloads.wordpress.org/theme/kindergarten-education.1.5.2.zip,"2024-12-04 08:33:09",https://wordpress.org/themes/kindergarten-education/,5.0,7.2
learnpress-coaching,"LearnPress Coaching",0.6.9,0.6.8,https://downloads.wordpress.org/theme/learnpress-coaching.0.6.9.zip,"2024-12-04 08:33:48",https://wordpress.org/themes/learnpress-coaching/,5.0,7.2
ona-studio,"Ona Studio",1.0.0,0.1,https://downloads.wordpress.org/theme/ona-studio.1.0.0.zip,"2024-12-04 08:27:09",https://wordpress.org/themes/ona-studio/,5.8,5.6
ona,Ona,1.22.8,1.22.7,https://downloads.wordpress.org/theme/ona.1.22.8.zip,"2024-12-04 08:10:45",https://wordpress.org/themes/ona/,5.8,5.6
real-estate-broker,"Real Estate Broker",0.6.5,0.6.4,https://downloads.wordpress.org/theme/real-estate-broker.0.6.5.zip,"2024-12-04 08:35:24",https://wordpress.org/themes/real-estate-broker/,5.0,7.2
real-estate-realtor,"Real Estate Realtor",0.8.2,0.8.1,https://downloads.wordpress.org/theme/real-estate-realtor.0.8.2.zip,"2024-12-04 08:34:43",https://wordpress.org/themes/real-estate-realtor/,5.0,7.2
simppple,Simppple,1.2.1,1.1.3,https://downloads.wordpress.org/theme/simppple.1.2.1.zip,"2024-12-04 07:52:24",https://wordpress.org/themes/simppple/,6.5,7.4
swimwear-shop,"Swimwear Shop",0.2.7,0.2.6,https://downloads.wordpress.org/theme/swimwear-shop.0.2.7.zip,"2024-12-04 07:44:20",https://wordpress.org/themes/swimwear-shop/,5.0,5.6
the-computer-repair,"The Computer Repair",1.3.1,1.3,https://downloads.wordpress.org/theme/the-computer-repair.1.3.1.zip,"2024-12-04 08:24:59",https://wordpress.org/themes/the-computer-repair/,5.0,7.2
videography-studio,"Videography Studio",0.6.9,0.6.8,https://downloads.wordpress.org/theme/videography-studio.0.6.9.zip,"2024-12-04 07:44:29",https://wordpress.org/themes/videography-studio/,5.0,5.6
vw-dentist,"VW Dentist",1.3.2,1.3.1,https://downloads.wordpress.org/theme/vw-dentist.1.3.2.zip,"2024-12-04 08:25:40",https://wordpress.org/themes/vw-dentist/,5.0,7.2
vw-hotel,"VW Hotel",1.2,1.1.9,https://downloads.wordpress.org/theme/vw-hotel.1.2.zip,"2024-12-04 08:26:15",https://wordpress.org/themes/vw-hotel/,5.0,7.2
vw-landing-page,"VW Landing Page",1.2.7,1.2.6,https://downloads.wordpress.org/theme/vw-landing-page.1.2.7.zip,"2024-12-04 08:26:48",https://wordpress.org/themes/vw-landing-page/,5.0,7.2
vw-maintenance-services,"VW Maintenance Services",1.3.8,1.3.7,https://downloads.wordpress.org/theme/vw-maintenance-services.1.3.8.zip,"2024-12-04 08:27:17",https://wordpress.org/themes/vw-maintenance-services/,5.0,7.2
coupons-deals,"Coupons Deals",0.7.1,0.7,https://downloads.wordpress.org/theme/coupons-deals.0.7.1.zip,"2024-12-04 08:37:57",https://wordpress.org/themes/coupons-deals/,5.0,7.2
shopping-solution,"Shopping Solution",0.6.9,0.6.8,https://downloads.wordpress.org/theme/shopping-solution.0.6.9.zip,"2024-12-04 08:37:17",https://wordpress.org/themes/shopping-solution/,5.0,7.2
estore,eStore,1.6.6,1.6.5,https://downloads.wordpress.org/theme/estore.1.6.6.zip,"2024-12-04 10:10:04",https://wordpress.org/themes/estore/,,7.4
saaslauncher,SaasLauncher,1.0.14,1.0.12,https://downloads.wordpress.org/theme/saaslauncher.1.0.14.zip,"2024-12-04 10:15:00",https://wordpress.org/themes/saaslauncher/,5.9,7.0
spacious,Spacious,1.9.8,1.9.7,https://downloads.wordpress.org/theme/spacious.1.9.8.zip,"2024-12-04 10:06:00",https://wordpress.org/themes/spacious/,,7.4
tutorstarter,TutorStarter,3.0.1,3.0.0,https://downloads.wordpress.org/theme/tutorstarter.3.0.1.zip,"2024-12-04 09:41:50",https://wordpress.org/themes/tutorstarter/,,7.4
fitness-exercise-hub,"Fitness Exercise Hub",4.0,3.9,https://downloads.wordpress.org/theme/fitness-exercise-hub.4.0.zip,"2024-12-04 10:37:55",https://wordpress.org/themes/fitness-exercise-hub/,5.0,5.6
health-care-hospital,"Health Care Hospital",3.9,3.8,https://downloads.wordpress.org/theme/health-care-hospital.3.9.zip,"2024-12-04 10:38:28",https://wordpress.org/themes/health-care-hospital/,5.0,5.6
home-renovation-agency,"Home Renovation Agency",1.3,1.2,https://downloads.wordpress.org/theme/home-renovation-agency.1.3.zip,"2024-12-04 10:39:10",https://wordpress.org/themes/home-renovation-agency/,5.0,5.6
laboratory-pharmacy-store,"Laboratory Pharmacy Store",3.9,3.8,https://downloads.wordpress.org/theme/laboratory-pharmacy-store.3.9.zip,"2024-12-04 10:39:41",https://wordpress.org/themes/laboratory-pharmacy-store/,5.0,5.6
medical-medicare,"Medical Medicare",3.6,3.5,https://downloads.wordpress.org/theme/medical-medicare.3.6.zip,"2024-12-04 10:40:24",https://wordpress.org/themes/medical-medicare/,5.0,5.6
modern-furniture-store,"Modern Furniture Store",1.8,1.7,https://downloads.wordpress.org/theme/modern-furniture-store.1.8.zip,"2024-12-04 10:40:59",https://wordpress.org/themes/modern-furniture-store/,5.0,5.6
online-pharmacy,"Online Pharmacy",5.0.8,5.0.7,https://downloads.wordpress.org/theme/online-pharmacy.5.0.8.zip,"2024-12-04 10:41:37",https://wordpress.org/themes/online-pharmacy/,5.0.1,5.6
pharmacy-shop,"Pharmacy Shop",2.9,2.8,https://downloads.wordpress.org/theme/pharmacy-shop.2.9.zip,"2024-12-04 10:42:12",https://wordpress.org/themes/pharmacy-shop/,5.0,5.6
storely,Storely,15.1,15.0,https://downloads.wordpress.org/theme/storely.15.1.zip,"2024-12-04 11:24:55",https://wordpress.org/themes/storely/,4.7,5.6
web-graphic-designer,"Web Graphic Designer",1.5,1.4,https://downloads.wordpress.org/theme/web-graphic-designer.1.5.zip,"2024-12-04 10:42:49",https://wordpress.org/themes/web-graphic-designer/,5.0,5.6
altra,Altra,1.0.82,1.0.81,https://downloads.wordpress.org/theme/altra.1.0.82.zip,"2024-12-04 12:08:15",https://wordpress.org/themes/altra/,4.7,5.6
aromatic,Aromatic,15.3,15.1,https://downloads.wordpress.org/theme/aromatic.15.3.zip,"2024-12-04 11:28:29",https://wordpress.org/themes/aromatic/,4.7,5.6
atrux,Atrux,1.0.65,1.0.64,https://downloads.wordpress.org/theme/atrux.1.0.65.zip,"2024-12-04 12:10:26",https://wordpress.org/themes/atrux/,4.7,5.6
atua,Atua,1.0.96,1.0.95,https://downloads.wordpress.org/theme/atua.1.0.96.zip,"2024-12-04 12:07:53",https://wordpress.org/themes/atua/,4.7,5.6
atus,Atus,1.0.77,1.0.76,https://downloads.wordpress.org/theme/atus.1.0.77.zip,"2024-12-04 12:09:20",https://wordpress.org/themes/atus/,4.7,5.6
atuvi,Atuvi,1.0.27,1.0.26,https://downloads.wordpress.org/theme/atuvi.1.0.27.zip,"2024-12-04 12:11:33",https://wordpress.org/themes/atuvi/,4.7,5.6
atuxa,Atuxa,1.0.32,1.0.31,https://downloads.wordpress.org/theme/atuxa.1.0.32.zip,"2024-12-04 12:11:10",https://wordpress.org/themes/atuxa/,4.7,5.6
avvy,Avvy,1.0.79,1.0.78,https://downloads.wordpress.org/theme/avvy.1.0.79.zip,"2024-12-04 12:08:58",https://wordpress.org/themes/avvy/,4.7,5.6
ayroma,Ayroma,14.8,14.6,https://downloads.wordpress.org/theme/ayroma.14.8.zip,"2024-12-04 11:27:40",https://wordpress.org/themes/ayroma/,4.7,5.6
bakery-cafe,"Bakery Cafe",4.8,4.7,https://downloads.wordpress.org/theme/bakery-cafe.4.8.zip,"2024-12-04 11:42:07",https://wordpress.org/themes/bakery-cafe/,5.0,7.2
call-center-bpo,"Call Center BPO",4.1,4.0,https://downloads.wordpress.org/theme/call-center-bpo.4.1.zip,"2024-12-04 11:36:34",https://wordpress.org/themes/call-center-bpo/,5.0,7.2
dark-photography,"Dark Photography",4.5,4.4,https://downloads.wordpress.org/theme/dark-photography.4.5.zip,"2024-12-04 11:47:40",https://wordpress.org/themes/dark-photography/,5.0,7.2
ecommerce-zone,"Ecommerce Zone",0.8.1,0.8,https://downloads.wordpress.org/theme/ecommerce-zone.0.8.1.zip,"2024-12-04 12:52:35",https://wordpress.org/themes/ecommerce-zone/,5.0,7.2
express-store,"Express Store",10.9,10.7,https://downloads.wordpress.org/theme/express-store.10.9.zip,"2024-12-04 11:27:24",https://wordpress.org/themes/express-store/,,5.6
fashion-blogs,"Fashion Blogs",0.4.2,0.4.1,https://downloads.wordpress.org/theme/fashion-blogs.0.4.2.zip,"2024-12-04 12:52:02",https://wordpress.org/themes/fashion-blogs/,5.0,7.2
feauty,Feauty,14.7,14.6,https://downloads.wordpress.org/theme/feauty.14.7.zip,"2024-12-04 11:32:31",https://wordpress.org/themes/feauty/,4.7,5.6
flexea,Flexea,1.0.67,1.0.66,https://downloads.wordpress.org/theme/flexea.1.0.67.zip,"2024-12-04 12:10:04",https://wordpress.org/themes/flexea/,4.7,5.6
flexeo,Flexeo,1.0.86,1.0.85,https://downloads.wordpress.org/theme/flexeo.1.0.86.zip,"2024-12-04 12:08:37",https://wordpress.org/themes/flexeo/,4.7,5.6
flexi-mart,"Flexi Mart",1.9,1.8,https://downloads.wordpress.org/theme/flexi-mart.1.9.zip,"2024-12-04 11:32:11",https://wordpress.org/themes/flexi-mart/,,5.6
flexina,Flexina,1.0.19,1.0.18,https://downloads.wordpress.org/theme/flexina.1.0.19.zip,"2024-12-04 12:11:55",https://wordpress.org/themes/flexina/,4.7,5.6
flossy,Flossy,7.1,7.0,https://downloads.wordpress.org/theme/flossy.7.1.zip,"2024-12-04 11:31:52",https://wordpress.org/themes/flossy/,4.7,5.6
flow-store,"Flow Store",3.0,2.9,https://downloads.wordpress.org/theme/flow-store.3.0.zip,"2024-12-04 11:29:36",https://wordpress.org/themes/flow-store/,,5.6
fluxa,Fluxa,1.0.51,1.0.50,https://downloads.wordpress.org/theme/fluxa.1.0.51.zip,"2024-12-04 12:10:47",https://wordpress.org/themes/fluxa/,4.7,5.6
garden-landscaping-coach,"Garden Landscaping Coach",0.2.3,0.2.2,https://downloads.wordpress.org/theme/garden-landscaping-coach.0.2.3.zip,"2024-12-04 12:36:09",https://wordpress.org/themes/garden-landscaping-coach/,,5.6
gardener-lite,"Gardener Lite",0.4.5,0.4.4,https://downloads.wordpress.org/theme/gardener-lite.0.4.5.zip,"2024-12-04 12:49:56",https://wordpress.org/themes/gardener-lite/,5.0,7.2
newsblogger,NewsBlogger,0.1.7.4,0.1.7.3,https://downloads.wordpress.org/theme/newsblogger.0.1.7.4.zip,"2024-12-04 12:51:26",https://wordpress.org/themes/newsblogger/,4.5,5.6
newscrunch,Newscrunch,1.7.3.4,1.7.3.3,https://downloads.wordpress.org/theme/newscrunch.1.7.3.4.zip,"2024-12-04 12:50:58",https://wordpress.org/themes/newscrunch/,4.5,5.6
nonprofit-organization,"Nonprofit Organization",4.3,4.2,https://downloads.wordpress.org/theme/nonprofit-organization.4.3.zip,"2024-12-04 11:45:49",https://wordpress.org/themes/nonprofit-organization/,5.0,7.2
pest-control-lite,"Pest Control Lite",4.3,4.2,https://downloads.wordpress.org/theme/pest-control-lite.4.3.zip,"2024-12-04 11:40:37",https://wordpress.org/themes/pest-control-lite/,5.0,7.2
professional-cleaning-company,"Professional Cleaning Company",4.3,4.2,https://downloads.wordpress.org/theme/professional-cleaning-company.4.3.zip,"2024-12-04 11:41:28",https://wordpress.org/themes/professional-cleaning-company/,5.0,7.2
professional-cv-resume,"Professional CV Resume",4.3,4.2,https://downloads.wordpress.org/theme/professional-cv-resume.4.3.zip,"2024-12-04 11:39:08",https://wordpress.org/themes/professional-cv-resume/,5.0,7.2
professional-video-vlogger,"Professional Video Vlogger",3.9,3.8,https://downloads.wordpress.org/theme/professional-video-vlogger.3.9.zip,"2024-12-04 11:37:51",https://wordpress.org/themes/professional-video-vlogger/,5.0,7.2
psychologist-therapy,"Psychologist Therapy",4.4,4.3,https://downloads.wordpress.org/theme/psychologist-therapy.4.4.zip,"2024-12-04 11:48:18",https://wordpress.org/themes/psychologist-therapy/,5.0,7.2
realestate-agent,"Realestate Agent",4.1,4.0,https://downloads.wordpress.org/theme/realestate-agent.4.1.zip,"2024-12-04 11:44:07",https://wordpress.org/themes/realestate-agent/,5.0,7.2
restaurant-food-delivery,"Restaurant Food Delivery",4.7,4.6,https://downloads.wordpress.org/theme/restaurant-food-delivery.4.7.zip,"2024-12-04 11:49:38",https://wordpress.org/themes/restaurant-food-delivery/,5.0,7.2
retailsy,Retailsy,14.6,14.5,https://downloads.wordpress.org/theme/retailsy.14.6.zip,"2024-12-04 11:29:16",https://wordpress.org/themes/retailsy/,4.7,5.6
seo-marketing-expert,"SEO Marketing Expert",4.4,4.3,https://downloads.wordpress.org/theme/seo-marketing-expert.4.4.zip,"2024-12-04 11:44:42",https://wordpress.org/themes/seo-marketing-expert/,5.0,7.2
shopient,Shopient,14.7,14.6,https://downloads.wordpress.org/theme/shopient.14.7.zip,"2024-12-04 11:26:26",https://wordpress.org/themes/shopient/,4.7,5.6
shopiva,Shopiva,14.7,14.6,https://downloads.wordpress.org/theme/shopiva.14.7.zip,"2024-12-04 11:26:06",https://wordpress.org/themes/shopiva/,4.7,5.6
shoply,Shoply,14.8,14.7,https://downloads.wordpress.org/theme/shoply.14.8.zip,"2024-12-04 11:25:48",https://wordpress.org/themes/shoply/,4.7,5.6
storefit,Storefit,9.4,9.3,https://downloads.wordpress.org/theme/storefit.9.4.zip,"2024-12-04 11:28:46",https://wordpress.org/themes/storefit/,,5.6
storess,Storess,14.7,14.6,https://downloads.wordpress.org/theme/storess.14.7.zip,"2024-12-04 11:27:07",https://wordpress.org/themes/storess/,4.7,5.6
storezia,Storezia,14.8,14.7,https://downloads.wordpress.org/theme/storezia.14.8.zip,"2024-12-04 11:26:43",https://wordpress.org/themes/storezia/,4.7,5.6
supermarket-zone,"Supermarket Zone",2.3.2,2.3.1,https://downloads.wordpress.org/theme/supermarket-zone.2.3.2.zip,"2024-12-04 12:49:04",https://wordpress.org/themes/supermarket-zone/,5.0,7.2
transcargo-transportation,"Transcargo Transportation",3.6,3.5,https://downloads.wordpress.org/theme/transcargo-transportation.3.6.zip,"2024-12-04 11:37:06",https://wordpress.org/themes/transcargo-transportation/,5.0,7.2
wine-shop,"Wine Shop",0.2.3,0.2.2,https://downloads.wordpress.org/theme/wine-shop.0.2.3.zip,"2024-12-04 12:35:12",https://wordpress.org/themes/wine-shop/,,5.6
woodworking-carpenter,"Woodworking Carpenter",4.7,4.6,https://downloads.wordpress.org/theme/woodworking-carpenter.4.7.zip,"2024-12-04 11:50:15",https://wordpress.org/themes/woodworking-carpenter/,5.0,7.2
inversum,Inversum,1.2,1.1,https://downloads.wordpress.org/theme/inversum.1.2.zip,"2024-12-04 13:26:40",https://wordpress.org/themes/inversum/,6.0,5.7
massimo,Massimo,1.0.1,1.0.0,https://downloads.wordpress.org/theme/massimo.1.0.1.zip,"2024-12-04 13:31:41",https://wordpress.org/themes/massimo/,5.8,5.7
mymenu,MyMenu,1.0.4,1.0.3,https://downloads.wordpress.org/theme/mymenu.1.0.4.zip,"2024-12-04 13:36:41",https://wordpress.org/themes/mymenu/,6.0,5.7
specials,Specials,1.0.2,1.0.1,https://downloads.wordpress.org/theme/specials.1.0.2.zip,"2024-12-04 13:46:41",https://wordpress.org/themes/specials/,6.0,5.7
centralnews,CentralNews,2.0.18,2.0.17,https://downloads.wordpress.org/theme/centralnews.2.0.18.zip,"2024-12-04 14:53:52",https://wordpress.org/themes/centralnews/,5.3,5.6
globalnews,GlobalNews,1.0.7,1.0.6,https://downloads.wordpress.org/theme/globalnews.1.0.7.zip,"2024-12-04 14:53:32",https://wordpress.org/themes/globalnews/,5.3,5.6
newsmore,NewsMore,1.2.13,1.2.12,https://downloads.wordpress.org/theme/newsmore.1.2.13.zip,"2024-12-04 14:53:11",https://wordpress.org/themes/newsmore/,5.3,5.6
acronix,Acronix,1.3.6,1.3.5,https://downloads.wordpress.org/theme/acronix.1.3.6.zip,"2024-12-04 17:26:50",https://wordpress.org/themes/acronix/,,5.6
aera,Aera,11.2,11.1,https://downloads.wordpress.org/theme/aera.11.2.zip,"2024-12-04 17:27:13",https://wordpress.org/themes/aera/,4.7,5.6
ameya,Ameya,11.1,11.0,https://downloads.wordpress.org/theme/ameya.11.1.zip,"2024-12-04 17:27:58",https://wordpress.org/themes/ameya/,4.7,5.6
arbuda,Arbuda,11.0,10.9,https://downloads.wordpress.org/theme/arbuda.11.0.zip,"2024-12-04 17:24:59",https://wordpress.org/themes/arbuda/,4.7,5.6
belltech,Belltech,11.0,10.9,https://downloads.wordpress.org/theme/belltech.11.0.zip,"2024-12-04 17:28:22",https://wordpress.org/themes/belltech/,4.7,5.6
builderse,Builderse,9.4,9.3,https://downloads.wordpress.org/theme/builderse.9.4.zip,"2024-12-04 17:25:21",https://wordpress.org/themes/builderse/,4.7,5.6
eractor,Eractor,9.0,8.9,https://downloads.wordpress.org/theme/eractor.9.0.zip,"2024-12-04 17:25:46",https://wordpress.org/themes/eractor/,4.7,5.6
fiona-food,"Fiona Food",11.2,11.1,https://downloads.wordpress.org/theme/fiona-food.11.2.zip,"2024-12-04 17:26:22",https://wordpress.org/themes/fiona-food/,4.7,5.6
museo,Museo,1.4.0,1.3.1,https://downloads.wordpress.org/theme/museo.1.4.0.zip,"2024-12-04 17:27:07",https://wordpress.org/themes/museo/,,7.4
startbiz,StartBiz,12.0,11.9,https://downloads.wordpress.org/theme/startbiz.12.0.zip,"2024-12-04 17:29:03",https://wordpress.org/themes/startbiz/,4.7,5.6
varuda,Varuda,11.1,11.0,https://downloads.wordpress.org/theme/varuda.11.1.zip,"2024-12-04 17:29:25",https://wordpress.org/themes/varuda/,4.7,5.6
bradbury,Bradbury,2.2.0,2.1.4,https://downloads.wordpress.org/theme/bradbury.2.2.0.zip,"2024-12-04 18:12:38",https://wordpress.org/themes/bradbury/,,7.4
milton-lite,"Milton Lite",1.3.0,1.2.2,https://downloads.wordpress.org/theme/milton-lite.1.3.0.zip,"2024-12-04 17:49:28",https://wordpress.org/themes/milton-lite/,,7.4
hello-biz,"Hello Biz",0.0.6,0.0.5,https://downloads.wordpress.org/theme/hello-biz.0.0.6.zip,"2024-12-04 19:32:27",https://wordpress.org/themes/hello-biz/,6.0,7.4
siteorigin-north,"SiteOrigin North",1.20.8,1.20.7,https://downloads.wordpress.org/theme/siteorigin-north.1.20.8.zip,"2024-12-04 19:40:32",https://wordpress.org/themes/siteorigin-north/,4.7,7.0.0
air-light,Air-light,9.4.7,9.4.6,https://downloads.wordpress.org/theme/air-light.9.4.7.zip,"2024-12-04 20:35:03",https://wordpress.org/themes/air-light/,,8.3
flixita,Flixita,1.0.84,1.0.83,https://downloads.wordpress.org/theme/flixita.1.0.84.zip,"2024-12-05 03:09:23",https://wordpress.org/themes/flixita/,,5.4
alexia,Alexia,1.0.54,1.0.53,https://downloads.wordpress.org/theme/alexia.1.0.54.zip,"2024-12-05 03:11:03",https://wordpress.org/themes/alexia/,,5.4
alvert,Alvert,1.0.16,1.0.15,https://downloads.wordpress.org/theme/alvert.1.0.16.zip,"2024-12-05 03:29:55",https://wordpress.org/themes/alvert/,,5.4
arvila,Arvila,1.0.49,1.0.48,https://downloads.wordpress.org/theme/arvila.1.0.49.zip,"2024-12-05 03:12:01",https://wordpress.org/themes/arvila/,,5.4
avine,Avine,1.0.43,1.0.42,https://downloads.wordpress.org/theme/avine.1.0.43.zip,"2024-12-05 03:17:20",https://wordpress.org/themes/avine/,,5.4
avinza,Avinza,1.0.5,1.0.4,https://downloads.wordpress.org/theme/avinza.1.0.5.zip,"2024-12-05 03:30:38",https://wordpress.org/themes/avinza/,,5.4
avire,Avire,1.0.33,1.0.32,https://downloads.wordpress.org/theme/avire.1.0.33.zip,"2024-12-05 03:18:57",https://wordpress.org/themes/avire/,,5.4
enovia,Enovia,1.0.41,1.0.40,https://downloads.wordpress.org/theme/enovia.1.0.41.zip,"2024-12-05 03:18:01",https://wordpress.org/themes/enovia/,,5.4
flecto,Flecto,1.0.28,1.0.27,https://downloads.wordpress.org/theme/flecto.1.0.28.zip,"2024-12-05 03:20:44",https://wordpress.org/themes/flecto/,,5.4
flixicart,FlixiCart,1.0.61,1.0.60,https://downloads.wordpress.org/theme/flixicart.1.0.61.zip,"2024-12-05 03:10:07",https://wordpress.org/themes/flixicart/,,5.4
flixify,Flixify,1.0.31,1.0.30,https://downloads.wordpress.org/theme/flixify.1.0.31.zip,"2024-12-05 03:19:53",https://wordpress.org/themes/flixify/,,5.4
multibiz,MultiBiz,1.0.46,1.0.45,https://downloads.wordpress.org/theme/multibiz.1.0.46.zip,"2024-12-05 03:12:56",https://wordpress.org/themes/multibiz/,,5.4
quickbiz,QuickBiz,1.0.23,1.0.22,https://downloads.wordpress.org/theme/quickbiz.1.0.23.zip,"2024-12-05 03:27:04",https://wordpress.org/themes/quickbiz/,,5.4
quickify,Quickify,1.0.11,1.0.10,https://downloads.wordpress.org/theme/quickify.1.0.11.zip,"2024-12-05 03:29:09",https://wordpress.org/themes/quickify/,,5.4
markito,Markito,1.0.19,1.0.18,https://downloads.wordpress.org/theme/markito.1.0.19.zip,"2024-12-05 04:26:16",https://wordpress.org/themes/markito/,,5.6
dog-groomer,"Dog Groomer",1.4,1.3,https://downloads.wordpress.org/theme/dog-groomer.1.4.zip,"2024-12-05 04:40:05",https://wordpress.org/themes/dog-groomer/,,7.0
plumber-workshop,"Plumber Workshop",1.4,1.3,https://downloads.wordpress.org/theme/plumber-workshop.1.4.zip,"2024-12-05 04:41:00",https://wordpress.org/themes/plumber-workshop/,,7.0
prime-cleaning-services,"Prime Cleaning Services",1.3,1.2,https://downloads.wordpress.org/theme/prime-cleaning-services.1.3.zip,"2024-12-05 04:42:06",https://wordpress.org/themes/prime-cleaning-services/,,7.0
prime-ecommerce-shop,"Prime Ecommerce Shop",1.3,1.2,https://downloads.wordpress.org/theme/prime-ecommerce-shop.1.3.zip,"2024-12-05 04:42:43",https://wordpress.org/themes/prime-ecommerce-shop/,,7.0
prime-portfolio-resume,"Prime Portfolio Resume",1.8,1.7,https://downloads.wordpress.org/theme/prime-portfolio-resume.1.8.zip,"2024-12-05 04:43:18",https://wordpress.org/themes/prime-portfolio-resume/,,7.2
legacy-book-club,"Legacy Book Club",1.1,,https://downloads.wordpress.org/theme/legacy-book-club.1.1.zip,"2024-12-05 04:41:49",https://wordpress.org/themes/legacy-book-club/,5.5,5.6
auto-car-repair,"Auto Car Repair",0.1.3,0.1.2,https://downloads.wordpress.org/theme/auto-car-repair.0.1.3.zip,"2024-12-05 06:12:28",https://wordpress.org/themes/auto-car-repair/,5.0,5.6
books-printing,"Books Printing",0.2.4,0.2.3,https://downloads.wordpress.org/theme/books-printing.0.2.4.zip,"2024-12-05 06:12:50",https://wordpress.org/themes/books-printing/,5.0,5.6
coming-soon-shortly,"Coming Soon Shortly",0.1.2,0.1.1,https://downloads.wordpress.org/theme/coming-soon-shortly.0.1.2.zip,"2024-12-05 06:13:28",https://wordpress.org/themes/coming-soon-shortly/,5.0,5.6
cyber-security-elementor,"Cyber Security Elementor",0.1.1,0.0.9,https://downloads.wordpress.org/theme/cyber-security-elementor.0.1.1.zip,"2024-12-05 06:14:04",https://wordpress.org/themes/cyber-security-elementor/,5.0,5.6
event-organizer-elemento,"Event Organizer Elemento",0.1.7,0.1.6,https://downloads.wordpress.org/theme/event-organizer-elemento.0.1.7.zip,"2024-12-05 06:14:55",https://wordpress.org/themes/event-organizer-elemento/,5.0,5.6
fast-food-delivery,"Fast Food Delivery",0.1.2,0.1.1,https://downloads.wordpress.org/theme/fast-food-delivery.0.1.2.zip,"2024-12-05 06:15:37",https://wordpress.org/themes/fast-food-delivery/,5.0,5.6
lms-education-elementor,"LMS Education Elementor",0.3.1,0.3,https://downloads.wordpress.org/theme/lms-education-elementor.0.3.1.zip,"2024-12-05 06:15:59",https://wordpress.org/themes/lms-education-elementor/,5.0,5.6
property-listing-elementor,"Property Listing Elementor",0.1.1,0.0.9,https://downloads.wordpress.org/theme/property-listing-elementor.0.1.1.zip,"2024-12-05 06:16:30",https://wordpress.org/themes/property-listing-elementor/,5.0,5.6
ac-repairing-services,"AC Repairing Services",0.2.4,0.2.3,https://downloads.wordpress.org/theme/ac-repairing-services.0.2.4.zip,"2024-12-05 06:59:50",https://wordpress.org/themes/ac-repairing-services/,5.0,7.2
advance-it-company,"Advance IT Company",1.1.9,1.1.8,https://downloads.wordpress.org/theme/advance-it-company.1.1.9.zip,"2024-12-05 07:07:24",https://wordpress.org/themes/advance-it-company/,5.0,7.2
advance-portfolio,"Advance Portfolio",1.0.7,1.0.6,https://downloads.wordpress.org/theme/advance-portfolio.1.0.7.zip,"2024-12-05 07:07:54",https://wordpress.org/themes/advance-portfolio/,5.0,7.2
book-publisher-agency,"Book Publisher Agency",0.2.5,0.2.4,https://downloads.wordpress.org/theme/book-publisher-agency.0.2.5.zip,"2024-12-05 07:00:18",https://wordpress.org/themes/book-publisher-agency/,5.0,7.2
commercial-automation-services,"Commercial Automation Services",0.1.6,0.1.5,https://downloads.wordpress.org/theme/commercial-automation-services.0.1.6.zip,"2024-12-05 07:00:51",https://wordpress.org/themes/commercial-automation-services/,5.0,7.2
courier-services,"Courier Services",0.2.2,0.2.1,https://downloads.wordpress.org/theme/courier-services.0.2.2.zip,"2024-12-05 07:06:49",https://wordpress.org/themes/courier-services/,5.0,7.2
ecommerce-watch-store,"Ecommerce Watch Store",0.3.4,0.3.3,https://downloads.wordpress.org/theme/ecommerce-watch-store.0.3.4.zip,"2024-12-05 07:02:28",https://wordpress.org/themes/ecommerce-watch-store/,5.0,7.2
electronics-marketplace,"Electronics Marketplace",0.6.4,0.6.3,https://downloads.wordpress.org/theme/electronics-marketplace.0.6.4.zip,"2024-12-05 07:12:09",https://wordpress.org/themes/electronics-marketplace/,5.0,7.2
enigma-parallax,"Enigma Parallax",7.69,7.68,https://downloads.wordpress.org/theme/enigma-parallax.7.69.zip,"2024-12-05 06:48:33",https://wordpress.org/themes/enigma-parallax/,,7.4
event-management,"Event Management",0.7,0.6.9,https://downloads.wordpress.org/theme/event-management.0.7.zip,"2024-12-05 07:13:15",https://wordpress.org/themes/event-management/,5.0,7.2
lawyer-lite,"Lawyer Lite",1.2.7,1.2.6,https://downloads.wordpress.org/theme/lawyer-lite.1.2.7.zip,"2024-12-05 07:08:37",https://wordpress.org/themes/lawyer-lite/,5.0,7.2
perfect-blog,"Perfect Blog",1.2.3,1.2.2,https://downloads.wordpress.org/theme/perfect-blog.1.2.3.zip,"2024-12-05 07:09:20",https://wordpress.org/themes/perfect-blog/,5.0,7.2
perfect-blogging,"Perfect Blogging",0.7.4,0.7.3,https://downloads.wordpress.org/theme/perfect-blogging.0.7.4.zip,"2024-12-05 07:09:45",https://wordpress.org/themes/perfect-blogging/,5.0,7.2
pest-control-treatment,"Pest Control Treatment",0.2.2,0.2.1,https://downloads.wordpress.org/theme/pest-control-treatment.0.2.2.zip,"2024-12-05 07:04:36",https://wordpress.org/themes/pest-control-treatment/,5.0,7.2
reseller-store,"Reseller Store",0.2,0.1.9,https://downloads.wordpress.org/theme/reseller-store.0.2.zip,"2024-12-05 07:03:07",https://wordpress.org/themes/reseller-store/,5.0,7.2
simppple,Simppple,1.2.2,1.2.1,https://downloads.wordpress.org/theme/simppple.1.2.2.zip,"2024-12-05 06:48:08",https://wordpress.org/themes/simppple/,6.5,7.4
summer-camp,"Summer Camp",0.2.6,0.2.5,https://downloads.wordpress.org/theme/summer-camp.0.2.6.zip,"2024-12-05 07:03:53",https://wordpress.org/themes/summer-camp/,5.0,7.2
transport-movers,"Transport Movers",1.4.8,1.4.7,https://downloads.wordpress.org/theme/transport-movers.1.4.8.zip,"2024-12-05 07:14:54",https://wordpress.org/themes/transport-movers/,5.0,7.2
vw-business-lounge,"VW Business Lounge",0.2.6,0.2.5,https://downloads.wordpress.org/theme/vw-business-lounge.0.2.6.zip,"2024-12-05 07:01:50",https://wordpress.org/themes/vw-business-lounge/,5.0,7.2
adventure-trails,"Adventure Trails",1.5.1,1.5.0,https://downloads.wordpress.org/theme/adventure-trails.1.5.1.zip,"2024-12-05 08:00:22",https://wordpress.org/themes/adventure-trails/,,7.0
adventure-travelling,"Adventure Travelling",3.8,3.7,https://downloads.wordpress.org/theme/adventure-travelling.3.8.zip,"2024-12-05 08:18:13",https://wordpress.org/themes/adventure-travelling/,5.0,5.6
anime-verse,"Anime Verse",1.0.7,1.0.6,https://downloads.wordpress.org/theme/anime-verse.1.0.7.zip,"2024-12-05 08:06:41",https://wordpress.org/themes/anime-verse/,,7.0
birthday-blast,"Birthday Blast",1.2.0,1.1.9,https://downloads.wordpress.org/theme/birthday-blast.1.2.0.zip,"2024-12-05 08:12:47",https://wordpress.org/themes/birthday-blast/,,7.0
ca-beauty-ecommerce,"CA Beauty Ecommerce",1.3.5,1.3.4,https://downloads.wordpress.org/theme/ca-beauty-ecommerce.1.3.5.zip,"2024-12-05 08:16:04",https://wordpress.org/themes/ca-beauty-ecommerce/,,7.0
ca-biz-startup,"CA Biz Startup",1.5.2,1.5.1,https://downloads.wordpress.org/theme/ca-biz-startup.1.5.2.zip,"2024-12-05 08:18:57",https://wordpress.org/themes/ca-biz-startup/,,7.0
ca-charity-hope,"CA Charity Hope",1.5.5,1.5.4,https://downloads.wordpress.org/theme/ca-charity-hope.1.5.5.zip,"2024-12-05 08:23:04",https://wordpress.org/themes/ca-charity-hope/,,7.0
cat-ecommerce,"Cat Ecommerce",1.2.4,1.2.3,https://downloads.wordpress.org/theme/cat-ecommerce.1.2.4.zip,"2024-12-05 08:28:04",https://wordpress.org/themes/cat-ecommerce/,,7.0
cinematic-photographer,"Cinematic Photographer",1.5,1.4,https://downloads.wordpress.org/theme/cinematic-photographer.1.5.zip,"2024-12-05 08:18:53",https://wordpress.org/themes/cinematic-photographer/,5.0,5.6
delight-bakery,"Delight Bakery",1.1.3,1.1.2,https://downloads.wordpress.org/theme/delight-bakery.1.1.3.zip,"2024-12-05 08:31:15",https://wordpress.org/themes/delight-bakery/,,7.0
docupress,DocuPress,1.3.7,1.3.6,https://downloads.wordpress.org/theme/docupress.1.3.7.zip,"2024-12-05 08:35:08",https://wordpress.org/themes/docupress/,,7.2
golf-course,"Golf Course",1.1.9,1.1.8,https://downloads.wordpress.org/theme/golf-course.1.1.9.zip,"2024-12-05 08:20:18",https://wordpress.org/themes/golf-course/,5.0,5.6
law-firm-attorney,"Law Firm Attorney",3.8,3.7,https://downloads.wordpress.org/theme/law-firm-attorney.3.8.zip,"2024-12-05 08:21:16",https://wordpress.org/themes/law-firm-attorney/,5.0,5.6
lawyer-hub,"Lawyer Hub",2.8,2.7,https://downloads.wordpress.org/theme/lawyer-hub.2.8.zip,"2024-12-05 08:21:58",https://wordpress.org/themes/lawyer-hub/,5.0,5.6
legal-law-consulting,"Legal Law Consulting",2.0,1.9,https://downloads.wordpress.org/theme/legal-law-consulting.2.0.zip,"2024-12-05 08:23:54",https://wordpress.org/themes/legal-law-consulting/,5.0,5.6
resort-hotel-booking,"Resort Hotel Booking",4.2,4.1,https://downloads.wordpress.org/theme/resort-hotel-booking.4.2.zip,"2024-12-05 08:24:27",https://wordpress.org/themes/resort-hotel-booking/,5.0,5.6
the-tour-operator,"The Tour Operator",6.1,6.0,https://downloads.wordpress.org/theme/the-tour-operator.6.1.zip,"2024-12-05 08:26:00",https://wordpress.org/themes/the-tour-operator/,5.0,5.6
tourism-guide,"Tourism Guide",3.7,3.6,https://downloads.wordpress.org/theme/tourism-guide.3.7.zip,"2024-12-05 08:26:35",https://wordpress.org/themes/tourism-guide/,5.0,5.6
travel-agent,"Travel Agent",4.6,4.5,https://downloads.wordpress.org/theme/travel-agent.4.6.zip,"2024-12-05 08:27:11",https://wordpress.org/themes/travel-agent/,5.0,5.6
travel-hub,"Travel Hub",6.2,6.1,https://downloads.wordpress.org/theme/travel-hub.6.2.zip,"2024-12-05 08:28:13",https://wordpress.org/themes/travel-hub/,5.0,5.6
travel-vlogger,"Travel Vlogger",4.2,4.1,https://downloads.wordpress.org/theme/travel-vlogger.4.2.zip,"2024-12-05 08:29:02",https://wordpress.org/themes/travel-vlogger/,5.0,5.6
appointable,Appointable,10.6,10.5,https://downloads.wordpress.org/theme/appointable.10.6.zip,"2024-12-05 09:26:40",https://wordpress.org/themes/appointable/,4.7,5.6
architect-engineer,"Architect Engineer",2.2.9,2.2.8,https://downloads.wordpress.org/theme/architect-engineer.2.2.9.zip,"2024-12-05 09:27:22",https://wordpress.org/themes/architect-engineer/,5.0,7.2
arkbiz,ArkBiz,10.6,10.5,https://downloads.wordpress.org/theme/arkbiz.10.6.zip,"2024-12-05 09:25:50",https://wordpress.org/themes/arkbiz/,4.7,5.6
bike-rental-shop,"Bike Rental Shop",1.9.2,1.9.1,https://downloads.wordpress.org/theme/bike-rental-shop.1.9.2.zip,"2024-12-05 09:26:36",https://wordpress.org/themes/bike-rental-shop/,5.0,7.2
cartable,Cartable,10.6,10.5,https://downloads.wordpress.org/theme/cartable.10.6.zip,"2024-12-05 09:19:05",https://wordpress.org/themes/cartable/,4.7,5.6
cooking-food-blogger,"Cooking Food Blogger",1.9.2,1.9.1,https://downloads.wordpress.org/theme/cooking-food-blogger.1.9.2.zip,"2024-12-05 09:26:01",https://wordpress.org/themes/cooking-food-blogger/,5.0,7.2
dog-house,"Dog House",1.4.1,1.4.0,https://downloads.wordpress.org/theme/dog-house.1.4.1.zip,"2024-12-05 08:38:25",https://wordpress.org/themes/dog-house/,,7.0
fashion-photography,"Fashion Photography",1.0.0,0.9.9,https://downloads.wordpress.org/theme/fashion-photography.1.0.0.zip,"2024-12-05 09:23:36",https://wordpress.org/themes/fashion-photography/,5.0,7.2
fortify,Fortify,2.6,2.5,https://downloads.wordpress.org/theme/fortify.2.6.zip,"2024-12-05 09:24:07",https://wordpress.org/themes/fortify/,4.7,5.6
heropress,HeroPress,12.6,12.5,https://downloads.wordpress.org/theme/heropress.12.6.zip,"2024-12-05 09:23:14",https://wordpress.org/themes/heropress/,4.7,5.6
hstore,hstore,10.6,10.5,https://downloads.wordpress.org/theme/hstore.10.6.zip,"2024-12-05 09:20:48",https://wordpress.org/themes/hstore/,4.7,5.6
ideate,Ideate,10.6,10.5,https://downloads.wordpress.org/theme/ideate.10.6.zip,"2024-12-05 09:18:43",https://wordpress.org/themes/ideate/,4.7,5.6
laxity,Laxity,10.6,10.5,https://downloads.wordpress.org/theme/laxity.10.6.zip,"2024-12-05 09:18:20",https://wordpress.org/themes/laxity/,4.7,5.6
magzee,MagZee,12.6,12.5,https://downloads.wordpress.org/theme/magzee.12.6.zip,"2024-12-05 09:17:18",https://wordpress.org/themes/magzee/,4.7,5.6
neek,Neek,10.6,10.5,https://downloads.wordpress.org/theme/neek.10.6.zip,"2024-12-05 09:19:25",https://wordpress.org/themes/neek/,4.7,5.6
nifty-lite,"Nifty Lite",12.5,12.4,https://downloads.wordpress.org/theme/nifty-lite.12.5.zip,"2024-12-05 09:16:30",https://wordpress.org/themes/nifty-lite/,4.7,5.6
proficient,Proficient,12.5,12.4,https://downloads.wordpress.org/theme/proficient.12.5.zip,"2024-12-05 09:27:58",https://wordpress.org/themes/proficient/,4.7,5.6
retailer-market,"Retailer Market",2.3,2.2.9,https://downloads.wordpress.org/theme/retailer-market.2.3.zip,"2024-12-05 09:23:06",https://wordpress.org/themes/retailer-market/,5.0,7.2
rockbiz,RockBiz,10.5,10.4,https://downloads.wordpress.org/theme/rockbiz.10.5.zip,"2024-12-05 09:16:06",https://wordpress.org/themes/rockbiz/,4.7,5.6
scelar,Scelar,10.5,10.4,https://downloads.wordpress.org/theme/scelar.10.5.zip,"2024-12-05 09:13:03",https://wordpress.org/themes/scelar/,4.7,5.6
spyropress,SpyroPress,12.5,12.4,https://downloads.wordpress.org/theme/spyropress.12.5.zip,"2024-12-05 09:11:35",https://wordpress.org/themes/spyropress/,4.7,5.6
webstrap,Webstrap,12.5,12.4,https://downloads.wordpress.org/theme/webstrap.12.5.zip,"2024-12-05 09:16:54",https://wordpress.org/themes/webstrap/,4.7,5.6
anamio,Anamio,11.6,11.5,https://downloads.wordpress.org/theme/anamio.11.6.zip,"2024-12-05 09:33:27",https://wordpress.org/themes/anamio/,4.7,5.6
author-book-writer,"Author Book Writer",1.8,1.7,https://downloads.wordpress.org/theme/author-book-writer.1.8.zip,"2024-12-05 09:43:09",https://wordpress.org/themes/author-book-writer/,6.1,5.6
avira,Avira,12.6,12.5,https://downloads.wordpress.org/theme/avira.12.6.zip,"2024-12-05 09:39:13",https://wordpress.org/themes/avira/,4.7,5.6
benzer,Benzer,12.6,12.5,https://downloads.wordpress.org/theme/benzer.12.6.zip,"2024-12-05 09:38:51",https://wordpress.org/themes/benzer/,4.7,5.6
computer-repair-shop,"Computer Repair Shop",0.2.8,0.2.7,https://downloads.wordpress.org/theme/computer-repair-shop.0.2.8.zip,"2024-12-05 10:00:57",https://wordpress.org/themes/computer-repair-shop/,5.0,7.2
daizy,Daizy,10.4,10.3,https://downloads.wordpress.org/theme/daizy.10.4.zip,"2024-12-05 09:32:26",https://wordpress.org/themes/daizy/,4.7,5.6
envitech,Envitech,4.1,4.0,https://downloads.wordpress.org/theme/envitech.4.1.zip,"2024-12-05 09:38:20",https://wordpress.org/themes/envitech/,,7.0
exnova,Exnova,1.9,1.8,https://downloads.wordpress.org/theme/exnova.1.9.zip,"2024-12-05 09:37:01",https://wordpress.org/themes/exnova/,4.7,5.6
fabify,Fabify,12.6,12.5,https://downloads.wordpress.org/theme/fabify.12.6.zip,"2024-12-05 09:35:30",https://wordpress.org/themes/fabify/,4.7,5.6
ferio,Ferio,3.4,3.3,https://downloads.wordpress.org/theme/ferio.3.4.zip,"2024-12-05 09:32:03",https://wordpress.org/themes/ferio/,4.7,5.6
football-academy,"Football Academy",0.1.8,0.1.7,https://downloads.wordpress.org/theme/football-academy.0.1.8.zip,"2024-12-05 10:02:04",https://wordpress.org/themes/football-academy/,5.0,7.2
gruj,Gruj,11.6,11.5,https://downloads.wordpress.org/theme/gruj.11.6.zip,"2024-12-05 09:31:41",https://wordpress.org/themes/gruj/,4.7,5.6
ice-cream-shop,"Ice Cream Shop",0.1.7,0.1.6,https://downloads.wordpress.org/theme/ice-cream-shop.0.1.7.zip,"2024-12-05 10:02:31",https://wordpress.org/themes/ice-cream-shop/,5.0,7.2
kids-learning-toys,"Kids Learning Toys",1.3,1.2,https://downloads.wordpress.org/theme/kids-learning-toys.1.3.zip,"2024-12-05 09:42:36",https://wordpress.org/themes/kids-learning-toys/,6.1,5.6
melissa-portfolio,"Melissa Portfolio",1.2.0,1.1.4,https://downloads.wordpress.org/theme/melissa-portfolio.1.2.0.zip,"2024-12-05 10:13:25",https://wordpress.org/themes/melissa-portfolio/,5.0,5.6
movers-and-packers,"Movers and Packers",0.2.6,0.2.5,https://downloads.wordpress.org/theme/movers-and-packers.0.2.6.zip,"2024-12-05 10:01:29",https://wordpress.org/themes/movers-and-packers/,5.0,7.2
newsberry,NewsBerry,1.0.4,1.0.3,https://downloads.wordpress.org/theme/newsberry.1.0.4.zip,"2024-12-05 10:03:43",https://wordpress.org/themes/newsberry/,5.9,5.6
newsmarks,NewsMarks,1.0.6,1.0.5,https://downloads.wordpress.org/theme/newsmarks.1.0.6.zip,"2024-12-05 10:02:38",https://wordpress.org/themes/newsmarks/,5.9,5.6
ovation-bookstore,"Ovation Bookstore",1.3,1.2,https://downloads.wordpress.org/theme/ovation-bookstore.1.3.zip,"2024-12-05 09:42:05",https://wordpress.org/themes/ovation-bookstore/,6.1,5.6
ovation-car-wash,"Ovation Car Wash",1.3,1.2,https://downloads.wordpress.org/theme/ovation-car-wash.1.3.zip,"2024-12-05 09:41:08",https://wordpress.org/themes/ovation-car-wash/,6.1,5.6
real-estate-deals,"Real Estate Deals",1.5,1.4,https://downloads.wordpress.org/theme/real-estate-deals.1.5.zip,"2024-12-05 09:41:38",https://wordpress.org/themes/real-estate-deals/,6.1,5.6
scolax,Scolax,11.7,11.6,https://downloads.wordpress.org/theme/scolax.11.7.zip,"2024-12-05 09:35:04",https://wordpress.org/themes/scolax/,4.7,5.6
security-officer,"Security Officer",1.2,1.1,https://downloads.wordpress.org/theme/security-officer.1.2.zip,"2024-12-05 09:40:26",https://wordpress.org/themes/security-officer/,6.1,5.6
shopcozi,Shopcozi,1.0.8,1.0.7,https://downloads.wordpress.org/theme/shopcozi.1.0.8.zip,"2024-12-05 10:16:34",https://wordpress.org/themes/shopcozi/,5.6,5.2.4
soga,Soga,11.2,11.1,https://downloads.wordpress.org/theme/soga.11.2.zip,"2024-12-05 09:30:59",https://wordpress.org/themes/soga/,4.7,5.6
specia,Specia,13.1,13.0,https://downloads.wordpress.org/theme/specia.13.1.zip,"2024-12-05 09:40:12",https://wordpress.org/themes/specia/,4.7,5.6
spera,Spera,11.6,11.5,https://downloads.wordpress.org/theme/spera.11.6.zip,"2024-12-05 09:33:54",https://wordpress.org/themes/spera/,4.7,5.6
aster-it-solutions,"Aster IT Solutions",3.6,3.5,https://downloads.wordpress.org/theme/aster-it-solutions.3.6.zip,"2024-12-05 11:02:16",https://wordpress.org/themes/aster-it-solutions/,,7.2
aster-storefront,"Aster Storefront",3.5,3.4,https://downloads.wordpress.org/theme/aster-storefront.3.5.zip,"2024-12-05 11:03:07",https://wordpress.org/themes/aster-storefront/,,7.4
aster-vlogger,"Aster Vlogger",3.5,3.4,https://downloads.wordpress.org/theme/aster-vlogger.3.5.zip,"2024-12-05 11:03:42",https://wordpress.org/themes/aster-vlogger/,,7.2
chocolate-ice-cream,"Chocolate Ice Cream",3.1,3.0,https://downloads.wordpress.org/theme/chocolate-ice-cream.3.1.zip,"2024-12-05 11:04:04",https://wordpress.org/themes/chocolate-ice-cream/,,7.2
coffee-bistro,"Coffee Bistro",3.4,3.3,https://downloads.wordpress.org/theme/coffee-bistro.3.4.zip,"2024-12-05 11:04:51",https://wordpress.org/themes/coffee-bistro/,,7.2
cricket-league,"Cricket League",0.2.3,0.2.2,https://downloads.wordpress.org/theme/cricket-league.0.2.3.zip,"2024-12-05 10:43:24",https://wordpress.org/themes/cricket-league/,5.0,7.2
ecommerce-online-store,"Ecommerce Online Store",3.5,3.4,https://downloads.wordpress.org/theme/ecommerce-online-store.3.5.zip,"2024-12-05 11:05:18",https://wordpress.org/themes/ecommerce-online-store/,,7.2
editorial,Editorial,1.5.1,1.5.0,https://downloads.wordpress.org/theme/editorial.1.5.1.zip,"2024-12-05 10:57:13",https://wordpress.org/themes/editorial/,4.7,5.6
florist-bouquet,"Florist Bouquet",3.5,3.4,https://downloads.wordpress.org/theme/florist-bouquet.3.5.zip,"2024-12-05 11:05:46",https://wordpress.org/themes/florist-bouquet/,,7.2
forest-jungle-safari,"Forest Jungle Safari",0.1.8,0.1.7,https://downloads.wordpress.org/theme/forest-jungle-safari.0.1.8.zip,"2024-12-05 10:44:18",https://wordpress.org/themes/forest-jungle-safari/,5.0,7.2
luca-portfolio,"Luca Portfolio",1.0.8,1.0.7,https://downloads.wordpress.org/theme/luca-portfolio.1.0.8.zip,"2024-12-05 10:41:58",https://wordpress.org/themes/luca-portfolio/,5.0,5.6
pool-services-lite,"Pool Services Lite",0.9,0.8.9,https://downloads.wordpress.org/theme/pool-services-lite.0.9.zip,"2024-12-05 10:44:48",https://wordpress.org/themes/pool-services-lite/,5.0,7.2
professional-portfolio,"Professional Portfolio",0.2.5,0.2.4,https://downloads.wordpress.org/theme/professional-portfolio.0.2.5.zip,"2024-12-05 10:45:20",https://wordpress.org/themes/professional-portfolio/,5.0,7.2
roof-water-proofing,"Roof Water Proofing",1.2,1.1,https://downloads.wordpress.org/theme/roof-water-proofing.1.2.zip,"2024-12-05 11:06:16",https://wordpress.org/themes/roof-water-proofing/,,7.4
shopay,Shopay,1.2.5,1.2.4,https://downloads.wordpress.org/theme/shopay.1.2.5.zip,"2024-12-05 10:39:26",https://wordpress.org/themes/shopay/,4.7,7.4
social-blog,"Social Blog",3.3,3.2,https://downloads.wordpress.org/theme/social-blog.3.3.zip,"2024-12-05 11:06:47",https://wordpress.org/themes/social-blog/,,7.2
tamal-portfolio,"Tamal Portfolio",1.1.5,1.1.4,https://downloads.wordpress.org/theme/tamal-portfolio.1.1.5.zip,"2024-12-05 10:49:33",https://wordpress.org/themes/tamal-portfolio/,5.0,5.6
veterinary-shop,"Veterinary Shop",0.0.3,0.0.2,https://downloads.wordpress.org/theme/veterinary-shop.0.0.3.zip,"2024-12-05 10:39:20",https://wordpress.org/themes/veterinary-shop/,5.0,5.6
aahana,Aahana,1.0.41,1.0.40,https://downloads.wordpress.org/theme/aahana.1.0.41.zip,"2024-12-05 12:10:07",https://wordpress.org/themes/aahana/,4.7,5.6
arvana,Arvana,1.0.64,1.0.63,https://downloads.wordpress.org/theme/arvana.1.0.64.zip,"2024-12-05 12:09:20",https://wordpress.org/themes/arvana/,4.7,5.6
auru,Auru,1.0.61,1.0.60,https://downloads.wordpress.org/theme/auru.1.0.61.zip,"2024-12-05 12:09:45",https://wordpress.org/themes/auru/,4.7,5.6
celexo,Celexo,1.1.7,1.1.6,https://downloads.wordpress.org/theme/celexo.1.1.7.zip,"2024-12-05 12:06:29",https://wordpress.org/themes/celexo/,4.7,5.6
chitvi,Chitvi,1.1.5,1.1.4,https://downloads.wordpress.org/theme/chitvi.1.1.5.zip,"2024-12-05 12:06:50",https://wordpress.org/themes/chitvi/,4.7,5.6
cosmobit,Cosmobit,2.0.18,2.0.17,https://downloads.wordpress.org/theme/cosmobit.2.0.18.zip,"2024-12-05 12:06:07",https://wordpress.org/themes/cosmobit/,4.7,5.6
crombit,Crombit,1.0.12,1.0.11,https://downloads.wordpress.org/theme/crombit.1.0.12.zip,"2024-12-05 12:10:31",https://wordpress.org/themes/crombit/,4.7,5.6
easywiz,EasyWiz,1.0.94,1.0.93,https://downloads.wordpress.org/theme/easywiz.1.0.94.zip,"2024-12-05 12:07:58",https://wordpress.org/themes/easywiz/,4.7,5.6
fastica,Fastica,1.0.99,1.0.98,https://downloads.wordpress.org/theme/fastica.1.0.99.zip,"2024-12-05 12:08:47",https://wordpress.org/themes/fastica/,4.7,5.6
flexora,Flexora,1.1,1.0.99,https://downloads.wordpress.org/theme/flexora.1.1.zip,"2024-12-05 12:07:13",https://wordpress.org/themes/flexora/,4.7,5.6
freelancer-portfolio,"Freelancer Portfolio",0.2.2,0.2.1,https://downloads.wordpress.org/theme/freelancer-portfolio.0.2.2.zip,"2024-12-05 12:00:07",https://wordpress.org/themes/freelancer-portfolio/,,5.6
lazypress,LazyPress,1.0.93,1.0.92,https://downloads.wordpress.org/theme/lazypress.1.0.93.zip,"2024-12-05 12:08:24",https://wordpress.org/themes/lazypress/,4.7,5.6
newsmass,NewsMass,1.0.8,1.0.7,https://downloads.wordpress.org/theme/newsmass.1.0.8.zip,"2024-12-05 11:37:58",https://wordpress.org/themes/newsmass/,5.9,5.6
panoramic,Panoramic,1.1.73,1.1.72,https://downloads.wordpress.org/theme/panoramic.1.1.73.zip,"2024-12-05 11:25:56",https://wordpress.org/themes/panoramic/,4.7,5.3
personal-lawyer,"Personal Lawyer",0.2.2,0.2.1,https://downloads.wordpress.org/theme/personal-lawyer.0.2.2.zip,"2024-12-05 11:59:24",https://wordpress.org/themes/personal-lawyer/,,5.6
street-food-truck,"Street Food Truck",0.1.8,0.1.7,https://downloads.wordpress.org/theme/street-food-truck.0.1.8.zip,"2024-12-05 12:38:39",https://wordpress.org/themes/street-food-truck/,5.0,7.2
thinity,Thinity,1.0.99,1.0.98,https://downloads.wordpress.org/theme/thinity.1.0.99.zip,"2024-12-05 12:07:35",https://wordpress.org/themes/thinity/,4.7,5.6
vw-pet-care,"VW Pet Care",0.2.9,0.2.8,https://downloads.wordpress.org/theme/vw-pet-care.0.2.9.zip,"2024-12-05 12:39:30",https://wordpress.org/themes/vw-pet-care/,5.0,7.2
vw-tourism,"VW Tourism",0.1.6,0.1.5,https://downloads.wordpress.org/theme/vw-tourism.0.1.6.zip,"2024-12-05 12:40:17",https://wordpress.org/themes/vw-tourism/,5.0,7.2
yaatra,Yaatra,1.1.0,1.0.7,https://downloads.wordpress.org/theme/yaatra.1.1.0.zip,"2024-12-05 11:27:27",https://wordpress.org/themes/yaatra/,5.6,7.2
cormex,Cormex,3.5,3.4,https://downloads.wordpress.org/theme/cormex.3.5.zip,"2024-12-05 14:31:37",https://wordpress.org/themes/cormex/,,5.6
simplexp,SimpleXP,1.1.5,1.1.4,https://downloads.wordpress.org/theme/simplexp.1.1.5.zip,"2024-12-05 13:58:39",https://wordpress.org/themes/simplexp/,,5.6
thai-spa,"Thai Spa",11.2,11.1,https://downloads.wordpress.org/theme/thai-spa.11.2.zip,"2024-12-05 14:31:54",https://wordpress.org/themes/thai-spa/,4.7,5.6
timeblog,TimeBlog,7.2,7.1,https://downloads.wordpress.org/theme/timeblog.7.2.zip,"2024-12-05 14:32:14",https://wordpress.org/themes/timeblog/,4.7,5.6
avenza,Avenza,1.3.9,1.3.8,https://downloads.wordpress.org/theme/avenza.1.3.9.zip,"2024-12-05 14:36:06",https://wordpress.org/themes/avenza/,,5.6
avitech,Avitech,11.0,10.9,https://downloads.wordpress.org/theme/avitech.11.0.zip,"2024-12-05 14:35:47",https://wordpress.org/themes/avitech/,4.7,5.6
avtari,Avtari,11.0,10.9,https://downloads.wordpress.org/theme/avtari.11.0.zip,"2024-12-05 14:33:35",https://wordpress.org/themes/avtari/,4.7,5.6
azwa,Azwa,11.1,11.0,https://downloads.wordpress.org/theme/azwa.11.1.zip,"2024-12-05 14:35:30",https://wordpress.org/themes/azwa/,4.7,5.6
envira,Envira,11.0,10.9,https://downloads.wordpress.org/theme/envira.11.0.zip,"2024-12-05 14:35:10",https://wordpress.org/themes/envira/,4.7,5.6
fiona-news,"Fiona News",11.2,11.1,https://downloads.wordpress.org/theme/fiona-news.11.2.zip,"2024-12-05 14:33:54",https://wordpress.org/themes/fiona-news/,4.7,5.6
profolio,Profolio,3.0,2.9,https://downloads.wordpress.org/theme/profolio.3.0.zip,"2024-12-05 14:34:43",https://wordpress.org/themes/profolio/,,5.6
techine,Techine,11.0,10.9,https://downloads.wordpress.org/theme/techine.11.0.zip,"2024-12-05 14:34:25",https://wordpress.org/themes/techine/,4.7,5.6
vueo,Vueo,1.0.0,,https://downloads.wordpress.org/theme/vueo.1.0.0.zip,"2024-12-05 16:26:45",https://wordpress.org/themes/vueo/,6.6,5.7
blogger-newspaper,"Blogger Newspaper",1.0.0,,https://downloads.wordpress.org/theme/blogger-newspaper.1.0.0.zip,"2024-12-05 17:11:51",https://wordpress.org/themes/blogger-newspaper/,4.7,5.6
casthub,Casthub,1.0.0,,https://downloads.wordpress.org/theme/casthub.1.0.0.zip,"2024-12-05 16:56:54",https://wordpress.org/themes/casthub/,6.6,5.7
urbem,Urbem,1.0.0,,https://downloads.wordpress.org/theme/urbem.1.0.0.zip,"2024-12-05 16:56:59",https://wordpress.org/themes/urbem/,6.7,5.7
vw-bakers,"VW Bakers",0.1,,https://downloads.wordpress.org/theme/vw-bakers.0.1.zip,"2024-12-05 16:56:48",https://wordpress.org/themes/vw-bakers/,5.0,7.2
avventura-lite,"Avventura Lite",1.7.0,1.6.9.9,https://downloads.wordpress.org/theme/avventura-lite.1.7.0.zip,"2024-12-05 19:14:55",https://wordpress.org/themes/avventura-lite/,,5.3
citymag,Citymag,1.0.3,1.0.2,https://downloads.wordpress.org/theme/citymag.1.0.3.zip,"2024-12-05 19:49:38",https://wordpress.org/themes/citymag/,,5.3
citypress,Citypress,1.0.4,1.0.3,https://downloads.wordpress.org/theme/citypress.1.0.4.zip,"2024-12-05 20:03:50",https://wordpress.org/themes/citypress/,,5.3
denves-lite,"Denves Lite",1.4.2,1.4.1,https://downloads.wordpress.org/theme/denves-lite.1.4.2.zip,"2024-12-05 19:25:09",https://wordpress.org/themes/denves-lite/,,5.3
janey,Janey,1.0.7,1.0.6,https://downloads.wordpress.org/theme/janey.1.0.7.zip,"2024-12-05 19:40:17",https://wordpress.org/themes/janey/,,5.3
kadence,Kadence,1.2.13,1.2.12,https://downloads.wordpress.org/theme/kadence.1.2.13.zip,"2024-12-05 20:58:15",https://wordpress.org/themes/kadence/,6.3,7.4
toocheke,Toocheke,1.0.239,1.0.238,https://downloads.wordpress.org/theme/toocheke.1.0.239.zip,"2024-12-05 20:49:07",https://wordpress.org/themes/toocheke/,,7.4
d5-design,"D5 Design",2.9,2.7,https://downloads.wordpress.org/theme/d5-design.2.9.zip,"2024-12-06 03:02:40",https://wordpress.org/themes/d5-design/,5.0,5.6
searchlight,Searchlight,2.9,2.7,https://downloads.wordpress.org/theme/searchlight.2.9.zip,"2024-12-06 03:06:28",https://wordpress.org/themes/searchlight/,5.0,5.6
sunrain,SunRain,2.5,2.3,https://downloads.wordpress.org/theme/sunrain.2.5.zip,"2024-12-06 03:04:31",https://wordpress.org/themes/sunrain/,5.0,5.6
workfolio,WorkFolio,1.0.1,,https://downloads.wordpress.org/theme/workfolio.1.0.1.zip,"2024-12-06 03:41:45",https://wordpress.org/themes/workfolio/,,7.4
it-news-grid,"IT News Grid",1.4.13,1.4.12,https://downloads.wordpress.org/theme/it-news-grid.1.4.13.zip,"2024-12-06 04:19:58",https://wordpress.org/themes/it-news-grid/,,5.6
it-residence,"IT Residence",2.8.5,2.8.4,https://downloads.wordpress.org/theme/it-residence.2.8.5.zip,"2024-12-06 03:58:44",https://wordpress.org/themes/it-residence/,,5.6
jewelry-blocks,"Jewelry Blocks",1.0,,https://downloads.wordpress.org/theme/jewelry-blocks.1.0.zip,"2024-12-06 03:56:44",https://wordpress.org/themes/jewelry-blocks/,6.1,5.6
bakers-bakery,"Bakers Bakery",0.7.2,0.7.1,https://downloads.wordpress.org/theme/bakers-bakery.0.7.2.zip,"2024-12-06 05:27:18",https://wordpress.org/themes/bakers-bakery/,,7.2
cafe-eatery,"Cafe Eatery",1.1.4,1.1.3,https://downloads.wordpress.org/theme/cafe-eatery.1.1.4.zip,"2024-12-06 05:13:19",https://wordpress.org/themes/cafe-eatery/,,5.6
cake-shop-bakery,"Cake Shop Bakery",2.3.1,2.3,https://downloads.wordpress.org/theme/cake-shop-bakery.2.3.1.zip,"2024-12-06 05:26:55",https://wordpress.org/themes/cake-shop-bakery/,5.0,7.2
eco-solar,"Eco Solar",1.2.9,1.2.8,https://downloads.wordpress.org/theme/eco-solar.1.2.9.zip,"2024-12-06 05:25:03",https://wordpress.org/themes/eco-solar/,,7.0
estate-vista,"Estate Vista",1.3.4,1.3.3,https://downloads.wordpress.org/theme/estate-vista.1.3.4.zip,"2024-12-06 05:30:38",https://wordpress.org/themes/estate-vista/,,7.0
fashion-estore,"Fashion Estore",0.7.5,0.7.4,https://downloads.wordpress.org/theme/fashion-estore.0.7.5.zip,"2024-12-06 05:11:35",https://wordpress.org/themes/fashion-estore/,5.0,7.2
fse-fashion-designer,"FSE Fashion Designer",1.1.1,1.1.0,https://downloads.wordpress.org/theme/fse-fashion-designer.1.1.1.zip,"2024-12-06 05:13:46",https://wordpress.org/themes/fse-fashion-designer/,,5.6
fse-photography,"FSE Photography",1.1.0,1.0.9,https://downloads.wordpress.org/theme/fse-photography.1.1.0.zip,"2024-12-06 05:14:15",https://wordpress.org/themes/fse-photography/,,5.6
fse-real-estate,"FSE Real Estate",1.1.3,1.1.2,https://downloads.wordpress.org/theme/fse-real-estate.1.1.3.zip,"2024-12-06 05:14:46",https://wordpress.org/themes/fse-real-estate/,5.9,5.6
fse-sem-agency,"FSE SEM Agency",1.1.5,1.1.4,https://downloads.wordpress.org/theme/fse-sem-agency.1.1.5.zip,"2024-12-06 05:15:51",https://wordpress.org/themes/fse-sem-agency/,5.9,5.6
motivational-life-coach,"Motivational Life Coach",0.3.9,0.3.8,https://downloads.wordpress.org/theme/motivational-life-coach.0.3.9.zip,"2024-12-06 05:17:52",https://wordpress.org/themes/motivational-life-coach/,5.0,7.2
expert-blogger,"Expert Blogger",0.1,,https://downloads.wordpress.org/theme/expert-blogger.0.1.zip,"2024-12-06 04:56:48",https://wordpress.org/themes/expert-blogger/,5.0,7.2
bakery-treats,"Bakery Treats",1.5,1.4,https://downloads.wordpress.org/theme/bakery-treats.1.5.zip,"2024-12-06 06:32:35",https://wordpress.org/themes/bakery-treats/,5.5,7.2
continental-restaurant,"Continental Restaurant",1.5,1.4,https://downloads.wordpress.org/theme/continental-restaurant.1.5.zip,"2024-12-06 06:33:08",https://wordpress.org/themes/continental-restaurant/,5.5,7.2
everafter-wedding,"Everafter Wedding",1.2.6,1.2.5,https://downloads.wordpress.org/theme/everafter-wedding.1.2.6.zip,"2024-12-06 05:36:54",https://wordpress.org/themes/everafter-wedding/,,7.0
flora-flowershop,"Flora Flowershop",1.2.1,1.2.0,https://downloads.wordpress.org/theme/flora-flowershop.1.2.1.zip,"2024-12-06 05:42:06",https://wordpress.org/themes/flora-flowershop/,,7.0
gardening-landscape-aura,"Gardening Landscape Aura",1.3.3,1.3.2,https://downloads.wordpress.org/theme/gardening-landscape-aura.1.3.3.zip,"2024-12-06 05:49:27",https://wordpress.org/themes/gardening-landscape-aura/,,7.0
glam-hair-salon,"Glam Hair Salon",1.1.0,1.0.9,https://downloads.wordpress.org/theme/glam-hair-salon.1.1.0.zip,"2024-12-06 05:55:13",https://wordpress.org/themes/glam-hair-salon/,,7.0
glimpse-blog,"Glimpse Blog",1.0.5,1.0.4,https://downloads.wordpress.org/theme/glimpse-blog.1.0.5.zip,"2024-12-06 06:00:03",https://wordpress.org/themes/glimpse-blog/,,7.0
health-coach-services,"Health Coach Services",1.4,1.3,https://downloads.wordpress.org/theme/health-coach-services.1.4.zip,"2024-12-06 06:33:54",https://wordpress.org/themes/health-coach-services/,5.5,7.2
home-decor-blog,"Home Decor Blog",1.2.9,1.2.8,https://downloads.wordpress.org/theme/home-decor-blog.1.2.9.zip,"2024-12-06 06:09:04",https://wordpress.org/themes/home-decor-blog/,,7.0
land-excavator,"Land Excavator",1.5,1.4,https://downloads.wordpress.org/theme/land-excavator.1.5.zip,"2024-12-06 06:34:39",https://wordpress.org/themes/land-excavator/,5.5,7.2
machine-repair,"Machine Repair",1.2,1.1,https://downloads.wordpress.org/theme/machine-repair.1.2.zip,"2024-12-06 06:35:32",https://wordpress.org/themes/machine-repair/,5.5,7.2
rev-orphanage,"Rev Orphanage",1.2,1.1,https://downloads.wordpress.org/theme/rev-orphanage.1.2.zip,"2024-12-06 06:36:07",https://wordpress.org/themes/rev-orphanage/,5.5,7.2
seo-specialist,"SEO Specialist",1.3,1.2,https://downloads.wordpress.org/theme/seo-specialist.1.3.zip,"2024-12-06 06:36:31",https://wordpress.org/themes/seo-specialist/,5.5,7.2
bondspace,BondSpace,1.1.0,1.0.9,https://downloads.wordpress.org/theme/bondspace.1.1.0.zip,"2024-12-06 07:27:23",https://wordpress.org/themes/bondspace/,6.6,7.4
centralnews,CentralNews,2.0.19,2.0.18,https://downloads.wordpress.org/theme/centralnews.2.0.19.zip,"2024-12-06 07:05:58",https://wordpress.org/themes/centralnews/,5.3,5.6
globalnews,GlobalNews,1.0.8,1.0.7,https://downloads.wordpress.org/theme/globalnews.1.0.8.zip,"2024-12-06 07:07:59",https://wordpress.org/themes/globalnews/,5.3,7.0
namaha,Namaha,1.0.56,1.0.55,https://downloads.wordpress.org/theme/namaha.1.0.56.zip,"2024-12-06 06:59:24",https://wordpress.org/themes/namaha/,4.7,5.3
newsmore,NewsMore,1.2.14,1.2.13,https://downloads.wordpress.org/theme/newsmore.1.2.14.zip,"2024-12-06 07:04:41",https://wordpress.org/themes/newsmore/,5.3,5.6
total,Total,2.1.80,2.1.79,https://downloads.wordpress.org/theme/total.2.1.80.zip,"2024-12-06 07:23:00",https://wordpress.org/themes/total/,,5.6
yummy-bites,"Yummy Bites",1.2.7,1.2.6,https://downloads.wordpress.org/theme/yummy-bites.1.2.7.zip,"2024-12-06 07:21:15",https://wordpress.org/themes/yummy-bites/,6.2,5.6
cultural-festival,"Cultural Festival",0.7,0.6,https://downloads.wordpress.org/theme/cultural-festival.0.7.zip,"2024-12-06 08:23:29",https://wordpress.org/themes/cultural-festival/,5.6,7.2
ecommerce-store-elementor,"Ecommerce Store Elementor",1.0.3,1.0.2,https://downloads.wordpress.org/theme/ecommerce-store-elementor.1.0.3.zip,"2024-12-06 08:24:04",https://wordpress.org/themes/ecommerce-store-elementor/,5.6,7.2
poultry-farm,"Poultry Farm",0.3,0.2,https://downloads.wordpress.org/theme/poultry-farm.0.3.zip,"2024-12-06 08:24:31",https://wordpress.org/themes/poultry-farm/,5.6,7.2
solar-panel-distributor,"Solar Panel Distributor",1.0.2,1.0.1,https://downloads.wordpress.org/theme/solar-panel-distributor.1.0.2.zip,"2024-12-06 08:24:57",https://wordpress.org/themes/solar-panel-distributor/,5.6,7.2
unique-blogger,"Unique Blogger",0.7,0.6,https://downloads.wordpress.org/theme/unique-blogger.0.7.zip,"2024-12-06 08:25:24",https://wordpress.org/themes/unique-blogger/,5.6,7.2
unique-freelancer-portfolio,"Unique Freelancer Portfolio",0.5,0.4,https://downloads.wordpress.org/theme/unique-freelancer-portfolio.0.5.zip,"2024-12-06 08:25:49",https://wordpress.org/themes/unique-freelancer-portfolio/,5.6,7.2
unique-fun-center,"Unique Fun Center",0.6,0.5,https://downloads.wordpress.org/theme/unique-fun-center.0.6.zip,"2024-12-06 08:26:13",https://wordpress.org/themes/unique-fun-center/,5.6,7.2
unique-graphic-designer,"Unique Graphic Designer",1.0.3,1.0.2,https://downloads.wordpress.org/theme/unique-graphic-designer.1.0.3.zip,"2024-12-06 08:26:37",https://wordpress.org/themes/unique-graphic-designer/,5.6,7.2
citylogic,CityLogic,1.1.42,1.1.41,https://downloads.wordpress.org/theme/citylogic.1.1.42.zip,"2024-12-06 09:26:02",https://wordpress.org/themes/citylogic/,4.7,5.3
agrovision-fse,"AgroVision FSE",1.0,,https://downloads.wordpress.org/theme/agrovision-fse.1.0.zip,"2024-12-06 10:11:55",https://wordpress.org/themes/agrovision-fse/,,5.6
blockskit-consultancy,"Blockskit Consultancy",1.0.0,,https://downloads.wordpress.org/theme/blockskit-consultancy.1.0.0.zip,"2024-12-06 10:12:25",https://wordpress.org/themes/blockskit-consultancy/,6.0,5.6
classic-law-firm,"Classic Law Firm",0.1,,https://downloads.wordpress.org/theme/classic-law-firm.0.1.zip,"2024-12-06 10:12:31",https://wordpress.org/themes/classic-law-firm/,5.0,5.6
eco-green,"Eco Green",1.0,,https://downloads.wordpress.org/theme/eco-green.1.0.zip,"2024-12-06 10:13:02",https://wordpress.org/themes/eco-green/,5.9,5.6
elite-florist,"Elite florist",0.1,,https://downloads.wordpress.org/theme/elite-florist.0.1.zip,"2024-12-06 10:12:13",https://wordpress.org/themes/elite-florist/,,7.2
fashion-accessories,"Fashion Accessories",1.0,,https://downloads.wordpress.org/theme/fashion-accessories.1.0.zip,"2024-12-06 10:12:01",https://wordpress.org/themes/fashion-accessories/,5.0,5.6
fast-food-joint,"Fast Food Joint",1.0.0,,https://downloads.wordpress.org/theme/fast-food-joint.1.0.0.zip,"2024-12-06 10:12:37",https://wordpress.org/themes/fast-food-joint/,,7.2
goldy-clinic,"Goldy Clinic",1.0.6,,https://downloads.wordpress.org/theme/goldy-clinic.1.0.6.zip,"2024-12-06 10:13:08",https://wordpress.org/themes/goldy-clinic/,,7.0
kamana,Kamana,1.0.0,,https://downloads.wordpress.org/theme/kamana.1.0.0.zip,"2024-12-06 10:26:47",https://wordpress.org/themes/kamana/,6.1,7.0
marsh-singer,"Marsh Singer",1.1,,https://downloads.wordpress.org/theme/marsh-singer.1.1.zip,"2024-12-06 10:12:55",https://wordpress.org/themes/marsh-singer/,5.1,5.6
prime-events,"Prime Events",1.0,,https://downloads.wordpress.org/theme/prime-events.1.0.zip,"2024-12-06 10:12:20",https://wordpress.org/themes/prime-events/,,7.0
rev-digital-products,"Rev Digital Products",1.0.0,,https://downloads.wordpress.org/theme/rev-digital-products.1.0.0.zip,"2024-12-06 10:12:50",https://wordpress.org/themes/rev-digital-products/,5.5,5.6
terminal-news,"Terminal News",1.0.0,,https://downloads.wordpress.org/theme/terminal-news.1.0.0.zip,"2024-12-06 10:12:44",https://wordpress.org/themes/terminal-news/,5.0,7.4
the-green,"The Green",0.4,,https://downloads.wordpress.org/theme/the-green.0.4.zip,"2024-12-06 10:11:50",https://wordpress.org/themes/the-green/,,5.6
wind-energy,"Wind Energy",1.1,,https://downloads.wordpress.org/theme/wind-energy.1.1.zip,"2024-12-06 10:12:08",https://wordpress.org/themes/wind-energy/,5.4,7.2
business-landing-page,"Business Landing Page",0.3.5,0.3.4,https://downloads.wordpress.org/theme/business-landing-page.0.3.5.zip,"2024-12-06 10:44:46",https://wordpress.org/themes/business-landing-page/,5.0,7.2
campus-education,"Campus Education",1.2.5,1.2.4,https://downloads.wordpress.org/theme/campus-education.1.2.5.zip,"2024-12-06 10:56:05",https://wordpress.org/themes/campus-education/,5.0,7.2
charity-fundraiser,"Charity Fundraiser",1.1.6,1.1.5,https://downloads.wordpress.org/theme/charity-fundraiser.1.1.6.zip,"2024-12-06 10:58:48",https://wordpress.org/themes/charity-fundraiser/,5.0,7.2
driving-school-lite,"Driving School Lite",1.0.8,1.0.7,https://downloads.wordpress.org/theme/driving-school-lite.1.0.8.zip,"2024-12-06 11:21:43",https://wordpress.org/themes/driving-school-lite/,5.0,7.2
ecommerce-landing-page,"Ecommerce Landing Page",0.4.6,0.4.5,https://downloads.wordpress.org/theme/ecommerce-landing-page.0.4.6.zip,"2024-12-06 10:45:37",https://wordpress.org/themes/ecommerce-landing-page/,5.0,7.2
educational-landing-page,"Educational Landing Page",0.2.7,0.2.6,https://downloads.wordpress.org/theme/educational-landing-page.0.2.7.zip,"2024-12-06 10:46:00",https://wordpress.org/themes/educational-landing-page/,5.0,7.2
heena-mehndi-artist,"Heena Mehndi Artist",0.6,0.5,https://downloads.wordpress.org/theme/heena-mehndi-artist.0.6.zip,"2024-12-06 10:44:24",https://wordpress.org/themes/heena-mehndi-artist/,5.0,7.2
medical-landing-page,"Medical Landing Page",0.2.8,0.2.7,https://downloads.wordpress.org/theme/medical-landing-page.0.2.8.zip,"2024-12-06 10:46:22",https://wordpress.org/themes/medical-landing-page/,5.0,7.2
modern-salon,"Modern Salon",0.7,0.6,https://downloads.wordpress.org/theme/modern-salon.0.7.zip,"2024-12-06 10:44:55",https://wordpress.org/themes/modern-salon/,5.0,7.2
product-industry,"Product Industry",0.2.5,0.2.4,https://downloads.wordpress.org/theme/product-industry.0.2.5.zip,"2024-12-06 10:43:52",https://wordpress.org/themes/product-industry/,5.0,7.2
refrigerator-repair,"Refrigerator Repair",0.2.6,0.2.5,https://downloads.wordpress.org/theme/refrigerator-repair.0.2.6.zip,"2024-12-06 10:43:03",https://wordpress.org/themes/refrigerator-repair/,5.0,7.2
scary-halloween,"Scary Halloween",0.2.1,0.2,https://downloads.wordpress.org/theme/scary-halloween.0.2.1.zip,"2024-12-06 10:47:00",https://wordpress.org/themes/scary-halloween/,5.0,7.2
services-landing-page,"Services Landing Page",0.2.6,0.2.5,https://downloads.wordpress.org/theme/services-landing-page.0.2.6.zip,"2024-12-06 10:47:32",https://wordpress.org/themes/services-landing-page/,5.0,7.2
vw-saas-services,"VW SAAS Services",0.3.2,0.3.1,https://downloads.wordpress.org/theme/vw-saas-services.0.3.2.zip,"2024-12-06 10:48:19",https://wordpress.org/themes/vw-saas-services/,5.0,7.2
bright-blog,"Bright Blog",1.0.0,,https://downloads.wordpress.org/theme/bright-blog.1.0.0.zip,"2024-12-06 10:41:47",https://wordpress.org/themes/bright-blog/,5.0,7.4
expose-business,"Expose Business",1.0.0,,https://downloads.wordpress.org/theme/expose-business.1.0.0.zip,"2024-12-06 11:11:49",https://wordpress.org/themes/expose-business/,6.3,7.4
fse-travel-blog,"FSE Travel Blog",1.0.0,,https://downloads.wordpress.org/theme/fse-travel-blog.1.0.0.zip,"2024-12-06 11:11:55",https://wordpress.org/themes/fse-travel-blog/,,5.6
corpiva,Corpiva,1.0.31,1.0.30,https://downloads.wordpress.org/theme/corpiva.1.0.31.zip,"2024-12-06 11:28:47",https://wordpress.org/themes/corpiva/,4.7,5.6
corvia,Corvia,0.8,0.7,https://downloads.wordpress.org/theme/corvia.0.8.zip,"2024-12-06 11:29:37",https://wordpress.org/themes/corvia/,4.7,5.6
corvita,Corvita,1.0.7,1.0.6,https://downloads.wordpress.org/theme/corvita.1.0.7.zip,"2024-12-06 11:29:12",https://wordpress.org/themes/corvita/,4.7,5.6
crombit,Crombit,1.0.13,1.0.12,https://downloads.wordpress.org/theme/crombit.1.0.13.zip,"2024-12-06 11:30:52",https://wordpress.org/themes/crombit/,4.7,5.6
ecommerce-hub,"Ecommerce Hub",1.1,1.0.9,https://downloads.wordpress.org/theme/ecommerce-hub.1.1.zip,"2024-12-06 11:25:42",https://wordpress.org/themes/ecommerce-hub/,5.0,7.2
flexina,Flexina,1.0.20,1.0.19,https://downloads.wordpress.org/theme/flexina.1.0.20.zip,"2024-12-06 11:30:25",https://wordpress.org/themes/flexina/,4.7,5.6
newsalert,NewsAlert,1.0.2,1.0.1,https://downloads.wordpress.org/theme/newsalert.1.0.2.zip,"2024-12-06 11:31:44",https://wordpress.org/themes/newsalert/,4.7,7.0
newshours,NewsHours,1.0.24,1.0.23,https://downloads.wordpress.org/theme/newshours.1.0.24.zip,"2024-12-06 11:32:05",https://wordpress.org/themes/newshours/,4.7,7.0
newstick,NewsTick,1.0.31,1.0.30,https://downloads.wordpress.org/theme/newstick.1.0.31.zip,"2024-12-06 11:31:21",https://wordpress.org/themes/newstick/,4.7,7.0
resort-motel,"Resort Motel",3.2,2.9,https://downloads.wordpress.org/theme/resort-motel.3.2.zip,"2024-12-06 11:26:47",https://wordpress.org/themes/resort-motel/,,7.2
softmunch,SoftMunch,1.0.21,1.0.20,https://downloads.wordpress.org/theme/softmunch.1.0.21.zip,"2024-12-06 11:30:01",https://wordpress.org/themes/softmunch/,4.7,5.6
ampark,Ampark,10.9,10.8,https://downloads.wordpress.org/theme/ampark.10.9.zip,"2024-12-06 13:06:12",https://wordpress.org/themes/ampark/,4.7,5.6
arowana,Arowana,12.0,11.9,https://downloads.wordpress.org/theme/arowana.12.0.zip,"2024-12-06 13:07:10",https://wordpress.org/themes/arowana/,4.7,5.6
avail,Avail,10.9,10.8,https://downloads.wordpress.org/theme/avail.10.9.zip,"2024-12-06 13:06:32",https://wordpress.org/themes/avail/,4.7,5.6
aviser,Aviser,10.9,10.8,https://downloads.wordpress.org/theme/aviser.10.9.zip,"2024-12-06 13:05:28",https://wordpress.org/themes/aviser/,4.7,5.6
axtia,Axtia,10.9,10.8,https://downloads.wordpress.org/theme/axtia.10.9.zip,"2024-12-06 13:06:52",https://wordpress.org/themes/axtia/,4.7,5.6
cardiopress,CardioPress,3.4,3.3,https://downloads.wordpress.org/theme/cardiopress.3.4.zip,"2024-12-06 13:05:13",https://wordpress.org/themes/cardiopress/,4.7,5.6
comoxa,Comoxa,10.9,10.8,https://downloads.wordpress.org/theme/comoxa.10.9.zip,"2024-12-06 13:04:58",https://wordpress.org/themes/comoxa/,4.7,5.6
eventpress,EventPress,13.3,13.2,https://downloads.wordpress.org/theme/eventpress.13.3.zip,"2024-12-06 13:07:39",https://wordpress.org/themes/eventpress/,4.7,5.6
multipurpose-lawyer,"Multipurpose Lawyer",1.0.3,1.0.2,https://downloads.wordpress.org/theme/multipurpose-lawyer.1.0.3.zip,"2024-12-06 13:15:40",https://wordpress.org/themes/multipurpose-lawyer/,5.0,7.2
multipurpose-magazine,"Multipurpose Magazine",1.1.1,1.1,https://downloads.wordpress.org/theme/multipurpose-magazine.1.1.1.zip,"2024-12-06 13:16:25",https://wordpress.org/themes/multipurpose-magazine/,5.0,7.2
multipurpose-photography,"Multipurpose Photography",1.0.2,1.0.1,https://downloads.wordpress.org/theme/multipurpose-photography.1.0.2.zip,"2024-12-06 13:17:11",https://wordpress.org/themes/multipurpose-photography/,5.0,7.2
multipurpose-startup,"Multipurpose Startup",1.0.9,1.0.8,https://downloads.wordpress.org/theme/multipurpose-startup.1.0.9.zip,"2024-12-06 13:17:39",https://wordpress.org/themes/multipurpose-startup/,5.0,7.2
veterinary-pet-care,"Veterinary Pet Care",1.0.4,1.0.3,https://downloads.wordpress.org/theme/veterinary-pet-care.1.0.4.zip,"2024-12-06 13:18:16",https://wordpress.org/themes/veterinary-pet-care/,5.0,7.2
annina,Annina,1.9.6,1.9.5,https://downloads.wordpress.org/theme/annina.1.9.6.zip,"2024-12-06 13:52:43",https://wordpress.org/themes/annina/,,5.6
neve,Neve,3.8.16,3.8.15,https://downloads.wordpress.org/theme/neve.3.8.16.zip,"2024-12-06 15:06:47",https://wordpress.org/themes/neve/,5.5,7.0
travel-tour,"Travel Tour",3.0.0,1.8.1,https://downloads.wordpress.org/theme/travel-tour.3.0.0.zip,"2024-12-06 15:02:09",https://wordpress.org/themes/travel-tour/,5.0.0,5.6
constructionn,Constructionn,1.0.0,,https://downloads.wordpress.org/theme/constructionn.1.0.0.zip,"2024-12-06 14:41:48",https://wordpress.org/themes/constructionn/,,7.4
supermarket-shopping,"Supermarket Shopping",0.1,,https://downloads.wordpress.org/theme/supermarket-shopping.0.1.zip,"2024-12-06 14:56:52",https://wordpress.org/themes/supermarket-shopping/,,7.2
author-personal-blog,"Author Personal Blog",3.2.25,3.2.24,https://downloads.wordpress.org/theme/author-personal-blog.3.2.25.zip,"2024-12-06 16:52:43",https://wordpress.org/themes/author-personal-blog/,4.9,5.6
author-portfolio,"Author Portfolio",4.2.12,4.2.11,https://downloads.wordpress.org/theme/author-portfolio.4.2.12.zip,"2024-12-06 17:14:15",https://wordpress.org/themes/author-portfolio/,5.0,5.6
digitala,Digitala,1.0.12,,https://downloads.wordpress.org/theme/digitala.1.0.12.zip,"2024-12-06 16:56:52",https://wordpress.org/themes/digitala/,,5.8
pet-accessory-store,"Pet Accessory Store",0.0.1,,https://downloads.wordpress.org/theme/pet-accessory-store.0.0.1.zip,"2024-12-06 16:41:48",https://wordpress.org/themes/pet-accessory-store/,5.0,7.2
professio,Professio,1.0.3,,https://downloads.wordpress.org/theme/professio.1.0.3.zip,"2024-12-06 17:11:49",https://wordpress.org/themes/professio/,6.7,5.7
airin-blog,"Airin Blog",1.6.8,1.6.7,https://downloads.wordpress.org/theme/airin-blog.1.6.8.zip,"2024-12-06 22:23:02",https://wordpress.org/themes/airin-blog/,6.0,7.1
cybercube,cybercube,1.13,1.12,https://downloads.wordpress.org/theme/cybercube.1.13.zip,"2024-12-07 02:49:08",https://wordpress.org/themes/cybercube/,5.1,5.6
digicrew,Digicrew,1.0.33,1.0.32,https://downloads.wordpress.org/theme/digicrew.1.0.33.zip,"2024-12-07 02:49:09",https://wordpress.org/themes/digicrew/,,7.4
fabstar,fabstar,1.0.14,1.0.13,https://downloads.wordpress.org/theme/fabstar.1.0.14.zip,"2024-12-07 02:48:13",https://wordpress.org/themes/fabstar/,,5.6
mediapulse,MediaPulse,0.28,0.27,https://downloads.wordpress.org/theme/mediapulse.0.28.zip,"2024-12-07 02:47:56",https://wordpress.org/themes/mediapulse/,,7.4
wheelify,Wheelify,1.40,1.39,https://downloads.wordpress.org/theme/wheelify.1.40.zip,"2024-12-07 02:47:32",https://wordpress.org/themes/wheelify/,,5.6
book-review-blog,"Book Review Blog",1.1.6,1.1.5,https://downloads.wordpress.org/theme/book-review-blog.1.1.6.zip,"2024-12-07 03:40:42",https://wordpress.org/themes/book-review-blog/,5.0,5.6
cargo-ships,"Cargo Ships",8.0,7.9,https://downloads.wordpress.org/theme/cargo-ships.8.0.zip,"2024-12-07 03:47:15",https://wordpress.org/themes/cargo-ships/,,7.2
elite-fashion-shop,"Elite Fashion Shop",4.0,3.9,https://downloads.wordpress.org/theme/elite-fashion-shop.4.0.zip,"2024-12-07 03:48:50",https://wordpress.org/themes/elite-fashion-shop/,,7.2
film-celebrity,"Film Celebrity",5.0,4.9,https://downloads.wordpress.org/theme/film-celebrity.5.0.zip,"2024-12-07 03:49:28",https://wordpress.org/themes/film-celebrity/,,7.2
flight-booking,"Flight Booking",6.0,5.9,https://downloads.wordpress.org/theme/flight-booking.6.0.zip,"2024-12-07 03:50:14",https://wordpress.org/themes/flight-booking/,,7.2
medical-coach,"Medical Coach",2.0,1.9,https://downloads.wordpress.org/theme/medical-coach.2.0.zip,"2024-12-07 03:52:04",https://wordpress.org/themes/medical-coach/,,7.2
accommodation-rental,"Accommodation Rental",0.5.3,0.5.2,https://downloads.wordpress.org/theme/accommodation-rental.0.5.3.zip,"2024-12-07 05:13:42",https://wordpress.org/themes/accommodation-rental/,5.0,7.2
advance-consultancy,"Advance Consultancy",0.5.4,0.5.3,https://downloads.wordpress.org/theme/advance-consultancy.0.5.4.zip,"2024-12-07 05:18:41",https://wordpress.org/themes/advance-consultancy/,5.0,7.2
advance-marketing-agency,"Advance Marketing Agency",0.5.4,0.5.3,https://downloads.wordpress.org/theme/advance-marketing-agency.0.5.4.zip,"2024-12-07 05:18:24",https://wordpress.org/themes/advance-marketing-agency/,5.0,7.2
auction-bidding,"Auction Bidding",0.5.8,0.5.7,https://downloads.wordpress.org/theme/auction-bidding.0.5.8.zip,"2024-12-07 05:15:11",https://wordpress.org/themes/auction-bidding/,5.0,7.2
flat-blocks,"Flat Blocks",1.9.6,1.9.5,https://downloads.wordpress.org/theme/flat-blocks.1.9.6.zip,"2024-12-07 05:06:34",https://wordpress.org/themes/flat-blocks/,6.5,7.4
frameword-lite,"Frameword Lite",1.0.3,1.0.2,https://downloads.wordpress.org/theme/frameword-lite.1.0.3.zip,"2024-12-07 05:03:35",https://wordpress.org/themes/frameword-lite/,6.4,5.7
kandinsky-bento,"Kandinsky Bento",1.0.5,1.0.4,https://downloads.wordpress.org/theme/kandinsky-bento.1.0.5.zip,"2024-12-07 04:56:03",https://wordpress.org/themes/kandinsky-bento/,6.5,7.0
lms-education-courses,"LMS Education Courses",0.3.4,0.3.3,https://downloads.wordpress.org/theme/lms-education-courses.0.3.4.zip,"2024-12-07 05:12:26",https://wordpress.org/themes/lms-education-courses/,5.0,7.2
multi-advance,"Multi Advance",0.9.5,0.9.4,https://downloads.wordpress.org/theme/multi-advance.0.9.5.zip,"2024-12-07 05:17:16",https://wordpress.org/themes/multi-advance/,5.0,7.2
organic-market,"Organic Market",0.5.3,0.5.2,https://downloads.wordpress.org/theme/organic-market.0.5.3.zip,"2024-12-07 05:18:05",https://wordpress.org/themes/organic-market/,5.0,7.2
papanek,Papanek,1.2.4,1.2.3,https://downloads.wordpress.org/theme/papanek.1.2.4.zip,"2024-12-07 04:45:19",https://wordpress.org/themes/papanek/,6.2,5.7
product-comparison-woocommerce,"Product Comparison Woocommerce",0.4,0.3.9,https://downloads.wordpress.org/theme/product-comparison-woocommerce.0.4.zip,"2024-12-07 05:13:18",https://wordpress.org/themes/product-comparison-woocommerce/,5.0,7.2
the-fashion-woocommerce,"The Fashion Woocommerce",0.3.6,0.3.5,https://downloads.wordpress.org/theme/the-fashion-woocommerce.0.3.6.zip,"2024-12-07 05:17:41",https://wordpress.org/themes/the-fashion-woocommerce/,5.0,7.2
tour-planner-ebooking,"Tour Planner eBooking",0.2.3,0.2.2,https://downloads.wordpress.org/theme/tour-planner-ebooking.0.2.3.zip,"2024-12-07 05:16:43",https://wordpress.org/themes/tour-planner-ebooking/,5.0,7.2
vw-coaching-institute,"VW Coaching Institute",0.2.1,0.2,https://downloads.wordpress.org/theme/vw-coaching-institute.0.2.1.zip,"2024-12-07 05:12:51",https://wordpress.org/themes/vw-coaching-institute/,5.0,7.2
vw-hosting-services,"VW Hosting Services",0.3.5,0.3.4,https://downloads.wordpress.org/theme/vw-hosting-services.0.3.5.zip,"2024-12-07 05:14:08",https://wordpress.org/themes/vw-hosting-services/,5.0,7.2
vw-logistics-shipping,"VW Logistics Shipping",0.3.8,0.3.7,https://downloads.wordpress.org/theme/vw-logistics-shipping.0.3.8.zip,"2024-12-07 05:14:38",https://wordpress.org/themes/vw-logistics-shipping/,5.0,7.2
lightning,Lightning,15.29.0,15.28.2,https://downloads.wordpress.org/theme/lightning.15.29.0.zip,"2024-12-07 06:31:59",https://wordpress.org/themes/lightning/,6.4,7.4
edify,Edify,1.0.9,1.0.8,https://downloads.wordpress.org/theme/edify.1.0.9.zip,"2024-12-07 07:15:21",https://wordpress.org/themes/edify/,5.0,7.0
agency-firm,"Agency Firm",1.8,1.7,https://downloads.wordpress.org/theme/agency-firm.1.8.zip,"2024-12-07 07:46:04",https://wordpress.org/themes/agency-firm/,,5.6
agency-street,"Agency Street",6.3,6.2,https://downloads.wordpress.org/theme/agency-street.6.3.zip,"2024-12-07 07:46:27",https://wordpress.org/themes/agency-street/,,5.6
alberta,Alberta,10.1,10.0,https://downloads.wordpress.org/theme/alberta.10.1.zip,"2024-12-07 07:46:50",https://wordpress.org/themes/alberta/,,5.6
architect-decor,"Architect Decor",14.0,13.9,https://downloads.wordpress.org/theme/architect-decor.14.0.zip,"2024-12-07 08:13:05",https://wordpress.org/themes/architect-decor/,,5.6
architect-design,"Architect Design",3.5.6,3.5.5,https://downloads.wordpress.org/theme/architect-design.3.5.6.zip,"2024-12-07 07:47:18",https://wordpress.org/themes/architect-design/,,5.6
architect-house,"Architect House",2.5,2.4,https://downloads.wordpress.org/theme/architect-house.2.5.zip,"2024-12-07 08:13:29",https://wordpress.org/themes/architect-house/,,5.6
architecto,Architecto,8.8,8.7,https://downloads.wordpress.org/theme/architecto.8.8.zip,"2024-12-07 07:47:48",https://wordpress.org/themes/architecto/,,5.6
architects,Architects,13.1,13.0,https://downloads.wordpress.org/theme/architects.13.1.zip,"2024-12-07 08:13:56",https://wordpress.org/themes/architects/,,5.6
ariletech,Ariletech,14.1,14.0,https://downloads.wordpress.org/theme/ariletech.14.1.zip,"2024-12-07 07:48:49",https://wordpress.org/themes/ariletech/,,5.6
atlanta-blog,"Atlanta Blog",5.1,5.0,https://downloads.wordpress.org/theme/atlanta-blog.5.1.zip,"2024-12-07 08:14:27",https://wordpress.org/themes/atlanta-blog/,,5.6
beautycare,BeautyCare,3.5,3.4,https://downloads.wordpress.org/theme/beautycare.3.5.zip,"2024-12-07 08:14:51",https://wordpress.org/themes/beautycare/,,5.6
business-model,"Business Model",1.3,1.2,https://downloads.wordpress.org/theme/business-model.1.3.zip,"2024-12-07 08:15:21",https://wordpress.org/themes/business-model/,,5.6
business-street,"Business Street",3.1.8,3.1.7,https://downloads.wordpress.org/theme/business-street.3.1.8.zip,"2024-12-07 07:49:09",https://wordpress.org/themes/business-street/,,5.6
clothes-rental-services,"Clothes Rental Services",0.1.6,0.1.5,https://downloads.wordpress.org/theme/clothes-rental-services.0.1.6.zip,"2024-12-07 07:32:23",https://wordpress.org/themes/clothes-rental-services/,5.0,7.2
decorpress,DecorPress,3.1.2,3.1.1,https://downloads.wordpress.org/theme/decorpress.3.1.2.zip,"2024-12-07 07:49:38",https://wordpress.org/themes/decorpress/,,5.6
designhub,DesignHub,11.2,11.1,https://downloads.wordpress.org/theme/designhub.11.2.zip,"2024-12-07 07:50:01",https://wordpress.org/themes/designhub/,,5.6
designtech,DesignTech,8.3,8.2,https://downloads.wordpress.org/theme/designtech.8.3.zip,"2024-12-07 08:17:29",https://wordpress.org/themes/designtech/,,5.6
educational-zone,"Educational Zone",0.6.1,0.6,https://downloads.wordpress.org/theme/educational-zone.0.6.1.zip,"2024-12-07 08:06:18",https://wordpress.org/themes/educational-zone/,5.0,7.2
electronics-appliances,"Electronics Appliances",1.9.2,1.9.1,https://downloads.wordpress.org/theme/electronics-appliances.1.9.2.zip,"2024-12-07 08:05:41",https://wordpress.org/themes/electronics-appliances/,5.0,7.2
empresa,Empresa,3.3.6,3.3.5,https://downloads.wordpress.org/theme/empresa.3.3.6.zip,"2024-12-07 08:18:27",https://wordpress.org/themes/empresa/,,5.6
english-speaking-classes,"English Speaking Classes",0.6,0.5,https://downloads.wordpress.org/theme/english-speaking-classes.0.6.zip,"2024-12-07 07:31:30",https://wordpress.org/themes/english-speaking-classes/,5.0,7.2
etowah,Etowah,5.1,5.0,https://downloads.wordpress.org/theme/etowah.5.1.zip,"2024-12-07 07:50:29",https://wordpress.org/themes/etowah/,,5.6
fitnessgo,Fitnessgo,2.2,2.1,https://downloads.wordpress.org/theme/fitnessgo.2.2.zip,"2024-12-07 08:18:51",https://wordpress.org/themes/fitnessgo/,,5.6
fresno,Fresno,12.2,12.1,https://downloads.wordpress.org/theme/fresno.12.2.zip,"2024-12-07 07:50:57",https://wordpress.org/themes/fresno/,,5.6
general-insurance-agency,"General Insurance Agency",1.1.4,1.1.3,https://downloads.wordpress.org/theme/general-insurance-agency.1.1.4.zip,"2024-12-07 07:29:46",https://wordpress.org/themes/general-insurance-agency/,5.0,7.2
innopress,InnoPress,6.7,6.6,https://downloads.wordpress.org/theme/innopress.6.7.zip,"2024-12-07 07:52:01",https://wordpress.org/themes/innopress/,,5.6
interior-dark,"Interior Dark",10.6,10.5,https://downloads.wordpress.org/theme/interior-dark.10.6.zip,"2024-12-07 08:19:13",https://wordpress.org/themes/interior-dark/,,5.6
interior-decor,"Interior Decor",5.7,5.6,https://downloads.wordpress.org/theme/interior-decor.5.7.zip,"2024-12-07 08:19:38",https://wordpress.org/themes/interior-decor/,,5.6
interior-house,"Interior House",4.0,3.9,https://downloads.wordpress.org/theme/interior-house.4.0.zip,"2024-12-07 08:20:04",https://wordpress.org/themes/interior-house/,,5.6
interior-space,"Interior Space",1.6,1.5,https://downloads.wordpress.org/theme/interior-space.1.6.zip,"2024-12-07 07:53:38",https://wordpress.org/themes/interior-space/,,5.6
interior-startup,"Interior Startup",2.9,2.8,https://downloads.wordpress.org/theme/interior-startup.2.9.zip,"2024-12-07 07:54:14",https://wordpress.org/themes/interior-startup/,,5.6
interior-trends,"Interior Trends",1.6,1.5,https://downloads.wordpress.org/theme/interior-trends.1.6.zip,"2024-12-07 08:20:26",https://wordpress.org/themes/interior-trends/,,5.6
interiorpress,InteriorPress,2.7.9,2.7.8,https://downloads.wordpress.org/theme/interiorpress.2.7.9.zip,"2024-12-07 07:53:06",https://wordpress.org/themes/interiorpress/,,5.6
interiorwp,InteriorWP,14.6,14.5,https://downloads.wordpress.org/theme/interiorwp.14.6.zip,"2024-12-07 08:20:54",https://wordpress.org/themes/interiorwp/,,5.6
interiorx,InteriorX,7.6,7.5,https://downloads.wordpress.org/theme/interiorx.7.6.zip,"2024-12-07 08:21:17",https://wordpress.org/themes/interiorx/,,5.6
jewelry-blocks,"Jewelry Blocks",1.1,1.0,https://downloads.wordpress.org/theme/jewelry-blocks.1.1.zip,"2024-12-07 07:42:25",https://wordpress.org/themes/jewelry-blocks/,6.1,5.6
monster-dark,"Monster Dark",12.0,11.9,https://downloads.wordpress.org/theme/monster-dark.12.0.zip,"2024-12-07 08:21:39",https://wordpress.org/themes/monster-dark/,,5.6
newsmedia,NewsMedia,12.8,12.7,https://downloads.wordpress.org/theme/newsmedia.12.8.zip,"2024-12-07 08:22:04",https://wordpress.org/themes/newsmedia/,,5.6
newyork-city,"NewYork City",3.1.1,3.1.0,https://downloads.wordpress.org/theme/newyork-city.3.1.1.zip,"2024-12-07 07:54:41",https://wordpress.org/themes/newyork-city/,,5.6
roseville-blog,"Roseville Blog",4.3,4.2,https://downloads.wordpress.org/theme/roseville-blog.4.3.zip,"2024-12-07 07:55:09",https://wordpress.org/themes/roseville-blog/,,5.6
royal-luxury-hotel,"Royal Luxury Hotel",1.1.5,1.1.4,https://downloads.wordpress.org/theme/royal-luxury-hotel.1.1.5.zip,"2024-12-07 07:29:08",https://wordpress.org/themes/royal-luxury-hotel/,5.0,7.2
sayre,Sayre,2.1,2.0,https://downloads.wordpress.org/theme/sayre.2.1.zip,"2024-12-07 07:55:47",https://wordpress.org/themes/sayre/,,5.6
scholarship-school,"Scholarship School",1.3,1.2,https://downloads.wordpress.org/theme/scholarship-school.1.3.zip,"2024-12-07 07:41:51",https://wordpress.org/themes/scholarship-school/,6.1,5.6
skating-routines,"Skating Routines",1.4,1.3,https://downloads.wordpress.org/theme/skating-routines.1.4.zip,"2024-12-07 07:41:15",https://wordpress.org/themes/skating-routines/,6.1,5.6
smart-cleaning-services,"Smart Cleaning Services",0.4.6,0.4.5,https://downloads.wordpress.org/theme/smart-cleaning-services.0.4.6.zip,"2024-12-07 08:07:26",https://wordpress.org/themes/smart-cleaning-services/,5.0,7.2
smart-cleaning,"Smart Cleaning",4.6.1,4.6,https://downloads.wordpress.org/theme/smart-cleaning.4.6.1.zip,"2024-12-07 08:06:58",https://wordpress.org/themes/smart-cleaning/,5.0,7.2
solar-power-energy,"Solar Power Energy",1.3,1.2,https://downloads.wordpress.org/theme/solar-power-energy.1.3.zip,"2024-12-07 07:40:11",https://wordpress.org/themes/solar-power-energy/,6.1,5.6
spicemag,SpiceMag,9.9,9.8,https://downloads.wordpress.org/theme/spicemag.9.9.zip,"2024-12-07 08:22:25",https://wordpress.org/themes/spicemag/,,5.6
strangerwp,StrangerWP,3.1.7,3.1.6,https://downloads.wordpress.org/theme/strangerwp.3.1.7.zip,"2024-12-07 07:56:09",https://wordpress.org/themes/strangerwp/,,5.6
tailor-suits,"Tailor Suits",1.4,1.3,https://downloads.wordpress.org/theme/tailor-suits.1.4.zip,"2024-12-07 07:40:44",https://wordpress.org/themes/tailor-suits/,6.1,5.6
technoex,Technoex,6.8,6.7,https://downloads.wordpress.org/theme/technoex.6.8.zip,"2024-12-07 08:22:49",https://wordpress.org/themes/technoex/,,5.6
travel-agent-blocks,"Travel Agent Blocks",1.5,1.4,https://downloads.wordpress.org/theme/travel-agent-blocks.1.5.zip,"2024-12-07 07:39:44",https://wordpress.org/themes/travel-agent-blocks/,6.1,5.6
tutor-academy,"Tutor Academy",2.3.1,2.3,https://downloads.wordpress.org/theme/tutor-academy.2.3.1.zip,"2024-12-07 08:05:00",https://wordpress.org/themes/tutor-academy/,5.0,7.2
water-sports-rental,"Water Sports Rental",1.4,1.3,https://downloads.wordpress.org/theme/water-sports-rental.1.4.zip,"2024-12-07 07:43:53",https://wordpress.org/themes/water-sports-rental/,6.1,5.6
zervin,Zervin,3.8,3.7,https://downloads.wordpress.org/theme/zervin.3.8.zip,"2024-12-07 07:56:32",https://wordpress.org/themes/zervin/,,5.6
aasta-blog,"Aasta Blog",4.3,4.2,https://downloads.wordpress.org/theme/aasta-blog.4.3.zip,"2024-12-07 09:01:16",https://wordpress.org/themes/aasta-blog/,,5.6
aasta-light,"Aasta Light",9.4,9.3,https://downloads.wordpress.org/theme/aasta-light.9.4.zip,"2024-12-07 09:01:40",https://wordpress.org/themes/aasta-light/,,5.6
agencywp,AgencyWP,8.9,8.8,https://downloads.wordpress.org/theme/agencywp.8.9.zip,"2024-12-07 09:02:05",https://wordpress.org/themes/agencywp/,,5.6
appointech,Appointech,7.4,7.3,https://downloads.wordpress.org/theme/appointech.7.4.zip,"2024-12-07 09:02:28",https://wordpress.org/themes/appointech/,,5.6
architect-studio,"Architect Studio",6.7,6.6,https://downloads.wordpress.org/theme/architect-studio.6.7.zip,"2024-12-07 09:02:55",https://wordpress.org/themes/architect-studio/,,5.6
arvada,Arvada,7.1,7.0,https://downloads.wordpress.org/theme/arvada.7.1.zip,"2024-12-07 09:14:44",https://wordpress.org/themes/arvada/,,5.6
assentpress,AssentPress,13.6,13.5,https://downloads.wordpress.org/theme/assentpress.13.6.zip,"2024-12-07 09:15:05",https://wordpress.org/themes/assentpress/,,5.6
beauty-spa-salon,"Beauty Spa Salon",12.2,12.1,https://downloads.wordpress.org/theme/beauty-spa-salon.12.2.zip,"2024-12-07 09:15:28",https://wordpress.org/themes/beauty-spa-salon/,,5.6
blogwar,BlogWar,1.3,1.2,https://downloads.wordpress.org/theme/blogwar.1.3.zip,"2024-12-07 09:15:49",https://wordpress.org/themes/blogwar/,,5.6
brightpress,BrightPress,2.5.7,2.5.6,https://downloads.wordpress.org/theme/brightpress.2.5.7.zip,"2024-12-07 09:16:09",https://wordpress.org/themes/brightpress/,,5.6
builderzone,BuilderZone,3.9,3.8,https://downloads.wordpress.org/theme/builderzone.3.9.zip,"2024-12-07 09:03:24",https://wordpress.org/themes/builderzone/,,5.6
business-stock,"Business Stock",1.7,1.6,https://downloads.wordpress.org/theme/business-stock.1.7.zip,"2024-12-07 09:16:31",https://wordpress.org/themes/business-stock/,,5.6
businesslab,BusinessLab,4.8,4.7,https://downloads.wordpress.org/theme/businesslab.4.8.zip,"2024-12-07 09:03:52",https://wordpress.org/themes/businesslab/,,5.6
businesstek,Businesstek,1.4,1.3,https://downloads.wordpress.org/theme/businesstek.1.4.zip,"2024-12-07 09:06:02",https://wordpress.org/themes/businesstek/,,5.6
consultexo,Consultexo,7.8,7.7,https://downloads.wordpress.org/theme/consultexo.7.8.zip,"2024-12-07 09:06:22",https://wordpress.org/themes/consultexo/,,5.6
consultguide,ConsultGuide,1.2,1.1,https://downloads.wordpress.org/theme/consultguide.1.2.zip,"2024-12-07 09:17:08",https://wordpress.org/themes/consultguide/,,5.6
consulthub,ConsultHub,1.4,1.3,https://downloads.wordpress.org/theme/consulthub.1.4.zip,"2024-12-07 09:16:49",https://wordpress.org/themes/consulthub/,,5.6
consultzone,ConsultZone,2.4,2.3,https://downloads.wordpress.org/theme/consultzone.2.4.zip,"2024-12-07 09:24:16",https://wordpress.org/themes/consultzone/,,5.6
decorexo,Decorexo,11.5,11.4,https://downloads.wordpress.org/theme/decorexo.11.5.zip,"2024-12-07 09:17:29",https://wordpress.org/themes/decorexo/,,5.6
earnpress,EarnPress,5.2,5.1,https://downloads.wordpress.org/theme/earnpress.5.2.zip,"2024-12-07 09:17:49",https://wordpress.org/themes/earnpress/,,5.6
envopress,EnvoPress,10.1,10.0,https://downloads.wordpress.org/theme/envopress.10.1.zip,"2024-12-07 09:18:47",https://wordpress.org/themes/envopress/,,5.6
fitnessbase,FitnessBase,3.3.5,3.3.4,https://downloads.wordpress.org/theme/fitnessbase.3.3.5.zip,"2024-12-07 09:19:14",https://wordpress.org/themes/fitnessbase/,,5.6
globalhub,GlobalHub,2.8,2.7,https://downloads.wordpress.org/theme/globalhub.2.8.zip,"2024-12-07 09:06:52",https://wordpress.org/themes/globalhub/,,5.6
hartford,Hartford,2.6,2.5,https://downloads.wordpress.org/theme/hartford.2.6.zip,"2024-12-07 09:07:14",https://wordpress.org/themes/hartford/,,5.6
house-decor,"House Decor",2.0,1.9,https://downloads.wordpress.org/theme/house-decor.2.0.zip,"2024-12-07 09:07:38",https://wordpress.org/themes/house-decor/,,5.6
intecopress,IntecoPress,12.7,12.6,https://downloads.wordpress.org/theme/intecopress.12.7.zip,"2024-12-07 09:20:47",https://wordpress.org/themes/intecopress/,,5.6
interiorhub,InteriorHub,8.7,8.6,https://downloads.wordpress.org/theme/interiorhub.8.7.zip,"2024-12-07 09:08:00",https://wordpress.org/themes/interiorhub/,,5.6
madisonblog,MadisonBlog,3.1,3.0,https://downloads.wordpress.org/theme/madisonblog.3.1.zip,"2024-12-07 09:19:31",https://wordpress.org/themes/madisonblog/,,5.6
stockpress,StockPress,5.7,5.6,https://downloads.wordpress.org/theme/stockpress.5.7.zip,"2024-12-07 09:08:21",https://wordpress.org/themes/stockpress/,,5.6
kids-education-bell,"Kids Education Bell",1.1.0,1.0.2,https://downloads.wordpress.org/theme/kids-education-bell.1.1.0.zip,"2024-12-07 11:22:39",https://wordpress.org/themes/kids-education-bell/,,5.6
vivi-mag,"Vivi Mag",1.0.4,1.0.3,https://downloads.wordpress.org/theme/vivi-mag.1.0.4.zip,"2024-12-07 11:21:01",https://wordpress.org/themes/vivi-mag/,,5.3
personal-bodyguard,"Personal Bodyguard",1.0.0,,https://downloads.wordpress.org/theme/personal-bodyguard.1.0.0.zip,"2024-12-07 11:11:48",https://wordpress.org/themes/personal-bodyguard/,6.0,7.2
giornale,Giornale,1.0.3,1.0.2,https://downloads.wordpress.org/theme/giornale.1.0.3.zip,"2024-12-07 11:38:32",https://wordpress.org/themes/giornale/,,5.3
centralnews,CentralNews,2.0.20,2.0.19,https://downloads.wordpress.org/theme/centralnews.2.0.20.zip,"2024-12-07 14:16:15",https://wordpress.org/themes/centralnews/,5.3,5.6
globalnews,GlobalNews,1.0.9,1.0.8,https://downloads.wordpress.org/theme/globalnews.1.0.9.zip,"2024-12-07 14:15:56",https://wordpress.org/themes/globalnews/,5.3,7.0
morenews,MoreNews,3.2.0,3.1.0,https://downloads.wordpress.org/theme/morenews.3.2.0.zip,"2024-12-07 14:07:37",https://wordpress.org/themes/morenews/,5.3,5.6
newsmore,NewsMore,1.2.15,1.2.14,https://downloads.wordpress.org/theme/newsmore.1.2.15.zip,"2024-12-07 14:15:35",https://wordpress.org/themes/newsmore/,5.3,5.6
minimalist-blogify,"Minimalist Blogify",1.0,,https://downloads.wordpress.org/theme/minimalist-blogify.1.0.zip,"2024-12-07 14:26:48",https://wordpress.org/themes/minimalist-blogify/,4.0,5.3
haley,Haley,1.0.3,1.0.2,https://downloads.wordpress.org/theme/haley.1.0.3.zip,"2024-12-07 17:24:38",https://wordpress.org/themes/haley/,,5.3
daily-diary,"Daily Diary",1.0.3,1.0.2,https://downloads.wordpress.org/theme/daily-diary.1.0.3.zip,"2024-12-07 18:21:33",https://wordpress.org/themes/daily-diary/,,5.3
minimalista-base,"Minimalista Base",1.0.4,1.0.3,https://downloads.wordpress.org/theme/minimalista-base.1.0.4.zip,"2024-12-07 17:45:25",https://wordpress.org/themes/minimalista-base/,,5.3
galaxis,Galaxis,1.8.5,1.8.4,https://downloads.wordpress.org/theme/galaxis.1.8.5.zip,"2024-12-07 19:16:16",https://wordpress.org/themes/galaxis/,5.0,7.0
oceanly,Oceanly,1.7.9,1.7.8,https://downloads.wordpress.org/theme/oceanly.1.7.9.zip,"2024-12-07 19:09:04",https://wordpress.org/themes/oceanly/,5.0,7.0
pressbook,PressBook,2.1.0,2.0.9,https://downloads.wordpress.org/theme/pressbook.2.1.0.zip,"2024-12-07 19:03:26",https://wordpress.org/themes/pressbook/,5.3,7.0
flat-blocks-classic,"Flat Blocks Classic",1.3.3,1.3.2,https://downloads.wordpress.org/theme/flat-blocks-classic.1.3.3.zip,"2024-12-07 20:09:37",https://wordpress.org/themes/flat-blocks-classic/,6.5,7.4
flat-blocks,"Flat Blocks",1.9.7,1.9.6,https://downloads.wordpress.org/theme/flat-blocks.1.9.7.zip,"2024-12-07 19:22:17",https://wordpress.org/themes/flat-blocks/,6.5,7.4
toocheke,Toocheke,1.0.240,1.0.239,https://downloads.wordpress.org/theme/toocheke.1.0.240.zip,"2024-12-07 21:16:24",https://wordpress.org/themes/toocheke/,,7.4
classic-barbershop,"Classic Barbershop",0.7.9,0.7.8,https://downloads.wordpress.org/theme/classic-barbershop.0.7.9.zip,"2024-12-08 06:13:17",https://wordpress.org/themes/classic-barbershop/,5.0,5.6
classic-coffee-shop,"Classic Coffee Shop",3.2.9,3.2.8,https://downloads.wordpress.org/theme/classic-coffee-shop.3.2.9.zip,"2024-12-08 06:13:01",https://wordpress.org/themes/classic-coffee-shop/,5.0,5.6
classic-industry,"Classic Industry",0.9.9,0.9.8,https://downloads.wordpress.org/theme/classic-industry.0.9.9.zip,"2024-12-08 06:12:56",https://wordpress.org/themes/classic-industry/,5.0,5.6
classic-interior,"Classic Interior",2.7.8,2.7.7,https://downloads.wordpress.org/theme/classic-interior.2.7.8.zip,"2024-12-08 06:11:17",https://wordpress.org/themes/classic-interior/,5.0,7.2
jewellery-shop,"Jewellery Shop",4.5.8,4.5.7,https://downloads.wordpress.org/theme/jewellery-shop.4.5.8.zip,"2024-12-08 06:11:09",https://wordpress.org/themes/jewellery-shop/,5.0,5.6
luxury-interior,"Luxury Interior",1.2.7,1.2.6,https://downloads.wordpress.org/theme/luxury-interior.1.2.7.zip,"2024-12-08 06:11:01",https://wordpress.org/themes/luxury-interior/,5.0,5.6
perfect-electrician,"Perfect Electrician",3.2.7,3.2.6,https://downloads.wordpress.org/theme/perfect-electrician.3.2.7.zip,"2024-12-08 06:10:30",https://wordpress.org/themes/perfect-electrician/,5.0,5.6
swimming-pool,"Swimming Pool",3.2.6,3.2.5,https://downloads.wordpress.org/theme/swimming-pool.3.2.6.zip,"2024-12-08 06:10:21",https://wordpress.org/themes/swimming-pool/,5.0,5.6
tea-cafe-delight,"Tea Cafe Delight",3.2.8,3.2.7,https://downloads.wordpress.org/theme/tea-cafe-delight.3.2.8.zip,"2024-12-08 06:09:02",https://wordpress.org/themes/tea-cafe-delight/,5.0,5.6
zodiac-astrology,"Zodiac Astrology",3.2.6,3.2.5,https://downloads.wordpress.org/theme/zodiac-astrology.3.2.6.zip,"2024-12-08 06:08:52",https://wordpress.org/themes/zodiac-astrology/,5.0,5.6
honrix,Honrix,1.3.56,1.3.54,https://downloads.wordpress.org/theme/honrix.1.3.56.zip,"2024-12-08 06:41:45",https://wordpress.org/themes/honrix/,4.7,5.6
restaurant-elementor,"Restaurant Elementor",1.5,1.4,https://downloads.wordpress.org/theme/restaurant-elementor.1.5.zip,"2024-12-08 07:55:24",https://wordpress.org/themes/restaurant-elementor/,,5.6
galaxis,Galaxis,1.8.6,1.8.5,https://downloads.wordpress.org/theme/galaxis.1.8.6.zip,"2024-12-08 10:15:30",https://wordpress.org/themes/galaxis/,5.0,7.0
pressbook,PressBook,2.1.1,2.1.0,https://downloads.wordpress.org/theme/pressbook.2.1.1.zip,"2024-12-08 10:12:13",https://wordpress.org/themes/pressbook/,5.3,7.0
oceanly,Oceanly,1.8.0,1.7.9,https://downloads.wordpress.org/theme/oceanly.1.8.0.zip,"2024-12-08 11:08:25",https://wordpress.org/themes/oceanly/,5.0,7.0
savana-lite,"Savana Lite",1.5.0,1.4.9.9,https://downloads.wordpress.org/theme/savana-lite.1.5.0.zip,"2024-12-08 12:47:10",https://wordpress.org/themes/savana-lite/,,5.3
sheeba-lite,"Sheeba Lite",1.3.9,1.3.8,https://downloads.wordpress.org/theme/sheeba-lite.1.3.9.zip,"2024-12-08 11:50:56",https://wordpress.org/themes/sheeba-lite/,,5.3
crcote-corporate,"Crcote Corporate",1.0.8,1.0.7,https://downloads.wordpress.org/theme/crcote-corporate.1.0.8.zip,"2024-12-08 18:44:53",https://wordpress.org/themes/crcote-corporate/,5.9,5.6
blogarise,BlogArise,0.97,0.96,https://downloads.wordpress.org/theme/blogarise.0.97.zip,"2024-12-09 01:41:33",https://wordpress.org/themes/blogarise/,5.4,7.4
blogdata,BlogData,1.1.7,1.1.6,https://downloads.wordpress.org/theme/blogdata.1.1.7.zip,"2024-12-09 01:42:14",https://wordpress.org/themes/blogdata/,5.4,7.4
blogus,Blogus,2.2.6,2.2.5,https://downloads.wordpress.org/theme/blogus.2.2.6.zip,"2024-12-09 01:39:28",https://wordpress.org/themes/blogus/,5.4,7.4
businessup,Businessup,3.0.9,3.0.8,https://downloads.wordpress.org/theme/businessup.3.0.9.zip,"2024-12-09 01:44:05",https://wordpress.org/themes/businessup/,5.4,7.0
consultco,Consultco,1.9,1.8,https://downloads.wordpress.org/theme/consultco.1.9.zip,"2024-12-09 01:44:50",https://wordpress.org/themes/consultco/,,5.6
financeup,financeup,2.1,2.0,https://downloads.wordpress.org/theme/financeup.2.1.zip,"2024-12-09 01:47:44",https://wordpress.org/themes/financeup/,5.4,7.0
newsair,Newsair,1.0.0.65,1.0.0.64,https://downloads.wordpress.org/theme/newsair.1.0.0.65.zip,"2024-12-09 01:40:53",https://wordpress.org/themes/newsair/,5.4,7.4
newses,Newses,2.0.0.44,2.0.0.43,https://downloads.wordpress.org/theme/newses.2.0.0.44.zip,"2024-12-09 01:40:08",https://wordpress.org/themes/newses/,5.4,7.4
newspaperup,Newspaperup,1.0.7,1.0.6,https://downloads.wordpress.org/theme/newspaperup.1.0.7.zip,"2024-12-09 01:43:09",https://wordpress.org/themes/newspaperup/,5.4,7.4
newsup,Newsup,4.0.0.65,4.0.0.64,https://downloads.wordpress.org/theme/newsup.4.0.0.65.zip,"2024-12-09 01:38:49",https://wordpress.org/themes/newsup/,5.4,7.4
book-review-blog,"Book Review Blog",1.1.7,1.1.6,https://downloads.wordpress.org/theme/book-review-blog.1.1.7.zip,"2024-12-09 04:03:12",https://wordpress.org/themes/book-review-blog/,5.0,5.6
it-residence,"IT Residence",2.8.6,2.8.5,https://downloads.wordpress.org/theme/it-residence.2.8.6.zip,"2024-12-09 05:25:17",https://wordpress.org/themes/it-residence/,,5.6
kindergarten-playschool,"Kindergarten Playschool",0.0.8,0.0.7,https://downloads.wordpress.org/theme/kindergarten-playschool.0.0.8.zip,"2024-12-09 04:39:00",https://wordpress.org/themes/kindergarten-playschool/,5.0,7.2
lms-education-study,"LMS Education Study",0.1.0,0.0.9,https://downloads.wordpress.org/theme/lms-education-study.0.1.0.zip,"2024-12-09 04:38:30",https://wordpress.org/themes/lms-education-study/,5.0,7.2
roofing-flooring,"Roofing Flooring",0.0.7,0.0.6,https://downloads.wordpress.org/theme/roofing-flooring.0.0.7.zip,"2024-12-09 04:37:57",https://wordpress.org/themes/roofing-flooring/,5.0,7.2
skin-care-products,"Skin Care Products",0.0.3,0.0.2,https://downloads.wordpress.org/theme/skin-care-products.0.0.3.zip,"2024-12-09 04:39:32",https://wordpress.org/themes/skin-care-products/,5.0,7.2
blog-reflection,"Blog Reflection",1.0.4,,https://downloads.wordpress.org/theme/blog-reflection.1.0.4.zip,"2024-12-09 05:26:48",https://wordpress.org/themes/blog-reflection/,,5.6
aasta,Aasta,11.0,10.9,https://downloads.wordpress.org/theme/aasta.11.0.zip,"2024-12-09 05:43:31",https://wordpress.org/themes/aasta/,,5.6
academic-education,"Academic Education",0.5.6,0.5.5,https://downloads.wordpress.org/theme/academic-education.0.5.6.zip,"2024-12-09 06:35:05",https://wordpress.org/themes/academic-education/,5.0,7.2
antique-jewelry,"Antique Jewelry",1.7,1.6,https://downloads.wordpress.org/theme/antique-jewelry.1.7.zip,"2024-12-09 06:00:28",https://wordpress.org/themes/antique-jewelry/,6.1,7.2
arilewp,ArileWP,3.12.4,3.12.3,https://downloads.wordpress.org/theme/arilewp.3.12.4.zip,"2024-12-09 05:43:57",https://wordpress.org/themes/arilewp/,,5.6
baker-shop,"Baker Shop",0.5,0.4,https://downloads.wordpress.org/theme/baker-shop.0.5.zip,"2024-12-09 06:32:15",https://wordpress.org/themes/baker-shop/,5.0,7.2
business-venture,"Business Venture",1.2,1.1,https://downloads.wordpress.org/theme/business-venture.1.2.zip,"2024-12-09 06:00:54",https://wordpress.org/themes/business-venture/,6.1,7.2
cleaning-expert,"Cleaning Expert",1.1.4,1.1.3,https://downloads.wordpress.org/theme/cleaning-expert.1.1.4.zip,"2024-12-09 06:30:55",https://wordpress.org/themes/cleaning-expert/,5.0,7.2
consultstreet,ConsultStreet,2.8.4,2.8.3,https://downloads.wordpress.org/theme/consultstreet.2.8.4.zip,"2024-12-09 05:44:28",https://wordpress.org/themes/consultstreet/,,5.6
designexo,Designexo,16.3,16.2,https://downloads.wordpress.org/theme/designexo.16.3.zip,"2024-12-09 05:45:00",https://wordpress.org/themes/designexo/,,5.6
digital-online-courses,"Digital Online Courses",1.5,1.4,https://downloads.wordpress.org/theme/digital-online-courses.1.5.zip,"2024-12-09 06:01:15",https://wordpress.org/themes/digital-online-courses/,6.1,7.2
fse-travel-agent,"FSE Travel Agent",1.1.1,1.1.0,https://downloads.wordpress.org/theme/fse-travel-agent.1.1.1.zip,"2024-12-09 06:39:08",https://wordpress.org/themes/fse-travel-agent/,5.9,5.6
home-appliances-store,"Home Appliances Store",1.2,1.1,https://downloads.wordpress.org/theme/home-appliances-store.1.2.zip,"2024-12-09 06:01:41",https://wordpress.org/themes/home-appliances-store/,6.1,7.2
home-decoration-shop,"Home Decoration Shop",1.8,1.7,https://downloads.wordpress.org/theme/home-decoration-shop.1.8.zip,"2024-12-09 06:02:20",https://wordpress.org/themes/home-decoration-shop/,6.1,7.2
legal-counselor,"Legal Counselor",1.1.4,1.1.3,https://downloads.wordpress.org/theme/legal-counselor.1.1.4.zip,"2024-12-09 06:40:20",https://wordpress.org/themes/legal-counselor/,5.9,5.6
mobile-app-company,"Mobile App Company",1.5,1.4,https://downloads.wordpress.org/theme/mobile-app-company.1.5.zip,"2024-12-09 06:02:44",https://wordpress.org/themes/mobile-app-company/,6.1,7.2
news-digest,"News Digest",1.8,1.7,https://downloads.wordpress.org/theme/news-digest.1.8.zip,"2024-12-09 05:45:23",https://wordpress.org/themes/news-digest/,,5.6
newsexo,NewsExo,3.0,2.9,https://downloads.wordpress.org/theme/newsexo.3.0.zip,"2024-12-09 05:45:54",https://wordpress.org/themes/newsexo/,,5.6
newsio,Newsio,2.3,2.2,https://downloads.wordpress.org/theme/newsio.2.3.zip,"2024-12-09 05:46:14",https://wordpress.org/themes/newsio/,,5.6
real-estate-services,"Real Estate Services",0.1.5,0.1.4,https://downloads.wordpress.org/theme/real-estate-services.0.1.5.zip,"2024-12-09 06:32:47",https://wordpress.org/themes/real-estate-services/,5.0,7.2
spiritual-meditation,"Spiritual Meditation",1.1.2,1.1.1,https://downloads.wordpress.org/theme/spiritual-meditation.1.1.2.zip,"2024-12-09 06:31:41",https://wordpress.org/themes/spiritual-meditation/,5.0,7.2
bc-store,"BC Store",1.0.1,,https://downloads.wordpress.org/theme/bc-store.1.0.1.zip,"2024-12-09 05:56:48",https://wordpress.org/themes/bc-store/,5.0,7.0
shoppy,Shoppy,1.0.0,,https://downloads.wordpress.org/theme/shoppy.1.0.0.zip,"2024-12-09 05:56:53",https://wordpress.org/themes/shoppy/,5.6,5.2.4
spike-music,"Spike Music",1.0.0,,https://downloads.wordpress.org/theme/spike-music.1.0.0.zip,"2024-12-09 05:41:48",https://wordpress.org/themes/spike-music/,6.0,5.6
tasteful-recipe,"Tasteful Recipe",1.0.1,,https://downloads.wordpress.org/theme/tasteful-recipe.1.0.1.zip,"2024-12-09 06:26:42",https://wordpress.org/themes/tasteful-recipe/,6.2,7.3
awpbusinesspress,AwpBusinessPress,0.6.7,0.6.6,https://downloads.wordpress.org/theme/awpbusinesspress.0.6.7.zip,"2024-12-09 07:18:21",https://wordpress.org/themes/awpbusinesspress/,,5.4
outdoor-kitchen,"Outdoor Kitchen",1.0.9,1.0.8,https://downloads.wordpress.org/theme/outdoor-kitchen.1.0.9.zip,"2024-12-09 06:40:54",https://wordpress.org/themes/outdoor-kitchen/,,5.6
tennis-club,"Tennis Club",1.0.9,1.0.8,https://downloads.wordpress.org/theme/tennis-club.1.0.9.zip,"2024-12-09 06:41:51",https://wordpress.org/themes/tennis-club/,,5.6
toy-store-fse,"Toy Store FSE",1.0.9,1.0.8,https://downloads.wordpress.org/theme/toy-store-fse.1.0.9.zip,"2024-12-09 06:43:45",https://wordpress.org/themes/toy-store-fse/,5.9,5.6
yoga-master,"Yoga Master",1.1.3,1.1.2,https://downloads.wordpress.org/theme/yoga-master.1.1.3.zip,"2024-12-09 06:44:28",https://wordpress.org/themes/yoga-master/,5.9,5.6
cryptocurrency-exchange,"Cryptocurrency Exchange",1.8.6,1.8.5,https://downloads.wordpress.org/theme/cryptocurrency-exchange.1.8.6.zip,"2024-12-09 08:16:28",https://wordpress.org/themes/cryptocurrency-exchange/,,5.4
medihealth,MediHealth,0.7.0,0.6.9,https://downloads.wordpress.org/theme/medihealth.0.7.0.zip,"2024-12-09 08:35:08",https://wordpress.org/themes/medihealth/,,5.4
catering-services,"Catering Services",0.6.3,0.6.2,https://downloads.wordpress.org/theme/catering-services.0.6.3.zip,"2024-12-09 08:40:23",https://wordpress.org/themes/catering-services/,5.0,7.2
hr-management-consultancy,"HR Management Consultancy",0.5.1,0.5,https://downloads.wordpress.org/theme/hr-management-consultancy.0.5.1.zip,"2024-12-09 08:40:57",https://wordpress.org/themes/hr-management-consultancy/,5.0,7.2
multivendor-marketplace,"Multivendor Marketplace",0.5.7,0.5.6,https://downloads.wordpress.org/theme/multivendor-marketplace.0.5.7.zip,"2024-12-09 08:42:27",https://wordpress.org/themes/multivendor-marketplace/,5.0,7.2
political-campaign,"Political Campaign",0.5.9,0.5.8,https://downloads.wordpress.org/theme/political-campaign.0.5.9.zip,"2024-12-09 08:45:01",https://wordpress.org/themes/political-campaign/,5.0,7.2
psychology-therapist,"Psychology Therapist",0.5.5,0.5.4,https://downloads.wordpress.org/theme/psychology-therapist.0.5.5.zip,"2024-12-09 08:47:33",https://wordpress.org/themes/psychology-therapist/,5.0,7.2
vw-bakers,"VW Bakers",0.2,0.1,https://downloads.wordpress.org/theme/vw-bakers.0.2.zip,"2024-12-09 08:48:21",https://wordpress.org/themes/vw-bakers/,5.0,7.2
vw-church,"VW Church",0.5.3,0.5.2,https://downloads.wordpress.org/theme/vw-church.0.5.3.zip,"2024-12-09 08:49:31",https://wordpress.org/themes/vw-church/,5.0,7.2
shoes-store,"Shoes Store",0.1,,https://downloads.wordpress.org/theme/shoes-store.0.1.zip,"2024-12-09 10:26:53",https://wordpress.org/themes/shoes-store/,5.0,7.2
zummo-prime,"Zummo Prime",1.0,,https://downloads.wordpress.org/theme/zummo-prime.1.0.zip,"2024-12-09 10:11:49",https://wordpress.org/themes/zummo-prime/,6.6,5.7
dadaist,Dadaist,1.0.0,,https://downloads.wordpress.org/theme/dadaist.1.0.0.zip,"2024-12-09 10:42:01",https://wordpress.org/themes/dadaist/,6.7,5.7
newsical,Newsical,1.0.0,,https://downloads.wordpress.org/theme/newsical.1.0.0.zip,"2024-12-09 10:41:55",https://wordpress.org/themes/newsical/,5.3,7.0
yaatra-blog,"Yaatra Blog",1.0.2,,https://downloads.wordpress.org/theme/yaatra-blog.1.0.2.zip,"2024-12-09 10:41:49",https://wordpress.org/themes/yaatra-blog/,5.6,7.2
corpiva,Corpiva,1.0.32,1.0.31,https://downloads.wordpress.org/theme/corpiva.1.0.32.zip,"2024-12-09 12:02:33",https://wordpress.org/themes/corpiva/,4.7,5.6
corvia,Corvia,0.9,0.8,https://downloads.wordpress.org/theme/corvia.0.9.zip,"2024-12-09 12:03:30",https://wordpress.org/themes/corvia/,4.7,5.6
corvita,Corvita,1.0.8,1.0.7,https://downloads.wordpress.org/theme/corvita.1.0.8.zip,"2024-12-09 12:03:03",https://wordpress.org/themes/corvita/,4.7,5.6
daystory,DayStory,1.0.57,1.0.56,https://downloads.wordpress.org/theme/daystory.1.0.57.zip,"2024-12-09 11:56:36",https://wordpress.org/themes/daystory/,4.7,7.0
newsalert,NewsAlert,1.0.3,1.0.2,https://downloads.wordpress.org/theme/newsalert.1.0.3.zip,"2024-12-09 11:58:50",https://wordpress.org/themes/newsalert/,4.7,7.0
newsalt,NewsAlt,1.0.37,1.0.36,https://downloads.wordpress.org/theme/newsalt.1.0.37.zip,"2024-12-09 11:57:00",https://wordpress.org/themes/newsalt/,4.7,7.0
newsdaily,NewsDaily,1.0.59,1.0.58,https://downloads.wordpress.org/theme/newsdaily.1.0.59.zip,"2024-12-09 11:56:13",https://wordpress.org/themes/newsdaily/,4.7,7.0
newshours,NewsHours,1.0.25,1.0.24,https://downloads.wordpress.org/theme/newshours.1.0.25.zip,"2024-12-09 11:57:27",https://wordpress.org/themes/newshours/,4.7,7.0
newsmash,NewsMash,1.0.74,1.0.73,https://downloads.wordpress.org/theme/newsmash.1.0.74.zip,"2024-12-09 11:55:47",https://wordpress.org/themes/newsmash/,4.7,7.0
newsmunch,NewsMunch,1.0.38,1.0.37,https://downloads.wordpress.org/theme/newsmunch.1.0.38.zip,"2024-12-09 11:57:59",https://wordpress.org/themes/newsmunch/,4.7,7.0
newstick,NewsTick,1.0.32,1.0.31,https://downloads.wordpress.org/theme/newstick.1.0.32.zip,"2024-12-09 11:58:27",https://wordpress.org/themes/newstick/,4.7,7.0
supermarket-shopping,"Supermarket Shopping",0.2,0.1,https://downloads.wordpress.org/theme/supermarket-shopping.0.2.zip,"2024-12-09 11:32:20",https://wordpress.org/themes/supermarket-shopping/,,7.2
wen-travel-blog,"WEN Travel Blog",1.0.5,1.0.4,https://downloads.wordpress.org/theme/wen-travel-blog.1.0.5.zip,"2024-12-09 11:43:40",https://wordpress.org/themes/wen-travel-blog/,5.6,5.6
wen-travel-corporate,"WEN Travel Corporate",1.0.5,1.0.4,https://downloads.wordpress.org/theme/wen-travel-corporate.1.0.5.zip,"2024-12-09 11:45:11",https://wordpress.org/themes/wen-travel-corporate/,5.6,5.6
wen-travel-dark,"WEN Travel Dark",1.0.5,1.0.4,https://downloads.wordpress.org/theme/wen-travel-dark.1.0.5.zip,"2024-12-09 11:44:26",https://wordpress.org/themes/wen-travel-dark/,5.6,5.6
wen-travel-modern,"WEN Travel Modern",1.0.4,1.0.3,https://downloads.wordpress.org/theme/wen-travel-modern.1.0.4.zip,"2024-12-09 11:45:50",https://wordpress.org/themes/wen-travel-modern/,5.6,5.6
wen-travel-photography,"WEN Travel Photography",1.0.4,1.0.3,https://downloads.wordpress.org/theme/wen-travel-photography.1.0.4.zip,"2024-12-09 11:47:53",https://wordpress.org/themes/wen-travel-photography/,5.6,5.6
wen-travel,"WEN Travel",1.2.5,1.2.4,https://downloads.wordpress.org/theme/wen-travel.1.2.5.zip,"2024-12-09 11:43:18",https://wordpress.org/themes/wen-travel/,5.6,5.6
dentist-dental-care,"Dentist Dental Care",3.6,3.5,https://downloads.wordpress.org/theme/dentist-dental-care.3.6.zip,"2024-12-09 12:58:10",https://wordpress.org/themes/dentist-dental-care/,5.0,7.2
fashion-designer-mart,"Fashion Designer Mart",3.5,3.4,https://downloads.wordpress.org/theme/fashion-designer-mart.3.5.zip,"2024-12-09 12:58:52",https://wordpress.org/themes/fashion-designer-mart/,5.0,7.2
foodie-restaurant,"Foodie Restaurant",4.0,3.9,https://downloads.wordpress.org/theme/foodie-restaurant.4.0.zip,"2024-12-09 12:59:29",https://wordpress.org/themes/foodie-restaurant/,5.0,7.2
hairstyle-salon,"Hairstyle Salon",3.5,3.4,https://downloads.wordpress.org/theme/hairstyle-salon.3.5.zip,"2024-12-09 13:00:41",https://wordpress.org/themes/hairstyle-salon/,5.0,7.2
home-automation,"Home Automation",4.0,3.9,https://downloads.wordpress.org/theme/home-automation.4.0.zip,"2024-12-09 13:01:47",https://wordpress.org/themes/home-automation/,5.0,7.2
online-video-games,"Online Video Games",4.0,3.9,https://downloads.wordpress.org/theme/online-video-games.4.0.zip,"2024-12-09 13:03:16",https://wordpress.org/themes/online-video-games/,5.0,7.2
plant-garden,"Plant Garden",3.6,3.5,https://downloads.wordpress.org/theme/plant-garden.3.6.zip,"2024-12-09 13:03:46",https://wordpress.org/themes/plant-garden/,5.0,7.2
professional-blogger,"Professional Blogger",3.3,3.2,https://downloads.wordpress.org/theme/professional-blogger.3.3.zip,"2024-12-09 13:04:32",https://wordpress.org/themes/professional-blogger/,5.0,7.2
spiral-lite-one-page,"Spiral Lite One Page",1.3.5,1.3.4,https://downloads.wordpress.org/theme/spiral-lite-one-page.1.3.5.zip,"2024-12-09 13:29:16",https://wordpress.org/themes/spiral-lite-one-page/,,5.6
travel-tour,"Travel Tour",3.0.1,3.0.0,https://downloads.wordpress.org/theme/travel-tour.3.0.1.zip,"2024-12-09 13:21:02",https://wordpress.org/themes/travel-tour/,5.0.0,5.6
edupress,EduPress,1.7.0,1.6.4,https://downloads.wordpress.org/theme/edupress.1.7.0.zip,"2024-12-09 14:21:33",https://wordpress.org/themes/edupress/,,7.4
hestia,Hestia,3.2.7,3.2.6,https://downloads.wordpress.org/theme/hestia.3.2.7.zip,"2024-12-09 13:46:46",https://wordpress.org/themes/hestia/,,5.4.0
prespa-travel,"Prespa Travel",1.0.3,1.0.2,https://downloads.wordpress.org/theme/prespa-travel.1.0.3.zip,"2024-12-09 14:49:10",https://wordpress.org/themes/prespa-travel/,6.1,5.6
accron,Accron,1.6.4,1.6.3,https://downloads.wordpress.org/theme/accron.1.6.4.zip,"2024-12-09 16:58:08",https://wordpress.org/themes/accron/,4.7,5.6
appointo,Appointo,10.8,10.7,https://downloads.wordpress.org/theme/appointo.10.8.zip,"2024-12-09 16:59:31",https://wordpress.org/themes/appointo/,4.7,5.6
avril,Avril,11.6,11.5,https://downloads.wordpress.org/theme/avril.11.6.zip,"2024-12-09 16:57:20",https://wordpress.org/themes/avril/,4.7,5.6
colorpress,ColorPress,11.2,11.1,https://downloads.wordpress.org/theme/colorpress.11.2.zip,"2024-12-09 16:56:49",https://wordpress.org/themes/colorpress/,4.7,5.6
conceptly,Conceptly,12.2,12.1,https://downloads.wordpress.org/theme/conceptly.12.2.zip,"2024-12-09 16:56:17",https://wordpress.org/themes/conceptly/,4.7,5.6
corpex,Corpex,5.1,5.0,https://downloads.wordpress.org/theme/corpex.5.1.zip,"2024-12-09 16:59:09",https://wordpress.org/themes/corpex/,4.7,5.6
eduvert,Eduvert,11.3,11.2,https://downloads.wordpress.org/theme/eduvert.11.3.zip,"2024-12-09 17:03:45",https://wordpress.org/themes/eduvert/,4.7,5.6
flavita,Flavita,11.3,11.2,https://downloads.wordpress.org/theme/flavita.11.3.zip,"2024-12-09 16:55:47",https://wordpress.org/themes/flavita/,4.7,5.6
gradiant,Gradiant,11.6,11.5,https://downloads.wordpress.org/theme/gradiant.11.6.zip,"2024-12-09 16:55:16",https://wordpress.org/themes/gradiant/,4.7,5.6
hantus,Hantus,12.3,12.2,https://downloads.wordpress.org/theme/hantus.12.3.zip,"2024-12-09 17:03:10",https://wordpress.org/themes/hantus/,4.7,5.6
medazin,Medazin,9.0,8.9,https://downloads.wordpress.org/theme/medazin.9.0.zip,"2024-12-09 17:02:38",https://wordpress.org/themes/medazin/,4.7,5.6
nexcraft,NexCraft,1.6,1.4,https://downloads.wordpress.org/theme/nexcraft.1.6.zip,"2024-12-09 17:01:48",https://wordpress.org/themes/nexcraft/,4.7,5.6
startkit,StartKit,13.5,13.4,https://downloads.wordpress.org/theme/startkit.13.5.zip,"2024-12-09 17:00:57",https://wordpress.org/themes/startkit/,4.7,5.6
villapress,VillaPress,2.6,2.5,https://downloads.wordpress.org/theme/villapress.2.6.zip,"2024-12-09 17:00:00",https://wordpress.org/themes/villapress/,,7.0
anna-lite,"Anna Lite",1.5.2,1.5.1,https://downloads.wordpress.org/theme/anna-lite.1.5.2.zip,"2024-12-09 18:02:32",https://wordpress.org/themes/anna-lite/,,5.3
blog-reflection,"Blog Reflection",1.0.5,1.0.4,https://downloads.wordpress.org/theme/blog-reflection.1.0.5.zip,"2024-12-09 18:07:02",https://wordpress.org/themes/blog-reflection/,,5.6
resumee,Resumee,0.6.3,0.6.2,https://downloads.wordpress.org/theme/resumee.0.6.3.zip,"2024-12-09 18:08:49",https://wordpress.org/themes/resumee/,5.0,
suevafree,SuevaFree,3.9.4.2,3.9.4.1,https://downloads.wordpress.org/theme/suevafree.3.9.4.2.zip,"2024-12-09 17:46:27",https://wordpress.org/themes/suevafree/,,5.3
news-maker,"News Maker",1.1.8,1.1.7,https://downloads.wordpress.org/theme/news-maker.1.1.8.zip,"2024-12-09 23:01:59",https://wordpress.org/themes/news-maker/,6.2,5.6
edify,Edify,1.0.10,1.0.9,https://downloads.wordpress.org/theme/edify.1.0.10.zip,"2024-12-10 02:16:56",https://wordpress.org/themes/edify/,5.0,7.0
greenigma,Greenigma,2.11,2.10,https://downloads.wordpress.org/theme/greenigma.2.11.zip,"2024-12-10 02:49:09",https://wordpress.org/themes/greenigma/,,7.2
impulsive,Impulsive,1.08,1.07,https://downloads.wordpress.org/theme/impulsive.1.08.zip,"2024-12-10 02:50:53",https://wordpress.org/themes/impulsive/,,5.6
parallaxis,parallaxis,2.3,2.2,https://downloads.wordpress.org/theme/parallaxis.2.3.zip,"2024-12-10 02:48:27",https://wordpress.org/themes/parallaxis/,,7.0
swiftly,Swiftly,1.09,1.08,https://downloads.wordpress.org/theme/swiftly.1.09.zip,"2024-12-10 02:49:46",https://wordpress.org/themes/swiftly/,,5.6
technify,Technify,1.23,1.22,https://downloads.wordpress.org/theme/technify.1.23.zip,"2024-12-10 02:50:23",https://wordpress.org/themes/technify/,,5.6
fse-agency,"FSE Agency",2.0.1,2.0.0,https://downloads.wordpress.org/theme/fse-agency.2.0.1.zip,"2024-12-10 04:13:44",https://wordpress.org/themes/fse-agency/,5.9,5.6
fse-travel-blog,"FSE Travel Blog",1.0.1,1.0.0,https://downloads.wordpress.org/theme/fse-travel-blog.1.0.1.zip,"2024-12-10 04:19:20",https://wordpress.org/themes/fse-travel-blog/,,5.6
novel-writer,"Novel Writer",2.0.1,2.0.0,https://downloads.wordpress.org/theme/novel-writer.2.0.1.zip,"2024-12-10 04:20:13",https://wordpress.org/themes/novel-writer/,5.9,5.6
centralnews,CentralNews,2.0.21,2.0.20,https://downloads.wordpress.org/theme/centralnews.2.0.21.zip,"2024-12-10 06:42:08",https://wordpress.org/themes/centralnews/,4.9,5.3
globalnews,GlobalNews,1.0.10,1.0.9,https://downloads.wordpress.org/theme/globalnews.1.0.10.zip,"2024-12-10 06:41:48",https://wordpress.org/themes/globalnews/,4.9,5.3
kitchen-interior-design,"Kitchen Interior Design",0.0.7,0.0.6,https://downloads.wordpress.org/theme/kitchen-interior-design.0.0.7.zip,"2024-12-10 07:29:27",https://wordpress.org/themes/kitchen-interior-design/,5.0,7.2
newsical,Newsical,1.0.1,1.0.0,https://downloads.wordpress.org/theme/newsical.1.0.1.zip,"2024-12-10 06:40:40",https://wordpress.org/themes/newsical/,4.9,5.3
newsmore,NewsMore,1.2.16,1.2.15,https://downloads.wordpress.org/theme/newsmore.1.2.16.zip,"2024-12-10 06:40:14",https://wordpress.org/themes/newsmore/,4.9,5.3
online-educational-courses,"Online Educational Courses",0.0.4,0.0.3,https://downloads.wordpress.org/theme/online-educational-courses.0.0.4.zip,"2024-12-10 07:29:56",https://wordpress.org/themes/online-educational-courses/,5.0,7.2
anamio,Anamio,11.7,11.6,https://downloads.wordpress.org/theme/anamio.11.7.zip,"2024-12-10 08:04:08",https://wordpress.org/themes/anamio/,4.7,5.6
appointable,Appointable,10.7,10.6,https://downloads.wordpress.org/theme/appointable.10.7.zip,"2024-12-10 08:00:30",https://wordpress.org/themes/appointable/,4.7,5.6
arkbiz,ArkBiz,10.7,10.6,https://downloads.wordpress.org/theme/arkbiz.10.7.zip,"2024-12-10 08:00:03",https://wordpress.org/themes/arkbiz/,4.7,5.6
avira,Avira,12.7,12.6,https://downloads.wordpress.org/theme/avira.12.7.zip,"2024-12-10 08:11:39",https://wordpress.org/themes/avira/,4.7,5.6
beauty-cosmetic-store,"Beauty Cosmetic Store",0.0.6,0.0.5,https://downloads.wordpress.org/theme/beauty-cosmetic-store.0.0.6.zip,"2024-12-10 07:31:07",https://wordpress.org/themes/beauty-cosmetic-store/,5.0,7.2
benzer,Benzer,12.7,12.6,https://downloads.wordpress.org/theme/benzer.12.7.zip,"2024-12-10 08:11:14",https://wordpress.org/themes/benzer/,4.7,5.6
ca-simplex-blog,"CA Simplex Blog",2.4.8,2.4.7,https://downloads.wordpress.org/theme/ca-simplex-blog.2.4.8.zip,"2024-12-10 08:10:12",https://wordpress.org/themes/ca-simplex-blog/,,7.0
cartable,Cartable,10.7,10.6,https://downloads.wordpress.org/theme/cartable.10.7.zip,"2024-12-10 07:56:10",https://wordpress.org/themes/cartable/,4.7,5.6
christmas-holiday,"Christmas Holiday",0.5.2,0.5.1,https://downloads.wordpress.org/theme/christmas-holiday.0.5.2.zip,"2024-12-10 08:31:38",https://wordpress.org/themes/christmas-holiday/,5.0,7.2
cinematic-videos,"Cinematic Videos",0.0.7,0.0.6,https://downloads.wordpress.org/theme/cinematic-videos.0.0.7.zip,"2024-12-10 07:31:46",https://wordpress.org/themes/cinematic-videos/,5.0,7.2
construction-engineering,"Construction Engineering",4.2,4.1,https://downloads.wordpress.org/theme/construction-engineering.4.2.zip,"2024-12-10 07:53:27",https://wordpress.org/themes/construction-engineering/,5.0,5.6
construction-hub,"Construction Hub",2.8,2.7,https://downloads.wordpress.org/theme/construction-hub.2.8.zip,"2024-12-10 07:54:21",https://wordpress.org/themes/construction-hub/,5.0,5.6
daizy,Daizy,10.5,10.4,https://downloads.wordpress.org/theme/daizy.10.5.zip,"2024-12-10 08:03:37",https://wordpress.org/themes/daizy/,4.7,5.6
darkmusic-blog,"Darkmusic Blog",1.2.9,1.2.8,https://downloads.wordpress.org/theme/darkmusic-blog.1.2.9.zip,"2024-12-10 08:00:17",https://wordpress.org/themes/darkmusic-blog/,,7.0
elearning-workshop,"Elearning Workshop",0.0.3,0.0.2,https://downloads.wordpress.org/theme/elearning-workshop.0.0.3.zip,"2024-12-10 07:30:33",https://wordpress.org/themes/elearning-workshop/,5.0,7.2
envitech,Envitech,4.2,4.1,https://downloads.wordpress.org/theme/envitech.4.2.zip,"2024-12-10 08:10:52",https://wordpress.org/themes/envitech/,,7.0
exnova,Exnova,2.0,1.9,https://downloads.wordpress.org/theme/exnova.2.0.zip,"2024-12-10 08:10:14",https://wordpress.org/themes/exnova/,4.7,5.6
fabify,Fabify,12.7,12.6,https://downloads.wordpress.org/theme/fabify.12.7.zip,"2024-12-10 08:09:31",https://wordpress.org/themes/fabify/,4.7,5.6
fashion-accessories,"Fashion Accessories",1.1,1.0,https://downloads.wordpress.org/theme/fashion-accessories.1.1.zip,"2024-12-10 07:55:53",https://wordpress.org/themes/fashion-accessories/,5.0,5.6
ferio,Ferio,3.5,3.4,https://downloads.wordpress.org/theme/ferio.3.5.zip,"2024-12-10 08:02:39",https://wordpress.org/themes/ferio/,4.7,5.6
fortify,Fortify,2.7,2.6,https://downloads.wordpress.org/theme/fortify.2.7.zip,"2024-12-10 07:59:38",https://wordpress.org/themes/fortify/,4.7,5.6
gruj,Gruj,11.7,11.6,https://downloads.wordpress.org/theme/gruj.11.7.zip,"2024-12-10 08:02:04",https://wordpress.org/themes/gruj/,4.7,5.6
halloween-party,"Halloween Party",0.5.8,0.5.7,https://downloads.wordpress.org/theme/halloween-party.0.5.8.zip,"2024-12-10 08:33:36",https://wordpress.org/themes/halloween-party/,5.0,7.2
heropress,HeroPress,12.7,12.6,https://downloads.wordpress.org/theme/heropress.12.7.zip,"2024-12-10 07:59:11",https://wordpress.org/themes/heropress/,4.7,5.6
home-reconstruction,"Home Reconstruction",4.0,3.9,https://downloads.wordpress.org/theme/home-reconstruction.4.0.zip,"2024-12-10 07:57:00",https://wordpress.org/themes/home-reconstruction/,5.0,5.6
hstore,hstore,10.7,10.6,https://downloads.wordpress.org/theme/hstore.10.7.zip,"2024-12-10 07:58:23",https://wordpress.org/themes/hstore/,4.7,5.6
ideate,Ideate,10.7,10.6,https://downloads.wordpress.org/theme/ideate.10.7.zip,"2024-12-10 07:55:50",https://wordpress.org/themes/ideate/,4.7,5.6
laxity,Laxity,10.7,10.6,https://downloads.wordpress.org/theme/laxity.10.7.zip,"2024-12-10 07:55:28",https://wordpress.org/themes/laxity/,4.7,5.6
luxestay-hotel,"Luxestay Hotel",1.2.0,1.1.9,https://downloads.wordpress.org/theme/luxestay-hotel.1.2.0.zip,"2024-12-10 07:49:39",https://wordpress.org/themes/luxestay-hotel/,,7.0
magzee,MagZee,12.7,12.6,https://downloads.wordpress.org/theme/magzee.12.7.zip,"2024-12-10 07:54:27",https://wordpress.org/themes/magzee/,4.7,5.6
mechanical-industry,"Mechanical Industry",1.8,1.7,https://downloads.wordpress.org/theme/mechanical-industry.1.8.zip,"2024-12-10 07:57:47",https://wordpress.org/themes/mechanical-industry/,5.0,5.6
minimal-muse,"Minimal Muse",1.5.2,1.5.1,https://downloads.wordpress.org/theme/minimal-muse.1.5.2.zip,"2024-12-10 07:54:06",https://wordpress.org/themes/minimal-muse/,,7.0
moonlit-dark,"Moonlit Dark",1.4.9,1.4.8,https://downloads.wordpress.org/theme/moonlit-dark.1.4.9.zip,"2024-12-10 08:03:22",https://wordpress.org/themes/moonlit-dark/,,7.0
music-recording-studio,"Music Recording Studio",0.8.4,0.8.3,https://downloads.wordpress.org/theme/music-recording-studio.0.8.4.zip,"2024-12-10 08:35:57",https://wordpress.org/themes/music-recording-studio/,5.0,7.2
musician-band-artist,"Musician Band Artist",0.5,0.4.9,https://downloads.wordpress.org/theme/musician-band-artist.0.5.zip,"2024-12-10 08:34:30",https://wordpress.org/themes/musician-band-artist/,5.0,7.2
neek,Neek,10.7,10.6,https://downloads.wordpress.org/theme/neek.10.7.zip,"2024-12-10 07:57:52",https://wordpress.org/themes/neek/,4.7,5.6
nifty-lite,"Nifty Lite",12.6,12.5,https://downloads.wordpress.org/theme/nifty-lite.12.6.zip,"2024-12-10 07:49:36",https://wordpress.org/themes/nifty-lite/,4.7,5.6
painting-contractor,"Painting Contractor",3.8,3.7,https://downloads.wordpress.org/theme/painting-contractor.3.8.zip,"2024-12-10 07:58:40",https://wordpress.org/themes/painting-contractor/,5.0,5.6
pawprints-blog,"Pawprints Blog",1.3.5,1.3.4,https://downloads.wordpress.org/theme/pawprints-blog.1.3.5.zip,"2024-12-10 08:14:00",https://wordpress.org/themes/pawprints-blog/,,7.0
proficient,Proficient,12.6,12.5,https://downloads.wordpress.org/theme/proficient.12.6.zip,"2024-12-10 08:01:00",https://wordpress.org/themes/proficient/,4.7,5.6
property-builder,"Property Builder",0.5.8,0.5.7,https://downloads.wordpress.org/theme/property-builder.0.5.8.zip,"2024-12-10 07:59:30",https://wordpress.org/themes/property-builder/,5.0,5.6
quest-blog,"Quest Blog",1.0.8,1.0.7,https://downloads.wordpress.org/theme/quest-blog.1.0.8.zip,"2024-12-10 08:16:59",https://wordpress.org/themes/quest-blog/,,7.0
recipe-realm-blog,"Recipe Realm Blog",1.4.0,1.3.9,https://downloads.wordpress.org/theme/recipe-realm-blog.1.4.0.zip,"2024-12-10 08:21:28",https://wordpress.org/themes/recipe-realm-blog/,,7.0
rockbiz,RockBiz,10.6,10.5,https://downloads.wordpress.org/theme/rockbiz.10.6.zip,"2024-12-10 07:48:15",https://wordpress.org/themes/rockbiz/,4.7,5.6
scelar,Scelar,10.6,10.5,https://downloads.wordpress.org/theme/scelar.10.6.zip,"2024-12-10 07:47:32",https://wordpress.org/themes/scelar/,4.7,5.6
scolax,Scolax,11.8,11.7,https://downloads.wordpress.org/theme/scolax.11.8.zip,"2024-12-10 08:09:06",https://wordpress.org/themes/scolax/,4.7,5.6
soga,Soga,11.3,11.2,https://downloads.wordpress.org/theme/soga.11.3.zip,"2024-12-10 08:01:23",https://wordpress.org/themes/soga/,4.7,5.6
spa-serenity,"Spa Serenity",1.2.9,1.2.8,https://downloads.wordpress.org/theme/spa-serenity.1.2.9.zip,"2024-12-10 08:31:38",https://wordpress.org/themes/spa-serenity/,,7.0
specia,Specia,13.2,13.1,https://downloads.wordpress.org/theme/specia.13.2.zip,"2024-12-10 08:12:30",https://wordpress.org/themes/specia/,4.7,5.6
spera,Spera,11.7,11.6,https://downloads.wordpress.org/theme/spera.11.7.zip,"2024-12-10 08:04:57",https://wordpress.org/themes/spera/,4.7,5.6
spyropress,SpyroPress,12.6,12.5,https://downloads.wordpress.org/theme/spyropress.12.6.zip,"2024-12-10 07:47:12",https://wordpress.org/themes/spyropress/,4.7,5.6
vortexnews,VortexNews,2.3.1,2.3.0,https://downloads.wordpress.org/theme/vortexnews.2.3.1.zip,"2024-12-10 07:56:57",https://wordpress.org/themes/vortexnews/,,7.0
webstrap,Webstrap,12.6,12.5,https://downloads.wordpress.org/theme/webstrap.12.6.zip,"2024-12-10 07:50:27",https://wordpress.org/themes/webstrap/,4.7,5.6
automobile-car-dealer,"Automobile Car Dealer",1.3.4,1.3.3,https://downloads.wordpress.org/theme/automobile-car-dealer.1.3.4.zip,"2024-12-10 08:41:36",https://wordpress.org/themes/automobile-car-dealer/,5.0,7.2
construction-realestate,"Construction Realestate",1.3.8,1.3.7,https://downloads.wordpress.org/theme/construction-realestate.1.3.8.zip,"2024-12-10 08:42:14",https://wordpress.org/themes/construction-realestate/,5.0,7.2
multipurpose-blog,"Multipurpose Blog",2.9.2,2.9.1,https://downloads.wordpress.org/theme/multipurpose-blog.2.9.2.zip,"2024-12-10 08:43:07",https://wordpress.org/themes/multipurpose-blog/,5.0,7.2
plastic-surgery-clinic,"Plastic Surgery Clinic",0.5.3,0.5.2,https://downloads.wordpress.org/theme/plastic-surgery-clinic.0.5.3.zip,"2024-12-10 08:36:24",https://wordpress.org/themes/plastic-surgery-clinic/,5.0,7.2
spotless-cleaning,"Spotless Cleaning",1.2.0,1.0.9,https://downloads.wordpress.org/theme/spotless-cleaning.1.2.0.zip,"2024-12-10 08:44:16",https://wordpress.org/themes/spotless-cleaning/,,7.2
ultimate-blogger,"Ultimate Blogger",1.2.7,1.2.6,https://downloads.wordpress.org/theme/ultimate-blogger.1.2.7.zip,"2024-12-10 08:44:12",https://wordpress.org/themes/ultimate-blogger/,5.0,7.2
vw-healthcare,"VW Healthcare",1.1.1,1.1,https://downloads.wordpress.org/theme/vw-healthcare.1.1.1.zip,"2024-12-10 08:38:08",https://wordpress.org/themes/vw-healthcare/,5.0,7.2
hotel-galaxy,"Hotel Galaxy",4.4.25,4.4.24,https://downloads.wordpress.org/theme/hotel-galaxy.4.4.25.zip,"2024-12-10 10:10:34",https://wordpress.org/themes/hotel-galaxy/,5.0,7.2
motorcycle-repair,"Motorcycle Repair",1.2,1.1,https://downloads.wordpress.org/theme/motorcycle-repair.1.2.zip,"2024-12-10 09:56:12",https://wordpress.org/themes/motorcycle-repair/,6.1,7.2
nexcraft,NexCraft,1.7,1.6,https://downloads.wordpress.org/theme/nexcraft.1.7.zip,"2024-12-10 09:34:22",https://wordpress.org/themes/nexcraft/,4.7,5.6
real-estate-development,"Real Estate Development",1.4,1.3,https://downloads.wordpress.org/theme/real-estate-development.1.4.zip,"2024-12-10 09:57:02",https://wordpress.org/themes/real-estate-development/,6.1,7.2
retailer-ecommerce,"Retailer Ecommerce",1.6,1.5,https://downloads.wordpress.org/theme/retailer-ecommerce.1.6.zip,"2024-12-10 09:57:28",https://wordpress.org/themes/retailer-ecommerce/,6.1,7.2
titan-bookseller,"Titan Bookseller",1.5,1.4,https://downloads.wordpress.org/theme/titan-bookseller.1.5.zip,"2024-12-10 09:58:23",https://wordpress.org/themes/titan-bookseller/,6.1,7.2
titan-branding-agency,"Titan Branding Agency",1.3,1.2,https://downloads.wordpress.org/theme/titan-branding-agency.1.3.zip,"2024-12-10 09:58:48",https://wordpress.org/themes/titan-branding-agency/,6.1,7.2
titan-digital-agency,"Titan Digital Agency",1.8,1.7,https://downloads.wordpress.org/theme/titan-digital-agency.1.8.zip,"2024-12-10 09:59:58",https://wordpress.org/themes/titan-digital-agency/,6.1,7.2
total,Total,2.1.81,2.1.80,https://downloads.wordpress.org/theme/total.2.1.81.zip,"2024-12-10 09:37:28",https://wordpress.org/themes/total/,,5.6
koinonia,Koinonia,1.0.0,,https://downloads.wordpress.org/theme/koinonia.1.0.0.zip,"2024-12-10 09:56:49",https://wordpress.org/themes/koinonia/,6.7,5.7
caresoft,CareSoft,1.0.59,1.0.58,https://downloads.wordpress.org/theme/caresoft.1.0.59.zip,"2024-12-10 11:10:15",https://wordpress.org/themes/caresoft/,4.7,5.6
color-blog,"Color Blog",1.1.8,1.1.7,https://downloads.wordpress.org/theme/color-blog.1.1.8.zip,"2024-12-10 11:21:27",https://wordpress.org/themes/color-blog/,5.0,7.2
cozysoft,CozySoft,1.0.76,1.0.75,https://downloads.wordpress.org/theme/cozysoft.1.0.76.zip,"2024-12-10 11:09:51",https://wordpress.org/themes/cozysoft/,4.7,5.6
easytech,EasyTech,1.0.49,1.0.48,https://downloads.wordpress.org/theme/easytech.1.0.49.zip,"2024-12-10 11:11:10",https://wordpress.org/themes/easytech/,4.7,5.6
softinn,Softinn,1.0.75,1.0.74,https://downloads.wordpress.org/theme/softinn.1.0.75.zip,"2024-12-10 11:09:27",https://wordpress.org/themes/softinn/,4.7,5.6
softme,SoftMe,1.0.86,1.0.85,https://downloads.wordpress.org/theme/softme.1.0.86.zip,"2024-12-10 11:08:58",https://wordpress.org/themes/softme/,4.7,5.6
softmunch,SoftMunch,1.0.22,1.0.21,https://downloads.wordpress.org/theme/softmunch.1.0.22.zip,"2024-12-10 11:12:02",https://wordpress.org/themes/softmunch/,4.7,5.6
suntech,Suntech,1.0.53,1.0.52,https://downloads.wordpress.org/theme/suntech.1.0.53.zip,"2024-12-10 11:10:39",https://wordpress.org/themes/suntech/,4.7,5.6
truesoft,TrueSoft,1.0.32,1.0.31,https://downloads.wordpress.org/theme/truesoft.1.0.32.zip,"2024-12-10 11:11:38",https://wordpress.org/themes/truesoft/,4.7,5.6
kindergarten-preschool,"Kindergarten Preschool",1.0.0,,https://downloads.wordpress.org/theme/kindergarten-preschool.1.0.0.zip,"2024-12-10 10:56:50",https://wordpress.org/themes/kindergarten-preschool/,5.9,5.6
covernews,CoverNews,5.2.0,5.1.3,https://downloads.wordpress.org/theme/covernews.5.2.0.zip,"2024-12-10 12:34:24",https://wordpress.org/themes/covernews/,4.0,5.3
morenews,MoreNews,3.2.1,3.2.0,https://downloads.wordpress.org/theme/morenews.3.2.1.zip,"2024-12-10 12:30:39",https://wordpress.org/themes/morenews/,4.0,5.3
owlpress,OwlPress,1.0.21,1.0.20,https://downloads.wordpress.org/theme/owlpress.1.0.21.zip,"2024-12-10 12:37:08",https://wordpress.org/themes/owlpress/,,5.6
seokart,SeoKart,1.0.25,1.0.24,https://downloads.wordpress.org/theme/seokart.1.0.25.zip,"2024-12-10 12:40:05",https://wordpress.org/themes/seokart/,,5.6
setto,Setto,1.0.20,1.0.19,https://downloads.wordpress.org/theme/setto.1.0.20.zip,"2024-12-10 12:43:30",https://wordpress.org/themes/setto/,,5.6
spintech,Spintech,1.0.54,1.0.53,https://downloads.wordpress.org/theme/spintech.1.0.54.zip,"2024-12-10 12:46:37",https://wordpress.org/themes/spintech/,,5.6
yaatra-blog,"Yaatra Blog",1.0.3,1.0.2,https://downloads.wordpress.org/theme/yaatra-blog.1.0.3.zip,"2024-12-10 11:56:22",https://wordpress.org/themes/yaatra-blog/,5.6,7.2
yaatra,Yaatra,1.1.1,1.1.0,https://downloads.wordpress.org/theme/yaatra.1.1.1.zip,"2024-12-10 11:28:35",https://wordpress.org/themes/yaatra/,5.6,7.2
the-home-decor,"The Home Decor",1.0,,https://downloads.wordpress.org/theme/the-home-decor.1.0.zip,"2024-12-10 11:26:49",https://wordpress.org/themes/the-home-decor/,5.0,7.2
automobile-repair-blocks,"Automobile Repair Blocks",2.0,1.9,https://downloads.wordpress.org/theme/automobile-repair-blocks.2.0.zip,"2024-12-10 14:03:31",https://wordpress.org/themes/automobile-repair-blocks/,6.1,5.6
car-repair-blocks,"Car Repair Blocks",1.8,1.7,https://downloads.wordpress.org/theme/car-repair-blocks.1.8.zip,"2024-12-10 14:04:16",https://wordpress.org/themes/car-repair-blocks/,6.1,5.6
clothing-store-blocks,"Clothing Store Blocks",2.1,2.0,https://downloads.wordpress.org/theme/clothing-store-blocks.2.1.zip,"2024-12-10 14:02:26",https://wordpress.org/themes/clothing-store-blocks/,6.1,5.6
educational-blocks,"Educational Blocks",2.3,2.2,https://downloads.wordpress.org/theme/educational-blocks.2.3.zip,"2024-12-10 14:01:44",https://wordpress.org/themes/educational-blocks/,6.1,5.6
football-coach-club,"Football Coach Club",2.0,1.9,https://downloads.wordpress.org/theme/football-coach-club.2.0.zip,"2024-12-10 14:00:54",https://wordpress.org/themes/football-coach-club/,6.1,5.6
x-t9,X-T9,1.28.0,1.27.1,https://downloads.wordpress.org/theme/x-t9.1.28.0.zip,"2024-12-10 13:38:51",https://wordpress.org/themes/x-t9/,6.5,7.4
brahma,Brahma,1.0.3,,https://downloads.wordpress.org/theme/brahma.1.0.3.zip,"2024-12-10 13:41:47",https://wordpress.org/themes/brahma/,6.0,5.7
alexia,Alexia,1.0.55,1.0.54,https://downloads.wordpress.org/theme/alexia.1.0.55.zip,"2024-12-10 15:29:53",https://wordpress.org/themes/alexia/,,5.4
arvila,Arvila,1.0.50,1.0.49,https://downloads.wordpress.org/theme/arvila.1.0.50.zip,"2024-12-10 15:30:38",https://wordpress.org/themes/arvila/,,5.4
digital-software-company,"Digital Software Company",0.1.8,0.1.7,https://downloads.wordpress.org/theme/digital-software-company.0.1.8.zip,"2024-12-10 14:57:38",https://wordpress.org/themes/digital-software-company/,,5.6
flixicart,FlixiCart,1.0.62,1.0.61,https://downloads.wordpress.org/theme/flixicart.1.0.62.zip,"2024-12-10 15:28:58",https://wordpress.org/themes/flixicart/,,5.4
flixita,Flixita,1.0.85,1.0.84,https://downloads.wordpress.org/theme/flixita.1.0.85.zip,"2024-12-10 15:27:52",https://wordpress.org/themes/flixita/,,5.4
multibiz,MultiBiz,1.0.47,1.0.46,https://downloads.wordpress.org/theme/multibiz.1.0.47.zip,"2024-12-10 15:31:32",https://wordpress.org/themes/multibiz/,,5.4
solar-system,"Solar System",0.1.8,0.1.7,https://downloads.wordpress.org/theme/solar-system.0.1.8.zip,"2024-12-10 14:51:35",https://wordpress.org/themes/solar-system/,,5.6
workwaves,Workwaves,1.1,,https://downloads.wordpress.org/theme/workwaves.1.1.zip,"2024-12-10 14:56:47",https://wordpress.org/themes/workwaves/,6.6,5.7
alvert,Alvert,1.0.17,1.0.16,https://downloads.wordpress.org/theme/alvert.1.0.17.zip,"2024-12-10 15:39:54",https://wordpress.org/themes/alvert/,,5.4
avine,Avine,1.0.44,1.0.43,https://downloads.wordpress.org/theme/avine.1.0.44.zip,"2024-12-10 15:32:31",https://wordpress.org/themes/avine/,,5.4
avinza,Avinza,1.0.6,1.0.5,https://downloads.wordpress.org/theme/avinza.1.0.6.zip,"2024-12-10 15:42:51",https://wordpress.org/themes/avinza/,,5.4
avire,Avire,1.0.34,1.0.33,https://downloads.wordpress.org/theme/avire.1.0.34.zip,"2024-12-10 15:34:48",https://wordpress.org/themes/avire/,,5.4
eco-green,"Eco Green",1.1,1.0,https://downloads.wordpress.org/theme/eco-green.1.1.zip,"2024-12-10 15:46:34",https://wordpress.org/themes/eco-green/,5.9,5.6
enovia,Enovia,1.0.42,1.0.41,https://downloads.wordpress.org/theme/enovia.1.0.42.zip,"2024-12-10 15:33:46",https://wordpress.org/themes/enovia/,,5.4
flecto,Flecto,1.0.29,1.0.28,https://downloads.wordpress.org/theme/flecto.1.0.29.zip,"2024-12-10 15:37:25",https://wordpress.org/themes/flecto/,,5.4
flixify,Flixify,1.0.32,1.0.31,https://downloads.wordpress.org/theme/flixify.1.0.32.zip,"2024-12-10 15:35:42",https://wordpress.org/themes/flixify/,,5.4
hueman,Hueman,3.7.27,3.7.26,https://downloads.wordpress.org/theme/hueman.3.7.27.zip,"2024-12-10 16:24:00",https://wordpress.org/themes/hueman/,,5.3
quickbiz,QuickBiz,1.0.24,1.0.23,https://downloads.wordpress.org/theme/quickbiz.1.0.24.zip,"2024-12-10 15:38:15",https://wordpress.org/themes/quickbiz/,,5.4
quickify,Quickify,1.0.12,1.0.11,https://downloads.wordpress.org/theme/quickify.1.0.12.zip,"2024-12-10 15:41:13",https://wordpress.org/themes/quickify/,,5.4
aravalli,Aravalli,11.3,11.2,https://downloads.wordpress.org/theme/aravalli.11.3.zip,"2024-12-10 16:51:24",https://wordpress.org/themes/aravalli/,4.7,5.6
boostify,Boostify,11.3,11.2,https://downloads.wordpress.org/theme/boostify.11.3.zip,"2024-12-10 16:50:46",https://wordpress.org/themes/boostify/,4.7,5.6
colorsy,Colorsy,11.1,11.0,https://downloads.wordpress.org/theme/colorsy.11.1.zip,"2024-12-10 16:44:34",https://wordpress.org/themes/colorsy/,4.7,5.6
convo,Convo,6.4,6.3,https://downloads.wordpress.org/theme/convo.6.4.zip,"2024-12-10 16:49:53",https://wordpress.org/themes/convo/,,7.0
cosmics,Cosmics,11.1,11.0,https://downloads.wordpress.org/theme/cosmics.11.1.zip,"2024-12-10 16:43:56",https://wordpress.org/themes/cosmics/,4.7,5.6
eventplus,EventPlus,10.8,10.7,https://downloads.wordpress.org/theme/eventplus.10.8.zip,"2024-12-10 16:48:16",https://wordpress.org/themes/eventplus/,4.7,5.6
evita,Evita,1.4.6,1.4.5,https://downloads.wordpress.org/theme/evita.1.4.6.zip,"2024-12-10 16:47:49",https://wordpress.org/themes/evita/,,5.6
fiona-blog,"Fiona Blog",11.4,11.3,https://downloads.wordpress.org/theme/fiona-blog.11.4.zip,"2024-12-10 16:49:32",https://wordpress.org/themes/fiona-blog/,4.7,5.6
metasoft,MetaSoft,11.3,11.2,https://downloads.wordpress.org/theme/metasoft.11.3.zip,"2024-12-10 16:48:46",https://wordpress.org/themes/metasoft/,4.7,5.6
renoval,Renoval,10.6,10.5,https://downloads.wordpress.org/theme/renoval.10.6.zip,"2024-12-10 16:47:03",https://wordpress.org/themes/renoval/,4.7,5.6
startweb,StartWeb,11.4,11.3,https://downloads.wordpress.org/theme/startweb.11.4.zip,"2024-12-10 16:46:25",https://wordpress.org/themes/startweb/,4.7,5.6
oro,ORO,2.0,1.2.2,https://downloads.wordpress.org/theme/oro.2.0.zip,"2024-12-10 19:50:35",https://wordpress.org/themes/oro/,,5.6
workwaves,Workwaves,1.2,1.1,https://downloads.wordpress.org/theme/workwaves.1.2.zip,"2024-12-10 23:01:23",https://wordpress.org/themes/workwaves/,6.6,5.7
listdomer,Listdomer,2.7.0,2.6.1,https://downloads.wordpress.org/theme/listdomer.2.7.0.zip,"2024-12-11 00:33:05",https://wordpress.org/themes/listdomer/,4.0,7.0
x-t9,X-T9,1.28.1,1.28.0,https://downloads.wordpress.org/theme/x-t9.1.28.1.zip,"2024-12-11 01:12:24",https://wordpress.org/themes/x-t9/,6.5,7.4
markito-x,markito-x,1.0.9,1.0.8,https://downloads.wordpress.org/theme/markito-x.1.0.9.zip,"2024-12-11 04:21:28",https://wordpress.org/themes/markito-x/,,5.6
wp-digest,"WP Digest",0.24,0.23,https://downloads.wordpress.org/theme/wp-digest.0.24.zip,"2024-12-11 04:20:59",https://wordpress.org/themes/wp-digest/,,7.4
app-development-company,"App Development Company",1.1.6,1.1.5,https://downloads.wordpress.org/theme/app-development-company.1.1.6.zip,"2024-12-11 04:39:21",https://wordpress.org/themes/app-development-company/,6.0,7.2
architect-construction,"Architect Construction",1.1.6,1.1.5,https://downloads.wordpress.org/theme/architect-construction.1.1.6.zip,"2024-12-11 04:40:12",https://wordpress.org/themes/architect-construction/,6.0,7.2
basketball-club,"Basketball Club",1.1.9,1.1.8,https://downloads.wordpress.org/theme/basketball-club.1.1.9.zip,"2024-12-11 04:40:50",https://wordpress.org/themes/basketball-club/,6.0,7.2
blogger-blocks,"Blogger Blocks",1.1.3,1.1.2,https://downloads.wordpress.org/theme/blogger-blocks.1.1.3.zip,"2024-12-11 04:43:06",https://wordpress.org/themes/blogger-blocks/,6.0,7.2
cleaning-equipment,"Cleaning Equipment",1.1.8,1.1.7,https://downloads.wordpress.org/theme/cleaning-equipment.1.1.8.zip,"2024-12-11 04:43:51",https://wordpress.org/themes/cleaning-equipment/,6.0,7.2
it-news-grid,"IT News Grid",1.4.14,1.4.13,https://downloads.wordpress.org/theme/it-news-grid.1.4.14.zip,"2024-12-11 05:19:35",https://wordpress.org/themes/it-news-grid/,,5.6
plover,Plover,1.2.1,,https://downloads.wordpress.org/theme/plover.1.2.1.zip,"2024-12-11 04:48:12",https://wordpress.org/themes/plover/,6.4,7.4
circles-wp,"Circles WP",1.0.5,1.0.4,https://downloads.wordpress.org/theme/circles-wp.1.0.5.zip,"2024-12-11 05:57:10",https://wordpress.org/themes/circles-wp/,,7.4
coaching-institute,"Coaching Institute",1.1.2,1.1.1,https://downloads.wordpress.org/theme/coaching-institute.1.1.2.zip,"2024-12-11 06:23:46",https://wordpress.org/themes/coaching-institute/,5.0,7.2
excavator,Excavator,0.1.3,0.1.2,https://downloads.wordpress.org/theme/excavator.0.1.3.zip,"2024-12-11 06:26:16",https://wordpress.org/themes/excavator/,5.0,7.2
home-renovation-services,"Home Renovation Services",0.2.2,0.2.1,https://downloads.wordpress.org/theme/home-renovation-services.0.2.2.zip,"2024-12-11 06:24:29",https://wordpress.org/themes/home-renovation-services/,5.0,7.2
luxury-furniture-store,"Luxury Furniture Store",0.1.7,0.1.6,https://downloads.wordpress.org/theme/luxury-furniture-store.0.1.7.zip,"2024-12-11 06:25:00",https://wordpress.org/themes/luxury-furniture-store/,5.0,7.2
plover,Plover,1.2.2,1.2.1,https://downloads.wordpress.org/theme/plover.1.2.2.zip,"2024-12-11 05:51:10",https://wordpress.org/themes/plover/,6.4,7.4
retail-hardware-store,"Retail Hardware Store",0.4,0.3,https://downloads.wordpress.org/theme/retail-hardware-store.0.4.zip,"2024-12-11 06:25:40",https://wordpress.org/themes/retail-hardware-store/,5.0,7.2
roofing-contractor,"Roofing Contractor",3.8,3.7,https://downloads.wordpress.org/theme/roofing-contractor.3.8.zip,"2024-12-11 06:03:57",https://wordpress.org/themes/roofing-contractor/,5.0,5.6
wens-haelo,"WENS Haelo",1.0.1,,https://downloads.wordpress.org/theme/wens-haelo.1.0.1.zip,"2024-12-11 05:56:47",https://wordpress.org/themes/wens-haelo/,6.4,7.4
chromenews,ChromeNews,5.2.1,5.2.0,https://downloads.wordpress.org/theme/chromenews.5.2.1.zip,"2024-12-11 06:40:51",https://wordpress.org/themes/chromenews/,4.9,5.3
gutenic,Gutenic,1.2.9,1.2.8,https://downloads.wordpress.org/theme/gutenic.1.2.9.zip,"2024-12-11 07:26:41",https://wordpress.org/themes/gutenic/,5.9,7.2
newsphere,Newsphere,4.2.1,4.1.2,https://downloads.wordpress.org/theme/newsphere.4.2.1.zip,"2024-12-11 07:12:41",https://wordpress.org/themes/newsphere/,4.0,5.3
plover,Plover,1.2.3,1.2.2,https://downloads.wordpress.org/theme/plover.1.2.3.zip,"2024-12-11 06:59:43",https://wordpress.org/themes/plover/,6.4,7.4
titan-news-blog,"Titan News Blog",1.6,1.5,https://downloads.wordpress.org/theme/titan-news-blog.1.6.zip,"2024-12-11 06:58:37",https://wordpress.org/themes/titan-news-blog/,6.1,5.6
transportation-agency,"Transportation Agency",1.5,1.4,https://downloads.wordpress.org/theme/transportation-agency.1.5.zip,"2024-12-11 06:59:08",https://wordpress.org/themes/transportation-agency/,6.1,7.2
travel-blogging,"Travel Blogging",1.8,1.7,https://downloads.wordpress.org/theme/travel-blogging.1.8.zip,"2024-12-11 06:59:38",https://wordpress.org/themes/travel-blogging/,6.1,7.2
travel-manager,"Travel Manager",1.7,1.6,https://downloads.wordpress.org/theme/travel-manager.1.7.zip,"2024-12-11 07:00:39",https://wordpress.org/themes/travel-manager/,6.1,7.2
traveler-booking,"Traveler Booking",1.5,1.4,https://downloads.wordpress.org/theme/traveler-booking.1.5.zip,"2024-12-11 07:00:10",https://wordpress.org/themes/traveler-booking/,6.1,7.2
tuition-coaching-center,"Tuition Coaching Center",1.7,1.6,https://downloads.wordpress.org/theme/tuition-coaching-center.1.7.zip,"2024-12-11 07:01:08",https://wordpress.org/themes/tuition-coaching-center/,6.1,7.2
wine-store,"Wine Store",0.1.3,0.1.2,https://downloads.wordpress.org/theme/wine-store.0.1.3.zip,"2024-12-11 06:59:23",https://wordpress.org/themes/wine-store/,5.0,7.2
kids-toy-center,"Kids Toy Center",1.4,1.3,https://downloads.wordpress.org/theme/kids-toy-center.1.4.zip,"2024-12-11 07:47:07",https://wordpress.org/themes/kids-toy-center/,,7.0
prime-ecology,"Prime Ecology",1.5,1.4,https://downloads.wordpress.org/theme/prime-ecology.1.5.zip,"2024-12-11 07:47:58",https://wordpress.org/themes/prime-ecology/,,7.0
prime-electronic-store,"Prime Electronic Store",1.5,1.4,https://downloads.wordpress.org/theme/prime-electronic-store.1.5.zip,"2024-12-11 07:48:54",https://wordpress.org/themes/prime-electronic-store/,,7.0
prime-events,"Prime Events",1.1,1.0,https://downloads.wordpress.org/theme/prime-events.1.1.zip,"2024-12-11 07:49:38",https://wordpress.org/themes/prime-events/,,7.0
prime-yoga-classes,"Prime Yoga Classes",1.5,1.4,https://downloads.wordpress.org/theme/prime-yoga-classes.1.5.zip,"2024-12-11 07:50:17",https://wordpress.org/themes/prime-yoga-classes/,,7.0
remote-startup-solutions,"Remote Startup Solutions",1.5,1.4,https://downloads.wordpress.org/theme/remote-startup-solutions.1.5.zip,"2024-12-11 07:51:06",https://wordpress.org/themes/remote-startup-solutions/,,7.0
resort-vacation,"Resort Vacation",1.6,1.5,https://downloads.wordpress.org/theme/resort-vacation.1.6.zip,"2024-12-11 07:51:47",https://wordpress.org/themes/resort-vacation/,,7.2
rev-digital-products,"Rev Digital Products",1.1,1.0.0,https://downloads.wordpress.org/theme/rev-digital-products.1.1.zip,"2024-12-11 08:17:53",https://wordpress.org/themes/rev-digital-products/,5.5,5.6
toothwise,Toothwise,1.0.1,1.0,https://downloads.wordpress.org/theme/toothwise.1.0.1.zip,"2024-12-11 08:04:44",https://wordpress.org/themes/toothwise/,6.7,7.2
travel-monster,"Travel Monster",1.2.2,1.2.1,https://downloads.wordpress.org/theme/travel-monster.1.2.2.zip,"2024-12-11 07:35:17",https://wordpress.org/themes/travel-monster/,6.2,7.3
education-management,"Education Management",1.0,,https://downloads.wordpress.org/theme/education-management.1.0.zip,"2024-12-11 07:56:54",https://wordpress.org/themes/education-management/,6.1,7.2
kartnic,Kartnic,3.0,,https://downloads.wordpress.org/theme/kartnic.3.0.zip,"2024-12-11 07:56:48",https://wordpress.org/themes/kartnic/,5.0,7.0
samata,Samata,1.0.0,,https://downloads.wordpress.org/theme/samata.1.0.0.zip,"2024-12-11 08:11:52",https://wordpress.org/themes/samata/,6.1,7.0
sharkwave,SharkWave,1.0,,https://downloads.wordpress.org/theme/sharkwave.1.0.zip,"2024-12-11 08:11:46",https://wordpress.org/themes/sharkwave/,6.4,7.0
classic-law-firm,"Classic Law Firm",0.1.1,0.1,https://downloads.wordpress.org/theme/classic-law-firm.0.1.1.zip,"2024-12-11 09:24:30",https://wordpress.org/themes/classic-law-firm/,5.0,5.6
classic-wedding,"Classic Wedding",4.8.8,4.8.7,https://downloads.wordpress.org/theme/classic-wedding.4.8.8.zip,"2024-12-11 09:26:39",https://wordpress.org/themes/classic-wedding/,5.0,5.6
freelancer-plus,"Freelancer Plus",4.5.8,4.5.7,https://downloads.wordpress.org/theme/freelancer-plus.4.5.8.zip,"2024-12-11 09:23:35",https://wordpress.org/themes/freelancer-plus/,5.0,5.6
internet-provider,"Internet Provider",5.2.7,5.2.6,https://downloads.wordpress.org/theme/internet-provider.5.2.7.zip,"2024-12-11 09:22:31",https://wordpress.org/themes/internet-provider/,5.0,5.6
smallbiz-startup,"Smallbiz Startup",5.3.8,5.3.7,https://downloads.wordpress.org/theme/smallbiz-startup.5.3.8.zip,"2024-12-11 09:21:13",https://wordpress.org/themes/smallbiz-startup/,5.0,5.6
ebook-store,"Ebook Store",0.6.3,0.6.2,https://downloads.wordpress.org/theme/ebook-store.0.6.3.zip,"2024-12-11 10:29:10",https://wordpress.org/themes/ebook-store/,5.0,7.2
multivendor-marketplace,"Multivendor Marketplace",0.5.8,0.5.7,https://downloads.wordpress.org/theme/multivendor-marketplace.0.5.8.zip,"2024-12-11 10:29:53",https://wordpress.org/themes/multivendor-marketplace/,5.0,7.2
podcaster-radio,"Podcaster Radio",0.5.7,0.5.6,https://downloads.wordpress.org/theme/podcaster-radio.0.5.7.zip,"2024-12-11 10:30:32",https://wordpress.org/themes/podcaster-radio/,5.0,7.2
real-industry,"Real Industry",0.2.1,0.2.0,https://downloads.wordpress.org/theme/real-industry.0.2.1.zip,"2024-12-11 10:08:52",https://wordpress.org/themes/real-industry/,5.0,7.2
vw-book-store,"VW Book Store",1.5.1,1.5,https://downloads.wordpress.org/theme/vw-book-store.1.5.1.zip,"2024-12-11 10:28:31",https://wordpress.org/themes/vw-book-store/,5.0,7.2
cargo-transport,"Cargo Transport",1.5.8,1.5.7,https://downloads.wordpress.org/theme/cargo-transport.1.5.8.zip,"2024-12-11 10:56:17",https://wordpress.org/themes/cargo-transport/,5.0,5.6
drento,Drento,1.6.7,1.6.6,https://downloads.wordpress.org/theme/drento.1.6.7.zip,"2024-12-11 10:58:12",https://wordpress.org/themes/drento/,,5.6
electronics-gadgets,"Electronics Gadgets",1.4.6,1.4.5,https://downloads.wordpress.org/theme/electronics-gadgets.1.4.6.zip,"2024-12-11 10:57:40",https://wordpress.org/themes/electronics-gadgets/,5.0,7.2
electronics-store,"Electronics Store",1.2,1.1.9,https://downloads.wordpress.org/theme/electronics-store.1.2.zip,"2024-12-11 10:58:19",https://wordpress.org/themes/electronics-store/,5.0,7.2
logistic-transport,"Logistic Transport",1.3.6,1.3.5,https://downloads.wordpress.org/theme/logistic-transport.1.3.6.zip,"2024-12-11 10:55:52",https://wordpress.org/themes/logistic-transport/,5.0,7.2
politics-candidate,"Politics Candidate",0.3.1,0.3,https://downloads.wordpress.org/theme/politics-candidate.0.3.1.zip,"2024-12-11 11:01:47",https://wordpress.org/themes/politics-candidate/,5.0,7.2
stock-photos,"Stock Photos",0.6.2,0.6.1,https://downloads.wordpress.org/theme/stock-photos.0.6.2.zip,"2024-12-11 11:02:40",https://wordpress.org/themes/stock-photos/,5.0,7.2
transportation-shipment,"Transportation Shipment",1.4.4,1.4.3,https://downloads.wordpress.org/theme/transportation-shipment.1.4.4.zip,"2024-12-11 10:57:07",https://wordpress.org/themes/transportation-shipment/,5.0,5.6
vw-health-coaching,"VW Health Coaching",1.5.9,1.5.8,https://downloads.wordpress.org/theme/vw-health-coaching.1.5.9.zip,"2024-12-11 10:49:12",https://wordpress.org/themes/vw-health-coaching/,5.0,7.2
vw-nutritionist-coach,"VW Nutritionist Coach",1.4.1,1.4,https://downloads.wordpress.org/theme/vw-nutritionist-coach.1.4.1.zip,"2024-12-11 10:49:46",https://wordpress.org/themes/vw-nutritionist-coach/,5.0,7.2
workout-lite,"Workout Lite",1.0.2,1.0.1,https://downloads.wordpress.org/theme/workout-lite.1.0.2.zip,"2024-12-11 11:16:55",https://wordpress.org/themes/workout-lite/,6.1,7.0
rufous,Rufous,1.0.23,1.0.16,https://downloads.wordpress.org/theme/rufous.1.0.23.zip,"2024-12-11 12:52:49",https://wordpress.org/themes/rufous/,5.8,7.1
apartment-blocks,"Apartment Blocks",3.4,3.3,https://downloads.wordpress.org/theme/apartment-blocks.3.4.zip,"2024-12-11 12:58:15",https://wordpress.org/themes/apartment-blocks/,6.1,5.6
garden-lawn-care,"Garden Lawn Care",1.8,1.7,https://downloads.wordpress.org/theme/garden-lawn-care.1.8.zip,"2024-12-11 12:58:57",https://wordpress.org/themes/garden-lawn-care/,6.1,5.6
golf-country-club,"Golf Country Club",2.0,1.9,https://downloads.wordpress.org/theme/golf-country-club.2.0.zip,"2024-12-11 12:59:43",https://wordpress.org/themes/golf-country-club/,,5.6
hardware-tools-store,"Hardware Tools Store",1.5,1.4,https://downloads.wordpress.org/theme/hardware-tools-store.1.5.zip,"2024-12-11 13:00:17",https://wordpress.org/themes/hardware-tools-store/,6.1,5.6
home-services-blocks,"Home Services Blocks",2.2,2.1,https://downloads.wordpress.org/theme/home-services-blocks.2.2.zip,"2024-12-11 13:01:38",https://wordpress.org/themes/home-services-blocks/,6.1,5.6
medical-hospital-blocks,"Medical Hospital Blocks",1.6,1.5,https://downloads.wordpress.org/theme/medical-hospital-blocks.1.6.zip,"2024-12-11 13:02:10",https://wordpress.org/themes/medical-hospital-blocks/,6.1,5.6
one-business-blocks,"One Business Blocks",2.4,2.3,https://downloads.wordpress.org/theme/one-business-blocks.2.4.zip,"2024-12-11 13:01:03",https://wordpress.org/themes/one-business-blocks/,6.1,5.6
one-page-blocks,"One Page Blocks",2.1,2.0,https://downloads.wordpress.org/theme/one-page-blocks.2.1.zip,"2024-12-11 13:03:51",https://wordpress.org/themes/one-page-blocks/,6.1,5.6
ovation-spa-blocks,"Ovation Spa Blocks",2.0,1.9,https://downloads.wordpress.org/theme/ovation-spa-blocks.2.0.zip,"2024-12-11 13:03:00",https://wordpress.org/themes/ovation-spa-blocks/,6.1,5.6
restaurant-chef,"Restaurant Chef",2.2,2.1,https://downloads.wordpress.org/theme/restaurant-chef.2.2.zip,"2024-12-11 13:04:40",https://wordpress.org/themes/restaurant-chef/,6.1,5.6
th-shop-mania,"Th Shop Mania",1.5.1,1.5.0,https://downloads.wordpress.org/theme/th-shop-mania.1.5.1.zip,"2024-12-11 13:02:20",https://wordpress.org/themes/th-shop-mania/,5.5,5.6
aromatic,Aromatic,15.4,15.3,https://downloads.wordpress.org/theme/aromatic.15.4.zip,"2024-12-11 13:46:45",https://wordpress.org/themes/aromatic/,4.7,5.6
ayroma,Ayroma,14.9,14.8,https://downloads.wordpress.org/theme/ayroma.14.9.zip,"2024-12-11 13:47:07",https://wordpress.org/themes/ayroma/,4.7,5.6
express-store,"Express Store",11.0,10.9,https://downloads.wordpress.org/theme/express-store.11.0.zip,"2024-12-11 13:48:07",https://wordpress.org/themes/express-store/,,5.6
feauty,Feauty,14.8,14.7,https://downloads.wordpress.org/theme/feauty.14.8.zip,"2024-12-11 13:49:26",https://wordpress.org/themes/feauty/,4.7,5.6
flexi-mart,"Flexi Mart",2.0,1.9,https://downloads.wordpress.org/theme/flexi-mart.2.0.zip,"2024-12-11 14:10:46",https://wordpress.org/themes/flexi-mart/,,5.6
flossy,Flossy,7.2,7.1,https://downloads.wordpress.org/theme/flossy.7.2.zip,"2024-12-11 14:11:23",https://wordpress.org/themes/flossy/,4.7,5.6
flow-store,"Flow Store",3.1,3.0,https://downloads.wordpress.org/theme/flow-store.3.1.zip,"2024-12-11 13:51:00",https://wordpress.org/themes/flow-store/,,5.6
retailsy,Retailsy,14.7,14.6,https://downloads.wordpress.org/theme/retailsy.14.7.zip,"2024-12-11 13:51:42",https://wordpress.org/themes/retailsy/,4.7,5.6
shopient,Shopient,14.8,14.7,https://downloads.wordpress.org/theme/shopient.14.8.zip,"2024-12-11 13:52:02",https://wordpress.org/themes/shopient/,4.7,5.6
shopiva,Shopiva,14.8,14.7,https://downloads.wordpress.org/theme/shopiva.14.8.zip,"2024-12-11 13:53:28",https://wordpress.org/themes/shopiva/,4.7,5.6
shoply,Shoply,14.9,14.8,https://downloads.wordpress.org/theme/shoply.14.9.zip,"2024-12-11 13:54:32",https://wordpress.org/themes/shoply/,4.7,5.6
storefit,Storefit,9.5,9.4,https://downloads.wordpress.org/theme/storefit.9.5.zip,"2024-12-11 14:02:45",https://wordpress.org/themes/storefit/,,5.6
storely,Storely,15.2,15.1,https://downloads.wordpress.org/theme/storely.15.2.zip,"2024-12-11 14:04:37",https://wordpress.org/themes/storely/,4.7,5.6
storess,Storess,14.8,14.7,https://downloads.wordpress.org/theme/storess.14.8.zip,"2024-12-11 14:06:21",https://wordpress.org/themes/storess/,4.7,5.6
storezia,Storezia,14.9,14.8,https://downloads.wordpress.org/theme/storezia.14.9.zip,"2024-12-11 14:14:37",https://wordpress.org/themes/storezia/,4.7,5.6
classified-ads-listings,"Classified Ads Listings",1.0.4,,https://downloads.wordpress.org/theme/classified-ads-listings.1.0.4.zip,"2024-12-11 13:56:47",https://wordpress.org/themes/classified-ads-listings/,6.0,7.2
botiga,Botiga,2.2.15,2.2.14,https://downloads.wordpress.org/theme/botiga.2.2.15.zip,"2024-12-11 14:34:33",https://wordpress.org/themes/botiga/,,
hello-biz,"Hello Biz",1.0.0,0.0.6,https://downloads.wordpress.org/theme/hello-biz.1.0.0.zip,"2024-12-11 15:19:31",https://wordpress.org/themes/hello-biz/,6.0,7.4
all-cleaning-services,"All Cleaning Services",1.0.1,,https://downloads.wordpress.org/theme/all-cleaning-services.1.0.1.zip,"2024-12-11 15:11:49",https://wordpress.org/themes/all-cleaning-services/,,5.6
prime-education-learning,"Prime Education Learning",1.0,,https://downloads.wordpress.org/theme/prime-education-learning.1.0.zip,"2024-12-11 15:26:50",https://wordpress.org/themes/prime-education-learning/,,7.0
beshop,BeShop,1.1.12,1.1.11,https://downloads.wordpress.org/theme/beshop.1.1.12.zip,"2024-12-11 16:30:54",https://wordpress.org/themes/beshop/,,5.6
customizr,Customizr,4.4.24,4.4.22,https://downloads.wordpress.org/theme/customizr.4.4.24.zip,"2024-12-11 16:33:55",https://wordpress.org/themes/customizr/,,5.3
toocheke,Toocheke,1.0.241,1.0.240,https://downloads.wordpress.org/theme/toocheke.1.0.241.zip,"2024-12-11 16:25:42",https://wordpress.org/themes/toocheke/,,7.4
writers-portfolio,"Writers Portfolio",1.2.3,1.2.2,https://downloads.wordpress.org/theme/writers-portfolio.1.2.3.zip,"2024-12-11 16:20:29",https://wordpress.org/themes/writers-portfolio/,5.0,5.6
acronix,Acronix,1.3.7,1.3.6,https://downloads.wordpress.org/theme/acronix.1.3.7.zip,"2024-12-11 17:16:34",https://wordpress.org/themes/acronix/,,5.6
aera,Aera,11.3,11.2,https://downloads.wordpress.org/theme/aera.11.3.zip,"2024-12-11 17:14:48",https://wordpress.org/themes/aera/,4.7,5.6
ameya,Ameya,11.2,11.1,https://downloads.wordpress.org/theme/ameya.11.2.zip,"2024-12-11 17:14:07",https://wordpress.org/themes/ameya/,4.7,5.6
arbuda,Arbuda,11.1,11.0,https://downloads.wordpress.org/theme/arbuda.11.1.zip,"2024-12-11 17:15:08",https://wordpress.org/themes/arbuda/,4.7,5.6
belltech,Belltech,11.1,11.0,https://downloads.wordpress.org/theme/belltech.11.1.zip,"2024-12-11 17:13:35",https://wordpress.org/themes/belltech/,4.7,5.6
book-author-template,"Book Author Template",1.0.9,1.0.8,https://downloads.wordpress.org/theme/book-author-template.1.0.9.zip,"2024-12-11 17:01:37",https://wordpress.org/themes/book-author-template/,5.0,5.6
fiona-food,"Fiona Food",11.3,11.2,https://downloads.wordpress.org/theme/fiona-food.11.3.zip,"2024-12-11 17:28:57",https://wordpress.org/themes/fiona-food/,4.7,5.6
startbiz,StartBiz,12.1,12.0,https://downloads.wordpress.org/theme/startbiz.12.1.zip,"2024-12-11 17:13:09",https://wordpress.org/themes/startbiz/,4.7,5.6
varuda,Varuda,11.2,11.1,https://downloads.wordpress.org/theme/varuda.11.2.zip,"2024-12-11 17:12:49",https://wordpress.org/themes/varuda/,4.7,5.6
beshop-free,"Beshop Free",1.1.0,1.0.9,https://downloads.wordpress.org/theme/beshop-free.1.1.0.zip,"2024-12-12 02:15:48",https://wordpress.org/themes/beshop-free/,,5.6
wp-news,"wp news",1.0.3,,https://downloads.wordpress.org/theme/wp-news.1.0.3.zip,"2024-12-12 03:11:50",https://wordpress.org/themes/wp-news/,4.9,5.6
ona,Ona,1.22.9,1.22.8,https://downloads.wordpress.org/theme/ona.1.22.9.zip,"2024-12-12 03:57:40",https://wordpress.org/themes/ona/,5.8,5.6
freshaura,freshaura,1.0.1,,https://downloads.wordpress.org/theme/freshaura.1.0.1.zip,"2024-12-12 03:56:52",https://wordpress.org/themes/freshaura/,,5.6
business-directory-elementor,"Business Directory Elementor",0.4.3,0.4.2,https://downloads.wordpress.org/theme/business-directory-elementor.0.4.3.zip,"2024-12-12 04:43:14",https://wordpress.org/themes/business-directory-elementor/,5.0,5.6
elemento-business,"Elemento Business",0.4.6,0.4.5,https://downloads.wordpress.org/theme/elemento-business.0.4.6.zip,"2024-12-12 04:43:42",https://wordpress.org/themes/elemento-business/,5.0,5.6
elemento-conference,"Elemento Conference",0.4.2,0.4.1,https://downloads.wordpress.org/theme/elemento-conference.0.4.2.zip,"2024-12-12 04:44:09",https://wordpress.org/themes/elemento-conference/,5.0,5.6
elemento-it-solutions,"Elemento IT Solutions",0.4.3,0.4.2,https://downloads.wordpress.org/theme/elemento-it-solutions.0.4.3.zip,"2024-12-12 04:45:25",https://wordpress.org/themes/elemento-it-solutions/,5.0,5.6
elemento-startup,"Elemento Startup",0.4.2,0.4.1,https://downloads.wordpress.org/theme/elemento-startup.0.4.2.zip,"2024-12-12 04:46:54",https://wordpress.org/themes/elemento-startup/,5.0,5.6
ev-bike-shop,"EV Bike Shop",0.2.8,0.2.7,https://downloads.wordpress.org/theme/ev-bike-shop.0.2.8.zip,"2024-12-12 04:47:18",https://wordpress.org/themes/ev-bike-shop/,5.0,5.6
consultant-appointment,"Consultant Appointment",1.0.0,,https://downloads.wordpress.org/theme/consultant-appointment.1.0.0.zip,"2024-12-12 05:11:50",https://wordpress.org/themes/consultant-appointment/,5.5,5.6
flextra,Flextra,1.0.2,,https://downloads.wordpress.org/theme/flextra.1.0.2.zip,"2024-12-12 04:41:50",https://wordpress.org/themes/flextra/,,5.6
beshop-lite,"Beshop Lite",1.0.3,1.0.2,https://downloads.wordpress.org/theme/beshop-lite.1.0.3.zip,"2024-12-12 05:44:53",https://wordpress.org/themes/beshop-lite/,,5.6
building-construction-company,"Building Construction Company",0.1.8,0.1.7,https://downloads.wordpress.org/theme/building-construction-company.0.1.8.zip,"2024-12-12 08:16:52",https://wordpress.org/themes/building-construction-company/,5.0,7.2
united-soccer-club,"United Soccer Club",0.1.4,0.1.3,https://downloads.wordpress.org/theme/united-soccer-club.0.1.4.zip,"2024-12-12 08:17:51",https://wordpress.org/themes/united-soccer-club/,5.0,7.2
urban-restaurant,"Urban Restaurant",1.0.7,1.0.6,https://downloads.wordpress.org/theme/urban-restaurant.1.0.7.zip,"2024-12-12 08:25:01",https://wordpress.org/themes/urban-restaurant/,,7.0
vitality-blog,"Vitality Blog",1.3.5,1.3.4,https://downloads.wordpress.org/theme/vitality-blog.1.3.5.zip,"2024-12-12 08:28:08",https://wordpress.org/themes/vitality-blog/,,7.0
vogue-blog,"Vogue Blog",1.3.1,1.3.0,https://downloads.wordpress.org/theme/vogue-blog.1.3.1.zip,"2024-12-12 08:34:46",https://wordpress.org/themes/vogue-blog/,,7.0
woodworker,Woodworker,0.1.4,0.1.3,https://downloads.wordpress.org/theme/woodworker.0.1.4.zip,"2024-12-12 08:17:24",https://wordpress.org/themes/woodworker/,5.0,7.2
advance-blogging,"Advance Blogging",1.6.5,1.6.4,https://downloads.wordpress.org/theme/advance-blogging.1.6.5.zip,"2024-12-12 09:16:41",https://wordpress.org/themes/advance-blogging/,5.0,7.2
altra,Altra,1.0.83,1.0.82,https://downloads.wordpress.org/theme/altra.1.0.83.zip,"2024-12-12 09:01:08",https://wordpress.org/themes/altra/,4.7,5.6
aqeeq-agency,"Aqeeq Agency",0.5.6,0.5.5,https://downloads.wordpress.org/theme/aqeeq-agency.0.5.6.zip,"2024-12-12 09:10:19",https://wordpress.org/themes/aqeeq-agency/,5.0,7.2
art-gallery-museum,"Art Gallery Museum",0.6.4,0.6.3,https://downloads.wordpress.org/theme/art-gallery-museum.0.6.4.zip,"2024-12-12 09:17:49",https://wordpress.org/themes/art-gallery-museum/,5.0,7.2
atrux,Atrux,1.0.66,1.0.65,https://downloads.wordpress.org/theme/atrux.1.0.66.zip,"2024-12-12 09:03:19",https://wordpress.org/themes/atrux/,4.7,5.6
atua,Atua,1.0.97,1.0.96,https://downloads.wordpress.org/theme/atua.1.0.97.zip,"2024-12-12 09:00:43",https://wordpress.org/themes/atua/,4.7,5.6
atus,Atus,1.0.78,1.0.77,https://downloads.wordpress.org/theme/atus.1.0.78.zip,"2024-12-12 09:02:26",https://wordpress.org/themes/atus/,4.7,5.6
atuvi,Atuvi,1.0.28,1.0.27,https://downloads.wordpress.org/theme/atuvi.1.0.28.zip,"2024-12-12 09:04:58",https://wordpress.org/themes/atuvi/,4.7,5.6
atuxa,Atuxa,1.0.33,1.0.32,https://downloads.wordpress.org/theme/atuxa.1.0.33.zip,"2024-12-12 09:04:31",https://wordpress.org/themes/atuxa/,4.7,5.6
avvy,Avvy,1.0.80,1.0.79,https://downloads.wordpress.org/theme/avvy.1.0.80.zip,"2024-12-12 09:02:02",https://wordpress.org/themes/avvy/,4.7,5.6
business-card-resume,"Business Card Resume",0.4.7,0.4.6,https://downloads.wordpress.org/theme/business-card-resume.0.4.7.zip,"2024-12-12 09:22:58",https://wordpress.org/themes/business-card-resume/,5.0,7.2
car-repair-mechanic,"Car Repair Mechanic",0.5.3,0.5.2,https://downloads.wordpress.org/theme/car-repair-mechanic.0.5.3.zip,"2024-12-12 09:24:01",https://wordpress.org/themes/car-repair-mechanic/,5.0,7.4
career-consultant,"Career Consultant",1.7,1.6,https://downloads.wordpress.org/theme/career-consultant.1.7.zip,"2024-12-12 08:54:48",https://wordpress.org/themes/career-consultant/,5.0,5.6
conference-event-planner,"Conference Event Planner",2.3,2.2,https://downloads.wordpress.org/theme/conference-event-planner.2.3.zip,"2024-12-12 08:55:44",https://wordpress.org/themes/conference-event-planner/,5.0,5.6
diner-restaurant,"Diner Restaurant",1.5.6,1.5.5,https://downloads.wordpress.org/theme/diner-restaurant.1.5.6.zip,"2024-12-12 09:14:05",https://wordpress.org/themes/diner-restaurant/,5.0,7.2
electronic-supermarket,"Electronic Supermarket",2.4,2.3,https://downloads.wordpress.org/theme/electronic-supermarket.2.4.zip,"2024-12-12 08:56:28",https://wordpress.org/themes/electronic-supermarket/,5.0,5.6
flexea,Flexea,1.0.68,1.0.67,https://downloads.wordpress.org/theme/flexea.1.0.68.zip,"2024-12-12 09:02:51",https://wordpress.org/themes/flexea/,4.7,5.6
flexeo,Flexeo,1.0.87,1.0.86,https://downloads.wordpress.org/theme/flexeo.1.0.87.zip,"2024-12-12 09:01:37",https://wordpress.org/themes/flexeo/,4.7,5.6
flexina,Flexina,1.0.21,1.0.20,https://downloads.wordpress.org/theme/flexina.1.0.21.zip,"2024-12-12 09:05:22",https://wordpress.org/themes/flexina/,4.7,5.6
fluxa,Fluxa,1.0.52,1.0.51,https://downloads.wordpress.org/theme/fluxa.1.0.52.zip,"2024-12-12 09:03:47",https://wordpress.org/themes/fluxa/,4.7,5.6
home-construction-company,"Home Construction Company",0.4.9,0.4.8,https://downloads.wordpress.org/theme/home-construction-company.0.4.9.zip,"2024-12-12 09:18:24",https://wordpress.org/themes/home-construction-company/,5.0,7.2
it-company,"IT Company",1.3.7,1.3.6,https://downloads.wordpress.org/theme/it-company.1.3.7.zip,"2024-12-12 09:25:41",https://wordpress.org/themes/it-company/,5.0,7.2
it-services,"IT Services",0.8.5,0.8.4,https://downloads.wordpress.org/theme/it-services.0.8.5.zip,"2024-12-12 09:25:01",https://wordpress.org/themes/it-services/,5.0,7.2
kid-toys-store,"Kid Toys Store",1.3.7,1.3.6,https://downloads.wordpress.org/theme/kid-toys-store.1.3.7.zip,"2024-12-12 09:19:10",https://wordpress.org/themes/kid-toys-store/,5.0,7.2
medical-hospital,"Medical Hospital",1.2,1.1.9,https://downloads.wordpress.org/theme/medical-hospital.1.2.zip,"2024-12-12 09:24:35",https://wordpress.org/themes/medical-hospital/,5.0,7.2
preventive-maintenance,"Preventive Maintenance",2.8,2.7,https://downloads.wordpress.org/theme/preventive-maintenance.2.8.zip,"2024-12-12 08:57:17",https://wordpress.org/themes/preventive-maintenance/,5.0,5.6
spa-salon-center,"Spa Salon Center",2.4,2.3,https://downloads.wordpress.org/theme/spa-salon-center.2.4.zip,"2024-12-12 08:58:09",https://wordpress.org/themes/spa-salon-center/,5.0,5.6
tour-travel-agent,"Tour Travel Agent",0.5.1,0.5,https://downloads.wordpress.org/theme/tour-travel-agent.0.5.1.zip,"2024-12-12 09:19:53",https://wordpress.org/themes/tour-travel-agent/,5.0,7.2
vw-clothing-store,"VW Clothing Store",0.3.3,0.3.2,https://downloads.wordpress.org/theme/vw-clothing-store.0.3.3.zip,"2024-12-12 09:12:08",https://wordpress.org/themes/vw-clothing-store/,5.0,7.2
vw-food-corner,"VW Food Corner",0.7.9,0.7.8,https://downloads.wordpress.org/theme/vw-food-corner.0.7.9.zip,"2024-12-12 09:13:30",https://wordpress.org/themes/vw-food-corner/,5.0,7.2
vw-job-board,"VW Job Board",0.7.2,0.7.1,https://downloads.wordpress.org/theme/vw-job-board.0.7.2.zip,"2024-12-12 09:10:57",https://wordpress.org/themes/vw-job-board/,5.0,7.2
vw-restaurant-lite,"VW Restaurant Lite",2.3.7,2.3.6,https://downloads.wordpress.org/theme/vw-restaurant-lite.2.3.7.zip,"2024-12-12 09:13:03",https://wordpress.org/themes/vw-restaurant-lite/,5.0,7.2
vw-wellness-coach,"VW Wellness Coach",2.0.2,2.0,https://downloads.wordpress.org/theme/vw-wellness-coach.2.0.2.zip,"2024-12-12 09:14:59",https://wordpress.org/themes/vw-wellness-coach/,5.0,7.2
zenflow-yoga,"Zenflow Yoga",1.1.3,1.1.2,https://downloads.wordpress.org/theme/zenflow-yoga.1.1.3.zip,"2024-12-12 08:38:18",https://wordpress.org/themes/zenflow-yoga/,,7.0
janey,Janey,1.0.8,1.0.7,https://downloads.wordpress.org/theme/janey.1.0.8.zip,"2024-12-12 09:51:18",https://wordpress.org/themes/janey/,,5.3
marin,Marin,0.0.6,0.0.5,https://downloads.wordpress.org/theme/marin.0.0.6.zip,"2024-12-12 09:56:40",https://wordpress.org/themes/marin/,,5.6
blogbull,BlogBull,1.0.0,,https://downloads.wordpress.org/theme/blogbull.1.0.0.zip,"2024-12-12 09:57:06",https://wordpress.org/themes/blogbull/,5.9,5.6
jewstore,JewStore,1.1.1,,https://downloads.wordpress.org/theme/jewstore.1.1.1.zip,"2024-12-12 09:56:59",https://wordpress.org/themes/jewstore/,5.1,5.6
lightreal,Lightreal,1.6,,https://downloads.wordpress.org/theme/lightreal.1.6.zip,"2024-12-12 09:56:48",https://wordpress.org/themes/lightreal/,6.0,5.7
page-builder-framework,"Page Builder Framework",2.11.3,2.11.2,https://downloads.wordpress.org/theme/page-builder-framework.2.11.3.zip,"2024-12-12 10:48:52",https://wordpress.org/themes/page-builder-framework/,,5.6
pastry-shop,"Pastry Shop",0.2,,https://downloads.wordpress.org/theme/pastry-shop.0.2.zip,"2024-12-12 10:41:50",https://wordpress.org/themes/pastry-shop/,5.6,7.2
avenza,Avenza,1.4.0,1.3.9,https://downloads.wordpress.org/theme/avenza.1.4.0.zip,"2024-12-12 12:30:19",https://wordpress.org/themes/avenza/,,5.6
avitech,Avitech,11.1,11.0,https://downloads.wordpress.org/theme/avitech.11.1.zip,"2024-12-12 12:30:38",https://wordpress.org/themes/avitech/,4.7,5.6
avtari,Avtari,11.1,11.0,https://downloads.wordpress.org/theme/avtari.11.1.zip,"2024-12-12 12:31:28",https://wordpress.org/themes/avtari/,4.7,5.6
azwa,Azwa,11.2,11.1,https://downloads.wordpress.org/theme/azwa.11.2.zip,"2024-12-12 12:34:45",https://wordpress.org/themes/azwa/,4.7,5.6
blogbull,BlogBull,1.0.1,1.0.0,https://downloads.wordpress.org/theme/blogbull.1.0.1.zip,"2024-12-12 12:12:30",https://wordpress.org/themes/blogbull/,5.9,5.6
cormex,Cormex,3.6,3.5,https://downloads.wordpress.org/theme/cormex.3.6.zip,"2024-12-12 12:35:18",https://wordpress.org/themes/cormex/,,5.6
envira,Envira,11.1,11.0,https://downloads.wordpress.org/theme/envira.11.1.zip,"2024-12-12 12:35:37",https://wordpress.org/themes/envira/,4.7,5.6
fiona-news,"Fiona News",11.3,11.2,https://downloads.wordpress.org/theme/fiona-news.11.3.zip,"2024-12-12 12:35:55",https://wordpress.org/themes/fiona-news/,4.7,5.6
profolio,Profolio,3.1,3.0,https://downloads.wordpress.org/theme/profolio.3.1.zip,"2024-12-12 12:36:18",https://wordpress.org/themes/profolio/,,5.6
techine,Techine,11.1,11.0,https://downloads.wordpress.org/theme/techine.11.1.zip,"2024-12-12 12:36:40",https://wordpress.org/themes/techine/,4.7,5.6
thai-spa,"Thai Spa",11.3,11.2,https://downloads.wordpress.org/theme/thai-spa.11.3.zip,"2024-12-12 12:36:58",https://wordpress.org/themes/thai-spa/,4.7,5.6
timeblog,TimeBlog,7.3,7.2,https://downloads.wordpress.org/theme/timeblog.7.3.zip,"2024-12-12 12:37:17",https://wordpress.org/themes/timeblog/,4.7,5.6
sunbrake,Sunbrake,1.0.13,,https://downloads.wordpress.org/theme/sunbrake.1.0.13.zip,"2024-12-12 11:41:49",https://wordpress.org/themes/sunbrake/,5.8,7.1
adventure-resort,"Adventure Resort",0.0.7,0.0.6,https://downloads.wordpress.org/theme/adventure-resort.0.0.7.zip,"2024-12-12 13:01:49",https://wordpress.org/themes/adventure-resort/,5.0,7.2
baseball-club,"Baseball Club",0.1.9,0.1.8,https://downloads.wordpress.org/theme/baseball-club.0.1.9.zip,"2024-12-12 13:28:52",https://wordpress.org/themes/baseball-club/,,5.6
camping-zone,"Camping Zone",0.0.8,0.0.7,https://downloads.wordpress.org/theme/camping-zone.0.0.8.zip,"2024-12-12 13:01:20",https://wordpress.org/themes/camping-zone/,5.0,7.2
cosmetics-salon,"Cosmetics Salon",0.3.7,0.3.6,https://downloads.wordpress.org/theme/cosmetics-salon.0.3.7.zip,"2024-12-12 12:59:56",https://wordpress.org/themes/cosmetics-salon/,5.0,7.2
lms-education-study,"LMS Education Study",0.1.1,0.1.0,https://downloads.wordpress.org/theme/lms-education-study.0.1.1.zip,"2024-12-12 13:02:23",https://wordpress.org/themes/lms-education-study/,5.0,7.2
the-perfume-shop,"The Perfume Shop",0.0.8,0.0.7,https://downloads.wordpress.org/theme/the-perfume-shop.0.0.8.zip,"2024-12-12 13:00:28",https://wordpress.org/themes/the-perfume-shop/,5.5,7.2
wooden-furniture,"Wooden Furniture",0.0.8,0.0.7,https://downloads.wordpress.org/theme/wooden-furniture.0.0.8.zip,"2024-12-12 12:59:20",https://wordpress.org/themes/wooden-furniture/,5.0,7.2
jewstore,JewStore,1.2.0,1.1.1,https://downloads.wordpress.org/theme/jewstore.1.2.0.zip,"2024-12-12 14:55:54",https://wordpress.org/themes/jewstore/,5.1,5.6
workfolio,WorkFolio,1.0.2,1.0.1,https://downloads.wordpress.org/theme/workfolio.1.0.2.zip,"2024-12-12 15:18:31",https://wordpress.org/themes/workfolio/,,7.4
agency-eye,"Agency Eye",1.0.2,1.0.1,https://downloads.wordpress.org/theme/agency-eye.1.0.2.zip,"2024-12-12 16:08:30",https://wordpress.org/themes/agency-eye/,,5.6
greenshift,Greenshift,2.3.6,2.3.4,https://downloads.wordpress.org/theme/greenshift.2.3.6.zip,"2024-12-12 17:18:48",https://wordpress.org/themes/greenshift/,6.2,
mediquip-plus,"Mediquip Plus",3.2.5,3.2.4,https://downloads.wordpress.org/theme/mediquip-plus.3.2.5.zip,"2024-12-12 16:47:16",https://wordpress.org/themes/mediquip-plus/,5.0,5.6
real-fitness,"Real Fitness",1.2.6,1.2.5,https://downloads.wordpress.org/theme/real-fitness.1.2.6.zip,"2024-12-12 16:44:45",https://wordpress.org/themes/real-fitness/,5.0,5.6
web-developer,"Web Developer",1.2.7,1.2.6,https://downloads.wordpress.org/theme/web-developer.1.2.7.zip,"2024-12-12 16:45:27",https://wordpress.org/themes/web-developer/,5.0,5.6
web-development-company,"Web Development Company",1.8.8,1.8.7,https://downloads.wordpress.org/theme/web-development-company.1.8.8.zip,"2024-12-12 16:45:51",https://wordpress.org/themes/web-development-company/,5.0,5.6
web-startup-agency,"Web Startup Agency",1.8.8,1.8.7,https://downloads.wordpress.org/theme/web-startup-agency.1.8.8.zip,"2024-12-12 16:46:23",https://wordpress.org/themes/web-startup-agency/,5.0,5.6
listdomer,Listdomer,2.7.2,2.7.0,https://downloads.wordpress.org/theme/listdomer.2.7.2.zip,"2024-12-12 19:36:31",https://wordpress.org/themes/listdomer/,4.0,7.0
blocksy,Blocksy,2.0.81,2.0.80,https://downloads.wordpress.org/theme/blocksy.2.0.81.zip,"2024-12-12 20:39:03",https://wordpress.org/themes/blocksy/,5.2,7.0
it-residence,"IT Residence",2.8.7,2.8.6,https://downloads.wordpress.org/theme/it-residence.2.8.7.zip,"2024-12-13 03:00:22",https://wordpress.org/themes/it-residence/,,5.6
charity-blocks,"Charity Blocks",2.8,2.7,https://downloads.wordpress.org/theme/charity-blocks.2.8.zip,"2024-12-13 04:19:05",https://wordpress.org/themes/charity-blocks/,6.1,5.6
clothing-apparel-shop,"Clothing Apparel Shop",3.2,3.1,https://downloads.wordpress.org/theme/clothing-apparel-shop.3.2.zip,"2024-12-13 04:18:31",https://wordpress.org/themes/clothing-apparel-shop/,6.1,5.6
construction-blocks,"Construction Blocks",2.5,2.4,https://downloads.wordpress.org/theme/construction-blocks.2.5.zip,"2024-12-13 04:17:19",https://wordpress.org/themes/construction-blocks/,6.1,5.6
cyber-security-blocks,"Cyber Security Blocks",2.9,2.8,https://downloads.wordpress.org/theme/cyber-security-blocks.2.9.zip,"2024-12-13 04:17:52",https://wordpress.org/themes/cyber-security-blocks/,6.1,5.6
dental-blocks,"Dental Blocks",2.5,2.4,https://downloads.wordpress.org/theme/dental-blocks.2.5.zip,"2024-12-13 04:16:46",https://wordpress.org/themes/dental-blocks/,6.1,5.6
history-museum,"History Museum",3.2,3.1,https://downloads.wordpress.org/theme/history-museum.3.2.zip,"2024-12-13 04:16:04",https://wordpress.org/themes/history-museum/,6.1,5.6
lawyer-firm-blocks,"Lawyer Firm Blocks",2.9,2.8,https://downloads.wordpress.org/theme/lawyer-firm-blocks.2.9.zip,"2024-12-13 04:21:27",https://wordpress.org/themes/lawyer-firm-blocks/,6.1,5.6
lifestyle-store,"Lifestyle Store",2.8,2.7,https://downloads.wordpress.org/theme/lifestyle-store.2.8.zip,"2024-12-13 04:22:22",https://wordpress.org/themes/lifestyle-store/,6.1,5.6
organic-green-blocks,"Organic Green Blocks",2.8,2.7,https://downloads.wordpress.org/theme/organic-green-blocks.2.8.zip,"2024-12-13 04:20:08",https://wordpress.org/themes/organic-green-blocks/,6.1,5.6
trekking-blocks,"Trekking Blocks",2.4,2.3,https://downloads.wordpress.org/theme/trekking-blocks.2.4.zip,"2024-12-13 04:20:46",https://wordpress.org/themes/trekking-blocks/,6.1,5.6
xshop,XShop,1.1.2,1.1.1,https://downloads.wordpress.org/theme/xshop.1.1.2.zip,"2024-12-13 04:53:44",https://wordpress.org/themes/xshop/,,5.6
medical-pharmacy,"Medical Pharmacy",1.0.0,,https://downloads.wordpress.org/theme/medical-pharmacy.1.0.0.zip,"2024-12-13 04:56:56",https://wordpress.org/themes/medical-pharmacy/,5.9,5.6
ona-architecture,"Ona Architecture",0.2,,https://downloads.wordpress.org/theme/ona-architecture.0.2.zip,"2024-12-13 04:56:47",https://wordpress.org/themes/ona-architecture/,5.8,5.6
centralnews,CentralNews,2.0.22,2.0.21,https://downloads.wordpress.org/theme/centralnews.2.0.22.zip,"2024-12-13 07:03:10",https://wordpress.org/themes/centralnews/,4.0,5.3
corporate-lawyer-firm,"Corporate Lawyer Firm",1.5,1.4,https://downloads.wordpress.org/theme/corporate-lawyer-firm.1.5.zip,"2024-12-13 07:14:29",https://wordpress.org/themes/corporate-lawyer-firm/,5.0,7.2
data-analytics-center,"Data Analytics Center",1.5,1.4,https://downloads.wordpress.org/theme/data-analytics-center.1.5.zip,"2024-12-13 07:15:25",https://wordpress.org/themes/data-analytics-center/,5.0,7.2
doctor-clinic,"Doctor Clinic",0.6.1,0.6.0,https://downloads.wordpress.org/theme/doctor-clinic.0.6.1.zip,"2024-12-13 07:24:44",https://wordpress.org/themes/doctor-clinic/,,7.2
fresh-bakers,"Fresh Bakers",1.3,1.2,https://downloads.wordpress.org/theme/fresh-bakers.1.3.zip,"2024-12-13 07:16:30",https://wordpress.org/themes/fresh-bakers/,5.0,7.2
globalnews,GlobalNews,1.0.11,1.0.10,https://downloads.wordpress.org/theme/globalnews.1.0.11.zip,"2024-12-13 07:03:37",https://wordpress.org/themes/globalnews/,4.0,5.3
gurukul-education,"Gurukul Education",0.5.3,0.5.2,https://downloads.wordpress.org/theme/gurukul-education.0.5.3.zip,"2024-12-13 07:27:17",https://wordpress.org/themes/gurukul-education/,,7.2
influencer-marketing,"Influencer Marketing",1.5,1.4,https://downloads.wordpress.org/theme/influencer-marketing.1.5.zip,"2024-12-13 07:18:15",https://wordpress.org/themes/influencer-marketing/,5.5,7.2
interior-decor-consultation,"Interior Decor Consultation",1.4,1.3,https://downloads.wordpress.org/theme/interior-decor-consultation.1.4.zip,"2024-12-13 07:27:09",https://wordpress.org/themes/interior-decor-consultation/,5.0,7.2
lzrestaurant,lzrestaurant,1.9.6,1.9.5,https://downloads.wordpress.org/theme/lzrestaurant.1.9.6.zip,"2024-12-13 07:25:48",https://wordpress.org/themes/lzrestaurant/,,7.2
nataraj-dance-studio,"Nataraj Dance Studio",0.6.0,0.5.9,https://downloads.wordpress.org/theme/nataraj-dance-studio.0.6.0.zip,"2024-12-13 07:24:05",https://wordpress.org/themes/nataraj-dance-studio/,,7.2
newsical,Newsical,1.0.2,1.0.1,https://downloads.wordpress.org/theme/newsical.1.0.2.zip,"2024-12-13 07:04:02",https://wordpress.org/themes/newsical/,4.0,5.3
newsmore,NewsMore,1.2.17,1.2.16,https://downloads.wordpress.org/theme/newsmore.1.2.17.zip,"2024-12-13 07:04:23",https://wordpress.org/themes/newsmore/,4.0,5.3
perfect-ecommerce-store,"Perfect Ecommerce Store",0.7.5,0.7.4,https://downloads.wordpress.org/theme/perfect-ecommerce-store.0.7.5.zip,"2024-12-13 07:26:28",https://wordpress.org/themes/perfect-ecommerce-store/,,7.2
animal-caretaker,"Animal Caretaker",2.1,2.0,https://downloads.wordpress.org/theme/animal-caretaker.2.1.zip,"2024-12-13 07:30:36",https://wordpress.org/themes/animal-caretaker/,,7.2
elite-creative-agency,"Elite Creative Agency",2.5,2.4,https://downloads.wordpress.org/theme/elite-creative-agency.2.5.zip,"2024-12-13 07:31:16",https://wordpress.org/themes/elite-creative-agency/,,7.2
gym-workout,"Gym Workout",2.3,2.2,https://downloads.wordpress.org/theme/gym-workout.2.3.zip,"2024-12-13 07:31:56",https://wordpress.org/themes/gym-workout/,,7.2
home-decor-shop,"Home Decor Shop",2.8,2.7,https://downloads.wordpress.org/theme/home-decor-shop.2.8.zip,"2024-12-13 07:32:39",https://wordpress.org/themes/home-decor-shop/,,7.2
prime-construction,"Prime Construction",1.0.3,1.0.2,https://downloads.wordpress.org/theme/prime-construction.1.0.3.zip,"2024-12-13 08:04:06",https://wordpress.org/themes/prime-construction/,,5.6
janeymag,Janeymag,1.0.1,,https://downloads.wordpress.org/theme/janeymag.1.0.1.zip,"2024-12-13 07:41:48",https://wordpress.org/themes/janeymag/,,5.3
all-cleaning-services,"All Cleaning Services",1.0.2,1.0.1,https://downloads.wordpress.org/theme/all-cleaning-services.1.0.2.zip,"2024-12-13 08:37:37",https://wordpress.org/themes/all-cleaning-services/,,5.6
careers,Careers,1.2.0,1.1.6,https://downloads.wordpress.org/theme/careers.1.2.0.zip,"2024-12-13 08:56:44",https://wordpress.org/themes/careers/,6.6,7.4
digital-marketing-elementor,"Digital Marketing Elementor",0.4.1,0.4,https://downloads.wordpress.org/theme/digital-marketing-elementor.0.4.1.zip,"2024-12-13 08:47:14",https://wordpress.org/themes/digital-marketing-elementor/,5.0,5.6
fashion-shop-storefront,"Fashion Shop Storefront",0.3.2,0.3.1,https://downloads.wordpress.org/theme/fashion-shop-storefront.0.3.2.zip,"2024-12-13 08:45:01",https://wordpress.org/themes/fashion-shop-storefront/,5.0,5.6
plumbing-contractor,"Plumbing Contractor",0.4,0.3.9,https://downloads.wordpress.org/theme/plumbing-contractor.0.4.zip,"2024-12-13 08:45:29",https://wordpress.org/themes/plumbing-contractor/,5.0,5.6
printing-press,"Printing Press",0.3,0.2.9,https://downloads.wordpress.org/theme/printing-press.0.3.zip,"2024-12-13 08:45:55",https://wordpress.org/themes/printing-press/,5.0,5.6
seo-digital-agency,"SEO Digital Agency",0.2.9,0.2.8,https://downloads.wordpress.org/theme/seo-digital-agency.0.2.9.zip,"2024-12-13 08:46:18",https://wordpress.org/themes/seo-digital-agency/,5.0,5.6
travel-hiking,"Travel Hiking",0.3,0.2.9,https://downloads.wordpress.org/theme/travel-hiking.0.3.zip,"2024-12-13 08:46:44",https://wordpress.org/themes/travel-hiking/,5.0,5.6
affiliate-marketing-business,"Affiliate Marketing Business",0.2,0.1.9,https://downloads.wordpress.org/theme/affiliate-marketing-business.0.2.zip,"2024-12-13 09:58:19",https://wordpress.org/themes/affiliate-marketing-business/,5.0,7.2
blogger-base,"Blogger Base",0.9.2,0.9.1,https://downloads.wordpress.org/theme/blogger-base.0.9.2.zip,"2024-12-13 09:47:37",https://wordpress.org/themes/blogger-base/,5.0,7.2
blogger-hub,"Blogger Hub",1.3,1.2.9,https://downloads.wordpress.org/theme/blogger-hub.1.3.zip,"2024-12-13 09:47:12",https://wordpress.org/themes/blogger-hub/,5.0,7.2
broadnews,BroadNews,4.2.0,4.1.2,https://downloads.wordpress.org/theme/broadnews.4.2.0.zip,"2024-12-13 09:40:34",https://wordpress.org/themes/broadnews/,4.0,5.3
careers,Careers,1.2.1,1.2.0,https://downloads.wordpress.org/theme/careers.1.2.1.zip,"2024-12-13 09:31:43",https://wordpress.org/themes/careers/,6.6,7.4
election-campaign,"Election Campaign",0.2.8,0.2.7,https://downloads.wordpress.org/theme/election-campaign.0.2.8.zip,"2024-12-13 09:54:03",https://wordpress.org/themes/election-campaign/,5.0,7.2
golf-landscape,"Golf Landscape",0.1.8,0.1.7,https://downloads.wordpress.org/theme/golf-landscape.0.1.8.zip,"2024-12-13 09:54:51",https://wordpress.org/themes/golf-landscape/,5.0,7.2
handyman-cleaner,"Handyman Cleaner",0.3.2,0.3.1,https://downloads.wordpress.org/theme/handyman-cleaner.0.3.2.zip,"2024-12-13 09:56:30",https://wordpress.org/themes/handyman-cleaner/,5.0,7.2
makeup-artist,"Makeup Artist",0.8.4,0.8.3,https://downloads.wordpress.org/theme/makeup-artist.0.8.4.zip,"2024-12-13 09:38:27",https://wordpress.org/themes/makeup-artist/,5.0,7.2
mega-construction,"Mega Construction",1.1.2,1.1.1,https://downloads.wordpress.org/theme/mega-construction.1.1.2.zip,"2024-12-13 09:48:13",https://wordpress.org/themes/mega-construction/,5.0,7.2
modern-blogger,"Modern Blogger",0.4.9,0.4.8,https://downloads.wordpress.org/theme/modern-blogger.0.4.9.zip,"2024-12-13 09:48:53",https://wordpress.org/themes/modern-blogger/,5.0,7.4
modern-construction,"Modern Construction",0.9.2,0.9.1,https://downloads.wordpress.org/theme/modern-construction.0.9.2.zip,"2024-12-13 09:49:14",https://wordpress.org/themes/modern-construction/,5.0,7.2
shoes-store,"Shoes Store",0.2,0.1,https://downloads.wordpress.org/theme/shoes-store.0.2.zip,"2024-12-13 09:39:49",https://wordpress.org/themes/shoes-store/,5.0,7.2
startup-solutions,"Startup Solutions",0.2.9,0.2.8,https://downloads.wordpress.org/theme/startup-solutions.0.2.9.zip,"2024-12-13 09:57:01",https://wordpress.org/themes/startup-solutions/,5.0,7.2
ultimate-audio-streaming,"Ultimate Audio Streaming",0.5.1,0.5,https://downloads.wordpress.org/theme/ultimate-audio-streaming.0.5.1.zip,"2024-12-13 09:53:29",https://wordpress.org/themes/ultimate-audio-streaming/,5.0,7.2
video-podcasting,"Video Podcasting",0.9,0.8.9,https://downloads.wordpress.org/theme/video-podcasting.0.9.zip,"2024-12-13 09:40:30",https://wordpress.org/themes/video-podcasting/,5.0,7.2
vw-dark,"VW Dark",0.7.3,0.7.2,https://downloads.wordpress.org/theme/vw-dark.0.7.3.zip,"2024-12-13 09:41:32",https://wordpress.org/themes/vw-dark/,5.0,7.2
vw-ecommerce-shop,"VW Ecommerce Shop",1.2.4,1.2.3,https://downloads.wordpress.org/theme/vw-ecommerce-shop.1.2.4.zip,"2024-12-13 09:39:08",https://wordpress.org/themes/vw-ecommerce-shop/,5.0,7.2
vw-kids-store,"VW Kids Store",1.7.6,1.7.5,https://downloads.wordpress.org/theme/vw-kids-store.1.7.6.zip,"2024-12-13 09:42:50",https://wordpress.org/themes/vw-kids-store/,5.0,7.2
vw-kids,"VW Kids",1.4.6,1.4.5,https://downloads.wordpress.org/theme/vw-kids.1.4.6.zip,"2024-12-13 09:42:26",https://wordpress.org/themes/vw-kids/,5.0,7.2
web-designer,"Web Designer",0.6.9,0.6.8,https://downloads.wordpress.org/theme/web-designer.0.6.9.zip,"2024-12-13 09:43:58",https://wordpress.org/themes/web-designer/,5.0,7.2
aahana,Aahana,1.0.42,1.0.41,https://downloads.wordpress.org/theme/aahana.1.0.42.zip,"2024-12-13 10:43:19",https://wordpress.org/themes/aahana/,4.7,5.6
arvana,Arvana,1.0.65,1.0.64,https://downloads.wordpress.org/theme/arvana.1.0.65.zip,"2024-12-13 10:42:26",https://wordpress.org/themes/arvana/,4.7,5.6
auru,Auru,1.0.62,1.0.61,https://downloads.wordpress.org/theme/auru.1.0.62.zip,"2024-12-13 10:42:56",https://wordpress.org/themes/auru/,4.7,5.6
celexo,Celexo,1.1.8,1.1.7,https://downloads.wordpress.org/theme/celexo.1.1.8.zip,"2024-12-13 10:39:43",https://wordpress.org/themes/celexo/,4.7,5.6
chitvi,Chitvi,1.1.6,1.1.5,https://downloads.wordpress.org/theme/chitvi.1.1.6.zip,"2024-12-13 10:40:07",https://wordpress.org/themes/chitvi/,4.7,5.6
cosmobit,Cosmobit,2.0.19,2.0.18,https://downloads.wordpress.org/theme/cosmobit.2.0.19.zip,"2024-12-13 10:39:08",https://wordpress.org/themes/cosmobit/,4.7,5.6
crombit,Crombit,1.0.14,1.0.13,https://downloads.wordpress.org/theme/crombit.1.0.14.zip,"2024-12-13 10:43:47",https://wordpress.org/themes/crombit/,4.7,5.6
darknews,DarkNews,3.2.0,3.1.2,https://downloads.wordpress.org/theme/darknews.3.2.0.zip,"2024-12-13 11:23:36",https://wordpress.org/themes/darknews/,4.0,5.3
easywiz,EasyWiz,1.0.95,1.0.94,https://downloads.wordpress.org/theme/easywiz.1.0.95.zip,"2024-12-13 10:41:15",https://wordpress.org/themes/easywiz/,4.7,5.6
fastica,Fastica,1.1,1.0.99,https://downloads.wordpress.org/theme/fastica.1.1.zip,"2024-12-13 10:42:04",https://wordpress.org/themes/fastica/,4.7,5.6
flexora,Flexora,1.1.1,1.1,https://downloads.wordpress.org/theme/flexora.1.1.1.zip,"2024-12-13 10:40:32",https://wordpress.org/themes/flexora/,4.7,5.6
lazypress,LazyPress,1.0.94,1.0.93,https://downloads.wordpress.org/theme/lazypress.1.0.94.zip,"2024-12-13 10:41:40",https://wordpress.org/themes/lazypress/,4.7,5.6
thinity,Thinity,1.1,1.0.99,https://downloads.wordpress.org/theme/thinity.1.1.zip,"2024-12-13 10:40:53",https://wordpress.org/themes/thinity/,4.7,5.6
xshop-lite,"Xshop Lite",1.0.8,1.0.7,https://downloads.wordpress.org/theme/xshop-lite.1.0.8.zip,"2024-12-13 11:10:43",https://wordpress.org/themes/xshop-lite/,,5.6
airin-blog,"Airin Blog",1.6.9,1.6.8,https://downloads.wordpress.org/theme/airin-blog.1.6.9.zip,"2024-12-13 11:54:46",https://wordpress.org/themes/airin-blog/,6.0,7.1
careers,Careers,1.2.2,1.2.1,https://downloads.wordpress.org/theme/careers.1.2.2.zip,"2024-12-13 12:41:42",https://wordpress.org/themes/careers/,6.6,7.4
doctor-physician,"Doctor Physician",1.5,1.4,https://downloads.wordpress.org/theme/doctor-physician.1.5.zip,"2024-12-13 12:08:09",https://wordpress.org/themes/doctor-physician/,,7.4
dog-pet-house,"Dog Pet House",2.3,2.2,https://downloads.wordpress.org/theme/dog-pet-house.2.3.zip,"2024-12-13 12:07:37",https://wordpress.org/themes/dog-pet-house/,,7.4
ecommerce-clothing,"Ecommerce Clothing",1.5,1.4,https://downloads.wordpress.org/theme/ecommerce-clothing.1.5.zip,"2024-12-13 12:07:08",https://wordpress.org/themes/ecommerce-clothing/,,7.4
elegant-magazine,"Elegant Magazine",4.2.0,4.1.2,https://downloads.wordpress.org/theme/elegant-magazine.4.2.0.zip,"2024-12-13 11:36:42",https://wordpress.org/themes/elegant-magazine/,4.0,5.3
enternews,EnterNews,3.2.1,3.1.2,https://downloads.wordpress.org/theme/enternews.3.2.1.zip,"2024-12-13 12:21:39",https://wordpress.org/themes/enternews/,4.0,5.3
gridhub,GridHub,1.0.7,1.0.6,https://downloads.wordpress.org/theme/gridhub.1.0.7.zip,"2024-12-13 11:25:40",https://wordpress.org/themes/gridhub/,5.0,7.2
home-decor-store,"Home Decor Store",2.1,2.0,https://downloads.wordpress.org/theme/home-decor-store.2.1.zip,"2024-12-13 12:06:42",https://wordpress.org/themes/home-decor-store/,,7.4
movie-theatre,"Movie Theatre",1.7,1.6,https://downloads.wordpress.org/theme/movie-theatre.1.7.zip,"2024-12-13 12:06:05",https://wordpress.org/themes/movie-theatre/,,7.4
moving-truck-rental,"Moving Truck Rental",1.5,1.4,https://downloads.wordpress.org/theme/moving-truck-rental.1.5.zip,"2024-12-13 12:05:37",https://wordpress.org/themes/moving-truck-rental/,,7.4
newsever,Newsever,4.2.0,4.1.2,https://downloads.wordpress.org/theme/newsever.4.2.0.zip,"2024-12-13 12:03:41",https://wordpress.org/themes/newsever/,4.0,5.3
resort-motel,"Resort Motel",3.3,3.2,https://downloads.wordpress.org/theme/resort-motel.3.3.zip,"2024-12-13 12:05:09",https://wordpress.org/themes/resort-motel/,,7.2
venice-lite,"Venice Lite",1.6.0,1.5.9,https://downloads.wordpress.org/theme/venice-lite.1.6.0.zip,"2024-12-13 12:50:20",https://wordpress.org/themes/venice-lite/,,5.3
water-sports-gear,"Water Sports Gear",1.8,1.7,https://downloads.wordpress.org/theme/water-sports-gear.1.8.zip,"2024-12-13 12:04:36",https://wordpress.org/themes/water-sports-gear/,,7.4
ampark,Ampark,11.0,10.9,https://downloads.wordpress.org/theme/ampark.11.0.zip,"2024-12-13 13:04:46",https://wordpress.org/themes/ampark/,4.7,5.6
animal-wildlife,"Animal Wildlife",0.4.6,0.4.5,https://downloads.wordpress.org/theme/animal-wildlife.0.4.6.zip,"2024-12-13 13:34:52",https://wordpress.org/themes/animal-wildlife/,5.0,7.2
arowana,Arowana,12.1,12.0,https://downloads.wordpress.org/theme/arowana.12.1.zip,"2024-12-13 13:05:31",https://wordpress.org/themes/arowana/,4.7,5.6
avail,Avail,11.0,10.9,https://downloads.wordpress.org/theme/avail.11.0.zip,"2024-12-13 13:05:58",https://wordpress.org/themes/avail/,4.7,5.6
aviser,Aviser,11.0,10.9,https://downloads.wordpress.org/theme/aviser.11.0.zip,"2024-12-13 13:06:21",https://wordpress.org/themes/aviser/,4.7,5.6
axtia,Axtia,11.0,10.9,https://downloads.wordpress.org/theme/axtia.11.0.zip,"2024-12-13 13:06:57",https://wordpress.org/themes/axtia/,4.7,5.6
business-meetup-conference,"Business Meetup Conference",1.8,1.7,https://downloads.wordpress.org/theme/business-meetup-conference.1.8.zip,"2024-12-13 12:58:20",https://wordpress.org/themes/business-meetup-conference/,5.0,5.6
cardiopress,CardioPress,3.5,3.4,https://downloads.wordpress.org/theme/cardiopress.3.5.zip,"2024-12-13 13:07:14",https://wordpress.org/themes/cardiopress/,4.7,5.6
church-services,"Church Services",1.6,1.5,https://downloads.wordpress.org/theme/church-services.1.6.zip,"2024-12-13 12:59:07",https://wordpress.org/themes/church-services/,5.0,5.6
comoxa,Comoxa,11.0,10.9,https://downloads.wordpress.org/theme/comoxa.11.0.zip,"2024-12-13 13:07:45",https://wordpress.org/themes/comoxa/,4.7,5.6
eco-energy,"Eco Energy",1.4.7,1.4.6,https://downloads.wordpress.org/theme/eco-energy.1.4.7.zip,"2024-12-13 13:35:12",https://wordpress.org/themes/eco-energy/,5.4,5.6
eventpress,EventPress,13.4,13.3,https://downloads.wordpress.org/theme/eventpress.13.4.zip,"2024-12-13 13:08:40",https://wordpress.org/themes/eventpress/,4.7,5.6
ice-cream-parlor,"Ice Cream Parlor",1.5,1.4,https://downloads.wordpress.org/theme/ice-cream-parlor.1.5.zip,"2024-12-13 12:59:41",https://wordpress.org/themes/ice-cream-parlor/,5.0,5.6
iqra-education,"Iqra Education",1.1.1,1.1,https://downloads.wordpress.org/theme/iqra-education.1.1.1.zip,"2024-12-13 13:35:38",https://wordpress.org/themes/iqra-education/,5.0,7.2
kindergarten-playgroup,"Kindergarten Playgroup",1.8,1.7,https://downloads.wordpress.org/theme/kindergarten-playgroup.1.8.zip,"2024-12-13 13:00:16",https://wordpress.org/themes/kindergarten-playgroup/,5.0,5.6
videographer-studio,"Videographer Studio",1.4,1.3,https://downloads.wordpress.org/theme/videographer-studio.1.4.zip,"2024-12-13 13:00:43",https://wordpress.org/themes/videographer-studio/,5.0,5.6
koinonia,Koinonia,1.0.1,1.0.0,https://downloads.wordpress.org/theme/koinonia.1.0.1.zip,"2024-12-13 13:41:44",https://wordpress.org/themes/koinonia/,6.7,5.7
preschool-nursery,"Preschool Nursery",0.6.9,0.6.8,https://downloads.wordpress.org/theme/preschool-nursery.0.6.9.zip,"2024-12-13 13:37:13",https://wordpress.org/themes/preschool-nursery/,5.0,7.2
safha-one-page,"Safha One Page",1.1.7,1.1.6,https://downloads.wordpress.org/theme/safha-one-page.1.1.7.zip,"2024-12-13 13:38:10",https://wordpress.org/themes/safha-one-page/,5.0,7.2
sayara-automotive,"Sayara Automotive",1.1.7,1.1.6,https://downloads.wordpress.org/theme/sayara-automotive.1.1.7.zip,"2024-12-13 13:40:00",https://wordpress.org/themes/sayara-automotive/,5.0,7.2
shams-solar,"Shams Solar",8.3.9,8.3.8,https://downloads.wordpress.org/theme/shams-solar.8.3.9.zip,"2024-12-13 13:40:48",https://wordpress.org/themes/shams-solar/,5.0,7.2
tabib-hospital,"Tabib Hospital",0.5.4,0.5.3,https://downloads.wordpress.org/theme/tabib-hospital.0.5.4.zip,"2024-12-13 13:42:17",https://wordpress.org/themes/tabib-hospital/,5.0,7.2
tafri-travel-blog,"Tafri Travel Blog",0.3.1,0.3,https://downloads.wordpress.org/theme/tafri-travel-blog.0.3.1.zip,"2024-12-13 13:42:51",https://wordpress.org/themes/tafri-travel-blog/,5.0,7.2
tanawul-bakery,"Tanawul Bakery",1.1,1.0.9,https://downloads.wordpress.org/theme/tanawul-bakery.1.1.zip,"2024-12-13 13:43:29",https://wordpress.org/themes/tanawul-bakery/,5.0,7.2
kartnic,Kartnic,3.0.1,3.0,https://downloads.wordpress.org/theme/kartnic.3.0.1.zip,"2024-12-13 15:29:32",https://wordpress.org/themes/kartnic/,5.0,7.0
leancv,LeanCV,1.1.0,1.1,https://downloads.wordpress.org/theme/leancv.1.1.0.zip,"2024-12-13 14:56:44",https://wordpress.org/themes/leancv/,6.0,8.2
eternal,Eternal,1.4,1.3.1,https://downloads.wordpress.org/theme/eternal.1.4.zip,"2024-12-13 15:56:01",https://wordpress.org/themes/eternal/,6.6,7.4
xshop-plus,"XShop Plus",1.0.7,1.0.6,https://downloads.wordpress.org/theme/xshop-plus.1.0.7.zip,"2024-12-13 17:06:01",https://wordpress.org/themes/xshop-plus/,,5.6
allegro,Allegro,1.0.9,1.0.8,https://downloads.wordpress.org/theme/allegro.1.0.9.zip,"2024-12-13 17:46:09",https://wordpress.org/themes/allegro/,,5.3
attimo,Attimo,1.0.9,1.0.8,https://downloads.wordpress.org/theme/attimo.1.0.9.zip,"2024-12-13 18:09:32",https://wordpress.org/themes/attimo/,,5.3
avventura-lite,"Avventura Lite",1.7.1,1.7.0,https://downloads.wordpress.org/theme/avventura-lite.1.7.1.zip,"2024-12-13 18:27:42",https://wordpress.org/themes/avventura-lite/,,5.3
corriere,Corriere,1.0.8,1.0.7,https://downloads.wordpress.org/theme/corriere.1.0.8.zip,"2024-12-13 18:14:06",https://wordpress.org/themes/corriere/,,5.3
leancv,LeanCV,1.1.1,1.1.0,https://downloads.wordpress.org/theme/leancv.1.1.1.zip,"2024-12-13 17:50:23",https://wordpress.org/themes/leancv/,6.0,8.2
newsx-paper,"NewsX Paper",1.0.12,1.0.11,https://downloads.wordpress.org/theme/newsx-paper.1.0.12.zip,"2024-12-14 01:55:34",https://wordpress.org/themes/newsx-paper/,,5.6
edify,Edify,1.0.11,1.0.10,https://downloads.wordpress.org/theme/edify.1.0.11.zip,"2024-12-14 03:16:40",https://wordpress.org/themes/edify/,5.0,7.0
eco-nature-elementor,"Eco Nature Elementor",0.4,0.3.9,https://downloads.wordpress.org/theme/eco-nature-elementor.0.4.zip,"2024-12-14 04:09:27",https://wordpress.org/themes/eco-nature-elementor/,5.0,5.6
editorial-news-agency,"Editorial News Agency",0.3.1,0.3,https://downloads.wordpress.org/theme/editorial-news-agency.0.3.1.zip,"2024-12-14 04:10:12",https://wordpress.org/themes/editorial-news-agency/,5.0,5.6
equipment-rental,"Equipment Rental",0.2.5,0.2.4,https://downloads.wordpress.org/theme/equipment-rental.0.2.5.zip,"2024-12-14 04:10:37",https://wordpress.org/themes/equipment-rental/,5.0,5.6
green-farm-elementor,"Green Farm Elementor",0.5.2,0.5.1,https://downloads.wordpress.org/theme/green-farm-elementor.0.5.2.zip,"2024-12-14 04:11:04",https://wordpress.org/themes/green-farm-elementor/,5.0,5.6
web-agency-elementor,"Web Agency Elementor",0.4,0.3.9,https://downloads.wordpress.org/theme/web-agency-elementor.0.4.zip,"2024-12-14 04:11:47",https://wordpress.org/themes/web-agency-elementor/,5.0,5.6
web-developer-elementor,"Web Developer Elementor",0.3.8,0.3.7,https://downloads.wordpress.org/theme/web-developer-elementor.0.3.8.zip,"2024-12-14 04:12:26",https://wordpress.org/themes/web-developer-elementor/,5.0,5.6
newsx-paper-lite,"NewsX Paper Lite",1.0.8,1.0.7,https://downloads.wordpress.org/theme/newsx-paper-lite.1.0.8.zip,"2024-12-14 04:59:16",https://wordpress.org/themes/newsx-paper-lite/,,5.6
software-it-company,"Software IT Company",1.0.7,1.0.6,https://downloads.wordpress.org/theme/software-it-company.1.0.7.zip,"2024-12-14 04:48:08",https://wordpress.org/themes/software-it-company/,5.6,7.2
tour-travel-package,"Tour Travel Package",2.0.1,2.0,https://downloads.wordpress.org/theme/tour-travel-package.2.0.1.zip,"2024-12-14 04:47:39",https://wordpress.org/themes/tour-travel-package/,5.6,7.2
unique-pizza-shop,"Unique Pizza Shop",2.0.2,2.0.1,https://downloads.wordpress.org/theme/unique-pizza-shop.2.0.2.zip,"2024-12-14 04:47:11",https://wordpress.org/themes/unique-pizza-shop/,5.6,7.2
unique-restaurant,"Unique Restaurant",2.0.4,2.0.3,https://downloads.wordpress.org/theme/unique-restaurant.2.0.4.zip,"2024-12-14 04:46:41",https://wordpress.org/themes/unique-restaurant/,5.6,7.2
unique-startup,"Unique Startup",2.0,1.9,https://downloads.wordpress.org/theme/unique-startup.2.0.zip,"2024-12-14 04:45:56",https://wordpress.org/themes/unique-startup/,5.6,7.2
laundry-cleaner,"Laundry Cleaner",1.2,1.1,https://downloads.wordpress.org/theme/laundry-cleaner.1.2.zip,"2024-12-14 06:32:52",https://wordpress.org/themes/laundry-cleaner/,5.0,7.2
misbah-lighting,"Misbah Lighting",1.7,1.6,https://downloads.wordpress.org/theme/misbah-lighting.1.7.zip,"2024-12-14 06:33:35",https://wordpress.org/themes/misbah-lighting/,5.0,7.2
movie-review-blog,"Movie Review Blog",1.6,1.5,https://downloads.wordpress.org/theme/movie-review-blog.1.6.zip,"2024-12-14 06:34:20",https://wordpress.org/themes/movie-review-blog/,5.0,7.2
project-management,"Project Management",1.5,1.4,https://downloads.wordpress.org/theme/project-management.1.5.zip,"2024-12-14 06:35:02",https://wordpress.org/themes/project-management/,5.0,7.2
video-vlog,"Video Vlog",1.0.6,1.0.5,https://downloads.wordpress.org/theme/video-vlog.1.0.6.zip,"2024-12-14 06:06:41",https://wordpress.org/themes/video-vlog/,,5.6
vr-gaming,"VR Gaming",1.4,1.3,https://downloads.wordpress.org/theme/vr-gaming.1.4.zip,"2024-12-14 06:35:40",https://wordpress.org/themes/vr-gaming/,5.0,7.2
aromatic,Aromatic,15.5,15.4,https://downloads.wordpress.org/theme/aromatic.15.5.zip,"2024-12-14 07:15:19",https://wordpress.org/themes/aromatic/,4.7,5.6
ayroma,Ayroma,15.0,14.9,https://downloads.wordpress.org/theme/ayroma.15.0.zip,"2024-12-14 07:14:48",https://wordpress.org/themes/ayroma/,4.7,5.6
express-store,"Express Store",11.1,11.0,https://downloads.wordpress.org/theme/express-store.11.1.zip,"2024-12-14 07:18:21",https://wordpress.org/themes/express-store/,,5.6
feauty,Feauty,14.9,14.8,https://downloads.wordpress.org/theme/feauty.14.9.zip,"2024-12-14 07:17:54",https://wordpress.org/themes/feauty/,4.7,5.6
flexi-mart,"Flexi Mart",2.1,2.0,https://downloads.wordpress.org/theme/flexi-mart.2.1.zip,"2024-12-14 07:17:30",https://wordpress.org/themes/flexi-mart/,,5.6
flossy,Flossy,7.3,7.2,https://downloads.wordpress.org/theme/flossy.7.3.zip,"2024-12-14 07:17:00",https://wordpress.org/themes/flossy/,4.7,5.6
flow-store,"Flow Store",3.2,3.1,https://downloads.wordpress.org/theme/flow-store.3.2.zip,"2024-12-14 07:16:35",https://wordpress.org/themes/flow-store/,,5.6
retailsy,Retailsy,14.8,14.7,https://downloads.wordpress.org/theme/retailsy.14.8.zip,"2024-12-14 07:16:11",https://wordpress.org/themes/retailsy/,4.7,5.6
shopient,Shopient,14.9,14.8,https://downloads.wordpress.org/theme/shopient.14.9.zip,"2024-12-14 07:13:58",https://wordpress.org/themes/shopient/,4.7,5.6
shopiva,Shopiva,14.9,14.8,https://downloads.wordpress.org/theme/shopiva.14.9.zip,"2024-12-14 07:13:35",https://wordpress.org/themes/shopiva/,4.7,5.6
shoply,Shoply,15.0,14.9,https://downloads.wordpress.org/theme/shoply.15.0.zip,"2024-12-14 07:13:02",https://wordpress.org/themes/shoply/,4.7,5.6
storefit,Storefit,9.6,9.5,https://downloads.wordpress.org/theme/storefit.9.6.zip,"2024-12-14 07:15:44",https://wordpress.org/themes/storefit/,,5.6
storely,Storely,15.3,15.2,https://downloads.wordpress.org/theme/storely.15.3.zip,"2024-12-14 07:12:29",https://wordpress.org/themes/storely/,4.7,5.6
storess,Storess,14.9,14.8,https://downloads.wordpress.org/theme/storess.14.9.zip,"2024-12-14 07:12:03",https://wordpress.org/themes/storess/,4.7,5.6
storezia,Storezia,15.0,14.9,https://downloads.wordpress.org/theme/storezia.15.0.zip,"2024-12-14 07:11:43",https://wordpress.org/themes/storezia/,4.7,5.6
cafe-coffee-blocks,"Cafe Coffee Blocks",1.0.2,1.0.1,https://downloads.wordpress.org/theme/cafe-coffee-blocks.1.0.2.zip,"2024-12-14 07:37:15",https://wordpress.org/themes/cafe-coffee-blocks/,6.0,7.2
cloud-kitchen,"Cloud Kitchen",1.0.2,1.0.1,https://downloads.wordpress.org/theme/cloud-kitchen.1.0.2.zip,"2024-12-14 07:36:33",https://wordpress.org/themes/cloud-kitchen/,6.0,7.2
eco-renewable-energy,"Eco Renewable Energy",1.0.5,1.0.4,https://downloads.wordpress.org/theme/eco-renewable-energy.1.0.5.zip,"2024-12-14 07:35:37",https://wordpress.org/themes/eco-renewable-energy/,6.0,7.2
hotel-suite,"Hotel Suite",1.1.5,1.1.4,https://downloads.wordpress.org/theme/hotel-suite.1.1.5.zip,"2024-12-14 07:34:42",https://wordpress.org/themes/hotel-suite/,6.0,7.2
movie-cinema-blocks,"Movie Cinema Blocks",1.2,1.1.9,https://downloads.wordpress.org/theme/movie-cinema-blocks.1.2.zip,"2024-12-14 07:33:52",https://wordpress.org/themes/movie-cinema-blocks/,6.0,7.2
personal-bodyguard,"Personal Bodyguard",1.0.1,1.0.0,https://downloads.wordpress.org/theme/personal-bodyguard.1.0.1.zip,"2024-12-14 07:32:57",https://wordpress.org/themes/personal-bodyguard/,6.0,7.2
radiant-portfolio,"Radiant Portfolio",1.0.2,1.0.1,https://downloads.wordpress.org/theme/radiant-portfolio.1.0.2.zip,"2024-12-14 07:31:57",https://wordpress.org/themes/radiant-portfolio/,6.0,7.2
software-cms,"Software CMS",1.1.1,1.1,https://downloads.wordpress.org/theme/software-cms.1.1.1.zip,"2024-12-14 07:31:21",https://wordpress.org/themes/software-cms/,6.0,5.6
top-store,"Top Store",1.5.6,1.5.5,https://downloads.wordpress.org/theme/top-store.1.5.6.zip,"2024-12-14 08:17:27",https://wordpress.org/themes/top-store/,5.0,5.5
academic-institute,"Academic Institute",1.1.6,1.1.5,https://downloads.wordpress.org/theme/academic-institute.1.1.6.zip,"2024-12-14 09:09:52",https://wordpress.org/themes/academic-institute/,5.9,5.6
corpiva,Corpiva,1.0.33,1.0.32,https://downloads.wordpress.org/theme/corpiva.1.0.33.zip,"2024-12-14 08:51:14",https://wordpress.org/themes/corpiva/,4.7,5.6
corvia,Corvia,1.0,0.9,https://downloads.wordpress.org/theme/corvia.1.0.zip,"2024-12-14 08:52:12",https://wordpress.org/themes/corvia/,4.7,5.6
corvita,Corvita,1.0.9,1.0.8,https://downloads.wordpress.org/theme/corvita.1.0.9.zip,"2024-12-14 08:51:40",https://wordpress.org/themes/corvita/,4.7,5.6
flexina,Flexina,1.0.22,1.0.21,https://downloads.wordpress.org/theme/flexina.1.0.22.zip,"2024-12-14 08:53:09",https://wordpress.org/themes/flexina/,4.7,5.6
fse-baseball,"FSE Baseball",1.1.9,1.1.8,https://downloads.wordpress.org/theme/fse-baseball.1.1.9.zip,"2024-12-14 09:11:10",https://wordpress.org/themes/fse-baseball/,5.9,5.6
fse-education-school,"FSE Education School",2.0.5,2.0.4,https://downloads.wordpress.org/theme/fse-education-school.2.0.5.zip,"2024-12-14 09:10:24",https://wordpress.org/themes/fse-education-school/,5.9,5.6
fse-foodie-blog,"FSE Foodie Blog",2.1.1,2.1.0,https://downloads.wordpress.org/theme/fse-foodie-blog.2.1.1.zip,"2024-12-14 09:11:38",https://wordpress.org/themes/fse-foodie-blog/,5.9,5.6
newsalert,NewsAlert,1.0.4,1.0.3,https://downloads.wordpress.org/theme/newsalert.1.0.4.zip,"2024-12-14 08:54:39",https://wordpress.org/themes/newsalert/,4.7,7.0
newshours,NewsHours,1.0.26,1.0.25,https://downloads.wordpress.org/theme/newshours.1.0.26.zip,"2024-12-14 08:55:09",https://wordpress.org/themes/newshours/,4.7,7.0
newstick,NewsTick,1.0.33,1.0.32,https://downloads.wordpress.org/theme/newstick.1.0.33.zip,"2024-12-14 08:54:06",https://wordpress.org/themes/newstick/,4.7,7.0
softmunch,SoftMunch,1.0.23,1.0.22,https://downloads.wordpress.org/theme/softmunch.1.0.23.zip,"2024-12-14 08:52:39",https://wordpress.org/themes/softmunch/,4.7,5.6
plover,Plover,1.2.4,1.2.3,https://downloads.wordpress.org/theme/plover.1.2.4.zip,"2024-12-14 10:02:46",https://wordpress.org/themes/plover/,6.4,7.4
seo-marketing-agency,"SEO Marketing Agency",3.0.2,3.0.1,https://downloads.wordpress.org/theme/seo-marketing-agency.3.0.2.zip,"2024-12-14 10:14:42",https://wordpress.org/themes/seo-marketing-agency/,5.9,5.6
expert-business-consultant,"Expert Business Consultant",3.6,3.5,https://downloads.wordpress.org/theme/expert-business-consultant.3.6.zip,"2024-12-14 11:02:08",https://wordpress.org/themes/expert-business-consultant/,,7.2
gadget-store,"Gadget Store",9.7,9.6,https://downloads.wordpress.org/theme/gadget-store.9.7.zip,"2024-12-14 10:58:47",https://wordpress.org/themes/gadget-store/,,7.2
led-tv,"LED TV",5.6,5.5,https://downloads.wordpress.org/theme/led-tv.5.6.zip,"2024-12-14 11:02:47",https://wordpress.org/themes/led-tv/,,7.2
medicine-shop,"Medicine Shop",3.6,3.5,https://downloads.wordpress.org/theme/medicine-shop.3.6.zip,"2024-12-14 11:03:30",https://wordpress.org/themes/medicine-shop/,,7.2
shop-toolkit,"Shop Toolkit",1.0.10,1.0.9,https://downloads.wordpress.org/theme/shop-toolkit.1.0.10.zip,"2024-12-14 10:37:07",https://wordpress.org/themes/shop-toolkit/,,5.6
supermarket-shopping,"Supermarket Shopping",0.3,0.2,https://downloads.wordpress.org/theme/supermarket-shopping.0.3.zip,"2024-12-14 10:58:07",https://wordpress.org/themes/supermarket-shopping/,,7.2
woodworking-workshop,"Woodworking Workshop",5.6,5.5,https://downloads.wordpress.org/theme/woodworking-workshop.5.6.zip,"2024-12-14 10:59:22",https://wordpress.org/themes/woodworking-workshop/,,7.2
affiliate-review,"Affiliate Review",0.7.6,0.7.5,https://downloads.wordpress.org/theme/affiliate-review.0.7.6.zip,"2024-12-14 12:42:54",https://wordpress.org/themes/affiliate-review/,5.0,7.2
anamio,Anamio,11.8,11.7,https://downloads.wordpress.org/theme/anamio.11.8.zip,"2024-12-14 12:49:06",https://wordpress.org/themes/anamio/,4.7,5.6
appointable,Appointable,10.8,10.7,https://downloads.wordpress.org/theme/appointable.10.8.zip,"2024-12-14 12:45:51",https://wordpress.org/themes/appointable/,4.7,5.6
arkbiz,ArkBiz,10.8,10.7,https://downloads.wordpress.org/theme/arkbiz.10.8.zip,"2024-12-14 12:45:24",https://wordpress.org/themes/arkbiz/,4.7,5.6
audio-podcast,"Audio Podcast",0.8.6,0.8.5,https://downloads.wordpress.org/theme/audio-podcast.0.8.6.zip,"2024-12-14 12:44:27",https://wordpress.org/themes/audio-podcast/,5.0,7.2
cartable,Cartable,10.8,10.7,https://downloads.wordpress.org/theme/cartable.10.8.zip,"2024-12-14 12:42:51",https://wordpress.org/themes/cartable/,4.7,5.6
daizy,Daizy,10.6,10.5,https://downloads.wordpress.org/theme/daizy.10.6.zip,"2024-12-14 12:48:47",https://wordpress.org/themes/daizy/,4.7,5.6
ferio,Ferio,3.6,3.5,https://downloads.wordpress.org/theme/ferio.3.6.zip,"2024-12-14 12:48:21",https://wordpress.org/themes/ferio/,4.7,5.6
fortify,Fortify,2.8,2.7,https://downloads.wordpress.org/theme/fortify.2.8.zip,"2024-12-14 12:44:39",https://wordpress.org/themes/fortify/,4.7,5.6
freelancer-services,"Freelancer Services",0.8,0.7.9,https://downloads.wordpress.org/theme/freelancer-services.0.8.zip,"2024-12-14 12:44:56",https://wordpress.org/themes/freelancer-services/,5.0,7.2
gruj,Gruj,11.8,11.7,https://downloads.wordpress.org/theme/gruj.11.8.zip,"2024-12-14 12:47:57",https://wordpress.org/themes/gruj/,4.7,5.6
heropress,HeroPress,12.8,12.7,https://downloads.wordpress.org/theme/heropress.12.8.zip,"2024-12-14 12:44:03",https://wordpress.org/themes/heropress/,4.7,5.6
hstore,hstore,10.8,10.7,https://downloads.wordpress.org/theme/hstore.10.8.zip,"2024-12-14 12:43:42",https://wordpress.org/themes/hstore/,4.7,5.6
ideate,Ideate,10.8,10.7,https://downloads.wordpress.org/theme/ideate.10.8.zip,"2024-12-14 12:42:32",https://wordpress.org/themes/ideate/,4.7,5.6
laxity,Laxity,10.8,10.7,https://downloads.wordpress.org/theme/laxity.10.8.zip,"2024-12-14 12:41:59",https://wordpress.org/themes/laxity/,4.7,5.6
magzee,MagZee,12.8,12.7,https://downloads.wordpress.org/theme/magzee.12.8.zip,"2024-12-14 12:41:37",https://wordpress.org/themes/magzee/,4.7,5.6
neek,Neek,10.8,10.7,https://downloads.wordpress.org/theme/neek.10.8.zip,"2024-12-14 12:43:23",https://wordpress.org/themes/neek/,4.7,5.6
nifty-lite,"Nifty Lite",12.7,12.6,https://downloads.wordpress.org/theme/nifty-lite.12.7.zip,"2024-12-14 12:38:34",https://wordpress.org/themes/nifty-lite/,4.7,5.6
optical-lens-shop,"Optical Lens Shop",0.5.9,0.5.8,https://downloads.wordpress.org/theme/optical-lens-shop.0.5.9.zip,"2024-12-14 12:45:33",https://wordpress.org/themes/optical-lens-shop/,5.0,7.2
proficient,Proficient,12.7,12.6,https://downloads.wordpress.org/theme/proficient.12.7.zip,"2024-12-14 12:46:14",https://wordpress.org/themes/proficient/,4.7,5.6
rockbiz,RockBiz,10.7,10.6,https://downloads.wordpress.org/theme/rockbiz.10.7.zip,"2024-12-14 12:37:14",https://wordpress.org/themes/rockbiz/,4.7,5.6
scelar,Scelar,10.7,10.6,https://downloads.wordpress.org/theme/scelar.10.7.zip,"2024-12-14 12:36:50",https://wordpress.org/themes/scelar/,4.7,5.6
scolax,Scolax,11.9,11.8,https://downloads.wordpress.org/theme/scolax.11.9.zip,"2024-12-14 12:50:03",https://wordpress.org/themes/scolax/,4.7,5.6
soga,Soga,11.4,11.3,https://downloads.wordpress.org/theme/soga.11.4.zip,"2024-12-14 12:47:14",https://wordpress.org/themes/soga/,4.7,5.6
spera,Spera,11.8,11.7,https://downloads.wordpress.org/theme/spera.11.8.zip,"2024-12-14 12:49:35",https://wordpress.org/themes/spera/,4.7,5.6
spyropress,SpyroPress,12.7,12.6,https://downloads.wordpress.org/theme/spyropress.12.7.zip,"2024-12-14 12:36:32",https://wordpress.org/themes/spyropress/,4.7,5.6
vw-handyman-services,"VW Handyman Services",0.9.6,0.9.5,https://downloads.wordpress.org/theme/vw-handyman-services.0.9.6.zip,"2024-12-14 12:46:19",https://wordpress.org/themes/vw-handyman-services/,5.0,7.2
vw-kindergarten,"VW Kindergarten",0.8.4,0.8.3,https://downloads.wordpress.org/theme/vw-kindergarten.0.8.4.zip,"2024-12-14 12:46:52",https://wordpress.org/themes/vw-kindergarten/,5.0,7.2
vw-stock-images,"VW Stock Images",0.2.1,0.2,https://downloads.wordpress.org/theme/vw-stock-images.0.2.1.zip,"2024-12-14 12:47:29",https://wordpress.org/themes/vw-stock-images/,5.0,7.2
webstrap,Webstrap,12.7,12.6,https://downloads.wordpress.org/theme/webstrap.12.7.zip,"2024-12-14 12:41:14",https://wordpress.org/themes/webstrap/,4.7,5.6
avira,Avira,12.8,12.7,https://downloads.wordpress.org/theme/avira.12.8.zip,"2024-12-14 12:52:15",https://wordpress.org/themes/avira/,4.7,5.6
benzer,Benzer,12.8,12.7,https://downloads.wordpress.org/theme/benzer.12.8.zip,"2024-12-14 12:51:43",https://wordpress.org/themes/benzer/,4.7,5.6
boutique-designer-shop,"Boutique Designer Shop",2.3,2.2,https://downloads.wordpress.org/theme/boutique-designer-shop.2.3.zip,"2024-12-14 13:03:15",https://wordpress.org/themes/boutique-designer-shop/,5.0,5.6
corporate-office,"Corporate Office",0.3,0.2.9,https://downloads.wordpress.org/theme/corporate-office.0.3.zip,"2024-12-14 12:50:59",https://wordpress.org/themes/corporate-office/,5.0,7.2
diet-consultant,"Diet Consultant",0.3,0.2.9,https://downloads.wordpress.org/theme/diet-consultant.0.3.zip,"2024-12-14 12:51:24",https://wordpress.org/themes/diet-consultant/,5.0,7.2
envitech,Envitech,4.3,4.2,https://downloads.wordpress.org/theme/envitech.4.3.zip,"2024-12-14 12:51:25",https://wordpress.org/themes/envitech/,,7.0
exnova,Exnova,2.1,2.0,https://downloads.wordpress.org/theme/exnova.2.1.zip,"2024-12-14 12:50:51",https://wordpress.org/themes/exnova/,4.7,5.6
fabify,Fabify,12.8,12.7,https://downloads.wordpress.org/theme/fabify.12.8.zip,"2024-12-14 12:50:32",https://wordpress.org/themes/fabify/,4.7,5.6
fitness-insight,"Fitness Insight",7.2,7.1,https://downloads.wordpress.org/theme/fitness-insight.7.2.zip,"2024-12-14 13:02:16",https://wordpress.org/themes/fitness-insight/,5.0,5.6
fitness-life-coach,"Fitness Life Coach",2.5,2.4,https://downloads.wordpress.org/theme/fitness-life-coach.2.5.zip,"2024-12-14 13:01:24",https://wordpress.org/themes/fitness-life-coach/,,5.6
gazzetta,Gazzetta,1.0.1,1.0.0,https://downloads.wordpress.org/theme/gazzetta.1.0.1.zip,"2024-12-14 13:04:17",https://wordpress.org/themes/gazzetta/,,5.3
hospital-management,"Hospital Management",0.3.2,0.3.1,https://downloads.wordpress.org/theme/hospital-management.0.3.2.zip,"2024-12-14 12:51:56",https://wordpress.org/themes/hospital-management/,5.0,7.2
interior-decor-studio,"Interior Decor Studio",0.3.4,0.3.3,https://downloads.wordpress.org/theme/interior-decor-studio.0.3.4.zip,"2024-12-14 12:52:31",https://wordpress.org/themes/interior-decor-studio/,5.0,7.2
martial-arts-training,"Martial Arts Training",3.7,3.6,https://downloads.wordpress.org/theme/martial-arts-training.3.7.zip,"2024-12-14 13:00:58",https://wordpress.org/themes/martial-arts-training/,5.0,5.6
ngo-fundraiser,"NGO Fundraiser",0.3,0.2.9,https://downloads.wordpress.org/theme/ngo-fundraiser.0.3.zip,"2024-12-14 12:53:00",https://wordpress.org/themes/ngo-fundraiser/,5.0,7.2
personal-gym-trainer,"Personal Gym Trainer",4.8,4.7,https://downloads.wordpress.org/theme/personal-gym-trainer.4.8.zip,"2024-12-14 13:00:25",https://wordpress.org/themes/personal-gym-trainer/,5.0,5.6
pet-accessory-store,"Pet Accessory Store",0.0.2,0.0.1,https://downloads.wordpress.org/theme/pet-accessory-store.0.0.2.zip,"2024-12-14 12:53:56",https://wordpress.org/themes/pet-accessory-store/,5.0,7.2
soccer-academy,"Soccer Academy",2.6,2.5,https://downloads.wordpress.org/theme/soccer-academy.2.6.zip,"2024-12-14 12:59:58",https://wordpress.org/themes/soccer-academy/,5.0,5.6
specia,Specia,13.3,13.2,https://downloads.wordpress.org/theme/specia.13.3.zip,"2024-12-14 12:53:15",https://wordpress.org/themes/specia/,4.7,5.6
trekking-sports,"Trekking Sports",2.4,2.3,https://downloads.wordpress.org/theme/trekking-sports.2.4.zip,"2024-12-14 12:59:22",https://wordpress.org/themes/trekking-sports/,,5.6
fine-dining-restaurant,"Fine Dining Restaurant",1.6,1.5,https://downloads.wordpress.org/theme/fine-dining-restaurant.1.6.zip,"2024-12-14 13:41:43",https://wordpress.org/themes/fine-dining-restaurant/,,7.0
incanto-lite,"Incanto Lite",1.0.4,1.0.3,https://downloads.wordpress.org/theme/incanto-lite.1.0.4.zip,"2024-12-14 13:31:19",https://wordpress.org/themes/incanto-lite/,,5.3
intenso,Intenso,1.0.6,1.0.5,https://downloads.wordpress.org/theme/intenso.1.0.6.zip,"2024-12-14 13:36:50",https://wordpress.org/themes/intenso/,,5.3
istante,Istante,1.0.7,1.0.6,https://downloads.wordpress.org/theme/istante.1.0.7.zip,"2024-12-14 13:49:52",https://wordpress.org/themes/istante/,,5.3
movers-agency,"Movers Agency",1.6,1.5,https://downloads.wordpress.org/theme/movers-agency.1.6.zip,"2024-12-14 13:42:19",https://wordpress.org/themes/movers-agency/,,7.2
news-press-release,"News Press Release",2.8,2.7,https://downloads.wordpress.org/theme/news-press-release.2.8.zip,"2024-12-14 13:43:01",https://wordpress.org/themes/news-press-release/,,5.6
prime-education-learning,"Prime Education Learning",1.1,1.0,https://downloads.wordpress.org/theme/prime-education-learning.1.1.zip,"2024-12-14 13:44:18",https://wordpress.org/themes/prime-education-learning/,,7.0
prime-education,"Prime Education",1.6,1.5,https://downloads.wordpress.org/theme/prime-education.1.6.zip,"2024-12-14 13:43:38",https://wordpress.org/themes/prime-education/,,7.0
prime-magazine,"Prime Magazine",2.2,2.1,https://downloads.wordpress.org/theme/prime-magazine.2.2.zip,"2024-12-14 13:44:58",https://wordpress.org/themes/prime-magazine/,,7.2
prime-seo-agency,"Prime SEO Agency",1.6,1.5,https://downloads.wordpress.org/theme/prime-seo-agency.1.6.zip,"2024-12-14 13:45:38",https://wordpress.org/themes/prime-seo-agency/,,7.2
safety-wear,"Safety Wear",1.8,1.7,https://downloads.wordpress.org/theme/safety-wear.1.8.zip,"2024-12-14 13:46:25",https://wordpress.org/themes/safety-wear/,,5.6
messaggero,Messaggero,1.0.1,1.0.0,https://downloads.wordpress.org/theme/messaggero.1.0.1.zip,"2024-12-14 17:00:14",https://wordpress.org/themes/messaggero/,,5.3
nomade,Nomade,1.0.1,1.0.0,https://downloads.wordpress.org/theme/nomade.1.0.1.zip,"2024-12-14 17:13:56",https://wordpress.org/themes/nomade/,,5.3
quotidiano,Quotidiano,1.1.1,1.1.0,https://downloads.wordpress.org/theme/quotidiano.1.1.1.zip,"2024-12-14 17:24:12",https://wordpress.org/themes/quotidiano/,,5.3
sagace,Sagace,1.0.4,1.0.3,https://downloads.wordpress.org/theme/sagace.1.0.4.zip,"2024-12-14 17:34:21",https://wordpress.org/themes/sagace/,,5.3
vagamondo,Vagamondo,1.0.2,1.0.1,https://downloads.wordpress.org/theme/vagamondo.1.0.2.zip,"2024-12-14 17:44:51",https://wordpress.org/themes/vagamondo/,,5.3
nexcraft,NexCraft,1.8,1.7,https://downloads.wordpress.org/theme/nexcraft.1.8.zip,"2024-12-15 03:10:15",https://wordpress.org/themes/nexcraft/,4.7,5.6
honrix,Honrix,1.3.57,1.3.56,https://downloads.wordpress.org/theme/honrix.1.3.57.zip,"2024-12-15 06:48:50",https://wordpress.org/themes/honrix/,4.7,5.6
sole-newspapers,"Sole Newspapers",1.0.11,1.0.9,https://downloads.wordpress.org/theme/sole-newspapers.1.0.11.zip,"2024-12-15 05:47:18",https://wordpress.org/themes/sole-newspapers/,4.7,5.6
top-newspaper,"Top Newspaper",1.28,1.27,https://downloads.wordpress.org/theme/top-newspaper.1.28.zip,"2024-12-15 05:53:36",https://wordpress.org/themes/top-newspaper/,4.5,5.6
trade-news,"Trade News",1.0.18,1.0.17,https://downloads.wordpress.org/theme/trade-news.1.0.18.zip,"2024-12-15 05:54:13",https://wordpress.org/themes/trade-news/,4.7,5.6
up-news,"Up News",1.0.24,1.0.23,https://downloads.wordpress.org/theme/up-news.1.0.24.zip,"2024-12-15 05:54:55",https://wordpress.org/themes/up-news/,4.7,5.6
white-newspaper,"White Newspaper",1.0.6,1.0.5,https://downloads.wordpress.org/theme/white-newspaper.1.0.6.zip,"2024-12-15 05:55:26",https://wordpress.org/themes/white-newspaper/,4.7,5.6
centralnews,CentralNews,2.0.23,2.0.22,https://downloads.wordpress.org/theme/centralnews.2.0.23.zip,"2024-12-15 09:41:00",https://wordpress.org/themes/centralnews/,4.0,5.3
globalnews,GlobalNews,1.0.12,1.0.11,https://downloads.wordpress.org/theme/globalnews.1.0.12.zip,"2024-12-15 09:40:38",https://wordpress.org/themes/globalnews/,4.0,5.3
newsmore,NewsMore,1.2.18,1.2.17,https://downloads.wordpress.org/theme/newsmore.1.2.18.zip,"2024-12-15 09:40:17",https://wordpress.org/themes/newsmore/,4.0,5.3
nice-blog,"Nice Blog",1.1.2,1.1.1,https://downloads.wordpress.org/theme/nice-blog.1.1.2.zip,"2024-12-15 10:10:56",https://wordpress.org/themes/nice-blog/,5.0,7.4
hello-elementor,"Hello Elementor",3.2.0,3.1.1,https://downloads.wordpress.org/theme/hello-elementor.3.2.0.zip,"2024-12-15 12:30:29",https://wordpress.org/themes/hello-elementor/,6.0,7.4
vagante,Vagante,1.0.5,1.0.4,https://downloads.wordpress.org/theme/vagante.1.0.5.zip,"2024-12-15 11:24:13",https://wordpress.org/themes/vagante/,,5.3
fse-freelancer-portfolio,"FSE Freelancer Portfolio",2.0.7,2.0.6,https://downloads.wordpress.org/theme/fse-freelancer-portfolio.2.0.7.zip,"2024-12-15 14:14:18",https://wordpress.org/themes/fse-freelancer-portfolio/,5.9,5.6
hockey-sports,"Hockey Sports",2.0.3,2.0.2,https://downloads.wordpress.org/theme/hockey-sports.2.0.3.zip,"2024-12-15 14:13:42",https://wordpress.org/themes/hockey-sports/,5.9,5.6
kindergarten-preschool,"Kindergarten Preschool",1.0.1,1.0.0,https://downloads.wordpress.org/theme/kindergarten-preschool.1.0.1.zip,"2024-12-15 14:15:30",https://wordpress.org/themes/kindergarten-preschool/,5.9,5.6
medical-pharmacy,"Medical Pharmacy",1.0.1,1.0.0,https://downloads.wordpress.org/theme/medical-pharmacy.1.0.1.zip,"2024-12-15 14:14:51",https://wordpress.org/themes/medical-pharmacy/,5.9,5.6
physical-therapy,"Physical Therapy",1.1.9,1.1.8,https://downloads.wordpress.org/theme/physical-therapy.1.1.9.zip,"2024-12-15 14:12:42",https://wordpress.org/themes/physical-therapy/,5.9,5.6
viaggiando,Viaggiando,1.0.4,1.0.3,https://downloads.wordpress.org/theme/viaggiando.1.0.4.zip,"2024-12-15 15:16:54",https://wordpress.org/themes/viaggiando/,,5.3
viaggio-lite,"Viaggio Lite",1.1.1,1.1.0,https://downloads.wordpress.org/theme/viaggio-lite.1.1.1.zip,"2024-12-15 15:44:43",https://wordpress.org/themes/viaggio-lite/,,5.3
viandante,Viandante,1.0.6,1.0.5,https://downloads.wordpress.org/theme/viandante.1.0.6.zip,"2024-12-15 16:00:51",https://wordpress.org/themes/viandante/,,5.3
vivace,Vivace,1.0.7,1.0.6,https://downloads.wordpress.org/theme/vivace.1.0.7.zip,"2024-12-15 16:08:49",https://wordpress.org/themes/vivace/,,5.3
aperitto,Aperitto,1.1.1,1.1.0,https://downloads.wordpress.org/theme/aperitto.1.1.1.zip,"2024-12-15 18:31:42",https://wordpress.org/themes/aperitto/,5.3.0,7.0
colorful-blog,"Colorful Blog",1.0.10,1.0.9,https://downloads.wordpress.org/theme/colorful-blog.1.0.10.zip,"2024-12-16 02:31:12",https://wordpress.org/themes/colorful-blog/,5.0,5.6
blogarise,BlogArise,0.98,0.97,https://downloads.wordpress.org/theme/blogarise.0.98.zip,"2024-12-16 04:16:57",https://wordpress.org/themes/blogarise/,5.4,7.4
blogdata,BlogData,1.1.8,1.1.7,https://downloads.wordpress.org/theme/blogdata.1.1.8.zip,"2024-12-16 04:18:55",https://wordpress.org/themes/blogdata/,5.4,7.4
blogus,Blogus,2.2.7,2.2.6,https://downloads.wordpress.org/theme/blogus.2.2.7.zip,"2024-12-16 04:14:43",https://wordpress.org/themes/blogus/,5.4,7.4
newsair,Newsair,1.0.0.66,1.0.0.65,https://downloads.wordpress.org/theme/newsair.1.0.0.66.zip,"2024-12-16 04:23:11",https://wordpress.org/themes/newsair/,5.4,7.4
newses,Newses,2.0.0.45,2.0.0.44,https://downloads.wordpress.org/theme/newses.2.0.0.45.zip,"2024-12-16 04:13:50",https://wordpress.org/themes/newses/,5.4,7.4
newspaperup,Newspaperup,1.0.8,1.0.7,https://downloads.wordpress.org/theme/newspaperup.1.0.8.zip,"2024-12-16 04:20:43",https://wordpress.org/themes/newspaperup/,5.4,7.4
newsup,Newsup,4.0.0.66,4.0.0.65,https://downloads.wordpress.org/theme/newsup.4.0.0.66.zip,"2024-12-16 04:13:09",https://wordpress.org/themes/newsup/,5.4,7.4
aasta,Aasta,11.1,11.0,https://downloads.wordpress.org/theme/aasta.11.1.zip,"2024-12-16 04:58:00",https://wordpress.org/themes/aasta/,,5.6
arilewp,ArileWP,3.12.5,3.12.4,https://downloads.wordpress.org/theme/arilewp.3.12.5.zip,"2024-12-16 04:58:29",https://wordpress.org/themes/arilewp/,,5.6
auto-repair-center,"Auto Repair Center",1.0.9,1.0.8,https://downloads.wordpress.org/theme/auto-repair-center.1.0.9.zip,"2024-12-16 05:28:42",https://wordpress.org/themes/auto-repair-center/,6.0,7.2
beauty-cosmetic-shop,"Beauty Cosmetic Shop",1.0.8,1.0.7,https://downloads.wordpress.org/theme/beauty-cosmetic-shop.1.0.8.zip,"2024-12-16 04:47:35",https://wordpress.org/themes/beauty-cosmetic-shop/,5.6,7.2
beauty-spa-elementor,"Beauty Spa Elementor",0.4.1,0.4,https://downloads.wordpress.org/theme/beauty-spa-elementor.0.4.1.zip,"2024-12-16 04:50:49",https://wordpress.org/themes/beauty-spa-elementor/,5.0,5.6
bookstore-exhibition,"Bookstore Exhibition",2.0.2,2.0.1,https://downloads.wordpress.org/theme/bookstore-exhibition.2.0.2.zip,"2024-12-16 04:47:04",https://wordpress.org/themes/bookstore-exhibition/,5.6,7.2
cafe-elementor,"Cafe Elementor",0.3.4,0.3.3,https://downloads.wordpress.org/theme/cafe-elementor.0.3.4.zip,"2024-12-16 04:51:39",https://wordpress.org/themes/cafe-elementor/,5.0,5.6
charitable-non-profit,"Charitable Non Profit",0.2.4,0.2.3,https://downloads.wordpress.org/theme/charitable-non-profit.0.2.4.zip,"2024-12-16 04:52:05",https://wordpress.org/themes/charitable-non-profit/,5.0,5.6
consultstreet,ConsultStreet,2.8.5,2.8.4,https://downloads.wordpress.org/theme/consultstreet.2.8.5.zip,"2024-12-16 04:59:05",https://wordpress.org/themes/consultstreet/,,5.6
cricket-club-league,"Cricket Club League",1.0.6,1.0.5,https://downloads.wordpress.org/theme/cricket-club-league.1.0.6.zip,"2024-12-16 05:29:14",https://wordpress.org/themes/cricket-club-league/,6.0,7.2
curtains-fabric,"Curtains Fabric",0.3.5,0.3.4,https://downloads.wordpress.org/theme/curtains-fabric.0.3.5.zip,"2024-12-16 05:27:41",https://wordpress.org/themes/curtains-fabric/,5.0,7.2
designexo,Designexo,16.4,16.3,https://downloads.wordpress.org/theme/designexo.16.4.zip,"2024-12-16 04:59:44",https://wordpress.org/themes/designexo/,,5.6
diy-tutorials,"DIY Tutorials",0.2.6,0.2.5,https://downloads.wordpress.org/theme/diy-tutorials.0.2.6.zip,"2024-12-16 04:52:36",https://wordpress.org/themes/diy-tutorials/,5.0,5.6
event-conference,"Event Conference",0.3.5,0.3.4,https://downloads.wordpress.org/theme/event-conference.0.3.5.zip,"2024-12-16 05:29:26",https://wordpress.org/themes/event-conference/,5.0,7.2
event-management-blocks,"Event Management Blocks",1.0.6,1.0.5,https://downloads.wordpress.org/theme/event-management-blocks.1.0.6.zip,"2024-12-16 05:29:50",https://wordpress.org/themes/event-management-blocks/,6.0,7.2
fitness-elementor,"Fitness Elementor",0.3.1,0.3,https://downloads.wordpress.org/theme/fitness-elementor.0.3.1.zip,"2024-12-16 04:53:01",https://wordpress.org/themes/fitness-elementor/,5.0,5.6
furniture-shop-blocks,"Furniture Shop Blocks",1.0.5,1.0.4,https://downloads.wordpress.org/theme/furniture-shop-blocks.1.0.5.zip,"2024-12-16 05:31:24",https://wordpress.org/themes/furniture-shop-blocks/,6.0,7.2
hairstylist-salon,"Hairstylist Salon",0.2.4,0.2.3,https://downloads.wordpress.org/theme/hairstylist-salon.0.2.4.zip,"2024-12-16 04:53:26",https://wordpress.org/themes/hairstylist-salon/,5.0,5.6
medical-clinic-center,"Medical Clinic Center",1.6,1.5,https://downloads.wordpress.org/theme/medical-clinic-center.1.6.zip,"2024-12-16 04:45:23",https://wordpress.org/themes/medical-clinic-center/,5.6,7.2
news-digest,"News Digest",1.9,1.8,https://downloads.wordpress.org/theme/news-digest.1.9.zip,"2024-12-16 05:00:09",https://wordpress.org/themes/news-digest/,,5.6
newsexo,NewsExo,3.1,3.0,https://downloads.wordpress.org/theme/newsexo.3.1.zip,"2024-12-16 05:00:45",https://wordpress.org/themes/newsexo/,,5.6
newsio,Newsio,2.4,2.3,https://downloads.wordpress.org/theme/newsio.2.4.zip,"2024-12-16 05:01:17",https://wordpress.org/themes/newsio/,,5.6
pastry-bakers,"Pastry Bakers",0.4.4,0.4.3,https://downloads.wordpress.org/theme/pastry-bakers.0.4.4.zip,"2024-12-16 05:29:57",https://wordpress.org/themes/pastry-bakers/,5.0,7.2
photographer-magazine,"Photographer Magazine",1.0.9,1.0.8,https://downloads.wordpress.org/theme/photographer-magazine.1.0.9.zip,"2024-12-16 04:43:48",https://wordpress.org/themes/photographer-magazine/,5.6,7.2
school-education,"School Education",1.0.7,1.0.6,https://downloads.wordpress.org/theme/school-education.1.0.7.zip,"2024-12-16 04:38:34",https://wordpress.org/themes/school-education/,5.6,7.2
stylish-fashion-shop,"Stylish Fashion Shop",1.3.3,1.3.2,https://downloads.wordpress.org/theme/stylish-fashion-shop.1.3.3.zip,"2024-12-16 05:28:53",https://wordpress.org/themes/stylish-fashion-shop/,5.0,7.2
travel-booking-solutions,"Travel Booking Solutions",1.0.7,1.0.6,https://downloads.wordpress.org/theme/travel-booking-solutions.1.0.7.zip,"2024-12-16 05:32:10",https://wordpress.org/themes/travel-booking-solutions/,6.0,7.2
nexcraft,NexCraft,1.9,1.8,https://downloads.wordpress.org/theme/nexcraft.1.9.zip,"2024-12-16 06:38:35",https://wordpress.org/themes/nexcraft/,4.7,5.6
benzer,Benzer,12.9,12.8,https://downloads.wordpress.org/theme/benzer.12.9.zip,"2024-12-16 07:27:30",https://wordpress.org/themes/benzer/,4.7,5.6
envitech,Envitech,4.4,4.3,https://downloads.wordpress.org/theme/envitech.4.4.zip,"2024-12-16 07:27:11",https://wordpress.org/themes/envitech/,,7.0
exnova,Exnova,2.2,2.1,https://downloads.wordpress.org/theme/exnova.2.2.zip,"2024-12-16 07:26:25",https://wordpress.org/themes/exnova/,4.7,5.6
fabify,Fabify,12.9,12.8,https://downloads.wordpress.org/theme/fabify.12.9.zip,"2024-12-16 07:25:52",https://wordpress.org/themes/fabify/,4.7,5.6
scolax,Scolax,12.0,11.9,https://downloads.wordpress.org/theme/scolax.12.0.zip,"2024-12-16 07:24:47",https://wordpress.org/themes/scolax/,4.7,5.6
avira,Avira,12.9,12.8,https://downloads.wordpress.org/theme/avira.12.9.zip,"2024-12-16 07:34:36",https://wordpress.org/themes/avira/,4.7,5.6
baskerville,Baskerville,2.3,2.2.2,https://downloads.wordpress.org/theme/baskerville.2.3.zip,"2024-12-16 07:37:05",https://wordpress.org/themes/baskerville/,,5.4
blogwhite,blogwhite,1.1.8,1.1.7,https://downloads.wordpress.org/theme/blogwhite.1.1.8.zip,"2024-12-16 08:29:07",https://wordpress.org/themes/blogwhite/,,5.6
business-assistant,"Business Assistant",2.2,2.1,https://downloads.wordpress.org/theme/business-assistant.2.2.zip,"2024-12-16 08:24:03",https://wordpress.org/themes/business-assistant/,5.0,7.2
cloth-rental-shop,"Cloth Rental Shop",1.9,1.8,https://downloads.wordpress.org/theme/cloth-rental-shop.1.9.zip,"2024-12-16 08:25:06",https://wordpress.org/themes/cloth-rental-shop/,5.0,7.2
digital-advertising-agency,"Digital Advertising Agency",1.8,1.7,https://downloads.wordpress.org/theme/digital-advertising-agency.1.8.zip,"2024-12-16 08:25:49",https://wordpress.org/themes/digital-advertising-agency/,5.0,7.2
elite-florist,"Elite florist",0.2,0.1,https://downloads.wordpress.org/theme/elite-florist.0.2.zip,"2024-12-16 08:30:38",https://wordpress.org/themes/elite-florist/,,7.2
event-planning-management,"Event Planning Management",1.9,1.8,https://downloads.wordpress.org/theme/event-planning-management.1.9.zip,"2024-12-16 08:26:49",https://wordpress.org/themes/event-planning-management/,5.0,7.2
jeweller-store,"Jeweller Store",2.2,2.1,https://downloads.wordpress.org/theme/jeweller-store.2.2.zip,"2024-12-16 08:27:45",https://wordpress.org/themes/jeweller-store/,5.0,7.2
lito,Lito,1.0.8,1.0.7,https://downloads.wordpress.org/theme/lito.1.0.8.zip,"2024-12-16 07:52:46",https://wordpress.org/themes/lito/,6.6,7.3
misbah-one-page,"Misbah One Page",2.2,2.1,https://downloads.wordpress.org/theme/misbah-one-page.2.2.zip,"2024-12-16 08:28:30",https://wordpress.org/themes/misbah-one-page/,,7.2
my-sunset,"My Sunset",1.0.13,1.0.12,https://downloads.wordpress.org/theme/my-sunset.1.0.13.zip,"2024-12-16 08:00:47",https://wordpress.org/themes/my-sunset/,6.0,7.0
specia,Specia,13.4,13.3,https://downloads.wordpress.org/theme/specia.13.4.zip,"2024-12-16 07:34:09",https://wordpress.org/themes/specia/,4.7,5.6
yuki,Yuki,1.4.1,1.4.0,https://downloads.wordpress.org/theme/yuki.1.4.1.zip,"2024-12-16 07:38:17",https://wordpress.org/themes/yuki/,,7.4
miniminiblog,MiniMiniBlog,1.0.0,,https://downloads.wordpress.org/theme/miniminiblog.1.0.0.zip,"2024-12-16 08:11:49",https://wordpress.org/themes/miniminiblog/,6.7,5.7
gridread,GridRead,1.0.2,1.0.1,https://downloads.wordpress.org/theme/gridread.1.0.2.zip,"2024-12-16 09:21:18",https://wordpress.org/themes/gridread/,,7.2
astrocare,Astrocare,1.0.1,,https://downloads.wordpress.org/theme/astrocare.1.0.1.zip,"2024-12-16 08:56:46",https://wordpress.org/themes/astrocare/,,5.6
expose-construction,"Expose Construction",1.0.0,,https://downloads.wordpress.org/theme/expose-construction.1.0.0.zip,"2024-12-16 08:41:47",https://wordpress.org/themes/expose-construction/,6.3,7.4
freelance-portfolio,"Freelance Portfolio",1.0,,https://downloads.wordpress.org/theme/freelance-portfolio.1.0.zip,"2024-12-16 08:56:52",https://wordpress.org/themes/freelance-portfolio/,6.1,7.2
architect-architecture,"Architect Architecture",0.7,0.6.9,https://downloads.wordpress.org/theme/architect-architecture.0.7.zip,"2024-12-16 09:58:30",https://wordpress.org/themes/architect-architecture/,5.0,7.2
babysitting-day-care,"Babysitting Day Care",0.8.8,0.8.7,https://downloads.wordpress.org/theme/babysitting-day-care.0.8.8.zip,"2024-12-16 10:07:22",https://wordpress.org/themes/babysitting-day-care/,5.0,7.2
carpenter-service,"Carpenter Service",0.2,0.1.9,https://downloads.wordpress.org/theme/carpenter-service.0.2.zip,"2024-12-16 10:17:23",https://wordpress.org/themes/carpenter-service/,,5.6
catering-lite,"Catering Lite",0.5.8,0.5.7,https://downloads.wordpress.org/theme/catering-lite.0.5.8.zip,"2024-12-16 10:08:08",https://wordpress.org/themes/catering-lite/,5.0,7.2
corpiva,Corpiva,1.0.34,1.0.33,https://downloads.wordpress.org/theme/corpiva.1.0.34.zip,"2024-12-16 10:30:43",https://wordpress.org/themes/corpiva/,4.7,5.6
corvia,Corvia,1.0.1,1.0,https://downloads.wordpress.org/theme/corvia.1.0.1.zip,"2024-12-16 10:31:51",https://wordpress.org/themes/corvia/,4.7,5.6
corvita,Corvita,1.0.10,1.0.9,https://downloads.wordpress.org/theme/corvita.1.0.10.zip,"2024-12-16 10:31:09",https://wordpress.org/themes/corvita/,4.7,5.6
daystory,DayStory,1.0.58,1.0.57,https://downloads.wordpress.org/theme/daystory.1.0.58.zip,"2024-12-16 10:25:24",https://wordpress.org/themes/daystory/,4.7,7.0
food-truck-lite,"Food Truck Lite",0.7.9,0.7.8,https://downloads.wordpress.org/theme/food-truck-lite.0.7.9.zip,"2024-12-16 10:09:09",https://wordpress.org/themes/food-truck-lite/,5.0,7.2
grocery-ecommerce,"Grocery Ecommerce",0.6.6,0.6.5,https://downloads.wordpress.org/theme/grocery-ecommerce.0.6.6.zip,"2024-12-16 10:09:53",https://wordpress.org/themes/grocery-ecommerce/,5.0,7.2
industrial-manufacturing,"Industrial Manufacturing",0.5.4,0.5.3,https://downloads.wordpress.org/theme/industrial-manufacturing.0.5.4.zip,"2024-12-16 10:12:01",https://wordpress.org/themes/industrial-manufacturing/,5.0,7.2
luxestay-hotel,"Luxestay Hotel",1.2.1,1.2.0,https://downloads.wordpress.org/theme/luxestay-hotel.1.2.1.zip,"2024-12-16 09:35:04",https://wordpress.org/themes/luxestay-hotel/,,7.0
medical-doctor,"Medical Doctor",0.7.6,0.7.5,https://downloads.wordpress.org/theme/medical-doctor.0.7.6.zip,"2024-12-16 10:13:24",https://wordpress.org/themes/medical-doctor/,5.0,7.2
movie-critic-review,"Movie Critic Review",0.5.4,0.5.3,https://downloads.wordpress.org/theme/movie-critic-review.0.5.4.zip,"2024-12-16 09:59:13",https://wordpress.org/themes/movie-critic-review/,5.0,7.2
newsalert,NewsAlert,1.0.5,1.0.4,https://downloads.wordpress.org/theme/newsalert.1.0.5.zip,"2024-12-16 10:29:38",https://wordpress.org/themes/newsalert/,4.7,7.0
newsalt,NewsAlt,1.0.38,1.0.37,https://downloads.wordpress.org/theme/newsalt.1.0.38.zip,"2024-12-16 10:25:49",https://wordpress.org/themes/newsalt/,4.7,7.0
newsdaily,NewsDaily,1.0.60,1.0.59,https://downloads.wordpress.org/theme/newsdaily.1.0.60.zip,"2024-12-16 10:24:58",https://wordpress.org/themes/newsdaily/,4.7,7.0
newshours,NewsHours,1.0.27,1.0.26,https://downloads.wordpress.org/theme/newshours.1.0.27.zip,"2024-12-16 10:26:16",https://wordpress.org/themes/newshours/,4.7,7.0
newsmash,NewsMash,1.0.75,1.0.74,https://downloads.wordpress.org/theme/newsmash.1.0.75.zip,"2024-12-16 10:24:20",https://wordpress.org/themes/newsmash/,4.7,7.0
newsmunch,NewsMunch,1.0.39,1.0.38,https://downloads.wordpress.org/theme/newsmunch.1.0.39.zip,"2024-12-16 10:28:15",https://wordpress.org/themes/newsmunch/,4.7,7.0
newstick,NewsTick,1.0.34,1.0.33,https://downloads.wordpress.org/theme/newstick.1.0.34.zip,"2024-12-16 10:28:58",https://wordpress.org/themes/newstick/,4.7,7.0
supermarket-ecommerce-store,"Supermarket Ecommerce Store",0.2.1,0.2,https://downloads.wordpress.org/theme/supermarket-ecommerce-store.0.2.1.zip,"2024-12-16 10:15:05",https://wordpress.org/themes/supermarket-ecommerce-store/,,5.6
vcard-cv-resume,"Vcard CV Resume",0.8,0.7.9,https://downloads.wordpress.org/theme/vcard-cv-resume.0.8.zip,"2024-12-16 09:59:51",https://wordpress.org/themes/vcard-cv-resume/,5.0,7.2
video-blog,"Video Blog",1.6.9,1.6.8,https://downloads.wordpress.org/theme/video-blog.1.6.9.zip,"2024-12-16 10:00:42",https://wordpress.org/themes/video-blog/,5.0,7.2
vlogger-video-blog,"Vlogger Video Blog",2.2.2,2.2.1,https://downloads.wordpress.org/theme/vlogger-video-blog.2.2.2.zip,"2024-12-16 10:01:39",https://wordpress.org/themes/vlogger-video-blog/,5.0,7.2
vw-blog-magazine,"VW Blog Magazine",1.2.1,1.2,https://downloads.wordpress.org/theme/vw-blog-magazine.1.2.1.zip,"2024-12-16 10:02:56",https://wordpress.org/themes/vw-blog-magazine/,5.0,7.2
vw-wholesaler,"VW Wholesaler",0.2.1,0.2,https://downloads.wordpress.org/theme/vw-wholesaler.0.2.1.zip,"2024-12-16 10:03:35",https://wordpress.org/themes/vw-wholesaler/,5.0,7.2
wind-energy,"Wind Energy",1.2,1.1,https://downloads.wordpress.org/theme/wind-energy.1.2.zip,"2024-12-16 10:58:24",https://wordpress.org/themes/wind-energy/,5.4,7.2
church-lite,"Church Lite",1.0.3,1.0.2,https://downloads.wordpress.org/theme/church-lite.1.0.3.zip,"2024-12-16 11:28:51",https://wordpress.org/themes/church-lite/,6.1,7.2
covernews,CoverNews,5.2.1,5.2.0,https://downloads.wordpress.org/theme/covernews.5.2.1.zip,"2024-12-16 12:02:13",https://wordpress.org/themes/covernews/,4.0,5.3
cricket-tournament,"Cricket Tournament",1.1.7,1.1.6,https://downloads.wordpress.org/theme/cricket-tournament.1.1.7.zip,"2024-12-16 11:29:41",https://wordpress.org/themes/cricket-tournament/,5.0,5.6
fast-food-joint,"Fast Food Joint",1.0.1,1.0.0,https://downloads.wordpress.org/theme/fast-food-joint.1.0.1.zip,"2024-12-16 12:51:26",https://wordpress.org/themes/fast-food-joint/,,7.2
food-blogger-hub,"Food Blogger Hub",1.5,1.4,https://downloads.wordpress.org/theme/food-blogger-hub.1.5.zip,"2024-12-16 11:27:07",https://wordpress.org/themes/food-blogger-hub/,5.0,5.6
green-agro-landscaping,"Green Agro Landscaping",1.1.8,1.1.7,https://downloads.wordpress.org/theme/green-agro-landscaping.1.1.8.zip,"2024-12-16 11:29:04",https://wordpress.org/themes/green-agro-landscaping/,5.0,5.6
morenews,MoreNews,3.2.2,3.2.1,https://downloads.wordpress.org/theme/morenews.3.2.2.zip,"2024-12-16 12:17:20",https://wordpress.org/themes/morenews/,4.0,5.3
ngo-organization,"NGO Organization",1.1.8,1.1.7,https://downloads.wordpress.org/theme/ngo-organization.1.1.8.zip,"2024-12-16 11:27:55",https://wordpress.org/themes/ngo-organization/,5.0,5.6
retailsy,Retailsy,14.9,14.8,https://downloads.wordpress.org/theme/retailsy.14.9.zip,"2024-12-16 12:55:41",https://wordpress.org/themes/retailsy/,4.7,5.6
storefit,Storefit,9.7,9.6,https://downloads.wordpress.org/theme/storefit.9.7.zip,"2024-12-16 12:55:22",https://wordpress.org/themes/storefit/,,5.6
gutenify-restaurant,"Gutenify Restaurant",1.0.3,,https://downloads.wordpress.org/theme/gutenify-restaurant.1.0.3.zip,"2024-12-16 11:41:50",https://wordpress.org/themes/gutenify-restaurant/,5.9,5.6
it-real-estate,"IT Real Estate",1.0.2,,https://downloads.wordpress.org/theme/it-real-estate.1.0.2.zip,"2024-12-16 11:41:55",https://wordpress.org/themes/it-real-estate/,6.2,5.6
travel-destination,"Travel Destination",1.0.0,,https://downloads.wordpress.org/theme/travel-destination.1.0.0.zip,"2024-12-16 11:26:49",https://wordpress.org/themes/travel-destination/,5.3,7.2
adventure-tour,"Adventure Tour",3.6,3.5,https://downloads.wordpress.org/theme/adventure-tour.3.6.zip,"2024-12-16 13:00:10",https://wordpress.org/themes/adventure-tour/,,5.6
adventure-trekking-camp,"Adventure Trekking Camp",3.9,3.8,https://downloads.wordpress.org/theme/adventure-trekking-camp.3.9.zip,"2024-12-16 12:59:44",https://wordpress.org/themes/adventure-trekking-camp/,5.0,5.6
air-conditioning-services,"Air Conditioning Services",2.4,2.3,https://downloads.wordpress.org/theme/air-conditioning-services.2.4.zip,"2024-12-16 12:59:10",https://wordpress.org/themes/air-conditioning-services/,5.0,5.6
architect-civil-engineer,"Architect Civil Engineer",3.8,3.7,https://downloads.wordpress.org/theme/architect-civil-engineer.3.8.zip,"2024-12-16 13:11:42",https://wordpress.org/themes/architect-civil-engineer/,5.0,5.6
aromatic,Aromatic,15.6,15.5,https://downloads.wordpress.org/theme/aromatic.15.6.zip,"2024-12-16 13:00:32",https://wordpress.org/themes/aromatic/,4.7,5.6
ayroma,Ayroma,15.1,15.0,https://downloads.wordpress.org/theme/ayroma.15.1.zip,"2024-12-16 12:59:40",https://wordpress.org/themes/ayroma/,4.7,5.6
blogtrip,blogtrip,1.0.6,1.0.5,https://downloads.wordpress.org/theme/blogtrip.1.0.6.zip,"2024-12-16 13:06:07",https://wordpress.org/themes/blogtrip/,,5.6
building-construction-lite,"Building Construction Lite",4.8,4.7,https://downloads.wordpress.org/theme/building-construction-lite.4.8.zip,"2024-12-16 13:04:06",https://wordpress.org/themes/building-construction-lite/,5.0,5.6
construction-firm,"Construction Firm",7.6,7.5,https://downloads.wordpress.org/theme/construction-firm.7.6.zip,"2024-12-16 13:03:37",https://wordpress.org/themes/construction-firm/,5.0,5.6
express-store,"Express Store",11.2,11.1,https://downloads.wordpress.org/theme/express-store.11.2.zip,"2024-12-16 12:59:20",https://wordpress.org/themes/express-store/,,5.6
feauty,Feauty,15.0,14.9,https://downloads.wordpress.org/theme/feauty.15.0.zip,"2024-12-16 12:58:43",https://wordpress.org/themes/feauty/,4.7,5.6
flexi-mart,"Flexi Mart",2.2,2.1,https://downloads.wordpress.org/theme/flexi-mart.2.2.zip,"2024-12-16 12:58:06",https://wordpress.org/themes/flexi-mart/,,5.6
flossy,Flossy,7.4,7.3,https://downloads.wordpress.org/theme/flossy.7.4.zip,"2024-12-16 12:57:29",https://wordpress.org/themes/flossy/,4.7,5.6
flow-store,"Flow Store",3.3,3.2,https://downloads.wordpress.org/theme/flow-store.3.3.zip,"2024-12-16 12:56:02",https://wordpress.org/themes/flow-store/,,5.6
hello-elementor,"Hello Elementor",3.2.1,3.2.0,https://downloads.wordpress.org/theme/hello-elementor.3.2.1.zip,"2024-12-16 13:05:29",https://wordpress.org/themes/hello-elementor/,6.0,7.4
home-renovation,"Home Renovation",4.3,4.2,https://downloads.wordpress.org/theme/home-renovation.4.3.zip,"2024-12-16 13:01:57",https://wordpress.org/themes/home-renovation/,5.0,5.6
shopient,Shopient,15.0,14.9,https://downloads.wordpress.org/theme/shopient.15.0.zip,"2024-12-16 13:04:36",https://wordpress.org/themes/shopient/,4.7,5.6
shopiva,Shopiva,15.0,14.9,https://downloads.wordpress.org/theme/shopiva.15.0.zip,"2024-12-16 13:04:01",https://wordpress.org/themes/shopiva/,4.7,5.6
shoply,Shoply,15.1,15.0,https://downloads.wordpress.org/theme/shoply.15.1.zip,"2024-12-16 13:03:39",https://wordpress.org/themes/shoply/,4.7,5.6
storely,Storely,15.4,15.3,https://downloads.wordpress.org/theme/storely.15.4.zip,"2024-12-16 13:03:16",https://wordpress.org/themes/storely/,4.7,5.6
storess,Storess,15.0,14.9,https://downloads.wordpress.org/theme/storess.15.0.zip,"2024-12-16 13:02:35",https://wordpress.org/themes/storess/,4.7,5.6
storezia,Storezia,15.1,15.0,https://downloads.wordpress.org/theme/storezia.15.1.zip,"2024-12-16 13:02:02",https://wordpress.org/themes/storezia/,4.7,5.6
accron,Accron,1.6.5,1.6.4,https://downloads.wordpress.org/theme/accron.1.6.5.zip,"2024-12-16 13:54:21",https://wordpress.org/themes/accron/,4.7,5.6
appointo,Appointo,10.9,10.8,https://downloads.wordpress.org/theme/appointo.10.9.zip,"2024-12-16 13:51:17",https://wordpress.org/themes/appointo/,4.7,5.6
avril,Avril,11.7,11.6,https://downloads.wordpress.org/theme/avril.11.7.zip,"2024-12-16 13:53:58",https://wordpress.org/themes/avril/,4.7,5.6
blanco-lite,"Blanco Lite",1.0.6,1.0.5,https://downloads.wordpress.org/theme/blanco-lite.1.0.6.zip,"2024-12-16 13:47:30",https://wordpress.org/themes/blanco-lite/,,5.3
colorpress,ColorPress,11.3,11.2,https://downloads.wordpress.org/theme/colorpress.11.3.zip,"2024-12-16 13:53:30",https://wordpress.org/themes/colorpress/,4.7,5.6
conceptly,Conceptly,12.3,12.2,https://downloads.wordpress.org/theme/conceptly.12.3.zip,"2024-12-16 13:52:47",https://wordpress.org/themes/conceptly/,4.7,5.6
corpex,Corpex,5.2,5.1,https://downloads.wordpress.org/theme/corpex.5.2.zip,"2024-12-16 13:50:57",https://wordpress.org/themes/corpex/,4.7,5.6
eduvert,Eduvert,11.4,11.3,https://downloads.wordpress.org/theme/eduvert.11.4.zip,"2024-12-16 13:50:14",https://wordpress.org/themes/eduvert/,4.7,5.6
flavita,Flavita,11.4,11.3,https://downloads.wordpress.org/theme/flavita.11.4.zip,"2024-12-16 13:52:22",https://wordpress.org/themes/flavita/,4.7,5.6
gradiant,Gradiant,11.7,11.6,https://downloads.wordpress.org/theme/gradiant.11.7.zip,"2024-12-16 13:51:52",https://wordpress.org/themes/gradiant/,4.7,5.6
haaski-diary,"Haaski Diary",1.0.3,1.0.2,https://downloads.wordpress.org/theme/haaski-diary.1.0.3.zip,"2024-12-16 14:05:35",https://wordpress.org/themes/haaski-diary/,,5.3
haaski-magazine,"Haaski Magazine",1.0.3,1.0.2,https://downloads.wordpress.org/theme/haaski-magazine.1.0.3.zip,"2024-12-16 14:12:52",https://wordpress.org/themes/haaski-magazine/,,5.3
hantus,Hantus,12.4,12.3,https://downloads.wordpress.org/theme/hantus.12.4.zip,"2024-12-16 13:49:50",https://wordpress.org/themes/hantus/,4.7,5.6
medazin,Medazin,9.1,9.0,https://downloads.wordpress.org/theme/medazin.9.1.zip,"2024-12-16 13:49:22",https://wordpress.org/themes/medazin/,4.7,5.6
startkit,StartKit,13.6,13.5,https://downloads.wordpress.org/theme/startkit.13.6.zip,"2024-12-16 13:48:47",https://wordpress.org/themes/startkit/,4.7,5.6
villapress,VillaPress,2.7,2.6,https://downloads.wordpress.org/theme/villapress.2.7.zip,"2024-12-16 13:48:05",https://wordpress.org/themes/villapress/,,7.0
astra,Astra,4.8.8,4.8.7,https://downloads.wordpress.org/theme/astra.4.8.8.zip,"2024-12-16 15:00:57",https://wordpress.org/themes/astra/,5.3,5.3
greenshift,Greenshift,2.3.7,2.3.6,https://downloads.wordpress.org/theme/greenshift.2.3.7.zip,"2024-12-16 16:54:37",https://wordpress.org/themes/greenshift/,6.7,
greenshift,Greenshift,2.3.8,2.3.7,https://downloads.wordpress.org/theme/greenshift.2.3.8.zip,"2024-12-16 18:17:01",https://wordpress.org/themes/greenshift/,6.7,
haaski-lite,"Haaski Lite",1.0.3,1.0.2,https://downloads.wordpress.org/theme/haaski-lite.1.0.3.zip,"2024-12-16 18:18:45",https://wordpress.org/themes/haaski-lite/,,5.3
toocheke,Toocheke,1.0.242,1.0.241,https://downloads.wordpress.org/theme/toocheke.1.0.242.zip,"2024-12-16 22:28:45",https://wordpress.org/themes/toocheke/,,7.4
vastnews,vastnews,1.0.8,1.0.7,https://downloads.wordpress.org/theme/vastnews.1.0.8.zip,"2024-12-17 00:45:23",https://wordpress.org/themes/vastnews/,,5.6
patterns-agency,"Patterns Agency",1.0.0,,https://downloads.wordpress.org/theme/patterns-agency.1.0.0.zip,"2024-12-17 02:56:48",https://wordpress.org/themes/patterns-agency/,6.6,5.6
centralnews,CentralNews,2.0.24,2.0.23,https://downloads.wordpress.org/theme/centralnews.2.0.24.zip,"2024-12-17 04:24:47",https://wordpress.org/themes/centralnews/,4.0,5.3
fresh-bakers,"Fresh Bakers",1.4,1.3,https://downloads.wordpress.org/theme/fresh-bakers.1.4.zip,"2024-12-17 04:26:02",https://wordpress.org/themes/fresh-bakers/,5.0,7.2
globalnews,GlobalNews,1.0.13,1.0.12,https://downloads.wordpress.org/theme/globalnews.1.0.13.zip,"2024-12-17 04:25:18",https://wordpress.org/themes/globalnews/,4.0,5.3
newsmore,NewsMore,1.2.19,1.2.18,https://downloads.wordpress.org/theme/newsmore.1.2.19.zip,"2024-12-17 04:25:51",https://wordpress.org/themes/newsmore/,4.0,5.3
shushi-cafeteria,"Shushi Cafeteria",2.4,2.3,https://downloads.wordpress.org/theme/shushi-cafeteria.2.4.zip,"2024-12-17 04:19:23",https://wordpress.org/themes/shushi-cafeteria/,5.0,7.2
the-home-decor,"The Home Decor",1.1,1.0,https://downloads.wordpress.org/theme/the-home-decor.1.1.zip,"2024-12-17 04:25:29",https://wordpress.org/themes/the-home-decor/,5.0,7.2
volleyball-coach,"Volleyball Coach",2.5,2.4,https://downloads.wordpress.org/theme/volleyball-coach.2.5.zip,"2024-12-17 04:19:55",https://wordpress.org/themes/volleyball-coach/,5.0,7.2
watch-collection,"Watch Collection",1.8,1.7,https://downloads.wordpress.org/theme/watch-collection.1.8.zip,"2024-12-17 04:23:29",https://wordpress.org/themes/watch-collection/,5.0,7.2
wedding-planner-lite,"Wedding Planner Lite",2.2,2.1,https://downloads.wordpress.org/theme/wedding-planner-lite.2.2.zip,"2024-12-17 04:24:12",https://wordpress.org/themes/wedding-planner-lite/,5.0,7.2
ashe,Ashe,2.248,2.247,https://downloads.wordpress.org/theme/ashe.2.248.zip,"2024-12-17 04:39:01",https://wordpress.org/themes/ashe/,4.7,5.2.4
education-management,"Education Management",1.1,1.0,https://downloads.wordpress.org/theme/education-management.1.1.zip,"2024-12-17 04:44:02",https://wordpress.org/themes/education-management/,6.1,7.2
wens-haelo,"WENS Haelo",1.0.2,1.0.1,https://downloads.wordpress.org/theme/wens-haelo.1.0.2.zip,"2024-12-17 06:21:50",https://wordpress.org/themes/wens-haelo/,6.4,7.4
ethical-hacking,"Ethical Hacking",0.0.1,,https://downloads.wordpress.org/theme/ethical-hacking.0.0.1.zip,"2024-12-17 06:11:45",https://wordpress.org/themes/ethical-hacking/,5.0,5.6
magty,Magty,1.0.0,,https://downloads.wordpress.org/theme/magty.1.0.0.zip,"2024-12-17 06:26:48",https://wordpress.org/themes/magty/,5.3,5.6
personal-coach-lite,"Personal Coach Lite",0.0.1,,https://downloads.wordpress.org/theme/personal-coach-lite.0.0.1.zip,"2024-12-17 05:56:48",https://wordpress.org/themes/personal-coach-lite/,5.0,7.2
akhada-fitness-gym,"Akhada Fitness Gym",0.6.9,0.6.8,https://downloads.wordpress.org/theme/akhada-fitness-gym.0.6.9.zip,"2024-12-17 06:43:44",https://wordpress.org/themes/akhada-fitness-gym/,,7.2
anamio,Anamio,11.9,11.8,https://downloads.wordpress.org/theme/anamio.11.9.zip,"2024-12-17 06:45:13",https://wordpress.org/themes/anamio/,4.7,5.6
consulting-blocks,"Consulting Blocks",1.1.1,1.1,https://downloads.wordpress.org/theme/consulting-blocks.1.1.1.zip,"2024-12-17 07:08:28",https://wordpress.org/themes/consulting-blocks/,6.0,7.2
cv-portfolio-blocks,"CV Portfolio Blocks",1.2.1,1.2,https://downloads.wordpress.org/theme/cv-portfolio-blocks.1.2.1.zip,"2024-12-17 07:09:16",https://wordpress.org/themes/cv-portfolio-blocks/,6.0,7.2
daizy,Daizy,10.7,10.6,https://downloads.wordpress.org/theme/daizy.10.7.zip,"2024-12-17 06:41:59",https://wordpress.org/themes/daizy/,4.7,5.6
expert-lawyer,"Expert Lawyer",1.1.8,1.1.7,https://downloads.wordpress.org/theme/expert-lawyer.1.1.8.zip,"2024-12-17 06:41:58",https://wordpress.org/themes/expert-lawyer/,,7.2
expert-movers,"Expert Movers",0.6.8,0.6.7,https://downloads.wordpress.org/theme/expert-movers.0.6.8.zip,"2024-12-17 06:43:07",https://wordpress.org/themes/expert-movers/,,7.2
ferio,Ferio,3.7,3.6,https://downloads.wordpress.org/theme/ferio.3.7.zip,"2024-12-17 06:41:18",https://wordpress.org/themes/ferio/,4.7,5.6
frosty-cake,"Frosty Cake",1.1.2,1.1.1,https://downloads.wordpress.org/theme/frosty-cake.1.1.2.zip,"2024-12-17 07:10:01",https://wordpress.org/themes/frosty-cake/,6.0,7.2
gruj,Gruj,11.9,11.8,https://downloads.wordpress.org/theme/gruj.11.9.zip,"2024-12-17 06:40:57",https://wordpress.org/themes/gruj/,4.7,5.6
lz-computer-repair,"LZ Computer Repair",0.6.1,0.6.0,https://downloads.wordpress.org/theme/lz-computer-repair.0.6.1.zip,"2024-12-17 06:42:35",https://wordpress.org/themes/lz-computer-repair/,,7.2
patterns-agency,"Patterns Agency",1.0.1,1.0.0,https://downloads.wordpress.org/theme/patterns-agency.1.0.1.zip,"2024-12-17 07:03:12",https://wordpress.org/themes/patterns-agency/,6.6,5.6
physiotherapy-clinic,"Physiotherapy Clinic",1.2.1,1.2,https://downloads.wordpress.org/theme/physiotherapy-clinic.1.2.1.zip,"2024-12-17 07:10:54",https://wordpress.org/themes/physiotherapy-clinic/,6.0,7.2
rt-education-school,"RT Education School",1.1.3,1.1.2,https://downloads.wordpress.org/theme/rt-education-school.1.1.3.zip,"2024-12-17 07:11:54",https://wordpress.org/themes/rt-education-school/,6.0,7.2
soga,Soga,11.5,11.4,https://downloads.wordpress.org/theme/soga.11.5.zip,"2024-12-17 06:40:37",https://wordpress.org/themes/soga/,4.7,5.6
spera,Spera,11.9,11.8,https://downloads.wordpress.org/theme/spera.11.9.zip,"2024-12-17 06:46:07",https://wordpress.org/themes/spera/,4.7,5.6
spoken-english-classes,"Spoken English Classes",1.1.1,1.1,https://downloads.wordpress.org/theme/spoken-english-classes.1.1.1.zip,"2024-12-17 07:12:54",https://wordpress.org/themes/spoken-english-classes/,6.0,7.2
suraksha-security-guard,"Suraksha Security Guard",0.6.7,0.6.6,https://downloads.wordpress.org/theme/suraksha-security-guard.0.6.7.zip,"2024-12-17 06:44:16",https://wordpress.org/themes/suraksha-security-guard/,,7.2
phlox,Phlox,2.17.0,2.16.7,https://downloads.wordpress.org/theme/phlox.2.17.0.zip,"2024-12-17 07:38:09",https://wordpress.org/themes/phlox/,5.4,7.0
recipe-quest,"Recipe Quest",1.0.1,,https://downloads.wordpress.org/theme/recipe-quest.1.0.1.zip,"2024-12-17 08:26:55",https://wordpress.org/themes/recipe-quest/,6.2,7.3
soul-anchor,"Soul Anchor",1.1,,https://downloads.wordpress.org/theme/soul-anchor.1.1.zip,"2024-12-17 08:26:50",https://wordpress.org/themes/soul-anchor/,,5.6
architecture-construction,"Architecture Construction",3.0,2.9,https://downloads.wordpress.org/theme/architecture-construction.3.0.zip,"2024-12-17 08:44:59",https://wordpress.org/themes/architecture-construction/,,5.6
furniture-decor,"Furniture Decor",3.1,3.0,https://downloads.wordpress.org/theme/furniture-decor.3.1.zip,"2024-12-17 08:45:36",https://wordpress.org/themes/furniture-decor/,,5.6
life-coach-agency,"Life Coach Agency",2.8,2.7,https://downloads.wordpress.org/theme/life-coach-agency.2.8.zip,"2024-12-17 08:46:18",https://wordpress.org/themes/life-coach-agency/,,5.6
prime-kindergarten,"Prime Kindergarten",2.4,2.3,https://downloads.wordpress.org/theme/prime-kindergarten.2.4.zip,"2024-12-17 08:46:37",https://wordpress.org/themes/prime-kindergarten/,,7.4
prime-playschool-classes,"Prime Playschool Classes",3.2,3.1,https://downloads.wordpress.org/theme/prime-playschool-classes.3.2.zip,"2024-12-17 08:47:16",https://wordpress.org/themes/prime-playschool-classes/,,5.6
prime-english-classes,"Prime English Classes",1.0,,https://downloads.wordpress.org/theme/prime-english-classes.1.0.zip,"2024-12-17 08:41:49",https://wordpress.org/themes/prime-english-classes/,,7.0
psychedeli,Psychedeli,1.0.0,,https://downloads.wordpress.org/theme/psychedeli.1.0.0.zip,"2024-12-17 08:56:52",https://wordpress.org/themes/psychedeli/,6.7,7.0
blogprise,Blogprise,1.0.4,1.0.3,https://downloads.wordpress.org/theme/blogprise.1.0.4.zip,"2024-12-17 09:38:14",https://wordpress.org/themes/blogprise/,5.3,5.6
core-fitness,"Core Fitness",1.1.9,1.1.8,https://downloads.wordpress.org/theme/core-fitness.1.1.9.zip,"2024-12-17 10:09:50",https://wordpress.org/themes/core-fitness/,5.0,7.2
factory-lite,"Factory Lite",1.1.4,1.1.3,https://downloads.wordpress.org/theme/factory-lite.1.1.4.zip,"2024-12-17 10:03:27",https://wordpress.org/themes/factory-lite/,5.0,7.2
garden-landscaping,"Garden Landscaping",2.5.4,2.5.3,https://downloads.wordpress.org/theme/garden-landscaping.2.5.4.zip,"2024-12-17 10:05:19",https://wordpress.org/themes/garden-landscaping/,5.0,7.2
gutenic,Gutenic,1.3.0,1.2.9,https://downloads.wordpress.org/theme/gutenic.1.3.0.zip,"2024-12-17 09:41:42",https://wordpress.org/themes/gutenic/,5.9,7.2
luxury-travel,"Luxury Travel",1.2.3,1.2.2,https://downloads.wordpress.org/theme/luxury-travel.1.2.3.zip,"2024-12-17 10:10:33",https://wordpress.org/themes/luxury-travel/,5.0,7.2
multipurpose-portfolio,"Multipurpose Portfolio",1.0.6,1.0.5,https://downloads.wordpress.org/theme/multipurpose-portfolio.1.0.6.zip,"2024-12-17 10:11:27",https://wordpress.org/themes/multipurpose-portfolio/,5.0,7.2
plumber-services,"Plumber Services",2.0.0,1.9,https://downloads.wordpress.org/theme/plumber-services.2.0.0.zip,"2024-12-17 09:31:56",https://wordpress.org/themes/plumber-services/,,7.2
simppple,Simppple,1.2.3,1.2.2,https://downloads.wordpress.org/theme/simppple.1.2.3.zip,"2024-12-17 10:16:15",https://wordpress.org/themes/simppple/,6.5,7.4
the-wp-business,"The WP Business",2.1.4,2.1.3,https://downloads.wordpress.org/theme/the-wp-business.2.1.4.zip,"2024-12-17 10:12:54",https://wordpress.org/themes/the-wp-business/,5.0,7.2
the-wp-fitness,"The WP Fitness",1.1.3,1.1.2,https://downloads.wordpress.org/theme/the-wp-fitness.1.1.3.zip,"2024-12-17 10:08:39",https://wordpress.org/themes/the-wp-fitness/,5.0,7.2
vw-bakers,"VW Bakers",0.2.1,0.2,https://downloads.wordpress.org/theme/vw-bakers.0.2.1.zip,"2024-12-17 10:04:51",https://wordpress.org/themes/vw-bakers/,5.0,7.2
vw-gardening-landscaping,"VW Gardening Landscaping",1.5.9,1.5.8,https://downloads.wordpress.org/theme/vw-gardening-landscaping.1.5.9.zip,"2024-12-17 10:04:08",https://wordpress.org/themes/vw-gardening-landscaping/,5.0,7.2
vw-sports,"VW Sports",0.9.5,0.9.4,https://downloads.wordpress.org/theme/vw-sports.0.9.5.zip,"2024-12-17 10:05:55",https://wordpress.org/themes/vw-sports/,5.0,7.2
wall-decor-wallpaper,"Wall Decor Wallpaper",0.6.7,0.6.6,https://downloads.wordpress.org/theme/wall-decor-wallpaper.0.6.7.zip,"2024-12-17 10:06:59",https://wordpress.org/themes/wall-decor-wallpaper/,5.0,7.2
smoothone,SmoothOne,1.2,,https://downloads.wordpress.org/theme/smoothone.1.2.zip,"2024-12-17 09:41:48",https://wordpress.org/themes/smoothone/,6.0,5.7
aravalli,Aravalli,11.4,11.3,https://downloads.wordpress.org/theme/aravalli.11.4.zip,"2024-12-17 12:47:14",https://wordpress.org/themes/aravalli/,4.7,5.6
boostify,Boostify,11.4,11.3,https://downloads.wordpress.org/theme/boostify.11.4.zip,"2024-12-17 12:46:28",https://wordpress.org/themes/boostify/,4.7,5.6
caresoft,CareSoft,1.0.60,1.0.59,https://downloads.wordpress.org/theme/caresoft.1.0.60.zip,"2024-12-17 12:18:10",https://wordpress.org/themes/caresoft/,4.7,5.6
colorsy,Colorsy,11.2,11.1,https://downloads.wordpress.org/theme/colorsy.11.2.zip,"2024-12-17 12:47:35",https://wordpress.org/themes/colorsy/,4.7,5.6
convo,Convo,6.5,6.4,https://downloads.wordpress.org/theme/convo.6.5.zip,"2024-12-17 12:45:38",https://wordpress.org/themes/convo/,,7.0
cozysoft,CozySoft,1.0.77,1.0.76,https://downloads.wordpress.org/theme/cozysoft.1.0.77.zip,"2024-12-17 12:17:45",https://wordpress.org/themes/cozysoft/,4.7,5.6
easytech,EasyTech,1.0.50,1.0.49,https://downloads.wordpress.org/theme/easytech.1.0.50.zip,"2024-12-17 12:18:57",https://wordpress.org/themes/easytech/,4.7,5.6
fiona-blog,"Fiona Blog",11.5,11.4,https://downloads.wordpress.org/theme/fiona-blog.11.5.zip,"2024-12-17 12:37:14",https://wordpress.org/themes/fiona-blog/,4.7,5.6
metasoft,MetaSoft,11.4,11.3,https://downloads.wordpress.org/theme/metasoft.11.4.zip,"2024-12-17 12:36:50",https://wordpress.org/themes/metasoft/,4.7,5.6
softinn,Softinn,1.0.76,1.0.75,https://downloads.wordpress.org/theme/softinn.1.0.76.zip,"2024-12-17 12:17:20",https://wordpress.org/themes/softinn/,4.7,5.6
softme,SoftMe,1.0.87,1.0.86,https://downloads.wordpress.org/theme/softme.1.0.87.zip,"2024-12-17 12:16:55",https://wordpress.org/themes/softme/,4.7,5.6
softmunch,SoftMunch,1.0.24,1.0.23,https://downloads.wordpress.org/theme/softmunch.1.0.24.zip,"2024-12-17 12:19:45",https://wordpress.org/themes/softmunch/,4.7,5.6
suntech,Suntech,1.0.54,1.0.53,https://downloads.wordpress.org/theme/suntech.1.0.54.zip,"2024-12-17 12:18:33",https://wordpress.org/themes/suntech/,4.7,5.6
truesoft,TrueSoft,1.0.33,1.0.32,https://downloads.wordpress.org/theme/truesoft.1.0.33.zip,"2024-12-17 12:19:20",https://wordpress.org/themes/truesoft/,4.7,5.6
cosmics,Cosmics,11.2,11.1,https://downloads.wordpress.org/theme/cosmics.11.2.zip,"2024-12-17 13:11:04",https://wordpress.org/themes/cosmics/,4.7,5.6
cultural-festival,"Cultural Festival",0.8,0.7,https://downloads.wordpress.org/theme/cultural-festival.0.8.zip,"2024-12-17 13:28:33",https://wordpress.org/themes/cultural-festival/,5.6,7.2
cyber-security-services,"Cyber Security Services",4.5,4.4,https://downloads.wordpress.org/theme/cyber-security-services.4.5.zip,"2024-12-17 13:08:03",https://wordpress.org/themes/cyber-security-services/,5.0,5.6
educate-training-coach,"Educate Training Coach",3.8,3.7,https://downloads.wordpress.org/theme/educate-training-coach.3.8.zip,"2024-12-17 13:07:28",https://wordpress.org/themes/educate-training-coach/,5.0,5.6
education-academy-coach,"Education Academy Coach",4.3,4.2,https://downloads.wordpress.org/theme/education-academy-coach.4.3.zip,"2024-12-17 13:07:00",https://wordpress.org/themes/education-academy-coach/,5.0,5.6
education-insight,"Education Insight",8.2,8.1,https://downloads.wordpress.org/theme/education-insight.8.2.zip,"2024-12-17 13:05:58",https://wordpress.org/themes/education-insight/,5.0,5.6
eventplus,EventPlus,10.9,10.8,https://downloads.wordpress.org/theme/eventplus.10.9.zip,"2024-12-17 13:10:41",https://wordpress.org/themes/eventplus/,4.7,5.6
evita,Evita,1.4.7,1.4.6,https://downloads.wordpress.org/theme/evita.1.4.7.zip,"2024-12-17 13:02:12",https://wordpress.org/themes/evita/,,5.6
house-cleaning,"House Cleaning",0.2.5,0.2.4,https://downloads.wordpress.org/theme/house-cleaning.0.2.5.zip,"2024-12-17 13:22:47",https://wordpress.org/themes/house-cleaning/,5.0,5.6
magazine-news-agency,"Magazine News Agency",0.2.1,0.2,https://downloads.wordpress.org/theme/magazine-news-agency.0.2.1.zip,"2024-12-17 13:23:14",https://wordpress.org/themes/magazine-news-agency/,5.0,5.6
minimal-education,"Minimal Education",6.2,6.1,https://downloads.wordpress.org/theme/minimal-education.6.2.zip,"2024-12-17 13:05:20",https://wordpress.org/themes/minimal-education/,5.0,5.6
nexcraft,NexCraft,2.0,1.9,https://downloads.wordpress.org/theme/nexcraft.2.0.zip,"2024-12-17 13:12:32",https://wordpress.org/themes/nexcraft/,4.7,5.6
nursery-kindergarten,"Nursery Kindergarten",4.3,4.2,https://downloads.wordpress.org/theme/nursery-kindergarten.4.3.zip,"2024-12-17 13:04:47",https://wordpress.org/themes/nursery-kindergarten/,5.0,5.6
pastry-shop,"Pastry Shop",0.3,0.2,https://downloads.wordpress.org/theme/pastry-shop.0.3.zip,"2024-12-17 13:29:07",https://wordpress.org/themes/pastry-shop/,5.6,7.2
ppc-specialist,"PPC Specialist",3.7,3.6,https://downloads.wordpress.org/theme/ppc-specialist.3.7.zip,"2024-12-17 13:04:05",https://wordpress.org/themes/ppc-specialist/,5.0,5.6
renoval,Renoval,10.7,10.6,https://downloads.wordpress.org/theme/renoval.10.7.zip,"2024-12-17 13:01:47",https://wordpress.org/themes/renoval/,4.7,5.6
scuba-diving-sport,"Scuba Diving Sport",0.3.7,0.3.6,https://downloads.wordpress.org/theme/scuba-diving-sport.0.3.7.zip,"2024-12-17 13:23:39",https://wordpress.org/themes/scuba-diving-sport/,5.0,5.6
security-camera,"Security Camera",3.6,3.5,https://downloads.wordpress.org/theme/security-camera.3.6.zip,"2024-12-17 13:03:13",https://wordpress.org/themes/security-camera/,,5.6
shoes-store-elementor,"Shoes Store Elementor",0.3.6,0.3.5,https://downloads.wordpress.org/theme/shoes-store-elementor.0.3.6.zip,"2024-12-17 13:24:06",https://wordpress.org/themes/shoes-store-elementor/,5.0,5.6
software-company-elementor,"Software Company Elementor",0.4,0.3.9,https://downloads.wordpress.org/theme/software-company-elementor.0.4.zip,"2024-12-17 13:24:34",https://wordpress.org/themes/software-company-elementor/,5.0,5.6
startweb,StartWeb,11.5,11.4,https://downloads.wordpress.org/theme/startweb.11.5.zip,"2024-12-17 12:58:46",https://wordpress.org/themes/startweb/,4.7,5.6
tv-channel-insight,"TV Channel Insight",3.7,3.6,https://downloads.wordpress.org/theme/tv-channel-insight.3.7.zip,"2024-12-17 13:02:39",https://wordpress.org/themes/tv-channel-insight/,5.0,5.6
web-designer-elementor,"Web Designer Elementor",0.4,0.3.9,https://downloads.wordpress.org/theme/web-designer-elementor.0.4.zip,"2024-12-17 13:25:17",https://wordpress.org/themes/web-designer-elementor/,5.0,5.6
yoga-kriya,"Yoga Kriya",2.0.2,2.0.1,https://downloads.wordpress.org/theme/yoga-kriya.2.0.2.zip,"2024-12-17 13:29:34",https://wordpress.org/themes/yoga-kriya/,5.6,7.2
psychedeli,Psychedeli,1.0.2,1.0.0,https://downloads.wordpress.org/theme/psychedeli.1.0.2.zip,"2024-12-17 14:22:47",https://wordpress.org/themes/psychedeli/,6.7,7.0
yuki-ever-blog,"Yuki Ever Blog",1.0.0,,https://downloads.wordpress.org/theme/yuki-ever-blog.1.0.0.zip,"2024-12-17 13:41:48",https://wordpress.org/themes/yuki-ever-blog/,,7.4
amberd-online-store,"AmBerd - Online Store",2.1.5,2.1.4,https://downloads.wordpress.org/theme/amberd-online-store.2.1.5.zip,"2024-12-17 15:21:15",https://wordpress.org/themes/amberd-online-store/,5.1,5.6
book-shop,"Book Shop",2.1.5,2.1.4,https://downloads.wordpress.org/theme/book-shop.2.1.5.zip,"2024-12-17 15:21:40",https://wordpress.org/themes/book-shop/,5.1,5.6
furniture-store,"Furniture Store",2.1.5,2.1.4,https://downloads.wordpress.org/theme/furniture-store.2.1.5.zip,"2024-12-17 15:22:03",https://wordpress.org/themes/furniture-store/,5.1,5.6
jewelry-shop,"Jewelry Shop",2.1.5,2.1.4,https://downloads.wordpress.org/theme/jewelry-shop.2.1.5.zip,"2024-12-17 15:22:27",https://wordpress.org/themes/jewelry-shop/,5.1,5.6
pet-shop,"Pet Shop",2.1.5,2.1.4,https://downloads.wordpress.org/theme/pet-shop.2.1.5.zip,"2024-12-17 15:22:50",https://wordpress.org/themes/pet-shop/,5.1,5.6
cuisinecater,Cuisinecater,1.2,,https://downloads.wordpress.org/theme/cuisinecater.1.2.zip,"2024-12-17 15:26:48",https://wordpress.org/themes/cuisinecater/,4.7,7.0
rasa-travel,"Rasa Travel",1.0,,https://downloads.wordpress.org/theme/rasa-travel.1.0.zip,"2024-12-17 15:26:54",https://wordpress.org/themes/rasa-travel/,5.1,5.6
magty,Magty,1.0.1,1.0.0,https://downloads.wordpress.org/theme/magty.1.0.1.zip,"2024-12-17 15:44:24",https://wordpress.org/themes/magty/,5.3,5.6
attesa,Attesa,1.5.9,1.5.8,https://downloads.wordpress.org/theme/attesa.1.5.9.zip,"2024-12-17 16:38:37",https://wordpress.org/themes/attesa/,,5.6
cake-shop,"Cake Shop",2.2.4,2.2.3,https://downloads.wordpress.org/theme/cake-shop.2.2.4.zip,"2024-12-17 17:03:42",https://wordpress.org/themes/cake-shop/,5.1,5.6
clothing,Clothing,2.2.4,2.2.3,https://downloads.wordpress.org/theme/clothing.2.2.4.zip,"2024-12-17 17:04:37",https://wordpress.org/themes/clothing/,5.1,5.6
fashion-shop,"Fashion Shop",2.1.4,2.1.3,https://downloads.wordpress.org/theme/fashion-shop.2.1.4.zip,"2024-12-17 17:05:29",https://wordpress.org/themes/fashion-shop/,5.1,5.6
flower-shop-florist,"Flower Shop: Florist",2.2.4,2.2.3,https://downloads.wordpress.org/theme/flower-shop-florist.2.2.4.zip,"2024-12-17 17:06:26",https://wordpress.org/themes/flower-shop-florist/,5.1,5.6
wedding-photography,"Wedding Photography",2.3.4,2.3.3,https://downloads.wordpress.org/theme/wedding-photography.2.3.4.zip,"2024-12-17 17:07:25",https://wordpress.org/themes/wedding-photography/,5.1,5.6
wedding-planner-event-management,"Wedding Planner: Event Management",2.1.4,2.1.3,https://downloads.wordpress.org/theme/wedding-planner-event-management.2.1.4.zip,"2024-12-17 17:08:48",https://wordpress.org/themes/wedding-planner-event-management/,5.1,5.6
barbershop-barber,"Barbershop: Barber",1.3.6,1.3.5,https://downloads.wordpress.org/theme/barbershop-barber.1.3.6.zip,"2024-12-17 17:45:44",https://wordpress.org/themes/barbershop-barber/,5.1,5.6
coffee-shop-cafe,"Coffee Shop: Cafe",1.2.5,1.2.4,https://downloads.wordpress.org/theme/coffee-shop-cafe.1.2.5.zip,"2024-12-17 17:46:20",https://wordpress.org/themes/coffee-shop-cafe/,5.1,5.6
ecommerce-modern-store,"Ecommerce Modern Store",2.5.6,2.5.5,https://downloads.wordpress.org/theme/ecommerce-modern-store.2.5.6.zip,"2024-12-17 17:45:16",https://wordpress.org/themes/ecommerce-modern-store/,5.1,5.6
electrostore,ElectroStore,1.1.5,1.1.4,https://downloads.wordpress.org/theme/electrostore.1.1.5.zip,"2024-12-17 17:46:50",https://wordpress.org/themes/electrostore/,5.1,5.6
jewstore,JewStore,1.2.1,1.2.0,https://downloads.wordpress.org/theme/jewstore.1.2.1.zip,"2024-12-17 17:48:01",https://wordpress.org/themes/jewstore/,5.1,5.6
tistore,TiStore,1.0.3,1.0.2,https://downloads.wordpress.org/theme/tistore.1.0.3.zip,"2024-12-17 17:48:40",https://wordpress.org/themes/tistore/,5.1,5.6
kadence,Kadence,1.2.14,1.2.13,https://downloads.wordpress.org/theme/kadence.1.2.14.zip,"2024-12-17 23:30:31",https://wordpress.org/themes/kadence/,6.3,7.4
news-press-release,"News Press Release",2.7,2.8,https://downloads.wordpress.org/theme/news-press-release.2.7.zip,"2024-12-18 00:22:40",https://wordpress.org/themes/news-press-release/,,5.6
liquid,LIQUID,1.2.5,1.2.4,https://downloads.wordpress.org/theme/liquid.1.2.5.zip,"2024-12-18 03:09:41",https://wordpress.org/themes/liquid/,4.7,5.3
sugartaste,SugarTaste,1.0.0,,https://downloads.wordpress.org/theme/sugartaste.1.0.0.zip,"2024-12-18 03:26:43",https://wordpress.org/themes/sugartaste/,6.7,5.7
news-press-release,"News Press Release",2.9,2.7,https://downloads.wordpress.org/theme/news-press-release.2.9.zip,"2024-12-18 04:26:45",https://wordpress.org/themes/news-press-release/,,5.6
blogarc,BlogArc,1.0.0,,https://downloads.wordpress.org/theme/blogarc.1.0.0.zip,"2024-12-18 03:41:43",https://wordpress.org/themes/blogarc/,5.9,5.6
d5-colorful,"D5 COLORFUL",3.1,2.9,https://downloads.wordpress.org/theme/d5-colorful.3.1.zip,"2024-12-18 04:58:15",https://wordpress.org/themes/d5-colorful/,5.0,5.6
furniture-interior,"Furniture Interior",3.3.8,3.3.7,https://downloads.wordpress.org/theme/furniture-interior.3.3.8.zip,"2024-12-18 05:27:37",https://wordpress.org/themes/furniture-interior/,5.0,7.2
green-eye,"GREEN EYE",2.5,2.3,https://downloads.wordpress.org/theme/green-eye.2.5.zip,"2024-12-18 04:57:45",https://wordpress.org/themes/green-eye/,5.0,5.6
interior-designs,"Interior Designs",1.5.6,1.5.5,https://downloads.wordpress.org/theme/interior-designs.1.5.6.zip,"2024-12-18 05:28:07",https://wordpress.org/themes/interior-designs/,,7.2
medical-supplements-store,"Medical Supplements Store",1.2.6,1.2.5,https://downloads.wordpress.org/theme/medical-supplements-store.1.2.6.zip,"2024-12-18 05:29:44",https://wordpress.org/themes/medical-supplements-store/,5.0,7.2
pet-animal-store,"Pet Animal Store",1.2.6,1.2.5,https://downloads.wordpress.org/theme/pet-animal-store.1.2.6.zip,"2024-12-18 05:30:14",https://wordpress.org/themes/pet-animal-store/,5.0,7.2
snowfall,SnowFall,2.3,2.1,https://downloads.wordpress.org/theme/snowfall.2.3.zip,"2024-12-18 04:58:43",https://wordpress.org/themes/snowfall/,5.0,5.6
travel-booking-agency,"Travel Booking Agency",0.5,0.4.9,https://downloads.wordpress.org/theme/travel-booking-agency.0.5.zip,"2024-12-18 05:28:50",https://wordpress.org/themes/travel-booking-agency/,5.0,7.2
videography-filmmaker,"Videography Filmmaker",0.5,0.4.9,https://downloads.wordpress.org/theme/videography-filmmaker.0.5.zip,"2024-12-18 05:27:00",https://wordpress.org/themes/videography-filmmaker/,5.0,7.2
movaone,Movaone,1.1.2,,https://downloads.wordpress.org/theme/movaone.1.1.2.zip,"2024-12-18 05:11:50",https://wordpress.org/themes/movaone/,6.4,8.1
openmind,openmind,1.5,,https://downloads.wordpress.org/theme/openmind.1.5.zip,"2024-12-18 04:41:49",https://wordpress.org/themes/openmind/,6.6,5.7
titan-business-agency,"Titan Business Agency",1.0,,https://downloads.wordpress.org/theme/titan-business-agency.1.0.zip,"2024-12-18 04:41:55",https://wordpress.org/themes/titan-business-agency/,6.1,7.2
designer-artist,"Designer Artist",0.5.2,0.5.1,https://downloads.wordpress.org/theme/designer-artist.0.5.2.zip,"2024-12-18 05:41:45",https://wordpress.org/themes/designer-artist/,5.0,7.2
florist-flower-shop,"Florist Flower Shop",0.8.9,0.8.8,https://downloads.wordpress.org/theme/florist-flower-shop.0.8.9.zip,"2024-12-18 05:42:28",https://wordpress.org/themes/florist-flower-shop/,5.0,7.2
food-grocery-store,"Food Grocery Store",1.0.9,1.0.8,https://downloads.wordpress.org/theme/food-grocery-store.1.0.9.zip,"2024-12-18 05:45:29",https://wordpress.org/themes/food-grocery-store/,5.0,7.2
knowledge-base-lite,"Knowledge Base Lite",0.6.9,0.6.8,https://downloads.wordpress.org/theme/knowledge-base-lite.0.6.9.zip,"2024-12-18 05:46:03",https://wordpress.org/themes/knowledge-base-lite/,5.0,7.2
online-grocery-mart,"Online Grocery Mart",2.7.9,2.7.8,https://downloads.wordpress.org/theme/online-grocery-mart.2.7.9.zip,"2024-12-18 05:46:38",https://wordpress.org/themes/online-grocery-mart/,5.0,7.2
sauna-lite,"Sauna Lite",2.2.4,2.2.3,https://downloads.wordpress.org/theme/sauna-lite.2.2.4.zip,"2024-12-18 05:35:17",https://wordpress.org/themes/sauna-lite/,5.0,7.2
software-agency,"Software Agency",0.8.6,0.8.5,https://downloads.wordpress.org/theme/software-agency.0.8.6.zip,"2024-12-18 05:40:29",https://wordpress.org/themes/software-agency/,5.0,7.2
tc-e-commerce-shop,"TC E-Commerce Shop",1.3.2,1.3.1,https://downloads.wordpress.org/theme/tc-e-commerce-shop.1.3.2.zip,"2024-12-18 05:35:47",https://wordpress.org/themes/tc-e-commerce-shop/,5.0,7.2
township-lite,"Township Lite",1.8.4,1.8.3,https://downloads.wordpress.org/theme/township-lite.1.8.4.zip,"2024-12-18 05:37:23",https://wordpress.org/themes/township-lite/,5.0,7.2
developry-lite,"Developry Lite",1.1.4,1.1.3,https://downloads.wordpress.org/theme/developry-lite.1.1.4.zip,"2024-12-18 07:23:35",https://wordpress.org/themes/developry-lite/,5.9,7.4
acronix,Acronix,1.3.8,1.3.7,https://downloads.wordpress.org/theme/acronix.1.3.8.zip,"2024-12-18 07:59:20",https://wordpress.org/themes/acronix/,,5.6
aera,Aera,11.4,11.3,https://downloads.wordpress.org/theme/aera.11.4.zip,"2024-12-18 07:57:49",https://wordpress.org/themes/aera/,4.7,5.6
ameya,Ameya,11.3,11.2,https://downloads.wordpress.org/theme/ameya.11.3.zip,"2024-12-18 07:57:30",https://wordpress.org/themes/ameya/,4.7,5.6
arbuda,Arbuda,11.2,11.1,https://downloads.wordpress.org/theme/arbuda.11.2.zip,"2024-12-18 07:58:32",https://wordpress.org/themes/arbuda/,4.7,5.6
belltech,Belltech,11.2,11.1,https://downloads.wordpress.org/theme/belltech.11.2.zip,"2024-12-18 07:57:00",https://wordpress.org/themes/belltech/,4.7,5.6
builderse,Builderse,9.6,9.4,https://downloads.wordpress.org/theme/builderse.9.6.zip,"2024-12-18 08:00:29",https://wordpress.org/themes/builderse/,4.7,5.6
education-reform,"Education Reform",1.2.1,1.2.0,https://downloads.wordpress.org/theme/education-reform.1.2.1.zip,"2024-12-18 08:01:28",https://wordpress.org/themes/education-reform/,5.3,7.2
eractor,Eractor,9.2,9.0,https://downloads.wordpress.org/theme/eractor.9.2.zip,"2024-12-18 08:00:05",https://wordpress.org/themes/eractor/,4.7,5.6
fiona-food,"Fiona Food",11.4,11.3,https://downloads.wordpress.org/theme/fiona-food.11.4.zip,"2024-12-18 07:59:42",https://wordpress.org/themes/fiona-food/,4.7,5.6
medical-care-unit,"Medical Care Unit",1.2.2,1.2.1,https://downloads.wordpress.org/theme/medical-care-unit.1.2.2.zip,"2024-12-18 08:02:22",https://wordpress.org/themes/medical-care-unit/,5.3,7.2
oceanwp,OceanWP,4.0.4,4.0.3,https://downloads.wordpress.org/theme/oceanwp.4.0.4.zip,"2024-12-18 07:52:45",https://wordpress.org/themes/oceanwp/,5.6,7.4
omega-blogger,"Omega Blogger",1.1.2,1.1.1,https://downloads.wordpress.org/theme/omega-blogger.1.1.2.zip,"2024-12-18 08:03:15",https://wordpress.org/themes/omega-blogger/,5.3,7.2
omega-refrigeration,"Omega Refrigeration",1.0.2,1.0.1,https://downloads.wordpress.org/theme/omega-refrigeration.1.0.2.zip,"2024-12-18 08:03:54",https://wordpress.org/themes/omega-refrigeration/,5.3,7.2
packers-movers-company,"Packers Movers Company",1.2.2,1.2.1,https://downloads.wordpress.org/theme/packers-movers-company.1.2.2.zip,"2024-12-18 08:04:35",https://wordpress.org/themes/packers-movers-company/,5.3,7.2
solace,Solace,2.1.5,2.1.4,https://downloads.wordpress.org/theme/solace.2.1.5.zip,"2024-12-18 08:04:08",https://wordpress.org/themes/solace/,,7.0
solar-energy-engine,"Solar Energy Engine",1.2.0,1.1.9,https://downloads.wordpress.org/theme/solar-energy-engine.1.2.0.zip,"2024-12-18 08:05:43",https://wordpress.org/themes/solar-energy-engine/,5.4,7.2
startbiz,StartBiz,12.2,12.1,https://downloads.wordpress.org/theme/startbiz.12.2.zip,"2024-12-18 07:56:18",https://wordpress.org/themes/startbiz/,4.7,5.6
storefront-eshop,"Storefront Eshop",1.2.0,1.1.9,https://downloads.wordpress.org/theme/storefront-eshop.1.2.0.zip,"2024-12-18 08:06:27",https://wordpress.org/themes/storefront-eshop/,5.3,5.6
trucking-company,"Trucking Company",1.1.4,1.1.3,https://downloads.wordpress.org/theme/trucking-company.1.1.4.zip,"2024-12-18 08:07:20",https://wordpress.org/themes/trucking-company/,5.3,5.6
varuda,Varuda,11.3,11.2,https://downloads.wordpress.org/theme/varuda.11.3.zip,"2024-12-18 07:55:45",https://wordpress.org/themes/varuda/,4.7,5.6
bondspace,BondSpace,1.1.1,1.1.0,https://downloads.wordpress.org/theme/bondspace.1.1.1.zip,"2024-12-18 08:47:19",https://wordpress.org/themes/bondspace/,6.6,7.4
simplecharm,SimpleCharm,1.4.4,1.4.3,https://downloads.wordpress.org/theme/simplecharm.1.4.4.zip,"2024-12-18 08:44:21",https://wordpress.org/themes/simplecharm/,5.5,7.4
barbecue-cafeteria,"Barbecue Cafeteria",0.3.5,0.3.4,https://downloads.wordpress.org/theme/barbecue-cafeteria.0.3.5.zip,"2024-12-18 09:49:38",https://wordpress.org/themes/barbecue-cafeteria/,5.0,7.2
coaching-classes,"Coaching Classes",0.3.4,0.3.3,https://downloads.wordpress.org/theme/coaching-classes.0.3.4.zip,"2024-12-18 09:50:46",https://wordpress.org/themes/coaching-classes/,,7.2
nonprofit-foundation,"Nonprofit Foundation",0.3.9,0.3.8,https://downloads.wordpress.org/theme/nonprofit-foundation.0.3.9.zip,"2024-12-18 09:51:22",https://wordpress.org/themes/nonprofit-foundation/,,7.2
product-affiliate,"Product Affiliate",0.3.7,0.3.6,https://downloads.wordpress.org/theme/product-affiliate.0.3.7.zip,"2024-12-18 09:50:16",https://wordpress.org/themes/product-affiliate/,5.0,7.2
restaurant-zone,"Restaurant Zone",0.6,0.5.9,https://downloads.wordpress.org/theme/restaurant-zone.0.6.zip,"2024-12-18 09:49:12",https://wordpress.org/themes/restaurant-zone/,5.0,7.2
blockskit-construction,"Blockskit Construction",1.0.0,,https://downloads.wordpress.org/theme/blockskit-construction.1.0.0.zip,"2024-12-18 09:43:24",https://wordpress.org/themes/blockskit-construction/,6.0,5.6
blog-articles,"Blog Articles",1.1.0,,https://downloads.wordpress.org/theme/blog-articles.1.1.0.zip,"2024-12-18 09:43:18",https://wordpress.org/themes/blog-articles/,5.0,7.4
bosa-logistics,"Bosa Logistics",1.0.0,,https://downloads.wordpress.org/theme/bosa-logistics.1.0.0.zip,"2024-12-18 09:42:20",https://wordpress.org/themes/bosa-logistics/,,5.6
cinema-house,"Cinema House",1.0,,https://downloads.wordpress.org/theme/cinema-house.1.0.zip,"2024-12-18 09:43:12",https://wordpress.org/themes/cinema-house/,6.1,5.6
creationwp,CreationWP,1.0,,https://downloads.wordpress.org/theme/creationwp.1.0.zip,"2024-12-18 09:42:26",https://wordpress.org/themes/creationwp/,,5.6
cruiser,Cruiser,1.0,,https://downloads.wordpress.org/theme/cruiser.1.0.zip,"2024-12-18 09:42:53",https://wordpress.org/themes/cruiser/,6.1,7.0
don-quijote,"Don Quijote",1.0.2,,https://downloads.wordpress.org/theme/don-quijote.1.0.2.zip,"2024-12-18 09:42:47",https://wordpress.org/themes/don-quijote/,6.7,5.7
electronics-retailer,"Electronics Retailer",0.1,,https://downloads.wordpress.org/theme/electronics-retailer.0.1.zip,"2024-12-18 09:43:43",https://wordpress.org/themes/electronics-retailer/,5.0,7.2
fondasi,Fondasi,1.0,,https://downloads.wordpress.org/theme/fondasi.1.0.zip,"2024-12-18 09:42:43",https://wordpress.org/themes/fondasi/,6.6,8.1
lawfiz-one,"Lawfiz One",1.0,,https://downloads.wordpress.org/theme/lawfiz-one.1.0.zip,"2024-12-18 09:42:13",https://wordpress.org/themes/lawfiz-one/,4.7,5.6
legal-justice,"Legal Justice",1.0.5,,https://downloads.wordpress.org/theme/legal-justice.1.0.5.zip,"2024-12-18 10:11:49",https://wordpress.org/themes/legal-justice/,,7.0
megavolt-electrician,"MegaVolt Electrician",0.1,,https://downloads.wordpress.org/theme/megavolt-electrician.0.1.zip,"2024-12-18 09:43:30",https://wordpress.org/themes/megavolt-electrician/,5.0,7.2
nexo,nexo,1.0.5,,https://downloads.wordpress.org/theme/nexo.1.0.5.zip,"2024-12-18 09:42:01",https://wordpress.org/themes/nexo/,5.9,7.4
opensky,Opensky,1.0.8,,https://downloads.wordpress.org/theme/opensky.1.0.8.zip,"2024-12-18 10:26:48",https://wordpress.org/themes/opensky/,5.8,7.1
pixel-transport,"Pixel Transport",1.0.2,,https://downloads.wordpress.org/theme/pixel-transport.1.0.2.zip,"2024-12-18 09:41:49",https://wordpress.org/themes/pixel-transport/,,5.6
real-estate-manager,"Real Estate Manager",1.0,,https://downloads.wordpress.org/theme/real-estate-manager.1.0.zip,"2024-12-18 09:43:37",https://wordpress.org/themes/real-estate-manager/,5.0,5.6
resume-kit-dark,"Resume Kit Dark",1.0.1,,https://downloads.wordpress.org/theme/resume-kit-dark.1.0.1.zip,"2024-12-18 09:42:38",https://wordpress.org/themes/resume-kit-dark/,,5.6
skt-lights,"SKT Lights",1.0,,https://downloads.wordpress.org/theme/skt-lights.1.0.zip,"2024-12-18 09:42:59",https://wordpress.org/themes/skt-lights/,,7.4
spexo,Spexo,1.0.1,,https://downloads.wordpress.org/theme/spexo.1.0.1.zip,"2024-12-18 09:42:07",https://wordpress.org/themes/spexo/,4.7,7.4
travel-compass,"Travel Compass",1.0.0,,https://downloads.wordpress.org/theme/travel-compass.1.0.0.zip,"2024-12-18 09:42:32",https://wordpress.org/themes/travel-compass/,,7.4
writely-blog,"Writely Blog",1.0.1,,https://downloads.wordpress.org/theme/writely-blog.1.0.1.zip,"2024-12-18 09:43:06",https://wordpress.org/themes/writely-blog/,,5.6
altra,Altra,1.0.84,1.0.83,https://downloads.wordpress.org/theme/altra.1.0.84.zip,"2024-12-18 10:58:16",https://wordpress.org/themes/altra/,4.7,5.6
atrux,Atrux,1.0.67,1.0.66,https://downloads.wordpress.org/theme/atrux.1.0.67.zip,"2024-12-18 11:01:21",https://wordpress.org/themes/atrux/,4.7,5.6
atua,Atua,1.0.98,1.0.97,https://downloads.wordpress.org/theme/atua.1.0.98.zip,"2024-12-18 10:57:48",https://wordpress.org/themes/atua/,4.7,5.6
atus,Atus,1.0.79,1.0.78,https://downloads.wordpress.org/theme/atus.1.0.79.zip,"2024-12-18 10:59:35",https://wordpress.org/themes/atus/,4.7,5.6
atuvi,Atuvi,1.0.29,1.0.28,https://downloads.wordpress.org/theme/atuvi.1.0.29.zip,"2024-12-18 11:02:50",https://wordpress.org/themes/atuvi/,4.7,5.6
atuxa,Atuxa,1.0.34,1.0.33,https://downloads.wordpress.org/theme/atuxa.1.0.34.zip,"2024-12-18 11:02:17",https://wordpress.org/themes/atuxa/,4.7,5.6
avvy,Avvy,1.0.81,1.0.80,https://downloads.wordpress.org/theme/avvy.1.0.81.zip,"2024-12-18 10:59:09",https://wordpress.org/themes/avvy/,4.7,5.6
corpiva,Corpiva,1.0.35,1.0.34,https://downloads.wordpress.org/theme/corpiva.1.0.35.zip,"2024-12-18 11:04:34",https://wordpress.org/themes/corpiva/,4.7,5.6
flexea,Flexea,1.0.69,1.0.68,https://downloads.wordpress.org/theme/flexea.1.0.69.zip,"2024-12-18 11:00:52",https://wordpress.org/themes/flexea/,4.7,5.6
flexeo,Flexeo,1.0.88,1.0.87,https://downloads.wordpress.org/theme/flexeo.1.0.88.zip,"2024-12-18 10:58:44",https://wordpress.org/themes/flexeo/,4.7,5.6
flexina,Flexina,1.0.23,1.0.22,https://downloads.wordpress.org/theme/flexina.1.0.23.zip,"2024-12-18 11:03:23",https://wordpress.org/themes/flexina/,4.7,5.6
fluxa,Fluxa,1.0.53,1.0.52,https://downloads.wordpress.org/theme/fluxa.1.0.53.zip,"2024-12-18 11:01:50",https://wordpress.org/themes/fluxa/,4.7,5.6
nexcraft,NexCraft,2.1,2.0,https://downloads.wordpress.org/theme/nexcraft.2.1.zip,"2024-12-18 10:59:48",https://wordpress.org/themes/nexcraft/,4.7,5.6
blogger-blocks,"Blogger Blocks",1.1.4,1.1.3,https://downloads.wordpress.org/theme/blogger-blocks.1.1.4.zip,"2024-12-18 11:34:26",https://wordpress.org/themes/blogger-blocks/,6.0,7.2
business-coach-blocks,"Business Coach Blocks",1.7.4,1.7.3,https://downloads.wordpress.org/theme/business-coach-blocks.1.7.4.zip,"2024-12-18 11:39:34",https://wordpress.org/themes/business-coach-blocks/,6.0,7.2
cctv-security-system,"CCTV Security System",1.2.7,1.2.6,https://downloads.wordpress.org/theme/cctv-security-system.1.2.7.zip,"2024-12-18 11:40:27",https://wordpress.org/themes/cctv-security-system/,6.0,7.2
fitness-blocks,"Fitness Blocks",1.2.1,1.2,https://downloads.wordpress.org/theme/fitness-blocks.1.2.1.zip,"2024-12-18 11:41:19",https://wordpress.org/themes/fitness-blocks/,6.0,7.2
landscape-farm,"Landscape Farm",1.2.8,1.2.7,https://downloads.wordpress.org/theme/landscape-farm.1.2.8.zip,"2024-12-18 11:42:08",https://wordpress.org/themes/landscape-farm/,6.0,7.2
lifestyle-blogger,"Lifestyle Blogger",1.2.8,1.2.7,https://downloads.wordpress.org/theme/lifestyle-blogger.1.2.8.zip,"2024-12-18 11:43:11",https://wordpress.org/themes/lifestyle-blogger/,6.0,7.2
skt-lights,"SKT Lights",1.1,1.0,https://downloads.wordpress.org/theme/skt-lights.1.1.zip,"2024-12-18 12:08:02",https://wordpress.org/themes/skt-lights/,,7.4
smart-electrician,"Smart Electrician",0.1.9,0.1.8,https://downloads.wordpress.org/theme/smart-electrician.0.1.9.zip,"2024-12-18 12:21:40",https://wordpress.org/themes/smart-electrician/,,5.6
sydney,Sydney,2.48,2.47,https://downloads.wordpress.org/theme/sydney.2.48.zip,"2024-12-18 11:24:50",https://wordpress.org/themes/sydney/,,5.6
tattoo-artist,"Tattoo Artist",0.2,0.1.9,https://downloads.wordpress.org/theme/tattoo-artist.0.2.zip,"2024-12-18 12:20:47",https://wordpress.org/themes/tattoo-artist/,,5.6
aster-bike-rental,"Aster Bike Rental",1.2,1.1,https://downloads.wordpress.org/theme/aster-bike-rental.1.2.zip,"2024-12-18 13:28:04",https://wordpress.org/themes/aster-bike-rental/,,7.4
aster-dental-clinic,"Aster Dental Clinic",2.0,1.9,https://downloads.wordpress.org/theme/aster-dental-clinic.2.0.zip,"2024-12-18 13:28:51",https://wordpress.org/themes/aster-dental-clinic/,,7.4
aster-gym-trainer,"Aster Gym Trainer",1.2.7,1.2.6,https://downloads.wordpress.org/theme/aster-gym-trainer.1.2.7.zip,"2024-12-18 13:29:25",https://wordpress.org/themes/aster-gym-trainer/,,7.2
aster-photography,"Aster Photography",1.5,1.4,https://downloads.wordpress.org/theme/aster-photography.1.5.zip,"2024-12-18 13:30:48",https://wordpress.org/themes/aster-photography/,,7.4
dark-fitness,"Dark Fitness",1.2.9,1.2.8,https://downloads.wordpress.org/theme/dark-fitness.1.2.9.zip,"2024-12-18 13:29:49",https://wordpress.org/themes/dark-fitness/,,7.2
wedding-ceremony,"Wedding Ceremony",1.0.4,1.0.3,https://downloads.wordpress.org/theme/wedding-ceremony.1.0.4.zip,"2024-12-18 13:32:51",https://wordpress.org/themes/wedding-ceremony/,,7.2
wedding-event-management,"Wedding Event Management",1.7,1.6,https://downloads.wordpress.org/theme/wedding-event-management.1.7.zip,"2024-12-18 13:32:16",https://wordpress.org/themes/wedding-event-management/,,7.4
business-consulting-agency,"Business Consulting Agency",1.0.0,,https://downloads.wordpress.org/theme/business-consulting-agency.1.0.0.zip,"2024-12-18 14:26:47",https://wordpress.org/themes/business-consulting-agency/,5.9,5.6
baskerville,Baskerville,2.3.1,2.3,https://downloads.wordpress.org/theme/baskerville.2.3.1.zip,"2024-12-18 15:56:40",https://wordpress.org/themes/baskerville/,,5.4
car-service,"Car Service",6.2.7,6.2.6,https://downloads.wordpress.org/theme/car-service.6.2.7.zip,"2024-12-18 16:03:59",https://wordpress.org/themes/car-service/,5.0,5.6
car-services-center,"Car Services Center",2.2.5,2.2.4,https://downloads.wordpress.org/theme/car-services-center.2.2.5.zip,"2024-12-18 16:04:29",https://wordpress.org/themes/car-services-center/,5.0,5.6
christmas-event,"Christmas Event",0.1.3,0.1.2,https://downloads.wordpress.org/theme/christmas-event.0.1.3.zip,"2024-12-18 16:05:07",https://wordpress.org/themes/christmas-event/,5.0,5.6
classic-bakery,"Classic Bakery",1.3,1.2.9,https://downloads.wordpress.org/theme/classic-bakery.1.3.zip,"2024-12-18 16:05:44",https://wordpress.org/themes/classic-bakery/,5.0,5.6
classic-events,"Classic Events",0.6.1,0.6,https://downloads.wordpress.org/theme/classic-events.0.6.1.zip,"2024-12-18 16:06:35",https://wordpress.org/themes/classic-events/,5.0,5.6
classic-kids-store,"Classic Kids Store",2.7.8,2.7.7,https://downloads.wordpress.org/theme/classic-kids-store.2.7.8.zip,"2024-12-18 16:07:04",https://wordpress.org/themes/classic-kids-store/,5.0,5.6
classic-kindergarten,"Classic Kindergarten",2.2.5,2.2.4,https://downloads.wordpress.org/theme/classic-kindergarten.2.2.5.zip,"2024-12-18 16:07:34",https://wordpress.org/themes/classic-kindergarten/,5.0,5.6
ebooks-collection,"Ebooks Collection",0.9.9,0.9.8,https://downloads.wordpress.org/theme/ebooks-collection.0.9.9.zip,"2024-12-18 16:08:09",https://wordpress.org/themes/ebooks-collection/,5.0,5.6
juice-center,"Juice Center",1.3.8,1.3.7,https://downloads.wordpress.org/theme/juice-center.1.3.8.zip,"2024-12-18 16:08:30",https://wordpress.org/themes/juice-center/,5.0,5.6
kindergarten-school,"Kindergarten School",5.2.7,5.2.6,https://downloads.wordpress.org/theme/kindergarten-school.5.2.7.zip,"2024-12-18 16:09:09",https://wordpress.org/themes/kindergarten-school/,5.0,5.6
plover,Plover,1.2.5,1.2.4,https://downloads.wordpress.org/theme/plover.1.2.5.zip,"2024-12-18 15:58:56",https://wordpress.org/themes/plover/,6.4,7.4
ascend,Ascend,1.4.16,1.4.15,https://downloads.wordpress.org/theme/ascend.1.4.16.zip,"2024-12-18 16:51:01",https://wordpress.org/themes/ascend/,,5.6
pinnacle,Pinnacle,1.8.7,1.8.6,https://downloads.wordpress.org/theme/pinnacle.1.8.7.zip,"2024-12-18 16:56:13",https://wordpress.org/themes/pinnacle/,,5.6
virtue,Virtue,3.4.11,3.4.10,https://downloads.wordpress.org/theme/virtue.3.4.11.zip,"2024-12-18 16:57:57",https://wordpress.org/themes/virtue/,,5.6
alexia,Alexia,1.0.56,1.0.55,https://downloads.wordpress.org/theme/alexia.1.0.56.zip,"2024-12-18 18:04:51",https://wordpress.org/themes/alexia/,,5.4
alvert,Alvert,1.0.18,1.0.17,https://downloads.wordpress.org/theme/alvert.1.0.18.zip,"2024-12-18 18:20:36",https://wordpress.org/themes/alvert/,,5.4
arvila,Arvila,1.0.51,1.0.50,https://downloads.wordpress.org/theme/arvila.1.0.51.zip,"2024-12-18 18:05:47",https://wordpress.org/themes/arvila/,,5.4
avine,Avine,1.0.45,1.0.44,https://downloads.wordpress.org/theme/avine.1.0.45.zip,"2024-12-18 18:12:18",https://wordpress.org/themes/avine/,,5.4
avinza,Avinza,1.0.7,1.0.6,https://downloads.wordpress.org/theme/avinza.1.0.7.zip,"2024-12-18 18:22:06",https://wordpress.org/themes/avinza/,,5.4
avire,Avire,1.0.35,1.0.34,https://downloads.wordpress.org/theme/avire.1.0.35.zip,"2024-12-18 18:15:46",https://wordpress.org/themes/avire/,,5.4
enovia,Enovia,1.0.43,1.0.42,https://downloads.wordpress.org/theme/enovia.1.0.43.zip,"2024-12-18 18:14:23",https://wordpress.org/themes/enovia/,,5.4
flecto,Flecto,1.0.30,1.0.29,https://downloads.wordpress.org/theme/flecto.1.0.30.zip,"2024-12-18 18:18:42",https://wordpress.org/themes/flecto/,,5.4
flixicart,FlixiCart,1.0.63,1.0.62,https://downloads.wordpress.org/theme/flixicart.1.0.63.zip,"2024-12-18 18:03:37",https://wordpress.org/themes/flixicart/,,5.4
flixify,Flixify,1.0.33,1.0.32,https://downloads.wordpress.org/theme/flixify.1.0.33.zip,"2024-12-18 18:17:57",https://wordpress.org/themes/flixify/,,5.4
flixita,Flixita,1.0.86,1.0.85,https://downloads.wordpress.org/theme/flixita.1.0.86.zip,"2024-12-18 18:01:28",https://wordpress.org/themes/flixita/,,5.4
gridmax,GridMax,1.0.3,1.0.2,https://downloads.wordpress.org/theme/gridmax.1.0.3.zip,"2024-12-18 17:54:39",https://wordpress.org/themes/gridmax/,4.7,7.2
multibiz,MultiBiz,1.0.48,1.0.47,https://downloads.wordpress.org/theme/multibiz.1.0.48.zip,"2024-12-18 18:10:42",https://wordpress.org/themes/multibiz/,,5.4
quickbiz,QuickBiz,1.0.25,1.0.24,https://downloads.wordpress.org/theme/quickbiz.1.0.25.zip,"2024-12-18 18:19:30",https://wordpress.org/themes/quickbiz/,,5.4
quickify,Quickify,1.0.13,1.0.12,https://downloads.wordpress.org/theme/quickify.1.0.13.zip,"2024-12-18 18:21:21",https://wordpress.org/themes/quickify/,,5.4
nexo,nexo,1.1.0,1.0.5,https://downloads.wordpress.org/theme/nexo.1.1.0.zip,"2024-12-18 21:43:55",https://wordpress.org/themes/nexo/,5.9,7.4
openmind,openmind,1.6,1.5,https://downloads.wordpress.org/theme/openmind.1.6.zip,"2024-12-19 00:51:20",https://wordpress.org/themes/openmind/,6.6,5.7
it-real-estate,"IT Real Estate",1.0.3,1.0.2,https://downloads.wordpress.org/theme/it-real-estate.1.0.3.zip,"2024-12-19 02:52:16",https://wordpress.org/themes/it-real-estate/,6.2,5.6
colormag,ColorMag,4.0.8,4.0.7,https://downloads.wordpress.org/theme/colormag.4.0.8.zip,"2024-12-19 03:15:28",https://wordpress.org/themes/colormag/,,7.4
boutique-shop,"Boutique Shop",1.7,1.6,https://downloads.wordpress.org/theme/boutique-shop.1.7.zip,"2024-12-19 04:32:34",https://wordpress.org/themes/boutique-shop/,5.1,7.2
charity-funds,"Charity Funds",2.7,2.6,https://downloads.wordpress.org/theme/charity-funds.2.7.zip,"2024-12-19 04:32:57",https://wordpress.org/themes/charity-funds/,,7.4
prime-beauty-salon,"Prime Beauty Salon",1.7,1.6,https://downloads.wordpress.org/theme/prime-beauty-salon.1.7.zip,"2024-12-19 04:33:45",https://wordpress.org/themes/prime-beauty-salon/,5.1,7.2
prime-charity-trust,"Prime Charity Trust",2.8,2.7,https://downloads.wordpress.org/theme/prime-charity-trust.2.8.zip,"2024-12-19 04:34:16",https://wordpress.org/themes/prime-charity-trust/,5.1,7.2
prime-fundraiser,"Prime Fundraiser",3.2,3.1,https://downloads.wordpress.org/theme/prime-fundraiser.3.2.zip,"2024-12-19 04:34:33",https://wordpress.org/themes/prime-fundraiser/,,7.4
prime-interior-designer,"Prime Interior Designer",2.4,2.3,https://downloads.wordpress.org/theme/prime-interior-designer.2.4.zip,"2024-12-19 04:35:12",https://wordpress.org/themes/prime-interior-designer/,5.1,7.2
prime-spa-center,"Prime Spa Center",2.3,2.2,https://downloads.wordpress.org/theme/prime-spa-center.2.3.zip,"2024-12-19 04:35:43",https://wordpress.org/themes/prime-spa-center/,5.1,7.2
anexa,Anexa,1.1.10,1.1.9,https://downloads.wordpress.org/theme/anexa.1.1.10.zip,"2024-12-19 06:33:43",https://wordpress.org/themes/anexa/,,5.6
appetizer,Appetizer,1.1.11,1.1.10,https://downloads.wordpress.org/theme/appetizer.1.1.11.zip,"2024-12-19 06:36:38",https://wordpress.org/themes/appetizer/,,5.6
author-writer,"Author Writer",2.8,2.7,https://downloads.wordpress.org/theme/author-writer.2.8.zip,"2024-12-19 06:20:23",https://wordpress.org/themes/author-writer/,5.0,5.6
babysitter-childcare,"Babysitter Childcare",1.4,1.3,https://downloads.wordpress.org/theme/babysitter-childcare.1.4.zip,"2024-12-19 06:19:52",https://wordpress.org/themes/babysitter-childcare/,5.0,5.6
bookstore-library,"Bookstore Library",0.9.8,0.9.7,https://downloads.wordpress.org/theme/bookstore-library.0.9.8.zip,"2024-12-19 06:19:12",https://wordpress.org/themes/bookstore-library/,5.0,5.6
coming-soon-lite,"Coming Soon Lite",0.4.9,0.4.8,https://downloads.wordpress.org/theme/coming-soon-lite.0.4.9.zip,"2024-12-19 06:07:58",https://wordpress.org/themes/coming-soon-lite/,,7.2
ecommerce-bookshop,"Ecommerce Bookshop",3.5,3.4,https://downloads.wordpress.org/theme/ecommerce-bookshop.3.5.zip,"2024-12-19 06:18:11",https://wordpress.org/themes/ecommerce-bookshop/,5.0,5.6
expert-carpenter,"Expert Carpenter",0.6.1,0.6.0,https://downloads.wordpress.org/theme/expert-carpenter.0.6.1.zip,"2024-12-19 06:08:32",https://wordpress.org/themes/expert-carpenter/,,7.2
freshaura,freshaura,1.0.2,1.0.1,https://downloads.wordpress.org/theme/freshaura.1.0.2.zip,"2024-12-19 05:39:32",https://wordpress.org/themes/freshaura/,,5.6
lz-cleaning-services,"LZ Cleaning Services",0.6.1,0.6.0,https://downloads.wordpress.org/theme/lz-cleaning-services.0.6.1.zip,"2024-12-19 06:07:31",https://wordpress.org/themes/lz-cleaning-services/,,7.2
lz-real-blog,"LZ Real Blog",0.5.8,0.5.7,https://downloads.wordpress.org/theme/lz-real-blog.0.5.8.zip,"2024-12-19 06:09:36",https://wordpress.org/themes/lz-real-blog/,,7.2
multipurpose-corporate,"Multipurpose Corporate",0.7.7,0.7.6,https://downloads.wordpress.org/theme/multipurpose-corporate.0.7.7.zip,"2024-12-19 06:10:53",https://wordpress.org/themes/multipurpose-corporate/,,7.2
play-school-kindergarten,"Play School Kindergarten",0.6.1,0.6.0,https://downloads.wordpress.org/theme/play-school-kindergarten.0.6.1.zip,"2024-12-19 06:09:10",https://wordpress.org/themes/play-school-kindergarten/,,7.2
saaslauncher,SaasLauncher,1.0.15,1.0.14,https://downloads.wordpress.org/theme/saaslauncher.1.0.15.zip,"2024-12-19 05:54:28",https://wordpress.org/themes/saaslauncher/,5.9,7.0
stationary-bookstore,"Stationary Bookstore",3.6,3.5,https://downloads.wordpress.org/theme/stationary-bookstore.3.6.zip,"2024-12-19 06:18:45",https://wordpress.org/themes/stationary-bookstore/,5.0,5.6
advance-it-company,"Advance IT Company",1.2,1.1.9,https://downloads.wordpress.org/theme/advance-it-company.1.2.zip,"2024-12-19 07:02:09",https://wordpress.org/themes/advance-it-company/,5.0,7.2
advance-training-academy,"Advance Training Academy",0.6.2,0.6.1,https://downloads.wordpress.org/theme/advance-training-academy.0.6.2.zip,"2024-12-19 07:02:39",https://wordpress.org/themes/advance-training-academy/,,7.2
adventure-trails,"Adventure Trails",1.5.2,1.5.1,https://downloads.wordpress.org/theme/adventure-trails.1.5.2.zip,"2024-12-19 07:16:18",https://wordpress.org/themes/adventure-trails/,,7.0
agriculture-farm,"Agriculture Farm",0.7.2,0.7.1,https://downloads.wordpress.org/theme/agriculture-farm.0.7.2.zip,"2024-12-19 07:03:11",https://wordpress.org/themes/agriculture-farm/,5.0,7.2
anime-verse,"Anime Verse",1.0.8,1.0.7,https://downloads.wordpress.org/theme/anime-verse.1.0.8.zip,"2024-12-19 07:18:02",https://wordpress.org/themes/anime-verse/,,7.0
artist-portfolio,"Artist Portfolio",0.6.3,0.6.2,https://downloads.wordpress.org/theme/artist-portfolio.0.6.3.zip,"2024-12-19 07:06:18",https://wordpress.org/themes/artist-portfolio/,5.0,7.2
astrocare,Astrocare,1.0.2,1.0.1,https://downloads.wordpress.org/theme/astrocare.1.0.2.zip,"2024-12-19 06:39:58",https://wordpress.org/themes/astrocare/,,5.6
birthday-blast,"Birthday Blast",1.2.1,1.2.0,https://downloads.wordpress.org/theme/birthday-blast.1.2.1.zip,"2024-12-19 07:21:12",https://wordpress.org/themes/birthday-blast/,,7.0
burgertech,Burgertech,1.14,1.13,https://downloads.wordpress.org/theme/burgertech.1.14.zip,"2024-12-19 06:43:44",https://wordpress.org/themes/burgertech/,,5.6
ca-beauty-ecommerce,"CA Beauty Ecommerce",1.3.6,1.3.5,https://downloads.wordpress.org/theme/ca-beauty-ecommerce.1.3.6.zip,"2024-12-19 07:23:20",https://wordpress.org/themes/ca-beauty-ecommerce/,,7.0
ca-biz-startup,"CA Biz Startup",1.5.3,1.5.2,https://downloads.wordpress.org/theme/ca-biz-startup.1.5.3.zip,"2024-12-19 07:25:09",https://wordpress.org/themes/ca-biz-startup/,,7.0
ca-charity-hope,"CA Charity Hope",1.5.6,1.5.5,https://downloads.wordpress.org/theme/ca-charity-hope.1.5.6.zip,"2024-12-19 07:26:27",https://wordpress.org/themes/ca-charity-hope/,,7.0
cafe-coffee-shop,"Cafe Coffee Shop",2.1.2,2.1.1,https://downloads.wordpress.org/theme/cafe-coffee-shop.2.1.2.zip,"2024-12-19 06:57:11",https://wordpress.org/themes/cafe-coffee-shop/,5.0,7.2
christmas-bell,"Christmas Bell",2.2.4,2.2.3,https://downloads.wordpress.org/theme/christmas-bell.2.2.4.zip,"2024-12-19 06:39:27",https://wordpress.org/themes/christmas-bell/,5.6,5.6
cozibee,CoziBee,1.0.16,1.0.15,https://downloads.wordpress.org/theme/cozibee.1.0.16.zip,"2024-12-19 06:46:43",https://wordpress.org/themes/cozibee/,,5.6
cozigo,Cozigo,1.0.8,1.0.7,https://downloads.wordpress.org/theme/cozigo.1.0.8.zip,"2024-12-19 06:50:33",https://wordpress.org/themes/cozigo/,,5.6
coziplus,CoziPlus,1.0.19,1.0.18,https://downloads.wordpress.org/theme/coziplus.1.0.19.zip,"2024-12-19 06:54:11",https://wordpress.org/themes/coziplus/,,5.6
cozipress,CoziPress,1.0.32,1.0.31,https://downloads.wordpress.org/theme/cozipress.1.0.32.zip,"2024-12-19 07:14:18",https://wordpress.org/themes/cozipress/,,5.6
coziweb,CoziWeb,1.0.19,1.0.18,https://downloads.wordpress.org/theme/coziweb.1.0.19.zip,"2024-12-19 07:20:55",https://wordpress.org/themes/coziweb/,,5.6
creative-one-page,"Creative One Page",0.7.3,0.7.2,https://downloads.wordpress.org/theme/creative-one-page.0.7.3.zip,"2024-12-19 07:03:46",https://wordpress.org/themes/creative-one-page/,5.0,7.2
dropshipping-store,"Dropshipping Store",0.8,0.7.9,https://downloads.wordpress.org/theme/dropshipping-store.0.8.zip,"2024-12-19 07:06:49",https://wordpress.org/themes/dropshipping-store/,5.0,7.2
fast-food-pizza,"Fast Food Pizza",0.7.6,0.7.5,https://downloads.wordpress.org/theme/fast-food-pizza.0.7.6.zip,"2024-12-19 07:07:27",https://wordpress.org/themes/fast-food-pizza/,5.0,7.2
feminine-shop,"Feminine Shop",0.9.1,0.9,https://downloads.wordpress.org/theme/feminine-shop.0.9.1.zip,"2024-12-19 06:57:45",https://wordpress.org/themes/feminine-shop/,5.0,7.2
freshaura,freshaura,1.0.3,1.0.2,https://downloads.wordpress.org/theme/freshaura.1.0.3.zip,"2024-12-19 07:08:05",https://wordpress.org/themes/freshaura/,,5.6
gutenify-restaurant,"Gutenify Restaurant",1.0.4,1.0.3,https://downloads.wordpress.org/theme/gutenify-restaurant.1.0.4.zip,"2024-12-19 07:11:59",https://wordpress.org/themes/gutenify-restaurant/,5.9,5.6
gym-training-coach,"Gym Training Coach",0.5.5,0.5.4,https://downloads.wordpress.org/theme/gym-training-coach.0.5.5.zip,"2024-12-19 07:07:56",https://wordpress.org/themes/gym-training-coach/,5.0,7.2
herbal-ayurveda,"Herbal Ayurveda",0.6.5,0.6.4,https://downloads.wordpress.org/theme/herbal-ayurveda.0.6.5.zip,"2024-12-19 06:58:24",https://wordpress.org/themes/herbal-ayurveda/,5.0,7.2
pet-rescue-lite,"Pet Rescue Lite",0.8.6,0.8.5,https://downloads.wordpress.org/theme/pet-rescue-lite.0.8.6.zip,"2024-12-19 07:08:26",https://wordpress.org/themes/pet-rescue-lite/,5.0,7.2
saaslauncher,SaasLauncher,1.0.16,1.0.15,https://downloads.wordpress.org/theme/saaslauncher.1.0.16.zip,"2024-12-19 07:04:08",https://wordpress.org/themes/saaslauncher/,5.9,7.0
sports-league,"Sports League",0.5.7,0.5.6,https://downloads.wordpress.org/theme/sports-league.0.5.7.zip,"2024-12-19 07:08:57",https://wordpress.org/themes/sports-league/,5.0,7.2
storefront-ecommerce,"Storefront Ecommerce",0.7.7,0.7.6,https://downloads.wordpress.org/theme/storefront-ecommerce.0.7.7.zip,"2024-12-19 07:09:30",https://wordpress.org/themes/storefront-ecommerce/,5.0,7.2
swimming-pool-cleaning,"Swimming Pool Cleaning",0.5.5,0.5.4,https://downloads.wordpress.org/theme/swimming-pool-cleaning.0.5.5.zip,"2024-12-19 07:10:15",https://wordpress.org/themes/swimming-pool-cleaning/,5.0,7.2
video-streaming,"Video Streaming",0.7.6,0.7.5,https://downloads.wordpress.org/theme/video-streaming.0.7.6.zip,"2024-12-19 07:10:56",https://wordpress.org/themes/video-streaming/,,7.2
vw-bakery,"VW Bakery",1.7.9,1.7.8,https://downloads.wordpress.org/theme/vw-bakery.1.7.9.zip,"2024-12-19 06:56:40",https://wordpress.org/themes/vw-bakery/,5.0,7.2
vw-construction-estate,"VW Construction Estate",1.4.2,1.4.1,https://downloads.wordpress.org/theme/vw-construction-estate.1.4.2.zip,"2024-12-19 06:58:55",https://wordpress.org/themes/vw-construction-estate/,5.0,7.2
vw-life-coach,"VW Life Coach",0.9.9,0.9.8,https://downloads.wordpress.org/theme/vw-life-coach.0.9.9.zip,"2024-12-19 06:59:47",https://wordpress.org/themes/vw-life-coach/,5.0,7.2
vw-real-estate,"VW Real Estate",2.5.6,2.5.5,https://downloads.wordpress.org/theme/vw-real-estate.2.5.6.zip,"2024-12-19 07:01:15",https://wordpress.org/themes/vw-real-estate/,5.0,7.2
palawan,Palawan,1.0.0,,https://downloads.wordpress.org/theme/palawan.1.0.0.zip,"2024-12-19 07:26:48",https://wordpress.org/themes/palawan/,,5.6
ca-simplex-blog,"CA Simplex Blog",2.4.9,2.4.8,https://downloads.wordpress.org/theme/ca-simplex-blog.2.4.9.zip,"2024-12-19 08:00:54",https://wordpress.org/themes/ca-simplex-blog/,,7.0
cat-ecommerce,"Cat Ecommerce",1.2.5,1.2.4,https://downloads.wordpress.org/theme/cat-ecommerce.1.2.5.zip,"2024-12-19 07:29:02",https://wordpress.org/themes/cat-ecommerce/,,7.0
crowl,Crowl,1.0.18,1.0.17,https://downloads.wordpress.org/theme/crowl.1.0.18.zip,"2024-12-19 07:55:52",https://wordpress.org/themes/crowl/,,5.6
darkmusic-blog,"Darkmusic Blog",1.3.0,1.2.9,https://downloads.wordpress.org/theme/darkmusic-blog.1.3.0.zip,"2024-12-19 07:57:54",https://wordpress.org/themes/darkmusic-blog/,,7.0
decorme,DecorMe,1.0.20,1.0.19,https://downloads.wordpress.org/theme/decorme.1.0.20.zip,"2024-12-19 07:58:15",https://wordpress.org/themes/decorme/,,5.6
delight-bakery,"Delight Bakery",1.1.4,1.1.3,https://downloads.wordpress.org/theme/delight-bakery.1.1.4.zip,"2024-12-19 07:30:52",https://wordpress.org/themes/delight-bakery/,,7.0
digipress,DigiPress,1.0.16,1.0.15,https://downloads.wordpress.org/theme/digipress.1.0.16.zip,"2024-12-19 08:00:30",https://wordpress.org/themes/digipress/,,5.6
docupress,DocuPress,1.3.8,1.3.7,https://downloads.wordpress.org/theme/docupress.1.3.8.zip,"2024-12-19 07:32:15",https://wordpress.org/themes/docupress/,,7.2
dog-house,"Dog House",1.4.2,1.4.1,https://downloads.wordpress.org/theme/dog-house.1.4.2.zip,"2024-12-19 07:35:20",https://wordpress.org/themes/dog-house/,,7.0
eco-solar,"Eco Solar",1.3.0,1.2.9,https://downloads.wordpress.org/theme/eco-solar.1.3.0.zip,"2024-12-19 07:38:22",https://wordpress.org/themes/eco-solar/,,7.0
estate-vista,"Estate Vista",1.3.5,1.3.4,https://downloads.wordpress.org/theme/estate-vista.1.3.5.zip,"2024-12-19 07:40:34",https://wordpress.org/themes/estate-vista/,,7.0
everafter-wedding,"Everafter Wedding",1.2.7,1.2.6,https://downloads.wordpress.org/theme/everafter-wedding.1.2.7.zip,"2024-12-19 07:42:15",https://wordpress.org/themes/everafter-wedding/,,7.0
flora-flowershop,"Flora Flowershop",1.2.2,1.2.1,https://downloads.wordpress.org/theme/flora-flowershop.1.2.2.zip,"2024-12-19 07:43:42",https://wordpress.org/themes/flora-flowershop/,,7.0
gardening-landscape-aura,"Gardening Landscape Aura",1.3.4,1.3.3,https://downloads.wordpress.org/theme/gardening-landscape-aura.1.3.4.zip,"2024-12-19 07:45:29",https://wordpress.org/themes/gardening-landscape-aura/,,7.0
glam-hair-salon,"Glam Hair Salon",1.1.1,1.1.0,https://downloads.wordpress.org/theme/glam-hair-salon.1.1.1.zip,"2024-12-19 07:47:14",https://wordpress.org/themes/glam-hair-salon/,,7.0
glimpse-blog,"Glimpse Blog",1.0.6,1.0.5,https://downloads.wordpress.org/theme/glimpse-blog.1.0.6.zip,"2024-12-19 07:48:56",https://wordpress.org/themes/glimpse-blog/,,7.0
home-decor-blog,"Home Decor Blog",1.3.0,1.2.9,https://downloads.wordpress.org/theme/home-decor-blog.1.3.0.zip,"2024-12-19 07:50:38",https://wordpress.org/themes/home-decor-blog/,,7.0
interio,Interio,1.2,1.1,https://downloads.wordpress.org/theme/interio.1.2.zip,"2024-12-19 08:02:46",https://wordpress.org/themes/interio/,,5.6
itpress,ITpress,1.0.34,1.0.33,https://downloads.wordpress.org/theme/itpress.1.0.34.zip,"2024-12-19 08:05:02",https://wordpress.org/themes/itpress/,,5.6
kitepress,KitePress,1.1.11,1.1.10,https://downloads.wordpress.org/theme/kitepress.1.1.11.zip,"2024-12-19 08:07:19",https://wordpress.org/themes/kitepress/,,5.6
kundoo,Kundoo,1.4,1.3,https://downloads.wordpress.org/theme/kundoo.1.4.zip,"2024-12-19 08:09:50",https://wordpress.org/themes/kundoo/,,5.6
luxestay-hotel,"Luxestay Hotel",1.2.2,1.2.1,https://downloads.wordpress.org/theme/luxestay-hotel.1.2.2.zip,"2024-12-19 07:52:20",https://wordpress.org/themes/luxestay-hotel/,,7.0
matina-blog,"Matina Blog",1.0.6,1.0.5,https://downloads.wordpress.org/theme/matina-blog.1.0.6.zip,"2024-12-19 07:37:36",https://wordpress.org/themes/matina-blog/,5.8,7.4
maxtech,Maxtech,1.4,1.3,https://downloads.wordpress.org/theme/maxtech.1.4.zip,"2024-12-19 08:16:42",https://wordpress.org/themes/maxtech/,,5.6
minimal-muse,"Minimal Muse",1.5.3,1.5.2,https://downloads.wordpress.org/theme/minimal-muse.1.5.3.zip,"2024-12-19 07:54:06",https://wordpress.org/themes/minimal-muse/,,7.0
moonlit-dark,"Moonlit Dark",1.5.0,1.4.9,https://downloads.wordpress.org/theme/moonlit-dark.1.5.0.zip,"2024-12-19 07:59:18",https://wordpress.org/themes/moonlit-dark/,,7.0
pawprints-blog,"Pawprints Blog",1.3.6,1.3.5,https://downloads.wordpress.org/theme/pawprints-blog.1.3.6.zip,"2024-12-19 08:03:29",https://wordpress.org/themes/pawprints-blog/,,7.0
quest-blog,"Quest Blog",1.0.9,1.0.8,https://downloads.wordpress.org/theme/quest-blog.1.0.9.zip,"2024-12-19 08:04:48",https://wordpress.org/themes/quest-blog/,,7.0
rasam,Rasam,1.0.18,1.0.17,https://downloads.wordpress.org/theme/rasam.1.0.18.zip,"2024-12-19 08:19:22",https://wordpress.org/themes/rasam/,,5.6
recipe-realm-blog,"Recipe Realm Blog",1.4.1,1.4.0,https://downloads.wordpress.org/theme/recipe-realm-blog.1.4.1.zip,"2024-12-19 08:07:18",https://wordpress.org/themes/recipe-realm-blog/,,7.0
setto-lifestyle,"Setto Lifestyle",1.0.16,1.0.15,https://downloads.wordpress.org/theme/setto-lifestyle.1.0.16.zip,"2024-12-19 08:22:07",https://wordpress.org/themes/setto-lifestyle/,,5.6
shopmax,ShopMax,1.1.11,1.1.10,https://downloads.wordpress.org/theme/shopmax.1.1.11.zip,"2024-12-19 08:24:25",https://wordpress.org/themes/shopmax/,,5.6
sipri,Sipri,1.0.25,1.0.24,https://downloads.wordpress.org/theme/sipri.1.0.25.zip,"2024-12-19 08:26:39",https://wordpress.org/themes/sipri/,,5.6
spa-serenity,"Spa Serenity",1.3.0,1.2.9,https://downloads.wordpress.org/theme/spa-serenity.1.3.0.zip,"2024-12-19 08:08:55",https://wordpress.org/themes/spa-serenity/,,7.0
spabiz,SpaBiz,1.0.17,1.0.16,https://downloads.wordpress.org/theme/spabiz.1.0.17.zip,"2024-12-19 08:29:38",https://wordpress.org/themes/spabiz/,,5.6
spacare,SpaCare,1.16,1.15,https://downloads.wordpress.org/theme/spacare.1.16.zip,"2024-12-19 08:32:28",https://wordpress.org/themes/spacare/,,5.6
spinsoft,SpinSoft,1.0.16,1.0.15,https://downloads.wordpress.org/theme/spinsoft.1.0.16.zip,"2024-12-19 08:34:42",https://wordpress.org/themes/spinsoft/,,5.6
spotless-cleaning,"Spotless Cleaning",1.2.1,1.2.0,https://downloads.wordpress.org/theme/spotless-cleaning.1.2.1.zip,"2024-12-19 08:10:41",https://wordpress.org/themes/spotless-cleaning/,,7.2
urban-restaurant,"Urban Restaurant",1.0.8,1.0.7,https://downloads.wordpress.org/theme/urban-restaurant.1.0.8.zip,"2024-12-19 08:13:46",https://wordpress.org/themes/urban-restaurant/,,7.0
vitality-blog,"Vitality Blog",1.3.6,1.3.5,https://downloads.wordpress.org/theme/vitality-blog.1.3.6.zip,"2024-12-19 08:15:11",https://wordpress.org/themes/vitality-blog/,,7.0
vogue-blog,"Vogue Blog",1.3.2,1.3.1,https://downloads.wordpress.org/theme/vogue-blog.1.3.2.zip,"2024-12-19 08:16:46",https://wordpress.org/themes/vogue-blog/,,7.0
vortexnews,VortexNews,2.3.2,2.3.1,https://downloads.wordpress.org/theme/vortexnews.2.3.2.zip,"2024-12-19 07:55:42",https://wordpress.org/themes/vortexnews/,,7.0
zenflow-yoga,"Zenflow Yoga",1.1.4,1.1.3,https://downloads.wordpress.org/theme/zenflow-yoga.1.1.4.zip,"2024-12-19 08:18:46",https://wordpress.org/themes/zenflow-yoga/,,7.0
luxury-watches,"Luxury Watches",1.2.8,1.2.7,https://downloads.wordpress.org/theme/luxury-watches.1.2.8.zip,"2024-12-19 08:43:21",https://wordpress.org/themes/luxury-watches/,6.0,7.2
plumber-works,"Plumber Works",1.2.8,1.2.7,https://downloads.wordpress.org/theme/plumber-works.1.2.8.zip,"2024-12-19 08:44:05",https://wordpress.org/themes/plumber-works/,6.0,7.2
radiant-mega-shop,"Radiant Mega Shop",1.2.3,1.2.2,https://downloads.wordpress.org/theme/radiant-mega-shop.1.2.3.zip,"2024-12-19 08:44:48",https://wordpress.org/themes/radiant-mega-shop/,6.0,7.2
soccer-club,"Soccer Club",1.2.1,1.2,https://downloads.wordpress.org/theme/soccer-club.1.2.1.zip,"2024-12-19 08:48:00",https://wordpress.org/themes/soccer-club/,6.0,7.2
storebiz,StoreBiz,1.0.31,1.0.30,https://downloads.wordpress.org/theme/storebiz.1.0.31.zip,"2024-12-19 08:37:56",https://wordpress.org/themes/storebiz/,,5.6
storewise,StoreWise,1.0.19,1.0.18,https://downloads.wordpress.org/theme/storewise.1.0.19.zip,"2024-12-19 08:41:00",https://wordpress.org/themes/storewise/,,5.6
wardrobe-fashion-stylist,"Wardrobe Fashion Stylist",1.2.5,1.2.4,https://downloads.wordpress.org/theme/wardrobe-fashion-stylist.1.2.5.zip,"2024-12-19 08:49:13",https://wordpress.org/themes/wardrobe-fashion-stylist/,6.0,7.2
aahana,Aahana,1.0.43,1.0.42,https://downloads.wordpress.org/theme/aahana.1.0.43.zip,"2024-12-19 09:37:34",https://wordpress.org/themes/aahana/,4.7,5.6
arvana,Arvana,1.0.66,1.0.65,https://downloads.wordpress.org/theme/arvana.1.0.66.zip,"2024-12-19 09:36:37",https://wordpress.org/themes/arvana/,4.7,5.6
auru,Auru,1.0.63,1.0.62,https://downloads.wordpress.org/theme/auru.1.0.63.zip,"2024-12-19 09:37:02",https://wordpress.org/themes/auru/,4.7,5.6
bookseller-publication,"Bookseller Publication",0.3.7,0.3.6,https://downloads.wordpress.org/theme/bookseller-publication.0.3.7.zip,"2024-12-19 09:39:08",https://wordpress.org/themes/bookseller-publication/,,7.2
celexo,Celexo,1.1.9,1.1.8,https://downloads.wordpress.org/theme/celexo.1.1.9.zip,"2024-12-19 09:33:42",https://wordpress.org/themes/celexo/,4.7,5.6
chitvi,Chitvi,1.1.7,1.1.6,https://downloads.wordpress.org/theme/chitvi.1.1.7.zip,"2024-12-19 09:34:06",https://wordpress.org/themes/chitvi/,4.7,5.6
cosmobit,Cosmobit,2.0.20,2.0.19,https://downloads.wordpress.org/theme/cosmobit.2.0.20.zip,"2024-12-19 09:33:18",https://wordpress.org/themes/cosmobit/,4.7,5.6
crombit,Crombit,1.0.15,1.0.14,https://downloads.wordpress.org/theme/crombit.1.0.15.zip,"2024-12-19 09:38:16",https://wordpress.org/themes/crombit/,4.7,5.6
digital-books,"Digital Books",0.6.2,0.6.1,https://downloads.wordpress.org/theme/digital-books.0.6.2.zip,"2024-12-19 09:39:59",https://wordpress.org/themes/digital-books/,5.0,7.2
easywiz,EasyWiz,1.0.96,1.0.95,https://downloads.wordpress.org/theme/easywiz.1.0.96.zip,"2024-12-19 09:35:27",https://wordpress.org/themes/easywiz/,4.7,5.6
estore-woocommerce,"Estore Woocommerce",1.4.1,1.4,https://downloads.wordpress.org/theme/estore-woocommerce.1.4.1.zip,"2024-12-19 09:38:28",https://wordpress.org/themes/estore-woocommerce/,5.0,7.2
evion,Evion,1.5,1.4,https://downloads.wordpress.org/theme/evion.1.5.zip,"2024-12-19 10:32:17",https://wordpress.org/themes/evion/,4.7,5.6
fastica,Fastica,1.1.1,1.1,https://downloads.wordpress.org/theme/fastica.1.1.1.zip,"2024-12-19 09:36:13",https://wordpress.org/themes/fastica/,4.7,5.6
flexora,Flexora,1.1.2,1.1.1,https://downloads.wordpress.org/theme/flexora.1.1.2.zip,"2024-12-19 09:34:29",https://wordpress.org/themes/flexora/,4.7,5.6
grocery-supermarket,"Grocery Supermarket",1.4,1.3.9,https://downloads.wordpress.org/theme/grocery-supermarket.1.4.zip,"2024-12-19 09:37:11",https://wordpress.org/themes/grocery-supermarket/,5.0,7.2
lazypress,LazyPress,1.0.95,1.0.94,https://downloads.wordpress.org/theme/lazypress.1.0.95.zip,"2024-12-19 09:35:50",https://wordpress.org/themes/lazypress/,4.7,5.6
prespa,Prespa,1.4.6,1.4.5,https://downloads.wordpress.org/theme/prespa.1.4.6.zip,"2024-12-19 09:48:25",https://wordpress.org/themes/prespa/,6.1,5.6
royal-jewellery,"Royal Jewellery",0.3.7,0.3.6,https://downloads.wordpress.org/theme/royal-jewellery.0.3.7.zip,"2024-12-19 09:36:35",https://wordpress.org/themes/royal-jewellery/,5.0,7.2
st-dentcare,"ST Dentcare",2.1,2.0,https://downloads.wordpress.org/theme/st-dentcare.2.1.zip,"2024-12-19 09:31:34",https://wordpress.org/themes/st-dentcare/,4.7,5.2
st-educare,"ST Educare",1.9,1.8,https://downloads.wordpress.org/theme/st-educare.1.9.zip,"2024-12-19 09:32:14",https://wordpress.org/themes/st-educare/,4.7,5.2
st-nxtgen,"ST Nxtgen",1.8,1.7,https://downloads.wordpress.org/theme/st-nxtgen.1.8.zip,"2024-12-19 09:33:45",https://wordpress.org/themes/st-nxtgen/,4.7,5.2
st-resume,"ST Resume",1.4,1.3,https://downloads.wordpress.org/theme/st-resume.1.4.zip,"2024-12-19 09:34:08",https://wordpress.org/themes/st-resume/,4.7,5.2
st-seo-agency,"ST Seo Agency",1.9,1.8,https://downloads.wordpress.org/theme/st-seo-agency.1.9.zip,"2024-12-19 09:34:33",https://wordpress.org/themes/st-seo-agency/,4.7,5.2
st-spa,"ST Spa",1.3,1.2,https://downloads.wordpress.org/theme/st-spa.1.3.zip,"2024-12-19 09:35:03",https://wordpress.org/themes/st-spa/,4.7,5.2
thinity,Thinity,1.1.1,1.1,https://downloads.wordpress.org/theme/thinity.1.1.1.zip,"2024-12-19 09:35:03",https://wordpress.org/themes/thinity/,4.7,5.6
avenza,Avenza,1.4.1,1.4.0,https://downloads.wordpress.org/theme/avenza.1.4.1.zip,"2024-12-19 10:58:50",https://wordpress.org/themes/avenza/,,5.6
avitech,Avitech,11.2,11.1,https://downloads.wordpress.org/theme/avitech.11.2.zip,"2024-12-19 10:41:37",https://wordpress.org/themes/avitech/,4.7,5.6
avtari,Avtari,11.2,11.1,https://downloads.wordpress.org/theme/avtari.11.2.zip,"2024-12-19 10:59:37",https://wordpress.org/themes/avtari/,4.7,5.6
azwa,Azwa,11.3,11.2,https://downloads.wordpress.org/theme/azwa.11.3.zip,"2024-12-19 10:40:46",https://wordpress.org/themes/azwa/,4.7,5.6
bike-rental-services,"Bike Rental Services",1.1.0,1.0.9,https://downloads.wordpress.org/theme/bike-rental-services.1.1.0.zip,"2024-12-19 10:54:30",https://wordpress.org/themes/bike-rental-services/,6.0,7.2
business-development-coaching,"Business Development Coaching",1.0.6,1.0.5,https://downloads.wordpress.org/theme/business-development-coaching.1.0.6.zip,"2024-12-19 10:55:44",https://wordpress.org/themes/business-development-coaching/,6.0,7.2
business-revolution,"Business Revolution",1.1.1,1.1.0,https://downloads.wordpress.org/theme/business-revolution.1.1.1.zip,"2024-12-19 10:56:10",https://wordpress.org/themes/business-revolution/,6.0,7.2
cormex,Cormex,3.7,3.6,https://downloads.wordpress.org/theme/cormex.3.7.zip,"2024-12-19 11:15:13",https://wordpress.org/themes/cormex/,,5.6
envira,Envira,11.2,11.1,https://downloads.wordpress.org/theme/envira.11.2.zip,"2024-12-19 10:39:19",https://wordpress.org/themes/envira/,4.7,5.6
estate-rental-listings,"Estate Rental Listings",1.5,1.4,https://downloads.wordpress.org/theme/estate-rental-listings.1.5.zip,"2024-12-19 10:56:37",https://wordpress.org/themes/estate-rental-listings/,5.5,7.2
fashion-outfit,"Fashion Outfit",1.5,1.4,https://downloads.wordpress.org/theme/fashion-outfit.1.5.zip,"2024-12-19 10:57:15",https://wordpress.org/themes/fashion-outfit/,5.5,7.2
fiona-news,"Fiona News",11.4,11.3,https://downloads.wordpress.org/theme/fiona-news.11.4.zip,"2024-12-19 11:14:44",https://wordpress.org/themes/fiona-news/,4.7,5.6
interior-designer-studio,"Interior Designer Studio",1.0.7,1.0.6,https://downloads.wordpress.org/theme/interior-designer-studio.1.0.7.zip,"2024-12-19 10:57:49",https://wordpress.org/themes/interior-designer-studio/,6.0,7.2
nexcraft,NexCraft,2.2,2.1,https://downloads.wordpress.org/theme/nexcraft.2.2.zip,"2024-12-19 11:22:25",https://wordpress.org/themes/nexcraft/,4.7,5.6
pizza-parlor,"Pizza Parlor",1.0.6,1.0.5,https://downloads.wordpress.org/theme/pizza-parlor.1.0.6.zip,"2024-12-19 10:58:18",https://wordpress.org/themes/pizza-parlor/,6.0,7.2
plumbing-services,"Plumbing Services",1.1.0,1.0.9,https://downloads.wordpress.org/theme/plumbing-services.1.1.0.zip,"2024-12-19 10:58:44",https://wordpress.org/themes/plumbing-services/,6.0,7.2
profolio,Profolio,3.3,3.1,https://downloads.wordpress.org/theme/profolio.3.3.zip,"2024-12-19 10:38:07",https://wordpress.org/themes/profolio/,,5.6
raw-industry,"Raw Industry",0.2,0.1.9,https://downloads.wordpress.org/theme/raw-industry.0.2.zip,"2024-12-19 11:03:31",https://wordpress.org/themes/raw-industry/,,5.6
responsive,Responsive,6.0.3,6.0.2,https://downloads.wordpress.org/theme/responsive.6.0.3.zip,"2024-12-19 10:43:45",https://wordpress.org/themes/responsive/,,5.6
royal-photography,"Royal Photography",0.1.9,0.1.8,https://downloads.wordpress.org/theme/royal-photography.0.1.9.zip,"2024-12-19 11:04:14",https://wordpress.org/themes/royal-photography/,,5.6
techine,Techine,11.2,11.1,https://downloads.wordpress.org/theme/techine.11.2.zip,"2024-12-19 10:37:38",https://wordpress.org/themes/techine/,4.7,5.6
thai-spa,"Thai Spa",11.4,11.3,https://downloads.wordpress.org/theme/thai-spa.11.4.zip,"2024-12-19 11:12:04",https://wordpress.org/themes/thai-spa/,4.7,5.6
timeblog,TimeBlog,7.4,7.3,https://downloads.wordpress.org/theme/timeblog.7.4.zip,"2024-12-19 11:11:39",https://wordpress.org/themes/timeblog/,4.7,5.6
agriculture-farming,"Agriculture Farming",4.2,4.1,https://downloads.wordpress.org/theme/agriculture-farming.4.2.zip,"2024-12-19 11:43:19",https://wordpress.org/themes/agriculture-farming/,5.0,5.6
cartable,Cartable,10.9,10.8,https://downloads.wordpress.org/theme/cartable.10.9.zip,"2024-12-19 12:51:07",https://wordpress.org/themes/cartable/,4.7,5.6
cinema-house,"Cinema House",1.1,1.0,https://downloads.wordpress.org/theme/cinema-house.1.1.zip,"2024-12-19 11:44:34",https://wordpress.org/themes/cinema-house/,6.1,5.6
fitness-lite,"Fitness Lite",1.12,1.11,https://downloads.wordpress.org/theme/fitness-lite.1.12.zip,"2024-12-19 12:15:33",https://wordpress.org/themes/fitness-lite/,,7.4
gravida,Gravida,1.11,1.10,https://downloads.wordpress.org/theme/gravida.1.11.zip,"2024-12-19 12:07:16",https://wordpress.org/themes/gravida/,,5.6
green-farm,"Green Farm",5.4,5.3,https://downloads.wordpress.org/theme/green-farm.5.4.zip,"2024-12-19 11:42:44",https://wordpress.org/themes/green-farm/,5.0,5.6
healing-touch,"Healing Touch",1.11,1.10,https://downloads.wordpress.org/theme/healing-touch.1.11.zip,"2024-12-19 12:38:03",https://wordpress.org/themes/healing-touch/,,7.4
heropress,HeroPress,12.9,12.8,https://downloads.wordpress.org/theme/heropress.12.9.zip,"2024-12-19 12:52:41",https://wordpress.org/themes/heropress/,4.7,5.6
hstore,hstore,10.9,10.8,https://downloads.wordpress.org/theme/hstore.10.9.zip,"2024-12-19 12:52:13",https://wordpress.org/themes/hstore/,4.7,5.6
i-am-one,"I Am One",1.5.5,1.5.4,https://downloads.wordpress.org/theme/i-am-one.1.5.5.zip,"2024-12-19 12:13:45",https://wordpress.org/themes/i-am-one/,,7.4
ideate,Ideate,10.9,10.8,https://downloads.wordpress.org/theme/ideate.10.9.zip,"2024-12-19 12:50:33",https://wordpress.org/themes/ideate/,4.7,5.6
kraft-lite,"Kraft Lite",1.7,1.6,https://downloads.wordpress.org/theme/kraft-lite.1.7.zip,"2024-12-19 12:04:25",https://wordpress.org/themes/kraft-lite/,,7.4
laxity,Laxity,10.9,10.8,https://downloads.wordpress.org/theme/laxity.10.9.zip,"2024-12-19 12:50:08",https://wordpress.org/themes/laxity/,4.7,5.6
magzee,MagZee,12.9,12.8,https://downloads.wordpress.org/theme/magzee.12.9.zip,"2024-12-19 12:49:43",https://wordpress.org/themes/magzee/,4.7,5.6
nature-one,"Nature One",1.7,1.6,https://downloads.wordpress.org/theme/nature-one.1.7.zip,"2024-12-19 12:12:37",https://wordpress.org/themes/nature-one/,,7.4
naturo-lite,"Naturo Lite",2.6,2.5,https://downloads.wordpress.org/theme/naturo-lite.2.6.zip,"2024-12-19 12:37:40",https://wordpress.org/themes/naturo-lite/,,5.6
neek,Neek,10.9,10.8,https://downloads.wordpress.org/theme/neek.10.9.zip,"2024-12-19 12:51:28",https://wordpress.org/themes/neek/,4.7,5.6
organic-farm,"Organic Farm",2.3,2.2,https://downloads.wordpress.org/theme/organic-farm.2.3.zip,"2024-12-19 11:38:29",https://wordpress.org/themes/organic-farm/,5.0,5.6
organic-grocery,"Organic Grocery",4.8,4.7,https://downloads.wordpress.org/theme/organic-grocery.4.8.zip,"2024-12-19 11:39:30",https://wordpress.org/themes/organic-grocery/,5.0,5.6
panaroma,Panaroma,1.8,1.7,https://downloads.wordpress.org/theme/panaroma.1.8.zip,"2024-12-19 12:16:16",https://wordpress.org/themes/panaroma/,,7.4
restaurant-lite,"Restaurant Lite",1.8,1.7,https://downloads.wordpress.org/theme/restaurant-lite.1.8.zip,"2024-12-19 12:37:14",https://wordpress.org/themes/restaurant-lite/,,7.4
skt-bakery,"SKT Bakery",1.9,1.8,https://downloads.wordpress.org/theme/skt-bakery.1.9.zip,"2024-12-19 12:05:30",https://wordpress.org/themes/skt-bakery/,,7.4
skt-biz,"SKT Biz",1.3.8,1.3.7,https://downloads.wordpress.org/theme/skt-biz.1.3.8.zip,"2024-12-19 12:10:23",https://wordpress.org/themes/skt-biz/,,7.4
skt-bizness,"SKT Bizness",1.8,1.7,https://downloads.wordpress.org/theme/skt-bizness.1.8.zip,"2024-12-19 12:06:51",https://wordpress.org/themes/skt-bizness/,,7.4
skt-black,"SKT Black",1.4.5,1.4.4,https://downloads.wordpress.org/theme/skt-black.1.4.5.zip,"2024-12-19 12:11:16",https://wordpress.org/themes/skt-black/,,7.4
skt-corp,"SKT Corp",1.10,1.9,https://downloads.wordpress.org/theme/skt-corp.1.10.zip,"2024-12-19 12:08:19",https://wordpress.org/themes/skt-corp/,,7.4
skt-full-width,"SKT Full Width",1.9,1.8,https://downloads.wordpress.org/theme/skt-full-width.1.9.zip,"2024-12-19 12:14:48",https://wordpress.org/themes/skt-full-width/,,7.4
skt-girlie-lite,"SKT Girlie Lite",2.4,2.3,https://downloads.wordpress.org/theme/skt-girlie-lite.2.4.zip,"2024-12-19 12:50:23",https://wordpress.org/themes/skt-girlie-lite/,,7.4
skt-hotel-lite,"SKT Hotel Lite",2.7,2.6,https://downloads.wordpress.org/theme/skt-hotel-lite.2.7.zip,"2024-12-19 12:03:50",https://wordpress.org/themes/skt-hotel-lite/,,7.4
skt-it-consultant,"SKT IT Consultant",1.9,1.8,https://downloads.wordpress.org/theme/skt-it-consultant.1.9.zip,"2024-12-19 12:05:51",https://wordpress.org/themes/skt-it-consultant/,,7.4
skt-parallaxme,"SKT Parallaxme",2.1,2.0,https://downloads.wordpress.org/theme/skt-parallaxme.2.1.zip,"2024-12-19 12:14:09",https://wordpress.org/themes/skt-parallaxme/,,7.4
skt-photo-session,"SKT Photo Session",1.7,1.6,https://downloads.wordpress.org/theme/skt-photo-session.1.7.zip,"2024-12-19 12:13:12",https://wordpress.org/themes/skt-photo-session/,,7.4
skt-photo-world,"SKT Photo World",1.4.5,1.4.3,https://downloads.wordpress.org/theme/skt-photo-world.1.4.5.zip,"2024-12-19 12:11:58",https://wordpress.org/themes/skt-photo-world/,,7.4
skt-the-app,"SKT The App",1.7,1.6,https://downloads.wordpress.org/theme/skt-the-app.1.7.zip,"2024-12-19 12:07:41",https://wordpress.org/themes/skt-the-app/,,5.6
skt-wedding-lite,"SKT Wedding Lite",1.9,1.8,https://downloads.wordpress.org/theme/skt-wedding-lite.1.9.zip,"2024-12-19 12:38:31",https://wordpress.org/themes/skt-wedding-lite/,,7.4
skt-white,"SKT White",1.8.4,1.8.3,https://downloads.wordpress.org/theme/skt-white.1.8.4.zip,"2024-12-19 12:09:42",https://wordpress.org/themes/skt-white/,,7.4
solar-renewable-energy,"Solar Renewable Energy",3.9,3.8,https://downloads.wordpress.org/theme/solar-renewable-energy.3.9.zip,"2024-12-19 11:38:53",https://wordpress.org/themes/solar-renewable-energy/,5.0,5.6
appointable,Appointable,10.9,10.8,https://downloads.wordpress.org/theme/appointable.10.9.zip,"2024-12-19 12:55:10",https://wordpress.org/themes/appointable/,4.7,5.6
arkbiz,ArkBiz,10.9,10.8,https://downloads.wordpress.org/theme/arkbiz.10.9.zip,"2024-12-19 12:54:42",https://wordpress.org/themes/arkbiz/,4.7,5.6
fortify,Fortify,2.9,2.8,https://downloads.wordpress.org/theme/fortify.2.9.zip,"2024-12-19 12:54:10",https://wordpress.org/themes/fortify/,4.7,5.6
proficient,Proficient,12.8,12.7,https://downloads.wordpress.org/theme/proficient.12.8.zip,"2024-12-19 12:55:47",https://wordpress.org/themes/proficient/,4.7,5.6
skt-befit,"SKT BeFit",2.8,2.7,https://downloads.wordpress.org/theme/skt-befit.2.8.zip,"2024-12-19 12:55:28",https://wordpress.org/themes/skt-befit/,,5.6
skt-construction-lite,"SKT Construction Lite",1.10,1.9,https://downloads.wordpress.org/theme/skt-construction-lite.1.10.zip,"2024-12-19 13:05:54",https://wordpress.org/themes/skt-construction-lite/,,7.4
skt-cutsnstyle-lite,"SKT Cutsnstyle Lite",2.0,1.11,https://downloads.wordpress.org/theme/skt-cutsnstyle-lite.2.0.zip,"2024-12-19 13:34:55",https://wordpress.org/themes/skt-cutsnstyle-lite/,,7.4
build-lite,"Build Lite",1.11,1.10,https://downloads.wordpress.org/theme/build-lite.1.11.zip,"2024-12-19 13:35:50",https://wordpress.org/themes/build-lite/,,7.4
skt-yogi-lite,"SKT Yogi Lite",2.1,2.0,https://downloads.wordpress.org/theme/skt-yogi-lite.2.1.zip,"2024-12-19 13:36:47",https://wordpress.org/themes/skt-yogi-lite/,,7.4
spexo,Spexo,1.0.2,1.0.1,https://downloads.wordpress.org/theme/spexo.1.0.2.zip,"2024-12-19 14:03:24",https://wordpress.org/themes/spexo/,4.7,7.4
spirited-lite,"Spirited Lite",1.8,1.7,https://downloads.wordpress.org/theme/spirited-lite.1.8.zip,"2024-12-19 13:35:20",https://wordpress.org/themes/spirited-lite/,,7.4
leancv,LeanCV,1.1.3,1.1.1,https://downloads.wordpress.org/theme/leancv.1.1.3.zip,"2024-12-19 15:53:20",https://wordpress.org/themes/leancv/,6.0,7.0
gridflex,GridFlex,1.0.5,1.0.4,https://downloads.wordpress.org/theme/gridflex.1.0.5.zip,"2024-12-19 17:23:08",https://wordpress.org/themes/gridflex/,5.0,7.2
extendable,Extendable,2.0.15,2.0.14,https://downloads.wordpress.org/theme/extendable.2.0.15.zip,"2024-12-19 17:29:53",https://wordpress.org/themes/extendable/,6.3,7.4
clean-commerce,"Clean Commerce",2.0.3,2.0.2,https://downloads.wordpress.org/theme/clean-commerce.2.0.3.zip,"2024-12-19 19:31:26",https://wordpress.org/themes/clean-commerce/,5.6,5.6
crio,Crio,2.22.8,2.22.7,https://downloads.wordpress.org/theme/crio.2.22.8.zip,"2024-12-19 19:37:45",https://wordpress.org/themes/crio/,5.5,5.6
blocksy,Blocksy,2.0.82,2.0.81,https://downloads.wordpress.org/theme/blocksy.2.0.82.zip,"2024-12-19 23:07:38",https://wordpress.org/themes/blocksy/,5.2,7.0
electrician-services,"Electrician Services",4.1,4.0,https://downloads.wordpress.org/theme/electrician-services.4.1.zip,"2024-12-20 04:30:18",https://wordpress.org/themes/electrician-services/,5.0,5.6
fashion-designer-studio,"Fashion Designer Studio",4.4,4.3,https://downloads.wordpress.org/theme/fashion-designer-studio.4.4.zip,"2024-12-20 04:20:47",https://wordpress.org/themes/fashion-designer-studio/,5.0,5.6
fashion-stylist-lite,"Fashion Stylist Lite",3.6,3.5,https://downloads.wordpress.org/theme/fashion-stylist-lite.3.6.zip,"2024-12-20 04:25:04",https://wordpress.org/themes/fashion-stylist-lite/,5.0,5.6
home-maintenance-services,"Home Maintenance Services",3.7,3.6,https://downloads.wordpress.org/theme/home-maintenance-services.3.7.zip,"2024-12-20 04:26:46",https://wordpress.org/themes/home-maintenance-services/,,5.6
yoga-coach,"Yoga Coach",5.7,5.6,https://downloads.wordpress.org/theme/yoga-coach.5.7.zip,"2024-12-20 04:27:10",https://wordpress.org/themes/yoga-coach/,5.0,5.6
yoga-meditation,"Yoga Meditation",4.0,3.9,https://downloads.wordpress.org/theme/yoga-meditation.4.0.zip,"2024-12-20 04:28:01",https://wordpress.org/themes/yoga-meditation/,5.0,5.6
yoga-studio,"Yoga Studio",6.3,6.2,https://downloads.wordpress.org/theme/yoga-studio.6.3.zip,"2024-12-20 04:29:13",https://wordpress.org/themes/yoga-studio/,5.0,5.6
adventure-lite,"Adventure Lite",2.10,2.9,https://downloads.wordpress.org/theme/adventure-lite.2.10.zip,"2024-12-20 06:34:02",https://wordpress.org/themes/adventure-lite/,,7.4
auto-parts-garage,"Auto Parts Garage",0.6.2,0.6.1,https://downloads.wordpress.org/theme/auto-parts-garage.0.6.2.zip,"2024-12-20 06:24:34",https://wordpress.org/themes/auto-parts-garage/,5.0,7.2
blog-card,"Blog Card",0.7,0.6,https://downloads.wordpress.org/theme/blog-card.0.7.zip,"2024-12-20 05:36:42",https://wordpress.org/themes/blog-card/,5.4,7.4
car-washing-center,"Car Washing Center",0.1.1,0.0.9,https://downloads.wordpress.org/theme/car-washing-center.0.1.1.zip,"2024-12-20 06:19:14",https://wordpress.org/themes/car-washing-center/,5.0,5.6
clean-lite,"Clean Lite",1.10,1.9,https://downloads.wordpress.org/theme/clean-lite.1.10.zip,"2024-12-20 06:05:43",https://wordpress.org/themes/clean-lite/,,7.4
complete-lite,"Complete Lite",1.9,1.8,https://downloads.wordpress.org/theme/complete-lite.1.9.zip,"2024-12-20 06:06:45",https://wordpress.org/themes/complete-lite/,,7.4
custom-print-shop,"Custom Print Shop",0.2.6,0.2.5,https://downloads.wordpress.org/theme/custom-print-shop.0.2.6.zip,"2024-12-20 06:34:02",https://wordpress.org/themes/custom-print-shop/,5.0,7.2
d5-socialia,"D5 Socialia",4.1,3.9,https://downloads.wordpress.org/theme/d5-socialia.4.1.zip,"2024-12-20 05:37:54",https://wordpress.org/themes/d5-socialia/,5.0,5.6
designer-boutique-shop,"Designer Boutique Shop",0.0.9,0.0.8,https://downloads.wordpress.org/theme/designer-boutique-shop.0.0.9.zip,"2024-12-20 06:19:46",https://wordpress.org/themes/designer-boutique-shop/,5.0,5.6
digital-advertising,"Digital Advertising",0.5.9,0.5.8,https://downloads.wordpress.org/theme/digital-advertising.0.5.9.zip,"2024-12-20 06:34:29",https://wordpress.org/themes/digital-advertising/,5.0,7.2
ecommerce-watch-store,"Ecommerce Watch Store",0.3.5,0.3.4,https://downloads.wordpress.org/theme/ecommerce-watch-store.0.3.5.zip,"2024-12-20 06:25:00",https://wordpress.org/themes/ecommerce-watch-store/,5.0,7.2
electronics-retailer,"Electronics Retailer",0.2,0.1,https://downloads.wordpress.org/theme/electronics-retailer.0.2.zip,"2024-12-20 06:25:30",https://wordpress.org/themes/electronics-retailer/,5.0,7.2
ethical-hacking,"Ethical Hacking",0.0.2,0.0.1,https://downloads.wordpress.org/theme/ethical-hacking.0.0.2.zip,"2024-12-20 06:20:19",https://wordpress.org/themes/ethical-hacking/,5.0,5.6
feminine-style-lite,"Feminine Style Lite",0.6,0.5.9,https://downloads.wordpress.org/theme/feminine-style-lite.0.6.zip,"2024-12-20 06:34:52",https://wordpress.org/themes/feminine-style-lite/,5.0,7.2
flower-shop-elementor,"Flower Shop Elementor",0.0.7,0.0.6,https://downloads.wordpress.org/theme/flower-shop-elementor.0.0.7.zip,"2024-12-20 06:20:44",https://wordpress.org/themes/flower-shop-elementor/,5.0,5.6
flower-shop-lite,"Flower Shop Lite",1.10,1.9,https://downloads.wordpress.org/theme/flower-shop-lite.1.10.zip,"2024-12-20 06:34:42",https://wordpress.org/themes/flower-shop-lite/,,7.4
food-restaurant-elementor,"Food Restaurant Elementor",0.0.7,0.0.6,https://downloads.wordpress.org/theme/food-restaurant-elementor.0.0.7.zip,"2024-12-20 06:21:46",https://wordpress.org/themes/food-restaurant-elementor/,5.0,5.6
grocery-supermarket-elementor,"Grocery Supermarket Elementor",0.0.8,0.0.7,https://downloads.wordpress.org/theme/grocery-supermarket-elementor.0.0.8.zip,"2024-12-20 06:22:11",https://wordpress.org/themes/grocery-supermarket-elementor/,5.0,5.6
interior-lite,"Interior Lite",3.3,3.2,https://downloads.wordpress.org/theme/interior-lite.3.3.zip,"2024-12-20 06:05:18",https://wordpress.org/themes/interior-lite/,,7.4
islamic-center-mosque,"Islamic Center Mosque",0.6,0.5.9,https://downloads.wordpress.org/theme/islamic-center-mosque.0.6.zip,"2024-12-20 06:26:12",https://wordpress.org/themes/islamic-center-mosque/,5.0,7.2
movers-packers,"Movers Packers",2.8,2.7,https://downloads.wordpress.org/theme/movers-packers.2.8.zip,"2024-12-20 05:57:36",https://wordpress.org/themes/movers-packers/,,7.4
ona,Ona,1.22.10,1.22.9,https://downloads.wordpress.org/theme/ona.1.22.10.zip,"2024-12-20 06:10:02",https://wordpress.org/themes/ona/,5.8,5.6
online-coach,"Online Coach",1.12,1.11,https://downloads.wordpress.org/theme/online-coach.1.12.zip,"2024-12-20 06:15:38",https://wordpress.org/themes/online-coach/,,5.6
online-food-delivery,"Online Food Delivery",0.5.4,0.5.3,https://downloads.wordpress.org/theme/online-food-delivery.0.5.4.zip,"2024-12-20 06:35:22",https://wordpress.org/themes/online-food-delivery/,5.0,7.2
play-school,"Play School",2.6,2.5,https://downloads.wordpress.org/theme/play-school.2.6.zip,"2024-12-20 06:33:25",https://wordpress.org/themes/play-school/,,7.4
saas-software-technology,"SAAS Software Technology",0.6.1,0.6,https://downloads.wordpress.org/theme/saas-software-technology.0.6.1.zip,"2024-12-20 06:35:54",https://wordpress.org/themes/saas-software-technology/,5.0,7.2
skt-charity,"SKT Charity",2.6,2.5,https://downloads.wordpress.org/theme/skt-charity.2.6.zip,"2024-12-20 05:57:08",https://wordpress.org/themes/skt-charity/,,7.4
skt-coffee,"SKT Coffee",2.4,2.3,https://downloads.wordpress.org/theme/skt-coffee.2.4.zip,"2024-12-20 05:58:37",https://wordpress.org/themes/skt-coffee/,,7.4
skt-condimentum,"SKT Condimentum",1.8,1.7,https://downloads.wordpress.org/theme/skt-condimentum.1.8.zip,"2024-12-20 06:07:05",https://wordpress.org/themes/skt-condimentum/,,7.4
skt-design-agency,"SKT Design Agency",1.11,1.10,https://downloads.wordpress.org/theme/skt-design-agency.1.11.zip,"2024-12-20 06:02:14",https://wordpress.org/themes/skt-design-agency/,,7.4
skt-launch,"SKT Launch",1.9,1.8,https://downloads.wordpress.org/theme/skt-launch.1.9.zip,"2024-12-20 05:52:58",https://wordpress.org/themes/skt-launch/,,5.6
skt-magazine,"SKT Magazine",2.3,2.2,https://downloads.wordpress.org/theme/skt-magazine.2.3.zip,"2024-12-20 06:04:47",https://wordpress.org/themes/skt-magazine/,,7.4
skt-strong,"SKT Strong",2.3,2.2,https://downloads.wordpress.org/theme/skt-strong.2.3.zip,"2024-12-20 06:16:02",https://wordpress.org/themes/skt-strong/,,7.4
skt-toothy,"SKT Toothy",1.11,1.10,https://downloads.wordpress.org/theme/skt-toothy.1.11.zip,"2024-12-20 06:20:34",https://wordpress.org/themes/skt-toothy/,,7.4
skt-towing,"SKT Towing",1.11,1.10,https://downloads.wordpress.org/theme/skt-towing.1.11.zip,"2024-12-20 05:55:34",https://wordpress.org/themes/skt-towing/,,7.4
spark,SPARK,2.9,2.7,https://downloads.wordpress.org/theme/spark.2.9.zip,"2024-12-20 05:36:59",https://wordpress.org/themes/spark/,5.0,5.6
vw-business-consulting,"VW Business Consulting",0.2.8,0.2.7,https://downloads.wordpress.org/theme/vw-business-consulting.0.2.8.zip,"2024-12-20 06:26:44",https://wordpress.org/themes/vw-business-consulting/,5.0,7.2
vw-fitness-gym,"VW Fitness Gym",1.2.4,1.2.3,https://downloads.wordpress.org/theme/vw-fitness-gym.1.2.4.zip,"2024-12-20 06:27:07",https://wordpress.org/themes/vw-fitness-gym/,5.0,7.2
vw-home-renovation,"VW Home Renovation",0.4.4,0.4.3,https://downloads.wordpress.org/theme/vw-home-renovation.0.4.4.zip,"2024-12-20 06:27:47",https://wordpress.org/themes/vw-home-renovation/,5.0,7.2
vw-lawyer-attorney,"VW Lawyer Attorney",2.0.7,2.0.6,https://downloads.wordpress.org/theme/vw-lawyer-attorney.2.0.7.zip,"2024-12-20 06:28:12",https://wordpress.org/themes/vw-lawyer-attorney/,5.0,7.2
writing-board,"Writing Board",2.5,2.3,https://downloads.wordpress.org/theme/writing-board.2.5.zip,"2024-12-20 05:37:22",https://wordpress.org/themes/writing-board/,5.0,5.6
fundraiser-lite,"Fundraiser Lite",1.11,1.10,https://downloads.wordpress.org/theme/fundraiser-lite.1.11.zip,"2024-12-20 07:17:26",https://wordpress.org/themes/fundraiser-lite/,,7.4
morenews,MoreNews,3.2.3,3.2.2,https://downloads.wordpress.org/theme/morenews.3.2.3.zip,"2024-12-20 07:14:53",https://wordpress.org/themes/morenews/,4.0,5.3
my-dog-lite,"My Dog Lite",1.8,1.7,https://downloads.wordpress.org/theme/my-dog-lite.1.8.zip,"2024-12-20 07:00:29",https://wordpress.org/themes/my-dog-lite/,,7.4
pizza-lite,"Pizza Lite",1.10,1.9,https://downloads.wordpress.org/theme/pizza-lite.1.10.zip,"2024-12-20 07:05:27",https://wordpress.org/themes/pizza-lite/,,7.4
recipe-lite,"Recipe Lite",1.7,1.6,https://downloads.wordpress.org/theme/recipe-lite.1.7.zip,"2024-12-20 06:59:03",https://wordpress.org/themes/recipe-lite/,,7.4
seo-agency-lite,"SEO Agency Lite",1.4.2,1.4.1,https://downloads.wordpress.org/theme/seo-agency-lite.1.4.2.zip,"2024-12-20 06:36:20",https://wordpress.org/themes/seo-agency-lite/,5.0,5.6
shopstar,Shopstar!,1.1.49,1.1.48,https://downloads.wordpress.org/theme/shopstar.1.1.49.zip,"2024-12-20 07:09:07",https://wordpress.org/themes/shopstar/,4.7,5.3
skt-stone-lite,"SKT Stone Lite",1.8,1.7,https://downloads.wordpress.org/theme/skt-stone-lite.1.8.zip,"2024-12-20 06:59:37",https://wordpress.org/themes/skt-stone-lite/,,7.4
spa-lite,"Spa Lite",1.7,1.6,https://downloads.wordpress.org/theme/spa-lite.1.7.zip,"2024-12-20 07:00:06",https://wordpress.org/themes/spa-lite/,,7.4
app-development-company,"App Development Company",1.1.7,1.1.6,https://downloads.wordpress.org/theme/app-development-company.1.1.7.zip,"2024-12-20 07:55:12",https://wordpress.org/themes/app-development-company/,6.0,7.2
architect-construction,"Architect Construction",1.1.7,1.1.6,https://downloads.wordpress.org/theme/architect-construction.1.1.7.zip,"2024-12-20 07:55:59",https://wordpress.org/themes/architect-construction/,6.0,7.2
basketball-club,"Basketball Club",1.2,1.1.9,https://downloads.wordpress.org/theme/basketball-club.1.2.zip,"2024-12-20 07:56:38",https://wordpress.org/themes/basketball-club/,6.0,7.2
business-lounge,"Business Lounge",1.3,1.2.9,https://downloads.wordpress.org/theme/business-lounge.1.3.zip,"2024-12-20 07:57:22",https://wordpress.org/themes/business-lounge/,6.0,7.2
cleaning-equipment,"Cleaning Equipment",1.1.9,1.1.8,https://downloads.wordpress.org/theme/cleaning-equipment.1.1.9.zip,"2024-12-20 07:58:05",https://wordpress.org/themes/cleaning-equipment/,6.0,7.2
corporate-blocks,"Corporate Blocks",1.3.1,1.3,https://downloads.wordpress.org/theme/corporate-blocks.1.3.1.zip,"2024-12-20 07:58:57",https://wordpress.org/themes/corporate-blocks/,6.0,7.2
spexo,Spexo,1.0.3,1.0.2,https://downloads.wordpress.org/theme/spexo.1.0.3.zip,"2024-12-20 07:41:46",https://wordpress.org/themes/spexo/,4.7,7.4
amela,Amela,1.0.21,1.0.19,https://downloads.wordpress.org/theme/amela.1.0.21.zip,"2024-12-20 09:21:03",https://wordpress.org/themes/amela/,,7.0
automotive-charging-station,"Automotive Charging Station",4.0,3.9,https://downloads.wordpress.org/theme/automotive-charging-station.4.0.zip,"2024-12-20 09:23:16",https://wordpress.org/themes/automotive-charging-station/,,5.6
bakers-lite,"Bakers Lite",1.8,1.7,https://downloads.wordpress.org/theme/bakers-lite.1.8.zip,"2024-12-20 08:57:23",https://wordpress.org/themes/bakers-lite/,,7.4
car-mechanic,"Car Mechanic",4.4,4.3,https://downloads.wordpress.org/theme/car-mechanic.4.4.zip,"2024-12-20 09:22:30",https://wordpress.org/themes/car-mechanic/,5.0,5.6
car-paint-job,"Car Paint Job",1.9,1.8,https://downloads.wordpress.org/theme/car-paint-job.1.9.zip,"2024-12-20 09:22:00",https://wordpress.org/themes/car-paint-job/,5.0,5.6
car-rental-hub,"Car Rental Hub",4.3,4.2,https://downloads.wordpress.org/theme/car-rental-hub.4.3.zip,"2024-12-20 09:21:32",https://wordpress.org/themes/car-rental-hub/,5.0,5.6
car-repair,"Car Repair",6.1,6.0,https://downloads.wordpress.org/theme/car-repair.6.1.zip,"2024-12-20 09:15:53",https://wordpress.org/themes/car-repair/,5.0,5.6
car-wash-services,"Car Wash Services",4.2,4.1,https://downloads.wordpress.org/theme/car-wash-services.4.2.zip,"2024-12-20 09:15:22",https://wordpress.org/themes/car-wash-services/,5.0,5.6
centralnews,CentralNews,2.0.25,2.0.24,https://downloads.wordpress.org/theme/centralnews.2.0.25.zip,"2024-12-20 09:06:51",https://wordpress.org/themes/centralnews/,4.0,5.3
decor-lite,"Decor Lite",1.8,1.7,https://downloads.wordpress.org/theme/decor-lite.1.8.zip,"2024-12-20 08:54:45",https://wordpress.org/themes/decor-lite/,,7.4
event-planners,"Event Planners",1.8,1.7,https://downloads.wordpress.org/theme/event-planners.1.8.zip,"2024-12-20 08:58:47",https://wordpress.org/themes/event-planners/,,7.4
globalnews,GlobalNews,1.0.14,1.0.13,https://downloads.wordpress.org/theme/globalnews.1.0.14.zip,"2024-12-20 09:07:13",https://wordpress.org/themes/globalnews/,4.0,5.3
it-solutions,"IT Solutions",1.9,1.8,https://downloads.wordpress.org/theme/it-solutions.1.9.zip,"2024-12-20 09:05:08",https://wordpress.org/themes/it-solutions/,,7.4
natural-herbs-lite,"Natural Herbs Lite",1.9,1.8,https://downloads.wordpress.org/theme/natural-herbs-lite.1.9.zip,"2024-12-20 08:55:14",https://wordpress.org/themes/natural-herbs-lite/,,7.4
newsical,Newsical,1.0.3,1.0.2,https://downloads.wordpress.org/theme/newsical.1.0.3.zip,"2024-12-20 09:07:35",https://wordpress.org/themes/newsical/,4.0,5.3
newsmore,NewsMore,1.2.20,1.2.19,https://downloads.wordpress.org/theme/newsmore.1.2.20.zip,"2024-12-20 09:07:56",https://wordpress.org/themes/newsmore/,4.0,5.3
real-estate-manager,"Real Estate Manager",1.1,1.0,https://downloads.wordpress.org/theme/real-estate-manager.1.1.zip,"2024-12-20 09:14:37",https://wordpress.org/themes/real-estate-manager/,5.0,5.6
skt-elastic,"SKT Elastic",1.6,1.5,https://downloads.wordpress.org/theme/skt-elastic.1.6.zip,"2024-12-20 09:07:00",https://wordpress.org/themes/skt-elastic/,,7.4
skt-gardening-lite,"SKT Gardening Lite",1.9,1.8,https://downloads.wordpress.org/theme/skt-gardening-lite.1.9.zip,"2024-12-20 08:56:50",https://wordpress.org/themes/skt-gardening-lite/,,7.4
skt-meditation,"SKT Meditation",1.8,1.7,https://downloads.wordpress.org/theme/skt-meditation.1.8.zip,"2024-12-20 08:57:56",https://wordpress.org/themes/skt-meditation/,,7.4
alpha-accounting,"Alpha Accounting",1.2,1.1,https://downloads.wordpress.org/theme/alpha-accounting.1.2.zip,"2024-12-20 10:11:29",https://wordpress.org/themes/alpha-accounting/,5.9,5.6
alpha-blocks,"Alpha Blocks",1.4,1.3,https://downloads.wordpress.org/theme/alpha-blocks.1.4.zip,"2024-12-20 10:12:02",https://wordpress.org/themes/alpha-blocks/,5.9,5.6
alpha-brunch-cafe,"Alpha Brunch Cafe",1.4,1.3,https://downloads.wordpress.org/theme/alpha-brunch-cafe.1.4.zip,"2024-12-20 10:13:14",https://wordpress.org/themes/alpha-brunch-cafe/,5.9,5.6
alpha-business-portfolio,"Alpha Business Portfolio",1.5,1.4,https://downloads.wordpress.org/theme/alpha-business-portfolio.1.5.zip,"2024-12-20 10:13:56",https://wordpress.org/themes/alpha-business-portfolio/,5.9,5.6
alpha-business-startup,"Alpha Business Startup",1.5,1.4,https://downloads.wordpress.org/theme/alpha-business-startup.1.5.zip,"2024-12-20 10:15:03",https://wordpress.org/themes/alpha-business-startup/,5.9,5.6
aromatic,Aromatic,15.7,15.6,https://downloads.wordpress.org/theme/aromatic.15.7.zip,"2024-12-20 09:47:19",https://wordpress.org/themes/aromatic/,4.7,5.6
ayroma,Ayroma,15.2,15.1,https://downloads.wordpress.org/theme/ayroma.15.2.zip,"2024-12-20 09:47:43",https://wordpress.org/themes/ayroma/,4.7,5.6
business-guidance-coach,"Business Guidance Coach",3.0,2.9,https://downloads.wordpress.org/theme/business-guidance-coach.3.0.zip,"2024-12-20 09:46:40",https://wordpress.org/themes/business-guidance-coach/,5.0,7.2
ecommece-marketplace,"Ecommece Marketplace",2.6,2.5,https://downloads.wordpress.org/theme/ecommece-marketplace.2.6.zip,"2024-12-20 09:47:25",https://wordpress.org/themes/ecommece-marketplace/,5.0,7.2
ecommerce-mega-store,"Ecommerce Mega Store",4.4,4.3,https://downloads.wordpress.org/theme/ecommerce-mega-store.4.4.zip,"2024-12-20 09:48:09",https://wordpress.org/themes/ecommerce-mega-store/,5.0,7.2
engineering-manufacturing,"Engineering Manufacturing",4.3,4.2,https://downloads.wordpress.org/theme/engineering-manufacturing.4.3.zip,"2024-12-20 09:49:36",https://wordpress.org/themes/engineering-manufacturing/,5.0,7.2
entertainment-media,"Entertainment Media",4.3,4.2,https://downloads.wordpress.org/theme/entertainment-media.4.3.zip,"2024-12-20 09:50:30",https://wordpress.org/themes/entertainment-media/,5.0,7.2
expert-hotel-booking,"Expert Hotel Booking",1.8,1.7,https://downloads.wordpress.org/theme/expert-hotel-booking.1.8.zip,"2024-12-20 09:46:51",https://wordpress.org/themes/expert-hotel-booking/,,7.2
expert-makeup-stylist,"Expert Makeup Stylist",5.6,5.5,https://downloads.wordpress.org/theme/expert-makeup-stylist.5.6.zip,"2024-12-20 09:47:32",https://wordpress.org/themes/expert-makeup-stylist/,,7.2
expert-travel-vlogger,"Expert Travel Vlogger",2.5,2.4,https://downloads.wordpress.org/theme/expert-travel-vlogger.2.5.zip,"2024-12-20 09:45:54",https://wordpress.org/themes/expert-travel-vlogger/,,7.2
express-store,"Express Store",11.3,11.2,https://downloads.wordpress.org/theme/express-store.11.3.zip,"2024-12-20 09:48:08",https://wordpress.org/themes/express-store/,,5.6
fashion-footwear,"Fashion Footwear",4.4,4.3,https://downloads.wordpress.org/theme/fashion-footwear.4.4.zip,"2024-12-20 09:51:45",https://wordpress.org/themes/fashion-footwear/,5.0,7.2
feauty,Feauty,15.1,15.0,https://downloads.wordpress.org/theme/feauty.15.1.zip,"2024-12-20 09:48:28",https://wordpress.org/themes/feauty/,4.7,5.6
flexi-mart,"Flexi Mart",2.3,2.2,https://downloads.wordpress.org/theme/flexi-mart.2.3.zip,"2024-12-20 09:49:25",https://wordpress.org/themes/flexi-mart/,,5.6
flossy,Flossy,7.5,7.4,https://downloads.wordpress.org/theme/flossy.7.5.zip,"2024-12-20 09:50:04",https://wordpress.org/themes/flossy/,4.7,5.6
flow-store,"Flow Store",3.4,3.3,https://downloads.wordpress.org/theme/flow-store.3.4.zip,"2024-12-20 09:50:55",https://wordpress.org/themes/flow-store/,,5.6
full-page,"Full Page",1.7,1.6,https://downloads.wordpress.org/theme/full-page.1.7.zip,"2024-12-20 09:38:29",https://wordpress.org/themes/full-page/,,7.4
laptop-repair,"Laptop Repair",1.6,1.5,https://downloads.wordpress.org/theme/laptop-repair.1.6.zip,"2024-12-20 09:59:09",https://wordpress.org/themes/laptop-repair/,,7.4
maintenance-services,"Maintenance Services",2.5,2.4,https://downloads.wordpress.org/theme/maintenance-services.2.5.zip,"2024-12-20 09:40:19",https://wordpress.org/themes/maintenance-services/,,7.4
retailsy,Retailsy,15.0,14.9,https://downloads.wordpress.org/theme/retailsy.15.0.zip,"2024-12-20 09:53:58",https://wordpress.org/themes/retailsy/,4.7,5.6
shopient,Shopient,15.1,15.0,https://downloads.wordpress.org/theme/shopient.15.1.zip,"2024-12-20 09:54:22",https://wordpress.org/themes/shopient/,4.7,5.6
shopiva,Shopiva,15.1,15.0,https://downloads.wordpress.org/theme/shopiva.15.1.zip,"2024-12-20 09:55:10",https://wordpress.org/themes/shopiva/,4.7,5.6
shoply,Shoply,15.2,15.1,https://downloads.wordpress.org/theme/shoply.15.2.zip,"2024-12-20 09:56:26",https://wordpress.org/themes/shoply/,4.7,5.6
simplexp,SimpleXP,1.1.6,1.1.5,https://downloads.wordpress.org/theme/simplexp.1.1.6.zip,"2024-12-20 10:01:22",https://wordpress.org/themes/simplexp/,,5.6
skt-cafe,"SKT Cafe",1.8,1.7,https://downloads.wordpress.org/theme/skt-cafe.1.8.zip,"2024-12-20 09:39:06",https://wordpress.org/themes/skt-cafe/,,7.4
skt-contractor,"SKT Contractor",1.8,1.7,https://downloads.wordpress.org/theme/skt-contractor.1.8.zip,"2024-12-20 09:58:16",https://wordpress.org/themes/skt-contractor/,,7.4
skt-solar-energy,"SKT Solar Energy",1.9,1.8,https://downloads.wordpress.org/theme/skt-solar-energy.1.9.zip,"2024-12-20 10:06:06",https://wordpress.org/themes/skt-solar-energy/,,7.4
storefit,Storefit,9.8,9.7,https://downloads.wordpress.org/theme/storefit.9.8.zip,"2024-12-20 09:59:11",https://wordpress.org/themes/storefit/,,5.6
storely,Storely,15.5,15.4,https://downloads.wordpress.org/theme/storely.15.5.zip,"2024-12-20 09:59:54",https://wordpress.org/themes/storely/,4.7,5.6
storess,Storess,15.1,15.0,https://downloads.wordpress.org/theme/storess.15.1.zip,"2024-12-20 10:00:26",https://wordpress.org/themes/storess/,4.7,5.6
storezia,Storezia,15.2,15.1,https://downloads.wordpress.org/theme/storezia.15.2.zip,"2024-12-20 10:00:46",https://wordpress.org/themes/storezia/,4.7,5.6
travel-booking-expert,"Travel Booking Expert",4.6,4.5,https://downloads.wordpress.org/theme/travel-booking-expert.4.6.zip,"2024-12-20 09:48:18",https://wordpress.org/themes/travel-booking-expert/,,7.2
vacation-rental-expert,"Vacation Rental Expert",2.4,2.3,https://downloads.wordpress.org/theme/vacation-rental-expert.2.4.zip,"2024-12-20 09:48:44",https://wordpress.org/themes/vacation-rental-expert/,,7.2
banquet-hall,"Banquet Hall",1.7,1.6,https://downloads.wordpress.org/theme/banquet-hall.1.7.zip,"2024-12-20 11:08:16",https://wordpress.org/themes/banquet-hall/,,7.4
barter,Barter,1.8,1.7,https://downloads.wordpress.org/theme/barter.1.8.zip,"2024-12-20 11:13:52",https://wordpress.org/themes/barter/,,7.4
bicycleshop,Bicycleshop,1.7,1.6,https://downloads.wordpress.org/theme/bicycleshop.1.7.zip,"2024-12-20 11:19:47",https://wordpress.org/themes/bicycleshop/,,7.4
expert-mechanic,"Expert Mechanic",0.4.0,0.3.9,https://downloads.wordpress.org/theme/expert-mechanic.0.4.0.zip,"2024-12-20 11:22:43",https://wordpress.org/themes/expert-mechanic/,,7.2
kitchen-design,"Kitchen Design",1.7,1.6,https://downloads.wordpress.org/theme/kitchen-design.1.7.zip,"2024-12-20 11:06:52",https://wordpress.org/themes/kitchen-design/,,7.4
posterity,Posterity,3.7,3.6,https://downloads.wordpress.org/theme/posterity.3.7.zip,"2024-12-20 11:10:17",https://wordpress.org/themes/posterity/,,7.4
skt-activism-lite,"SKT Activism Lite",1.12,1.11,https://downloads.wordpress.org/theme/skt-activism-lite.1.12.zip,"2024-12-20 11:08:47",https://wordpress.org/themes/skt-activism-lite/,,7.4
skt-complete,"SKT Complete",1.7,1.6,https://downloads.wordpress.org/theme/skt-complete.1.7.zip,"2024-12-20 11:07:16",https://wordpress.org/themes/skt-complete/,,7.4
skt-consulting,"SKT Consulting",1.7,1.6,https://downloads.wordpress.org/theme/skt-consulting.1.7.zip,"2024-12-20 11:04:03",https://wordpress.org/themes/skt-consulting/,,7.4
skt-filmmaker,"SKT Filmmaker",1.10,1.9,https://downloads.wordpress.org/theme/skt-filmmaker.1.10.zip,"2024-12-20 11:07:42",https://wordpress.org/themes/skt-filmmaker/,,7.4
skt-gym,"SKT Gym",1.7,1.6,https://downloads.wordpress.org/theme/skt-gym.1.7.zip,"2024-12-20 11:05:04",https://wordpress.org/themes/skt-gym/,,7.4
skt-handyman,"SKT Handyman",1.9,1.8,https://downloads.wordpress.org/theme/skt-handyman.1.9.zip,"2024-12-20 11:04:29",https://wordpress.org/themes/skt-handyman/,,7.4
skt-luxury,"SKT Luxury",1.7,1.6,https://downloads.wordpress.org/theme/skt-luxury.1.7.zip,"2024-12-20 11:06:07",https://wordpress.org/themes/skt-luxury/,,7.4
skt-secure,"SKT Secure",1.7,1.6,https://downloads.wordpress.org/theme/skt-secure.1.7.zip,"2024-12-20 11:05:39",https://wordpress.org/themes/skt-secure/,,7.4
skt-software,"SKT Software",3.8,3.7,https://downloads.wordpress.org/theme/skt-software.3.8.zip,"2024-12-20 11:09:14",https://wordpress.org/themes/skt-software/,,7.4
the-pet-clinic,"The Pet Clinic",0.7.3,0.7.2,https://downloads.wordpress.org/theme/the-pet-clinic.0.7.3.zip,"2024-12-20 11:21:26",https://wordpress.org/themes/the-pet-clinic/,,7.2
ampark,Ampark,11.1,11.0,https://downloads.wordpress.org/theme/ampark.11.1.zip,"2024-12-20 12:49:16",https://wordpress.org/themes/ampark/,4.7,5.6
aviser,Aviser,11.1,11.0,https://downloads.wordpress.org/theme/aviser.11.1.zip,"2024-12-20 12:48:31",https://wordpress.org/themes/aviser/,4.7,5.6
cardiopress,CardioPress,3.6,3.5,https://downloads.wordpress.org/theme/cardiopress.3.6.zip,"2024-12-20 12:47:37",https://wordpress.org/themes/cardiopress/,4.7,5.6
comoxa,Comoxa,11.1,11.0,https://downloads.wordpress.org/theme/comoxa.11.1.zip,"2024-12-20 12:47:10",https://wordpress.org/themes/comoxa/,4.7,5.6
evion,Evion,1.7,1.5,https://downloads.wordpress.org/theme/evion.1.7.zip,"2024-12-20 12:46:22",https://wordpress.org/themes/evion/,4.7,5.6
laundry-master,"Laundry Master",0.3.9,0.3.8,https://downloads.wordpress.org/theme/laundry-master.0.3.9.zip,"2024-12-20 11:24:27",https://wordpress.org/themes/laundry-master/,5.0,7.2
palm-healing-lite,"Palm Healing Lite",1.4,1.3,https://downloads.wordpress.org/theme/palm-healing-lite.1.4.zip,"2024-12-20 12:19:31",https://wordpress.org/themes/palm-healing-lite/,,7.4
prime-english-classes,"Prime English Classes",1.1,1.0,https://downloads.wordpress.org/theme/prime-english-classes.1.1.zip,"2024-12-20 11:42:30",https://wordpress.org/themes/prime-english-classes/,,7.0
print-shop,"Print Shop",0.3.0,0.2.9,https://downloads.wordpress.org/theme/print-shop.0.3.0.zip,"2024-12-20 11:31:50",https://wordpress.org/themes/print-shop/,5.0,7.2
saturnwp,SaturnWP,1.10,1.9,https://downloads.wordpress.org/theme/saturnwp.1.10.zip,"2024-12-20 11:33:19",https://wordpress.org/themes/saturnwp/,,7.4
skt-coming-soon,"SKT Coming Soon",1.6,1.5,https://downloads.wordpress.org/theme/skt-coming-soon.1.6.zip,"2024-12-20 11:42:14",https://wordpress.org/themes/skt-coming-soon/,,7.4
skt-doctor,"SKT Doctor",1.5,1.4,https://downloads.wordpress.org/theme/skt-doctor.1.5.zip,"2024-12-20 12:07:24",https://wordpress.org/themes/skt-doctor/,,7.4
skt-ecology,"SKT Ecology",1.3,1.2,https://downloads.wordpress.org/theme/skt-ecology.1.3.zip,"2024-12-20 12:36:49",https://wordpress.org/themes/skt-ecology/,,7.4
skt-generic,"SKT Generic",1.3,1.2,https://downloads.wordpress.org/theme/skt-generic.1.3.zip,"2024-12-20 12:16:32",https://wordpress.org/themes/skt-generic/,,7.4
skt-minimal,"SKT Minimal",1.5,1.4,https://downloads.wordpress.org/theme/skt-minimal.1.5.zip,"2024-12-20 11:48:21",https://wordpress.org/themes/skt-minimal/,,7.4
skt-mosque,"SKT Mosque",1.5,1.4,https://downloads.wordpress.org/theme/skt-mosque.1.5.zip,"2024-12-20 11:53:52",https://wordpress.org/themes/skt-mosque/,,7.4
skt-videography,"SKT Videography",1.7,1.6,https://downloads.wordpress.org/theme/skt-videography.1.7.zip,"2024-12-20 11:30:13",https://wordpress.org/themes/skt-videography/,,7.4
skt-wildlife,"SKT Wildlife",1.3,1.2,https://downloads.wordpress.org/theme/skt-wildlife.1.3.zip,"2024-12-20 12:07:51",https://wordpress.org/themes/skt-wildlife/,,7.4
arowana,Arowana,12.2,12.1,https://downloads.wordpress.org/theme/arowana.12.2.zip,"2024-12-20 12:51:49",https://wordpress.org/themes/arowana/,4.7,5.6
avail,Avail,11.1,11.0,https://downloads.wordpress.org/theme/avail.11.1.zip,"2024-12-20 12:51:30",https://wordpress.org/themes/avail/,4.7,5.6
axtia,Axtia,11.1,11.0,https://downloads.wordpress.org/theme/axtia.11.1.zip,"2024-12-20 12:51:04",https://wordpress.org/themes/axtia/,4.7,5.6
eventpress,EventPress,13.5,13.4,https://downloads.wordpress.org/theme/eventpress.13.5.zip,"2024-12-20 12:50:27",https://wordpress.org/themes/eventpress/,4.7,5.6
skt-insurance,"SKT Insurance",1.4,1.3,https://downloads.wordpress.org/theme/skt-insurance.1.4.zip,"2024-12-20 13:26:39",https://wordpress.org/themes/skt-insurance/,,7.4
skt-karate,"SKT Karate",1.4,1.3,https://downloads.wordpress.org/theme/skt-karate.1.4.zip,"2024-12-20 12:52:01",https://wordpress.org/themes/skt-karate/,,7.4
skt-plants,"SKT Plants",1.6,1.5,https://downloads.wordpress.org/theme/skt-plants.1.6.zip,"2024-12-20 13:03:55",https://wordpress.org/themes/skt-plants/,,7.4
skt-resort,"SKT Resort",1.4,1.3,https://downloads.wordpress.org/theme/skt-resort.1.4.zip,"2024-12-20 12:57:50",https://wordpress.org/themes/skt-resort/,,7.4
skt-sandwich,"SKT Sandwich",1.6,1.5,https://downloads.wordpress.org/theme/skt-sandwich.1.6.zip,"2024-12-20 13:16:58",https://wordpress.org/themes/skt-sandwich/,,7.4
skt-skincare,"SKT Skincare",1.4,1.3,https://downloads.wordpress.org/theme/skt-skincare.1.4.zip,"2024-12-20 13:17:40",https://wordpress.org/themes/skt-skincare/,,7.4
skt-ui-ux,"SKT UI UX",1.4,1.3,https://downloads.wordpress.org/theme/skt-ui-ux.1.4.zip,"2024-12-20 13:26:15",https://wordpress.org/themes/skt-ui-ux/,,7.4
skt-ayurveda,"SKT Ayurveda",1.7,1.6,https://downloads.wordpress.org/theme/skt-ayurveda.1.7.zip,"2024-12-20 13:38:16",https://wordpress.org/themes/skt-ayurveda/,5.0,7.4
skt-salon,"SKT Salon",1.4,1.3,https://downloads.wordpress.org/theme/skt-salon.1.4.zip,"2024-12-20 13:38:56",https://wordpress.org/themes/skt-salon/,5.0,7.4
nexo,nexo,1.1.1,1.1.0,https://downloads.wordpress.org/theme/nexo.1.1.1.zip,"2024-12-20 17:49:27",https://wordpress.org/themes/nexo/,5.9,7.4
moyna,Moyna,3.1,1.7,https://downloads.wordpress.org/theme/moyna.3.1.zip,"2024-12-20 20:03:28",https://wordpress.org/themes/moyna/,6.1,7.4
spiral-lite-one-page,"Spiral Lite One Page",1.3.6,1.3.5,https://downloads.wordpress.org/theme/spiral-lite-one-page.1.3.6.zip,"2024-12-21 02:28:51",https://wordpress.org/themes/spiral-lite-one-page/,,5.6
architecture-building,"Architecture Building",4.3,4.2,https://downloads.wordpress.org/theme/architecture-building.4.3.zip,"2024-12-21 03:57:28",https://wordpress.org/themes/architecture-building/,5.0,5.6
barbershop-nail-salon,"Barbershop Nail Salon",4.0,3.9,https://downloads.wordpress.org/theme/barbershop-nail-salon.4.0.zip,"2024-12-21 03:56:43",https://wordpress.org/themes/barbershop-nail-salon/,5.0,5.6
beauty-hair-salon,"Beauty Hair Salon",4.3,4.2,https://downloads.wordpress.org/theme/beauty-hair-salon.4.3.zip,"2024-12-21 03:56:17",https://wordpress.org/themes/beauty-hair-salon/,5.0,5.6
beauty-salon-spa,"Beauty Salon Spa",5.8,5.7,https://downloads.wordpress.org/theme/beauty-salon-spa.5.8.zip,"2024-12-21 03:55:19",https://wordpress.org/themes/beauty-salon-spa/,5.0,5.6
civil-engineering,"Civil Engineering",3.9,3.8,https://downloads.wordpress.org/theme/civil-engineering.3.9.zip,"2024-12-21 03:54:33",https://wordpress.org/themes/civil-engineering/,5.0,5.6
forest-nature,"Forest Nature",4.0,3.9,https://downloads.wordpress.org/theme/forest-nature.4.0.zip,"2024-12-21 03:53:51",https://wordpress.org/themes/forest-nature/,5.0,5.6
seo-digital-marketing,"SEO Digital Marketing",3.6,3.5,https://downloads.wordpress.org/theme/seo-digital-marketing.3.6.zip,"2024-12-21 03:52:57",https://wordpress.org/themes/seo-digital-marketing/,5.0,5.6
cinematic-videography,"Cinematic Videography",0.1.8,0.1.7,https://downloads.wordpress.org/theme/cinematic-videography.0.1.8.zip,"2024-12-21 07:32:20",https://wordpress.org/themes/cinematic-videography/,,5.6
corpiva,Corpiva,1.0.36,1.0.35,https://downloads.wordpress.org/theme/corpiva.1.0.36.zip,"2024-12-21 07:24:35",https://wordpress.org/themes/corpiva/,4.7,5.6
corvia,Corvia,1.0.2,1.0.1,https://downloads.wordpress.org/theme/corvia.1.0.2.zip,"2024-12-21 07:25:05",https://wordpress.org/themes/corvia/,4.7,5.6
corvita,Corvita,1.0.11,1.0.10,https://downloads.wordpress.org/theme/corvita.1.0.11.zip,"2024-12-21 07:25:35",https://wordpress.org/themes/corvita/,4.7,5.6
crombit,Crombit,1.0.16,1.0.15,https://downloads.wordpress.org/theme/crombit.1.0.16.zip,"2024-12-21 07:26:48",https://wordpress.org/themes/crombit/,4.7,5.6
fish-aquarium,"Fish Aquarium",4.4,4.3,https://downloads.wordpress.org/theme/fish-aquarium.4.4.zip,"2024-12-21 07:30:34",https://wordpress.org/themes/fish-aquarium/,5.0,7.2
flexina,Flexina,1.0.24,1.0.23,https://downloads.wordpress.org/theme/flexina.1.0.24.zip,"2024-12-21 07:26:25",https://wordpress.org/themes/flexina/,4.7,5.6
freelancer-digital-agency,"Freelancer Digital Agency",4.3,4.2,https://downloads.wordpress.org/theme/freelancer-digital-agency.4.3.zip,"2024-12-21 07:31:21",https://wordpress.org/themes/freelancer-digital-agency/,5.0,7.2
home-interior-designer,"Home Interior Designer",3.2,3.1,https://downloads.wordpress.org/theme/home-interior-designer.3.2.zip,"2024-12-21 07:32:21",https://wordpress.org/themes/home-interior-designer/,5.0,7.2
laundry-dry-cleaning,"Laundry Dry Cleaning",4.3,4.2,https://downloads.wordpress.org/theme/laundry-dry-cleaning.4.3.zip,"2024-12-21 07:33:01",https://wordpress.org/themes/laundry-dry-cleaning/,5.0,7.2
logistic-cargo-trucking,"Logistic Cargo Trucking",4.4,4.3,https://downloads.wordpress.org/theme/logistic-cargo-trucking.4.4.zip,"2024-12-21 07:33:58",https://wordpress.org/themes/logistic-cargo-trucking/,5.0,7.2
mega-store-woocommerce,"Mega Store Woocommerce",4.3,4.2,https://downloads.wordpress.org/theme/mega-store-woocommerce.4.3.zip,"2024-12-21 07:34:33",https://wordpress.org/themes/mega-store-woocommerce/,5.0,7.2
newsalert,NewsAlert,1.0.6,1.0.5,https://downloads.wordpress.org/theme/newsalert.1.0.6.zip,"2024-12-21 07:28:15",https://wordpress.org/themes/newsalert/,4.7,7.0
newshours,NewsHours,1.0.28,1.0.27,https://downloads.wordpress.org/theme/newshours.1.0.28.zip,"2024-12-21 07:27:12",https://wordpress.org/themes/newshours/,4.7,7.0
newstick,NewsTick,1.0.35,1.0.34,https://downloads.wordpress.org/theme/newstick.1.0.35.zip,"2024-12-21 07:27:45",https://wordpress.org/themes/newstick/,4.7,7.0
social-media-expert,"Social Media Expert",4.8,4.7,https://downloads.wordpress.org/theme/social-media-expert.4.8.zip,"2024-12-21 07:39:25",https://wordpress.org/themes/social-media-expert/,5.0,7.2
softmunch,SoftMunch,1.0.25,1.0.24,https://downloads.wordpress.org/theme/softmunch.1.0.25.zip,"2024-12-21 07:26:01",https://wordpress.org/themes/softmunch/,4.7,5.6
business-company-elementor,"Business Company Elementor",1.2,1.1,https://downloads.wordpress.org/theme/business-company-elementor.1.2.zip,"2024-12-21 13:12:20",https://wordpress.org/themes/business-company-elementor/,,5.6
nexo,nexo,1.1.2,1.1.1,https://downloads.wordpress.org/theme/nexo.1.1.2.zip,"2024-12-21 13:00:42",https://wordpress.org/themes/nexo/,5.9,7.4
agency-elementor,"Agency Elementor",2.0,1.9,https://downloads.wordpress.org/theme/agency-elementor.2.0.zip,"2024-12-21 13:28:13",https://wordpress.org/themes/agency-elementor/,,5.6
beauty-parlour-elementor,"Beauty Parlour Elementor",1.2,1.1,https://downloads.wordpress.org/theme/beauty-parlour-elementor.1.2.zip,"2024-12-21 13:50:24",https://wordpress.org/themes/beauty-parlour-elementor/,,5.6
advance-news,"Advance News",1.0.12,1.0.10,https://downloads.wordpress.org/theme/advance-news.1.0.12.zip,"2024-12-21 14:40:04",https://wordpress.org/themes/advance-news/,4.7,5.6
automobile-elementor,"Automobile Elementor",1.8,1.7,https://downloads.wordpress.org/theme/automobile-elementor.1.8.zip,"2024-12-21 14:28:14",https://wordpress.org/themes/automobile-elementor/,,5.6
blogger-newspaper,"Blogger Newspaper",1.0.2,1.0.0,https://downloads.wordpress.org/theme/blogger-newspaper.1.0.2.zip,"2024-12-21 14:40:35",https://wordpress.org/themes/blogger-newspaper/,4.7,5.6
classic-newspaper,"Classic Newspaper",1.0.3,1.0.1,https://downloads.wordpress.org/theme/classic-newspaper.1.0.3.zip,"2024-12-21 14:41:48",https://wordpress.org/themes/classic-newspaper/,4.7,5.6
cleaning-elementor,"Cleaning Elementor",1.4,1.3,https://downloads.wordpress.org/theme/cleaning-elementor.1.4.zip,"2024-12-21 14:36:50",https://wordpress.org/themes/cleaning-elementor/,,5.6
construction-elementor,"Construction Elementor",1.6,1.5,https://downloads.wordpress.org/theme/construction-elementor.1.6.zip,"2024-12-21 14:44:30",https://wordpress.org/themes/construction-elementor/,,5.6
education-elementor,"Education Elementor",1.8,1.7,https://downloads.wordpress.org/theme/education-elementor.1.8.zip,"2024-12-21 14:55:34",https://wordpress.org/themes/education-elementor/,,5.6
namaha,Namaha,1.0.57,1.0.56,https://downloads.wordpress.org/theme/namaha.1.0.57.zip,"2024-12-21 15:11:04",https://wordpress.org/themes/namaha/,4.7,5.3
news-biz,"News Biz",1.0.20,1.0.18,https://downloads.wordpress.org/theme/news-biz.1.0.20.zip,"2024-12-21 14:42:35",https://wordpress.org/themes/news-biz/,4.7,5.6
news-blogs,"News Blogs",1.0.29,1.0.27,https://downloads.wordpress.org/theme/news-blogs.1.0.29.zip,"2024-12-21 14:43:32",https://wordpress.org/themes/news-blogs/,4.7,5.6
news-hours,"News Hours",1.0.18,1.0.16,https://downloads.wordpress.org/theme/news-hours.1.0.18.zip,"2024-12-21 14:44:52",https://wordpress.org/themes/news-hours/,4.7,5.6
news-press,"News Press",1.0.29,1.0.27,https://downloads.wordpress.org/theme/news-press.1.0.29.zip,"2024-12-21 14:47:00",https://wordpress.org/themes/news-press/,4.7,5.6
news-time,"News Time",1.0.24,1.0.22,https://downloads.wordpress.org/theme/news-time.1.0.24.zip,"2024-12-21 14:47:55",https://wordpress.org/themes/news-time/,4.7,5.6
news-update,"News Update",1.0.20,1.0.18,https://downloads.wordpress.org/theme/news-update.1.0.20.zip,"2024-12-21 14:49:06",https://wordpress.org/themes/news-update/,4.7,5.6
news-word,"News Word",1.0.19,1.0.17,https://downloads.wordpress.org/theme/news-word.1.0.19.zip,"2024-12-21 14:49:37",https://wordpress.org/themes/news-word/,4.7,5.6
newspaper-ai,"Newspaper AI",1.0.20,1.0.17,https://downloads.wordpress.org/theme/newspaper-ai.1.0.20.zip,"2024-12-21 14:50:17",https://wordpress.org/themes/newspaper-ai/,4.7,5.6
newspaper-story,"Newspaper Story",1.0.11,1.0.9,https://downloads.wordpress.org/theme/newspaper-story.1.0.11.zip,"2024-12-21 14:50:49",https://wordpress.org/themes/newspaper-story/,4.7,5.6
newspaper-up,"Newspaper Up",1.0.31,1.0.29,https://downloads.wordpress.org/theme/newspaper-up.1.0.31.zip,"2024-12-21 14:51:40",https://wordpress.org/themes/newspaper-up/,4.7,5.6
newspapers-mag,"Newspapers Mag",1.0.18,1.0.16,https://downloads.wordpress.org/theme/newspapers-mag.1.0.18.zip,"2024-12-21 14:52:30",https://wordpress.org/themes/newspapers-mag/,4.7,5.6
newspapers-tr,"Newspapers tr",1.0.29,1.0.26,https://downloads.wordpress.org/theme/newspapers-tr.1.0.29.zip,"2024-12-21 14:55:00",https://wordpress.org/themes/newspapers-tr/,4.7,5.6
newspapers-x,"Newspapers X",1.0.34,1.0.32,https://downloads.wordpress.org/theme/newspapers-x.1.0.34.zip,"2024-12-21 14:54:36",https://wordpress.org/themes/newspapers-x/,4.7,5.6
newspaperss,Newspaperss,2.55.0,2.53.0,https://downloads.wordpress.org/theme/newspaperss.2.55.0.zip,"2024-12-21 14:57:01",https://wordpress.org/themes/newspaperss/,4.7,6.0
pattern-newspaper,"Pattern Newspaper",1.0.7,1.0.5,https://downloads.wordpress.org/theme/pattern-newspaper.1.0.7.zip,"2024-12-21 14:57:32",https://wordpress.org/themes/pattern-newspaper/,4.7,5.6
plus-news,"Plus News",1.0.16,1.0.14,https://downloads.wordpress.org/theme/plus-news.1.0.16.zip,"2024-12-21 14:57:58",https://wordpress.org/themes/plus-news/,4.7,5.6
silk-news,"Silk News",1.0.28,1.0.26,https://downloads.wordpress.org/theme/silk-news.1.0.28.zip,"2024-12-21 14:58:33",https://wordpress.org/themes/silk-news/,4.7,5.6
silk-newspaper,"Silk Newspaper",1.0.23,1.0.21,https://downloads.wordpress.org/theme/silk-newspaper.1.0.23.zip,"2024-12-21 14:59:21",https://wordpress.org/themes/silk-newspaper/,4.7,5.6
silk-story,"Silk Story",1.0.21,1.0.19,https://downloads.wordpress.org/theme/silk-story.1.0.21.zip,"2024-12-21 14:59:48",https://wordpress.org/themes/silk-story/,4.7,5.6
simple-newspaper,"Simple Newspaper",1.0.22,1.0.20,https://downloads.wordpress.org/theme/simple-newspaper.1.0.22.zip,"2024-12-21 15:00:15",https://wordpress.org/themes/simple-newspaper/,4.7,5.6
sk-newspaper,"SK Newspaper",1.0.21,1.0.19,https://downloads.wordpress.org/theme/sk-newspaper.1.0.21.zip,"2024-12-21 15:00:44",https://wordpress.org/themes/sk-newspaper/,4.7,5.6
sole-newspapers,"Sole Newspapers",1.0.12,1.0.11,https://downloads.wordpress.org/theme/sole-newspapers.1.0.12.zip,"2024-12-21 15:01:08",https://wordpress.org/themes/sole-newspapers/,4.7,5.6
top-newspaper,"Top Newspaper",1.29,1.28,https://downloads.wordpress.org/theme/top-newspaper.1.29.zip,"2024-12-21 15:01:34",https://wordpress.org/themes/top-newspaper/,4.5,5.6
trade-news,"Trade News",1.0.19,1.0.18,https://downloads.wordpress.org/theme/trade-news.1.0.19.zip,"2024-12-21 15:02:09",https://wordpress.org/themes/trade-news/,4.7,5.6
tropicana,Tropicana,1.0.88,1.0.87,https://downloads.wordpress.org/theme/tropicana.1.0.88.zip,"2024-12-21 15:03:40",https://wordpress.org/themes/tropicana/,4.7,5.3
up-news,"Up News",1.0.25,1.0.24,https://downloads.wordpress.org/theme/up-news.1.0.25.zip,"2024-12-21 15:02:31",https://wordpress.org/themes/up-news/,4.7,5.6
white-newspaper,"White Newspaper",1.0.7,1.0.6,https://downloads.wordpress.org/theme/white-newspaper.1.0.7.zip,"2024-12-21 15:02:51",https://wordpress.org/themes/white-newspaper/,4.7,5.6
vividmono,vividmono,1.1,1.0.3,https://downloads.wordpress.org/theme/vividmono.1.1.zip,"2024-12-21 16:26:44",https://wordpress.org/themes/vividmono/,6.6,5.7
apartment-rental-services,"Apartment Rental Services",0.1.6,0.1.5,https://downloads.wordpress.org/theme/apartment-rental-services.0.1.6.zip,"2024-12-21 16:47:41",https://wordpress.org/themes/apartment-rental-services/,5.0,5.6
bicycle-repair-shop,"Bicycle Repair Shop",1.2.7,1.2.6,https://downloads.wordpress.org/theme/bicycle-repair-shop.1.2.7.zip,"2024-12-21 16:49:08",https://wordpress.org/themes/bicycle-repair-shop/,5.0,5.6
broker-consultants,"Broker Consultants",0.9.9,0.9.8,https://downloads.wordpress.org/theme/broker-consultants.0.9.9.zip,"2024-12-21 16:49:50",https://wordpress.org/themes/broker-consultants/,5.0,5.6
building-contractor,"Building Contractor",1.2.8,1.2.7,https://downloads.wordpress.org/theme/building-contractor.1.2.8.zip,"2024-12-21 16:50:43",https://wordpress.org/themes/building-contractor/,5.0,5.6
comic-book-store,"Comic Book Store",0.1.6,0.1.5,https://downloads.wordpress.org/theme/comic-book-store.0.1.6.zip,"2024-12-21 16:54:28",https://wordpress.org/themes/comic-book-store/,5.0,5.6
dry-cleaning-services,"Dry Cleaning Services",0.1.7,0.1.6,https://downloads.wordpress.org/theme/dry-cleaning-services.0.1.7.zip,"2024-12-21 16:55:26",https://wordpress.org/themes/dry-cleaning-services/,5.0,5.6
garden-farm,"Garden Farm",0.1.5,0.1.4,https://downloads.wordpress.org/theme/garden-farm.0.1.5.zip,"2024-12-21 16:55:31",https://wordpress.org/themes/garden-farm/,5.0,5.6
honrix,Honrix,1.3.58,1.3.57,https://downloads.wordpress.org/theme/honrix.1.3.58.zip,"2024-12-22 05:11:08",https://wordpress.org/themes/honrix/,4.7,5.6
kartnic,Kartnic,3.0.2,3.0.1,https://downloads.wordpress.org/theme/kartnic.3.0.2.zip,"2024-12-22 04:48:13",https://wordpress.org/themes/kartnic/,5.0,7.0
nexo,nexo,1.2.0,1.1.2,https://downloads.wordpress.org/theme/nexo.1.2.0.zip,"2024-12-22 17:06:11",https://wordpress.org/themes/nexo/,5.9,7.4
avventura-lite,"Avventura Lite",1.7.2,1.7.1,https://downloads.wordpress.org/theme/avventura-lite.1.7.2.zip,"2024-12-22 17:51:22",https://wordpress.org/themes/avventura-lite/,,5.3
blogarise,BlogArise,0.99,0.98,https://downloads.wordpress.org/theme/blogarise.0.99.zip,"2024-12-23 02:16:40",https://wordpress.org/themes/blogarise/,5.4,7.4
blogdata,BlogData,1.1.9,1.1.8,https://downloads.wordpress.org/theme/blogdata.1.1.9.zip,"2024-12-23 02:17:53",https://wordpress.org/themes/blogdata/,5.4,7.4
blogier,Blogier,1.9,1.8,https://downloads.wordpress.org/theme/blogier.1.9.zip,"2024-12-23 02:16:04",https://wordpress.org/themes/blogier/,5.4,7.4
blogus,Blogus,2.2.8,2.2.7,https://downloads.wordpress.org/theme/blogus.2.2.8.zip,"2024-12-23 02:13:15",https://wordpress.org/themes/blogus/,5.4,7.4
fameup,Fameup,1.0.0.40,1.0.0.39,https://downloads.wordpress.org/theme/fameup.1.0.0.40.zip,"2024-12-23 02:15:25",https://wordpress.org/themes/fameup/,5.4,7.4
newsair,Newsair,1.0.0.67,1.0.0.66,https://downloads.wordpress.org/theme/newsair.1.0.0.67.zip,"2024-12-23 02:19:37",https://wordpress.org/themes/newsair/,5.4,7.4
newses,Newses,2.0.0.46,2.0.0.45,https://downloads.wordpress.org/theme/newses.2.0.0.46.zip,"2024-12-23 02:11:57",https://wordpress.org/themes/newses/,5.4,7.4
newspaperup,Newspaperup,1.0.9,1.0.8,https://downloads.wordpress.org/theme/newspaperup.1.0.9.zip,"2024-12-23 02:18:29",https://wordpress.org/themes/newspaperup/,5.4,7.4
newsup,Newsup,4.0.0.67,4.0.0.66,https://downloads.wordpress.org/theme/newsup.4.0.0.67.zip,"2024-12-23 02:10:37",https://wordpress.org/themes/newsup/,5.4,7.4
beauty-cosmetic-shop,"Beauty Cosmetic Shop",1.0.9,1.0.8,https://downloads.wordpress.org/theme/beauty-cosmetic-shop.1.0.9.zip,"2024-12-23 04:23:27",https://wordpress.org/themes/beauty-cosmetic-shop/,5.6,7.2
hardware-dealer,"Hardware Dealer",0.0.7,0.0.6,https://downloads.wordpress.org/theme/hardware-dealer.0.0.7.zip,"2024-12-23 04:19:06",https://wordpress.org/themes/hardware-dealer/,5.0,5.6
industrial-services-elementor,"Industrial Services Elementor",0.4,0.3.9,https://downloads.wordpress.org/theme/industrial-services-elementor.0.4.zip,"2024-12-23 04:19:47",https://wordpress.org/themes/industrial-services-elementor/,5.0,5.6
medical-clinic-center,"Medical Clinic Center",1.7,1.6,https://downloads.wordpress.org/theme/medical-clinic-center.1.7.zip,"2024-12-23 04:23:56",https://wordpress.org/themes/medical-clinic-center/,5.6,7.2
medical-healthcare-elementor,"Medical Healthcare Elementor",0.3.5,0.3.4,https://downloads.wordpress.org/theme/medical-healthcare-elementor.0.3.5.zip,"2024-12-23 04:20:35",https://wordpress.org/themes/medical-healthcare-elementor/,5.0,5.6
photographer-elementor,"Photographer Elementor",0.4,0.3.9,https://downloads.wordpress.org/theme/photographer-elementor.0.4.zip,"2024-12-23 04:21:07",https://wordpress.org/themes/photographer-elementor/,5.0,5.6
photographer-magazine,"Photographer Magazine",1.2,1.0.9,https://downloads.wordpress.org/theme/photographer-magazine.1.2.zip,"2024-12-23 04:24:36",https://wordpress.org/themes/photographer-magazine/,5.6,7.2
rc-drone,"RC Drone",1.0.3,1.0.2,https://downloads.wordpress.org/theme/rc-drone.1.0.3.zip,"2024-12-23 04:21:38",https://wordpress.org/themes/rc-drone/,5.0,5.6
school-education,"School Education",1.0.8,1.0.7,https://downloads.wordpress.org/theme/school-education.1.0.8.zip,"2024-12-23 04:25:00",https://wordpress.org/themes/school-education/,5.6,7.2
software-it-company,"Software IT Company",1.0.8,1.0.7,https://downloads.wordpress.org/theme/software-it-company.1.0.8.zip,"2024-12-23 04:25:42",https://wordpress.org/themes/software-it-company/,5.6,7.2
unique-startup,"Unique Startup",2.0.1,2.0,https://downloads.wordpress.org/theme/unique-startup.2.0.1.zip,"2024-12-23 04:27:59",https://wordpress.org/themes/unique-startup/,5.6,7.2
creationwp,CreationWP,1.1,1.0,https://downloads.wordpress.org/theme/creationwp.1.1.zip,"2024-12-23 06:17:18",https://wordpress.org/themes/creationwp/,,5.6
expert-mechanic,"Expert Mechanic",0.4.1,0.4.0,https://downloads.wordpress.org/theme/expert-mechanic.0.4.1.zip,"2024-12-23 05:57:28",https://wordpress.org/themes/expert-mechanic/,,7.2
laundry-master,"Laundry Master",0.4.0,0.3.9,https://downloads.wordpress.org/theme/laundry-master.0.4.0.zip,"2024-12-23 05:55:36",https://wordpress.org/themes/laundry-master/,5.0,7.2
lz-interior-decor,"LZ Interior Decor",0.6.6,0.6.5,https://downloads.wordpress.org/theme/lz-interior-decor.0.6.6.zip,"2024-12-23 05:59:07",https://wordpress.org/themes/lz-interior-decor/,,7.2
multi-sports,"Multi Sports",4.0.0,3.9,https://downloads.wordpress.org/theme/multi-sports.4.0.0.zip,"2024-12-23 05:58:02",https://wordpress.org/themes/multi-sports/,5.0,7.2
property-management-company,"Property Management Company",1.0.6,1.0.5,https://downloads.wordpress.org/theme/property-management-company.1.0.6.zip,"2024-12-23 06:14:21",https://wordpress.org/themes/property-management-company/,6.0,7.2
radiant-blogger,"Radiant Blogger",1.3.3,1.3.2,https://downloads.wordpress.org/theme/radiant-blogger.1.3.3.zip,"2024-12-23 06:15:14",https://wordpress.org/themes/radiant-blogger/,6.0,7.2
skt-patterns,"SKT Patterns",1.3,1.2,https://downloads.wordpress.org/theme/skt-patterns.1.3.zip,"2024-12-23 06:34:53",https://wordpress.org/themes/skt-patterns/,5.0,7.4
smart-home-automation,"Smart Home Automation",1.0.8,1.0.7,https://downloads.wordpress.org/theme/smart-home-automation.1.0.8.zip,"2024-12-23 06:15:51",https://wordpress.org/themes/smart-home-automation/,6.0,7.2
square,Square,2.0.54,2.0.53,https://downloads.wordpress.org/theme/square.2.0.54.zip,"2024-12-23 06:08:45",https://wordpress.org/themes/square/,,5.6
startup-blocks,"Startup Blocks",1.0.2,1.0.1,https://downloads.wordpress.org/theme/startup-blocks.1.0.2.zip,"2024-12-23 06:16:23",https://wordpress.org/themes/startup-blocks/,6.0,7.2
total,Total,2.1.82,2.1.81,https://downloads.wordpress.org/theme/total.2.1.82.zip,"2024-12-23 05:52:58",https://wordpress.org/themes/total/,,5.6
veterinary-services,"Veterinary Services",1.0.5,1.0.4,https://downloads.wordpress.org/theme/veterinary-services.1.0.5.zip,"2024-12-23 06:18:07",https://wordpress.org/themes/veterinary-services/,6.0,7.2
viral-news,"Viral News",1.4.94,1.4.93,https://downloads.wordpress.org/theme/viral-news.1.4.94.zip,"2024-12-23 06:26:39",https://wordpress.org/themes/viral-news/,,5.6
viral,Viral,1.8.49,1.8.48,https://downloads.wordpress.org/theme/viral.1.8.49.zip,"2024-12-23 06:18:31",https://wordpress.org/themes/viral/,,5.6
vivah-royal-wedding,"Vivah Royal Wedding",0.6.7,0.6.6,https://downloads.wordpress.org/theme/vivah-royal-wedding.0.6.7.zip,"2024-12-23 05:58:41",https://wordpress.org/themes/vivah-royal-wedding/,,7.2
alpha-health-coach,"Alpha Health Coach",1.2,1.1,https://downloads.wordpress.org/theme/alpha-health-coach.1.2.zip,"2024-12-23 06:45:26",https://wordpress.org/themes/alpha-health-coach/,5.9,5.6
alpha-patterns,"Alpha Patterns",1.3,1.2,https://downloads.wordpress.org/theme/alpha-patterns.1.3.zip,"2024-12-23 06:46:48",https://wordpress.org/themes/alpha-patterns/,5.9,5.6
coffee-block,"Coffee Block",1.2,1.1,https://downloads.wordpress.org/theme/coffee-block.1.2.zip,"2024-12-23 06:45:27",https://wordpress.org/themes/coffee-block/,5.0,7.4
eco-green,"Eco Green",1.2,1.1,https://downloads.wordpress.org/theme/eco-green.1.2.zip,"2024-12-23 06:47:43",https://wordpress.org/themes/eco-green/,5.9,5.6
educator-academy,"Educator Academy",1.2,1.1,https://downloads.wordpress.org/theme/educator-academy.1.2.zip,"2024-12-23 06:49:22",https://wordpress.org/themes/educator-academy/,5.9,5.6
fashion-designer,"Fashion Designer",1.2.4,1.2.3,https://downloads.wordpress.org/theme/fashion-designer.1.2.4.zip,"2024-12-23 07:03:06",https://wordpress.org/themes/fashion-designer/,5.0,7.2
knote,Knote,0.6.7,0.6.5,https://downloads.wordpress.org/theme/knote.0.6.7.zip,"2024-12-23 06:56:53",https://wordpress.org/themes/knote/,5.2,7.2
moving-company-lite,"Moving Company Lite",1.1.2,1.1.1,https://downloads.wordpress.org/theme/moving-company-lite.1.1.2.zip,"2024-12-23 07:04:12",https://wordpress.org/themes/moving-company-lite/,5.0,7.2
nexter,Nexter,4.0.0,3.1.5,https://downloads.wordpress.org/theme/nexter.4.0.0.zip,"2024-12-23 06:59:45",https://wordpress.org/themes/nexter/,4.7,5.6
skeleton-fse,"Skeleton FSE",1.4,1.3,https://downloads.wordpress.org/theme/skeleton-fse.1.4.zip,"2024-12-23 06:45:58",https://wordpress.org/themes/skeleton-fse/,5.0,7.4
skt-coach,"SKT Coach",1.3,1.2,https://downloads.wordpress.org/theme/skt-coach.1.3.zip,"2024-12-23 06:42:08",https://wordpress.org/themes/skt-coach/,,7.4
skt-fse,"SKT FSE",1.5,1.4,https://downloads.wordpress.org/theme/skt-fse.1.5.zip,"2024-12-23 06:44:56",https://wordpress.org/themes/skt-fse/,5.0,7.4
skt-glass,"SKT Glass",1.3,1.2,https://downloads.wordpress.org/theme/skt-glass.1.3.zip,"2024-12-23 06:39:29",https://wordpress.org/themes/skt-glass/,,7.4
skt-golf,"SKT Golf",1.4,1.3,https://downloads.wordpress.org/theme/skt-golf.1.4.zip,"2024-12-23 06:38:27",https://wordpress.org/themes/skt-golf/,,7.4
skt-physiotherapy,"SKT Physiotherapy",1.3,1.2,https://downloads.wordpress.org/theme/skt-physiotherapy.1.3.zip,"2024-12-23 06:42:46",https://wordpress.org/themes/skt-physiotherapy/,,7.4
skt-pizzeria,"SKT Pizzeria",1.3,1.2,https://downloads.wordpress.org/theme/skt-pizzeria.1.3.zip,"2024-12-23 06:42:29",https://wordpress.org/themes/skt-pizzeria/,,7.4
skt-restara,"SKT Restara",1.3,1.2,https://downloads.wordpress.org/theme/skt-restara.1.3.zip,"2024-12-23 06:43:19",https://wordpress.org/themes/skt-restara/,,7.4
skt-sushi,"SKT Sushi",1.3,1.2,https://downloads.wordpress.org/theme/skt-sushi.1.3.zip,"2024-12-23 06:43:37",https://wordpress.org/themes/skt-sushi/,,7.4
skt-trekking,"SKT Trekking",1.4,1.3,https://downloads.wordpress.org/theme/skt-trekking.1.4.zip,"2024-12-23 06:37:33",https://wordpress.org/themes/skt-trekking/,,7.4
squarepress,SquarePress,1.1.16,1.1.15,https://downloads.wordpress.org/theme/squarepress.1.1.16.zip,"2024-12-23 06:51:14",https://wordpress.org/themes/squarepress/,,5.0
the-computer-repair,"The Computer Repair",1.3.2,1.3.1,https://downloads.wordpress.org/theme/the-computer-repair.1.3.2.zip,"2024-12-23 07:04:49",https://wordpress.org/themes/the-computer-repair/,5.0,7.2
viral-mag,"Viral Mag",2.0.49,2.0.48,https://downloads.wordpress.org/theme/viral-mag.2.0.49.zip,"2024-12-23 06:37:30",https://wordpress.org/themes/viral-mag/,,5.6
vw-dentist,"VW Dentist",1.3.3,1.3.2,https://downloads.wordpress.org/theme/vw-dentist.1.3.3.zip,"2024-12-23 07:06:23",https://wordpress.org/themes/vw-dentist/,5.0,7.2
vw-hotel,"VW Hotel",1.2.1,1.2,https://downloads.wordpress.org/theme/vw-hotel.1.2.1.zip,"2024-12-23 07:07:20",https://wordpress.org/themes/vw-hotel/,5.0,7.2
vw-kids-store,"VW Kids Store",1.7.7,1.7.6,https://downloads.wordpress.org/theme/vw-kids-store.1.7.7.zip,"2024-12-23 07:10:08",https://wordpress.org/themes/vw-kids-store/,5.0,7.2
vw-landing-page,"VW Landing Page",1.2.8,1.2.7,https://downloads.wordpress.org/theme/vw-landing-page.1.2.8.zip,"2024-12-23 07:11:47",https://wordpress.org/themes/vw-landing-page/,5.0,7.2
vw-maintenance-services,"VW Maintenance Services",1.3.9,1.3.8,https://downloads.wordpress.org/theme/vw-maintenance-services.1.3.9.zip,"2024-12-23 07:12:19",https://wordpress.org/themes/vw-maintenance-services/,5.0,7.2
ad-agency-lite,"Ad Agency Lite",1.1,1.0,https://downloads.wordpress.org/theme/ad-agency-lite.1.1.zip,"2024-12-23 08:18:43",https://wordpress.org/themes/ad-agency-lite/,,7.4
aster-ebooks,"Aster Ebooks",3.0,2.9,https://downloads.wordpress.org/theme/aster-ebooks.3.0.zip,"2024-12-23 08:03:45",https://wordpress.org/themes/aster-ebooks/,,7.4
auto-mechanic,"Auto Mechanic",2.6,2.5,https://downloads.wordpress.org/theme/auto-mechanic.2.6.zip,"2024-12-23 08:04:25",https://wordpress.org/themes/auto-mechanic/,,7.2
avira,Avira,13.0,12.9,https://downloads.wordpress.org/theme/avira.13.0.zip,"2024-12-23 08:08:12",https://wordpress.org/themes/avira/,4.7,5.6
bakery-confectionery,"Bakery Confectionery",2.2,2.1,https://downloads.wordpress.org/theme/bakery-confectionery.2.2.zip,"2024-12-23 08:04:49",https://wordpress.org/themes/bakery-confectionery/,,7.4
benzer,Benzer,13.0,12.9,https://downloads.wordpress.org/theme/benzer.13.0.zip,"2024-12-23 08:07:15",https://wordpress.org/themes/benzer/,4.7,5.6
brahma,Brahma,1.0.4,1.0.3,https://downloads.wordpress.org/theme/brahma.1.0.4.zip,"2024-12-23 07:52:19",https://wordpress.org/themes/brahma/,6.0,5.7
bridal-jewelry-store,"Bridal Jewelry Store",1.6,1.5,https://downloads.wordpress.org/theme/bridal-jewelry-store.1.6.zip,"2024-12-23 08:05:23",https://wordpress.org/themes/bridal-jewelry-store/,,7.4
cab-booking,"Cab Booking",1.1.4,1.1.3,https://downloads.wordpress.org/theme/cab-booking.1.1.4.zip,"2024-12-23 07:44:35",https://wordpress.org/themes/cab-booking/,6.0,7.2
construction-engineer,"Construction Engineer",1.9,1.8,https://downloads.wordpress.org/theme/construction-engineer.1.9.zip,"2024-12-23 08:05:53",https://wordpress.org/themes/construction-engineer/,,7.4
envitech,Envitech,4.5,4.4,https://downloads.wordpress.org/theme/envitech.4.5.zip,"2024-12-23 08:06:28",https://wordpress.org/themes/envitech/,,7.0
exnova,Exnova,2.3,2.2,https://downloads.wordpress.org/theme/exnova.2.3.zip,"2024-12-23 08:03:52",https://wordpress.org/themes/exnova/,4.7,5.6
expert-business-advisor,"Expert Business Advisor",0.4,0.3,https://downloads.wordpress.org/theme/expert-business-advisor.0.4.zip,"2024-12-23 08:21:01",https://wordpress.org/themes/expert-business-advisor/,,7.2
expert-videographer,"Expert Videographer",3.3,3.2,https://downloads.wordpress.org/theme/expert-videographer.3.3.zip,"2024-12-23 08:19:54",https://wordpress.org/themes/expert-videographer/,,7.2
fabify,Fabify,13.0,12.9,https://downloads.wordpress.org/theme/fabify.13.0.zip,"2024-12-23 08:02:25",https://wordpress.org/themes/fabify/,4.7,5.6
forest-safari,"Forest Safari",1.1.7,1.1.6,https://downloads.wordpress.org/theme/forest-safari.1.1.7.zip,"2024-12-23 07:44:58",https://wordpress.org/themes/forest-safari/,6.0,7.2
furniture-lite,"Furniture Lite",1.1,1.0,https://downloads.wordpress.org/theme/furniture-lite.1.1.zip,"2024-12-23 07:41:38",https://wordpress.org/themes/furniture-lite/,,7.4
garden-care-lite,"Garden Care Lite",1.1,1.0,https://downloads.wordpress.org/theme/garden-care-lite.1.1.zip,"2024-12-23 08:04:18",https://wordpress.org/themes/garden-care-lite/,,7.4
nail-salon-lite,"Nail Salon Lite",1.1,1.0,https://downloads.wordpress.org/theme/nail-salon-lite.1.1.zip,"2024-12-23 07:56:24",https://wordpress.org/themes/nail-salon-lite/,,7.4
nifty-lite,"Nifty Lite",12.8,12.7,https://downloads.wordpress.org/theme/nifty-lite.12.8.zip,"2024-12-23 07:59:44",https://wordpress.org/themes/nifty-lite/,4.7,5.6
pet-house,"Pet House",0.7,0.6,https://downloads.wordpress.org/theme/pet-house.0.7.zip,"2024-12-23 08:21:38",https://wordpress.org/themes/pet-house/,,7.2
revolution-video-vlog,"Revolution Video Vlog",1.5,1.4,https://downloads.wordpress.org/theme/revolution-video-vlog.1.5.zip,"2024-12-23 07:45:21",https://wordpress.org/themes/revolution-video-vlog/,6.0,7.2
rockbiz,RockBiz,10.8,10.7,https://downloads.wordpress.org/theme/rockbiz.10.8.zip,"2024-12-23 07:58:17",https://wordpress.org/themes/rockbiz/,4.7,5.6
scelar,Scelar,10.8,10.7,https://downloads.wordpress.org/theme/scelar.10.8.zip,"2024-12-23 07:57:41",https://wordpress.org/themes/scelar/,4.7,5.6
scolax,Scolax,12.1,12.0,https://downloads.wordpress.org/theme/scolax.12.1.zip,"2024-12-23 08:01:53",https://wordpress.org/themes/scolax/,4.7,5.6
skt-barbecue,"SKT Barbecue",1.2,1.1,https://downloads.wordpress.org/theme/skt-barbecue.1.2.zip,"2024-12-23 07:40:28",https://wordpress.org/themes/skt-barbecue/,,7.4
skt-nutritionist-coach,"SKT Nutritionist Coach",1.2,1.1,https://downloads.wordpress.org/theme/skt-nutritionist-coach.1.2.zip,"2024-12-23 07:41:09",https://wordpress.org/themes/skt-nutritionist-coach/,,7.4
specia,Specia,13.5,13.4,https://downloads.wordpress.org/theme/specia.13.5.zip,"2024-12-23 08:01:06",https://wordpress.org/themes/specia/,4.7,5.6
spyropress,SpyroPress,12.8,12.7,https://downloads.wordpress.org/theme/spyropress.12.8.zip,"2024-12-23 07:52:57",https://wordpress.org/themes/spyropress/,4.7,5.6
supermarket-shopping,"Supermarket Shopping",0.4,0.3,https://downloads.wordpress.org/theme/supermarket-shopping.0.4.zip,"2024-12-23 08:19:28",https://wordpress.org/themes/supermarket-shopping/,,7.2
totally,Totally,1.2.4,1.2.3,https://downloads.wordpress.org/theme/totally.1.2.4.zip,"2024-12-23 07:28:44",https://wordpress.org/themes/totally/,,5.0
webstrap,Webstrap,12.8,12.7,https://downloads.wordpress.org/theme/webstrap.12.8.zip,"2024-12-23 08:00:42",https://wordpress.org/themes/webstrap/,4.7,5.6
wp-fashion-storefront,"WP Fashion Storefront",1.1.2,1.1.1,https://downloads.wordpress.org/theme/wp-fashion-storefront.1.1.2.zip,"2024-12-23 07:46:20",https://wordpress.org/themes/wp-fashion-storefront/,6.0,7.2
wp-shop-woocommerce,"WP Shop Woocommerce",1.1.2,1.1.1,https://downloads.wordpress.org/theme/wp-shop-woocommerce.1.1.2.zip,"2024-12-23 07:47:12",https://wordpress.org/themes/wp-shop-woocommerce/,5.5,5.6
yoga-fitness-classes,"Yoga Fitness Classes",4.3,4.2,https://downloads.wordpress.org/theme/yoga-fitness-classes.4.3.zip,"2024-12-23 08:20:19",https://wordpress.org/themes/yoga-fitness-classes/,,7.2
computer-repair-services,"Computer Repair Services",2.3.2,2.3.1,https://downloads.wordpress.org/theme/computer-repair-services.2.3.2.zip,"2024-12-23 09:11:14",https://wordpress.org/themes/computer-repair-services/,5.0,7.2
computer-repair-store,"Computer Repair Store",0.5.2,0.5.1,https://downloads.wordpress.org/theme/computer-repair-store.0.5.2.zip,"2024-12-23 09:10:47",https://wordpress.org/themes/computer-repair-store/,5.0,7.2
elearning-online-courses,"Elearning Online Courses",1.3.3,1.3.2,https://downloads.wordpress.org/theme/elearning-online-courses.1.3.3.zip,"2024-12-23 09:10:23",https://wordpress.org/themes/elearning-online-courses/,,7.2
laundry-services,"Laundry Services",0.2.4,0.2.3,https://downloads.wordpress.org/theme/laundry-services.0.2.4.zip,"2024-12-23 08:52:05",https://wordpress.org/themes/laundry-services/,5.0,7.2
library-bookstore,"Library Bookstore",0.8.1,0.8,https://downloads.wordpress.org/theme/library-bookstore.0.8.1.zip,"2024-12-23 09:09:59",https://wordpress.org/themes/library-bookstore/,,7.2
medical-appointment,"Medical Appointment",1.4,1.3.9,https://downloads.wordpress.org/theme/medical-appointment.1.4.zip,"2024-12-23 09:09:38",https://wordpress.org/themes/medical-appointment/,5.0,7.2
mobile-repair-services,"Mobile Repair Services",2.2.4,2.2.3,https://downloads.wordpress.org/theme/mobile-repair-services.2.2.4.zip,"2024-12-23 09:08:59",https://wordpress.org/themes/mobile-repair-services/,5.0,7.2
modular-kitchen,"Modular Kitchen",1.3.7,1.3.6,https://downloads.wordpress.org/theme/modular-kitchen.1.3.7.zip,"2024-12-23 09:08:37",https://wordpress.org/themes/modular-kitchen/,5.0,7.2
real-estate-escrow,"Real Estate Escrow",0.5.2,0.5.1,https://downloads.wordpress.org/theme/real-estate-escrow.0.5.2.zip,"2024-12-23 09:08:08",https://wordpress.org/themes/real-estate-escrow/,5.0,7.2
real-estate-management,"Real Estate Management",2.3.1,2.3,https://downloads.wordpress.org/theme/real-estate-management.2.3.1.zip,"2024-12-23 09:07:41",https://wordpress.org/themes/real-estate-management/,5.0,7.2
skt-enterprise,"SKT Enterprise",1.2,1.1,https://downloads.wordpress.org/theme/skt-enterprise.1.2.zip,"2024-12-23 09:07:56",https://wordpress.org/themes/skt-enterprise/,,7.4
skt-gym-master,"SKT Gym Master",1.1,1.0,https://downloads.wordpress.org/theme/skt-gym-master.1.1.zip,"2024-12-23 09:23:05",https://wordpress.org/themes/skt-gym-master/,,7.4
skt-moviemaker,"SKT Moviemaker",1.3,1.2,https://downloads.wordpress.org/theme/skt-moviemaker.1.3.zip,"2024-12-23 09:22:48",https://wordpress.org/themes/skt-moviemaker/,,7.4
skt-roofing-lite,"SKT Roofing Lite",1.1,1.0,https://downloads.wordpress.org/theme/skt-roofing-lite.1.1.zip,"2024-12-23 08:58:44",https://wordpress.org/themes/skt-roofing-lite/,,7.4
skt-therapist,"SKT Therapist",1.1,1.0,https://downloads.wordpress.org/theme/skt-therapist.1.1.zip,"2024-12-23 09:17:28",https://wordpress.org/themes/skt-therapist/,,7.4
skt-windows-door,"SKT Windows Door",1.2,1.1,https://downloads.wordpress.org/theme/skt-windows-door.1.2.zip,"2024-12-23 09:09:51",https://wordpress.org/themes/skt-windows-door/,,7.4
smart-tech-blog,"Smart Tech Blog",0.4.2,0.4.1,https://downloads.wordpress.org/theme/smart-tech-blog.0.4.2.zip,"2024-12-23 09:05:37",https://wordpress.org/themes/smart-tech-blog/,5.0,7.2
vet-clinic-lite,"Vet Clinic Lite",1.1,1.0,https://downloads.wordpress.org/theme/vet-clinic-lite.1.1.zip,"2024-12-23 08:55:55",https://wordpress.org/themes/vet-clinic-lite/,,7.4
affiliate-store,"Affiliate Store",0.1.4,0.1.3,https://downloads.wordpress.org/theme/affiliate-store.0.1.4.zip,"2024-12-23 10:24:03",https://wordpress.org/themes/affiliate-store/,5.0,5.6
appointment,Appointment,3.5.1,3.5,https://downloads.wordpress.org/theme/appointment.3.5.1.zip,"2024-12-23 09:43:30",https://wordpress.org/themes/appointment/,4.5,5.4
charity-foundation,"Charity Foundation",4.5,4.4,https://downloads.wordpress.org/theme/charity-foundation.4.5.zip,"2024-12-23 09:45:49",https://wordpress.org/themes/charity-foundation/,5.0,5.6
chiropractor-therapy,"Chiropractor Therapy",4.2,4.1,https://downloads.wordpress.org/theme/chiropractor-therapy.4.2.zip,"2024-12-23 09:45:20",https://wordpress.org/themes/chiropractor-therapy/,5.0,5.6
classic-cosmetics,"Classic Cosmetics",0.4.9,0.4.8,https://downloads.wordpress.org/theme/classic-cosmetics.0.4.9.zip,"2024-12-23 10:24:48",https://wordpress.org/themes/classic-cosmetics/,5.0,5.6
colormag,ColorMag,4.0.9,4.0.8,https://downloads.wordpress.org/theme/colormag.4.0.9.zip,"2024-12-23 09:53:03",https://wordpress.org/themes/colormag/,,7.4
dental-insight,"Dental Insight",6.9,6.8,https://downloads.wordpress.org/theme/dental-insight.6.9.zip,"2024-12-23 09:44:44",https://wordpress.org/themes/dental-insight/,5.0,5.6
dentistry-clinic,"Dentistry Clinic",4.2,4.1,https://downloads.wordpress.org/theme/dentistry-clinic.4.2.zip,"2024-12-23 09:44:03",https://wordpress.org/themes/dentistry-clinic/,5.0,5.6
foodie-review-blog,"Foodie Review Blog",0.1.5,0.1.4,https://downloads.wordpress.org/theme/foodie-review-blog.0.1.5.zip,"2024-12-23 10:25:25",https://wordpress.org/themes/foodie-review-blog/,5.0,5.6
fresh-bakery-cake,"Fresh Bakery Cake",1.2.8,1.2.7,https://downloads.wordpress.org/theme/fresh-bakery-cake.1.2.8.zip,"2024-12-23 10:26:49",https://wordpress.org/themes/fresh-bakery-cake/,5.0,5.6
fundraising-charity-campaign,"Fundraising Charity Campaign",3.8,3.7,https://downloads.wordpress.org/theme/fundraising-charity-campaign.3.8.zip,"2024-12-23 09:43:30",https://wordpress.org/themes/fundraising-charity-campaign/,5.0,5.6
honeypress,HoneyPress,2.4.3,2.4.2,https://downloads.wordpress.org/theme/honeypress.2.4.3.zip,"2024-12-23 09:51:54",https://wordpress.org/themes/honeypress/,4.5,5.4
modern-ecommerce,"Modern Ecommerce",7.3,7.2,https://downloads.wordpress.org/theme/modern-ecommerce.7.3.zip,"2024-12-23 09:42:55",https://wordpress.org/themes/modern-ecommerce/,5.0,5.6
newsblogger,NewsBlogger,0.1.7.5,0.1.7.4,https://downloads.wordpress.org/theme/newsblogger.0.1.7.5.zip,"2024-12-23 09:54:03",https://wordpress.org/themes/newsblogger/,4.5,5.6
newscrunch,Newscrunch,1.7.3.5,1.7.3.4,https://downloads.wordpress.org/theme/newscrunch.1.7.3.5.zip,"2024-12-23 09:53:42",https://wordpress.org/themes/newscrunch/,4.5,5.6
ngo-charity-donation,"NGO Charity Donation",7.9,7.8,https://downloads.wordpress.org/theme/ngo-charity-donation.7.9.zip,"2024-12-23 09:42:21",https://wordpress.org/themes/ngo-charity-donation/,5.0,5.6
painting-company,"Painting Company",0.1.2,0.1.1,https://downloads.wordpress.org/theme/painting-company.0.1.2.zip,"2024-12-23 10:30:07",https://wordpress.org/themes/painting-company/,5.0,5.6
shopfront-ecommerce,"Shopfront Ecommerce",0.4.9,0.4.8,https://downloads.wordpress.org/theme/shopfront-ecommerce.0.4.9.zip,"2024-12-23 10:30:40",https://wordpress.org/themes/shopfront-ecommerce/,5.0,5.6
shopper-ecommerce,"Shopper Ecommerce",5.3,5.2,https://downloads.wordpress.org/theme/shopper-ecommerce.5.3.zip,"2024-12-23 09:41:46",https://wordpress.org/themes/shopper-ecommerce/,5.0,5.6
skt-camping,"SKT Camping",1.1,1.0,https://downloads.wordpress.org/theme/skt-camping.1.1.zip,"2024-12-23 09:37:11",https://wordpress.org/themes/skt-camping/,,7.4
skt-lights,"SKT Lights",1.2,1.1,https://downloads.wordpress.org/theme/skt-lights.1.2.zip,"2024-12-23 09:43:36",https://wordpress.org/themes/skt-lights/,,7.4
storefront-ecommerce-shop,"Storefront Ecommerce Shop",3.9,3.8,https://downloads.wordpress.org/theme/storefront-ecommerce-shop.3.9.zip,"2024-12-23 09:40:55",https://wordpress.org/themes/storefront-ecommerce-shop/,5.0,5.6
amusement-park,"Amusement Park",1.6,1.5,https://downloads.wordpress.org/theme/amusement-park.1.6.zip,"2024-12-23 11:50:18",https://wordpress.org/themes/amusement-park/,5.0,5.6
auto-car-care,"Auto Car Care",6.2,6.1,https://downloads.wordpress.org/theme/auto-car-care.6.2.zip,"2024-12-23 11:49:38",https://wordpress.org/themes/auto-car-care/,5.0,5.6
auto-dealer-lite,"Auto Dealer Lite",5.6,5.5,https://downloads.wordpress.org/theme/auto-dealer-lite.5.6.zip,"2024-12-23 11:49:08",https://wordpress.org/themes/auto-dealer-lite/,5.0,5.6
auto-motors,"Auto Motors",4.3,4.2,https://downloads.wordpress.org/theme/auto-motors.4.3.zip,"2024-12-23 11:48:07",https://wordpress.org/themes/auto-motors/,5.0,5.6
automobile-hub,"Automobile Hub",8.5,8.4,https://downloads.wordpress.org/theme/automobile-hub.8.5.zip,"2024-12-23 11:48:43",https://wordpress.org/themes/automobile-hub/,5.0,5.6
avril,Avril,11.8,11.7,https://downloads.wordpress.org/theme/avril.11.8.zip,"2024-12-23 12:49:47",https://wordpress.org/themes/avril/,4.7,5.6
centralnews,CentralNews,2.0.26,2.0.25,https://downloads.wordpress.org/theme/centralnews.2.0.26.zip,"2024-12-23 11:35:54",https://wordpress.org/themes/centralnews/,4.0,5.3
colorpress,ColorPress,11.4,11.3,https://downloads.wordpress.org/theme/colorpress.11.4.zip,"2024-12-23 12:48:38",https://wordpress.org/themes/colorpress/,4.7,5.6
conceptly,Conceptly,12.4,12.3,https://downloads.wordpress.org/theme/conceptly.12.4.zip,"2024-12-23 12:40:52",https://wordpress.org/themes/conceptly/,4.7,5.6
corpiva,Corpiva,1.0.37,1.0.36,https://downloads.wordpress.org/theme/corpiva.1.0.37.zip,"2024-12-23 12:10:46",https://wordpress.org/themes/corpiva/,4.7,5.6
corvia,Corvia,1.0.3,1.0.2,https://downloads.wordpress.org/theme/corvia.1.0.3.zip,"2024-12-23 12:11:40",https://wordpress.org/themes/corvia/,4.7,5.6
corvita,Corvita,1.0.12,1.0.11,https://downloads.wordpress.org/theme/corvita.1.0.12.zip,"2024-12-23 12:11:12",https://wordpress.org/themes/corvita/,4.7,5.6
daystory,DayStory,1.0.59,1.0.58,https://downloads.wordpress.org/theme/daystory.1.0.59.zip,"2024-12-23 12:12:54",https://wordpress.org/themes/daystory/,4.7,7.0
digital-agency-lite,"Digital Agency Lite",1.3.3,1.3.2,https://downloads.wordpress.org/theme/digital-agency-lite.1.3.3.zip,"2024-12-23 12:30:07",https://wordpress.org/themes/digital-agency-lite/,5.0,7.2
flavita,Flavita,11.5,11.4,https://downloads.wordpress.org/theme/flavita.11.5.zip,"2024-12-23 12:39:56",https://wordpress.org/themes/flavita/,4.7,5.6
globalnews,GlobalNews,1.0.15,1.0.14,https://downloads.wordpress.org/theme/globalnews.1.0.15.zip,"2024-12-23 11:36:20",https://wordpress.org/themes/globalnews/,4.0,5.3
gradiant,Gradiant,11.8,11.7,https://downloads.wordpress.org/theme/gradiant.11.8.zip,"2024-12-23 12:39:00",https://wordpress.org/themes/gradiant/,4.7,5.6
industrial-lite,"Industrial Lite",1.0.5,1.0.4,https://downloads.wordpress.org/theme/industrial-lite.1.0.5.zip,"2024-12-23 12:30:40",https://wordpress.org/themes/industrial-lite/,5.0,7.2
newsalert,NewsAlert,1.0.7,1.0.6,https://downloads.wordpress.org/theme/newsalert.1.0.7.zip,"2024-12-23 12:15:49",https://wordpress.org/themes/newsalert/,4.7,7.0
newsalt,NewsAlt,1.0.39,1.0.38,https://downloads.wordpress.org/theme/newsalt.1.0.39.zip,"2024-12-23 12:13:22",https://wordpress.org/themes/newsalt/,4.7,7.0
newsdaily,NewsDaily,1.0.61,1.0.60,https://downloads.wordpress.org/theme/newsdaily.1.0.61.zip,"2024-12-23 12:12:31",https://wordpress.org/themes/newsdaily/,4.7,7.0
newshours,NewsHours,1.0.29,1.0.28,https://downloads.wordpress.org/theme/newshours.1.0.29.zip,"2024-12-23 12:13:44",https://wordpress.org/themes/newshours/,4.7,7.0
newsical,Newsical,1.0.4,1.0.3,https://downloads.wordpress.org/theme/newsical.1.0.4.zip,"2024-12-23 11:36:39",https://wordpress.org/themes/newsical/,4.0,5.3
newsmash,NewsMash,1.0.76,1.0.75,https://downloads.wordpress.org/theme/newsmash.1.0.76.zip,"2024-12-23 12:12:10",https://wordpress.org/themes/newsmash/,4.7,7.0
newsmore,NewsMore,1.2.21,1.2.20,https://downloads.wordpress.org/theme/newsmore.1.2.21.zip,"2024-12-23 11:37:05",https://wordpress.org/themes/newsmore/,4.0,5.3
newsmunch,NewsMunch,1.0.40,1.0.39,https://downloads.wordpress.org/theme/newsmunch.1.0.40.zip,"2024-12-23 12:14:17",https://wordpress.org/themes/newsmunch/,4.7,7.0
newstick,NewsTick,1.0.36,1.0.35,https://downloads.wordpress.org/theme/newstick.1.0.36.zip,"2024-12-23 12:15:20",https://wordpress.org/themes/newstick/,4.7,7.0
nexcraft,NexCraft,2.3,2.2,https://downloads.wordpress.org/theme/nexcraft.2.3.zip,"2024-12-23 12:38:01",https://wordpress.org/themes/nexcraft/,4.7,5.6
physiotherapy-lite,"Physiotherapy Lite",1.7.4,1.7.3,https://downloads.wordpress.org/theme/physiotherapy-lite.1.7.4.zip,"2024-12-23 12:31:07",https://wordpress.org/themes/physiotherapy-lite/,5.0,7.2
vw-cleaning-company,"VW Cleaning Company",1.1.6,1.1.5,https://downloads.wordpress.org/theme/vw-cleaning-company.1.1.6.zip,"2024-12-23 12:41:33",https://wordpress.org/themes/vw-cleaning-company/,5.0,7.2
vw-consulting,"VW Consulting",0.8.4,0.8.3,https://downloads.wordpress.org/theme/vw-consulting.0.8.4.zip,"2024-12-23 12:43:39",https://wordpress.org/themes/vw-consulting/,5.0,7.2
accron,Accron,1.6.6,1.6.5,https://downloads.wordpress.org/theme/accron.1.6.6.zip,"2024-12-23 12:52:38",https://wordpress.org/themes/accron/,4.7,5.6
appointo,Appointo,11.0,10.9,https://downloads.wordpress.org/theme/appointo.11.0.zip,"2024-12-23 12:55:16",https://wordpress.org/themes/appointo/,4.7,5.6
corpex,Corpex,5.3,5.2,https://downloads.wordpress.org/theme/corpex.5.3.zip,"2024-12-23 12:54:34",https://wordpress.org/themes/corpex/,4.7,5.6
eduvert,Eduvert,11.5,11.4,https://downloads.wordpress.org/theme/eduvert.11.5.zip,"2024-12-23 13:09:08",https://wordpress.org/themes/eduvert/,4.7,5.6
hantus,Hantus,12.5,12.4,https://downloads.wordpress.org/theme/hantus.12.5.zip,"2024-12-23 13:04:52",https://wordpress.org/themes/hantus/,4.7,5.6
medazin,Medazin,9.2,9.1,https://downloads.wordpress.org/theme/medazin.9.2.zip,"2024-12-23 13:00:05",https://wordpress.org/themes/medazin/,4.7,5.6
resume-kit,"Resume kit",1.0.6,1.0.5,https://downloads.wordpress.org/theme/resume-kit.1.0.6.zip,"2024-12-23 13:12:13",https://wordpress.org/themes/resume-kit/,,5.6
startkit,StartKit,13.7,13.6,https://downloads.wordpress.org/theme/startkit.13.7.zip,"2024-12-23 12:58:49",https://wordpress.org/themes/startkit/,4.7,5.6
villapress,VillaPress,2.8,2.7,https://downloads.wordpress.org/theme/villapress.2.8.zip,"2024-12-23 12:57:47",https://wordpress.org/themes/villapress/,,7.0
lightning,Lightning,15.29.1,15.29.0,https://downloads.wordpress.org/theme/lightning.15.29.1.zip,"2024-12-23 13:48:45",https://wordpress.org/themes/lightning/,6.4,7.4
blogbyte,Blogbyte,1.0.7,1.0.6,https://downloads.wordpress.org/theme/blogbyte.1.0.7.zip,"2024-12-23 16:24:46",https://wordpress.org/themes/blogbyte/,5.3,5.6
blogprise,Blogprise,1.0.5,1.0.4,https://downloads.wordpress.org/theme/blogprise.1.0.5.zip,"2024-12-23 16:27:00",https://wordpress.org/themes/blogprise/,5.3,5.6
magty,Magty,1.0.2,1.0.1,https://downloads.wordpress.org/theme/magty.1.0.2.zip,"2024-12-23 16:21:23",https://wordpress.org/themes/magty/,5.3,5.6
aromatic,Aromatic,15.8,15.7,https://downloads.wordpress.org/theme/aromatic.15.8.zip,"2024-12-23 17:19:56",https://wordpress.org/themes/aromatic/,4.7,5.6
ayroma,Ayroma,15.3,15.2,https://downloads.wordpress.org/theme/ayroma.15.3.zip,"2024-12-23 17:20:24",https://wordpress.org/themes/ayroma/,4.7,5.6
express-store,"Express Store",11.4,11.3,https://downloads.wordpress.org/theme/express-store.11.4.zip,"2024-12-23 17:20:52",https://wordpress.org/themes/express-store/,,5.6
feauty,Feauty,15.2,15.1,https://downloads.wordpress.org/theme/feauty.15.2.zip,"2024-12-23 17:21:12",https://wordpress.org/themes/feauty/,4.7,5.6
flexi-mart,"Flexi Mart",2.4,2.3,https://downloads.wordpress.org/theme/flexi-mart.2.4.zip,"2024-12-23 17:21:57",https://wordpress.org/themes/flexi-mart/,,5.6
flossy,Flossy,7.6,7.5,https://downloads.wordpress.org/theme/flossy.7.6.zip,"2024-12-23 17:22:58",https://wordpress.org/themes/flossy/,4.7,5.6
flow-store,"Flow Store",3.5,3.4,https://downloads.wordpress.org/theme/flow-store.3.5.zip,"2024-12-23 17:25:03",https://wordpress.org/themes/flow-store/,,5.6
retailsy,Retailsy,15.1,15.0,https://downloads.wordpress.org/theme/retailsy.15.1.zip,"2024-12-23 17:29:24",https://wordpress.org/themes/retailsy/,4.7,5.6
shopient,Shopient,15.2,15.1,https://downloads.wordpress.org/theme/shopient.15.2.zip,"2024-12-23 17:31:43",https://wordpress.org/themes/shopient/,4.7,5.6
shopiva,Shopiva,15.2,15.1,https://downloads.wordpress.org/theme/shopiva.15.2.zip,"2024-12-23 17:32:10",https://wordpress.org/themes/shopiva/,4.7,5.6
shoply,Shoply,15.3,15.2,https://downloads.wordpress.org/theme/shoply.15.3.zip,"2024-12-23 17:32:31",https://wordpress.org/themes/shoply/,4.7,5.6
storefit,Storefit,9.9,9.8,https://downloads.wordpress.org/theme/storefit.9.9.zip,"2024-12-23 17:33:03",https://wordpress.org/themes/storefit/,,5.6
storely,Storely,15.6,15.5,https://downloads.wordpress.org/theme/storely.15.6.zip,"2024-12-23 17:35:05",https://wordpress.org/themes/storely/,4.7,5.6
storess,Storess,15.2,15.1,https://downloads.wordpress.org/theme/storess.15.2.zip,"2024-12-23 17:35:57",https://wordpress.org/themes/storess/,4.7,5.6
storezia,Storezia,15.3,15.2,https://downloads.wordpress.org/theme/storezia.15.3.zip,"2024-12-23 17:36:17",https://wordpress.org/themes/storezia/,4.7,5.6
blogbd,BlogBD,1.2.4,1.2.3,https://downloads.wordpress.org/theme/blogbd.1.2.4.zip,"2024-12-24 01:53:25",https://wordpress.org/themes/blogbd/,4.4,7.0
bakery-elementor,"Bakery Elementor",0.0.6,0.0.5,https://downloads.wordpress.org/theme/bakery-elementor.0.0.6.zip,"2024-12-24 04:08:37",https://wordpress.org/themes/bakery-elementor/,5.0,5.6
bookstore-exhibition,"Bookstore Exhibition",2.0.3,2.0.2,https://downloads.wordpress.org/theme/bookstore-exhibition.2.0.3.zip,"2024-12-24 04:24:08",https://wordpress.org/themes/bookstore-exhibition/,5.6,7.2
construction-contractor,"Construction Contractor",0.0.6,0.0.5,https://downloads.wordpress.org/theme/construction-contractor.0.0.6.zip,"2024-12-24 04:09:11",https://wordpress.org/themes/construction-contractor/,5.0,5.6
museum-artifact,"Museum Artifact",0.0.4,0.0.3,https://downloads.wordpress.org/theme/museum-artifact.0.0.4.zip,"2024-12-24 04:09:39",https://wordpress.org/themes/museum-artifact/,5.0,5.6
old-age-home,"Old Age Home",0.0.6,0.0.5,https://downloads.wordpress.org/theme/old-age-home.0.0.6.zip,"2024-12-24 04:10:15",https://wordpress.org/themes/old-age-home/,5.0,5.6
palawan,Palawan,1.0.1,1.0.0,https://downloads.wordpress.org/theme/palawan.1.0.1.zip,"2024-12-24 04:06:47",https://wordpress.org/themes/palawan/,,5.6
security-services-elementor,"Security Services Elementor",0.0.6,0.0.5,https://downloads.wordpress.org/theme/security-services-elementor.0.0.6.zip,"2024-12-24 04:10:45",https://wordpress.org/themes/security-services-elementor/,5.0,5.6
solar-panel-distributor,"Solar Panel Distributor",1.0.3,1.0.2,https://downloads.wordpress.org/theme/solar-panel-distributor.1.0.3.zip,"2024-12-24 04:24:36",https://wordpress.org/themes/solar-panel-distributor/,5.6,7.2
tour-travel-package,"Tour Travel Package",2.0.2,2.0.1,https://downloads.wordpress.org/theme/tour-travel-package.2.0.2.zip,"2024-12-24 04:26:09",https://wordpress.org/themes/tour-travel-package/,5.6,7.2
travelaero,Travelaero,1.0.3,1.0.2,https://downloads.wordpress.org/theme/travelaero.1.0.3.zip,"2024-12-24 03:52:38",https://wordpress.org/themes/travelaero/,6.0,7.4
unique-pizza-shop,"Unique Pizza Shop",2.0.3,2.0.2,https://downloads.wordpress.org/theme/unique-pizza-shop.2.0.3.zip,"2024-12-24 04:27:24",https://wordpress.org/themes/unique-pizza-shop/,5.6,7.2
unique-restaurant,"Unique Restaurant",2.0.5,2.0.4,https://downloads.wordpress.org/theme/unique-restaurant.2.0.5.zip,"2024-12-24 04:28:08",https://wordpress.org/themes/unique-restaurant/,5.6,7.2
veterinary-shop,"Veterinary Shop",0.0.4,0.0.3,https://downloads.wordpress.org/theme/veterinary-shop.0.0.4.zip,"2024-12-24 04:11:23",https://wordpress.org/themes/veterinary-shop/,5.0,5.6
yoga-kriya,"Yoga Kriya",2.0.3,2.0.2,https://downloads.wordpress.org/theme/yoga-kriya.2.0.3.zip,"2024-12-24 04:28:52",https://wordpress.org/themes/yoga-kriya/,5.6,7.2
business-consulting-lite,"Business Consulting Lite",4.5,4.4,https://downloads.wordpress.org/theme/business-consulting-lite.4.5.zip,"2024-12-24 06:57:08",https://wordpress.org/themes/business-consulting-lite/,5.0,5.6
clothing-store,"Clothing Store",4.9,4.8,https://downloads.wordpress.org/theme/clothing-store.4.9.zip,"2024-12-24 06:56:25",https://wordpress.org/themes/clothing-store/,5.0,5.6
fitmeal-dietitian,"Fitmeal Dietitian",4.5,4.4,https://downloads.wordpress.org/theme/fitmeal-dietitian.4.5.zip,"2024-12-24 06:55:48",https://wordpress.org/themes/fitmeal-dietitian/,5.0,5.6
healthcare-clinic,"Healthcare Clinic",4.1,4.0,https://downloads.wordpress.org/theme/healthcare-clinic.4.1.zip,"2024-12-24 06:55:21",https://wordpress.org/themes/healthcare-clinic/,5.0,5.6
lifestyle-blogging,"Lifestyle Blogging",4.5,4.4,https://downloads.wordpress.org/theme/lifestyle-blogging.4.5.zip,"2024-12-24 06:54:45",https://wordpress.org/themes/lifestyle-blogging/,5.0,5.6
medical-care,"Medical Care",8.7,8.6,https://downloads.wordpress.org/theme/medical-care.8.7.zip,"2024-12-24 06:54:15",https://wordpress.org/themes/medical-care/,5.0,5.6
medical-insight,"Medical Insight",6.1,6.0,https://downloads.wordpress.org/theme/medical-insight.6.1.zip,"2024-12-24 06:53:40",https://wordpress.org/themes/medical-insight/,5.0,5.6
nutrition-diet,"Nutrition Diet",5.2,5.1,https://downloads.wordpress.org/theme/nutrition-diet.5.2.zip,"2024-12-24 06:53:18",https://wordpress.org/themes/nutrition-diet/,5.0,5.6
ovation-blog,"Ovation Blog",7.4,7.3,https://downloads.wordpress.org/theme/ovation-blog.7.4.zip,"2024-12-24 06:52:42",https://wordpress.org/themes/ovation-blog/,5.0,5.6
ovation-health-blog,"Ovation Health Blog",5.9,5.8,https://downloads.wordpress.org/theme/ovation-health-blog.5.9.zip,"2024-12-24 07:01:30",https://wordpress.org/themes/ovation-health-blog/,5.0,5.6
responsive-blogger,"Responsive Blogger",6.3,6.2,https://downloads.wordpress.org/theme/responsive-blogger.6.3.zip,"2024-12-24 07:01:03",https://wordpress.org/themes/responsive-blogger/,5.0,5.6
t-shirt-clothing,"T-Shirt Clothing",4.4,4.3,https://downloads.wordpress.org/theme/t-shirt-clothing.4.4.zip,"2024-12-24 07:00:35",https://wordpress.org/themes/t-shirt-clothing/,5.0,5.6
automotive-centre,"Automotive Centre",1.2.2,1.2.1,https://downloads.wordpress.org/theme/automotive-centre.1.2.2.zip,"2024-12-24 08:21:27",https://wordpress.org/themes/automotive-centre/,,7.2
election-campaign,"Election Campaign",0.2.9,0.2.8,https://downloads.wordpress.org/theme/election-campaign.0.2.9.zip,"2024-12-24 08:17:34",https://wordpress.org/themes/election-campaign/,5.0,7.2
gym-training-coach,"Gym Training Coach",0.5.6,0.5.5,https://downloads.wordpress.org/theme/gym-training-coach.0.5.6.zip,"2024-12-24 08:18:06",https://wordpress.org/themes/gym-training-coach/,5.0,7.2
handyman-cleaner,"Handyman Cleaner",0.3.3,0.3.2,https://downloads.wordpress.org/theme/handyman-cleaner.0.3.3.zip,"2024-12-24 08:18:36",https://wordpress.org/themes/handyman-cleaner/,5.0,7.2
jewellery-lite,"Jewellery Lite",1.2.7,1.2.6,https://downloads.wordpress.org/theme/jewellery-lite.1.2.7.zip,"2024-12-24 08:21:58",https://wordpress.org/themes/jewellery-lite/,5.0,7.2
law-firm-lite,"Law Firm Lite",1.1.7,1.1.6,https://downloads.wordpress.org/theme/law-firm-lite.1.1.7.zip,"2024-12-24 08:25:32",https://wordpress.org/themes/law-firm-lite/,5.0,7.2
sirat,Sirat,1.4.7,1.4.6,https://downloads.wordpress.org/theme/sirat.1.4.7.zip,"2024-12-24 08:23:55",https://wordpress.org/themes/sirat/,5.0,7.2
startup-solutions,"Startup Solutions",0.3,0.2.9,https://downloads.wordpress.org/theme/startup-solutions.0.3.zip,"2024-12-24 08:19:17",https://wordpress.org/themes/startup-solutions/,5.0,7.2
township-house-villa,"Township House Villa",0.5.3,0.5.2,https://downloads.wordpress.org/theme/township-house-villa.0.5.3.zip,"2024-12-24 08:20:02",https://wordpress.org/themes/township-house-villa/,5.0,7.2
vw-travel,"VW Travel",1.2.3,1.2.2,https://downloads.wordpress.org/theme/vw-travel.1.2.3.zip,"2024-12-24 08:24:30",https://wordpress.org/themes/vw-travel/,5.0,7.2
soga,Soga,11.6,11.5,https://downloads.wordpress.org/theme/soga.11.6.zip,"2024-12-24 09:26:41",https://wordpress.org/themes/soga/,4.7,5.6
aerial-drone,"Aerial Drone",1.0.2,1.0.1,https://downloads.wordpress.org/theme/aerial-drone.1.0.2.zip,"2024-12-24 09:42:44",https://wordpress.org/themes/aerial-drone/,5.3,7.2
anamio,Anamio,12.0,11.9,https://downloads.wordpress.org/theme/anamio.12.0.zip,"2024-12-24 10:02:15",https://wordpress.org/themes/anamio/,4.7,5.6
corporate-solutions,"Corporate Solutions",3.1,3.0,https://downloads.wordpress.org/theme/corporate-solutions.3.1.zip,"2024-12-24 10:04:48",https://wordpress.org/themes/corporate-solutions/,,7.2
daizy,Daizy,10.8,10.7,https://downloads.wordpress.org/theme/daizy.10.8.zip,"2024-12-24 10:00:50",https://wordpress.org/themes/daizy/,4.7,5.6
digital-media,"Digital Media",1.0.4,1.0.2,https://downloads.wordpress.org/theme/digital-media.1.0.4.zip,"2024-12-24 09:46:13",https://wordpress.org/themes/digital-media/,5.3,7.2
fast-food-joint,"Fast Food Joint",1.0.2,1.0.1,https://downloads.wordpress.org/theme/fast-food-joint.1.0.2.zip,"2024-12-24 10:05:18",https://wordpress.org/themes/fast-food-joint/,,7.2
ferio,Ferio,3.8,3.7,https://downloads.wordpress.org/theme/ferio.3.8.zip,"2024-12-24 10:00:12",https://wordpress.org/themes/ferio/,4.7,5.6
gamers-studio,"Gamers Studio",1.8,1.7,https://downloads.wordpress.org/theme/gamers-studio.1.8.zip,"2024-12-24 10:06:30",https://wordpress.org/themes/gamers-studio/,,7.4
gruj,Gruj,12.0,11.9,https://downloads.wordpress.org/theme/gruj.12.0.zip,"2024-12-24 09:28:42",https://wordpress.org/themes/gruj/,4.7,5.6
omega-hair-salon,"Omega Hair Salon",1.1.2,1.1.1,https://downloads.wordpress.org/theme/omega-hair-salon.1.1.2.zip,"2024-12-24 09:47:02",https://wordpress.org/themes/omega-hair-salon/,5.3,7.2
omega-jewelry-store,"Omega Jewelry Store",1.2.1,1.2.0,https://downloads.wordpress.org/theme/omega-jewelry-store.1.2.1.zip,"2024-12-24 09:47:45",https://wordpress.org/themes/omega-jewelry-store/,5.3,7.2
omega-online-store,"Omega Online Store",1.1.3,1.1.2,https://downloads.wordpress.org/theme/omega-online-store.1.1.3.zip,"2024-12-24 09:49:46",https://wordpress.org/themes/omega-online-store/,5.3,7.2
roof-water-proofing,"Roof Water Proofing",1.3,1.2,https://downloads.wordpress.org/theme/roof-water-proofing.1.3.zip,"2024-12-24 10:07:18",https://wordpress.org/themes/roof-water-proofing/,,7.4
spera,Spera,12.0,11.9,https://downloads.wordpress.org/theme/spera.12.0.zip,"2024-12-24 10:02:35",https://wordpress.org/themes/spera/,4.7,5.6
travel-destination,"Travel Destination",1.0.1,1.0.0,https://downloads.wordpress.org/theme/travel-destination.1.0.1.zip,"2024-12-24 09:41:57",https://wordpress.org/themes/travel-destination/,5.3,7.2
travel-vacation,"Travel Vacation",2.5,2.4,https://downloads.wordpress.org/theme/travel-vacation.2.5.zip,"2024-12-24 10:08:02",https://wordpress.org/themes/travel-vacation/,,7.4
wind-energy,"Wind Energy",1.3,1.2,https://downloads.wordpress.org/theme/wind-energy.1.3.zip,"2024-12-24 09:50:21",https://wordpress.org/themes/wind-energy/,5.4,7.2
caresoft,CareSoft,1.0.61,1.0.60,https://downloads.wordpress.org/theme/caresoft.1.0.61.zip,"2024-12-24 11:11:57",https://wordpress.org/themes/caresoft/,4.7,5.6
cozysoft,CozySoft,1.0.78,1.0.77,https://downloads.wordpress.org/theme/cozysoft.1.0.78.zip,"2024-12-24 11:11:28",https://wordpress.org/themes/cozysoft/,4.7,5.6
easytech,EasyTech,1.0.51,1.0.50,https://downloads.wordpress.org/theme/easytech.1.0.51.zip,"2024-12-24 11:12:55",https://wordpress.org/themes/easytech/,4.7,5.6
hello-biz,"Hello Biz",1.0.1,1.0.0,https://downloads.wordpress.org/theme/hello-biz.1.0.1.zip,"2024-12-24 11:14:13",https://wordpress.org/themes/hello-biz/,6.0,7.4
megavolt-electrician,"MegaVolt Electrician",0.1.1,0.1,https://downloads.wordpress.org/theme/megavolt-electrician.0.1.1.zip,"2024-12-24 11:18:14",https://wordpress.org/themes/megavolt-electrician/,5.0,7.2
softinn,Softinn,1.0.77,1.0.76,https://downloads.wordpress.org/theme/softinn.1.0.77.zip,"2024-12-24 11:10:53",https://wordpress.org/themes/softinn/,4.7,5.6
softme,SoftMe,1.0.88,1.0.87,https://downloads.wordpress.org/theme/softme.1.0.88.zip,"2024-12-24 11:10:13",https://wordpress.org/themes/softme/,4.7,5.6
softmunch,SoftMunch,1.0.26,1.0.25,https://downloads.wordpress.org/theme/softmunch.1.0.26.zip,"2024-12-24 11:14:00",https://wordpress.org/themes/softmunch/,4.7,5.6
suntech,Suntech,1.0.55,1.0.54,https://downloads.wordpress.org/theme/suntech.1.0.55.zip,"2024-12-24 11:12:21",https://wordpress.org/themes/suntech/,4.7,5.6
truesoft,TrueSoft,1.0.34,1.0.33,https://downloads.wordpress.org/theme/truesoft.1.0.34.zip,"2024-12-24 11:13:24",https://wordpress.org/themes/truesoft/,4.7,5.6
apparel-ecommerce-store,"Apparel Ecommerce Store",2.0.6,2.0.5,https://downloads.wordpress.org/theme/apparel-ecommerce-store.2.0.6.zip,"2024-12-24 11:47:15",https://wordpress.org/themes/apparel-ecommerce-store/,5.9,5.6
building-renovation,"Building Renovation",1.0.4,1.0.3,https://downloads.wordpress.org/theme/building-renovation.1.0.4.zip,"2024-12-24 11:48:23",https://wordpress.org/themes/building-renovation/,5.9,5.6
business-consulting-agency,"Business Consulting Agency",1.0.1,1.0.0,https://downloads.wordpress.org/theme/business-consulting-agency.1.0.1.zip,"2024-12-24 11:48:52",https://wordpress.org/themes/business-consulting-agency/,5.9,5.6
digital-services-agency,"Digital Services Agency",3.0.1,3.0.0,https://downloads.wordpress.org/theme/digital-services-agency.3.0.1.zip,"2024-12-24 11:49:26",https://wordpress.org/themes/digital-services-agency/,5.9,5.6
fse-business,"FSE Business",3.0.4,3.0.3,https://downloads.wordpress.org/theme/fse-business.3.0.4.zip,"2024-12-24 11:49:51",https://wordpress.org/themes/fse-business/,5.9,5.6
coffee-tea,"Coffee Tea",3.7,3.6,https://downloads.wordpress.org/theme/coffee-tea.3.7.zip,"2024-12-24 13:15:36",https://wordpress.org/themes/coffee-tea/,,7.2
expert-fitness-trainer,"Expert Fitness Trainer",1.7,1.6,https://downloads.wordpress.org/theme/expert-fitness-trainer.1.7.zip,"2024-12-24 13:24:47",https://wordpress.org/themes/expert-fitness-trainer/,,7.2
expert-ngo-volunteer,"Expert NGO Volunteer",0.7,0.6,https://downloads.wordpress.org/theme/expert-ngo-volunteer.0.7.zip,"2024-12-24 13:17:02",https://wordpress.org/themes/expert-ngo-volunteer/,,7.2
expert-photographer,"Expert Photographer",3.4,3.3,https://downloads.wordpress.org/theme/expert-photographer.3.4.zip,"2024-12-24 13:17:54",https://wordpress.org/themes/expert-photographer/,,7.2
expert-sports-coach,"Expert Sports Coach",0.3.7,0.3.6,https://downloads.wordpress.org/theme/expert-sports-coach.0.3.7.zip,"2024-12-24 13:16:29",https://wordpress.org/themes/expert-sports-coach/,,7.2
medicine-shop,"Medicine Shop",3.7,3.6,https://downloads.wordpress.org/theme/medicine-shop.3.7.zip,"2024-12-24 13:18:35",https://wordpress.org/themes/medicine-shop/,,7.2
solar-system-company,"Solar System Company",1.7,1.6,https://downloads.wordpress.org/theme/solar-system-company.1.7.zip,"2024-12-24 13:14:59",https://wordpress.org/themes/solar-system-company/,,7.2
brandy,Brandy,1.2.0,1.1.8,https://downloads.wordpress.org/theme/brandy.1.2.0.zip,"2024-12-24 14:16:49",https://wordpress.org/themes/brandy/,5.0,5.7
boutique-garment-store,"Boutique Garment Store",0.8.4,0.8.3,https://downloads.wordpress.org/theme/boutique-garment-store.0.8.4.zip,"2024-12-24 15:35:35",https://wordpress.org/themes/boutique-garment-store/,,7.2
cosmetic-ecommerce-store,"Cosmetic Ecommerce Store",1.7.4,1.7.3,https://downloads.wordpress.org/theme/cosmetic-ecommerce-store.1.7.4.zip,"2024-12-24 15:35:54",https://wordpress.org/themes/cosmetic-ecommerce-store/,5.0,7.2
electrical-home-gadget,"Electrical Home Gadget",0.8.2,0.8.1,https://downloads.wordpress.org/theme/electrical-home-gadget.0.8.2.zip,"2024-12-24 15:36:15",https://wordpress.org/themes/electrical-home-gadget/,,7.2
football-sports-club,"Football Sports Club",0.4.1,0.4,https://downloads.wordpress.org/theme/football-sports-club.0.4.1.zip,"2024-12-24 15:36:43",https://wordpress.org/themes/football-sports-club/,5.0,7.2
personal-coach-lite,"Personal Coach Lite",0.0.2,0.0.1,https://downloads.wordpress.org/theme/personal-coach-lite.0.0.2.zip,"2024-12-24 15:35:08",https://wordpress.org/themes/personal-coach-lite/,5.0,7.2
real-estate-builder,"Real Estate Builder",0.7.2,0.7.1,https://downloads.wordpress.org/theme/real-estate-builder.0.7.2.zip,"2024-12-24 15:37:00",https://wordpress.org/themes/real-estate-builder/,5.0,7.2
soccer-football,"Soccer Football",1.8.1,1.8,https://downloads.wordpress.org/theme/soccer-football.1.8.1.zip,"2024-12-24 15:37:27",https://wordpress.org/themes/soccer-football/,5.0,7.2
tour-operator-agency,"Tour Operator Agency",0.6.2,0.6.1,https://downloads.wordpress.org/theme/tour-operator-agency.0.6.2.zip,"2024-12-24 15:37:48",https://wordpress.org/themes/tour-operator-agency/,,7.2
traveller-agency,"Traveller Agency",1.9.2,1.9.1,https://downloads.wordpress.org/theme/traveller-agency.1.9.2.zip,"2024-12-24 15:38:14",https://wordpress.org/themes/traveller-agency/,5.0,7.2
aravalli,Aravalli,11.5,11.4,https://downloads.wordpress.org/theme/aravalli.11.5.zip,"2024-12-24 17:02:47",https://wordpress.org/themes/aravalli/,4.7,5.6
boostify,Boostify,11.5,11.4,https://downloads.wordpress.org/theme/boostify.11.5.zip,"2024-12-24 17:01:41",https://wordpress.org/themes/boostify/,4.7,5.6
colorsy,Colorsy,11.3,11.2,https://downloads.wordpress.org/theme/colorsy.11.3.zip,"2024-12-24 17:04:01",https://wordpress.org/themes/colorsy/,4.7,5.6
convo,Convo,6.6,6.5,https://downloads.wordpress.org/theme/convo.6.6.zip,"2024-12-24 17:00:58",https://wordpress.org/themes/convo/,,7.0
cosmics,Cosmics,11.3,11.2,https://downloads.wordpress.org/theme/cosmics.11.3.zip,"2024-12-24 17:09:58",https://wordpress.org/themes/cosmics/,4.7,5.6
eventplus,EventPlus,11.0,10.9,https://downloads.wordpress.org/theme/eventplus.11.0.zip,"2024-12-24 17:09:00",https://wordpress.org/themes/eventplus/,4.7,5.6
evita,Evita,1.4.8,1.4.7,https://downloads.wordpress.org/theme/evita.1.4.8.zip,"2024-12-24 17:07:57",https://wordpress.org/themes/evita/,,5.6
fiona-blog,"Fiona Blog",11.6,11.5,https://downloads.wordpress.org/theme/fiona-blog.11.6.zip,"2024-12-24 17:00:37",https://wordpress.org/themes/fiona-blog/,4.7,5.6
metasoft,MetaSoft,11.5,11.4,https://downloads.wordpress.org/theme/metasoft.11.5.zip,"2024-12-24 17:00:01",https://wordpress.org/themes/metasoft/,4.7,5.6
renoval,Renoval,10.8,10.7,https://downloads.wordpress.org/theme/renoval.10.8.zip,"2024-12-24 17:06:01",https://wordpress.org/themes/renoval/,4.7,5.6
startweb,StartWeb,11.6,11.5,https://downloads.wordpress.org/theme/startweb.11.6.zip,"2024-12-24 17:06:47",https://wordpress.org/themes/startweb/,4.7,5.6
travelfic,Travelfic,1.1.10,1.1.9,https://downloads.wordpress.org/theme/travelfic.1.1.10.zip,"2024-12-24 17:13:26",https://wordpress.org/themes/travelfic/,4.9,7.4
ultimate-hotel-booking,"Ultimate Hotel Booking",1.0.9,1.0.8,https://downloads.wordpress.org/theme/ultimate-hotel-booking.1.0.9.zip,"2024-12-24 17:11:44",https://wordpress.org/themes/ultimate-hotel-booking/,4.9,7.4
starter-blog,"Starter Blog",2.1.2,2.1.1,https://downloads.wordpress.org/theme/starter-blog.2.1.2.zip,"2024-12-24 18:04:49",https://wordpress.org/themes/starter-blog/,,7.0
alexia,Alexia,1.0.57,1.0.56,https://downloads.wordpress.org/theme/alexia.1.0.57.zip,"2024-12-24 19:05:30",https://wordpress.org/themes/alexia/,,5.4
alvert,Alvert,1.0.19,1.0.18,https://downloads.wordpress.org/theme/alvert.1.0.19.zip,"2024-12-24 19:19:03",https://wordpress.org/themes/alvert/,,5.4
arvila,Arvila,1.0.52,1.0.51,https://downloads.wordpress.org/theme/arvila.1.0.52.zip,"2024-12-24 19:06:40",https://wordpress.org/themes/arvila/,,5.4
avine,Avine,1.0.46,1.0.45,https://downloads.wordpress.org/theme/avine.1.0.46.zip,"2024-12-24 19:08:48",https://wordpress.org/themes/avine/,,5.4
avire,Avire,1.0.36,1.0.35,https://downloads.wordpress.org/theme/avire.1.0.36.zip,"2024-12-24 19:11:19",https://wordpress.org/themes/avire/,,5.4
enovia,Enovia,1.0.44,1.0.43,https://downloads.wordpress.org/theme/enovia.1.0.44.zip,"2024-12-24 19:10:05",https://wordpress.org/themes/enovia/,,5.4
flecto,Flecto,1.0.31,1.0.30,https://downloads.wordpress.org/theme/flecto.1.0.31.zip,"2024-12-24 19:15:07",https://wordpress.org/themes/flecto/,,5.4
flixicart,FlixiCart,1.0.64,1.0.63,https://downloads.wordpress.org/theme/flixicart.1.0.64.zip,"2024-12-24 19:03:51",https://wordpress.org/themes/flixicart/,,5.4
flixify,Flixify,1.0.34,1.0.33,https://downloads.wordpress.org/theme/flixify.1.0.34.zip,"2024-12-24 19:12:41",https://wordpress.org/themes/flixify/,,5.4
flixita,Flixita,1.0.87,1.0.86,https://downloads.wordpress.org/theme/flixita.1.0.87.zip,"2024-12-24 19:01:49",https://wordpress.org/themes/flixita/,,5.4
multibiz,MultiBiz,1.0.49,1.0.48,https://downloads.wordpress.org/theme/multibiz.1.0.49.zip,"2024-12-24 19:07:45",https://wordpress.org/themes/multibiz/,,5.4
quickbiz,QuickBiz,1.0.26,1.0.25,https://downloads.wordpress.org/theme/quickbiz.1.0.26.zip,"2024-12-24 19:16:10",https://wordpress.org/themes/quickbiz/,,5.4
quickify,Quickify,1.0.14,1.0.13,https://downloads.wordpress.org/theme/quickify.1.0.14.zip,"2024-12-24 19:20:22",https://wordpress.org/themes/quickify/,,5.4
avinza,Avinza,1.0.8,1.0.7,https://downloads.wordpress.org/theme/avinza.1.0.8.zip,"2024-12-24 19:21:32",https://wordpress.org/themes/avinza/,,5.4
hakoniwa,Hakoniwa,1.1.0,1.0.46,https://downloads.wordpress.org/theme/hakoniwa.1.1.0.zip,"2024-12-24 23:09:34",https://wordpress.org/themes/hakoniwa/,6.5,7.4
blogarc,BlogArc,1.0.1,1.0.0,https://downloads.wordpress.org/theme/blogarc.1.0.1.zip,"2024-12-25 02:25:33",https://wordpress.org/themes/blogarc/,5.9,5.6
auto-car-repair,"Auto Car Repair",0.1.4,0.1.3,https://downloads.wordpress.org/theme/auto-car-repair.0.1.4.zip,"2024-12-25 04:39:25",https://wordpress.org/themes/auto-car-repair/,5.0,5.6
coming-soon-shortly,"Coming Soon Shortly",0.1.3,0.1.2,https://downloads.wordpress.org/theme/coming-soon-shortly.0.1.3.zip,"2024-12-25 04:39:50",https://wordpress.org/themes/coming-soon-shortly/,5.0,5.6
cyber-security-elementor,"Cyber Security Elementor",0.1.2,0.1.1,https://downloads.wordpress.org/theme/cyber-security-elementor.0.1.2.zip,"2024-12-25 04:40:29",https://wordpress.org/themes/cyber-security-elementor/,5.0,5.6
event-organizer-elemento,"Event Organizer Elemento",0.1.8,0.1.7,https://downloads.wordpress.org/theme/event-organizer-elemento.0.1.8.zip,"2024-12-25 04:41:27",https://wordpress.org/themes/event-organizer-elemento/,5.0,5.6
fast-food-delivery,"Fast Food Delivery",0.1.3,0.1.2,https://downloads.wordpress.org/theme/fast-food-delivery.0.1.3.zip,"2024-12-25 04:42:08",https://wordpress.org/themes/fast-food-delivery/,5.0,5.6
property-listing-elementor,"Property Listing Elementor",0.1.2,0.1.1,https://downloads.wordpress.org/theme/property-listing-elementor.0.1.2.zip,"2024-12-25 04:42:48",https://wordpress.org/themes/property-listing-elementor/,5.0,5.6
boxing-martial-arts,"Boxing Martial Arts",2.3,2.2,https://downloads.wordpress.org/theme/boxing-martial-arts.2.3.zip,"2024-12-25 07:06:10",https://wordpress.org/themes/boxing-martial-arts/,5.0,5.6
carpenter-workshop,"Carpenter Workshop",2.0,1.9,https://downloads.wordpress.org/theme/carpenter-workshop.2.0.zip,"2024-12-25 07:06:40",https://wordpress.org/themes/carpenter-workshop/,5.0,5.6
electronic-gadget-store,"Electronic Gadget Store",1.2,1.1,https://downloads.wordpress.org/theme/electronic-gadget-store.1.2.zip,"2024-12-25 07:07:13",https://wordpress.org/themes/electronic-gadget-store/,5.0,5.6
fitness-supplement-store,"Fitness Supplement Store",1.6,1.5,https://downloads.wordpress.org/theme/fitness-supplement-store.1.6.zip,"2024-12-25 07:07:48",https://wordpress.org/themes/fitness-supplement-store/,5.0,5.6
forest-eco-nature,"Forest Eco Nature",1.9,1.8,https://downloads.wordpress.org/theme/forest-eco-nature.1.9.zip,"2024-12-25 07:08:30",https://wordpress.org/themes/forest-eco-nature/,5.0,5.6
newsphere,Newsphere,4.3.0,4.2.1,https://downloads.wordpress.org/theme/newsphere.4.3.0.zip,"2024-12-25 07:22:15",https://wordpress.org/themes/newsphere/,4.0,5.3
altra,Altra,1.0.85,1.0.84,https://downloads.wordpress.org/theme/altra.1.0.85.zip,"2024-12-25 07:26:35",https://wordpress.org/themes/altra/,4.7,5.6
atrux,Atrux,1.0.68,1.0.67,https://downloads.wordpress.org/theme/atrux.1.0.68.zip,"2024-12-25 07:28:38",https://wordpress.org/themes/atrux/,4.7,5.6
atua,Atua,1.0.99,1.0.98,https://downloads.wordpress.org/theme/atua.1.0.99.zip,"2024-12-25 07:25:41",https://wordpress.org/themes/atua/,4.7,5.6
atus,Atus,1.0.80,1.0.79,https://downloads.wordpress.org/theme/atus.1.0.80.zip,"2024-12-25 07:27:43",https://wordpress.org/themes/atus/,4.7,5.6
atuvi,Atuvi,1.0.30,1.0.29,https://downloads.wordpress.org/theme/atuvi.1.0.30.zip,"2024-12-25 07:29:44",https://wordpress.org/themes/atuvi/,4.7,5.6
atuxa,Atuxa,1.0.35,1.0.34,https://downloads.wordpress.org/theme/atuxa.1.0.35.zip,"2024-12-25 07:29:22",https://wordpress.org/themes/atuxa/,4.7,5.6
avvy,Avvy,1.0.82,1.0.81,https://downloads.wordpress.org/theme/avvy.1.0.82.zip,"2024-12-25 07:27:19",https://wordpress.org/themes/avvy/,4.7,5.6
consultant-appointment,"Consultant Appointment",1.1,1.0.0,https://downloads.wordpress.org/theme/consultant-appointment.1.1.zip,"2024-12-25 08:03:25",https://wordpress.org/themes/consultant-appointment/,5.5,5.6
flexea,Flexea,1.0.70,1.0.69,https://downloads.wordpress.org/theme/flexea.1.0.70.zip,"2024-12-25 07:28:10",https://wordpress.org/themes/flexea/,4.7,5.6
flexeo,Flexeo,1.0.89,1.0.88,https://downloads.wordpress.org/theme/flexeo.1.0.89.zip,"2024-12-25 07:26:56",https://wordpress.org/themes/flexeo/,4.7,5.6
flexina,Flexina,1.0.25,1.0.24,https://downloads.wordpress.org/theme/flexina.1.0.25.zip,"2024-12-25 07:30:11",https://wordpress.org/themes/flexina/,4.7,5.6
fluxa,Fluxa,1.0.54,1.0.53,https://downloads.wordpress.org/theme/fluxa.1.0.54.zip,"2024-12-25 07:29:01",https://wordpress.org/themes/fluxa/,4.7,5.6
lighting-fixtures,"Lighting Fixtures",2.1.8,2.1.7,https://downloads.wordpress.org/theme/lighting-fixtures.2.1.8.zip,"2024-12-25 07:45:51",https://wordpress.org/themes/lighting-fixtures/,5.9,5.6
machine-learning,"Machine Learning",1.0.3,1.0.2,https://downloads.wordpress.org/theme/machine-learning.1.0.3.zip,"2024-12-25 07:47:00",https://wordpress.org/themes/machine-learning/,,5.6
resort-hotel-inn,"Resort Hotel Inn",3.0.1,3.0.0,https://downloads.wordpress.org/theme/resort-hotel-inn.3.0.1.zip,"2024-12-25 07:48:05",https://wordpress.org/themes/resort-hotel-inn/,5.9,5.6
tailor-stylist,"Tailor Stylist",2.0.7,2.0.6,https://downloads.wordpress.org/theme/tailor-stylist.2.0.7.zip,"2024-12-25 07:48:47",https://wordpress.org/themes/tailor-stylist/,5.9,5.6
vegetable-gardening,"Vegetable Gardening",1.0.3,1.0.2,https://downloads.wordpress.org/theme/vegetable-gardening.1.0.3.zip,"2024-12-25 07:49:31",https://wordpress.org/themes/vegetable-gardening/,5.9,5.6
ac-repairing-services,"AC Repairing Services",0.2.5,0.2.4,https://downloads.wordpress.org/theme/ac-repairing-services.0.2.5.zip,"2024-12-25 09:07:09",https://wordpress.org/themes/ac-repairing-services/,5.0,7.2
christmas-holiday,"Christmas Holiday",0.5.3,0.5.2,https://downloads.wordpress.org/theme/christmas-holiday.0.5.3.zip,"2024-12-25 09:07:50",https://wordpress.org/themes/christmas-holiday/,5.0,7.2
cloudpress-agency,"CloudPress Agency",1.2.7,1.2.6,https://downloads.wordpress.org/theme/cloudpress-agency.1.2.7.zip,"2024-12-25 08:52:43",https://wordpress.org/themes/cloudpress-agency/,4.5,5.4
cloudpress-business,"CloudPress Business",1.2.7,1.2.6,https://downloads.wordpress.org/theme/cloudpress-business.1.2.7.zip,"2024-12-25 08:53:05",https://wordpress.org/themes/cloudpress-business/,4.5,5.4
cloudpress-dark,"CloudPress Dark",1.1.2,1.1.1,https://downloads.wordpress.org/theme/cloudpress-dark.1.1.2.zip,"2024-12-25 08:53:29",https://wordpress.org/themes/cloudpress-dark/,4.5,5.4
cloudpress,CloudPress,2.6.3,2.6.2,https://downloads.wordpress.org/theme/cloudpress.2.6.3.zip,"2024-12-25 08:52:05",https://wordpress.org/themes/cloudpress/,4.5,5.4
driving-school-lite,"Driving School Lite",1.0.9,1.0.8,https://downloads.wordpress.org/theme/driving-school-lite.1.0.9.zip,"2024-12-25 09:22:14",https://wordpress.org/themes/driving-school-lite/,5.0,7.2
multipurpose-lawyer,"Multipurpose Lawyer",1.0.4,1.0.3,https://downloads.wordpress.org/theme/multipurpose-lawyer.1.0.4.zip,"2024-12-25 09:22:55",https://wordpress.org/themes/multipurpose-lawyer/,5.0,7.2
multipurpose-magazine,"Multipurpose Magazine",1.1.2,1.1.1,https://downloads.wordpress.org/theme/multipurpose-magazine.1.1.2.zip,"2024-12-25 09:23:37",https://wordpress.org/themes/multipurpose-magazine/,5.0,7.2
multipurpose-photography,"Multipurpose Photography",1.0.3,1.0.2,https://downloads.wordpress.org/theme/multipurpose-photography.1.0.3.zip,"2024-12-25 09:25:02",https://wordpress.org/themes/multipurpose-photography/,5.0,7.2
shoes-store,"Shoes Store",0.2.1,0.2,https://downloads.wordpress.org/theme/shoes-store.0.2.1.zip,"2024-12-25 09:08:29",https://wordpress.org/themes/shoes-store/,5.0,7.2
veterinary-pet-care,"Veterinary Pet Care",1.0.5,1.0.4,https://downloads.wordpress.org/theme/veterinary-pet-care.1.0.5.zip,"2024-12-25 09:21:16",https://wordpress.org/themes/veterinary-pet-care/,5.0,7.2
vw-eco-nature,"VW Eco Nature",1.3.1,1.3,https://downloads.wordpress.org/theme/vw-eco-nature.1.3.1.zip,"2024-12-25 09:10:06",https://wordpress.org/themes/vw-eco-nature/,5.0,7.2
vw-ecommerce-store,"VW Ecommerce Store",1.3.8,1.3.7,https://downloads.wordpress.org/theme/vw-ecommerce-store.1.3.8.zip,"2024-12-25 09:09:08",https://wordpress.org/themes/vw-ecommerce-store/,5.0,7.2
vw-furniture-carpenter,"VW Furniture Carpenter",1.2.7,1.2.6,https://downloads.wordpress.org/theme/vw-furniture-carpenter.1.2.7.zip,"2024-12-25 09:10:34",https://wordpress.org/themes/vw-furniture-carpenter/,5.0,7.2
vw-personal-trainer,"VW Personal Trainer",1.1.9,1.1.8,https://downloads.wordpress.org/theme/vw-personal-trainer.1.1.9.zip,"2024-12-25 09:11:31",https://wordpress.org/themes/vw-personal-trainer/,5.0,7.2
acronix,Acronix,1.3.9,1.3.8,https://downloads.wordpress.org/theme/acronix.1.3.9.zip,"2024-12-25 12:18:34",https://wordpress.org/themes/acronix/,,5.6
aera,Aera,11.5,11.4,https://downloads.wordpress.org/theme/aera.11.5.zip,"2024-12-25 12:10:53",https://wordpress.org/themes/aera/,4.7,5.6
ameya,Ameya,11.4,11.3,https://downloads.wordpress.org/theme/ameya.11.4.zip,"2024-12-25 12:10:25",https://wordpress.org/themes/ameya/,4.7,5.6
animal-pet-shop,"Animal Pet Shop",0.4.6,0.4.5,https://downloads.wordpress.org/theme/animal-pet-shop.0.4.6.zip,"2024-12-25 11:50:58",https://wordpress.org/themes/animal-pet-shop/,5.0,7.2
arbuda,Arbuda,11.3,11.2,https://downloads.wordpress.org/theme/arbuda.11.3.zip,"2024-12-25 12:20:11",https://wordpress.org/themes/arbuda/,4.7,5.6
articlewave,Articlewave,1.0.6,1.0.5,https://downloads.wordpress.org/theme/articlewave.1.0.6.zip,"2024-12-25 11:34:48",https://wordpress.org/themes/articlewave/,,7.2
belltech,Belltech,11.3,11.2,https://downloads.wordpress.org/theme/belltech.11.3.zip,"2024-12-25 12:17:59",https://wordpress.org/themes/belltech/,4.7,5.6
builderse,Builderse,9.7,9.6,https://downloads.wordpress.org/theme/builderse.9.7.zip,"2024-12-25 12:19:37",https://wordpress.org/themes/builderse/,4.7,5.6
charity-zone,"Charity Zone",0.9.1,0.9,https://downloads.wordpress.org/theme/charity-zone.0.9.1.zip,"2024-12-25 11:57:28",https://wordpress.org/themes/charity-zone/,5.0,7.2
crowdfunding-donation,"Crowdfunding Donation",0.5.5,0.5.4,https://downloads.wordpress.org/theme/crowdfunding-donation.0.5.5.zip,"2024-12-25 11:53:09",https://wordpress.org/themes/crowdfunding-donation/,5.0,7.2
eractor,Eractor,9.3,9.2,https://downloads.wordpress.org/theme/eractor.9.3.zip,"2024-12-25 12:19:17",https://wordpress.org/themes/eractor/,4.7,5.6
fashion-ecommerce-zone,"Fashion Ecommerce Zone",2.3,2.2.9,https://downloads.wordpress.org/theme/fashion-ecommerce-zone.2.3.zip,"2024-12-25 11:56:20",https://wordpress.org/themes/fashion-ecommerce-zone/,5.0,7.2
fiona-food,"Fiona Food",11.5,11.4,https://downloads.wordpress.org/theme/fiona-food.11.5.zip,"2024-12-25 12:18:58",https://wordpress.org/themes/fiona-food/,4.7,5.6
handyman-cleaning-service,"Handyman Cleaning Service",2.3.1,2.3,https://downloads.wordpress.org/theme/handyman-cleaning-service.2.3.1.zip,"2024-12-25 11:52:11",https://wordpress.org/themes/handyman-cleaning-service/,5.0,7.2
ngo-non-profit,"NGO Non Profit",2.3.1,2.3,https://downloads.wordpress.org/theme/ngo-non-profit.2.3.1.zip,"2024-12-25 11:51:42",https://wordpress.org/themes/ngo-non-profit/,5.0,7.2
saaya-blogger,"Saaya Blogger",1.0.2,1.0.1,https://downloads.wordpress.org/theme/saaya-blogger.1.0.2.zip,"2024-12-25 11:38:13",https://wordpress.org/themes/saaya-blogger/,4.7,5.6
smart-cleaning-company,"Smart Cleaning Company",2.3.1,2.3,https://downloads.wordpress.org/theme/smart-cleaning-company.2.3.1.zip,"2024-12-25 11:52:38",https://wordpress.org/themes/smart-cleaning-company/,5.0,7.2
startbiz,StartBiz,12.3,12.2,https://downloads.wordpress.org/theme/startbiz.12.3.zip,"2024-12-25 12:07:55",https://wordpress.org/themes/startbiz/,4.7,5.6
varuda,Varuda,11.4,11.3,https://downloads.wordpress.org/theme/varuda.11.4.zip,"2024-12-25 12:08:13",https://wordpress.org/themes/varuda/,4.7,5.6
aromatic,Aromatic,15.9,15.8,https://downloads.wordpress.org/theme/aromatic.15.9.zip,"2024-12-25 12:50:19",https://wordpress.org/themes/aromatic/,4.7,5.6
cosmetic-store,"Cosmetic Store",4.7,4.6,https://downloads.wordpress.org/theme/cosmetic-store.4.7.zip,"2024-12-25 13:16:18",https://wordpress.org/themes/cosmetic-store/,5.0,7.2
fitness-coaching,"Fitness Coaching",5.2,5.1,https://downloads.wordpress.org/theme/fitness-coaching.5.2.zip,"2024-12-25 13:15:35",https://wordpress.org/themes/fitness-coaching/,5.0,7.2
flossy,Flossy,7.7,7.6,https://downloads.wordpress.org/theme/flossy.7.7.zip,"2024-12-25 12:50:40",https://wordpress.org/themes/flossy/,4.7,5.6
gaming-lite,"Gaming Lite",4.5,4.4,https://downloads.wordpress.org/theme/gaming-lite.4.5.zip,"2024-12-25 13:14:55",https://wordpress.org/themes/gaming-lite/,5.0,7.2
retailsy,Retailsy,15.2,15.1,https://downloads.wordpress.org/theme/retailsy.15.2.zip,"2024-12-25 12:51:14",https://wordpress.org/themes/retailsy/,4.7,5.6
soccer-sports,"Soccer Sports",1.0.2,1.0.1,https://downloads.wordpress.org/theme/soccer-sports.1.0.2.zip,"2024-12-25 13:14:24",https://wordpress.org/themes/soccer-sports/,6.0,5.6
storely,Storely,15.7,15.6,https://downloads.wordpress.org/theme/storely.15.7.zip,"2024-12-25 12:51:38",https://wordpress.org/themes/storely/,4.7,5.6
the-travel-booking,"The Travel Booking",4.9,4.8,https://downloads.wordpress.org/theme/the-travel-booking.4.9.zip,"2024-12-25 13:13:46",https://wordpress.org/themes/the-travel-booking/,5.0,7.2
transport-solutions,"Transport Solutions",1.7.4,1.7.3,https://downloads.wordpress.org/theme/transport-solutions.1.7.4.zip,"2024-12-25 13:13:11",https://wordpress.org/themes/transport-solutions/,5.0,7.2
x-t9,X-T9,1.29.0,1.28.1,https://downloads.wordpress.org/theme/x-t9.1.29.0.zip,"2024-12-25 13:52:33",https://wordpress.org/themes/x-t9/,6.5,7.4
patterns-agency,"Patterns Agency",1.0.2,1.0.1,https://downloads.wordpress.org/theme/patterns-agency.1.0.2.zip,"2024-12-25 14:40:20",https://wordpress.org/themes/patterns-agency/,6.6,5.6
airin-blog,"Airin Blog",1.7.1,1.6.9,https://downloads.wordpress.org/theme/airin-blog.1.7.1.zip,"2024-12-25 19:00:26",https://wordpress.org/themes/airin-blog/,6.0,7.1
blocksy,Blocksy,2.0.83,2.0.82,https://downloads.wordpress.org/theme/blocksy.2.0.83.zip,"2024-12-25 20:03:27",https://wordpress.org/themes/blocksy/,5.2,7.0
books-printing,"Books Printing",0.2.5,0.2.4,https://downloads.wordpress.org/theme/books-printing.0.2.5.zip,"2024-12-26 05:10:10",https://wordpress.org/themes/books-printing/,5.0,5.6
cultural-festival,"Cultural Festival",0.9,0.8,https://downloads.wordpress.org/theme/cultural-festival.0.9.zip,"2024-12-26 05:15:23",https://wordpress.org/themes/cultural-festival/,5.6,7.2
ecommerce-store-elementor,"Ecommerce Store Elementor",1.0.4,1.0.3,https://downloads.wordpress.org/theme/ecommerce-store-elementor.1.0.4.zip,"2024-12-26 05:15:45",https://wordpress.org/themes/ecommerce-store-elementor/,5.6,7.2
fashion-shop-storefront,"Fashion Shop Storefront",0.3.3,0.3.2,https://downloads.wordpress.org/theme/fashion-shop-storefront.0.3.3.zip,"2024-12-26 05:10:53",https://wordpress.org/themes/fashion-shop-storefront/,5.0,5.6
lms-education-elementor,"LMS Education Elementor",0.3.2,0.3.1,https://downloads.wordpress.org/theme/lms-education-elementor.0.3.2.zip,"2024-12-26 05:11:26",https://wordpress.org/themes/lms-education-elementor/,5.0,5.6
mizan-real-estate,"Mizan Real Estate",0.9,0.8,https://downloads.wordpress.org/theme/mizan-real-estate.0.9.zip,"2024-12-26 05:16:11",https://wordpress.org/themes/mizan-real-estate/,5.6,7.2
pastry-shop,"Pastry Shop",0.4,0.3,https://downloads.wordpress.org/theme/pastry-shop.0.4.zip,"2024-12-26 05:21:06",https://wordpress.org/themes/pastry-shop/,5.6,7.2
printing-press,"Printing Press",0.3.1,0.3,https://downloads.wordpress.org/theme/printing-press.0.3.1.zip,"2024-12-26 05:11:51",https://wordpress.org/themes/printing-press/,5.0,5.6
seo-digital-agency,"SEO Digital Agency",0.3,0.2.9,https://downloads.wordpress.org/theme/seo-digital-agency.0.3.zip,"2024-12-26 05:12:17",https://wordpress.org/themes/seo-digital-agency/,5.0,5.6
travel-hiking,"Travel Hiking",0.3.1,0.3,https://downloads.wordpress.org/theme/travel-hiking.0.3.1.zip,"2024-12-26 05:12:44",https://wordpress.org/themes/travel-hiking/,5.0,5.6
royal-elementor-kit,"Royal Elementor Kit",1.0.127,1.0.126,https://downloads.wordpress.org/theme/royal-elementor-kit.1.0.127.zip,"2024-12-26 06:07:38",https://wordpress.org/themes/royal-elementor-kit/,4.7,5.2
apparel-ecommerce-store,"Apparel Ecommerce Store",2.0.7,2.0.6,https://downloads.wordpress.org/theme/apparel-ecommerce-store.2.0.7.zip,"2024-12-26 08:05:17",https://wordpress.org/themes/apparel-ecommerce-store/,5.9,5.6
building-renovation,"Building Renovation",1.0.5,1.0.4,https://downloads.wordpress.org/theme/building-renovation.1.0.5.zip,"2024-12-26 08:08:43",https://wordpress.org/themes/building-renovation/,5.9,5.6
business-consulting-agency,"Business Consulting Agency",1.0.2,1.0.1,https://downloads.wordpress.org/theme/business-consulting-agency.1.0.2.zip,"2024-12-26 08:06:27",https://wordpress.org/themes/business-consulting-agency/,5.9,5.6
digital-services-agency,"Digital Services Agency",3.0.2,3.0.1,https://downloads.wordpress.org/theme/digital-services-agency.3.0.2.zip,"2024-12-26 08:07:42",https://wordpress.org/themes/digital-services-agency/,5.9,5.6
fse-business,"FSE Business",3.0.5,3.0.4,https://downloads.wordpress.org/theme/fse-business.3.0.5.zip,"2024-12-26 08:09:32",https://wordpress.org/themes/fse-business/,5.9,5.6
travelscape,Travelscape,1.0.9,1.0.8,https://downloads.wordpress.org/theme/travelscape.1.0.9.zip,"2024-12-26 07:50:58",https://wordpress.org/themes/travelscape/,,7.4
lz-charity-welfare,"LZ Charity Welfare",0.5.8,0.5.7,https://downloads.wordpress.org/theme/lz-charity-welfare.0.5.8.zip,"2024-12-26 09:04:29",https://wordpress.org/themes/lz-charity-welfare/,,7.2
modern-architecture,"Modern Architecture",0.4.6,0.4.5,https://downloads.wordpress.org/theme/modern-architecture.0.4.6.zip,"2024-12-26 09:05:56",https://wordpress.org/themes/modern-architecture/,5.0,7.2
my-resume,"My Resume",2.3.7,2.3.6,https://downloads.wordpress.org/theme/my-resume.2.3.7.zip,"2024-12-26 09:05:09",https://wordpress.org/themes/my-resume/,5.0,7.2
urja-solar-energy,"Urja Solar Energy",0.6.9,0.6.8,https://downloads.wordpress.org/theme/urja-solar-energy.0.6.9.zip,"2024-12-26 09:04:00",https://wordpress.org/themes/urja-solar-energy/,5.0,7.2
aviation-industry,"Aviation Industry",1.0.6,1.0.5,https://downloads.wordpress.org/theme/aviation-industry.1.0.6.zip,"2024-12-26 10:13:17",https://wordpress.org/themes/aviation-industry/,5.5,7.2
fruits-farming,"Fruits Farming",1.0.9,1.0.8,https://downloads.wordpress.org/theme/fruits-farming.1.0.9.zip,"2024-12-26 10:14:05",https://wordpress.org/themes/fruits-farming/,5.5,7.2
kindergarten-toys,"Kindergarten Toys",1.0.5,1.0.4,https://downloads.wordpress.org/theme/kindergarten-toys.1.0.5.zip,"2024-12-26 10:14:43",https://wordpress.org/themes/kindergarten-toys/,5.3,7.2
omega-design-agency,"Omega Design Agency",1.0.5,1.0.4,https://downloads.wordpress.org/theme/omega-design-agency.1.0.5.zip,"2024-12-26 10:15:19",https://wordpress.org/themes/omega-design-agency/,5.3,7.2
omega-storefront,"Omega Storefront",1.0.6,1.0.5,https://downloads.wordpress.org/theme/omega-storefront.1.0.6.zip,"2024-12-26 10:16:21",https://wordpress.org/themes/omega-storefront/,5.3,7.2
omega-travel-agents,"Omega Travel Agents",1.0.6,1.0.5,https://downloads.wordpress.org/theme/omega-travel-agents.1.0.6.zip,"2024-12-26 10:17:04",https://wordpress.org/themes/omega-travel-agents/,5.3,7.2
ott-vlogger,"OTT Vlogger",1.0.7,1.0.6,https://downloads.wordpress.org/theme/ott-vlogger.1.0.7.zip,"2024-12-26 10:17:41",https://wordpress.org/themes/ott-vlogger/,5.3,7.2
ph-periodical,"PH Periodical",1.0.1.1,1.0.1,https://downloads.wordpress.org/theme/ph-periodical.1.0.1.1.zip,"2024-12-26 10:16:09",https://wordpress.org/themes/ph-periodical/,,5.6
watch-store,"Watch Store",0.5.2,0.5.1,https://downloads.wordpress.org/theme/watch-store.0.5.2.zip,"2024-12-26 09:50:12",https://wordpress.org/themes/watch-store/,5.0,7.2
appointable,Appointable,11.0,10.9,https://downloads.wordpress.org/theme/appointable.11.0.zip,"2024-12-26 11:31:05",https://wordpress.org/themes/appointable/,4.7,5.6
appointment-booking,"Appointment Booking",1.1.1,1.1,https://downloads.wordpress.org/theme/appointment-booking.1.1.1.zip,"2024-12-26 12:08:23",https://wordpress.org/themes/appointment-booking/,,7.2
aqeeq-agency,"Aqeeq Agency",0.5.7,0.5.6,https://downloads.wordpress.org/theme/aqeeq-agency.0.5.7.zip,"2024-12-26 12:08:57",https://wordpress.org/themes/aqeeq-agency/,5.0,7.2
arkbiz,ArkBiz,11.0,10.9,https://downloads.wordpress.org/theme/arkbiz.11.0.zip,"2024-12-26 11:30:32",https://wordpress.org/themes/arkbiz/,4.7,5.6
cartable,Cartable,11.0,10.9,https://downloads.wordpress.org/theme/cartable.11.0.zip,"2024-12-26 11:26:45",https://wordpress.org/themes/cartable/,4.7,5.6
centralnews,CentralNews,2.0.27,2.0.26,https://downloads.wordpress.org/theme/centralnews.2.0.27.zip,"2024-12-26 12:14:16",https://wordpress.org/themes/centralnews/,4.0,5.3
chromenews,ChromeNews,5.3.0,5.2.1,https://downloads.wordpress.org/theme/chromenews.5.3.0.zip,"2024-12-26 12:04:15",https://wordpress.org/themes/chromenews/,4.0,5.3
covernews,CoverNews,5.2.2,5.2.1,https://downloads.wordpress.org/theme/covernews.5.2.2.zip,"2024-12-26 12:06:18",https://wordpress.org/themes/covernews/,4.0,5.3
digi-restaurant,"Digi Restaurant",0.6.5,0.6.4,https://downloads.wordpress.org/theme/digi-restaurant.0.6.5.zip,"2024-12-26 12:30:58",https://wordpress.org/themes/digi-restaurant/,5.0,7.2
ecommerce-center,"Ecommerce Center",0.5.8,0.5.7,https://downloads.wordpress.org/theme/ecommerce-center.0.5.8.zip,"2024-12-26 12:30:33",https://wordpress.org/themes/ecommerce-center/,5.0,7.2
fortify,Fortify,3.0,2.9,https://downloads.wordpress.org/theme/fortify.3.0.zip,"2024-12-26 11:30:04",https://wordpress.org/themes/fortify/,4.7,5.6
globalnews,GlobalNews,1.0.16,1.0.15,https://downloads.wordpress.org/theme/globalnews.1.0.16.zip,"2024-12-26 12:14:32",https://wordpress.org/themes/globalnews/,4.0,5.3
heropress,HeroPress,13.0,12.9,https://downloads.wordpress.org/theme/heropress.13.0.zip,"2024-12-26 11:29:41",https://wordpress.org/themes/heropress/,4.7,5.6
hstore,hstore,11.0,10.9,https://downloads.wordpress.org/theme/hstore.11.0.zip,"2024-12-26 11:29:14",https://wordpress.org/themes/hstore/,4.7,5.6
ideate,Ideate,11.0,10.9,https://downloads.wordpress.org/theme/ideate.11.0.zip,"2024-12-26 11:26:02",https://wordpress.org/themes/ideate/,4.7,5.6
keto-organic-diet,"Keto Organic Diet",0.5.2,0.5.1,https://downloads.wordpress.org/theme/keto-organic-diet.0.5.2.zip,"2024-12-26 12:09:31",https://wordpress.org/themes/keto-organic-diet/,5.0,7.2
laxity,Laxity,11.0,10.9,https://downloads.wordpress.org/theme/laxity.11.0.zip,"2024-12-26 11:26:24",https://wordpress.org/themes/laxity/,4.7,5.6
magzee,MagZee,13.0,12.9,https://downloads.wordpress.org/theme/magzee.13.0.zip,"2024-12-26 11:25:41",https://wordpress.org/themes/magzee/,4.7,5.6
makeup-artist,"Makeup Artist",0.8.5,0.8.4,https://downloads.wordpress.org/theme/makeup-artist.0.8.5.zip,"2024-12-26 12:10:02",https://wordpress.org/themes/makeup-artist/,5.0,7.2
mobile-repair-zone,"Mobile Repair Zone",2.3.2,2.3.1,https://downloads.wordpress.org/theme/mobile-repair-zone.2.3.2.zip,"2024-12-26 12:27:41",https://wordpress.org/themes/mobile-repair-zone/,5.0,7.2
morenews,MoreNews,3.2.4,3.2.3,https://downloads.wordpress.org/theme/morenews.3.2.4.zip,"2024-12-26 12:06:59",https://wordpress.org/themes/morenews/,4.0,5.3
neek,Neek,11.0,10.9,https://downloads.wordpress.org/theme/neek.11.0.zip,"2024-12-26 11:27:51",https://wordpress.org/themes/neek/,4.7,5.6
newsical,Newsical,1.0.5,1.0.4,https://downloads.wordpress.org/theme/newsical.1.0.5.zip,"2024-12-26 12:14:53",https://wordpress.org/themes/newsical/,4.0,5.3
newsmore,NewsMore,1.2.22,1.2.21,https://downloads.wordpress.org/theme/newsmore.1.2.22.zip,"2024-12-26 12:15:18",https://wordpress.org/themes/newsmore/,4.0,5.3
ngo-social-services,"NGO Social Services",0.4.7,0.4.6,https://downloads.wordpress.org/theme/ngo-social-services.0.4.7.zip,"2024-12-26 12:26:30",https://wordpress.org/themes/ngo-social-services/,5.0,7.2
personal-coach-lite,"Personal Coach Lite",0.0.3,0.0.2,https://downloads.wordpress.org/theme/personal-coach-lite.0.0.3.zip,"2024-12-26 12:27:00",https://wordpress.org/themes/personal-coach-lite/,5.0,7.2
pet-accessory-store,"Pet Accessory Store",0.0.3,0.0.2,https://downloads.wordpress.org/theme/pet-accessory-store.0.0.3.zip,"2024-12-26 12:29:56",https://wordpress.org/themes/pet-accessory-store/,5.0,7.2
proficient,Proficient,12.9,12.8,https://downloads.wordpress.org/theme/proficient.12.9.zip,"2024-12-26 11:31:40",https://wordpress.org/themes/proficient/,4.7,5.6
vw-sports,"VW Sports",0.9.6,0.9.5,https://downloads.wordpress.org/theme/vw-sports.0.9.6.zip,"2024-12-26 12:11:30",https://wordpress.org/themes/vw-sports/,5.0,7.2
wall-decor-wallpaper,"Wall Decor Wallpaper",0.6.8,0.6.7,https://downloads.wordpress.org/theme/wall-decor-wallpaper.0.6.8.zip,"2024-12-26 12:10:47",https://wordpress.org/themes/wall-decor-wallpaper/,5.0,7.2
warehouse-cargo,"Warehouse Cargo",2.4.9,2.4.8,https://downloads.wordpress.org/theme/warehouse-cargo.2.4.9.zip,"2024-12-26 12:28:40",https://wordpress.org/themes/warehouse-cargo/,5.0,7.2
avenza,Avenza,1.4.2,1.4.1,https://downloads.wordpress.org/theme/avenza.1.4.2.zip,"2024-12-26 14:12:24",https://wordpress.org/themes/avenza/,,5.6
avitech,Avitech,11.3,11.2,https://downloads.wordpress.org/theme/avitech.11.3.zip,"2024-12-26 14:12:41",https://wordpress.org/themes/avitech/,4.7,5.6
avtari,Avtari,11.3,11.2,https://downloads.wordpress.org/theme/avtari.11.3.zip,"2024-12-26 14:13:53",https://wordpress.org/themes/avtari/,4.7,5.6
azwa,Azwa,11.4,11.3,https://downloads.wordpress.org/theme/azwa.11.4.zip,"2024-12-26 14:12:57",https://wordpress.org/themes/azwa/,4.7,5.6
cormex,Cormex,3.8,3.7,https://downloads.wordpress.org/theme/cormex.3.8.zip,"2024-12-26 14:16:31",https://wordpress.org/themes/cormex/,,5.6
envira,Envira,11.3,11.2,https://downloads.wordpress.org/theme/envira.11.3.zip,"2024-12-26 14:13:22",https://wordpress.org/themes/envira/,4.7,5.6
fiona-news,"Fiona News",11.5,11.4,https://downloads.wordpress.org/theme/fiona-news.11.5.zip,"2024-12-26 14:16:09",https://wordpress.org/themes/fiona-news/,4.7,5.6
motivational-speaker,"Motivational Speaker",4.7,4.6,https://downloads.wordpress.org/theme/motivational-speaker.4.7.zip,"2024-12-26 13:45:45",https://wordpress.org/themes/motivational-speaker/,5.0,5.6
one-login-business,"One Login Business",4.0,3.9,https://downloads.wordpress.org/theme/one-login-business.4.0.zip,"2024-12-26 13:44:37",https://wordpress.org/themes/one-login-business/,,5.6
prespa,Prespa,1.4.8,1.4.6,https://downloads.wordpress.org/theme/prespa.1.4.8.zip,"2024-12-26 14:05:03",https://wordpress.org/themes/prespa/,6.1,5.6
recycling-energy,"Recycling Energy",4.3,4.2,https://downloads.wordpress.org/theme/recycling-energy.4.3.zip,"2024-12-26 13:43:54",https://wordpress.org/themes/recycling-energy/,5.0,5.6
senior-care-lite,"Senior Care Lite",4.2,4.1,https://downloads.wordpress.org/theme/senior-care-lite.4.2.zip,"2024-12-26 13:43:12",https://wordpress.org/themes/senior-care-lite/,5.0,5.6
techine,Techine,11.3,11.2,https://downloads.wordpress.org/theme/techine.11.3.zip,"2024-12-26 14:10:56",https://wordpress.org/themes/techine/,4.7,5.6
thai-spa,"Thai Spa",11.5,11.4,https://downloads.wordpress.org/theme/thai-spa.11.5.zip,"2024-12-26 14:15:37",https://wordpress.org/themes/thai-spa/,4.7,5.6
timeblog,TimeBlog,7.5,7.4,https://downloads.wordpress.org/theme/timeblog.7.5.zip,"2024-12-26 14:14:28",https://wordpress.org/themes/timeblog/,4.7,5.6
prespa,Prespa,1.4.9,1.4.8,https://downloads.wordpress.org/theme/prespa.1.4.9.zip,"2024-12-26 15:14:00",https://wordpress.org/themes/prespa/,6.1,5.6
profolio,Profolio,3.4,3.3,https://downloads.wordpress.org/theme/profolio.3.4.zip,"2024-12-26 14:31:54",https://wordpress.org/themes/profolio/,,5.6
business-assistant,"Business Assistant",2.3,2.2,https://downloads.wordpress.org/theme/business-assistant.2.3.zip,"2024-12-26 16:04:51",https://wordpress.org/themes/business-assistant/,5.0,7.2
education-skill-development,"Education Skill Development",8.0,7.9,https://downloads.wordpress.org/theme/education-skill-development.8.0.zip,"2024-12-26 16:07:46",https://wordpress.org/themes/education-skill-development/,,7.2
elite-construction-industry,"Elite Construction Industry",10.0,9.9,https://downloads.wordpress.org/theme/elite-construction-industry.10.0.zip,"2024-12-26 16:08:26",https://wordpress.org/themes/elite-construction-industry/,,7.2
elite-security-guard,"Elite Security Guard",3.0,2.9,https://downloads.wordpress.org/theme/elite-security-guard.3.0.zip,"2024-12-26 16:09:34",https://wordpress.org/themes/elite-security-guard/,,7.2
film-celebrity,"Film Celebrity",5.1,5.0,https://downloads.wordpress.org/theme/film-celebrity.5.1.zip,"2024-12-26 16:10:21",https://wordpress.org/themes/film-celebrity/,,7.2
jeweller-store,"Jeweller Store",2.3,2.2,https://downloads.wordpress.org/theme/jeweller-store.2.3.zip,"2024-12-26 16:05:38",https://wordpress.org/themes/jeweller-store/,5.0,7.2
misbah-one-page,"Misbah One Page",2.3,2.2,https://downloads.wordpress.org/theme/misbah-one-page.2.3.zip,"2024-12-26 16:06:15",https://wordpress.org/themes/misbah-one-page/,,7.2
photography-album,"Photography Album",1.7,1.6,https://downloads.wordpress.org/theme/photography-album.1.7.zip,"2024-12-26 16:11:02",https://wordpress.org/themes/photography-album/,,7.2
prespa,Prespa,1.5.1,1.4.9,https://downloads.wordpress.org/theme/prespa.1.5.1.zip,"2024-12-26 15:59:23",https://wordpress.org/themes/prespa/,6.1,5.6
real-estate-property,"Real Estate Property",6.0,5.9,https://downloads.wordpress.org/theme/real-estate-property.6.0.zip,"2024-12-26 16:11:40",https://wordpress.org/themes/real-estate-property/,,7.2
color-magazine,"Color Magazine",1.1.0,1.0.9,https://downloads.wordpress.org/theme/color-magazine.1.1.0.zip,"2024-12-27 06:22:04",https://wordpress.org/themes/color-magazine/,5.0,7.4
color-newsly,"Color Newsly",1.0.2,1.0.1,https://downloads.wordpress.org/theme/color-newsly.1.0.2.zip,"2024-12-27 06:31:55",https://wordpress.org/themes/color-newsly/,4.7,7.2
feminine-style-coach,"Feminine Style Coach",2.0,1.9,https://downloads.wordpress.org/theme/feminine-style-coach.2.0.zip,"2024-12-27 06:30:58",https://wordpress.org/themes/feminine-style-coach/,5.0,5.6
hair-spa-salon,"Hair Spa Salon",1.0,0.9,https://downloads.wordpress.org/theme/hair-spa-salon.1.0.zip,"2024-12-27 06:33:24",https://wordpress.org/themes/hair-spa-salon/,5.0,5.6
hardware-store-hub,"Hardware Store Hub",2.2,2.1,https://downloads.wordpress.org/theme/hardware-store-hub.2.2.zip,"2024-12-27 06:30:18",https://wordpress.org/themes/hardware-store-hub/,5.0,5.6
lightning,Lightning,15.29.2,15.29.1,https://downloads.wordpress.org/theme/lightning.15.29.2.zip,"2024-12-27 05:56:19",https://wordpress.org/themes/lightning/,6.4,7.4
luxury-hotels,"Luxury Hotels",2.7,2.6,https://downloads.wordpress.org/theme/luxury-hotels.2.7.zip,"2024-12-27 06:29:37",https://wordpress.org/themes/luxury-hotels/,5.0,5.6
pharmacy-shop,"Pharmacy Shop",3.0,2.9,https://downloads.wordpress.org/theme/pharmacy-shop.3.0.zip,"2024-12-27 06:34:50",https://wordpress.org/themes/pharmacy-shop/,5.0,5.6
real-estate-hub,"Real Estate Hub",3.1,3.0,https://downloads.wordpress.org/theme/real-estate-hub.3.1.zip,"2024-12-27 06:28:51",https://wordpress.org/themes/real-estate-hub/,5.0,5.6
stylish-blog,"Stylish Blog",2.3,2.2,https://downloads.wordpress.org/theme/stylish-blog.2.3.zip,"2024-12-27 06:32:46",https://wordpress.org/themes/stylish-blog/,5.0,5.6
weight-loss-center,"Weight Loss Center",1.8,1.7,https://downloads.wordpress.org/theme/weight-loss-center.1.8.zip,"2024-12-27 06:28:06",https://wordpress.org/themes/weight-loss-center/,5.0,5.6
window-blinds-repair,"Window Blinds Repair",1.6,1.5,https://downloads.wordpress.org/theme/window-blinds-repair.1.6.zip,"2024-12-27 06:31:49",https://wordpress.org/themes/window-blinds-repair/,5.0,5.6
darknews,DarkNews,3.2.1,3.2.0,https://downloads.wordpress.org/theme/darknews.3.2.1.zip,"2024-12-27 07:00:54",https://wordpress.org/themes/darknews/,4.0,5.3
elegant-magazine,"Elegant Magazine",4.2.1,4.2.0,https://downloads.wordpress.org/theme/elegant-magazine.4.2.1.zip,"2024-12-27 07:01:23",https://wordpress.org/themes/elegant-magazine/,4.0,5.3
enternews,EnterNews,3.2.2,3.2.1,https://downloads.wordpress.org/theme/enternews.3.2.2.zip,"2024-12-27 07:03:19",https://wordpress.org/themes/enternews/,4.0,5.3
holiday-vacation,"Holiday Vacation",2.4,2.3,https://downloads.wordpress.org/theme/holiday-vacation.2.4.zip,"2024-12-27 06:35:37",https://wordpress.org/themes/holiday-vacation/,5.0,5.6
newsever,Newsever,4.2.1,4.2.0,https://downloads.wordpress.org/theme/newsever.4.2.1.zip,"2024-12-27 07:02:23",https://wordpress.org/themes/newsever/,4.0,5.3
restaurant-fast-food,"Restaurant Fast Food",2.4,2.3,https://downloads.wordpress.org/theme/restaurant-fast-food.2.4.zip,"2024-12-27 06:36:32",https://wordpress.org/themes/restaurant-fast-food/,5.0,5.6
advance-automobile,"Advance Automobile",1.2.3,1.2.2,https://downloads.wordpress.org/theme/advance-automobile.1.2.3.zip,"2024-12-27 08:15:54",https://wordpress.org/themes/advance-automobile/,5.0,7.2
advance-coaching,"Advance Coaching",1.2.2,1.2.1,https://downloads.wordpress.org/theme/advance-coaching.1.2.2.zip,"2024-12-27 08:16:32",https://wordpress.org/themes/advance-coaching/,5.0,7.2
advance-education,"Advance Education",1.1.5,1.1.4,https://downloads.wordpress.org/theme/advance-education.1.1.5.zip,"2024-12-27 08:17:12",https://wordpress.org/themes/advance-education/,,7.2
advance-it-company,"Advance IT Company",1.2.1,1.2,https://downloads.wordpress.org/theme/advance-it-company.1.2.1.zip,"2024-12-27 08:17:45",https://wordpress.org/themes/advance-it-company/,5.0,7.2
advance-pet-care,"Advance Pet Care",1.3.3,1.3.2,https://downloads.wordpress.org/theme/advance-pet-care.1.3.3.zip,"2024-12-27 08:19:47",https://wordpress.org/themes/advance-pet-care/,5.0,7.2
agriculture-farm,"Agriculture Farm",0.7.3,0.7.2,https://downloads.wordpress.org/theme/agriculture-farm.0.7.3.zip,"2024-12-27 08:21:15",https://wordpress.org/themes/agriculture-farm/,5.0,7.2
art-gallery-museum,"Art Gallery Museum",0.6.5,0.6.4,https://downloads.wordpress.org/theme/art-gallery-museum.0.6.5.zip,"2024-12-27 08:10:43",https://wordpress.org/themes/art-gallery-museum/,5.0,7.2
chalak-driving-school,"Chalak Driving School",0.5.9,0.5.8,https://downloads.wordpress.org/theme/chalak-driving-school.0.5.9.zip,"2024-12-27 08:02:19",https://wordpress.org/themes/chalak-driving-school/,,7.2
creative-one-page,"Creative One Page",0.7.4,0.7.3,https://downloads.wordpress.org/theme/creative-one-page.0.7.4.zip,"2024-12-27 08:21:57",https://wordpress.org/themes/creative-one-page/,5.0,7.2
electronics-gadgets,"Electronics Gadgets",1.4.7,1.4.6,https://downloads.wordpress.org/theme/electronics-gadgets.1.4.7.zip,"2024-12-27 08:11:17",https://wordpress.org/themes/electronics-gadgets/,5.0,7.2
electronics-store,"Electronics Store",1.2.1,1.2,https://downloads.wordpress.org/theme/electronics-store.1.2.1.zip,"2024-12-27 08:11:48",https://wordpress.org/themes/electronics-store/,5.0,7.2
expert-plumber,"Expert Plumber",0.4.5,0.4.4,https://downloads.wordpress.org/theme/expert-plumber.0.4.5.zip,"2024-12-27 08:00:44",https://wordpress.org/themes/expert-plumber/,5.0,7.2
halloween-party,"Halloween Party",0.5.9,0.5.8,https://downloads.wordpress.org/theme/halloween-party.0.5.9.zip,"2024-12-27 08:00:55",https://wordpress.org/themes/halloween-party/,5.0,7.2
logistic-transport,"Logistic Transport",1.3.7,1.3.6,https://downloads.wordpress.org/theme/logistic-transport.1.3.7.zip,"2024-12-27 08:12:42",https://wordpress.org/themes/logistic-transport/,5.0,7.2
lz-fashion-ecommerce,"LZ Fashion Ecommerce",0.6.7,0.6.6,https://downloads.wordpress.org/theme/lz-fashion-ecommerce.0.6.7.zip,"2024-12-27 08:01:28",https://wordpress.org/themes/lz-fashion-ecommerce/,,7.2
private-tutor,"Private Tutor",2.9,2.8,https://downloads.wordpress.org/theme/private-tutor.2.9.zip,"2024-12-27 08:00:02",https://wordpress.org/themes/private-tutor/,5.0,7.2
transportation-shipment,"Transportation Shipment",1.4.5,1.4.4,https://downloads.wordpress.org/theme/transportation-shipment.1.4.5.zip,"2024-12-27 08:13:18",https://wordpress.org/themes/transportation-shipment/,5.0,5.6
vw-car-rental,"VW Car Rental",1.2.8,1.2.7,https://downloads.wordpress.org/theme/vw-car-rental.1.2.8.zip,"2024-12-27 08:05:27",https://wordpress.org/themes/vw-car-rental/,5.0,7.2
vw-driving-school,"VW Driving School",1.2.3,1.2.2,https://downloads.wordpress.org/theme/vw-driving-school.1.2.3.zip,"2024-12-27 08:06:00",https://wordpress.org/themes/vw-driving-school/,5.0,7.2
vw-education-academy,"VW Education Academy",1.3.4,1.3.3,https://downloads.wordpress.org/theme/vw-education-academy.1.3.4.zip,"2024-12-27 08:06:31",https://wordpress.org/themes/vw-education-academy/,5.0,7.2
vw-event-planner,"VW Event Planner",1.2.9,1.2.8,https://downloads.wordpress.org/theme/vw-event-planner.1.2.9.zip,"2024-12-27 08:07:03",https://wordpress.org/themes/vw-event-planner/,5.0,7.2
vw-medical-care,"VW Medical Care",1.3,1.2.9,https://downloads.wordpress.org/theme/vw-medical-care.1.3.zip,"2024-12-27 08:07:47",https://wordpress.org/themes/vw-medical-care/,5.0,7.2
vw-painter,"VW Painter",1.2.9,1.2.8,https://downloads.wordpress.org/theme/vw-painter.1.2.9.zip,"2024-12-27 08:08:43",https://wordpress.org/themes/vw-painter/,5.0,7.2
vw-wedding,"VW Wedding",1.1.9,1.1.8,https://downloads.wordpress.org/theme/vw-wedding.1.1.9.zip,"2024-12-27 08:10:11",https://wordpress.org/themes/vw-wedding/,5.0,7.2
vw-yoga-fitness,"VW Yoga Fitness",2.1.2,2.1.1,https://downloads.wordpress.org/theme/vw-yoga-fitness.2.1.2.zip,"2024-12-27 08:09:18",https://wordpress.org/themes/vw-yoga-fitness/,5.0,7.2
water-sports-club,"Water Sports Club",0.4.9,0.4.8,https://downloads.wordpress.org/theme/water-sports-club.0.4.9.zip,"2024-12-27 07:59:05",https://wordpress.org/themes/water-sports-club/,5.0,7.2
centralnews,CentralNews,2.0.28,2.0.27,https://downloads.wordpress.org/theme/centralnews.2.0.28.zip,"2024-12-27 09:23:54",https://wordpress.org/themes/centralnews/,4.0,5.3
globalnews,GlobalNews,1.0.17,1.0.16,https://downloads.wordpress.org/theme/globalnews.1.0.17.zip,"2024-12-27 09:23:31",https://wordpress.org/themes/globalnews/,4.0,5.3
newsical,Newsical,1.0.6,1.0.5,https://downloads.wordpress.org/theme/newsical.1.0.6.zip,"2024-12-27 09:23:12",https://wordpress.org/themes/newsical/,4.0,5.3
newsmore,NewsMore,1.2.23,1.2.22,https://downloads.wordpress.org/theme/newsmore.1.2.23.zip,"2024-12-27 09:22:48",https://wordpress.org/themes/newsmore/,4.0,5.3
vw-blog-magazine,"VW Blog Magazine",1.2.2,1.2.1,https://downloads.wordpress.org/theme/vw-blog-magazine.1.2.2.zip,"2024-12-27 08:33:31",https://wordpress.org/themes/vw-blog-magazine/,5.0,7.2
vw-corporate-lite,"VW Corporate Lite",2.6.7,2.6.6,https://downloads.wordpress.org/theme/vw-corporate-lite.2.6.7.zip,"2024-12-27 08:34:24",https://wordpress.org/themes/vw-corporate-lite/,5.0,7.2
vw-education-lite,"VW Education Lite",2.0.5,2.0.4,https://downloads.wordpress.org/theme/vw-education-lite.2.0.5.zip,"2024-12-27 08:34:58",https://wordpress.org/themes/vw-education-lite/,5.0,7.2
vw-parallax,"VW Parallax",1.1.5,1.1.4,https://downloads.wordpress.org/theme/vw-parallax.1.1.5.zip,"2024-12-27 08:35:27",https://wordpress.org/themes/vw-parallax/,5.0,7.2
vw-school-education,"VW School Education",1.3.1,1.3,https://downloads.wordpress.org/theme/vw-school-education.1.3.1.zip,"2024-12-27 08:36:51",https://wordpress.org/themes/vw-school-education/,,7.2
aviation-industry,"Aviation Industry",1.0.7,1.0.6,https://downloads.wordpress.org/theme/aviation-industry.1.0.7.zip,"2024-12-27 10:08:06",https://wordpress.org/themes/aviation-industry/,5.5,7.2
fruits-farming,"Fruits Farming",1.1.0,1.0.9,https://downloads.wordpress.org/theme/fruits-farming.1.1.0.zip,"2024-12-27 10:08:42",https://wordpress.org/themes/fruits-farming/,5.5,7.2
kindergarten-toys,"Kindergarten Toys",1.0.6,1.0.5,https://downloads.wordpress.org/theme/kindergarten-toys.1.0.6.zip,"2024-12-27 10:09:21",https://wordpress.org/themes/kindergarten-toys/,5.3,7.2
omega-design-agency,"Omega Design Agency",1.0.6,1.0.5,https://downloads.wordpress.org/theme/omega-design-agency.1.0.6.zip,"2024-12-27 10:10:00",https://wordpress.org/themes/omega-design-agency/,5.3,7.2
omega-storefront,"Omega Storefront",1.0.7,1.0.6,https://downloads.wordpress.org/theme/omega-storefront.1.0.7.zip,"2024-12-27 10:12:19",https://wordpress.org/themes/omega-storefront/,5.3,7.2
omega-travel-agents,"Omega Travel Agents",1.0.7,1.0.6,https://downloads.wordpress.org/theme/omega-travel-agents.1.0.7.zip,"2024-12-27 10:12:57",https://wordpress.org/themes/omega-travel-agents/,5.3,7.2
ott-vlogger,"OTT Vlogger",1.0.8,1.0.7,https://downloads.wordpress.org/theme/ott-vlogger.1.0.8.zip,"2024-12-27 10:13:38",https://wordpress.org/themes/ott-vlogger/,5.3,7.2
cream-blog,"Cream Blog",2.1.6,2.1.5,https://downloads.wordpress.org/theme/cream-blog.2.1.6.zip,"2024-12-27 11:19:55",https://wordpress.org/themes/cream-blog/,5.0,7.0
cream-magazine,"Cream Magazine",2.1.8,2.1.7,https://downloads.wordpress.org/theme/cream-magazine.2.1.8.zip,"2024-12-27 11:20:47",https://wordpress.org/themes/cream-magazine/,5.0.0,5.6
fascinate,Fascinate,1.1.2,1.1.1,https://downloads.wordpress.org/theme/fascinate.1.1.2.zip,"2024-12-27 11:21:41",https://wordpress.org/themes/fascinate/,5.0,
nifty-lite,"Nifty Lite",12.9,12.8,https://downloads.wordpress.org/theme/nifty-lite.12.9.zip,"2024-12-27 10:59:58",https://wordpress.org/themes/nifty-lite/,4.7,5.6
rockbiz,RockBiz,10.9,10.8,https://downloads.wordpress.org/theme/rockbiz.10.9.zip,"2024-12-27 10:56:15",https://wordpress.org/themes/rockbiz/,4.7,5.6
royale-news,"Royale News",2.2.3,2.2.2,https://downloads.wordpress.org/theme/royale-news.2.2.3.zip,"2024-12-27 11:18:29",https://wordpress.org/themes/royale-news/,,7.0
scelar,Scelar,10.9,10.8,https://downloads.wordpress.org/theme/scelar.10.9.zip,"2024-12-27 10:55:45",https://wordpress.org/themes/scelar/,4.7,5.6
spyropress,SpyroPress,12.9,12.8,https://downloads.wordpress.org/theme/spyropress.12.9.zip,"2024-12-27 10:55:16",https://wordpress.org/themes/spyropress/,4.7,5.6
basal-fse,"Basal FSE",1.2,1.1,https://downloads.wordpress.org/theme/basal-fse.1.2.zip,"2024-12-27 12:24:05",https://wordpress.org/themes/basal-fse/,,7.4
book-publisher,"Book Publisher",0.4.7,0.4.6,https://downloads.wordpress.org/theme/book-publisher.0.4.7.zip,"2024-12-27 12:42:45",https://wordpress.org/themes/book-publisher/,5.0,7.2
business-lawyer-firm,"Business Lawyer Firm",0.5.3,0.5.2,https://downloads.wordpress.org/theme/business-lawyer-firm.0.5.3.zip,"2024-12-27 12:42:25",https://wordpress.org/themes/business-lawyer-firm/,5.0,7.2
dog-breeder,"Dog Breeder",0.4.8,0.4.7,https://downloads.wordpress.org/theme/dog-breeder.0.4.8.zip,"2024-12-27 12:44:04",https://wordpress.org/themes/dog-breeder/,5.0,7.2
hotel-booking-lite,"Hotel Booking Lite",2.2.7,2.2.6,https://downloads.wordpress.org/theme/hotel-booking-lite.2.2.7.zip,"2024-12-27 12:45:40",https://wordpress.org/themes/hotel-booking-lite/,5.0,7.2
kids-gift-shop,"Kids Gift Shop",0.4.3,0.4.2,https://downloads.wordpress.org/theme/kids-gift-shop.0.4.3.zip,"2024-12-27 12:44:31",https://wordpress.org/themes/kids-gift-shop/,5.0,7.2
kids-online-store,"Kids Online Store",0.7.9,0.7.8,https://downloads.wordpress.org/theme/kids-online-store.0.7.9.zip,"2024-12-27 12:43:14",https://wordpress.org/themes/kids-online-store/,5.0,7.2
library-books,"Library Books",1.8,1.7,https://downloads.wordpress.org/theme/library-books.1.8.zip,"2024-12-27 12:22:39",https://wordpress.org/themes/library-books/,,7.4
pin-charity,"Pin Charity",1.8,1.7,https://downloads.wordpress.org/theme/pin-charity.1.8.zip,"2024-12-27 12:23:11",https://wordpress.org/themes/pin-charity/,,7.4
pin-minimal,"Pin Minimal",1.4,1.3,https://downloads.wordpress.org/theme/pin-minimal.1.4.zip,"2024-12-27 12:23:37",https://wordpress.org/themes/pin-minimal/,,7.4
coachify,Coachify,1.1.5,1.1.4,https://downloads.wordpress.org/theme/coachify.1.1.5.zip,"2024-12-27 13:26:41",https://wordpress.org/themes/coachify/,6.2,7.3
nexo,nexo,1.3.0,1.2.0,https://downloads.wordpress.org/theme/nexo.1.3.0.zip,"2024-12-27 12:55:59",https://wordpress.org/themes/nexo/,5.9,7.4
eco-friendly-lite,"Eco Friendly Lite",1.7,1.6,https://downloads.wordpress.org/theme/eco-friendly-lite.1.7.zip,"2024-12-27 13:43:48",https://wordpress.org/themes/eco-friendly-lite/,,7.4
productive-business,"Productive Business",1.1.67,1.1.66,https://downloads.wordpress.org/theme/productive-business.1.1.67.zip,"2024-12-27 14:37:44",https://wordpress.org/themes/productive-business/,5.4,7.0
productive-ecommerce,"Productive eCommerce",1.1.67,1.1.66,https://downloads.wordpress.org/theme/productive-ecommerce.1.1.67.zip,"2024-12-27 14:38:30",https://wordpress.org/themes/productive-ecommerce/,5.4,7.0
stockist,Stockist,1.1.67,1.1.66,https://downloads.wordpress.org/theme/stockist.1.1.67.zip,"2024-12-27 14:39:28",https://wordpress.org/themes/stockist/,5.4,7.0
transact,Transact,1.0.9,1.0.8,https://downloads.wordpress.org/theme/transact.1.0.9.zip,"2024-12-27 14:40:03",https://wordpress.org/themes/transact/,5.4,7.0
blogification,Blogification,1.4,1.3,https://downloads.wordpress.org/theme/blogification.1.4.zip,"2024-12-27 15:27:52",https://wordpress.org/themes/blogification/,5.1,5.6
eduverse,eduverse,1.0.4,1.0.3,https://downloads.wordpress.org/theme/eduverse.1.0.4.zip,"2024-12-27 15:28:21",https://wordpress.org/themes/eduverse/,5.0,5.6
hodophile,Hodophile,1.0.4,1.0.3,https://downloads.wordpress.org/theme/hodophile.1.0.4.zip,"2024-12-27 15:28:44",https://wordpress.org/themes/hodophile/,5.0,7.4
newzpaper,Newzpaper,1.0.2,1.0.1,https://downloads.wordpress.org/theme/newzpaper.1.0.2.zip,"2024-12-27 15:29:08",https://wordpress.org/themes/newzpaper/,5.0,5.6
tp-coast,"TP Coast",1.0.1,1.0.0,https://downloads.wordpress.org/theme/tp-coast.1.0.1.zip,"2024-12-27 15:29:36",https://wordpress.org/themes/tp-coast/,6.0,7.4
prespa,Prespa,1.5.2,1.5.1,https://downloads.wordpress.org/theme/prespa.1.5.2.zip,"2024-12-27 16:53:54",https://wordpress.org/themes/prespa/,6.1,5.6
make,Make,1.10.9,1.10.8,https://downloads.wordpress.org/theme/make.1.10.9.zip,"2024-12-27 17:57:47",https://wordpress.org/themes/make/,4.7,5.2.4
nexo,nexo,1.3.1,1.3.0,https://downloads.wordpress.org/theme/nexo.1.3.1.zip,"2024-12-27 18:36:58",https://wordpress.org/themes/nexo/,5.9,7.4
kids-learning-toys,"Kids Learning Toys",1.4,1.3,https://downloads.wordpress.org/theme/kids-learning-toys.1.4.zip,"2024-12-28 04:30:51",https://wordpress.org/themes/kids-learning-toys/,6.1,5.6
ovation-bookstore,"Ovation Bookstore",1.4,1.3,https://downloads.wordpress.org/theme/ovation-bookstore.1.4.zip,"2024-12-28 04:30:16",https://wordpress.org/themes/ovation-bookstore/,6.1,5.6
ovation-car-wash,"Ovation Car Wash",1.4,1.3,https://downloads.wordpress.org/theme/ovation-car-wash.1.4.zip,"2024-12-28 04:29:48",https://wordpress.org/themes/ovation-car-wash/,6.1,5.6
scholarship-school,"Scholarship School",1.4,1.3,https://downloads.wordpress.org/theme/scholarship-school.1.4.zip,"2024-12-28 04:29:18",https://wordpress.org/themes/scholarship-school/,6.1,5.6
skating-routines,"Skating Routines",1.5,1.4,https://downloads.wordpress.org/theme/skating-routines.1.5.zip,"2024-12-28 04:28:44",https://wordpress.org/themes/skating-routines/,6.1,5.6
solar-power-energy,"Solar Power Energy",1.4,1.3,https://downloads.wordpress.org/theme/solar-power-energy.1.4.zip,"2024-12-28 04:28:03",https://wordpress.org/themes/solar-power-energy/,6.1,5.6
tailor-suits,"Tailor Suits",1.5,1.4,https://downloads.wordpress.org/theme/tailor-suits.1.5.zip,"2024-12-28 04:27:31",https://wordpress.org/themes/tailor-suits/,6.1,5.6
cinema-house,"Cinema House",1.2,1.1,https://downloads.wordpress.org/theme/cinema-house.1.2.zip,"2024-12-28 04:32:09",https://wordpress.org/themes/cinema-house/,6.1,5.6
jewelry-blocks,"Jewelry Blocks",1.2,1.1,https://downloads.wordpress.org/theme/jewelry-blocks.1.2.zip,"2024-12-28 04:31:41",https://wordpress.org/themes/jewelry-blocks/,6.1,5.6
security-officer,"Security Officer",1.3,1.2,https://downloads.wordpress.org/theme/security-officer.1.3.zip,"2024-12-28 04:32:44",https://wordpress.org/themes/security-officer/,6.1,5.6
advance-business,"Advance Business",1.2.9,1.2.8,https://downloads.wordpress.org/theme/advance-business.1.2.9.zip,"2024-12-28 06:33:29",https://wordpress.org/themes/advance-business/,5.0,7.2
coupons-deals,"Coupons Deals",0.7.2,0.7.1,https://downloads.wordpress.org/theme/coupons-deals.0.7.2.zip,"2024-12-28 06:28:35",https://wordpress.org/themes/coupons-deals/,5.0,7.2
dropshipping-store,"Dropshipping Store",0.8.1,0.8,https://downloads.wordpress.org/theme/dropshipping-store.0.8.1.zip,"2024-12-28 06:29:25",https://wordpress.org/themes/dropshipping-store/,5.0,7.2
fast-food-pizza,"Fast Food Pizza",0.7.7,0.7.6,https://downloads.wordpress.org/theme/fast-food-pizza.0.7.7.zip,"2024-12-28 06:30:27",https://wordpress.org/themes/fast-food-pizza/,5.0,7.2
it-company-lite,"IT Company Lite",1.0.8,1.0.7,https://downloads.wordpress.org/theme/it-company-lite.1.0.8.zip,"2024-12-28 06:23:40",https://wordpress.org/themes/it-company-lite/,5.0,7.2
pet-rescue-lite,"Pet Rescue Lite",0.8.7,0.8.6,https://downloads.wordpress.org/theme/pet-rescue-lite.0.8.7.zip,"2024-12-28 06:31:53",https://wordpress.org/themes/pet-rescue-lite/,5.0,7.2
swimming-pool-cleaning,"Swimming Pool Cleaning",0.5.6,0.5.5,https://downloads.wordpress.org/theme/swimming-pool-cleaning.0.5.6.zip,"2024-12-28 06:30:58",https://wordpress.org/themes/swimming-pool-cleaning/,5.0,7.2
vw-interior-designs,"VW Interior Designs",1.1.9,1.1.8,https://downloads.wordpress.org/theme/vw-interior-designs.1.1.9.zip,"2024-12-28 06:26:14",https://wordpress.org/themes/vw-interior-designs/,5.0,7.2
vw-mobile-app,"VW Mobile App",1.4.1,1.4,https://downloads.wordpress.org/theme/vw-mobile-app.1.4.1.zip,"2024-12-28 06:26:50",https://wordpress.org/themes/vw-mobile-app/,5.0,7.2
vw-one-page,"VW One Page",1.2,1.1.9,https://downloads.wordpress.org/theme/vw-one-page.1.2.zip,"2024-12-28 06:22:39",https://wordpress.org/themes/vw-one-page/,5.0,7.2
vw-photography,"VW Photography",1.2.3,1.2.2,https://downloads.wordpress.org/theme/vw-photography.1.2.3.zip,"2024-12-28 06:21:30",https://wordpress.org/themes/vw-photography/,5.0,7.2
vw-portfolio,"VW Portfolio",1.1.7,1.1.6,https://downloads.wordpress.org/theme/vw-portfolio.1.1.7.zip,"2024-12-28 06:20:49",https://wordpress.org/themes/vw-portfolio/,5.0,7.2
vw-security-guard,"VW Security Guard",1.1.7,1.1.6,https://downloads.wordpress.org/theme/vw-security-guard.1.1.7.zip,"2024-12-28 06:16:53",https://wordpress.org/themes/vw-security-guard/,5.0,7.2
vw-solar-energy,"VW Solar Energy",1.3.9,1.3.8,https://downloads.wordpress.org/theme/vw-solar-energy.1.3.9.zip,"2024-12-28 06:16:18",https://wordpress.org/themes/vw-solar-energy/,5.0,7.2
vw-startup,"VW Startup",1.2.6,1.2.5,https://downloads.wordpress.org/theme/vw-startup.1.2.6.zip,"2024-12-28 06:15:28",https://wordpress.org/themes/vw-startup/,5.0,7.2
advance-fitness-gym,"Advance Fitness Gym",1.2.1,1.2,https://downloads.wordpress.org/theme/advance-fitness-gym.1.2.1.zip,"2024-12-28 06:34:00",https://wordpress.org/themes/advance-fitness-gym/,5.0,7.2
advance-portfolio,"Advance Portfolio",1.0.8,1.0.7,https://downloads.wordpress.org/theme/advance-portfolio.1.0.8.zip,"2024-12-28 06:34:33",https://wordpress.org/themes/advance-portfolio/,5.0,7.2
advance-startup,"Advance Startup",1.0.6,1.0.5,https://downloads.wordpress.org/theme/advance-startup.1.0.6.zip,"2024-12-28 06:35:20",https://wordpress.org/themes/advance-startup/,5.0,7.2
organic-market,"Organic Market",0.5.4,0.5.3,https://downloads.wordpress.org/theme/organic-market.0.5.4.zip,"2024-12-28 06:35:58",https://wordpress.org/themes/organic-market/,5.0,7.2
tech-software-company,"Tech Software Company",0.6.4,0.6.3,https://downloads.wordpress.org/theme/tech-software-company.0.6.4.zip,"2024-12-28 06:36:27",https://wordpress.org/themes/tech-software-company/,5.0,7.2
tech-startup,"Tech Startup",0.6,0.5.9,https://downloads.wordpress.org/theme/tech-startup.0.6.zip,"2024-12-28 06:36:48",https://wordpress.org/themes/tech-startup/,5.0,7.2
the-fashion-woocommerce,"The Fashion Woocommerce",0.3.7,0.3.6,https://downloads.wordpress.org/theme/the-fashion-woocommerce.0.3.7.zip,"2024-12-28 06:37:27",https://wordpress.org/themes/the-fashion-woocommerce/,5.0,7.2
tour-planner-ebooking,"Tour Planner eBooking",0.2.4,0.2.3,https://downloads.wordpress.org/theme/tour-planner-ebooking.0.2.4.zip,"2024-12-28 06:38:05",https://wordpress.org/themes/tour-planner-ebooking/,5.0,7.2
cleaning-business,"Cleaning Business",0.2.0,0.1.9,https://downloads.wordpress.org/theme/cleaning-business.0.2.0.zip,"2024-12-28 09:20:32",https://wordpress.org/themes/cleaning-business/,5.0,7.2
expert-electrician,"Expert Electrician",3.5,3.4,https://downloads.wordpress.org/theme/expert-electrician.3.5.zip,"2024-12-28 09:18:25",https://wordpress.org/themes/expert-electrician/,5.0,7.2
lz-toy-store,"LZ Toy Store",0.6.7,0.6.6,https://downloads.wordpress.org/theme/lz-toy-store.0.6.7.zip,"2024-12-28 09:19:04",https://wordpress.org/themes/lz-toy-store/,,7.2
multicolor-business,"Multicolor Business",0.5.7,0.5.6,https://downloads.wordpress.org/theme/multicolor-business.0.5.7.zip,"2024-12-28 09:19:36",https://wordpress.org/themes/multicolor-business/,,7.2
aagaz-startup,"Aagaz Startup",1.1,1.0.9,https://downloads.wordpress.org/theme/aagaz-startup.1.1.zip,"2024-12-28 09:38:21",https://wordpress.org/themes/aagaz-startup/,5.0,7.2
astronomy-store,"Astronomy Store",0.7.9,0.7.8,https://downloads.wordpress.org/theme/astronomy-store.0.7.9.zip,"2024-12-28 10:27:17",https://wordpress.org/themes/astronomy-store/,5.0,5.6
classic-corporate,"Classic Corporate",1.3,1.2.9,https://downloads.wordpress.org/theme/classic-corporate.1.3.zip,"2024-12-28 10:27:45",https://wordpress.org/themes/classic-corporate/,5.0,5.6
classic-internet-services,"Classic Internet Services",1.2.9,1.2.8,https://downloads.wordpress.org/theme/classic-internet-services.1.2.9.zip,"2024-12-28 10:27:54",https://wordpress.org/themes/classic-internet-services/,5.0,5.6
classic-landing-page,"Classic Landing Page",1.4.9,1.4.8,https://downloads.wordpress.org/theme/classic-landing-page.1.4.9.zip,"2024-12-28 10:28:14",https://wordpress.org/themes/classic-landing-page/,5.5,5.6
classic-real-estate,"Classic Real Estate",0.8.9,0.8.8,https://downloads.wordpress.org/theme/classic-real-estate.0.8.9.zip,"2024-12-28 10:28:25",https://wordpress.org/themes/classic-real-estate/,5.0,5.6
cleaning-services-agency,"Cleaning Services Agency",1.4.9,1.4.8,https://downloads.wordpress.org/theme/cleaning-services-agency.1.4.9.zip,"2024-12-28 10:28:48",https://wordpress.org/themes/cleaning-services-agency/,5.0,5.6
finance-accounting,"Finance Accounting",1.1.5,1.1.4,https://downloads.wordpress.org/theme/finance-accounting.1.1.5.zip,"2024-12-28 09:38:51",https://wordpress.org/themes/finance-accounting/,5.0,7.2
fitness-gymhouse,"Fitness Gymhouse",0.9.6,0.9.5,https://downloads.wordpress.org/theme/fitness-gymhouse.0.9.6.zip,"2024-12-28 09:39:18",https://wordpress.org/themes/fitness-gymhouse/,5.0,7.2
foster-charity,"Foster Charity",1.3.8,1.3.7,https://downloads.wordpress.org/theme/foster-charity.1.3.8.zip,"2024-12-28 09:39:53",https://wordpress.org/themes/foster-charity/,5.0,7.2
katib-writers,"Katib Writers",1.0.1,1.0,https://downloads.wordpress.org/theme/katib-writers.1.0.1.zip,"2024-12-28 09:40:44",https://wordpress.org/themes/katib-writers/,5.0,7.2
landscape-architecture,"Landscape Architecture",1.2.9,1.2.8,https://downloads.wordpress.org/theme/landscape-architecture.1.2.9.zip,"2024-12-28 10:29:36",https://wordpress.org/themes/landscape-architecture/,5.0,5.6
multipurpose-ecommerce,"Multipurpose Ecommerce",1.0.3,1.0.2,https://downloads.wordpress.org/theme/multipurpose-ecommerce.1.0.3.zip,"2024-12-28 09:41:18",https://wordpress.org/themes/multipurpose-ecommerce/,5.0,7.2
nikah-wedding,"Nikah Wedding",0.9.4,0.9.3,https://downloads.wordpress.org/theme/nikah-wedding.0.9.4.zip,"2024-12-28 09:42:11",https://wordpress.org/themes/nikah-wedding/,5.0,7.2
poultry-farm,"Poultry Farm",0.4,0.3,https://downloads.wordpress.org/theme/poultry-farm.0.4.zip,"2024-12-28 10:00:55",https://wordpress.org/themes/poultry-farm/,5.6,7.2
solar-panels,"Solar Panels",1.3.9,1.3.8,https://downloads.wordpress.org/theme/solar-panels.1.3.9.zip,"2024-12-28 10:29:35",https://wordpress.org/themes/solar-panels/,5.0,5.6
tafri-travel,"Tafri Travel",1.0.3,1.0.2,https://downloads.wordpress.org/theme/tafri-travel.1.0.3.zip,"2024-12-28 09:42:45",https://wordpress.org/themes/tafri-travel/,5.0,7.2
tameer-construction,"Tameer Construction",1.0.6,1.0.5,https://downloads.wordpress.org/theme/tameer-construction.1.0.6.zip,"2024-12-28 09:44:39",https://wordpress.org/themes/tameer-construction/,5.0,7.2
the-writers-blog,"The Writers Blog",0.9.6,0.9.5,https://downloads.wordpress.org/theme/the-writers-blog.0.9.6.zip,"2024-12-28 09:45:15",https://wordpress.org/themes/the-writers-blog/,5.0,7.2
tijarat-business,"Tijarat Business",0.9.4,0.9.3,https://downloads.wordpress.org/theme/tijarat-business.0.9.4.zip,"2024-12-28 09:45:50",https://wordpress.org/themes/tijarat-business/,5.0,7.2
tour-traveler,"Tour Traveler",1.4,1.3.9,https://downloads.wordpress.org/theme/tour-traveler.1.4.zip,"2024-12-28 09:46:11",https://wordpress.org/themes/tour-traveler/,5.4,7.2
unique-blogger,"Unique Blogger",0.8,0.7,https://downloads.wordpress.org/theme/unique-blogger.0.8.zip,"2024-12-28 10:01:35",https://wordpress.org/themes/unique-blogger/,5.6,7.2
unique-freelancer-portfolio,"Unique Freelancer Portfolio",0.6,0.5,https://downloads.wordpress.org/theme/unique-freelancer-portfolio.0.6.zip,"2024-12-28 10:02:54",https://wordpress.org/themes/unique-freelancer-portfolio/,5.6,7.2
unique-fun-center,"Unique Fun Center",0.7,0.6,https://downloads.wordpress.org/theme/unique-fun-center.0.7.zip,"2024-12-28 10:02:28",https://wordpress.org/themes/unique-fun-center/,5.6,7.2
unique-graphic-designer,"Unique Graphic Designer",1.0.4,1.0.3,https://downloads.wordpress.org/theme/unique-graphic-designer.1.0.4.zip,"2024-12-28 10:02:00",https://wordpress.org/themes/unique-graphic-designer/,5.6,7.2
wildlife-safari,"Wildlife Safari",1.5,1.4.9,https://downloads.wordpress.org/theme/wildlife-safari.1.5.zip,"2024-12-28 10:29:46",https://wordpress.org/themes/wildlife-safari/,5.0,5.6
solar-services,"Solar Services",2.3.7,2.3.6,https://downloads.wordpress.org/theme/solar-services.2.3.7.zip,"2024-12-28 10:29:55",https://wordpress.org/themes/solar-services/,5.0,5.6
ampark,Ampark,11.2,11.1,https://downloads.wordpress.org/theme/ampark.11.2.zip,"2024-12-28 12:13:38",https://wordpress.org/themes/ampark/,4.7,5.6
arowana,Arowana,12.3,12.2,https://downloads.wordpress.org/theme/arowana.12.3.zip,"2024-12-28 12:14:13",https://wordpress.org/themes/arowana/,4.7,5.6
auto-car-care,"Auto Car Care",6.3,6.2,https://downloads.wordpress.org/theme/auto-car-care.6.3.zip,"2024-12-28 12:22:12",https://wordpress.org/themes/auto-car-care/,5.0,5.6
auto-dealer-lite,"Auto Dealer Lite",5.7,5.6,https://downloads.wordpress.org/theme/auto-dealer-lite.5.7.zip,"2024-12-28 12:19:12",https://wordpress.org/themes/auto-dealer-lite/,5.0,5.6
auto-motors,"Auto Motors",4.4,4.3,https://downloads.wordpress.org/theme/auto-motors.4.4.zip,"2024-12-28 12:20:39",https://wordpress.org/themes/auto-motors/,5.0,5.6
automobile-hub,"Automobile Hub",8.6,8.5,https://downloads.wordpress.org/theme/automobile-hub.8.6.zip,"2024-12-28 12:16:15",https://wordpress.org/themes/automobile-hub/,5.0,5.6
automotive-charging-station,"Automotive Charging Station",4.1,4.0,https://downloads.wordpress.org/theme/automotive-charging-station.4.1.zip,"2024-12-28 12:19:59",https://wordpress.org/themes/automotive-charging-station/,,5.6
avail,Avail,11.2,11.1,https://downloads.wordpress.org/theme/avail.11.2.zip,"2024-12-28 12:21:05",https://wordpress.org/themes/avail/,4.7,5.6
aviser,Aviser,11.2,11.1,https://downloads.wordpress.org/theme/aviser.11.2.zip,"2024-12-28 12:13:16",https://wordpress.org/themes/aviser/,4.7,5.6
axtia,Axtia,11.2,11.1,https://downloads.wordpress.org/theme/axtia.11.2.zip,"2024-12-28 12:16:00",https://wordpress.org/themes/axtia/,4.7,5.6
car-mechanic,"Car Mechanic",4.5,4.4,https://downloads.wordpress.org/theme/car-mechanic.4.5.zip,"2024-12-28 12:21:19",https://wordpress.org/themes/car-mechanic/,5.0,5.6
car-paint-job,"Car Paint Job",2.0,1.9,https://downloads.wordpress.org/theme/car-paint-job.2.0.zip,"2024-12-28 12:17:25",https://wordpress.org/themes/car-paint-job/,5.0,5.6
car-rental-hub,"Car Rental Hub",4.4,4.3,https://downloads.wordpress.org/theme/car-rental-hub.4.4.zip,"2024-12-28 12:18:39",https://wordpress.org/themes/car-rental-hub/,5.0,5.6
car-wash-services,"Car Wash Services",4.3,4.2,https://downloads.wordpress.org/theme/car-wash-services.4.3.zip,"2024-12-28 12:16:48",https://wordpress.org/themes/car-wash-services/,5.0,5.6
cardiopress,CardioPress,3.7,3.6,https://downloads.wordpress.org/theme/cardiopress.3.7.zip,"2024-12-28 12:12:58",https://wordpress.org/themes/cardiopress/,4.7,5.6
comoxa,Comoxa,11.2,11.1,https://downloads.wordpress.org/theme/comoxa.11.2.zip,"2024-12-28 12:11:36",https://wordpress.org/themes/comoxa/,4.7,5.6
eventpress,EventPress,13.6,13.5,https://downloads.wordpress.org/theme/eventpress.13.6.zip,"2024-12-28 12:15:40",https://wordpress.org/themes/eventpress/,4.7,5.6
evion,Evion,1.8,1.7,https://downloads.wordpress.org/theme/evion.1.8.zip,"2024-12-28 12:11:15",https://wordpress.org/themes/evion/,4.7,5.6
business-guidance-coach,"Business Guidance Coach",3.1,3.0,https://downloads.wordpress.org/theme/business-guidance-coach.3.1.zip,"2024-12-28 13:17:23",https://wordpress.org/themes/business-guidance-coach/,5.0,7.2
centralnews,CentralNews,2.0.29,2.0.28,https://downloads.wordpress.org/theme/centralnews.2.0.29.zip,"2024-12-28 13:25:31",https://wordpress.org/themes/centralnews/,4.0,5.3
cosmetic-store,"Cosmetic Store",4.8,4.7,https://downloads.wordpress.org/theme/cosmetic-store.4.8.zip,"2024-12-28 13:22:50",https://wordpress.org/themes/cosmetic-store/,5.0,7.2
ecommece-marketplace,"Ecommece Marketplace",2.7,2.6,https://downloads.wordpress.org/theme/ecommece-marketplace.2.7.zip,"2024-12-28 13:16:32",https://wordpress.org/themes/ecommece-marketplace/,5.0,7.2
ecommerce-mega-store,"Ecommerce Mega Store",4.5,4.4,https://downloads.wordpress.org/theme/ecommerce-mega-store.4.5.zip,"2024-12-28 13:24:15",https://wordpress.org/themes/ecommerce-mega-store/,5.0,7.2
gaming-lite,"Gaming Lite",4.6,4.5,https://downloads.wordpress.org/theme/gaming-lite.4.6.zip,"2024-12-28 13:22:17",https://wordpress.org/themes/gaming-lite/,5.0,7.2
globalnews,GlobalNews,1.0.18,1.0.17,https://downloads.wordpress.org/theme/globalnews.1.0.18.zip,"2024-12-28 13:24:41",https://wordpress.org/themes/globalnews/,4.0,5.3
home-interior-designer,"Home Interior Designer",3.3,3.2,https://downloads.wordpress.org/theme/home-interior-designer.3.3.zip,"2024-12-28 13:18:36",https://wordpress.org/themes/home-interior-designer/,5.0,7.2
janey,Janey,1.0.9,1.0.8,https://downloads.wordpress.org/theme/janey.1.0.9.zip,"2024-12-28 13:09:49",https://wordpress.org/themes/janey/,,5.3
logistic-cargo-trucking,"Logistic Cargo Trucking",4.5,4.4,https://downloads.wordpress.org/theme/logistic-cargo-trucking.4.5.zip,"2024-12-28 13:21:40",https://wordpress.org/themes/logistic-cargo-trucking/,5.0,7.2
newsical,Newsical,1.0.7,1.0.6,https://downloads.wordpress.org/theme/newsical.1.0.7.zip,"2024-12-28 13:24:06",https://wordpress.org/themes/newsical/,4.0,5.3
newsmore,NewsMore,1.2.24,1.2.23,https://downloads.wordpress.org/theme/newsmore.1.2.24.zip,"2024-12-28 13:23:25",https://wordpress.org/themes/newsmore/,4.0,5.3
shushi-cafeteria,"Shushi Cafeteria",2.5,2.4,https://downloads.wordpress.org/theme/shushi-cafeteria.2.5.zip,"2024-12-28 13:19:58",https://wordpress.org/themes/shushi-cafeteria/,5.0,7.2
transcargo-transportation,"Transcargo Transportation",3.7,3.6,https://downloads.wordpress.org/theme/transcargo-transportation.3.7.zip,"2024-12-28 13:25:47",https://wordpress.org/themes/transcargo-transportation/,5.0,7.2
transport-solutions,"Transport Solutions",1.7.5,1.7.4,https://downloads.wordpress.org/theme/transport-solutions.1.7.5.zip,"2024-12-28 13:20:54",https://wordpress.org/themes/transport-solutions/,5.0,7.2
volleyball-coach,"Volleyball Coach",2.6,2.5,https://downloads.wordpress.org/theme/volleyball-coach.2.6.zip,"2024-12-28 13:19:20",https://wordpress.org/themes/volleyball-coach/,5.0,7.2
expert-author,"Expert Author",7.6,7.5,https://downloads.wordpress.org/theme/expert-author.7.6.zip,"2024-12-28 13:30:00",https://wordpress.org/themes/expert-author/,,7.2
expert-food-blog,"Expert Food Blog",6.6,6.5,https://downloads.wordpress.org/theme/expert-food-blog.6.6.zip,"2024-12-28 13:29:29",https://wordpress.org/themes/expert-food-blog/,,7.2
expert-life-coach,"Expert Life Coach",6.6,6.5,https://downloads.wordpress.org/theme/expert-life-coach.6.6.zip,"2024-12-28 13:29:01",https://wordpress.org/themes/expert-life-coach/,,7.2
film-studio,"Film Studio",2.3,2.2,https://downloads.wordpress.org/theme/film-studio.2.3.zip,"2024-12-28 13:28:33",https://wordpress.org/themes/film-studio/,,7.2
catch-wedding,"Catch Wedding",2.3.7,2.3.6,https://downloads.wordpress.org/theme/catch-wedding.2.3.7.zip,"2024-12-28 15:51:00",https://wordpress.org/themes/catch-wedding/,5.6,5.6
honrix,Honrix,1.3.59,1.3.58,https://downloads.wordpress.org/theme/honrix.1.3.59.zip,"2024-12-29 06:47:22",https://wordpress.org/themes/honrix/,4.7,5.6
newscurve,NewsCurve,1.0.4,1.0.3,https://downloads.wordpress.org/theme/newscurve.1.0.4.zip,"2024-12-29 10:09:06",https://wordpress.org/themes/newscurve/,5.9,5.6
brandy,Brandy,1.2.1,1.2.0,https://downloads.wordpress.org/theme/brandy.1.2.1.zip,"2024-12-29 13:41:51",https://wordpress.org/themes/brandy/,5.0,5.7
centralnews,CentralNews,2.0.30,2.0.29,https://downloads.wordpress.org/theme/centralnews.2.0.30.zip,"2024-12-29 15:05:10",https://wordpress.org/themes/centralnews/,4.0,5.3
globalnews,GlobalNews,1.0.19,1.0.18,https://downloads.wordpress.org/theme/globalnews.1.0.19.zip,"2024-12-29 15:04:42",https://wordpress.org/themes/globalnews/,4.0,5.3
newsical,Newsical,1.0.8,1.0.7,https://downloads.wordpress.org/theme/newsical.1.0.8.zip,"2024-12-29 15:04:25",https://wordpress.org/themes/newsical/,4.0,5.3
newsmore,NewsMore,1.2.25,1.2.24,https://downloads.wordpress.org/theme/newsmore.1.2.25.zip,"2024-12-29 15:04:01",https://wordpress.org/themes/newsmore/,4.0,5.3
charity-zone,"Charity Zone",0.9.2,0.9.1,https://downloads.wordpress.org/theme/charity-zone.0.9.2.zip,"2024-12-29 16:19:39",https://wordpress.org/themes/charity-zone/,5.0,7.2
digital-books,"Digital Books",0.6.3,0.6.2,https://downloads.wordpress.org/theme/digital-books.0.6.3.zip,"2024-12-29 16:21:45",https://wordpress.org/themes/digital-books/,5.0,7.2
educational-zone,"Educational Zone",0.6.2,0.6.1,https://downloads.wordpress.org/theme/educational-zone.0.6.2.zip,"2024-12-29 16:20:21",https://wordpress.org/themes/educational-zone/,5.0,7.2
fashion-photography,"Fashion Photography",1.0.1,1.0.0,https://downloads.wordpress.org/theme/fashion-photography.1.0.1.zip,"2024-12-29 16:22:15",https://wordpress.org/themes/fashion-photography/,5.0,7.2
lms-education-study,"LMS Education Study",0.1.2,0.1.1,https://downloads.wordpress.org/theme/lms-education-study.0.1.2.zip,"2024-12-29 16:22:47",https://wordpress.org/themes/lms-education-study/,5.0,7.2
ngo-fundraiser,"NGO Fundraiser",0.3.1,0.3,https://downloads.wordpress.org/theme/ngo-fundraiser.0.3.1.zip,"2024-12-29 16:21:05",https://wordpress.org/themes/ngo-fundraiser/,5.0,7.2
online-tutor,"Online Tutor",0.4.8,0.4.7,https://downloads.wordpress.org/theme/online-tutor.0.4.8.zip,"2024-12-29 16:23:14",https://wordpress.org/themes/online-tutor/,5.0,7.2
stylish-fashion-shop,"Stylish Fashion Shop",1.3.4,1.3.3,https://downloads.wordpress.org/theme/stylish-fashion-shop.1.3.4.zip,"2024-12-29 16:23:43",https://wordpress.org/themes/stylish-fashion-shop/,5.0,7.2
flixicart,FlixiCart,1.0.65,1.0.64,https://downloads.wordpress.org/theme/flixicart.1.0.65.zip,"2024-12-30 03:33:05",https://wordpress.org/themes/flixicart/,,5.4
flixita,Flixita,1.0.88,1.0.87,https://downloads.wordpress.org/theme/flixita.1.0.88.zip,"2024-12-30 03:30:56",https://wordpress.org/themes/flixita/,,5.4
alexia,Alexia,1.0.58,1.0.57,https://downloads.wordpress.org/theme/alexia.1.0.58.zip,"2024-12-30 03:36:51",https://wordpress.org/themes/alexia/,,5.4
alvert,Alvert,1.0.20,1.0.19,https://downloads.wordpress.org/theme/alvert.1.0.20.zip,"2024-12-30 03:50:49",https://wordpress.org/themes/alvert/,,5.4
arvila,Arvila,1.0.53,1.0.52,https://downloads.wordpress.org/theme/arvila.1.0.53.zip,"2024-12-30 03:38:11",https://wordpress.org/themes/arvila/,,5.4
avine,Avine,1.0.47,1.0.46,https://downloads.wordpress.org/theme/avine.1.0.47.zip,"2024-12-30 03:41:39",https://wordpress.org/themes/avine/,,5.4
avinza,Avinza,1.0.9,1.0.8,https://downloads.wordpress.org/theme/avinza.1.0.9.zip,"2024-12-30 03:53:08",https://wordpress.org/themes/avinza/,,5.4
avire,Avire,1.0.37,1.0.36,https://downloads.wordpress.org/theme/avire.1.0.37.zip,"2024-12-30 03:43:42",https://wordpress.org/themes/avire/,,5.4
cloth-rental-shop,"Cloth Rental Shop",2.0,1.9,https://downloads.wordpress.org/theme/cloth-rental-shop.2.0.zip,"2024-12-30 04:13:42",https://wordpress.org/themes/cloth-rental-shop/,5.0,7.2
construction-services-company,"Construction Services Company",4.4,4.3,https://downloads.wordpress.org/theme/construction-services-company.4.4.zip,"2024-12-30 04:11:09",https://wordpress.org/themes/construction-services-company/,5.0,7.2
digital-advertising-agency,"Digital Advertising Agency",1.9,1.8,https://downloads.wordpress.org/theme/digital-advertising-agency.1.9.zip,"2024-12-30 04:10:26",https://wordpress.org/themes/digital-advertising-agency/,5.0,7.2
enovia,Enovia,1.0.45,1.0.44,https://downloads.wordpress.org/theme/enovia.1.0.45.zip,"2024-12-30 03:42:43",https://wordpress.org/themes/enovia/,,5.4
flecto,Flecto,1.0.32,1.0.31,https://downloads.wordpress.org/theme/flecto.1.0.32.zip,"2024-12-30 03:46:26",https://wordpress.org/themes/flecto/,,5.4
flixify,Flixify,1.0.35,1.0.34,https://downloads.wordpress.org/theme/flixify.1.0.35.zip,"2024-12-30 03:44:54",https://wordpress.org/themes/flixify/,,5.4
multibiz,MultiBiz,1.0.50,1.0.49,https://downloads.wordpress.org/theme/multibiz.1.0.50.zip,"2024-12-30 03:39:15",https://wordpress.org/themes/multibiz/,,5.4
quickbiz,QuickBiz,1.0.27,1.0.26,https://downloads.wordpress.org/theme/quickbiz.1.0.27.zip,"2024-12-30 03:48:56",https://wordpress.org/themes/quickbiz/,,5.4
quickify,Quickify,1.0.15,1.0.14,https://downloads.wordpress.org/theme/quickify.1.0.15.zip,"2024-12-30 03:52:01",https://wordpress.org/themes/quickify/,,5.4
radio-station,"Radio Station",4.5,4.4,https://downloads.wordpress.org/theme/radio-station.4.5.zip,"2024-12-30 04:13:03",https://wordpress.org/themes/radio-station/,5.0,7.2
taxi-booking,"Taxi Booking",4.5,4.4,https://downloads.wordpress.org/theme/taxi-booking.4.5.zip,"2024-12-30 04:12:07",https://wordpress.org/themes/taxi-booking/,5.0,7.2
dostart,Dostart,1.2.0,1.1.13,https://downloads.wordpress.org/theme/dostart.1.2.0.zip,"2024-12-30 05:15:17",https://wordpress.org/themes/dostart/,5.4,5.6
arilewp,ArileWP,3.12.6,3.12.5,https://downloads.wordpress.org/theme/arilewp.3.12.6.zip,"2024-12-30 06:17:58",https://wordpress.org/themes/arilewp/,,5.6
blogarise,BlogArise,1.0.0,0.99,https://downloads.wordpress.org/theme/blogarise.1.0.0.zip,"2024-12-30 06:09:09",https://wordpress.org/themes/blogarise/,5.4,7.4
blogdata,BlogData,1.2.0,1.1.9,https://downloads.wordpress.org/theme/blogdata.1.2.0.zip,"2024-12-30 06:10:16",https://wordpress.org/themes/blogdata/,5.4,7.4
blogus,Blogus,2.2.9,2.2.8,https://downloads.wordpress.org/theme/blogus.2.2.9.zip,"2024-12-30 06:11:24",https://wordpress.org/themes/blogus/,5.4,7.4
building-constructor,"Building Constructor",3.4,3.3,https://downloads.wordpress.org/theme/building-constructor.3.4.zip,"2024-12-30 05:55:11",https://wordpress.org/themes/building-constructor/,5.0,5.6
car-repair-blocks,"Car Repair Blocks",1.9,1.8,https://downloads.wordpress.org/theme/car-repair-blocks.1.9.zip,"2024-12-30 06:27:33",https://wordpress.org/themes/car-repair-blocks/,6.1,5.6
construction-engineering,"Construction Engineering",4.3,4.2,https://downloads.wordpress.org/theme/construction-engineering.4.3.zip,"2024-12-30 05:54:36",https://wordpress.org/themes/construction-engineering/,5.0,5.6
construction-hub,"Construction Hub",2.9,2.8,https://downloads.wordpress.org/theme/construction-hub.2.9.zip,"2024-12-30 05:55:53",https://wordpress.org/themes/construction-hub/,5.0,5.6
construction-renovation,"Construction Renovation",5.6,5.5,https://downloads.wordpress.org/theme/construction-renovation.5.6.zip,"2024-12-30 06:08:14",https://wordpress.org/themes/construction-renovation/,5.0,5.6
creationwp,CreationWP,1.2,1.1,https://downloads.wordpress.org/theme/creationwp.1.2.zip,"2024-12-30 06:18:36",https://wordpress.org/themes/creationwp/,,5.6
dental-blocks,"Dental Blocks",2.6,2.5,https://downloads.wordpress.org/theme/dental-blocks.2.6.zip,"2024-12-30 06:26:20",https://wordpress.org/themes/dental-blocks/,6.1,5.6
designexo,Designexo,16.5,16.4,https://downloads.wordpress.org/theme/designexo.16.5.zip,"2024-12-30 06:19:20",https://wordpress.org/themes/designexo/,,5.6
educational-blocks,"Educational Blocks",2.4,2.3,https://downloads.wordpress.org/theme/educational-blocks.2.4.zip,"2024-12-30 06:25:43",https://wordpress.org/themes/educational-blocks/,6.1,5.6
fameup,Fameup,1.0.0.41,1.0.0.40,https://downloads.wordpress.org/theme/fameup.1.0.0.41.zip,"2024-12-30 06:12:13",https://wordpress.org/themes/fameup/,5.4,7.4
home-reconstruction,"Home Reconstruction",4.1,4.0,https://downloads.wordpress.org/theme/home-reconstruction.4.1.zip,"2024-12-30 05:56:32",https://wordpress.org/themes/home-reconstruction/,5.0,5.6
newsair,Newsair,1.0.0.68,1.0.0.67,https://downloads.wordpress.org/theme/newsair.1.0.0.68.zip,"2024-12-30 06:07:39",https://wordpress.org/themes/newsair/,5.4,7.4
newses,Newses,2.0.0.47,2.0.0.46,https://downloads.wordpress.org/theme/newses.2.0.0.47.zip,"2024-12-30 06:04:31",https://wordpress.org/themes/newses/,5.4,7.4
newspaperup,Newspaperup,1.1.0,1.0.9,https://downloads.wordpress.org/theme/newspaperup.1.1.0.zip,"2024-12-30 06:14:21",https://wordpress.org/themes/newspaperup/,5.4,7.4
newsup,Newsup,4.0.0.68,4.0.0.67,https://downloads.wordpress.org/theme/newsup.4.0.0.68.zip,"2024-12-30 06:03:44",https://wordpress.org/themes/newsup/,5.4,7.4
one-business-blocks,"One Business Blocks",2.5,2.4,https://downloads.wordpress.org/theme/one-business-blocks.2.5.zip,"2024-12-30 06:24:24",https://wordpress.org/themes/one-business-blocks/,6.1,5.6
organic-green-blocks,"Organic Green Blocks",2.9,2.8,https://downloads.wordpress.org/theme/organic-green-blocks.2.9.zip,"2024-12-30 06:23:47",https://wordpress.org/themes/organic-green-blocks/,6.1,5.6
ovation-spa-blocks,"Ovation Spa Blocks",2.1,2.0,https://downloads.wordpress.org/theme/ovation-spa-blocks.2.1.zip,"2024-12-30 06:22:06",https://wordpress.org/themes/ovation-spa-blocks/,6.1,5.6
painting-contractor,"Painting Contractor",3.9,3.8,https://downloads.wordpress.org/theme/painting-contractor.3.9.zip,"2024-12-30 06:09:37",https://wordpress.org/themes/painting-contractor/,5.0,5.6
property-builder,"Property Builder",0.5.9,0.5.8,https://downloads.wordpress.org/theme/property-builder.0.5.9.zip,"2024-12-30 06:06:05",https://wordpress.org/themes/property-builder/,5.0,5.6
real-estate-deals,"Real Estate Deals",1.6,1.5,https://downloads.wordpress.org/theme/real-estate-deals.1.6.zip,"2024-12-30 06:21:14",https://wordpress.org/themes/real-estate-deals/,6.1,5.6
roofing-contractor,"Roofing Contractor",3.9,3.8,https://downloads.wordpress.org/theme/roofing-contractor.3.9.zip,"2024-12-30 06:04:33",https://wordpress.org/themes/roofing-contractor/,5.0,5.6
travel-agent-blocks,"Travel Agent Blocks",1.6,1.5,https://downloads.wordpress.org/theme/travel-agent-blocks.1.6.zip,"2024-12-30 06:20:42",https://wordpress.org/themes/travel-agent-blocks/,6.1,5.6
water-sports-rental,"Water Sports Rental",1.5,1.4,https://downloads.wordpress.org/theme/water-sports-rental.1.5.zip,"2024-12-30 06:20:06",https://wordpress.org/themes/water-sports-rental/,6.1,5.6
welding-workshop,"Welding Workshop",1.6,1.5,https://downloads.wordpress.org/theme/welding-workshop.1.6.zip,"2024-12-30 05:57:05",https://wordpress.org/themes/welding-workshop/,5.0,5.6
orchid-store,"Orchid Store",1.5.10,1.5.9,https://downloads.wordpress.org/theme/orchid-store.1.5.10.zip,"2024-12-30 06:45:33",https://wordpress.org/themes/orchid-store/,6.4,7.4
child-care-kindergarten,"Child Care Kindergarten",2.5,2.4,https://downloads.wordpress.org/theme/child-care-kindergarten.2.5.zip,"2024-12-30 08:01:29",https://wordpress.org/themes/child-care-kindergarten/,5.0,7.2
consultant-appointment,"Consultant Appointment",1.2,1.1,https://downloads.wordpress.org/theme/consultant-appointment.1.2.zip,"2024-12-30 08:12:45",https://wordpress.org/themes/consultant-appointment/,5.5,5.6
dairy-farming,"Dairy Farming",1.1.7,1.1.6,https://downloads.wordpress.org/theme/dairy-farming.1.1.7.zip,"2024-12-30 08:06:56",https://wordpress.org/themes/dairy-farming/,6.0,7.2
digital-marketer,"Digital Marketer",1.1.8,1.1.7,https://downloads.wordpress.org/theme/digital-marketer.1.1.8.zip,"2024-12-30 08:07:25",https://wordpress.org/themes/digital-marketer/,6.0,7.2
hotel-resort,"Hotel Resort",1.1.2,1.1.1,https://downloads.wordpress.org/theme/hotel-resort.1.1.2.zip,"2024-12-30 08:04:59",https://wordpress.org/themes/hotel-resort/,,7.2
lawn-gardner,"Lawn Gardner",1.2.0,1.1.9,https://downloads.wordpress.org/theme/lawn-gardner.1.2.0.zip,"2024-12-30 08:08:08",https://wordpress.org/themes/lawn-gardner/,6.4,7.2
manufacturing-industry,"Manufacturing Industry",2.3,2.2,https://downloads.wordpress.org/theme/manufacturing-industry.2.3.zip,"2024-12-30 08:01:58",https://wordpress.org/themes/manufacturing-industry/,5.0,7.2
nikhar-spa-salon,"Nikhar Spa Salon",0.5.6,0.5.5,https://downloads.wordpress.org/theme/nikhar-spa-salon.0.5.6.zip,"2024-12-30 08:02:26",https://wordpress.org/themes/nikhar-spa-salon/,,7.2
renovation-roofing,"Renovation Roofing",1.1.9,1.1.8,https://downloads.wordpress.org/theme/renovation-roofing.1.1.9.zip,"2024-12-30 08:08:38",https://wordpress.org/themes/renovation-roofing/,6.0,7.2
rev-digital-products,"Rev Digital Products",1.2,1.1,https://downloads.wordpress.org/theme/rev-digital-products.1.2.zip,"2024-12-30 08:13:55",https://wordpress.org/themes/rev-digital-products/,5.5,5.6
senior-care-charity,"Senior Care Charity",1.1.9,1.1.8,https://downloads.wordpress.org/theme/senior-care-charity.1.1.9.zip,"2024-12-30 08:09:05",https://wordpress.org/themes/senior-care-charity/,6.0,7.2
supermarket-store,"Supermarket Store",1.2.2,1.2.1,https://downloads.wordpress.org/theme/supermarket-store.1.2.2.zip,"2024-12-30 08:09:36",https://wordpress.org/themes/supermarket-store/,6.0,7.2
aasta,Aasta,11.2,11.1,https://downloads.wordpress.org/theme/aasta.11.2.zip,"2024-12-30 08:46:27",https://wordpress.org/themes/aasta/,,5.6
avira,Avira,13.1,13.0,https://downloads.wordpress.org/theme/avira.13.1.zip,"2024-12-30 09:01:51",https://wordpress.org/themes/avira/,4.7,5.6
bb-wedding-bliss,"BB Wedding Bliss",1.9.8,1.9.7,https://downloads.wordpress.org/theme/bb-wedding-bliss.1.9.8.zip,"2024-12-30 09:00:43",https://wordpress.org/themes/bb-wedding-bliss/,5.0,7.2
benzer,Benzer,13.1,13.0,https://downloads.wordpress.org/theme/benzer.13.1.zip,"2024-12-30 09:07:45",https://wordpress.org/themes/benzer/,4.7,5.6
campus-education,"Campus Education",1.2.6,1.2.5,https://downloads.wordpress.org/theme/campus-education.1.2.6.zip,"2024-12-30 09:05:41",https://wordpress.org/themes/campus-education/,5.0,7.2
charity-fundraiser,"Charity Fundraiser",1.1.7,1.1.6,https://downloads.wordpress.org/theme/charity-fundraiser.1.1.7.zip,"2024-12-30 09:06:17",https://wordpress.org/themes/charity-fundraiser/,5.0,7.2
consultstreet,ConsultStreet,2.8.6,2.8.5,https://downloads.wordpress.org/theme/consultstreet.2.8.6.zip,"2024-12-30 08:47:01",https://wordpress.org/themes/consultstreet/,,5.6
ecommerce-hub,"Ecommerce Hub",1.1.1,1.1,https://downloads.wordpress.org/theme/ecommerce-hub.1.1.1.zip,"2024-12-30 09:07:09",https://wordpress.org/themes/ecommerce-hub/,5.0,7.2
envitech,Envitech,4.6,4.5,https://downloads.wordpress.org/theme/envitech.4.6.zip,"2024-12-30 09:01:04",https://wordpress.org/themes/envitech/,,7.0
exnova,Exnova,2.4,2.3,https://downloads.wordpress.org/theme/exnova.2.4.zip,"2024-12-30 09:00:39",https://wordpress.org/themes/exnova/,4.7,5.6
fabify,Fabify,13.1,13.0,https://downloads.wordpress.org/theme/fabify.13.1.zip,"2024-12-30 09:00:11",https://wordpress.org/themes/fabify/,4.7,5.6
food-truck-lite,"Food Truck Lite",0.8,0.7.9,https://downloads.wordpress.org/theme/food-truck-lite.0.8.zip,"2024-12-30 09:07:48",https://wordpress.org/themes/food-truck-lite/,5.0,7.2
lawyer-lite,"Lawyer Lite",1.2.8,1.2.7,https://downloads.wordpress.org/theme/lawyer-lite.1.2.8.zip,"2024-12-30 09:01:31",https://wordpress.org/themes/lawyer-lite/,5.0,7.2
multipurpose-startup,"Multipurpose Startup",1.1,1.0.9,https://downloads.wordpress.org/theme/multipurpose-startup.1.1.zip,"2024-12-30 09:08:19",https://wordpress.org/themes/multipurpose-startup/,5.0,7.2
news-digest,"News Digest",2.0,1.9,https://downloads.wordpress.org/theme/news-digest.2.0.zip,"2024-12-30 08:50:08",https://wordpress.org/themes/news-digest/,,5.6
newsexo,NewsExo,3.2,3.1,https://downloads.wordpress.org/theme/newsexo.3.2.zip,"2024-12-30 08:50:39",https://wordpress.org/themes/newsexo/,,5.6
newsio,Newsio,2.5,2.4,https://downloads.wordpress.org/theme/newsio.2.5.zip,"2024-12-30 08:50:59",https://wordpress.org/themes/newsio/,,5.6
scolax,Scolax,12.2,12.1,https://downloads.wordpress.org/theme/scolax.12.2.zip,"2024-12-30 08:59:42",https://wordpress.org/themes/scolax/,4.7,5.6
specia,Specia,13.6,13.5,https://downloads.wordpress.org/theme/specia.13.6.zip,"2024-12-30 09:02:24",https://wordpress.org/themes/specia/,4.7,5.6
ts-charity,"TS Charity",1.1.2,1.1.1,https://downloads.wordpress.org/theme/ts-charity.1.1.2.zip,"2024-12-30 09:02:10",https://wordpress.org/themes/ts-charity/,5.0,7.2
ts-photography,"TS Photography",1.0,0.9.9,https://downloads.wordpress.org/theme/ts-photography.1.0.zip,"2024-12-30 09:02:54",https://wordpress.org/themes/ts-photography/,5.0,7.2
vw-automobile-lite,"VW Automobile Lite",2.1.1,2.1,https://downloads.wordpress.org/theme/vw-automobile-lite.2.1.1.zip,"2024-12-30 08:52:30",https://wordpress.org/themes/vw-automobile-lite/,5.0,7.2
vw-charity-ngo,"VW Charity NGO",1.2.7,1.2.6,https://downloads.wordpress.org/theme/vw-charity-ngo.1.2.7.zip,"2024-12-30 08:53:27",https://wordpress.org/themes/vw-charity-ngo/,5.0,7.2
vw-corporate-business,"VW Corporate Business",1.1.5,1.1.4,https://downloads.wordpress.org/theme/vw-corporate-business.1.1.5.zip,"2024-12-30 08:54:07",https://wordpress.org/themes/vw-corporate-business/,5.0,7.2
vw-fitness,"VW Fitness",4.1.3,4.1.2,https://downloads.wordpress.org/theme/vw-fitness.4.1.3.zip,"2024-12-30 08:54:46",https://wordpress.org/themes/vw-fitness/,5.0,7.2
vw-hair-salon,"VW Hair Salon",1.3.1,1.3,https://downloads.wordpress.org/theme/vw-hair-salon.1.3.1.zip,"2024-12-30 08:55:30",https://wordpress.org/themes/vw-hair-salon/,5.0,7.2
vw-hospital-lite,"VW Hospital Lite",2.0.4,2.0.3,https://downloads.wordpress.org/theme/vw-hospital-lite.2.0.4.zip,"2024-12-30 08:57:09",https://wordpress.org/themes/vw-hospital-lite/,5.0,7.2
vw-magazine,"VW Magazine",1.1.5,1.1.4,https://downloads.wordpress.org/theme/vw-magazine.1.1.5.zip,"2024-12-30 08:57:42",https://wordpress.org/themes/vw-magazine/,5.0,7.2
vw-newspaper,"VW Newspaper",1.2.9,1.2.8,https://downloads.wordpress.org/theme/vw-newspaper.1.2.9.zip,"2024-12-30 08:58:26",https://wordpress.org/themes/vw-newspaper/,5.0,7.2
vw-pet-shop,"VW Pet Shop",1.3.1,1.3,https://downloads.wordpress.org/theme/vw-pet-shop.1.3.1.zip,"2024-12-30 08:59:20",https://wordpress.org/themes/vw-pet-shop/,5.0,7.2
vw-spa-lite,"VW Spa Lite",2.4.9,2.4.8,https://downloads.wordpress.org/theme/vw-spa-lite.2.4.9.zip,"2024-12-30 08:59:49",https://wordpress.org/themes/vw-spa-lite/,5.0,7.2
webstrap,Webstrap,12.9,12.8,https://downloads.wordpress.org/theme/webstrap.12.9.zip,"2024-12-30 09:04:47",https://wordpress.org/themes/webstrap/,4.7,5.6
responsive,Responsive,6.1.0,6.0.3,https://downloads.wordpress.org/theme/responsive.6.1.0.zip,"2024-12-30 11:18:42",https://wordpress.org/themes/responsive/,,5.6
tutor-elearning,"Tutor Elearning",2.0,1.0.4,https://downloads.wordpress.org/theme/tutor-elearning.2.0.zip,"2024-12-30 10:53:58",https://wordpress.org/themes/tutor-elearning/,6.0,7.2
blinds-curtains,"Blinds Curtains",0.1.7,0.1.6,https://downloads.wordpress.org/theme/blinds-curtains.0.1.7.zip,"2024-12-30 11:26:28",https://wordpress.org/themes/blinds-curtains/,,5.6
centralnews,CentralNews,2.0.31,2.0.30,https://downloads.wordpress.org/theme/centralnews.2.0.31.zip,"2024-12-30 12:09:25",https://wordpress.org/themes/centralnews/,4.0,5.3
cooking-master,"Cooking Master",0.1.2,0.1.1,https://downloads.wordpress.org/theme/cooking-master.0.1.2.zip,"2024-12-30 11:27:15",https://wordpress.org/themes/cooking-master/,,5.6
freelance-portfolio,"Freelance Portfolio",1.1,1.0,https://downloads.wordpress.org/theme/freelance-portfolio.1.1.zip,"2024-12-30 11:24:22",https://wordpress.org/themes/freelance-portfolio/,6.1,7.2
globalnews,GlobalNews,1.0.20,1.0.19,https://downloads.wordpress.org/theme/globalnews.1.0.20.zip,"2024-12-30 12:09:05",https://wordpress.org/themes/globalnews/,4.0,5.3
newsical,Newsical,1.0.9,1.0.8,https://downloads.wordpress.org/theme/newsical.1.0.9.zip,"2024-12-30 12:08:41",https://wordpress.org/themes/newsical/,4.0,5.3
newsmore,NewsMore,1.2.26,1.2.25,https://downloads.wordpress.org/theme/newsmore.1.2.26.zip,"2024-12-30 12:08:22",https://wordpress.org/themes/newsmore/,4.0,5.3
titan-business-agency,"Titan Business Agency",1.1,1.0,https://downloads.wordpress.org/theme/titan-business-agency.1.1.zip,"2024-12-30 11:23:18",https://wordpress.org/themes/titan-business-agency/,6.1,7.2
nucleare,Nucleare,2.0.9,2.0.8,https://downloads.wordpress.org/theme/nucleare.2.0.9.zip,"2024-12-30 13:17:56",https://wordpress.org/themes/nucleare/,,5.6
nexo,nexo,1.4.0,1.3.1,https://downloads.wordpress.org/theme/nexo.1.4.0.zip,"2024-12-30 14:31:44",https://wordpress.org/themes/nexo/,5.9,7.4
travelfic,Travelfic,1.1.11,1.1.10,https://downloads.wordpress.org/theme/travelfic.1.1.11.zip,"2024-12-30 16:24:50",https://wordpress.org/themes/travelfic/,4.9,7.4
ultimate-hotel-booking,"Ultimate Hotel Booking",1.0.10,1.0.9,https://downloads.wordpress.org/theme/ultimate-hotel-booking.1.0.10.zip,"2024-12-30 16:28:28",https://wordpress.org/themes/ultimate-hotel-booking/,4.9,7.4
accron,Accron,1.6.7,1.6.6,https://downloads.wordpress.org/theme/accron.1.6.7.zip,"2024-12-30 17:09:34",https://wordpress.org/themes/accron/,4.7,5.6
appointo,Appointo,11.1,11.0,https://downloads.wordpress.org/theme/appointo.11.1.zip,"2024-12-30 17:10:35",https://wordpress.org/themes/appointo/,4.7,5.6
avril,Avril,11.9,11.8,https://downloads.wordpress.org/theme/avril.11.9.zip,"2024-12-30 17:08:50",https://wordpress.org/themes/avril/,4.7,5.6
colorpress,ColorPress,11.5,11.4,https://downloads.wordpress.org/theme/colorpress.11.5.zip,"2024-12-30 17:06:03",https://wordpress.org/themes/colorpress/,4.7,5.6
conceptly,Conceptly,12.5,12.4,https://downloads.wordpress.org/theme/conceptly.12.5.zip,"2024-12-30 17:05:39",https://wordpress.org/themes/conceptly/,4.7,5.6
corpex,Corpex,5.4,5.3,https://downloads.wordpress.org/theme/corpex.5.4.zip,"2024-12-30 17:10:14",https://wordpress.org/themes/corpex/,4.7,5.6
eduvert,Eduvert,11.6,11.5,https://downloads.wordpress.org/theme/eduvert.11.6.zip,"2024-12-30 17:19:17",https://wordpress.org/themes/eduvert/,4.7,5.6
flavita,Flavita,11.6,11.5,https://downloads.wordpress.org/theme/flavita.11.6.zip,"2024-12-30 17:05:08",https://wordpress.org/themes/flavita/,4.7,5.6
gradiant,Gradiant,11.9,11.8,https://downloads.wordpress.org/theme/gradiant.11.9.zip,"2024-12-30 17:04:50",https://wordpress.org/themes/gradiant/,4.7,5.6
hantus,Hantus,12.6,12.5,https://downloads.wordpress.org/theme/hantus.12.6.zip,"2024-12-30 17:18:49",https://wordpress.org/themes/hantus/,4.7,5.6
medazin,Medazin,9.3,9.2,https://downloads.wordpress.org/theme/medazin.9.3.zip,"2024-12-30 17:14:39",https://wordpress.org/themes/medazin/,4.7,5.6
nexcraft,NexCraft,2.4,2.3,https://downloads.wordpress.org/theme/nexcraft.2.4.zip,"2024-12-30 17:12:57",https://wordpress.org/themes/nexcraft/,4.7,5.6
startkit,StartKit,13.8,13.7,https://downloads.wordpress.org/theme/startkit.13.8.zip,"2024-12-30 17:11:56",https://wordpress.org/themes/startkit/,4.7,5.6
villapress,VillaPress,2.9,2.8,https://downloads.wordpress.org/theme/villapress.2.9.zip,"2024-12-30 17:11:10",https://wordpress.org/themes/villapress/,,7.0
listdomer,Listdomer,2.8.0,2.7.2,https://downloads.wordpress.org/theme/listdomer.2.8.0.zip,"2024-12-30 19:28:34",https://wordpress.org/themes/listdomer/,4.0,7.0
d5-smartia,"D5 Smartia",3.9,3.7,https://downloads.wordpress.org/theme/d5-smartia.3.9.zip,"2024-12-31 03:00:13",https://wordpress.org/themes/d5-smartia/,5.0,5.6
easy,Easy,2.3,2.1,https://downloads.wordpress.org/theme/easy.2.3.zip,"2024-12-31 03:02:37",https://wordpress.org/themes/easy/,5.0,5.6
emoza-woocommerce,"Emoza WooCommerce",1.1.2,1.1.1,https://downloads.wordpress.org/theme/emoza-woocommerce.1.1.2.zip,"2024-12-31 03:06:06",https://wordpress.org/themes/emoza-woocommerce/,,
selfie,Selfie,2.5,2.3,https://downloads.wordpress.org/theme/selfie.2.5.zip,"2024-12-31 03:03:57",https://wordpress.org/themes/selfie/,5.0,5.6
entertainment-media,"Entertainment Media",4.4,4.3,https://downloads.wordpress.org/theme/entertainment-media.4.4.zip,"2024-12-31 04:03:43",https://wordpress.org/themes/entertainment-media/,5.0,7.2
fashion-footwear,"Fashion Footwear",4.5,4.4,https://downloads.wordpress.org/theme/fashion-footwear.4.5.zip,"2024-12-31 04:04:16",https://wordpress.org/themes/fashion-footwear/,5.0,7.2
mega-store-woocommerce,"Mega Store Woocommerce",4.4,4.3,https://downloads.wordpress.org/theme/mega-store-woocommerce.4.4.zip,"2024-12-31 04:04:49",https://wordpress.org/themes/mega-store-woocommerce/,5.0,7.2
misbah-lighting,"Misbah Lighting",1.8,1.7,https://downloads.wordpress.org/theme/misbah-lighting.1.8.zip,"2024-12-31 04:05:40",https://wordpress.org/themes/misbah-lighting/,5.0,7.2
movie-review-blog,"Movie Review Blog",1.7,1.6,https://downloads.wordpress.org/theme/movie-review-blog.1.7.zip,"2024-12-31 04:06:26",https://wordpress.org/themes/movie-review-blog/,5.0,7.2
realestate-agent,"Realestate Agent",4.2,4.1,https://downloads.wordpress.org/theme/realestate-agent.4.2.zip,"2024-12-31 04:07:19",https://wordpress.org/themes/realestate-agent/,5.0,7.2
watch-collection,"Watch Collection",1.9,1.8,https://downloads.wordpress.org/theme/watch-collection.1.9.zip,"2024-12-31 04:07:56",https://wordpress.org/themes/watch-collection/,5.0,7.2
watch-collection,"Watch Collection",2.0,1.9,https://downloads.wordpress.org/theme/watch-collection.2.0.zip,"2024-12-31 05:50:23",https://wordpress.org/themes/watch-collection/,5.0,7.2
fitness-club-gym,"Fitness Club Gym",0.3.0,0.2.9,https://downloads.wordpress.org/theme/fitness-club-gym.0.3.0.zip,"2024-12-31 07:15:08",https://wordpress.org/themes/fitness-club-gym/,5.0,7.2
lz-one-page,"LZ One Page",0.4.9,0.4.8,https://downloads.wordpress.org/theme/lz-one-page.0.4.9.zip,"2024-12-31 07:16:04",https://wordpress.org/themes/lz-one-page/,,7.2
niwas-resort-hotel,"Niwas Resort Hotel",0.6.6,0.6.5,https://downloads.wordpress.org/theme/niwas-resort-hotel.0.6.6.zip,"2024-12-31 07:15:37",https://wordpress.org/themes/niwas-resort-hotel/,,7.2
wedding-hall,"Wedding Hall",0.3.0,0.2.9,https://downloads.wordpress.org/theme/wedding-hall.0.3.0.zip,"2024-12-31 07:14:38",https://wordpress.org/themes/wedding-hall/,5.0,7.2
aster-storefront,"Aster Storefront",3.6,3.5,https://downloads.wordpress.org/theme/aster-storefront.3.6.zip,"2024-12-31 07:38:53",https://wordpress.org/themes/aster-storefront/,,7.4
auto-car-dealership,"Auto Car Dealership",1.4.9,1.4.8,https://downloads.wordpress.org/theme/auto-car-dealership.1.4.9.zip,"2024-12-31 08:30:19",https://wordpress.org/themes/auto-car-dealership/,5.9,7.2
automobile-car-shop,"Automobile Car Shop",1.3.8,1.3.7,https://downloads.wordpress.org/theme/automobile-car-shop.1.3.8.zip,"2024-12-31 08:31:42",https://wordpress.org/themes/automobile-car-shop/,5.9,5.6
bridal-jewelry-store,"Bridal Jewelry Store",1.7,1.6,https://downloads.wordpress.org/theme/bridal-jewelry-store.1.7.zip,"2024-12-31 07:39:19",https://wordpress.org/themes/bridal-jewelry-store/,,7.4
construction-engineer,"Construction Engineer",2.0,1.9,https://downloads.wordpress.org/theme/construction-engineer.2.0.zip,"2024-12-31 07:39:48",https://wordpress.org/themes/construction-engineer/,,7.4
doctor-physician,"Doctor Physician",1.6,1.5,https://downloads.wordpress.org/theme/doctor-physician.1.6.zip,"2024-12-31 07:40:31",https://wordpress.org/themes/doctor-physician/,,7.4
eco-solar-energy,"Eco Solar Energy",1.0.20,1.0.18,https://downloads.wordpress.org/theme/eco-solar-energy.1.0.20.zip,"2024-12-31 08:23:02",https://wordpress.org/themes/eco-solar-energy/,,5.6
gamers-studio,"Gamers Studio",1.9,1.8,https://downloads.wordpress.org/theme/gamers-studio.1.9.zip,"2024-12-31 07:40:56",https://wordpress.org/themes/gamers-studio/,,7.4
movie-theatre,"Movie Theatre",1.8,1.7,https://downloads.wordpress.org/theme/movie-theatre.1.8.zip,"2024-12-31 07:41:21",https://wordpress.org/themes/movie-theatre/,,7.4
water-sports-gear,"Water Sports Gear",1.9,1.8,https://downloads.wordpress.org/theme/water-sports-gear.1.9.zip,"2024-12-31 07:41:51",https://wordpress.org/themes/water-sports-gear/,,7.4
wedding-event-management,"Wedding Event Management",1.8,1.7,https://downloads.wordpress.org/theme/wedding-event-management.1.8.zip,"2024-12-31 07:42:29",https://wordpress.org/themes/wedding-event-management/,,7.4
advance-blogging,"Advance Blogging",1.6.6,1.6.5,https://downloads.wordpress.org/theme/advance-blogging.1.6.6.zip,"2024-12-31 08:54:29",https://wordpress.org/themes/advance-blogging/,5.0,7.2
bb-ecommerce-store,"BB Ecommerce Store",2.3.5,2.3.4,https://downloads.wordpress.org/theme/bb-ecommerce-store.2.3.5.zip,"2024-12-31 08:48:12",https://wordpress.org/themes/bb-ecommerce-store/,5.0,7.2
bb-mobile-application,"BB Mobile Application",2.0.4,2.0.3,https://downloads.wordpress.org/theme/bb-mobile-application.2.0.4.zip,"2024-12-31 08:49:08",https://wordpress.org/themes/bb-mobile-application/,5.0,7.2
cargo-transport,"Cargo Transport",1.5.9,1.5.8,https://downloads.wordpress.org/theme/cargo-transport.1.5.9.zip,"2024-12-31 08:55:54",https://wordpress.org/themes/cargo-transport/,5.0,5.6
charity-welfare-funds,"Charity Welfare Funds",0.1.7,0.1.6,https://downloads.wordpress.org/theme/charity-welfare-funds.0.1.7.zip,"2024-12-31 08:43:39",https://wordpress.org/themes/charity-welfare-funds/,5.0,7.2
classified-listings,"Classified Listings",1.2.6,1.2.5,https://downloads.wordpress.org/theme/classified-listings.1.2.6.zip,"2024-12-31 08:32:29",https://wordpress.org/themes/classified-listings/,5.9,5.6
e-commerce-shop,"E-commerce Shop",6.2.2,6.2.1,https://downloads.wordpress.org/theme/e-commerce-shop.6.2.2.zip,"2024-12-31 08:49:42",https://wordpress.org/themes/e-commerce-shop/,5.0,7.2
influencer-agency,"Influencer Agency",1.1.6,1.1.5,https://downloads.wordpress.org/theme/influencer-agency.1.1.6.zip,"2024-12-31 08:33:40",https://wordpress.org/themes/influencer-agency/,5.9,5.6
interior-designs,"Interior Designs",1.5.7,1.5.6,https://downloads.wordpress.org/theme/interior-designs.1.5.7.zip,"2024-12-31 08:57:42",https://wordpress.org/themes/interior-designs/,,7.2
perfect-blog,"Perfect Blog",1.2.4,1.2.3,https://downloads.wordpress.org/theme/perfect-blog.1.2.4.zip,"2024-12-31 08:50:33",https://wordpress.org/themes/perfect-blog/,5.0,7.2
perfect-blogging,"Perfect Blogging",0.7.5,0.7.4,https://downloads.wordpress.org/theme/perfect-blogging.0.7.5.zip,"2024-12-31 08:51:33",https://wordpress.org/themes/perfect-blogging/,5.0,7.2
ts-mobile-app,"TS Mobile App",0.6.9,0.6.8,https://downloads.wordpress.org/theme/ts-mobile-app.0.6.9.zip,"2024-12-31 08:52:04",https://wordpress.org/themes/ts-mobile-app/,5.0,7.2
ultimate-audio-streaming,"Ultimate Audio Streaming",0.5.2,0.5.1,https://downloads.wordpress.org/theme/ultimate-audio-streaming.0.5.2.zip,"2024-12-31 09:08:35",https://wordpress.org/themes/ultimate-audio-streaming/,5.0,7.2
videography-filmmaker,"Videography Filmmaker",0.5.1,0.5,https://downloads.wordpress.org/theme/videography-filmmaker.0.5.1.zip,"2024-12-31 08:58:54",https://wordpress.org/themes/videography-filmmaker/,5.0,7.2
vw-audio-podcast,"VW Audio Podcast",1.1.3,1.1.2,https://downloads.wordpress.org/theme/vw-audio-podcast.1.1.3.zip,"2024-12-31 08:35:43",https://wordpress.org/themes/vw-audio-podcast/,5.9,5.6
vw-bakers,"VW Bakers",0.2.2,0.2.1,https://downloads.wordpress.org/theme/vw-bakers.0.2.2.zip,"2024-12-31 08:36:45",https://wordpress.org/themes/vw-bakers/,5.0,7.2
vw-bakery-blocks,"VW Bakery Blocks",1.4,1.3.9,https://downloads.wordpress.org/theme/vw-bakery-blocks.1.4.zip,"2024-12-31 08:37:40",https://wordpress.org/themes/vw-bakery-blocks/,5.9,7.2
vw-furniture-shop,"VW Furniture Shop",1.1.3,1.1.2,https://downloads.wordpress.org/theme/vw-furniture-shop.1.1.3.zip,"2024-12-31 08:39:19",https://wordpress.org/themes/vw-furniture-shop/,5.9,5.6
vw-tour-lite,"VW Tour Lite",1.8.8,1.8.7,https://downloads.wordpress.org/theme/vw-tour-lite.1.8.8.zip,"2024-12-31 08:39:59",https://wordpress.org/themes/vw-tour-lite/,5.0,7.2
vw-transport-cargo,"VW Transport Cargo",1.1.7,1.1.6,https://downloads.wordpress.org/theme/vw-transport-cargo.1.1.7.zip,"2024-12-31 08:40:38",https://wordpress.org/themes/vw-transport-cargo/,5.0,7.2
barista-coffee-shop,"Barista Coffee Shop",2.3,2.2.9,https://downloads.wordpress.org/theme/barista-coffee-shop.2.3.zip,"2024-12-31 09:54:23",https://wordpress.org/themes/barista-coffee-shop/,5.0,7.2
beauty-cosmetic-store,"Beauty Cosmetic Store",0.0.7,0.0.6,https://downloads.wordpress.org/theme/beauty-cosmetic-store.0.0.7.zip,"2024-12-31 09:53:51",https://wordpress.org/themes/beauty-cosmetic-store/,5.0,7.2
centralnews,CentralNews,2.0.32,2.0.31,https://downloads.wordpress.org/theme/centralnews.2.0.32.zip,"2024-12-31 09:28:48",https://wordpress.org/themes/centralnews/,4.0,5.3
cosmetics-salon,"Cosmetics Salon",0.3.8,0.3.7,https://downloads.wordpress.org/theme/cosmetics-salon.0.3.8.zip,"2024-12-31 09:53:17",https://wordpress.org/themes/cosmetics-salon/,5.0,7.2
curtains-fabric,"Curtains Fabric",0.3.6,0.3.5,https://downloads.wordpress.org/theme/curtains-fabric.0.3.6.zip,"2024-12-31 09:54:58",https://wordpress.org/themes/curtains-fabric/,5.0,7.2
globalnews,GlobalNews,1.0.21,1.0.20,https://downloads.wordpress.org/theme/globalnews.1.0.21.zip,"2024-12-31 09:29:11",https://wordpress.org/themes/globalnews/,4.0,5.3
newsical,Newsical,1.0.10,1.0.9,https://downloads.wordpress.org/theme/newsical.1.0.10.zip,"2024-12-31 09:29:32",https://wordpress.org/themes/newsical/,4.0,5.3
newsmore,NewsMore,1.2.27,1.2.26,https://downloads.wordpress.org/theme/newsmore.1.2.27.zip,"2024-12-31 09:29:49",https://wordpress.org/themes/newsmore/,4.0,5.3
personal-coach-lite,"Personal Coach Lite",0.0.4,0.0.3,https://downloads.wordpress.org/theme/personal-coach-lite.0.0.4.zip,"2024-12-31 09:52:05",https://wordpress.org/themes/personal-coach-lite/,5.0,7.2
restaurant-cafeteria,"Restaurant Cafeteria",0.2.9,0.2.8,https://downloads.wordpress.org/theme/restaurant-cafeteria.0.2.9.zip,"2024-12-31 09:52:45",https://wordpress.org/themes/restaurant-cafeteria/,5.0,7.2
restaurant-zone,"Restaurant Zone",0.6.1,0.6,https://downloads.wordpress.org/theme/restaurant-zone.0.6.1.zip,"2024-12-31 09:51:35",https://wordpress.org/themes/restaurant-zone/,5.0,7.2
skin-care-products,"Skin Care Products",0.0.4,0.0.3,https://downloads.wordpress.org/theme/skin-care-products.0.0.4.zip,"2024-12-31 09:51:01",https://wordpress.org/themes/skin-care-products/,5.0,7.2
aromatic,Aromatic,16.0,15.9,https://downloads.wordpress.org/theme/aromatic.16.0.zip,"2024-12-31 10:40:48",https://wordpress.org/themes/aromatic/,4.7,5.6
astra,Astra,4.8.9,4.8.8,https://downloads.wordpress.org/theme/astra.4.8.9.zip,"2024-12-31 10:35:38",https://wordpress.org/themes/astra/,5.3,5.3
ayroma,Ayroma,15.4,15.3,https://downloads.wordpress.org/theme/ayroma.15.4.zip,"2024-12-31 10:40:11",https://wordpress.org/themes/ayroma/,4.7,5.6
express-store,"Express Store",11.5,11.4,https://downloads.wordpress.org/theme/express-store.11.5.zip,"2024-12-31 10:39:50",https://wordpress.org/themes/express-store/,,5.6
feauty,Feauty,15.3,15.2,https://downloads.wordpress.org/theme/feauty.15.3.zip,"2024-12-31 10:45:26",https://wordpress.org/themes/feauty/,4.7,5.6
flexi-mart,"Flexi Mart",2.5,2.4,https://downloads.wordpress.org/theme/flexi-mart.2.5.zip,"2024-12-31 10:44:35",https://wordpress.org/themes/flexi-mart/,,5.6
flossy,Flossy,7.8,7.7,https://downloads.wordpress.org/theme/flossy.7.8.zip,"2024-12-31 10:44:16",https://wordpress.org/themes/flossy/,4.7,5.6
flow-store,"Flow Store",3.6,3.5,https://downloads.wordpress.org/theme/flow-store.3.6.zip,"2024-12-31 10:42:01",https://wordpress.org/themes/flow-store/,,5.6
retailsy,Retailsy,15.3,15.2,https://downloads.wordpress.org/theme/retailsy.15.3.zip,"2024-12-31 10:41:37",https://wordpress.org/themes/retailsy/,4.7,5.6
shopient,Shopient,15.3,15.2,https://downloads.wordpress.org/theme/shopient.15.3.zip,"2024-12-31 10:39:18",https://wordpress.org/themes/shopient/,4.7,5.6
shopiva,Shopiva,15.3,15.2,https://downloads.wordpress.org/theme/shopiva.15.3.zip,"2024-12-31 10:38:54",https://wordpress.org/themes/shopiva/,4.7,5.6
shoply,Shoply,15.4,15.3,https://downloads.wordpress.org/theme/shoply.15.4.zip,"2024-12-31 10:38:34",https://wordpress.org/themes/shoply/,4.7,5.6
storefit,Storefit,10.0,9.9,https://downloads.wordpress.org/theme/storefit.10.0.zip,"2024-12-31 10:41:06",https://wordpress.org/themes/storefit/,,5.6
storely,Storely,15.8,15.7,https://downloads.wordpress.org/theme/storely.15.8.zip,"2024-12-31 10:37:22",https://wordpress.org/themes/storely/,4.7,5.6
storess,Storess,15.3,15.2,https://downloads.wordpress.org/theme/storess.15.3.zip,"2024-12-31 10:38:10",https://wordpress.org/themes/storess/,4.7,5.6
storezia,Storezia,15.4,15.3,https://downloads.wordpress.org/theme/storezia.15.4.zip,"2024-12-31 10:37:48",https://wordpress.org/themes/storezia/,4.7,5.6
auto-car-care,"Auto Car Care",6.4,6.3,https://downloads.wordpress.org/theme/auto-car-care.6.4.zip,"2024-12-31 11:30:26",https://wordpress.org/themes/auto-car-care/,5.0,5.6
auto-dealer-lite,"Auto Dealer Lite",5.8,5.7,https://downloads.wordpress.org/theme/auto-dealer-lite.5.8.zip,"2024-12-31 11:31:25",https://wordpress.org/themes/auto-dealer-lite/,5.0,5.6
auto-motors,"Auto Motors",4.5,4.4,https://downloads.wordpress.org/theme/auto-motors.4.5.zip,"2024-12-31 11:42:50",https://wordpress.org/themes/auto-motors/,5.0,5.6
automobile-hub,"Automobile Hub",8.7,8.6,https://downloads.wordpress.org/theme/automobile-hub.8.7.zip,"2024-12-31 11:37:39",https://wordpress.org/themes/automobile-hub/,5.0,5.6
automotive-charging-station,"Automotive Charging Station",4.2,4.1,https://downloads.wordpress.org/theme/automotive-charging-station.4.2.zip,"2024-12-31 11:39:08",https://wordpress.org/themes/automotive-charging-station/,,5.6
business-accountant,"Business Accountant",1.5,1.4,https://downloads.wordpress.org/theme/business-accountant.1.5.zip,"2024-12-31 11:41:21",https://wordpress.org/themes/business-accountant/,5.0,5.6
business-corporate-agency,"Business Corporate Agency",1.5,1.4,https://downloads.wordpress.org/theme/business-corporate-agency.1.5.zip,"2024-12-31 11:33:58",https://wordpress.org/themes/business-corporate-agency/,5.0,5.6
car-auto-parts,"Car Auto Parts",1.3,1.2,https://downloads.wordpress.org/theme/car-auto-parts.1.3.zip,"2024-12-31 11:34:53",https://wordpress.org/themes/car-auto-parts/,5.0,5.6
car-mechanic,"Car Mechanic",4.6,4.5,https://downloads.wordpress.org/theme/car-mechanic.4.6.zip,"2024-12-31 11:33:07",https://wordpress.org/themes/car-mechanic/,5.0,5.6
car-paint-job,"Car Paint Job",2.1,2.0,https://downloads.wordpress.org/theme/car-paint-job.2.1.zip,"2024-12-31 11:32:17",https://wordpress.org/themes/car-paint-job/,5.0,5.6
car-rental-hub,"Car Rental Hub",4.5,4.4,https://downloads.wordpress.org/theme/car-rental-hub.4.5.zip,"2024-12-31 11:29:44",https://wordpress.org/themes/car-rental-hub/,5.0,5.6
car-repair,"Car Repair",6.3,6.1,https://downloads.wordpress.org/theme/car-repair.6.3.zip,"2024-12-31 11:28:43",https://wordpress.org/themes/car-repair/,5.0,5.6
car-wash-services,"Car Wash Services",4.4,4.3,https://downloads.wordpress.org/theme/car-wash-services.4.4.zip,"2024-12-31 11:40:33",https://wordpress.org/themes/car-wash-services/,5.0,5.6
doctor-general-physician,"Doctor General Physician",1.4,1.3,https://downloads.wordpress.org/theme/doctor-general-physician.1.4.zip,"2024-12-31 11:42:10",https://wordpress.org/themes/doctor-general-physician/,5.0,5.6
hardware-store-hub,"Hardware Store Hub",2.3,2.2,https://downloads.wordpress.org/theme/hardware-store-hub.2.3.zip,"2024-12-31 11:39:51",https://wordpress.org/themes/hardware-store-hub/,5.0,5.6
home-renovation-agency,"Home Renovation Agency",1.4,1.3,https://downloads.wordpress.org/theme/home-renovation-agency.1.4.zip,"2024-12-31 11:38:25",https://wordpress.org/themes/home-renovation-agency/,5.0,5.6
mehndi-tattoo-artist,"Mehndi Tattoo Artist",1.6,1.5,https://downloads.wordpress.org/theme/mehndi-tattoo-artist.1.6.zip,"2024-12-31 11:35:41",https://wordpress.org/themes/mehndi-tattoo-artist/,5.0,5.6
mobile-app-hub,"Mobile App Hub",1.5,1.4,https://downloads.wordpress.org/theme/mobile-app-hub.1.5.zip,"2024-12-31 11:36:24",https://wordpress.org/themes/mobile-app-hub/,5.0,5.6
travel-booking,"Travel Booking",1.3.6,1.3.5,https://downloads.wordpress.org/theme/travel-booking.1.3.6.zip,"2024-12-31 12:47:29",https://wordpress.org/themes/travel-booking/,6.2,7.3
bistro-lite,"Bistro Lite",1.5,1.4,https://downloads.wordpress.org/theme/bistro-lite.1.5.zip,"2024-12-31 12:58:43",https://wordpress.org/themes/bistro-lite/,,7.4
correct-lite,"Correct Lite",2.0,1.10,https://downloads.wordpress.org/theme/correct-lite.2.0.zip,"2024-12-31 13:00:11",https://wordpress.org/themes/correct-lite/,,7.4
educate-training-coach,"Educate Training Coach",3.9,3.8,https://downloads.wordpress.org/theme/educate-training-coach.3.9.zip,"2024-12-31 13:10:06",https://wordpress.org/themes/educate-training-coach/,5.0,5.6
education-academy-coach,"Education Academy Coach",4.4,4.3,https://downloads.wordpress.org/theme/education-academy-coach.4.4.zip,"2024-12-31 13:09:44",https://wordpress.org/themes/education-academy-coach/,5.0,5.6
education-insight,"Education Insight",8.3,8.2,https://downloads.wordpress.org/theme/education-insight.8.3.zip,"2024-12-31 13:09:21",https://wordpress.org/themes/education-insight/,5.0,5.6
fitness-insight,"Fitness Insight",7.3,7.2,https://downloads.wordpress.org/theme/fitness-insight.7.3.zip,"2024-12-31 13:08:36",https://wordpress.org/themes/fitness-insight/,5.0,5.6
fitness-life-coach,"Fitness Life Coach",2.6,2.5,https://downloads.wordpress.org/theme/fitness-life-coach.2.6.zip,"2024-12-31 13:08:00",https://wordpress.org/themes/fitness-life-coach/,,5.6
healthcare-clinic,"Healthcare Clinic",4.2,4.1,https://downloads.wordpress.org/theme/healthcare-clinic.4.2.zip,"2024-12-31 13:07:33",https://wordpress.org/themes/healthcare-clinic/,5.0,5.6
herbal-lite,"Herbal Lite",1.4,1.3,https://downloads.wordpress.org/theme/herbal-lite.1.4.zip,"2024-12-31 12:58:07",https://wordpress.org/themes/herbal-lite/,,7.4
martial-arts-training,"Martial Arts Training",3.8,3.7,https://downloads.wordpress.org/theme/martial-arts-training.3.8.zip,"2024-12-31 13:06:28",https://wordpress.org/themes/martial-arts-training/,5.0,5.6
medical-care,"Medical Care",8.8,8.7,https://downloads.wordpress.org/theme/medical-care.8.8.zip,"2024-12-31 13:05:59",https://wordpress.org/themes/medical-care/,5.0,5.6
medical-insight,"Medical Insight",6.2,6.1,https://downloads.wordpress.org/theme/medical-insight.6.2.zip,"2024-12-31 13:05:15",https://wordpress.org/themes/medical-insight/,5.0,5.6
minimal-education,"Minimal Education",6.3,6.2,https://downloads.wordpress.org/theme/minimal-education.6.3.zip,"2024-12-31 13:04:48",https://wordpress.org/themes/minimal-education/,5.0,5.6
nursery-kindergarten,"Nursery Kindergarten",4.4,4.3,https://downloads.wordpress.org/theme/nursery-kindergarten.4.4.zip,"2024-12-31 13:04:13",https://wordpress.org/themes/nursery-kindergarten/,5.0,5.6
personal-gym-trainer,"Personal Gym Trainer",4.9,4.8,https://downloads.wordpress.org/theme/personal-gym-trainer.4.9.zip,"2024-12-31 13:03:39",https://wordpress.org/themes/personal-gym-trainer/,5.0,5.6
spexo,Spexo,1.0.4,1.0.3,https://downloads.wordpress.org/theme/spexo.1.0.4.zip,"2024-12-31 14:18:43",https://wordpress.org/themes/spexo/,4.7,7.4
spexo,Spexo,1.0.5,1.0.4,https://downloads.wordpress.org/theme/spexo.1.0.5.zip,"2024-12-31 14:49:24",https://wordpress.org/themes/spexo/,4.7,7.4
eternal,Eternal,1.4.1,1.4,https://downloads.wordpress.org/theme/eternal.1.4.1.zip,"2024-12-31 16:30:34",https://wordpress.org/themes/eternal/,6.6,7.4
convo,Convo,6.7,6.6,https://downloads.wordpress.org/theme/convo.6.7.zip,"2024-12-31 17:26:31",https://wordpress.org/themes/convo/,,7.0
fiona-blog,"Fiona Blog",11.7,11.6,https://downloads.wordpress.org/theme/fiona-blog.11.7.zip,"2024-12-31 17:26:13",https://wordpress.org/themes/fiona-blog/,4.7,5.6
metasoft,MetaSoft,11.6,11.5,https://downloads.wordpress.org/theme/metasoft.11.6.zip,"2024-12-31 17:25:36",https://wordpress.org/themes/metasoft/,4.7,5.6
aravalli,Aravalli,11.6,11.5,https://downloads.wordpress.org/theme/aravalli.11.6.zip,"2024-12-31 17:27:02",https://wordpress.org/themes/aravalli/,4.7,5.6
boostify,Boostify,11.6,11.5,https://downloads.wordpress.org/theme/boostify.11.6.zip,"2024-12-31 17:27:42",https://wordpress.org/themes/boostify/,4.7,5.6
colorsy,Colorsy,11.4,11.3,https://downloads.wordpress.org/theme/colorsy.11.4.zip,"2024-12-31 17:28:28",https://wordpress.org/themes/colorsy/,4.7,5.6
cosmics,Cosmics,11.4,11.3,https://downloads.wordpress.org/theme/cosmics.11.4.zip,"2024-12-31 17:28:06",https://wordpress.org/themes/cosmics/,4.7,5.6
eventplus,EventPlus,11.1,11.0,https://downloads.wordpress.org/theme/eventplus.11.1.zip,"2024-12-31 17:30:58",https://wordpress.org/themes/eventplus/,4.7,5.6
evita,Evita,1.4.9,1.4.8,https://downloads.wordpress.org/theme/evita.1.4.9.zip,"2024-12-31 17:30:31",https://wordpress.org/themes/evita/,,5.6
renoval,Renoval,10.9,10.8,https://downloads.wordpress.org/theme/renoval.10.9.zip,"2024-12-31 17:29:51",https://wordpress.org/themes/renoval/,4.7,5.6
startweb,StartWeb,11.7,11.6,https://downloads.wordpress.org/theme/startweb.11.7.zip,"2024-12-31 17:28:58",https://wordpress.org/themes/startweb/,4.7,5.6
