Slug,Name,Version,"Previous Version","Download Link",Released,"WordPress.org URL","Required WP","Required PHP","Active Installs"
alexia,Alexia,1.0.72,1.0.71,https://downloads.wordpress.org/theme/alexia.1.0.72.zip,"2025-04-01 00:54:10",https://wordpress.org/themes/alexia/,,5.4
arvila,Arvila,1.0.67,1.0.66,https://downloads.wordpress.org/theme/arvila.1.0.67.zip,"2025-04-01 00:53:03",https://wordpress.org/themes/arvila/,,5.4
avine,Avine,1.0.61,1.0.60,https://downloads.wordpress.org/theme/avine.1.0.61.zip,"2025-04-01 00:51:03",https://wordpress.org/themes/avine/,,5.4
avire,Avire,1.0.51,1.0.50,https://downloads.wordpress.org/theme/avire.1.0.51.zip,"2025-04-01 00:49:11",https://wordpress.org/themes/avire/,,5.4
blogbd,BlogBD,1.2.8,1.2.7,https://downloads.wordpress.org/theme/blogbd.1.2.8.zip,"2025-04-01 00:36:48",https://wordpress.org/themes/blogbd/,4.4,7.0
enovia,Enovia,1.0.59,1.0.58,https://downloads.wordpress.org/theme/enovia.1.0.59.zip,"2025-04-01 00:50:11",https://wordpress.org/themes/enovia/,,5.4
flixicart,FlixiCart,1.0.79,1.0.78,https://downloads.wordpress.org/theme/flixicart.1.0.79.zip,"2025-04-01 00:55:03",https://wordpress.org/themes/flixicart/,,5.4
flixify,Flixify,1.0.49,1.0.48,https://downloads.wordpress.org/theme/flixify.1.0.49.zip,"2025-04-01 00:47:56",https://wordpress.org/themes/flixify/,,5.4
multibiz,MultiBiz,1.0.64,1.0.63,https://downloads.wordpress.org/theme/multibiz.1.0.64.zip,"2025-04-01 00:52:00",https://wordpress.org/themes/multibiz/,,5.4
grocefycart,GrocefyCart,1.0.3,,https://downloads.wordpress.org/theme/grocefycart.1.0.3.zip,"2025-04-01 02:11:50",https://wordpress.org/themes/grocefycart/,5.9,7.0
poultry-farm,"Poultry Farm",0.9,0.8,https://downloads.wordpress.org/theme/poultry-farm.0.9.zip,"2025-04-01 04:28:14",https://wordpress.org/themes/poultry-farm/,5.6,7.2
unique-blogger,"Unique Blogger",1.0.3,1.0.2,https://downloads.wordpress.org/theme/unique-blogger.1.0.3.zip,"2025-04-01 04:28:22",https://wordpress.org/themes/unique-blogger/,5.6,7.2
unique-freelancer-portfolio,"Unique Freelancer Portfolio",1.0.2,1.0.1,https://downloads.wordpress.org/theme/unique-freelancer-portfolio.1.0.2.zip,"2025-04-01 04:28:38",https://wordpress.org/themes/unique-freelancer-portfolio/,5.6,7.2
unique-fun-center,"Unique Fun Center",1.0.3,1.0.2,https://downloads.wordpress.org/theme/unique-fun-center.1.0.3.zip,"2025-04-01 04:28:48",https://wordpress.org/themes/unique-fun-center/,5.6,7.2
unique-graphic-designer,"Unique Graphic Designer",1.0.8,1.0.7,https://downloads.wordpress.org/theme/unique-graphic-designer.1.0.8.zip,"2025-04-01 04:29:00",https://wordpress.org/themes/unique-graphic-designer/,5.6,7.2
call-center-bpo,"Call Center BPO",4.5,4.4,https://downloads.wordpress.org/theme/call-center-bpo.4.5.zip,"2025-04-01 05:05:10",https://wordpress.org/themes/call-center-bpo/,5.0,7.2
foodie-restaurant,"Foodie Restaurant",4.4,4.3,https://downloads.wordpress.org/theme/foodie-restaurant.4.4.zip,"2025-04-01 05:05:39",https://wordpress.org/themes/foodie-restaurant/,5.0,7.2
movaone,Movaone,2.1,1.1.3,https://downloads.wordpress.org/theme/movaone.2.1.zip,"2025-04-01 04:59:55",https://wordpress.org/themes/movaone/,6.4,8.1
online-video-games,"Online Video Games",4.4,4.3,https://downloads.wordpress.org/theme/online-video-games.4.4.zip,"2025-04-01 05:05:58",https://wordpress.org/themes/online-video-games/,5.0,7.2
professional-cv-resume,"Professional CV Resume",4.7,4.6,https://downloads.wordpress.org/theme/professional-cv-resume.4.7.zip,"2025-04-01 05:06:14",https://wordpress.org/themes/professional-cv-resume/,5.0,7.2
professional-video-vlogger,"Professional Video Vlogger",4.3,4.2,https://downloads.wordpress.org/theme/professional-video-vlogger.4.3.zip,"2025-04-01 05:06:40",https://wordpress.org/themes/professional-video-vlogger/,5.0,7.2
transcargo-transportation,"Transcargo Transportation",4.1,4.0,https://downloads.wordpress.org/theme/transcargo-transportation.4.1.zip,"2025-04-01 05:06:54",https://wordpress.org/themes/transcargo-transportation/,5.0,7.2
colormag,ColorMag,4.0.12,4.0.11,https://downloads.wordpress.org/theme/colormag.4.0.12.zip,"2025-04-01 06:11:36",https://wordpress.org/themes/colormag/,,7.4
ngo-social-services,"NGO Social Services",0.4.9,0.4.8,https://downloads.wordpress.org/theme/ngo-social-services.0.4.9.zip,"2025-04-01 06:32:40",https://wordpress.org/themes/ngo-social-services/,5.0,7.2
smart-cleaning-services,"Smart Cleaning Services",0.4.9,0.4.8,https://downloads.wordpress.org/theme/smart-cleaning-services.0.4.9.zip,"2025-04-01 06:32:57",https://wordpress.org/themes/smart-cleaning-services/,5.0,7.2
smart-cleaning,"Smart Cleaning",4.6.4,4.6.3,https://downloads.wordpress.org/theme/smart-cleaning.4.6.4.zip,"2025-04-01 06:32:18",https://wordpress.org/themes/smart-cleaning/,5.0,7.2
soccer-football,"Soccer Football",1.8.4,1.8.3,https://downloads.wordpress.org/theme/soccer-football.1.8.4.zip,"2025-04-01 06:33:19",https://wordpress.org/themes/soccer-football/,5.0,7.2
supermarket-zone,"Supermarket Zone",2.3.5,2.3.4,https://downloads.wordpress.org/theme/supermarket-zone.2.3.5.zip,"2025-04-01 06:39:46",https://wordpress.org/themes/supermarket-zone/,5.0,7.2
tutor-academy,"Tutor Academy",2.3.5,2.3.4,https://downloads.wordpress.org/theme/tutor-academy.2.3.5.zip,"2025-04-01 06:40:16",https://wordpress.org/themes/tutor-academy/,5.0,7.2
articlewave,Articlewave,1.1.4,1.1.3,https://downloads.wordpress.org/theme/articlewave.1.1.4.zip,"2025-04-01 06:47:46",https://wordpress.org/themes/articlewave/,5.0,7.2
food-grocery-hub,"Food Grocery Hub",0.2,0.1,https://downloads.wordpress.org/theme/food-grocery-hub.0.2.zip,"2025-04-01 07:33:48",https://wordpress.org/themes/food-grocery-hub/,5.0,5.6
law-firm-attorney,"Law Firm Attorney",4.1,4.0,https://downloads.wordpress.org/theme/law-firm-attorney.4.1.zip,"2025-04-01 07:34:32",https://wordpress.org/themes/law-firm-attorney/,5.0,5.6
lawyer-hub,"Lawyer Hub",3.1,3.0,https://downloads.wordpress.org/theme/lawyer-hub.3.1.zip,"2025-04-01 07:34:58",https://wordpress.org/themes/lawyer-hub/,5.0,5.6
legal-law-consulting,"Legal Law Consulting",2.2,2.1,https://downloads.wordpress.org/theme/legal-law-consulting.2.2.zip,"2025-04-01 07:35:26",https://wordpress.org/themes/legal-law-consulting/,5.0,5.6
news-magazine-x,"News Magazine X",1.1.6,1.1.5,https://downloads.wordpress.org/theme/news-magazine-x.1.1.6.zip,"2025-04-01 08:27:33",https://wordpress.org/themes/news-magazine-x/,4.7,7.4
seo-enterprise,"SEO Enterprise",0.2,0.1,https://downloads.wordpress.org/theme/seo-enterprise.0.2.zip,"2025-04-01 08:13:53",https://wordpress.org/themes/seo-enterprise/,5.0,5.6
botiga,Botiga,2.3.0,2.2.18,https://downloads.wordpress.org/theme/botiga.2.3.0.zip,"2025-04-01 09:22:05",https://wordpress.org/themes/botiga/,,
catering-services,"Catering Services",0.6.7,0.6.6,https://downloads.wordpress.org/theme/catering-services.0.6.7.zip,"2025-04-01 08:53:13",https://wordpress.org/themes/catering-services/,5.0,7.2
courier-services,"Courier Services",0.2.7,0.2.6,https://downloads.wordpress.org/theme/courier-services.0.2.7.zip,"2025-04-01 08:53:49",https://wordpress.org/themes/courier-services/,5.0,7.2
cricket-league,"Cricket League",0.2.8,0.2.7,https://downloads.wordpress.org/theme/cricket-league.0.2.8.zip,"2025-04-01 08:57:58",https://wordpress.org/themes/cricket-league/,5.0,7.2
designer-artist,"Designer Artist",0.5.6,0.5.5,https://downloads.wordpress.org/theme/designer-artist.0.5.6.zip,"2025-04-01 08:58:55",https://wordpress.org/themes/designer-artist/,5.0,7.2
electronics-retailer,"Electronics Retailer",0.2.5,0.2.4,https://downloads.wordpress.org/theme/electronics-retailer.0.2.5.zip,"2025-04-01 08:59:47",https://wordpress.org/themes/electronics-retailer/,5.0,7.2
forest-jungle-safari,"Forest Jungle Safari",0.2.3,0.2.2,https://downloads.wordpress.org/theme/forest-jungle-safari.0.2.3.zip,"2025-04-01 08:56:21",https://wordpress.org/themes/forest-jungle-safari/,5.0,7.2
pest-control-treatment,"Pest Control Treatment",0.2.7,0.2.6,https://downloads.wordpress.org/theme/pest-control-treatment.0.2.7.zip,"2025-04-01 08:56:59",https://wordpress.org/themes/pest-control-treatment/,5.0,7.2
street-food-truck,"Street Food Truck",0.2.3,0.2.2,https://downloads.wordpress.org/theme/street-food-truck.0.2.3.zip,"2025-04-01 08:54:33",https://wordpress.org/themes/street-food-truck/,5.0,7.2
sydney,Sydney,2.52,2.51,https://downloads.wordpress.org/theme/sydney.2.52.zip,"2025-04-01 09:24:06",https://wordpress.org/themes/sydney/,,5.6
vw-bakers,"VW Bakers",0.2.7,0.2.6,https://downloads.wordpress.org/theme/vw-bakers.0.2.7.zip,"2025-04-01 08:55:15",https://wordpress.org/themes/vw-bakers/,5.0,7.2
vw-business-lounge,"VW Business Lounge",0.3.1,0.3,https://downloads.wordpress.org/theme/vw-business-lounge.0.3.1.zip,"2025-04-01 09:01:41",https://wordpress.org/themes/vw-business-lounge/,5.0,7.2
accron,Accron,1.8.0,1.7.9,https://downloads.wordpress.org/theme/accron.1.8.0.zip,"2025-04-01 10:31:55",https://wordpress.org/themes/accron/,4.7,5.6
appointo,Appointo,12.4,12.3,https://downloads.wordpress.org/theme/appointo.12.4.zip,"2025-04-01 10:27:18",https://wordpress.org/themes/appointo/,4.7,5.6
aravalli,Aravalli,12.9,12.8,https://downloads.wordpress.org/theme/aravalli.12.9.zip,"2025-04-01 10:25:21",https://wordpress.org/themes/aravalli/,4.7,5.6
automotive-services,"Automotive Services",0.6,0.5,https://downloads.wordpress.org/theme/automotive-services.0.6.zip,"2025-04-01 10:02:53",https://wordpress.org/themes/automotive-services/,,7.2
avril,Avril,13.2,13.1,https://downloads.wordpress.org/theme/avril.13.2.zip,"2025-04-01 10:31:28",https://wordpress.org/themes/avril/,4.7,5.6
boostify,Boostify,12.9,12.8,https://downloads.wordpress.org/theme/boostify.12.9.zip,"2025-04-01 10:24:56",https://wordpress.org/themes/boostify/,4.7,5.6
colorpress,ColorPress,12.8,12.7,https://downloads.wordpress.org/theme/colorpress.12.8.zip,"2025-04-01 10:31:04",https://wordpress.org/themes/colorpress/,4.7,5.6
colorsy,Colorsy,12.7,12.6,https://downloads.wordpress.org/theme/colorsy.12.7.zip,"2025-04-01 10:20:32",https://wordpress.org/themes/colorsy/,4.7,5.6
conceptly,Conceptly,13.8,13.7,https://downloads.wordpress.org/theme/conceptly.13.8.zip,"2025-04-01 10:30:43",https://wordpress.org/themes/conceptly/,4.7,5.6
convo,Convo,8.0,7.9,https://downloads.wordpress.org/theme/convo.8.0.zip,"2025-04-01 10:24:30",https://wordpress.org/themes/convo/,,7.0
corpex,Corpex,6.7,6.6,https://downloads.wordpress.org/theme/corpex.6.7.zip,"2025-04-01 10:26:48",https://wordpress.org/themes/corpex/,4.7,5.6
cosmics,Cosmics,12.7,12.6,https://downloads.wordpress.org/theme/cosmics.12.7.zip,"2025-04-01 10:20:07",https://wordpress.org/themes/cosmics/,4.7,5.6
eduvert,Eduvert,12.9,12.8,https://downloads.wordpress.org/theme/eduvert.12.9.zip,"2025-04-01 10:26:08",https://wordpress.org/themes/eduvert/,4.7,5.6
eventplus,EventPlus,12.4,12.3,https://downloads.wordpress.org/theme/eventplus.12.4.zip,"2025-04-01 10:23:10",https://wordpress.org/themes/eventplus/,4.7,5.6
evita,Evita,1.6.2,1.6.1,https://downloads.wordpress.org/theme/evita.1.6.2.zip,"2025-04-01 10:22:51",https://wordpress.org/themes/evita/,,5.6
expert-business-advisor,"Expert Business Advisor",1.0,0.9,https://downloads.wordpress.org/theme/expert-business-advisor.1.0.zip,"2025-04-01 10:03:43",https://wordpress.org/themes/expert-business-advisor/,,7.2
expert-estate-manager,"Expert Estate Manager",0.3,0.2,https://downloads.wordpress.org/theme/expert-estate-manager.0.3.zip,"2025-04-01 10:04:17",https://wordpress.org/themes/expert-estate-manager/,,7.2
expert-gardener,"Expert Gardener",0.5,0.4,https://downloads.wordpress.org/theme/expert-gardener.0.5.zip,"2025-04-01 10:04:56",https://wordpress.org/themes/expert-gardener/,,7.2
expert-photographer,"Expert Photographer",4.0,3.9,https://downloads.wordpress.org/theme/expert-photographer.4.0.zip,"2025-04-01 10:05:26",https://wordpress.org/themes/expert-photographer/,,7.2
expert-videographer,"Expert Videographer",3.9,3.8,https://downloads.wordpress.org/theme/expert-videographer.3.9.zip,"2025-04-01 10:06:10",https://wordpress.org/themes/expert-videographer/,,7.2
fiona-blog,"Fiona Blog",13.0,12.9,https://downloads.wordpress.org/theme/fiona-blog.13.0.zip,"2025-04-01 10:23:54",https://wordpress.org/themes/fiona-blog/,4.7,5.6
flavita,Flavita,12.9,12.8,https://downloads.wordpress.org/theme/flavita.12.9.zip,"2025-04-01 10:30:13",https://wordpress.org/themes/flavita/,4.7,5.6
fotografie-blocks,"Fotografie Blocks",1.2,1.1.1,https://downloads.wordpress.org/theme/fotografie-blocks.1.2.zip,"2025-04-01 09:41:03",https://wordpress.org/themes/fotografie-blocks/,5.9,5.6
gradiant,Gradiant,13.5,13.4,https://downloads.wordpress.org/theme/gradiant.13.5.zip,"2025-04-01 10:29:06",https://wordpress.org/themes/gradiant/,4.7,5.6
hantus,Hantus,13.9,13.8,https://downloads.wordpress.org/theme/hantus.13.9.zip,"2025-04-01 10:25:42",https://wordpress.org/themes/hantus/,4.7,5.6
medazin,Medazin,10.6,10.5,https://downloads.wordpress.org/theme/medazin.10.6.zip,"2025-04-01 10:28:21",https://wordpress.org/themes/medazin/,4.7,5.6
metasoft,MetaSoft,12.9,12.8,https://downloads.wordpress.org/theme/metasoft.12.9.zip,"2025-04-01 10:23:35",https://wordpress.org/themes/metasoft/,4.7,5.6
pet-house,"Pet House",1.3,1.2,https://downloads.wordpress.org/theme/pet-house.1.3.zip,"2025-04-01 10:07:15",https://wordpress.org/themes/pet-house/,,7.2
renoval,Renoval,12.2,12.1,https://downloads.wordpress.org/theme/renoval.12.2.zip,"2025-04-01 10:21:29",https://wordpress.org/themes/renoval/,4.7,5.6
startkit,StartKit,15.1,15.0,https://downloads.wordpress.org/theme/startkit.15.1.zip,"2025-04-01 10:28:44",https://wordpress.org/themes/startkit/,4.7,5.6
startweb,StartWeb,13.0,12.9,https://downloads.wordpress.org/theme/startweb.13.0.zip,"2025-04-01 10:20:57",https://wordpress.org/themes/startweb/,4.7,5.6
vegan-cafe-restaurant,"Vegan Cafe Restaurant",0.3,0.2,https://downloads.wordpress.org/theme/vegan-cafe-restaurant.0.3.zip,"2025-04-01 10:02:18",https://wordpress.org/themes/vegan-cafe-restaurant/,,7.2
villapress,VillaPress,4.2,4.1,https://downloads.wordpress.org/theme/villapress.4.2.zip,"2025-04-01 10:27:44",https://wordpress.org/themes/villapress/,,7.0
wecodeart,WeCodeArt,6.6.2,6.6.1,https://downloads.wordpress.org/theme/wecodeart.6.6.2.zip,"2025-04-01 09:52:26",https://wordpress.org/themes/wecodeart/,6.5,7.4
yoga-fitness-classes,"Yoga Fitness Classes",4.9,4.8,https://downloads.wordpress.org/theme/yoga-fitness-classes.4.9.zip,"2025-04-01 10:08:02",https://wordpress.org/themes/yoga-fitness-classes/,,7.2
zenith-blog,"Zenith Blog",1.0.1,1.0.0,https://downloads.wordpress.org/theme/zenith-blog.1.0.1.zip,"2025-04-01 09:52:18",https://wordpress.org/themes/zenith-blog/,5.0,7.4
digital-magazine,"Digital Magazine",1.2,1.1,https://downloads.wordpress.org/theme/digital-magazine.1.2.zip,"2025-04-01 10:38:14",https://wordpress.org/themes/digital-magazine/,5.5,7.2
fse-soccer,"FSE Soccer",1.0.4,1.0.3,https://downloads.wordpress.org/theme/fse-soccer.1.0.4.zip,"2025-04-01 11:20:02",https://wordpress.org/themes/fse-soccer/,6.1,7.2
kubio,Kubio,1.0.53,1.0.52,https://downloads.wordpress.org/theme/kubio.1.0.53.zip,"2025-04-01 11:19:42",https://wordpress.org/themes/kubio/,5.8.3,7.1
university-institute,"University Institute",1.2,1.1,https://downloads.wordpress.org/theme/university-institute.1.2.zip,"2025-04-01 10:38:23",https://wordpress.org/themes/university-institute/,5.5,7.2
vertice,Vertice,1.0.74,1.0.73,https://downloads.wordpress.org/theme/vertice.1.0.74.zip,"2025-04-01 11:21:24",https://wordpress.org/themes/vertice/,5.8,7.1
writer-portfolio,"Writer Portfolio",1.0.2,1.0.1,https://downloads.wordpress.org/theme/writer-portfolio.1.0.2.zip,"2025-04-01 10:38:44",https://wordpress.org/themes/writer-portfolio/,5.5,7.2
coachable,Coachable,1.0.2,,https://downloads.wordpress.org/theme/coachable.1.0.2.zip,"2025-04-01 10:41:59",https://wordpress.org/themes/coachable/,,5.6
corapress,CoraPress,1.3,,https://downloads.wordpress.org/theme/corapress.1.3.zip,"2025-04-01 10:41:49",https://wordpress.org/themes/corapress/,,5.6
arvita,Arvita,1.0.1,1.0,https://downloads.wordpress.org/theme/arvita.1.0.1.zip,"2025-04-01 11:35:20",https://wordpress.org/themes/arvita/,4.7,5.6
carpet-store,"Carpet Store",1.1,1.0,https://downloads.wordpress.org/theme/carpet-store.1.1.zip,"2025-04-01 12:33:23",https://wordpress.org/themes/carpet-store/,5.9,5.6
corpiva,Corpiva,1.0.52,1.0.51,https://downloads.wordpress.org/theme/corpiva.1.0.52.zip,"2025-04-01 11:33:34",https://wordpress.org/themes/corpiva/,4.7,5.6
corvia,Corvia,1.0.18,1.0.17,https://downloads.wordpress.org/theme/corvia.1.0.18.zip,"2025-04-01 11:34:28",https://wordpress.org/themes/corvia/,4.7,5.6
corvita,Corvita,1.0.27,1.0.26,https://downloads.wordpress.org/theme/corvita.1.0.27.zip,"2025-04-01 11:34:01",https://wordpress.org/themes/corvita/,4.7,5.6
daystory,DayStory,1.0.73,1.0.72,https://downloads.wordpress.org/theme/daystory.1.0.73.zip,"2025-04-01 11:29:44",https://wordpress.org/themes/daystory/,4.7,7.0
essenziale,Essenziale,1.0.8,1.0.7,https://downloads.wordpress.org/theme/essenziale.1.0.8.zip,"2025-04-01 12:05:28",https://wordpress.org/themes/essenziale/,,5.3
holistic-health-coach,"Holistic Health Coach",1.2,1.1,https://downloads.wordpress.org/theme/holistic-health-coach.1.2.zip,"2025-04-01 12:14:14",https://wordpress.org/themes/holistic-health-coach/,6.1,7.2
indofinance,IndoFinance,1.0.2.3.4,1.0.2.3.3,https://downloads.wordpress.org/theme/indofinance.1.0.2.3.4.zip,"2025-04-01 12:53:34",https://wordpress.org/themes/indofinance/,,5.6
joblook,Joblook,1.0.5,1.0.4,https://downloads.wordpress.org/theme/joblook.1.0.5.zip,"2025-04-01 12:30:35",https://wordpress.org/themes/joblook/,,5.6
newsalert,NewsAlert,1.0.22,1.0.21,https://downloads.wordpress.org/theme/newsalert.1.0.22.zip,"2025-04-01 11:32:24",https://wordpress.org/themes/newsalert/,4.7,7.0
newsalt,NewsAlt,1.0.53,1.0.52,https://downloads.wordpress.org/theme/newsalt.1.0.53.zip,"2025-04-01 11:30:11",https://wordpress.org/themes/newsalt/,4.7,7.0
newsdaily,NewsDaily,1.0.75,1.0.74,https://downloads.wordpress.org/theme/newsdaily.1.0.75.zip,"2025-04-01 11:29:19",https://wordpress.org/themes/newsdaily/,4.7,7.0
newshours,NewsHours,1.0.44,1.0.43,https://downloads.wordpress.org/theme/newshours.1.0.44.zip,"2025-04-01 11:30:41",https://wordpress.org/themes/newshours/,4.7,7.0
newsmash,NewsMash,1.0.90,1.0.89,https://downloads.wordpress.org/theme/newsmash.1.0.90.zip,"2025-04-01 11:26:59",https://wordpress.org/themes/newsmash/,4.7,7.0
newsmunch,NewsMunch,1.0.54,1.0.53,https://downloads.wordpress.org/theme/newsmunch.1.0.54.zip,"2025-04-01 11:31:27",https://wordpress.org/themes/newsmunch/,4.7,7.0
newstick,NewsTick,1.0.51,1.0.50,https://downloads.wordpress.org/theme/newstick.1.0.51.zip,"2025-04-01 11:31:52",https://wordpress.org/themes/newstick/,4.7,7.0
online-sneaker-shop,"Online Sneaker Shop",1.1,1.0,https://downloads.wordpress.org/theme/online-sneaker-shop.1.1.zip,"2025-04-01 12:13:25",https://wordpress.org/themes/online-sneaker-shop/,6.1,7.2
sean-lite,"Sean Lite",1.4.9,1.4.8,https://downloads.wordpress.org/theme/sean-lite.1.4.9.zip,"2025-04-01 11:39:56",https://wordpress.org/themes/sean-lite/,,5.3
softalt,SoftAlt,1.0.12,1.0.11,https://downloads.wordpress.org/theme/softalt.1.0.12.zip,"2025-04-01 11:34:52",https://wordpress.org/themes/softalt/,4.7,5.6
vision-lite,"Vision Lite",1.2,1.1.9,https://downloads.wordpress.org/theme/vision-lite.1.2.zip,"2025-04-01 11:35:20",https://wordpress.org/themes/vision-lite/,6.7,7.2
anamio,Anamio,13.4,13.3,https://downloads.wordpress.org/theme/anamio.13.4.zip,"2025-04-01 13:11:54",https://wordpress.org/themes/anamio/,4.7,5.6
avira,Avira,14.4,14.3,https://downloads.wordpress.org/theme/avira.14.4.zip,"2025-04-01 13:08:53",https://wordpress.org/themes/avira/,4.7,5.6
benzer,Benzer,14.4,14.3,https://downloads.wordpress.org/theme/benzer.14.4.zip,"2025-04-01 13:08:32",https://wordpress.org/themes/benzer/,4.7,5.6
daizy,Daizy,12.2,12.1,https://downloads.wordpress.org/theme/daizy.12.2.zip,"2025-04-01 13:11:32",https://wordpress.org/themes/daizy/,4.7,5.6
deltapress,DeltaPress,1.2,1.1,https://downloads.wordpress.org/theme/deltapress.1.2.zip,"2025-04-01 13:03:40",https://wordpress.org/themes/deltapress/,,5.6
envitech,Envitech,5.9,5.8,https://downloads.wordpress.org/theme/envitech.5.9.zip,"2025-04-01 13:08:04",https://wordpress.org/themes/envitech/,,7.0
exnova,Exnova,3.7,3.6,https://downloads.wordpress.org/theme/exnova.3.7.zip,"2025-04-01 13:07:40",https://wordpress.org/themes/exnova/,4.7,5.6
fabify,Fabify,14.4,14.3,https://downloads.wordpress.org/theme/fabify.14.4.zip,"2025-04-01 13:07:03",https://wordpress.org/themes/fabify/,4.7,5.6
ferio,Ferio,5.2,5.1,https://downloads.wordpress.org/theme/ferio.5.2.zip,"2025-04-01 13:11:06",https://wordpress.org/themes/ferio/,4.7,5.6
gruj,Gruj,13.4,13.3,https://downloads.wordpress.org/theme/gruj.13.4.zip,"2025-04-01 13:10:38",https://wordpress.org/themes/gruj/,4.7,5.6
scolax,Scolax,13.5,13.4,https://downloads.wordpress.org/theme/scolax.13.5.zip,"2025-04-01 13:06:44",https://wordpress.org/themes/scolax/,4.7,5.6
soga,Soga,13.0,12.9,https://downloads.wordpress.org/theme/soga.13.0.zip,"2025-04-01 13:10:17",https://wordpress.org/themes/soga/,4.7,5.6
specia,Specia,14.9,14.8,https://downloads.wordpress.org/theme/specia.14.9.zip,"2025-04-01 13:09:24",https://wordpress.org/themes/specia/,4.7,5.6
spera,Spera,13.4,13.3,https://downloads.wordpress.org/theme/spera.13.4.zip,"2025-04-01 13:12:18",https://wordpress.org/themes/spera/,4.7,5.6
go,Go,1.8.13,1.8.11,https://downloads.wordpress.org/theme/go.1.8.13.zip,"2025-04-01 15:46:45",https://wordpress.org/themes/go/,,5.6
aromatic,Aromatic,18.6,18.5,https://downloads.wordpress.org/theme/aromatic.18.6.zip,"2025-04-01 16:57:18",https://wordpress.org/themes/aromatic/,4.7,5.6
ayroma,Ayroma,18.0,17.9,https://downloads.wordpress.org/theme/ayroma.18.0.zip,"2025-04-01 16:57:48",https://wordpress.org/themes/ayroma/,4.7,5.6
express-store,"Express Store",14.1,14.0,https://downloads.wordpress.org/theme/express-store.14.1.zip,"2025-04-01 16:58:20",https://wordpress.org/themes/express-store/,,5.6
feauty,Feauty,17.9,17.8,https://downloads.wordpress.org/theme/feauty.17.9.zip,"2025-04-01 16:58:43",https://wordpress.org/themes/feauty/,4.7,5.6
flexi-mart,"Flexi Mart",5.1,5.0,https://downloads.wordpress.org/theme/flexi-mart.5.1.zip,"2025-04-01 16:59:17",https://wordpress.org/themes/flexi-mart/,,5.6
flossy,Flossy,10.4,10.3,https://downloads.wordpress.org/theme/flossy.10.4.zip,"2025-04-01 16:59:37",https://wordpress.org/themes/flossy/,4.7,5.6
flow-store,"Flow Store",6.2,6.1,https://downloads.wordpress.org/theme/flow-store.6.2.zip,"2025-04-01 17:00:04",https://wordpress.org/themes/flow-store/,,5.6
retailsy,Retailsy,17.9,17.8,https://downloads.wordpress.org/theme/retailsy.17.9.zip,"2025-04-01 17:00:54",https://wordpress.org/themes/retailsy/,4.7,5.6
shopient,Shopient,17.9,17.8,https://downloads.wordpress.org/theme/shopient.17.9.zip,"2025-04-01 17:01:14",https://wordpress.org/themes/shopient/,4.7,5.6
shopiva,Shopiva,17.9,17.8,https://downloads.wordpress.org/theme/shopiva.17.9.zip,"2025-04-01 17:01:35",https://wordpress.org/themes/shopiva/,4.7,5.6
shoply,Shoply,18.0,17.9,https://downloads.wordpress.org/theme/shoply.18.0.zip,"2025-04-01 17:02:00",https://wordpress.org/themes/shoply/,4.7,5.6
storefit,Storefit,12.6,12.5,https://downloads.wordpress.org/theme/storefit.12.6.zip,"2025-04-01 17:02:24",https://wordpress.org/themes/storefit/,,5.6
storely,Storely,18.4,18.3,https://downloads.wordpress.org/theme/storely.18.4.zip,"2025-04-01 17:02:47",https://wordpress.org/themes/storely/,4.7,5.6
storess,Storess,17.9,17.8,https://downloads.wordpress.org/theme/storess.17.9.zip,"2025-04-01 17:03:18",https://wordpress.org/themes/storess/,4.7,5.6
storezia,Storezia,18.0,17.9,https://downloads.wordpress.org/theme/storezia.18.0.zip,"2025-04-01 16:56:41",https://wordpress.org/themes/storezia/,4.7,5.6
abiz,Abiz,1.0.5,1.0.4,https://downloads.wordpress.org/theme/abiz.1.0.5.zip,"2025-04-01 17:50:02",https://wordpress.org/themes/abiz/,,5.4
britely,Britely,1.0.15,1.0.14,https://downloads.wordpress.org/theme/britely.1.0.15.zip,"2025-04-01 17:52:16",https://wordpress.org/themes/britely/,,5.4
flectine,Flectine,1.0.16,1.0.15,https://downloads.wordpress.org/theme/flectine.1.0.16.zip,"2025-04-01 17:53:35",https://wordpress.org/themes/flectine/,,5.4
minicart,MiniCart,0.8,0.7,https://downloads.wordpress.org/theme/minicart.0.8.zip,"2025-04-01 17:58:58",https://wordpress.org/themes/minicart/,4.7,5.6
ollie,Ollie,1.4.3,1.4.2,https://downloads.wordpress.org/theme/ollie.1.4.3.zip,"2025-04-01 17:50:51",https://wordpress.org/themes/ollie/,,7.3
shopire,Shopire,1.0.8,1.0.7,https://downloads.wordpress.org/theme/shopire.1.0.8.zip,"2025-04-01 17:58:07",https://wordpress.org/themes/shopire/,4.7,5.6
buddyx,BuddyX,4.8.1,4.8.0,https://downloads.wordpress.org/theme/buddyx.4.8.1.zip,"2025-04-02 01:57:03",https://wordpress.org/themes/buddyx/,4.8,7.4
megan-blog-multipurpose,"Megan Blog Multipurpose",1.0.7,1.0.6,https://downloads.wordpress.org/theme/megan-blog-multipurpose.1.0.7.zip,"2025-04-02 01:48:06",https://wordpress.org/themes/megan-blog-multipurpose/,5.0,5.6
cozy-blog,"Cozy Blog",1.0.1,,https://downloads.wordpress.org/theme/cozy-blog.1.0.1.zip,"2025-04-02 02:56:51",https://wordpress.org/themes/cozy-blog/,5.0,7.4
adas-portfolio,"Adas Portfolio",1.4,1.3,https://downloads.wordpress.org/theme/adas-portfolio.1.4.zip,"2025-04-02 04:10:16",https://wordpress.org/themes/adas-portfolio/,,7.4
coachable,Coachable,1.0.3,1.0.2,https://downloads.wordpress.org/theme/coachable.1.0.3.zip,"2025-04-02 03:46:38",https://wordpress.org/themes/coachable/,,5.6
ngo-disaster-relief,"NGO Disaster Relief",1.1,1.0,https://downloads.wordpress.org/theme/ngo-disaster-relief.1.1.zip,"2025-04-02 03:57:07",https://wordpress.org/themes/ngo-disaster-relief/,5.0,7.2
biggroup,BigGroup,1.0.2,,https://downloads.wordpress.org/theme/biggroup.1.0.2.zip,"2025-04-02 05:26:46",https://wordpress.org/themes/biggroup/,6.7,7.2
market-coupons-deals,"Market Coupons Deals",1.0.2,,https://downloads.wordpress.org/theme/market-coupons-deals.1.0.2.zip,"2025-04-02 05:26:57",https://wordpress.org/themes/market-coupons-deals/,5.0,5.6
articlewave,Articlewave,1.1.5,1.1.4,https://downloads.wordpress.org/theme/articlewave.1.1.5.zip,"2025-04-02 05:37:42",https://wordpress.org/themes/articlewave/,5.0,7.2
baseball-sports-club,"Baseball Sports Club",1.0.5,,https://downloads.wordpress.org/theme/baseball-sports-club.1.0.5.zip,"2025-04-02 05:41:50",https://wordpress.org/themes/baseball-sports-club/,,5.6
delish-blog,"Delish Blog",1.0.2,,https://downloads.wordpress.org/theme/delish-blog.1.0.2.zip,"2025-04-02 05:56:50",https://wordpress.org/themes/delish-blog/,,7.0
ecliptica,Ecliptica,1.0.8,,https://downloads.wordpress.org/theme/ecliptica.1.0.8.zip,"2025-04-02 06:11:51",https://wordpress.org/themes/ecliptica/,,5.8
gutentools,Gutentools,1.0,,https://downloads.wordpress.org/theme/gutentools.1.0.zip,"2025-04-02 05:41:55",https://wordpress.org/themes/gutentools/,6.0,7.0
astra,Astra,4.9.1,4.9.0,https://downloads.wordpress.org/theme/astra.4.9.1.zip,"2025-04-02 07:04:34",https://wordpress.org/themes/astra/,5.3,5.3
crowdfunding-donation,"Crowdfunding Donation",0.5.9,0.5.8,https://downloads.wordpress.org/theme/crowdfunding-donation.0.5.9.zip,"2025-04-02 08:25:57",https://wordpress.org/themes/crowdfunding-donation/,5.0,7.2
ecommerce-zone,"Ecommerce Zone",0.8.3,0.8.2,https://downloads.wordpress.org/theme/ecommerce-zone.0.8.3.zip,"2025-04-02 08:23:32",https://wordpress.org/themes/ecommerce-zone/,5.0,7.2
gardener-lite,"Gardener Lite",0.4.7,0.4.6,https://downloads.wordpress.org/theme/gardener-lite.0.4.7.zip,"2025-04-02 08:25:30",https://wordpress.org/themes/gardener-lite/,5.0,7.2
glides,Glides,4.6,4.5,https://downloads.wordpress.org/theme/glides.4.6.zip,"2025-04-02 08:35:11",https://wordpress.org/themes/glides/,,5.6
market-coupons-deals,"Market Coupons Deals",1.0.3,1.0.2,https://downloads.wordpress.org/theme/market-coupons-deals.1.0.3.zip,"2025-04-02 07:41:42",https://wordpress.org/themes/market-coupons-deals/,5.0,5.6
nexo,nexo,1.6.6,1.6.5,https://downloads.wordpress.org/theme/nexo.1.6.6.zip,"2025-04-02 08:25:55",https://wordpress.org/themes/nexo/,5.9,7.4
retailer-market,"Retailer Market",2.3.2,2.3.1,https://downloads.wordpress.org/theme/retailer-market.2.3.2.zip,"2025-04-02 08:25:17",https://wordpress.org/themes/retailer-market/,5.0,7.2
smart-cleaning-company,"Smart Cleaning Company",2.3.3,2.3.2,https://downloads.wordpress.org/theme/smart-cleaning-company.2.3.3.zip,"2025-04-02 08:25:39",https://wordpress.org/themes/smart-cleaning-company/,5.0,7.2
bluetooth-speaker,"Bluetooth Speaker",1.0,,https://downloads.wordpress.org/theme/bluetooth-speaker.1.0.zip,"2025-04-02 08:11:52",https://wordpress.org/themes/bluetooth-speaker/,6.1,7.2
indofinance,IndoFinance,1.0.2.3.5,1.0.2.3.4,https://downloads.wordpress.org/theme/indofinance.1.0.2.3.5.zip,"2025-04-02 09:24:47",https://wordpress.org/themes/indofinance/,,5.6
itbyte,ITByte,3.9,3.8,https://downloads.wordpress.org/theme/itbyte.3.9.zip,"2025-04-02 08:42:27",https://wordpress.org/themes/itbyte/,,5.6
itstart,ITStart,5.2,5.1,https://downloads.wordpress.org/theme/itstart.5.2.zip,"2025-04-02 08:38:15",https://wordpress.org/themes/itstart/,,5.6
nestiva,Nestiva,4.2,4.1,https://downloads.wordpress.org/theme/nestiva.4.2.zip,"2025-04-02 08:39:02",https://wordpress.org/themes/nestiva/,,5.6
vsion,Vsion,5.0.5,5.0.4,https://downloads.wordpress.org/theme/vsion.5.0.5.zip,"2025-04-02 08:39:51",https://wordpress.org/themes/vsion/,,5.6
building-architecture,"Building Architecture",0.1.2,0.1.1,https://downloads.wordpress.org/theme/building-architecture.0.1.2.zip,"2025-04-02 09:54:28",https://wordpress.org/themes/building-architecture/,5.0,7.2
doctor-clinic,"Doctor Clinic",0.6.4,0.6.3,https://downloads.wordpress.org/theme/doctor-clinic.0.6.4.zip,"2025-04-02 09:55:32",https://wordpress.org/themes/doctor-clinic/,,7.2
enwoo,Enwoo,1.4.1,1.4.0,https://downloads.wordpress.org/theme/enwoo.1.4.1.zip,"2025-04-02 10:16:53",https://wordpress.org/themes/enwoo/,,5.6
lawn-care,"Lawn Care",0.2.4,0.2.3,https://downloads.wordpress.org/theme/lawn-care.0.2.4.zip,"2025-04-02 10:34:48",https://wordpress.org/themes/lawn-care/,5.0,7.2
lz-toy-store,"LZ Toy Store",0.6.8,0.6.7,https://downloads.wordpress.org/theme/lz-toy-store.0.6.8.zip,"2025-04-02 09:56:02",https://wordpress.org/themes/lz-toy-store/,,7.2
market-coupons-deals,"Market Coupons Deals",1.0.4,1.0.3,https://downloads.wordpress.org/theme/market-coupons-deals.1.0.4.zip,"2025-04-02 10:29:41",https://wordpress.org/themes/market-coupons-deals/,5.0,5.6
nataraj-dance-studio,"Nataraj Dance Studio",0.6.3,0.6.2,https://downloads.wordpress.org/theme/nataraj-dance-studio.0.6.3.zip,"2025-04-02 09:54:57",https://wordpress.org/themes/nataraj-dance-studio/,,7.2
nikhar-spa-salon,"Nikhar Spa Salon",0.5.7,0.5.6,https://downloads.wordpress.org/theme/nikhar-spa-salon.0.5.7.zip,"2025-04-02 09:56:32",https://wordpress.org/themes/nikhar-spa-salon/,,7.2
nursery-school,"Nursery School",1.1.9,1.1.8,https://downloads.wordpress.org/theme/nursery-school.1.1.9.zip,"2025-04-02 10:33:37",https://wordpress.org/themes/nursery-school/,5.0,7.2
prespa,Prespa,1.6.1,1.6.0,https://downloads.wordpress.org/theme/prespa.1.6.1.zip,"2025-04-02 10:16:28",https://wordpress.org/themes/prespa/,6.1,5.6
appointable,Appointable,12.4,12.3,https://downloads.wordpress.org/theme/appointable.12.4.zip,"2025-04-02 11:19:04",https://wordpress.org/themes/appointable/,4.7,5.6
arkbiz,ArkBiz,12.4,12.3,https://downloads.wordpress.org/theme/arkbiz.12.4.zip,"2025-04-02 11:18:28",https://wordpress.org/themes/arkbiz/,4.7,5.6
deltapress,DeltaPress,1.3,1.2,https://downloads.wordpress.org/theme/deltapress.1.3.zip,"2025-04-02 11:20:20",https://wordpress.org/themes/deltapress/,,5.6
fortify,Fortify,4.4,4.3,https://downloads.wordpress.org/theme/fortify.4.4.zip,"2025-04-02 11:18:06",https://wordpress.org/themes/fortify/,4.7,5.6
heropress,HeroPress,14.4,14.3,https://downloads.wordpress.org/theme/heropress.14.4.zip,"2025-04-02 11:17:40",https://wordpress.org/themes/heropress/,4.7,5.6
hstore,hstore,12.4,12.3,https://downloads.wordpress.org/theme/hstore.12.4.zip,"2025-04-02 11:17:16",https://wordpress.org/themes/hstore/,4.7,5.6
optical-lens-shop,"Optical Lens Shop",0.6.3,0.6.2,https://downloads.wordpress.org/theme/optical-lens-shop.0.6.3.zip,"2025-04-02 10:41:28",https://wordpress.org/themes/optical-lens-shop/,5.0,7.2
professional-portfolio,"Professional Portfolio",0.3,0.2.9,https://downloads.wordpress.org/theme/professional-portfolio.0.3.zip,"2025-04-02 10:41:58",https://wordpress.org/themes/professional-portfolio/,5.0,7.2
proficient,Proficient,14.3,14.2,https://downloads.wordpress.org/theme/proficient.14.3.zip,"2025-04-02 11:19:26",https://wordpress.org/themes/proficient/,4.7,5.6
psychology-therapist,"Psychology Therapist",0.5.9,0.5.8,https://downloads.wordpress.org/theme/psychology-therapist.0.5.9.zip,"2025-04-02 10:43:38",https://wordpress.org/themes/psychology-therapist/,5.0,7.2
scary-halloween,"Scary Halloween",0.2.6,0.2.5,https://downloads.wordpress.org/theme/scary-halloween.0.2.6.zip,"2025-04-02 10:44:52",https://wordpress.org/themes/scary-halloween/,5.0,7.2
social-ngo,"Social NGO",0.1.9,0.1.8,https://downloads.wordpress.org/theme/social-ngo.0.1.9.zip,"2025-04-02 10:40:36",https://wordpress.org/themes/social-ngo/,5.0,7.2
vw-coaching-institute,"VW Coaching Institute",0.2.6,0.2.5,https://downloads.wordpress.org/theme/vw-coaching-institute.0.2.6.zip,"2025-04-02 10:50:05",https://wordpress.org/themes/vw-coaching-institute/,5.0,7.2
vw-saas-services,"VW SAAS Services",0.3.7,0.3.6,https://downloads.wordpress.org/theme/vw-saas-services.0.3.7.zip,"2025-04-02 10:53:56",https://wordpress.org/themes/vw-saas-services/,5.0,7.2
vw-stock-images,"VW Stock Images",0.2.6,0.2.5,https://downloads.wordpress.org/theme/vw-stock-images.0.2.6.zip,"2025-04-02 10:57:56",https://wordpress.org/themes/vw-stock-images/,5.0,7.2
vw-tourism,"VW Tourism",0.2.1,0.2,https://downloads.wordpress.org/theme/vw-tourism.0.2.1.zip,"2025-04-02 10:58:45",https://wordpress.org/themes/vw-tourism/,5.0,7.2
affiliate-review,"Affiliate Review",0.8,0.7.9,https://downloads.wordpress.org/theme/affiliate-review.0.8.zip,"2025-04-02 12:17:12",https://wordpress.org/themes/affiliate-review/,5.0,7.2
architect-architecture,"Architect Architecture",0.7.4,0.7.3,https://downloads.wordpress.org/theme/architect-architecture.0.7.4.zip,"2025-04-02 12:17:51",https://wordpress.org/themes/architect-architecture/,5.0,7.2
ebook-store,"Ebook Store",0.6.7,0.6.6,https://downloads.wordpress.org/theme/ebook-store.0.6.7.zip,"2025-04-02 12:30:14",https://wordpress.org/themes/ebook-store/,5.0,7.2
freelancer-services,"Freelancer Services",0.8.4,0.8.3,https://downloads.wordpress.org/theme/freelancer-services.0.8.4.zip,"2025-04-02 12:18:30",https://wordpress.org/themes/freelancer-services/,5.0,7.2
multivendor-marketplace,"Multivendor Marketplace",0.6.2,0.6.1,https://downloads.wordpress.org/theme/multivendor-marketplace.0.6.2.zip,"2025-04-02 12:31:54",https://wordpress.org/themes/multivendor-marketplace/,5.0,7.2
sirat,Sirat,1.5.1,1.5,https://downloads.wordpress.org/theme/sirat.1.5.1.zip,"2025-04-02 12:31:12",https://wordpress.org/themes/sirat/,5.0,7.2
vw-book-store,"VW Book Store",1.5.5,1.5.4,https://downloads.wordpress.org/theme/vw-book-store.1.5.5.zip,"2025-04-02 12:29:40",https://wordpress.org/themes/vw-book-store/,5.0,7.2
vw-health-coaching,"VW Health Coaching",1.6.3,1.6.2,https://downloads.wordpress.org/theme/vw-health-coaching.1.6.3.zip,"2025-04-02 12:20:55",https://wordpress.org/themes/vw-health-coaching/,5.0,7.2
vw-healthcare,"VW Healthcare",1.1.4,1.1.3,https://downloads.wordpress.org/theme/vw-healthcare.1.1.4.zip,"2025-04-02 12:28:06",https://wordpress.org/themes/vw-healthcare/,5.0,7.2
vw-job-board,"VW Job Board",0.7.6,0.7.5,https://downloads.wordpress.org/theme/vw-job-board.0.7.6.zip,"2025-04-02 12:24:23",https://wordpress.org/themes/vw-job-board/,5.0,7.2
vw-kids,"VW Kids",1.5,1.4.9,https://downloads.wordpress.org/theme/vw-kids.1.5.zip,"2025-04-02 12:25:25",https://wordpress.org/themes/vw-kids/,5.0,7.2
vw-kindergarten,"VW Kindergarten",0.8.8,0.8.7,https://downloads.wordpress.org/theme/vw-kindergarten.0.8.8.zip,"2025-04-02 12:25:55",https://wordpress.org/themes/vw-kindergarten/,5.0,7.2
web-designer,"Web Designer",0.7.3,0.7.2,https://downloads.wordpress.org/theme/web-designer.0.7.3.zip,"2025-04-02 12:27:29",https://wordpress.org/themes/web-designer/,5.0,7.2
aster-travel-blog,"Aster Travel Blog",1.1,1.0,https://downloads.wordpress.org/theme/aster-travel-blog.1.1.zip,"2025-04-02 13:33:08",https://wordpress.org/themes/aster-travel-blog/,,7.4
newsarc,NewsArc,1.0.9,1.0.8,https://downloads.wordpress.org/theme/newsarc.1.0.9.zip,"2025-04-02 12:57:29",https://wordpress.org/themes/newsarc/,5.9,5.6
cozy-blog,"Cozy Blog",1.1.0,1.0.1,https://downloads.wordpress.org/theme/cozy-blog.1.1.0.zip,"2025-04-02 14:20:57",https://wordpress.org/themes/cozy-blog/,5.0,7.4
reelcraft,ReelCraft,1.0.5,1.0.4,https://downloads.wordpress.org/theme/reelcraft.1.0.5.zip,"2025-04-02 14:30:22",https://wordpress.org/themes/reelcraft/,5.9,5.6
blog-rich-lite,"Blog Rich Lite",1.0.1,1.0.0,https://downloads.wordpress.org/theme/blog-rich-lite.1.0.1.zip,"2025-04-02 15:17:33",https://wordpress.org/themes/blog-rich-lite/,,5.6
blog-rich,"Blog Rich",1.0.6,1.0.5,https://downloads.wordpress.org/theme/blog-rich.1.0.6.zip,"2025-04-02 14:58:58",https://wordpress.org/themes/blog-rich/,,5.6
nas-autoparts-online-store,"NAS Autoparts Online Store",1.0.8,1.0.7,https://downloads.wordpress.org/theme/nas-autoparts-online-store.1.0.8.zip,"2025-04-02 16:03:35",https://wordpress.org/themes/nas-autoparts-online-store/,6.1,5.6
nas-construction-build,"NAS Construction Build",1.0.9,1.0.8,https://downloads.wordpress.org/theme/nas-construction-build.1.0.9.zip,"2025-04-02 16:04:34",https://wordpress.org/themes/nas-construction-build/,5.9,5.6
nas-construction-lite,"NAS Construction Lite",1.1.5,1.1.4,https://downloads.wordpress.org/theme/nas-construction-lite.1.1.5.zip,"2025-04-02 16:05:23",https://wordpress.org/themes/nas-construction-lite/,6.0,7.0
nas-consulting-lite,"NAS Consulting Lite",1.0.3,1.0.2,https://downloads.wordpress.org/theme/nas-consulting-lite.1.0.3.zip,"2025-04-02 16:06:20",https://wordpress.org/themes/nas-consulting-lite/,6.0,7.0
acronix,Acronix,1.5.3,1.5.2,https://downloads.wordpress.org/theme/acronix.1.5.3.zip,"2025-04-02 17:10:44",https://wordpress.org/themes/acronix/,,5.6
aera,Aera,12.9,12.8,https://downloads.wordpress.org/theme/aera.12.9.zip,"2025-04-02 17:17:57",https://wordpress.org/themes/aera/,4.7,5.6
ameya,Ameya,12.8,12.7,https://downloads.wordpress.org/theme/ameya.12.8.zip,"2025-04-02 17:17:28",https://wordpress.org/themes/ameya/,4.7,5.6
arbuda,Arbuda,12.7,12.6,https://downloads.wordpress.org/theme/arbuda.12.7.zip,"2025-04-02 17:10:01",https://wordpress.org/themes/arbuda/,4.7,5.6
belltech,Belltech,12.7,12.6,https://downloads.wordpress.org/theme/belltech.12.7.zip,"2025-04-02 17:16:39",https://wordpress.org/themes/belltech/,4.7,5.6
builderse,Builderse,11.1,11.0,https://downloads.wordpress.org/theme/builderse.11.1.zip,"2025-04-02 17:14:20",https://wordpress.org/themes/builderse/,4.7,5.6
colorflow,ColorFlow,1.1,1.0,https://downloads.wordpress.org/theme/colorflow.1.1.zip,"2025-04-02 17:21:55",https://wordpress.org/themes/colorflow/,4.7,5.6
eractor,Eractor,10.7,10.6,https://downloads.wordpress.org/theme/eractor.10.7.zip,"2025-04-02 17:13:47",https://wordpress.org/themes/eractor/,4.7,5.6
fiona-food,"Fiona Food",12.9,12.8,https://downloads.wordpress.org/theme/fiona-food.12.9.zip,"2025-04-02 17:11:36",https://wordpress.org/themes/fiona-food/,4.7,5.6
gradiantx,GradiantX,1.0,0.9,https://downloads.wordpress.org/theme/gradiantx.1.0.zip,"2025-04-02 17:21:19",https://wordpress.org/themes/gradiantx/,4.7,5.6
nexcraft-bpo,"Nexcraft BPO",2.7,2.6,https://downloads.wordpress.org/theme/nexcraft-bpo.2.7.zip,"2025-04-02 17:20:04",https://wordpress.org/themes/nexcraft-bpo/,,5.6
nexcraft,NexCraft,4.7,4.6,https://downloads.wordpress.org/theme/nexcraft.4.7.zip,"2025-04-02 17:20:49",https://wordpress.org/themes/nexcraft/,4.7,5.6
shadiant,Shadiant,0.6,0.5,https://downloads.wordpress.org/theme/shadiant.0.6.zip,"2025-04-02 17:22:35",https://wordpress.org/themes/shadiant/,4.7,5.6
startbiz,StartBiz,13.7,13.6,https://downloads.wordpress.org/theme/startbiz.13.7.zip,"2025-04-02 17:16:08",https://wordpress.org/themes/startbiz/,4.7,5.6
varuda,Varuda,12.8,12.7,https://downloads.wordpress.org/theme/varuda.12.8.zip,"2025-04-02 17:14:45",https://wordpress.org/themes/varuda/,4.7,5.6
archline,Archline,1.2,,https://downloads.wordpress.org/theme/archline.1.2.zip,"2025-04-03 03:11:51",https://wordpress.org/themes/archline/,6.7,5.7
mobile-app-launch,"Mobile App Launch",0.1,,https://downloads.wordpress.org/theme/mobile-app-launch.0.1.zip,"2025-04-03 03:11:56",https://wordpress.org/themes/mobile-app-launch/,,7.2
best-shop,"Best Shop",1.5.2,1.5.1,https://downloads.wordpress.org/theme/best-shop.1.5.2.zip,"2025-04-03 03:51:57",https://wordpress.org/themes/best-shop/,4.7,7.0
tattoo-studio,"Tattoo Studio",0.0.2,0.0.1,https://downloads.wordpress.org/theme/tattoo-studio.0.0.2.zip,"2025-04-03 04:24:56",https://wordpress.org/themes/tattoo-studio/,5.0,5.6
morenews,MoreNews,3.3.9,3.3.8,https://downloads.wordpress.org/theme/morenews.3.3.9.zip,"2025-04-03 05:06:37",https://wordpress.org/themes/morenews/,4.0,5.3
travel-monster,"Travel Monster",1.2.9,1.2.8,https://downloads.wordpress.org/theme/travel-monster.1.2.9.zip,"2025-04-03 05:26:13",https://wordpress.org/themes/travel-monster/,6.2,7.4
blacknews,BlackNews,1.0.9,1.0.8,https://downloads.wordpress.org/theme/blacknews.1.0.9.zip,"2025-04-03 06:32:44",https://wordpress.org/themes/blacknews/,4.0,5.3
centralnews,CentralNews,2.0.46,2.0.45,https://downloads.wordpress.org/theme/centralnews.2.0.46.zip,"2025-04-03 06:32:25",https://wordpress.org/themes/centralnews/,4.0,5.3
globalnews,GlobalNews,1.0.35,1.0.34,https://downloads.wordpress.org/theme/globalnews.1.0.35.zip,"2025-04-03 06:32:05",https://wordpress.org/themes/globalnews/,4.0,5.3
newsical,Newsical,1.0.23,1.0.22,https://downloads.wordpress.org/theme/newsical.1.0.23.zip,"2025-04-03 06:31:44",https://wordpress.org/themes/newsical/,4.0,5.3
newsmore,NewsMore,1.2.41,1.2.40,https://downloads.wordpress.org/theme/newsmore.1.2.41.zip,"2025-04-03 06:31:23",https://wordpress.org/themes/newsmore/,4.0,5.3
newsplace,NewsPlace,1.0.7,1.0.6,https://downloads.wordpress.org/theme/newsplace.1.0.7.zip,"2025-04-03 06:30:57",https://wordpress.org/themes/newsplace/,4.0,5.3
automobile-rental,"Automobile Rental",1.2,1.1,https://downloads.wordpress.org/theme/automobile-rental.1.2.zip,"2025-04-03 07:21:30",https://wordpress.org/themes/automobile-rental/,5.0,7.2
glides,Glides,4.7,4.6,https://downloads.wordpress.org/theme/glides.4.7.zip,"2025-04-03 06:50:20",https://wordpress.org/themes/glides/,,5.6
itbyte,ITByte,4.0,3.9,https://downloads.wordpress.org/theme/itbyte.4.0.zip,"2025-04-03 06:51:19",https://wordpress.org/themes/itbyte/,,5.6
itstart,ITStart,5.3,5.2,https://downloads.wordpress.org/theme/itstart.5.3.zip,"2025-04-03 06:54:10",https://wordpress.org/themes/itstart/,,5.6
nestiva,Nestiva,4.3,4.2,https://downloads.wordpress.org/theme/nestiva.4.3.zip,"2025-04-03 06:54:54",https://wordpress.org/themes/nestiva/,,5.6
saaslauncher,SaasLauncher,1.1.1,1.1.0,https://downloads.wordpress.org/theme/saaslauncher.1.1.1.zip,"2025-04-03 07:10:20",https://wordpress.org/themes/saaslauncher/,5.9,7.0
vsion,Vsion,5.0.6,5.0.5,https://downloads.wordpress.org/theme/vsion.5.0.6.zip,"2025-04-03 06:55:47",https://wordpress.org/themes/vsion/,,5.6
woxstore,WoxStore,1.0.5,1.0.4,https://downloads.wordpress.org/theme/woxstore.1.0.5.zip,"2025-04-03 07:24:59",https://wordpress.org/themes/woxstore/,5.9,7.4
corporate-lawyer-firm,"Corporate Lawyer Firm",2.0,1.9,https://downloads.wordpress.org/theme/corporate-lawyer-firm.2.0.zip,"2025-04-03 07:47:37",https://wordpress.org/themes/corporate-lawyer-firm/,5.0,7.2
data-analytics-center,"Data Analytics Center",2.0,1.9,https://downloads.wordpress.org/theme/data-analytics-center.2.0.zip,"2025-04-03 07:53:25",https://wordpress.org/themes/data-analytics-center/,5.0,7.2
fresh-bakers,"Fresh Bakers",2.0,1.9,https://downloads.wordpress.org/theme/fresh-bakers.2.0.zip,"2025-04-03 07:53:25",https://wordpress.org/themes/fresh-bakers/,5.0,7.2
influencer-marketing,"Influencer Marketing",2.0,1.9,https://downloads.wordpress.org/theme/influencer-marketing.2.0.zip,"2025-04-03 07:55:08",https://wordpress.org/themes/influencer-marketing/,5.5,7.2
interior-decor-consultation,"Interior Decor Consultation",1.9,1.8,https://downloads.wordpress.org/theme/interior-decor-consultation.1.9.zip,"2025-04-03 07:55:32",https://wordpress.org/themes/interior-decor-consultation/,5.0,7.2
jeweller-store,"Jeweller Store",2.8,2.7,https://downloads.wordpress.org/theme/jeweller-store.2.8.zip,"2025-04-03 07:56:43",https://wordpress.org/themes/jeweller-store/,5.0,7.2
th-shop-mania,"Th Shop Mania",1.5.8,1.5.7,https://downloads.wordpress.org/theme/th-shop-mania.1.5.8.zip,"2025-04-03 08:03:28",https://wordpress.org/themes/th-shop-mania/,5.5,5.6
abc-studio,"ABC Studio",1.0.2,1.0.1,https://downloads.wordpress.org/theme/abc-studio.1.0.2.zip,"2025-04-03 08:49:56",https://wordpress.org/themes/abc-studio/,6.4,7.0
classic-beauty-parlour,"Classic Beauty Parlour",0.1.4,0.1.3,https://downloads.wordpress.org/theme/classic-beauty-parlour.0.1.4.zip,"2025-04-03 09:10:56",https://wordpress.org/themes/classic-beauty-parlour/,5.0,5.6
classic-dog-breeder,"Classic Dog Breeder",0.1.3,0.1.2,https://downloads.wordpress.org/theme/classic-dog-breeder.0.1.3.zip,"2025-04-03 09:11:38",https://wordpress.org/themes/classic-dog-breeder/,5.0,5.6
classic-toy-store,"Classic Toy Store",0.1.2,0.1.1,https://downloads.wordpress.org/theme/classic-toy-store.0.1.2.zip,"2025-04-03 09:16:07",https://wordpress.org/themes/classic-toy-store/,5.0,5.6
educational-university,"Educational University",0.1.5,0.1.4,https://downloads.wordpress.org/theme/educational-university.0.1.5.zip,"2025-04-03 09:13:14",https://wordpress.org/themes/educational-university/,5.0,5.6
expert-lawyer,"Expert Lawyer",1.2.1,1.2.0,https://downloads.wordpress.org/theme/expert-lawyer.1.2.1.zip,"2025-04-03 08:43:26",https://wordpress.org/themes/expert-lawyer/,,7.2
live-artist,"Live Artist",0.1.3,0.1.2,https://downloads.wordpress.org/theme/live-artist.0.1.3.zip,"2025-04-03 09:16:23",https://wordpress.org/themes/live-artist/,5.0,5.6
logistic-warehouse,"Logistic Warehouse",0.1.2,0.1.1,https://downloads.wordpress.org/theme/logistic-warehouse.0.1.2.zip,"2025-04-03 09:16:30",https://wordpress.org/themes/logistic-warehouse/,5.0,5.6
lz-computer-repair,"LZ Computer Repair",0.6.4,0.6.3,https://downloads.wordpress.org/theme/lz-computer-repair.0.6.4.zip,"2025-04-03 08:44:17",https://wordpress.org/themes/lz-computer-repair/,,7.2
lz-one-page,"LZ One Page",0.5.0,0.4.9,https://downloads.wordpress.org/theme/lz-one-page.0.5.0.zip,"2025-04-03 08:45:28",https://wordpress.org/themes/lz-one-page/,,7.2
meditation-and-yoga,"Meditation And Yoga",0.5.9,0.5.8,https://downloads.wordpress.org/theme/meditation-and-yoga.0.5.9.zip,"2025-04-03 08:45:58",https://wordpress.org/themes/meditation-and-yoga/,,7.2
niwas-resort-hotel,"Niwas Resort Hotel",0.6.7,0.6.6,https://downloads.wordpress.org/theme/niwas-resort-hotel.0.6.7.zip,"2025-04-03 08:46:41",https://wordpress.org/themes/niwas-resort-hotel/,,7.2
printing-services,"Printing Services",0.1.2,0.1.1,https://downloads.wordpress.org/theme/printing-services.0.1.2.zip,"2025-04-03 09:09:41",https://wordpress.org/themes/printing-services/,5.0,5.6
biggroup,BigGroup,1.0.3,1.0.2,https://downloads.wordpress.org/theme/biggroup.1.0.3.zip,"2025-04-03 10:04:59",https://wordpress.org/themes/biggroup/,6.7,7.2
christmas-holiday,"Christmas Holiday",0.5.7,0.5.6,https://downloads.wordpress.org/theme/christmas-holiday.0.5.7.zip,"2025-04-03 10:13:36",https://wordpress.org/themes/christmas-holiday/,5.0,7.2
diner-restaurant,"Diner Restaurant",1.6,1.5.9,https://downloads.wordpress.org/theme/diner-restaurant.1.6.zip,"2025-04-03 10:14:54",https://wordpress.org/themes/diner-restaurant/,5.0,7.2
fitness-crossfit,"Fitness Crossfit",1.6.9,1.6.8,https://downloads.wordpress.org/theme/fitness-crossfit.1.6.9.zip,"2025-04-03 10:15:25",https://wordpress.org/themes/fitness-crossfit/,5.0,7.2
halloween-party,"Halloween Party",0.6.3,0.6.2,https://downloads.wordpress.org/theme/halloween-party.0.6.3.zip,"2025-04-03 10:29:19",https://wordpress.org/themes/halloween-party/,5.0,7.2
herbal-ayurveda,"Herbal Ayurveda",0.6.9,0.6.8,https://downloads.wordpress.org/theme/herbal-ayurveda.0.6.9.zip,"2025-04-03 10:30:22",https://wordpress.org/themes/herbal-ayurveda/,5.0,7.2
law-advocate,"Law Advocate",0.5.6,0.5.5,https://downloads.wordpress.org/theme/law-advocate.0.5.6.zip,"2025-04-03 10:27:13",https://wordpress.org/themes/law-advocate/,5.0,7.2
oceanwp,OceanWP,4.0.7,4.0.6,https://downloads.wordpress.org/theme/oceanwp.4.0.7.zip,"2025-04-03 09:53:41",https://wordpress.org/themes/oceanwp/,5.6,7.4
plumber-services,"Plumber Services",2.0.4,2.0.3,https://downloads.wordpress.org/theme/plumber-services.2.0.4.zip,"2025-04-03 09:37:22",https://wordpress.org/themes/plumber-services/,,7.2
softinn,Softinn,1.0.91,1.0.90,https://downloads.wordpress.org/theme/softinn.1.0.91.zip,"2025-04-03 10:34:46",https://wordpress.org/themes/softinn/,4.7,5.6
softme,SoftMe,1.1.2,1.1.1,https://downloads.wordpress.org/theme/softme.1.1.2.zip,"2025-04-03 10:34:15",https://wordpress.org/themes/softme/,4.7,5.6
vcard-cv-resume,"Vcard CV Resume",0.8.4,0.8.3,https://downloads.wordpress.org/theme/vcard-cv-resume.0.8.4.zip,"2025-04-03 10:31:51",https://wordpress.org/themes/vcard-cv-resume/,5.0,7.2
vw-fitness-gym,"VW Fitness Gym",1.2.8,1.2.7,https://downloads.wordpress.org/theme/vw-fitness-gym.1.2.8.zip,"2025-04-03 10:16:38",https://wordpress.org/themes/vw-fitness-gym/,5.0,7.2
vw-food-corner,"VW Food Corner",0.8.3,0.8.2,https://downloads.wordpress.org/theme/vw-food-corner.0.8.3.zip,"2025-04-03 10:21:47",https://wordpress.org/themes/vw-food-corner/,5.0,7.2
vw-lawyer-attorney,"VW Lawyer Attorney",2.1.1,2.1,https://downloads.wordpress.org/theme/vw-lawyer-attorney.2.1.1.zip,"2025-04-03 10:24:15",https://wordpress.org/themes/vw-lawyer-attorney/,5.0,7.2
vw-nutritionist-coach,"VW Nutritionist Coach",1.4.5,1.4.4,https://downloads.wordpress.org/theme/vw-nutritionist-coach.1.4.5.zip,"2025-04-03 10:23:20",https://wordpress.org/themes/vw-nutritionist-coach/,5.0,7.2
vw-restaurant-lite,"VW Restaurant Lite",2.4.1,2.4,https://downloads.wordpress.org/theme/vw-restaurant-lite.2.4.1.zip,"2025-04-03 10:33:11",https://wordpress.org/themes/vw-restaurant-lite/,5.0,7.2
vw-wellness-coach,"VW Wellness Coach",2.0.6,2.0.5,https://downloads.wordpress.org/theme/vw-wellness-coach.2.0.6.zip,"2025-04-03 10:33:52",https://wordpress.org/themes/vw-wellness-coach/,5.0,7.2
advance-consultancy,"Advance Consultancy",0.5.8,0.5.7,https://downloads.wordpress.org/theme/advance-consultancy.0.5.8.zip,"2025-04-03 10:42:35",https://wordpress.org/themes/advance-consultancy/,5.0,7.2
advance-marketing-agency,"Advance Marketing Agency",0.5.8,0.5.7,https://downloads.wordpress.org/theme/advance-marketing-agency.0.5.8.zip,"2025-04-03 10:43:52",https://wordpress.org/themes/advance-marketing-agency/,5.0,7.2
advance-training-academy,"Advance Training Academy",0.6.6,0.6.5,https://downloads.wordpress.org/theme/advance-training-academy.0.6.6.zip,"2025-04-03 10:45:15",https://wordpress.org/themes/advance-training-academy/,,7.2
agriculture-farm,"Agriculture Farm",0.7.7,0.7.6,https://downloads.wordpress.org/theme/agriculture-farm.0.7.7.zip,"2025-04-03 10:46:00",https://wordpress.org/themes/agriculture-farm/,5.0,7.2
aromatic,Aromatic,18.7,18.6,https://downloads.wordpress.org/theme/aromatic.18.7.zip,"2025-04-03 10:36:14",https://wordpress.org/themes/aromatic/,4.7,5.6
arvita,Arvita,1.0.2,1.0.1,https://downloads.wordpress.org/theme/arvita.1.0.2.zip,"2025-04-03 10:38:43",https://wordpress.org/themes/arvita/,4.7,5.6
ayroma,Ayroma,18.1,18.0,https://downloads.wordpress.org/theme/ayroma.18.1.zip,"2025-04-03 10:36:45",https://wordpress.org/themes/ayroma/,4.7,5.6
caresoft,CareSoft,1.0.75,1.0.74,https://downloads.wordpress.org/theme/caresoft.1.0.75.zip,"2025-04-03 10:35:45",https://wordpress.org/themes/caresoft/,4.7,5.6
cozysoft,CozySoft,1.0.92,1.0.91,https://downloads.wordpress.org/theme/cozysoft.1.0.92.zip,"2025-04-03 10:35:11",https://wordpress.org/themes/cozysoft/,4.7,5.6
creative-one-page,"Creative One Page",0.7.8,0.7.7,https://downloads.wordpress.org/theme/creative-one-page.0.7.8.zip,"2025-04-03 10:47:04",https://wordpress.org/themes/creative-one-page/,5.0,7.2
easytech,EasyTech,1.0.65,1.0.64,https://downloads.wordpress.org/theme/easytech.1.0.65.zip,"2025-04-03 10:36:49",https://wordpress.org/themes/easytech/,4.7,5.6
educator-education,"Educator Education",0.8,0.7.9,https://downloads.wordpress.org/theme/educator-education.0.8.zip,"2025-04-03 10:48:58",https://wordpress.org/themes/educator-education/,5.0,7.2
express-store,"Express Store",14.2,14.1,https://downloads.wordpress.org/theme/express-store.14.2.zip,"2025-04-03 10:37:07",https://wordpress.org/themes/express-store/,,5.6
feauty,Feauty,18.0,17.9,https://downloads.wordpress.org/theme/feauty.18.0.zip,"2025-04-03 10:37:33",https://wordpress.org/themes/feauty/,4.7,5.6
flexi-mart,"Flexi Mart",5.2,5.1,https://downloads.wordpress.org/theme/flexi-mart.5.2.zip,"2025-04-03 10:38:00",https://wordpress.org/themes/flexi-mart/,,5.6
flossy,Flossy,10.5,10.4,https://downloads.wordpress.org/theme/flossy.10.5.zip,"2025-04-03 10:38:31",https://wordpress.org/themes/flossy/,4.7,5.6
flow-store,"Flow Store",6.3,6.2,https://downloads.wordpress.org/theme/flow-store.6.3.zip,"2025-04-03 10:38:48",https://wordpress.org/themes/flow-store/,,5.6
master-study-lite,"Master Study Lite",0.1.1,0.1,https://downloads.wordpress.org/theme/master-study-lite.0.1.1.zip,"2025-04-03 10:42:13",https://wordpress.org/themes/master-study-lite/,5.0,7.2
online-flower-shop,"Online Flower Shop",0.1.8,0.1.7,https://downloads.wordpress.org/theme/online-flower-shop.0.1.8.zip,"2025-04-03 11:05:17",https://wordpress.org/themes/online-flower-shop/,,5.6
paw-bazaar,"Paw Bazaar",1.8,1.7,https://downloads.wordpress.org/theme/paw-bazaar.1.8.zip,"2025-04-03 10:39:18",https://wordpress.org/themes/paw-bazaar/,,5.6
pet-bazaar,"Pet Bazaar",2.5,2.4,https://downloads.wordpress.org/theme/pet-bazaar.2.5.zip,"2025-04-03 10:39:51",https://wordpress.org/themes/pet-bazaar/,4.7,5.6
pet-store,"Pet Store",1.4,1.3,https://downloads.wordpress.org/theme/pet-store.1.4.zip,"2025-04-03 10:40:38",https://wordpress.org/themes/pet-store/,,5.6
retailsy,Retailsy,18.0,17.9,https://downloads.wordpress.org/theme/retailsy.18.0.zip,"2025-04-03 10:41:25",https://wordpress.org/themes/retailsy/,4.7,5.6
shopient,Shopient,18.0,17.9,https://downloads.wordpress.org/theme/shopient.18.0.zip,"2025-04-03 10:43:39",https://wordpress.org/themes/shopient/,4.7,5.6
shopiva,Shopiva,18.0,17.9,https://downloads.wordpress.org/theme/shopiva.18.0.zip,"2025-04-03 10:44:08",https://wordpress.org/themes/shopiva/,4.7,5.6
shoply,Shoply,18.1,18.0,https://downloads.wordpress.org/theme/shoply.18.1.zip,"2025-04-03 10:44:45",https://wordpress.org/themes/shoply/,4.7,5.6
softalt,SoftAlt,1.0.13,1.0.12,https://downloads.wordpress.org/theme/softalt.1.0.13.zip,"2025-04-03 10:38:15",https://wordpress.org/themes/softalt/,4.7,5.6
softmunch,SoftMunch,1.0.41,1.0.40,https://downloads.wordpress.org/theme/softmunch.1.0.41.zip,"2025-04-03 10:37:46",https://wordpress.org/themes/softmunch/,4.7,5.6
storefit,Storefit,12.7,12.6,https://downloads.wordpress.org/theme/storefit.12.7.zip,"2025-04-03 10:45:36",https://wordpress.org/themes/storefit/,,5.6
storely,Storely,18.5,18.4,https://downloads.wordpress.org/theme/storely.18.5.zip,"2025-04-03 10:46:30",https://wordpress.org/themes/storely/,4.7,5.6
storess,Storess,18.0,17.9,https://downloads.wordpress.org/theme/storess.18.0.zip,"2025-04-03 10:47:01",https://wordpress.org/themes/storess/,4.7,5.6
storezia,Storezia,18.1,18.0,https://downloads.wordpress.org/theme/storezia.18.1.zip,"2025-04-03 10:47:53",https://wordpress.org/themes/storezia/,4.7,5.6
suntech,Suntech,1.0.69,1.0.68,https://downloads.wordpress.org/theme/suntech.1.0.69.zip,"2025-04-03 10:36:14",https://wordpress.org/themes/suntech/,4.7,5.6
swimwear-store,"Swimwear Store",0.1.9,0.1.8,https://downloads.wordpress.org/theme/swimwear-store.0.1.9.zip,"2025-04-03 11:06:35",https://wordpress.org/themes/swimwear-store/,,5.6
truesoft,TrueSoft,1.0.48,1.0.47,https://downloads.wordpress.org/theme/truesoft.1.0.48.zip,"2025-04-03 10:37:15",https://wordpress.org/themes/truesoft/,4.7,5.6
vw-travel,"VW Travel",1.2.7,1.2.6,https://downloads.wordpress.org/theme/vw-travel.1.2.7.zip,"2025-04-03 10:36:18",https://wordpress.org/themes/vw-travel/,5.0,7.2
barbershop-nail-salon,"Barbershop Nail Salon",4.3,4.2,https://downloads.wordpress.org/theme/barbershop-nail-salon.4.3.zip,"2025-04-03 11:29:13",https://wordpress.org/themes/barbershop-nail-salon/,5.0,5.6
beauty-hair-salon,"Beauty Hair Salon",4.6,4.5,https://downloads.wordpress.org/theme/beauty-hair-salon.4.6.zip,"2025-04-03 11:31:13",https://wordpress.org/themes/beauty-hair-salon/,5.0,5.6
beauty-salon-spa,"Beauty Salon Spa",6.1,6.0,https://downloads.wordpress.org/theme/beauty-salon-spa.6.1.zip,"2025-04-03 11:31:49",https://wordpress.org/themes/beauty-salon-spa/,5.0,5.6
fire-fighter,"Fire Fighter",1.1,1.0,https://downloads.wordpress.org/theme/fire-fighter.1.1.zip,"2025-04-03 11:26:43",https://wordpress.org/themes/fire-fighter/,6.1,5.6
home-services-blocks,"Home Services Blocks",2.5,2.4,https://downloads.wordpress.org/theme/home-services-blocks.2.5.zip,"2025-04-03 11:28:03",https://wordpress.org/themes/home-services-blocks/,6.1,5.6
hr-management,"HR Management",1.3,1.2,https://downloads.wordpress.org/theme/hr-management.1.3.zip,"2025-04-03 11:27:27",https://wordpress.org/themes/hr-management/,6.1,5.6
one-business-blocks,"One Business Blocks",2.8,2.7,https://downloads.wordpress.org/theme/one-business-blocks.2.8.zip,"2025-04-03 11:28:48",https://wordpress.org/themes/one-business-blocks/,6.1,5.6
avtari,Avtari,12.7,12.6,https://downloads.wordpress.org/theme/avtari.12.7.zip,"2025-04-03 13:22:52",https://wordpress.org/themes/avtari/,4.7,5.6
portfolio-canvas,"Portfolio Canvas",1.0.8,1.0.7,https://downloads.wordpress.org/theme/portfolio-canvas.1.0.8.zip,"2025-04-03 13:30:25",https://wordpress.org/themes/portfolio-canvas/,,5.6
thai-spa,"Thai Spa",12.9,12.8,https://downloads.wordpress.org/theme/thai-spa.12.9.zip,"2025-04-03 13:34:24",https://wordpress.org/themes/thai-spa/,4.7,5.6
timeblog,TimeBlog,8.9,8.8,https://downloads.wordpress.org/theme/timeblog.8.9.zip,"2025-04-03 13:33:49",https://wordpress.org/themes/timeblog/,4.7,5.6
avenza,Avenza,1.5.6,1.5.5,https://downloads.wordpress.org/theme/avenza.1.5.6.zip,"2025-04-03 13:49:03",https://wordpress.org/themes/avenza/,,5.6
avitech,Avitech,12.7,12.6,https://downloads.wordpress.org/theme/avitech.12.7.zip,"2025-04-03 13:48:26",https://wordpress.org/themes/avitech/,4.7,5.6
azwa,Azwa,12.8,12.7,https://downloads.wordpress.org/theme/azwa.12.8.zip,"2025-04-03 13:47:23",https://wordpress.org/themes/azwa/,4.7,5.6
cormex,Cormex,5.2,5.1,https://downloads.wordpress.org/theme/cormex.5.2.zip,"2025-04-03 13:38:49",https://wordpress.org/themes/cormex/,,5.6
envira,Envira,12.7,12.6,https://downloads.wordpress.org/theme/envira.12.7.zip,"2025-04-03 13:42:16",https://wordpress.org/themes/envira/,4.7,5.6
eyepress-lite,"Eyepress Lite",1.1.1,1.1.0,https://downloads.wordpress.org/theme/eyepress-lite.1.1.1.zip,"2025-04-03 14:11:01",https://wordpress.org/themes/eyepress-lite/,,5.6
fiona-news,"Fiona News",12.9,12.8,https://downloads.wordpress.org/theme/fiona-news.12.9.zip,"2025-04-03 13:37:51",https://wordpress.org/themes/fiona-news/,4.7,5.6
music-recording-studio,"Music Recording Studio",0.8.8,0.8.7,https://downloads.wordpress.org/theme/music-recording-studio.0.8.8.zip,"2025-04-03 14:15:28",https://wordpress.org/themes/music-recording-studio/,5.0,7.2
musician-band-artist,"Musician Band Artist",0.5.4,0.5.3,https://downloads.wordpress.org/theme/musician-band-artist.0.5.4.zip,"2025-04-03 14:16:48",https://wordpress.org/themes/musician-band-artist/,5.0,7.2
newsberry,NewsBerry,1.0.8,1.0.7,https://downloads.wordpress.org/theme/newsberry.1.0.8.zip,"2025-04-03 14:04:06",https://wordpress.org/themes/newsberry/,5.9,5.6
plastic-surgery-clinic,"Plastic Surgery Clinic",0.5.7,0.5.6,https://downloads.wordpress.org/theme/plastic-surgery-clinic.0.5.7.zip,"2025-04-03 14:14:37",https://wordpress.org/themes/plastic-surgery-clinic/,5.0,7.2
profolio,Profolio,4.8,4.7,https://downloads.wordpress.org/theme/profolio.4.8.zip,"2025-04-03 13:40:54",https://wordpress.org/themes/profolio/,,5.6
techine,Techine,12.7,12.6,https://downloads.wordpress.org/theme/techine.12.7.zip,"2025-04-03 13:40:02",https://wordpress.org/themes/techine/,4.7,5.6
vw-dark,"VW Dark",0.7.7,0.7.6,https://downloads.wordpress.org/theme/vw-dark.0.7.7.zip,"2025-04-03 14:05:36",https://wordpress.org/themes/vw-dark/,5.0,7.2
vw-portfolio,"VW Portfolio",1.2.1,1.2,https://downloads.wordpress.org/theme/vw-portfolio.1.2.1.zip,"2025-04-03 14:04:12",https://wordpress.org/themes/vw-portfolio/,5.0,7.2
bloglex,BlogLex,1.0.8,1.0.7,https://downloads.wordpress.org/theme/bloglex.1.0.8.zip,"2025-04-03 14:40:53",https://wordpress.org/themes/bloglex/,5.9,5.6
lalita,Lalita,1.5.2,1.5.1,https://downloads.wordpress.org/theme/lalita.1.5.2.zip,"2025-04-03 14:35:26",https://wordpress.org/themes/lalita/,,7.0
kadence,Kadence,1.2.20,1.2.19,https://downloads.wordpress.org/theme/kadence.1.2.20.zip,"2025-04-03 16:00:03",https://wordpress.org/themes/kadence/,6.3,7.4
minicart,MiniCart,0.9,0.8,https://downloads.wordpress.org/theme/minicart.0.9.zip,"2025-04-03 16:01:43",https://wordpress.org/themes/minicart/,4.7,5.6
shopire,Shopire,1.0.9,1.0.8,https://downloads.wordpress.org/theme/shopire.1.0.9.zip,"2025-04-03 16:01:01",https://wordpress.org/themes/shopire/,4.7,5.6
abiz,Abiz,1.0.6,1.0.5,https://downloads.wordpress.org/theme/abiz.1.0.6.zip,"2025-04-03 17:13:36",https://wordpress.org/themes/abiz/,,5.4
ascend,Ascend,1.4.17,1.4.16,https://downloads.wordpress.org/theme/ascend.1.4.17.zip,"2025-04-03 16:49:08",https://wordpress.org/themes/ascend/,,5.6
bizboost,BizBoost,2.0.3,2.0.2,https://downloads.wordpress.org/theme/bizboost.2.0.3.zip,"2025-04-03 16:42:58",https://wordpress.org/themes/bizboost/,5.9,5.6
blocksy,Blocksy,2.0.94,2.0.93,https://downloads.wordpress.org/theme/blocksy.2.0.94.zip,"2025-04-03 16:52:18",https://wordpress.org/themes/blocksy/,6.5,7.0
britely,Britely,1.0.16,1.0.15,https://downloads.wordpress.org/theme/britely.1.0.16.zip,"2025-04-03 17:12:11",https://wordpress.org/themes/britely/,,5.4
flectine,Flectine,1.0.17,1.0.16,https://downloads.wordpress.org/theme/flectine.1.0.17.zip,"2025-04-03 17:11:01",https://wordpress.org/themes/flectine/,,5.4
flixita,Flixita,1.1.5,1.1.4,https://downloads.wordpress.org/theme/flixita.1.1.5.zip,"2025-04-03 17:08:31",https://wordpress.org/themes/flixita/,,5.4
pen,Pen,1.4.8,1.4.7,https://downloads.wordpress.org/theme/pen.1.4.8.zip,"2025-04-03 17:10:29",https://wordpress.org/themes/pen/,4.8,5.6
virtue,Virtue,3.4.12,3.4.11,https://downloads.wordpress.org/theme/virtue.3.4.12.zip,"2025-04-03 18:49:48",https://wordpress.org/themes/virtue/,,5.6
tenzin-news-magazine,"Tenzin News Magazine",1.1.6,1.1.5,https://downloads.wordpress.org/theme/tenzin-news-magazine.1.1.6.zip,"2025-04-04 02:02:57",https://wordpress.org/themes/tenzin-news-magazine/,5.0,5.6
hashone,HashOne,1.3.6,1.3.5,https://downloads.wordpress.org/theme/hashone.1.3.6.zip,"2025-04-04 05:07:07",https://wordpress.org/themes/hashone/,,7.4
job-listing,"Job Listing",1.3,1.2,https://downloads.wordpress.org/theme/job-listing.1.3.zip,"2025-04-04 04:33:19",https://wordpress.org/themes/job-listing/,5.0,7.2
kadence,Kadence,1.2.21,1.2.20,https://downloads.wordpress.org/theme/kadence.1.2.21.zip,"2025-04-04 04:37:34",https://wordpress.org/themes/kadence/,6.3,7.4
laundry-cleaner,"Laundry Cleaner",1.7,1.6,https://downloads.wordpress.org/theme/laundry-cleaner.1.7.zip,"2025-04-04 04:41:21",https://wordpress.org/themes/laundry-cleaner/,5.0,7.2
movie-review-blog,"Movie Review Blog",2.1,2.0,https://downloads.wordpress.org/theme/movie-review-blog.2.1.zip,"2025-04-04 04:34:36",https://wordpress.org/themes/movie-review-blog/,5.0,7.2
project-management,"Project Management",2.0,1.9,https://downloads.wordpress.org/theme/project-management.2.0.zip,"2025-04-04 04:34:47",https://wordpress.org/themes/project-management/,5.0,7.2
the-home-decor,"The Home Decor",1.8,1.7,https://downloads.wordpress.org/theme/the-home-decor.1.8.zip,"2025-04-04 04:41:27",https://wordpress.org/themes/the-home-decor/,5.0,7.2
vr-gaming,"VR Gaming",2.0,1.9,https://downloads.wordpress.org/theme/vr-gaming.2.0.zip,"2025-04-04 04:44:50",https://wordpress.org/themes/vr-gaming/,5.0,7.2
ashe,Ashe,2.254,2.253,https://downloads.wordpress.org/theme/ashe.2.254.zip,"2025-04-04 05:37:16",https://wordpress.org/themes/ashe/,4.7,5.2.4
building-constructor,"Building Constructor",3.7,3.6,https://downloads.wordpress.org/theme/building-constructor.3.7.zip,"2025-04-04 05:48:21",https://wordpress.org/themes/building-constructor/,5.0,5.6
construction-engineering,"Construction Engineering",4.6,4.5,https://downloads.wordpress.org/theme/construction-engineering.4.6.zip,"2025-04-04 05:50:17",https://wordpress.org/themes/construction-engineering/,5.0,5.6
construction-hub,"Construction Hub",3.2,3.1,https://downloads.wordpress.org/theme/construction-hub.3.2.zip,"2025-04-04 05:49:33",https://wordpress.org/themes/construction-hub/,5.0,5.6
construction-renovation,"Construction Renovation",5.9,5.8,https://downloads.wordpress.org/theme/construction-renovation.5.9.zip,"2025-04-04 05:48:54",https://wordpress.org/themes/construction-renovation/,5.0,5.6
fitness-supplement-store,"Fitness Supplement Store",1.9,1.8,https://downloads.wordpress.org/theme/fitness-supplement-store.1.9.zip,"2025-04-04 05:56:04",https://wordpress.org/themes/fitness-supplement-store/,5.0,5.6
th-shop-mania,"Th Shop Mania",1.5.9,1.5.8,https://downloads.wordpress.org/theme/th-shop-mania.1.5.9.zip,"2025-04-04 06:18:22",https://wordpress.org/themes/th-shop-mania/,5.5,5.6
academic-education,"Academic Education",0.5.9,0.5.8,https://downloads.wordpress.org/theme/academic-education.0.5.9.zip,"2025-04-04 07:03:07",https://wordpress.org/themes/academic-education/,5.0,7.2
deep-cleaning,"Deep Cleaning",0.0.3,0.0.2,https://downloads.wordpress.org/theme/deep-cleaning.0.0.3.zip,"2025-04-04 08:21:10",https://wordpress.org/themes/deep-cleaning/,5.0,7.2
futuristic-architecture,"Futuristic Architecture",0.0.2,0.0.1,https://downloads.wordpress.org/theme/futuristic-architecture.0.0.2.zip,"2025-04-04 08:21:41",https://wordpress.org/themes/futuristic-architecture/,5.0,7.2
ph-news-mag,"PH NEWS MAG",1.0.5,1.0.4,https://downloads.wordpress.org/theme/ph-news-mag.1.0.5.zip,"2025-04-04 08:01:14",https://wordpress.org/themes/ph-news-mag/,,5.6
recipe-maker,"Recipe Maker",0.0.4,0.0.3,https://downloads.wordpress.org/theme/recipe-maker.0.0.4.zip,"2025-04-04 08:20:33",https://wordpress.org/themes/recipe-maker/,5.0,7.2
spa-sauna,"Spa Sauna",0.0.3,0.0.2,https://downloads.wordpress.org/theme/spa-sauna.0.0.3.zip,"2025-04-04 08:19:55",https://wordpress.org/themes/spa-sauna/,5.0,7.2
store-eshop,"Store Eshop",0.0.4,0.0.3,https://downloads.wordpress.org/theme/store-eshop.0.0.4.zip,"2025-04-04 08:18:20",https://wordpress.org/themes/store-eshop/,5.0,7.2
virtual-yoga-sessions,"Virtual Yoga Sessions",0.0.3,0.0.2,https://downloads.wordpress.org/theme/virtual-yoga-sessions.0.0.3.zip,"2025-04-04 08:17:48",https://wordpress.org/themes/virtual-yoga-sessions/,5.0,7.2
adventure-camping,"Adventure Camping",0.2.5,0.2.4,https://downloads.wordpress.org/theme/adventure-camping.0.2.5.zip,"2025-04-04 10:32:40",https://wordpress.org/themes/adventure-camping/,5.0,7.2
agencyx,AgencyX,1.1.0,1.0.9,https://downloads.wordpress.org/theme/agencyx.1.1.0.zip,"2025-04-04 10:28:51",https://wordpress.org/themes/agencyx/,,5.6
altra,Altra,1.0.99,1.0.98,https://downloads.wordpress.org/theme/altra.1.0.99.zip,"2025-04-04 10:25:12",https://wordpress.org/themes/altra/,4.7,5.6
archaeology-museums,"Archaeology Museums",0.2.4,0.2.3,https://downloads.wordpress.org/theme/archaeology-museums.0.2.4.zip,"2025-04-04 10:33:12",https://wordpress.org/themes/archaeology-museums/,5.0,7.2
artist-portfolio,"Artist Portfolio",0.6.8,0.6.7,https://downloads.wordpress.org/theme/artist-portfolio.0.6.8.zip,"2025-04-04 10:33:39",https://wordpress.org/themes/artist-portfolio/,5.0,7.2
atrux,Atrux,1.0.82,1.0.81,https://downloads.wordpress.org/theme/atrux.1.0.82.zip,"2025-04-04 10:27:35",https://wordpress.org/themes/atrux/,4.7,5.6
atua,Atua,1.1.13,1.1.12,https://downloads.wordpress.org/theme/atua.1.1.13.zip,"2025-04-04 10:24:42",https://wordpress.org/themes/atua/,4.7,5.6
atus,Atus,1.0.94,1.0.93,https://downloads.wordpress.org/theme/atus.1.0.94.zip,"2025-04-04 10:26:36",https://wordpress.org/themes/atus/,4.7,5.6
atuvi,Atuvi,1.0.44,1.0.43,https://downloads.wordpress.org/theme/atuvi.1.0.44.zip,"2025-04-04 10:29:06",https://wordpress.org/themes/atuvi/,4.7,5.6
atuxa,Atuxa,1.0.49,1.0.48,https://downloads.wordpress.org/theme/atuxa.1.0.49.zip,"2025-04-04 10:28:39",https://wordpress.org/themes/atuxa/,4.7,5.6
avvy,Avvy,1.0.96,1.0.95,https://downloads.wordpress.org/theme/avvy.1.0.96.zip,"2025-04-04 10:26:09",https://wordpress.org/themes/avvy/,4.7,5.6
careers,Careers,1.3.1,1.3.0,https://downloads.wordpress.org/theme/careers.1.3.1.zip,"2025-04-04 09:51:42",https://wordpress.org/themes/careers/,6.6,7.4
election-campaign,"Election Campaign",0.3.5,0.3.4,https://downloads.wordpress.org/theme/election-campaign.0.3.5.zip,"2025-04-04 10:34:42",https://wordpress.org/themes/election-campaign/,5.0,7.2
electronics-retailer,"Electronics Retailer",0.2.6,0.2.5,https://downloads.wordpress.org/theme/electronics-retailer.0.2.6.zip,"2025-04-04 10:33:45",https://wordpress.org/themes/electronics-retailer/,5.0,7.2
euphony-blocks,"Euphony Blocks",1.0.1,1.0,https://downloads.wordpress.org/theme/euphony-blocks.1.0.1.zip,"2025-04-04 10:30:23",https://wordpress.org/themes/euphony-blocks/,5.9,7.4
flexea,Flexea,1.0.84,1.0.83,https://downloads.wordpress.org/theme/flexea.1.0.84.zip,"2025-04-04 10:27:07",https://wordpress.org/themes/flexea/,4.7,5.6
flexeo,Flexeo,1.1.3,1.1.2,https://downloads.wordpress.org/theme/flexeo.1.1.3.zip,"2025-04-04 10:25:39",https://wordpress.org/themes/flexeo/,4.7,5.6
flexina,Flexina,1.0.40,1.0.39,https://downloads.wordpress.org/theme/flexina.1.0.40.zip,"2025-04-04 10:29:33",https://wordpress.org/themes/flexina/,4.7,5.6
fluxa,Fluxa,1.0.68,1.0.67,https://downloads.wordpress.org/theme/fluxa.1.0.68.zip,"2025-04-04 10:28:10",https://wordpress.org/themes/fluxa/,4.7,5.6
honey-shop,"Honey Shop",0.2.3,0.2.2,https://downloads.wordpress.org/theme/honey-shop.0.2.3.zip,"2025-04-04 10:34:44",https://wordpress.org/themes/honey-shop/,5.0,7.2
mise,Mise,1.9.2,1.9.1,https://downloads.wordpress.org/theme/mise.1.9.2.zip,"2025-04-04 10:00:09",https://wordpress.org/themes/mise/,,5.6
news-magazine-x,"News Magazine X",1.1.7,1.1.6,https://downloads.wordpress.org/theme/news-magazine-x.1.1.7.zip,"2025-04-04 10:31:07",https://wordpress.org/themes/news-magazine-x/,4.7,7.4
agencyx-blog,"AgencyX Blog",1.1.0,1.0.9,https://downloads.wordpress.org/theme/agencyx-blog.1.1.0.zip,"2025-04-04 10:53:26",https://wordpress.org/themes/agencyx-blog/,5.0,5.6
digital-advertising,"Digital Advertising",0.6.5,0.6.4,https://downloads.wordpress.org/theme/digital-advertising.0.6.5.zip,"2025-04-04 10:40:36",https://wordpress.org/themes/digital-advertising/,5.0,7.2
electronics-gadgets,"Electronics Gadgets",1.5.2,1.5.1,https://downloads.wordpress.org/theme/electronics-gadgets.1.5.2.zip,"2025-04-04 10:41:25",https://wordpress.org/themes/electronics-gadgets/,5.0,7.2
electronics-store,"Electronics Store",1.2.6,1.2.5,https://downloads.wordpress.org/theme/electronics-store.1.2.6.zip,"2025-04-04 10:43:26",https://wordpress.org/themes/electronics-store/,5.0,7.2
fast-food-pizza,"Fast Food Pizza",0.8.2,0.8.1,https://downloads.wordpress.org/theme/fast-food-pizza.0.8.2.zip,"2025-04-04 10:36:00",https://wordpress.org/themes/fast-food-pizza/,5.0,7.2
feminine-style-lite,"Feminine Style Lite",0.6.6,0.6.5,https://downloads.wordpress.org/theme/feminine-style-lite.0.6.6.zip,"2025-04-04 10:43:59",https://wordpress.org/themes/feminine-style-lite/,5.0,7.2
gym-training-coach,"Gym Training Coach",0.6.2,0.6.1,https://downloads.wordpress.org/theme/gym-training-coach.0.6.2.zip,"2025-04-04 10:36:43",https://wordpress.org/themes/gym-training-coach/,5.0,7.2
handyman-cleaner,"Handyman Cleaner",0.3.9,0.3.8,https://downloads.wordpress.org/theme/handyman-cleaner.0.3.9.zip,"2025-04-04 10:37:25",https://wordpress.org/themes/handyman-cleaner/,5.0,7.2
immigration-consulting,"Immigration Consulting",0.2.2,0.2.1,https://downloads.wordpress.org/theme/immigration-consulting.0.2.2.zip,"2025-04-04 10:35:25",https://wordpress.org/themes/immigration-consulting/,5.0,7.2
lawn-care,"Lawn Care",0.2.5,0.2.4,https://downloads.wordpress.org/theme/lawn-care.0.2.5.zip,"2025-04-04 10:36:10",https://wordpress.org/themes/lawn-care/,5.0,7.2
manufacturing-plant,"Manufacturing Plant",0.2.3,0.2.2,https://downloads.wordpress.org/theme/manufacturing-plant.0.2.3.zip,"2025-04-04 10:36:57",https://wordpress.org/themes/manufacturing-plant/,5.0,7.2
multi-advance,"Multi Advance",0.9.9,0.9.8,https://downloads.wordpress.org/theme/multi-advance.0.9.9.zip,"2025-04-04 10:35:08",https://wordpress.org/themes/multi-advance/,5.0,7.2
organic-market,"Organic Market",0.5.8,0.5.7,https://downloads.wordpress.org/theme/organic-market.0.5.8.zip,"2025-04-04 10:35:49",https://wordpress.org/themes/organic-market/,5.0,7.2
prespa-commerce,"Prespa Commerce",1.0.5,1.0.4,https://downloads.wordpress.org/theme/prespa-commerce.1.0.5.zip,"2025-04-04 10:43:47",https://wordpress.org/themes/prespa-commerce/,6.1,5.6
repair-shop,"Repair Shop",0.3.4,0.3.3,https://downloads.wordpress.org/theme/repair-shop.0.3.4.zip,"2025-04-04 10:37:55",https://wordpress.org/themes/repair-shop/,5.0,7.2
shoes-store,"Shoes Store",0.2.7,0.2.6,https://downloads.wordpress.org/theme/shoes-store.0.2.7.zip,"2025-04-04 10:39:19",https://wordpress.org/themes/shoes-store/,5.0,7.2
sports-league,"Sports League",0.6.3,0.6.2,https://downloads.wordpress.org/theme/sports-league.0.6.3.zip,"2025-04-04 10:38:31",https://wordpress.org/themes/sports-league/,5.0,7.2
startup-solutions,"Startup Solutions",0.3.7,0.3.6,https://downloads.wordpress.org/theme/startup-solutions.0.3.7.zip,"2025-04-04 10:39:47",https://wordpress.org/themes/startup-solutions/,5.0,7.2
tech-software-company,"Tech Software Company",0.6.8,0.6.7,https://downloads.wordpress.org/theme/tech-software-company.0.6.8.zip,"2025-04-04 10:36:32",https://wordpress.org/themes/tech-software-company/,5.0,7.2
the-fashion-woocommerce,"The Fashion Woocommerce",0.4.1,0.4,https://downloads.wordpress.org/theme/the-fashion-woocommerce.0.4.1.zip,"2025-04-04 10:37:25",https://wordpress.org/themes/the-fashion-woocommerce/,5.0,7.2
tour-planner-ebooking,"Tour Planner eBooking",0.2.8,0.2.7,https://downloads.wordpress.org/theme/tour-planner-ebooking.0.2.8.zip,"2025-04-04 10:38:35",https://wordpress.org/themes/tour-planner-ebooking/,5.0,7.2
virtual-assistant,"Virtual Assistant",0.2.3,0.2.2,https://downloads.wordpress.org/theme/virtual-assistant.0.2.3.zip,"2025-04-04 10:40:28",https://wordpress.org/themes/virtual-assistant/,5.0,7.2
vw-lifestyle-blog,"VW Lifestyle Blog",0.2.4,0.2.3,https://downloads.wordpress.org/theme/vw-lifestyle-blog.0.2.4.zip,"2025-04-04 10:41:25",https://wordpress.org/themes/vw-lifestyle-blog/,5.0,7.2
vw-radio-station,"VW Radio Station",0.2.4,0.2.3,https://downloads.wordpress.org/theme/vw-radio-station.0.2.4.zip,"2025-04-04 10:42:47",https://wordpress.org/themes/vw-radio-station/,5.0,7.2
vw-wholesaler,"VW Wholesaler",0.2.8,0.2.7,https://downloads.wordpress.org/theme/vw-wholesaler.0.2.8.zip,"2025-04-04 10:43:26",https://wordpress.org/themes/vw-wholesaler/,5.0,7.2
brandy,Brandy,1.2.6,1.2.5,https://downloads.wordpress.org/theme/brandy.1.2.6.zip,"2025-04-04 11:56:49",https://wordpress.org/themes/brandy/,5.0,5.7
corapress,CoraPress,1.4,1.3,https://downloads.wordpress.org/theme/corapress.1.4.zip,"2025-04-04 12:02:15",https://wordpress.org/themes/corapress/,,5.6
expert-movers,"Expert Movers",0.7.1,0.7.0,https://downloads.wordpress.org/theme/expert-movers.0.7.1.zip,"2025-04-04 11:31:01",https://wordpress.org/themes/expert-movers/,,7.2
furniture-shop-toolkit,"Furniture Shop Toolkit",1.0.2,1.0.1,https://downloads.wordpress.org/theme/furniture-shop-toolkit.1.0.2.zip,"2025-04-04 12:17:05",https://wordpress.org/themes/furniture-shop-toolkit/,5.8,7.4
lifestyle-blogging,"Lifestyle Blogging",4.8,4.7,https://downloads.wordpress.org/theme/lifestyle-blogging.4.8.zip,"2025-04-04 12:05:52",https://wordpress.org/themes/lifestyle-blogging/,5.0,5.6
lz-cleaning-services,"LZ Cleaning Services",0.6.4,0.6.3,https://downloads.wordpress.org/theme/lz-cleaning-services.0.6.4.zip,"2025-04-04 11:31:46",https://wordpress.org/themes/lz-cleaning-services/,,7.2
medical-insight,"Medical Insight",6.5,6.4,https://downloads.wordpress.org/theme/medical-insight.6.5.zip,"2025-04-04 12:05:07",https://wordpress.org/themes/medical-insight/,5.0,5.6
negocio-business,"Negocio Business",0.6.8,0.6.7,https://downloads.wordpress.org/theme/negocio-business.0.6.8.zip,"2025-04-04 11:32:50",https://wordpress.org/themes/negocio-business/,,7.2
nirman-construction,"Nirman Construction",0.7.0,0.6.9,https://downloads.wordpress.org/theme/nirman-construction.0.7.0.zip,"2025-04-04 11:33:53",https://wordpress.org/themes/nirman-construction/,,7.2
ovation-health-blog,"Ovation Health Blog",6.2,6.1,https://downloads.wordpress.org/theme/ovation-health-blog.6.2.zip,"2025-04-04 12:04:44",https://wordpress.org/themes/ovation-health-blog/,5.0,5.6
prespa-commerce,"Prespa Commerce",1.0.7,1.0.5,https://downloads.wordpress.org/theme/prespa-commerce.1.0.7.zip,"2025-04-04 11:54:57",https://wordpress.org/themes/prespa-commerce/,6.1,5.6
prespa,Prespa,1.6.2,1.6.1,https://downloads.wordpress.org/theme/prespa.1.6.2.zip,"2025-04-04 12:16:10",https://wordpress.org/themes/prespa/,6.1,5.6
recipe-blogs,"Recipe Blogs",1.3,1.2,https://downloads.wordpress.org/theme/recipe-blogs.1.3.zip,"2025-04-04 12:04:21",https://wordpress.org/themes/recipe-blogs/,6.1,5.6
recycling-energy,"Recycling Energy",4.6,4.5,https://downloads.wordpress.org/theme/recycling-energy.4.6.zip,"2025-04-04 12:03:01",https://wordpress.org/themes/recycling-energy/,5.0,5.6
responsive-blogger,"Responsive Blogger",6.6,6.5,https://downloads.wordpress.org/theme/responsive-blogger.6.6.zip,"2025-04-04 12:02:07",https://wordpress.org/themes/responsive-blogger/,5.0,5.6
ampark,Ampark,12.6,12.5,https://downloads.wordpress.org/theme/ampark.12.6.zip,"2025-04-04 13:14:31",https://wordpress.org/themes/ampark/,4.7,5.6
arowana,Arowana,13.7,13.6,https://downloads.wordpress.org/theme/arowana.13.7.zip,"2025-04-04 13:11:08",https://wordpress.org/themes/arowana/,4.7,5.6
avail,Avail,12.6,12.5,https://downloads.wordpress.org/theme/avail.12.6.zip,"2025-04-04 13:10:47",https://wordpress.org/themes/avail/,4.7,5.6
aviser,Aviser,12.6,12.5,https://downloads.wordpress.org/theme/aviser.12.6.zip,"2025-04-04 13:14:07",https://wordpress.org/themes/aviser/,4.7,5.6
axtia,Axtia,12.6,12.5,https://downloads.wordpress.org/theme/axtia.12.6.zip,"2025-04-04 13:12:11",https://wordpress.org/themes/axtia/,4.7,5.6
cardiopress,CardioPress,5.1,5.0,https://downloads.wordpress.org/theme/cardiopress.5.1.zip,"2025-04-04 13:13:42",https://wordpress.org/themes/cardiopress/,4.7,5.6
colorflow,ColorFlow,1.2,1.1,https://downloads.wordpress.org/theme/colorflow.1.2.zip,"2025-04-04 13:16:12",https://wordpress.org/themes/colorflow/,4.7,5.6
comoxa,Comoxa,12.6,12.5,https://downloads.wordpress.org/theme/comoxa.12.6.zip,"2025-04-04 13:13:20",https://wordpress.org/themes/comoxa/,4.7,5.6
eventpress,EventPress,15.0,14.9,https://downloads.wordpress.org/theme/eventpress.15.0.zip,"2025-04-04 13:11:36",https://wordpress.org/themes/eventpress/,4.7,5.6
evion,Evion,3.2,3.1,https://downloads.wordpress.org/theme/evion.3.2.zip,"2025-04-04 13:12:41",https://wordpress.org/themes/evion/,4.7,5.6
fse-agency,"FSE Agency",2.0.5,2.0.4,https://downloads.wordpress.org/theme/fse-agency.2.0.5.zip,"2025-04-04 13:06:26",https://wordpress.org/themes/fse-agency/,5.9,5.6
fse-business,"FSE Business",3.0.9,3.0.8,https://downloads.wordpress.org/theme/fse-business.3.0.9.zip,"2025-04-04 13:06:50",https://wordpress.org/themes/fse-business/,5.9,5.6
fse-cleaning-services,"FSE Cleaning Services",1.0.1,1.0.0,https://downloads.wordpress.org/theme/fse-cleaning-services.1.0.1.zip,"2025-04-04 13:06:58",https://wordpress.org/themes/fse-cleaning-services/,5.9,5.6
fse-lawyer-firm,"FSE Lawyer Firm",1.0.3,1.0.2,https://downloads.wordpress.org/theme/fse-lawyer-firm.1.0.3.zip,"2025-04-04 13:07:33",https://wordpress.org/themes/fse-lawyer-firm/,5.9,5.6
gradiantx,GradiantX,1.1,1.0,https://downloads.wordpress.org/theme/gradiantx.1.1.zip,"2025-04-04 13:15:46",https://wordpress.org/themes/gradiantx/,4.7,5.6
kindergarten-preschool,"Kindergarten Preschool",1.0.5,1.0.4,https://downloads.wordpress.org/theme/kindergarten-preschool.1.0.5.zip,"2025-04-04 13:07:49",https://wordpress.org/themes/kindergarten-preschool/,5.9,5.6
medical-pharmacy,"Medical Pharmacy",1.0.5,1.0.4,https://downloads.wordpress.org/theme/medical-pharmacy.1.0.5.zip,"2025-04-04 13:08:15",https://wordpress.org/themes/medical-pharmacy/,5.9,5.6
nexcraft-bpo,"Nexcraft BPO",2.8,2.7,https://downloads.wordpress.org/theme/nexcraft-bpo.2.8.zip,"2025-04-04 13:14:53",https://wordpress.org/themes/nexcraft-bpo/,,5.6
nexcraft,NexCraft,4.8,4.7,https://downloads.wordpress.org/theme/nexcraft.4.8.zip,"2025-04-04 13:15:26",https://wordpress.org/themes/nexcraft/,4.7,5.6
physical-therapy,"Physical Therapy",2.0.3,2.0.2,https://downloads.wordpress.org/theme/physical-therapy.2.0.3.zip,"2025-04-04 13:08:43",https://wordpress.org/themes/physical-therapy/,5.9,5.6
shadiant,Shadiant,0.7,0.6,https://downloads.wordpress.org/theme/shadiant.0.7.zip,"2025-04-04 13:16:35",https://wordpress.org/themes/shadiant/,4.7,5.6
toy-store-fse,"Toy Store FSE",1.1.3,1.1.2,https://downloads.wordpress.org/theme/toy-store-fse.1.1.3.zip,"2025-04-04 13:08:52",https://wordpress.org/themes/toy-store-fse/,5.9,5.6
vegetable-gardening,"Vegetable Gardening",1.0.7,1.0.6,https://downloads.wordpress.org/theme/vegetable-gardening.1.0.7.zip,"2025-04-04 13:09:18",https://wordpress.org/themes/vegetable-gardening/,5.9,5.6
yoga-trainer,"Yoga Trainer",1.0.3,1.0.2,https://downloads.wordpress.org/theme/yoga-trainer.1.0.3.zip,"2025-04-04 13:09:27",https://wordpress.org/themes/yoga-trainer/,5.9,5.6
auto-repair-center,"Auto Repair Center",1.1.2,1.1.1,https://downloads.wordpress.org/theme/auto-repair-center.1.1.2.zip,"2025-04-04 14:09:35",https://wordpress.org/themes/auto-repair-center/,6.0,7.2
blogger-blocks,"Blogger Blocks",1.1.8,1.1.7,https://downloads.wordpress.org/theme/blogger-blocks.1.1.8.zip,"2025-04-04 14:07:29",https://wordpress.org/themes/blogger-blocks/,6.0,7.2
car-service-center,"Car Service Center",1.5,1.4,https://downloads.wordpress.org/theme/car-service-center.1.5.zip,"2025-04-04 13:36:42",https://wordpress.org/themes/car-service-center/,,5.6
consulting-blocks,"Consulting Blocks",1.1.4,1.1.3,https://downloads.wordpress.org/theme/consulting-blocks.1.1.4.zip,"2025-04-04 14:06:29",https://wordpress.org/themes/consulting-blocks/,6.0,7.2
frosty-cake,"Frosty Cake",1.1.6,1.1.5,https://downloads.wordpress.org/theme/frosty-cake.1.1.6.zip,"2025-04-04 14:05:26",https://wordpress.org/themes/frosty-cake/,6.0,7.2
grocery-supermarket-chain,"Grocery Supermarket Chain",1.4,1.3,https://downloads.wordpress.org/theme/grocery-supermarket-chain.1.4.zip,"2025-04-04 13:36:58",https://wordpress.org/themes/grocery-supermarket-chain/,,5.6
law-justice,"Law Justice",1.0.6,1.0.5,https://downloads.wordpress.org/theme/law-justice.1.0.6.zip,"2025-04-04 13:37:32",https://wordpress.org/themes/law-justice/,,5.6
marketr,Marketr,1.0.5,1.0.4,https://downloads.wordpress.org/theme/marketr.1.0.5.zip,"2025-04-04 13:37:36",https://wordpress.org/themes/marketr/,,5.6
medical-trauma-center,"Medical Trauma Center",1.2,1.1,https://downloads.wordpress.org/theme/medical-trauma-center.1.2.zip,"2025-04-04 13:37:58",https://wordpress.org/themes/medical-trauma-center/,,5.6
meditation,Meditation,1.1.7,1.1.6,https://downloads.wordpress.org/theme/meditation.1.1.7.zip,"2025-04-04 14:25:37",https://wordpress.org/themes/meditation/,,
medo-pixel,"Medo Pixel",1.0.7,1.0.6,https://downloads.wordpress.org/theme/medo-pixel.1.0.7.zip,"2025-04-04 13:38:11",https://wordpress.org/themes/medo-pixel/,,5.6
rt-education-school,"RT Education School",1.1.7,1.1.6,https://downloads.wordpress.org/theme/rt-education-school.1.1.7.zip,"2025-04-04 14:04:33",https://wordpress.org/themes/rt-education-school/,6.0,7.2
shop-toolkit,"Shop Toolkit",1.1.0,1.0.11,https://downloads.wordpress.org/theme/shop-toolkit.1.1.0.zip,"2025-04-04 14:08:48",https://wordpress.org/themes/shop-toolkit/,,5.6
smart-home-automation,"Smart Home Automation",1.1.2,1.1.1,https://downloads.wordpress.org/theme/smart-home-automation.1.1.2.zip,"2025-04-04 14:03:14",https://wordpress.org/themes/smart-home-automation/,6.0,7.2
spoken-english-classes,"Spoken English Classes",1.1.4,1.1.3,https://downloads.wordpress.org/theme/spoken-english-classes.1.1.4.zip,"2025-04-04 14:02:05",https://wordpress.org/themes/spoken-english-classes/,6.0,7.2
sydney,Sydney,2.53,2.52,https://downloads.wordpress.org/theme/sydney.2.53.zip,"2025-04-04 14:03:27",https://wordpress.org/themes/sydney/,,5.6
travel-booking-solutions,"Travel Booking Solutions",1.1,1.0.9,https://downloads.wordpress.org/theme/travel-booking-solutions.1.1.zip,"2025-04-04 14:01:18",https://wordpress.org/themes/travel-booking-solutions/,6.0,7.2
blocksy,Blocksy,2.0.95,2.0.94,https://downloads.wordpress.org/theme/blocksy.2.0.95.zip,"2025-04-04 14:51:13",https://wordpress.org/themes/blocksy/,6.5,7.0
sportsx,SportsX,1.1.0,1.0.9,https://downloads.wordpress.org/theme/sportsx.1.1.0.zip,"2025-04-04 15:21:33",https://wordpress.org/themes/sportsx/,5.9,5.6
aster-photography,"Aster Photography",2.0,1.9,https://downloads.wordpress.org/theme/aster-photography.2.0.zip,"2025-04-04 16:47:31",https://wordpress.org/themes/aster-photography/,,7.4
ecommerce-clothing,"Ecommerce Clothing",2.0,1.9,https://downloads.wordpress.org/theme/ecommerce-clothing.2.0.zip,"2025-04-04 16:47:59",https://wordpress.org/themes/ecommerce-clothing/,,7.4
moving-truck-rental,"Moving Truck Rental",2.0,1.9,https://downloads.wordpress.org/theme/moving-truck-rental.2.0.zip,"2025-04-04 16:48:20",https://wordpress.org/themes/moving-truck-rental/,,7.4
roof-water-proofing,"Roof Water Proofing",1.8,1.7,https://downloads.wordpress.org/theme/roof-water-proofing.1.8.zip,"2025-04-04 16:48:43",https://wordpress.org/themes/roof-water-proofing/,,7.4
wedding-ceremony,"Wedding Ceremony",1.0.9,1.0.8,https://downloads.wordpress.org/theme/wedding-ceremony.1.0.9.zip,"2025-04-04 16:49:23",https://wordpress.org/themes/wedding-ceremony/,,7.2
pressbook-green,"PressBook Green",1.2.6,1.2.5,https://downloads.wordpress.org/theme/pressbook-green.1.2.6.zip,"2025-04-05 01:52:21",https://wordpress.org/themes/pressbook-green/,5.3,7.0
pressbook-masonry-dark,"PressBook Masonry Dark",1.2.5,1.2.4,https://downloads.wordpress.org/theme/pressbook-masonry-dark.1.2.5.zip,"2025-04-05 01:54:29",https://wordpress.org/themes/pressbook-masonry-dark/,5.3,7.0
pixel-digital-marketing,"Pixel Digital Marketing",1.4,1.3,https://downloads.wordpress.org/theme/pixel-digital-marketing.1.4.zip,"2025-04-05 03:52:42",https://wordpress.org/themes/pixel-digital-marketing/,,5.6
pixel-hair-spa,"Pixel Hair Spa",1.3,1.2,https://downloads.wordpress.org/theme/pixel-hair-spa.1.3.zip,"2025-04-05 03:52:54",https://wordpress.org/themes/pixel-hair-spa/,,5.6
pixel-photography,"Pixel Photography",1.0.5,1.0.4,https://downloads.wordpress.org/theme/pixel-photography.1.0.5.zip,"2025-04-05 03:53:15",https://wordpress.org/themes/pixel-photography/,,5.6
pixel-transport,"Pixel Transport",1.0.7,1.0.6,https://downloads.wordpress.org/theme/pixel-transport.1.0.7.zip,"2025-04-05 03:53:25",https://wordpress.org/themes/pixel-transport/,,5.6
spa-skincare,"Spa Skincare",1.0.5,1.0.4,https://downloads.wordpress.org/theme/spa-skincare.1.0.5.zip,"2025-04-05 03:53:46",https://wordpress.org/themes/spa-skincare/,,5.6
blognest,BlogNest,1.0.6,1.0.5,https://downloads.wordpress.org/theme/blognest.1.0.6.zip,"2025-04-05 04:47:22",https://wordpress.org/themes/blognest/,5.9,5.6
butcher-meatshop,"Butcher Meatshop",1.0.5,1.0.4,https://downloads.wordpress.org/theme/butcher-meatshop.1.0.5.zip,"2025-04-05 05:00:30",https://wordpress.org/themes/butcher-meatshop/,5.5,7.2
consultant-appointment,"Consultant Appointment",1.7,1.6,https://downloads.wordpress.org/theme/consultant-appointment.1.7.zip,"2025-04-05 05:00:42",https://wordpress.org/themes/consultant-appointment/,5.5,5.6
handyman-agency,"Handyman Agency",1.4,1.3,https://downloads.wordpress.org/theme/handyman-agency.1.4.zip,"2025-04-05 05:01:07",https://wordpress.org/themes/handyman-agency/,5.5,7.2
industrial-technology,"Industrial Technology",1.5,1.4,https://downloads.wordpress.org/theme/industrial-technology.1.5.zip,"2025-04-05 05:01:17",https://wordpress.org/themes/industrial-technology/,5.5,5.6
lights-store,"Lights Store",1.6,1.5,https://downloads.wordpress.org/theme/lights-store.1.6.zip,"2025-04-05 05:01:37",https://wordpress.org/themes/lights-store/,5.5,7.2
building-architect,"Building Architect",1.0.6,1.0.5,https://downloads.wordpress.org/theme/building-architect.1.0.6.zip,"2025-04-05 06:27:01",https://wordpress.org/themes/building-architect/,5.9,5.6
building-renovation,"Building Renovation",1.0.9,1.0.8,https://downloads.wordpress.org/theme/building-renovation.1.0.9.zip,"2025-04-05 06:27:21",https://wordpress.org/themes/building-renovation/,5.9,5.6
business-consulting-agency,"Business Consulting Agency",1.0.6,1.0.5,https://downloads.wordpress.org/theme/business-consulting-agency.1.0.6.zip,"2025-04-05 06:27:41",https://wordpress.org/themes/business-consulting-agency/,5.9,5.6
charity-organization,"Charity Organization",1.0.8,1.0.7,https://downloads.wordpress.org/theme/charity-organization.1.0.8.zip,"2025-04-05 06:27:55",https://wordpress.org/themes/charity-organization/,5.9,5.6
circus-fair,"Circus Fair",2.0.0,1.1.9,https://downloads.wordpress.org/theme/circus-fair.2.0.0.zip,"2025-04-05 06:28:14",https://wordpress.org/themes/circus-fair/,5.9,5.6
digital-services-agency,"Digital Services Agency",3.0.6,3.0.5,https://downloads.wordpress.org/theme/digital-services-agency.3.0.6.zip,"2025-04-05 06:28:33",https://wordpress.org/themes/digital-services-agency/,5.9,5.6
fse-book-store,"FSE Book Store",1.0.8,1.0.7,https://downloads.wordpress.org/theme/fse-book-store.1.0.8.zip,"2025-04-05 06:28:44",https://wordpress.org/themes/fse-book-store/,5.9,5.6
newslight,NewsLight,1.0.1,1.0.0,https://downloads.wordpress.org/theme/newslight.1.0.1.zip,"2025-04-05 06:12:24",https://wordpress.org/themes/newslight/,4.0,5.3
sidenews,SideNews,1.0.5,1.0.4,https://downloads.wordpress.org/theme/sidenews.1.0.5.zip,"2025-04-05 06:06:37",https://wordpress.org/themes/sidenews/,4.0,5.3
cartable,Cartable,12.4,12.3,https://downloads.wordpress.org/theme/cartable.12.4.zip,"2025-04-05 07:17:35",https://wordpress.org/themes/cartable/,4.7,5.6
ideate,Ideate,12.4,12.3,https://downloads.wordpress.org/theme/ideate.12.4.zip,"2025-04-05 07:17:13",https://wordpress.org/themes/ideate/,4.7,5.6
laxity,Laxity,12.4,12.3,https://downloads.wordpress.org/theme/laxity.12.4.zip,"2025-04-05 07:16:44",https://wordpress.org/themes/laxity/,4.7,5.6
magzee,MagZee,14.4,14.3,https://downloads.wordpress.org/theme/magzee.14.4.zip,"2025-04-05 07:16:15",https://wordpress.org/themes/magzee/,4.7,5.6
neek,Neek,12.4,12.3,https://downloads.wordpress.org/theme/neek.12.4.zip,"2025-04-05 07:18:01",https://wordpress.org/themes/neek/,4.7,5.6
bakery-elementor,"Bakery Elementor",0.1.2,0.1.1,https://downloads.wordpress.org/theme/bakery-elementor.0.1.2.zip,"2025-04-05 07:54:27",https://wordpress.org/themes/bakery-elementor/,5.0,5.6
business-networking-conference,"Business Networking Conference",1.3,1.2,https://downloads.wordpress.org/theme/business-networking-conference.1.3.zip,"2025-04-05 07:37:17",https://wordpress.org/themes/business-networking-conference/,,7.0
car-washing-center,"Car Washing Center",0.1.6,0.1.5,https://downloads.wordpress.org/theme/car-washing-center.0.1.6.zip,"2025-04-05 07:54:37",https://wordpress.org/themes/car-washing-center/,5.0,5.6
construction-contractor,"Construction Contractor",0.1.1,0.0.9,https://downloads.wordpress.org/theme/construction-contractor.0.1.1.zip,"2025-04-05 07:54:58",https://wordpress.org/themes/construction-contractor/,5.0,5.6
consultant-agency,"Consultant Agency",0.0.5,0.0.4,https://downloads.wordpress.org/theme/consultant-agency.0.0.5.zip,"2025-04-05 07:54:58",https://wordpress.org/themes/consultant-agency/,5.0,5.6
deltapress,DeltaPress,1.4,1.3,https://downloads.wordpress.org/theme/deltapress.1.4.zip,"2025-04-05 07:43:52",https://wordpress.org/themes/deltapress/,,5.6
designer-boutique-shop,"Designer Boutique Shop",0.1.5,0.1.4,https://downloads.wordpress.org/theme/designer-boutique-shop.0.1.5.zip,"2025-04-05 07:55:25",https://wordpress.org/themes/designer-boutique-shop/,5.0,5.6
designer-dresses,"Designer Dresses",1.5,1.4,https://downloads.wordpress.org/theme/designer-dresses.1.5.zip,"2025-04-05 07:37:27",https://wordpress.org/themes/designer-dresses/,,7.0
ethical-hacking,"Ethical Hacking",0.0.6,0.0.5,https://downloads.wordpress.org/theme/ethical-hacking.0.0.6.zip,"2025-04-05 07:55:34",https://wordpress.org/themes/ethical-hacking/,5.0,5.6
fitness-trainer-elementor,"Fitness Trainer Elementor",0.0.4,0.0.3,https://downloads.wordpress.org/theme/fitness-trainer-elementor.0.0.4.zip,"2025-04-05 08:02:34",https://wordpress.org/themes/fitness-trainer-elementor/,5.0,5.6
house-rental,"House Rental",1.3,1.2,https://downloads.wordpress.org/theme/house-rental.1.3.zip,"2025-04-05 07:37:53",https://wordpress.org/themes/house-rental/,,7.0
nifty-lite,"Nifty Lite",14.3,14.2,https://downloads.wordpress.org/theme/nifty-lite.14.3.zip,"2025-04-05 07:28:26",https://wordpress.org/themes/nifty-lite/,4.7,5.6
ott-tv-shows,"OTT TV Shows",1.5,1.4,https://downloads.wordpress.org/theme/ott-tv-shows.1.5.zip,"2025-04-05 07:38:02",https://wordpress.org/themes/ott-tv-shows/,,7.0
packers-agency,"Packers Agency",1.3,1.2,https://downloads.wordpress.org/theme/packers-agency.1.3.zip,"2025-04-05 07:38:37",https://wordpress.org/themes/packers-agency/,,7.0
rockbiz,RockBiz,12.3,12.2,https://downloads.wordpress.org/theme/rockbiz.12.3.zip,"2025-04-05 07:28:01",https://wordpress.org/themes/rockbiz/,4.7,5.6
scelar,Scelar,12.3,12.2,https://downloads.wordpress.org/theme/scelar.12.3.zip,"2025-04-05 07:27:06",https://wordpress.org/themes/scelar/,4.7,5.6
spyropress,SpyroPress,14.3,14.2,https://downloads.wordpress.org/theme/spyropress.14.3.zip,"2025-04-05 07:26:42",https://wordpress.org/themes/spyropress/,4.7,5.6
webstrap,Webstrap,14.3,14.2,https://downloads.wordpress.org/theme/webstrap.14.3.zip,"2025-04-05 07:29:23",https://wordpress.org/themes/webstrap/,4.7,5.6
mobile-app-launch,"Mobile App Launch",0.2,0.1,https://downloads.wordpress.org/theme/mobile-app-launch.0.2.zip,"2025-04-05 09:17:37",https://wordpress.org/themes/mobile-app-launch/,,7.2
aahana,Aahana,1.0.58,1.0.57,https://downloads.wordpress.org/theme/aahana.1.0.58.zip,"2025-04-05 09:43:17",https://wordpress.org/themes/aahana/,4.7,5.6
arvana,Arvana,1.0.81,1.0.80,https://downloads.wordpress.org/theme/arvana.1.0.81.zip,"2025-04-05 09:42:21",https://wordpress.org/themes/arvana/,4.7,5.6
arvita,Arvita,1.0.3,1.0.2,https://downloads.wordpress.org/theme/arvita.1.0.3.zip,"2025-04-05 09:44:12",https://wordpress.org/themes/arvita/,4.7,5.6
auru,Auru,1.0.78,1.0.77,https://downloads.wordpress.org/theme/auru.1.0.78.zip,"2025-04-05 09:42:49",https://wordpress.org/themes/auru/,4.7,5.6
celexo,Celexo,1.1.24,1.1.23,https://downloads.wordpress.org/theme/celexo.1.1.24.zip,"2025-04-05 09:38:17",https://wordpress.org/themes/celexo/,4.7,5.6
chitvi,Chitvi,1.1.22,1.1.21,https://downloads.wordpress.org/theme/chitvi.1.1.22.zip,"2025-04-05 09:39:10",https://wordpress.org/themes/chitvi/,4.7,5.6
cosmobit,Cosmobit,2.0.36,2.0.35,https://downloads.wordpress.org/theme/cosmobit.2.0.36.zip,"2025-04-05 09:37:40",https://wordpress.org/themes/cosmobit/,4.7,5.6
crombit,Crombit,1.0.32,1.0.31,https://downloads.wordpress.org/theme/crombit.1.0.32.zip,"2025-04-05 09:43:41",https://wordpress.org/themes/crombit/,4.7,5.6
easywiz,EasyWiz,1.1.11,1.1.10,https://downloads.wordpress.org/theme/easywiz.1.1.11.zip,"2025-04-05 09:40:54",https://wordpress.org/themes/easywiz/,4.7,5.6
fastica,Fastica,1.1.16,1.1.15,https://downloads.wordpress.org/theme/fastica.1.1.16.zip,"2025-04-05 09:41:46",https://wordpress.org/themes/fastica/,4.7,5.6
flexora,Flexora,1.1.17,1.1.16,https://downloads.wordpress.org/theme/flexora.1.1.17.zip,"2025-04-05 09:40:02",https://wordpress.org/themes/flexora/,4.7,5.6
lazypress,LazyPress,1.1.10,1.1.9,https://downloads.wordpress.org/theme/lazypress.1.1.10.zip,"2025-04-05 09:41:18",https://wordpress.org/themes/lazypress/,4.7,5.6
lighting-shop,"Lighting Shop",0.1.8,0.1.7,https://downloads.wordpress.org/theme/lighting-shop.0.1.8.zip,"2025-04-05 09:59:48",https://wordpress.org/themes/lighting-shop/,,5.6
lms-education-study,"LMS Education Study",0.1.6,0.1.5,https://downloads.wordpress.org/theme/lms-education-study.0.1.6.zip,"2025-04-05 09:46:28",https://wordpress.org/themes/lms-education-study/,5.0,7.2
moviemaker,Moviemaker,0.0.6,0.0.5,https://downloads.wordpress.org/theme/moviemaker.0.0.6.zip,"2025-04-05 09:46:29",https://wordpress.org/themes/moviemaker/,5.0,7.2
personal-coach-lite,"Personal Coach Lite",0.0.8,0.0.7,https://downloads.wordpress.org/theme/personal-coach-lite.0.0.8.zip,"2025-04-05 09:48:48",https://wordpress.org/themes/personal-coach-lite/,5.0,7.2
pet-accessory-store,"Pet Accessory Store",0.0.6,0.0.5,https://downloads.wordpress.org/theme/pet-accessory-store.0.0.6.zip,"2025-04-05 09:49:08",https://wordpress.org/themes/pet-accessory-store/,5.0,7.2
royal-watch-store,"Royal Watch Store",0.2,0.1.9,https://downloads.wordpress.org/theme/royal-watch-store.0.2.zip,"2025-04-05 10:00:50",https://wordpress.org/themes/royal-watch-store/,,5.6
softalt,SoftAlt,1.0.14,1.0.13,https://downloads.wordpress.org/theme/softalt.1.0.14.zip,"2025-04-05 09:44:46",https://wordpress.org/themes/softalt/,4.7,5.6
thinity,Thinity,1.1.16,1.1.15,https://downloads.wordpress.org/theme/thinity.1.1.16.zip,"2025-04-05 09:40:26",https://wordpress.org/themes/thinity/,4.7,5.6
water-delivery-services,"Water Delivery Services",0.0.6,0.0.5,https://downloads.wordpress.org/theme/water-delivery-services.0.0.6.zip,"2025-04-05 09:49:29",https://wordpress.org/themes/water-delivery-services/,5.0,7.2
colorvibe,ColorVibe,1.0.6,1.0.5,https://downloads.wordpress.org/theme/colorvibe.1.0.6.zip,"2025-04-05 10:49:05",https://wordpress.org/themes/colorvibe/,5.9,5.6
professional-portfolio,"Professional Portfolio",0.3.1,0.3,https://downloads.wordpress.org/theme/professional-portfolio.0.3.1.zip,"2025-04-05 10:49:23",https://wordpress.org/themes/professional-portfolio/,5.0,7.2
scary-halloween,"Scary Halloween",0.2.7,0.2.6,https://downloads.wordpress.org/theme/scary-halloween.0.2.7.zip,"2025-04-05 10:50:05",https://wordpress.org/themes/scary-halloween/,5.0,7.2
seo-agency-lite,"SEO Agency Lite",1.4.8,1.4.7,https://downloads.wordpress.org/theme/seo-agency-lite.1.4.8.zip,"2025-04-05 11:00:19",https://wordpress.org/themes/seo-agency-lite/,5.0,5.6
storefront-ecommerce,"Storefront Ecommerce",0.8.2,0.8.1,https://downloads.wordpress.org/theme/storefront-ecommerce.0.8.2.zip,"2025-04-05 10:49:59",https://wordpress.org/themes/storefront-ecommerce/,5.0,7.2
street-food-truck,"Street Food Truck",0.2.4,0.2.3,https://downloads.wordpress.org/theme/street-food-truck.0.2.4.zip,"2025-04-05 10:51:05",https://wordpress.org/themes/street-food-truck/,5.0,7.2
swimming-pool-cleaning,"Swimming Pool Cleaning",0.6.2,0.6.1,https://downloads.wordpress.org/theme/swimming-pool-cleaning.0.6.2.zip,"2025-04-05 10:50:52",https://wordpress.org/themes/swimming-pool-cleaning/,5.0,7.2
tour-travel-agent,"Tour Travel Agent",0.5.7,0.5.6,https://downloads.wordpress.org/theme/tour-travel-agent.0.5.7.zip,"2025-04-05 11:02:03",https://wordpress.org/themes/tour-travel-agent/,5.0,7.2
township-house-villa,"Township House Villa",0.5.9,0.5.8,https://downloads.wordpress.org/theme/township-house-villa.0.5.9.zip,"2025-04-05 10:51:37",https://wordpress.org/themes/township-house-villa/,5.0,7.2
ultimate-audio-streaming,"Ultimate Audio Streaming",0.5.8,0.5.7,https://downloads.wordpress.org/theme/ultimate-audio-streaming.0.5.8.zip,"2025-04-05 11:00:07",https://wordpress.org/themes/ultimate-audio-streaming/,5.0,7.2
video-streaming,"Video Streaming",0.8.2,0.8.1,https://downloads.wordpress.org/theme/video-streaming.0.8.2.zip,"2025-04-05 10:58:46",https://wordpress.org/themes/video-streaming/,,7.2
vw-bakers,"VW Bakers",0.2.8,0.2.7,https://downloads.wordpress.org/theme/vw-bakers.0.2.8.zip,"2025-04-05 10:51:42",https://wordpress.org/themes/vw-bakers/,5.0,7.2
vw-coaching-institute,"VW Coaching Institute",0.2.7,0.2.6,https://downloads.wordpress.org/theme/vw-coaching-institute.0.2.7.zip,"2025-04-05 10:57:13",https://wordpress.org/themes/vw-coaching-institute/,5.0,7.2
vw-gift-shop,"VW Gift Shop",0.3.9,0.3.8,https://downloads.wordpress.org/theme/vw-gift-shop.0.3.9.zip,"2025-04-05 10:56:02",https://wordpress.org/themes/vw-gift-shop/,5.0,7.2
vw-stock-images,"VW Stock Images",0.2.7,0.2.6,https://downloads.wordpress.org/theme/vw-stock-images.0.2.7.zip,"2025-04-05 10:55:35",https://wordpress.org/themes/vw-stock-images/,5.0,7.2
prespa,Prespa,1.6.3,1.6.2,https://downloads.wordpress.org/theme/prespa.1.6.3.zip,"2025-04-05 15:19:53",https://wordpress.org/themes/prespa/,6.1,5.6
prespa,Prespa,1.6.4,1.6.3,https://downloads.wordpress.org/theme/prespa.1.6.4.zip,"2025-04-05 17:26:44",https://wordpress.org/themes/prespa/,6.1,5.6
highstarter,Highstarter,2.2.4,2.2.3,https://downloads.wordpress.org/theme/highstarter.2.2.4.zip,"2025-04-05 22:16:30",https://wordpress.org/themes/highstarter/,4.4,5.2.4
minimalistflex,MinimalistFlex,1.2,1.1.1,https://downloads.wordpress.org/theme/minimalistflex.1.2.zip,"2025-04-06 04:24:46",https://wordpress.org/themes/minimalistflex/,4.9,5.6
honrix,Honrix,1.3.75,1.3.74,https://downloads.wordpress.org/theme/honrix.1.3.75.zip,"2025-04-06 06:07:09",https://wordpress.org/themes/honrix/,4.7,5.6
icecubo,IceCubo,1.2.3,1.2.2,https://downloads.wordpress.org/theme/icecubo.1.2.3.zip,"2025-04-06 10:36:51",https://wordpress.org/themes/icecubo/,6.1,7.4
maglink,MagLink,1.0.2,1.0.1,https://downloads.wordpress.org/theme/maglink.1.0.2.zip,"2025-04-06 11:55:30",https://wordpress.org/themes/maglink/,5.9,5.6
minicart,MiniCart,1.0,0.9,https://downloads.wordpress.org/theme/minicart.1.0.zip,"2025-04-06 12:47:09",https://wordpress.org/themes/minicart/,4.7,5.6
newsmaster,NewsMaster,1.0.2,1.0.1,https://downloads.wordpress.org/theme/newsmaster.1.0.2.zip,"2025-04-06 11:24:15",https://wordpress.org/themes/newsmaster/,5.9,5.6
shopire,Shopire,1.0.10,1.0.9,https://downloads.wordpress.org/theme/shopire.1.0.10.zip,"2025-04-06 12:46:39",https://wordpress.org/themes/shopire/,4.7,5.6
digital,Digital,3.1,3.0,https://downloads.wordpress.org/theme/digital.3.1.zip,"2025-04-06 16:29:19",https://wordpress.org/themes/digital/,5.0,5.2
nevada-lite,"Nevada Lite",1.0.8,1.0.7,https://downloads.wordpress.org/theme/nevada-lite.1.0.8.zip,"2025-04-06 16:36:16",https://wordpress.org/themes/nevada-lite/,,
flower-shop-elementor,"Flower Shop Elementor",0.1.3,0.1.2,https://downloads.wordpress.org/theme/flower-shop-elementor.0.1.3.zip,"2025-04-07 03:55:55",https://wordpress.org/themes/flower-shop-elementor/,5.0,5.6
machine-repair,"Machine Repair",1.8,1.7,https://downloads.wordpress.org/theme/machine-repair.1.8.zip,"2025-04-07 04:32:18",https://wordpress.org/themes/machine-repair/,5.5,7.2
museum-artifact,"Museum Artifact",0.0.8,0.0.7,https://downloads.wordpress.org/theme/museum-artifact.0.0.8.zip,"2025-04-07 03:56:04",https://wordpress.org/themes/museum-artifact/,5.0,5.6
old-age-home,"Old Age Home",0.1.1,0.0.9,https://downloads.wordpress.org/theme/old-age-home.0.1.1.zip,"2025-04-07 03:56:31",https://wordpress.org/themes/old-age-home/,5.0,5.6
photo-gallery,"Photo Gallery",0.0.5,0.0.4,https://downloads.wordpress.org/theme/photo-gallery.0.0.5.zip,"2025-04-07 03:56:44",https://wordpress.org/themes/photo-gallery/,5.0,5.6
rev-digital-products,"Rev Digital Products",1.7,1.6,https://downloads.wordpress.org/theme/rev-digital-products.1.7.zip,"2025-04-07 04:32:33",https://wordpress.org/themes/rev-digital-products/,5.5,5.6
rev-orphanage,"Rev Orphanage",1.8,1.7,https://downloads.wordpress.org/theme/rev-orphanage.1.8.zip,"2025-04-07 04:32:46",https://wordpress.org/themes/rev-orphanage/,5.5,7.2
security-services-elementor,"Security Services Elementor",0.1.1,0.0.9,https://downloads.wordpress.org/theme/security-services-elementor.0.1.1.zip,"2025-04-07 03:57:07",https://wordpress.org/themes/security-services-elementor/,5.0,5.6
veterinary-shop,"Veterinary Shop",0.0.8,0.0.7,https://downloads.wordpress.org/theme/veterinary-shop.0.0.8.zip,"2025-04-07 03:57:18",https://wordpress.org/themes/veterinary-shop/,5.0,5.6
wildlife-photography,"Wildlife Photography",1.5,1.4,https://downloads.wordpress.org/theme/wildlife-photography.1.5.zip,"2025-04-07 04:33:26",https://wordpress.org/themes/wildlife-photography/,5.5,7.2
zenith-blog,"Zenith Blog",1.0.2,1.0.1,https://downloads.wordpress.org/theme/zenith-blog.1.0.2.zip,"2025-04-07 04:15:33",https://wordpress.org/themes/zenith-blog/,5.0,7.4
bosa-business-agency,"Bosa Business Agency",1.0.0,,https://downloads.wordpress.org/theme/bosa-business-agency.1.0.0.zip,"2025-04-07 04:11:50",https://wordpress.org/themes/bosa-business-agency/,,5.6
pc-gaming,"PC Gaming",1.0,,https://downloads.wordpress.org/theme/pc-gaming.1.0.zip,"2025-04-07 04:11:56",https://wordpress.org/themes/pc-gaming/,5.9,5.6
seo-specialist,"SEO Specialist",1.9,1.8,https://downloads.wordpress.org/theme/seo-specialist.1.9.zip,"2025-04-07 04:33:46",https://wordpress.org/themes/seo-specialist/,5.5,7.2
notomag,NotoMag,1.0.1,,https://downloads.wordpress.org/theme/notomag.1.0.1.zip,"2025-04-07 05:26:49",https://wordpress.org/themes/notomag/,5.9,5.6
outdoor-adventure,"Outdoor Adventure",1.0.0,,https://downloads.wordpress.org/theme/outdoor-adventure.1.0.0.zip,"2025-04-07 04:56:51",https://wordpress.org/themes/outdoor-adventure/,5.3,5.6
radiant-home-decor,"Radiant Home Decor",1.0,,https://downloads.wordpress.org/theme/radiant-home-decor.1.0.zip,"2025-04-07 04:56:55",https://wordpress.org/themes/radiant-home-decor/,6.0,7.2
digital-marketing-freelancer,"Digital Marketing Freelancer",1.2,1.1,https://downloads.wordpress.org/theme/digital-marketing-freelancer.1.2.zip,"2025-04-07 05:37:19",https://wordpress.org/themes/digital-marketing-freelancer/,,5.6
divine-word,"Divine Word",1.4,1.3,https://downloads.wordpress.org/theme/divine-word.1.4.zip,"2025-04-07 05:40:34",https://wordpress.org/themes/divine-word/,,5.6
exotic-plant-store,"Exotic Plant Store",1.3,1.2,https://downloads.wordpress.org/theme/exotic-plant-store.1.3.zip,"2025-04-07 05:42:09",https://wordpress.org/themes/exotic-plant-store/,,5.6
fitness-cardio,"Fitness Cardio",1.3,1.2,https://downloads.wordpress.org/theme/fitness-cardio.1.3.zip,"2025-04-07 05:43:47",https://wordpress.org/themes/fitness-cardio/,,5.6
holy-word,"Holy Word",1.4,1.3,https://downloads.wordpress.org/theme/holy-word.1.4.zip,"2025-04-07 05:44:39",https://wordpress.org/themes/holy-word/,,5.6
notomag,NotoMag,1.0.2,1.0.1,https://downloads.wordpress.org/theme/notomag.1.0.2.zip,"2025-04-07 06:26:01",https://wordpress.org/themes/notomag/,5.9,5.6
soul-anchor,"Soul Anchor",1.4,1.3,https://downloads.wordpress.org/theme/soul-anchor.1.4.zip,"2025-04-07 05:45:16",https://wordpress.org/themes/soul-anchor/,,5.6
travel-cart,"Travel Cart",1.3,1.2,https://downloads.wordpress.org/theme/travel-cart.1.3.zip,"2025-04-07 05:46:41",https://wordpress.org/themes/travel-cart/,,5.6
chartered-accountant,"Chartered Accountant",0.1,,https://downloads.wordpress.org/theme/chartered-accountant.0.1.zip,"2025-04-07 05:56:50",https://wordpress.org/themes/chartered-accountant/,5.0,7.2
beauty-cosmetic-shop,"Beauty Cosmetic Shop",1.1.3,1.1.2,https://downloads.wordpress.org/theme/beauty-cosmetic-shop.1.1.3.zip,"2025-04-07 07:22:34",https://wordpress.org/themes/beauty-cosmetic-shop/,5.6,7.2
bookstore-exhibition,"Bookstore Exhibition",2.0.7,2.0.6,https://downloads.wordpress.org/theme/bookstore-exhibition.2.0.7.zip,"2025-04-07 07:22:44",https://wordpress.org/themes/bookstore-exhibition/,5.6,7.2
medical-clinic-center,"Medical Clinic Center",2.0.1,2.0,https://downloads.wordpress.org/theme/medical-clinic-center.2.0.1.zip,"2025-04-07 07:23:02",https://wordpress.org/themes/medical-clinic-center/,5.6,7.2
photographer-magazine,"Photographer Magazine",1.7,1.6,https://downloads.wordpress.org/theme/photographer-magazine.1.7.zip,"2025-04-07 07:23:11",https://wordpress.org/themes/photographer-magazine/,5.6,7.2
school-education,"School Education",1.1.2,1.1.1,https://downloads.wordpress.org/theme/school-education.1.1.2.zip,"2025-04-07 07:23:33",https://wordpress.org/themes/school-education/,5.6,7.2
software-it-company,"Software IT Company",1.1.2,1.1.1,https://downloads.wordpress.org/theme/software-it-company.1.1.2.zip,"2025-04-07 07:23:46",https://wordpress.org/themes/software-it-company/,5.6,7.2
th-shop-mania,"Th Shop Mania",1.5.10,1.5.9,https://downloads.wordpress.org/theme/th-shop-mania.1.5.10.zip,"2025-04-07 07:05:07",https://wordpress.org/themes/th-shop-mania/,5.5,5.6
bold-photography-blocks,"Bold Photography Blocks",1.1,1.0.5,https://downloads.wordpress.org/theme/bold-photography-blocks.1.1.zip,"2025-04-07 08:09:47",https://wordpress.org/themes/bold-photography-blocks/,5.9,5.6
golf-course,"Golf Course",1.4,1.3,https://downloads.wordpress.org/theme/golf-course.1.4.zip,"2025-04-07 07:38:24",https://wordpress.org/themes/golf-course/,5.0,5.6
home-reconstruction,"Home Reconstruction",4.4,4.3,https://downloads.wordpress.org/theme/home-reconstruction.4.4.zip,"2025-04-07 07:38:26",https://wordpress.org/themes/home-reconstruction/,5.0,5.6
mechanical-industry,"Mechanical Industry",2.1,2.0,https://downloads.wordpress.org/theme/mechanical-industry.2.1.zip,"2025-04-07 07:38:41",https://wordpress.org/themes/mechanical-industry/,5.0,5.6
painting-contractor,"Painting Contractor",4.2,4.1,https://downloads.wordpress.org/theme/painting-contractor.4.2.zip,"2025-04-07 07:38:55",https://wordpress.org/themes/painting-contractor/,5.0,5.6
property-builder,"Property Builder",0.8,0.7,https://downloads.wordpress.org/theme/property-builder.0.8.zip,"2025-04-07 07:39:25",https://wordpress.org/themes/property-builder/,5.0,5.6
roofing-contractor,"Roofing Contractor",4.2,4.1,https://downloads.wordpress.org/theme/roofing-contractor.4.2.zip,"2025-04-07 07:39:11",https://wordpress.org/themes/roofing-contractor/,5.0,5.6
welding-workshop,"Welding Workshop",1.9,1.8,https://downloads.wordpress.org/theme/welding-workshop.1.9.zip,"2025-04-07 07:39:42",https://wordpress.org/themes/welding-workshop/,5.0,5.6
wens-healthy-plates,"WENS Healthy Plates",1.0.0,,https://downloads.wordpress.org/theme/wens-healthy-plates.1.0.0.zip,"2025-04-07 07:56:48",https://wordpress.org/themes/wens-healthy-plates/,6.0,7.4
architect-contractor,"Architect Contractor",1.2.4,1.2.3,https://downloads.wordpress.org/theme/architect-contractor.1.2.4.zip,"2025-04-07 09:18:28",https://wordpress.org/themes/architect-contractor/,5.3,7.2
architect-designer,"Architect Designer",1.1.4,1.1.3,https://downloads.wordpress.org/theme/architect-designer.1.1.4.zip,"2025-04-07 08:42:11",https://wordpress.org/themes/architect-designer/,6.0,7.2
books-library,"Books Library",1.0.5,1.0.4,https://downloads.wordpress.org/theme/books-library.1.0.5.zip,"2025-04-07 08:42:24",https://wordpress.org/themes/books-library/,6.0,7.2
carpenter-shop,"Carpenter Shop",1.1.4,1.1.3,https://downloads.wordpress.org/theme/carpenter-shop.1.1.4.zip,"2025-04-07 09:18:35",https://wordpress.org/themes/carpenter-shop/,5.3,5.6
charity-nonprofit,"Charity Nonprofit",1.0.2,1.0.1,https://downloads.wordpress.org/theme/charity-nonprofit.1.0.2.zip,"2025-04-07 09:19:09",https://wordpress.org/themes/charity-nonprofit/,5.5,7.2
education-reform,"Education Reform",1.2.5,1.2.4,https://downloads.wordpress.org/theme/education-reform.1.2.5.zip,"2025-04-07 09:19:39",https://wordpress.org/themes/education-reform/,5.3,7.2
illustrator-designer,"Illustrator Designer",1.0.2,1.0.1,https://downloads.wordpress.org/theme/illustrator-designer.1.0.2.zip,"2025-04-07 08:42:51",https://wordpress.org/themes/illustrator-designer/,6.0,7.2
landscape-designer,"Landscape Designer",1.0.2,1.0.1,https://downloads.wordpress.org/theme/landscape-designer.1.0.2.zip,"2025-04-07 08:43:23",https://wordpress.org/themes/landscape-designer/,6.0,7.2
medical-care-unit,"Medical Care Unit",1.2.6,1.2.5,https://downloads.wordpress.org/theme/medical-care-unit.1.2.6.zip,"2025-04-07 09:19:49",https://wordpress.org/themes/medical-care-unit/,5.3,7.2
news-digest,"News Digest",3.1,3.0,https://downloads.wordpress.org/theme/news-digest.3.1.zip,"2025-04-07 08:50:04",https://wordpress.org/themes/news-digest/,,5.6
newsexo,NewsExo,4.3,4.2,https://downloads.wordpress.org/theme/newsexo.4.3.zip,"2025-04-07 08:49:38",https://wordpress.org/themes/newsexo/,,5.6
newsio,Newsio,3.6,3.5,https://downloads.wordpress.org/theme/newsio.3.6.zip,"2025-04-07 08:50:38",https://wordpress.org/themes/newsio/,,5.6
nivaro,Nivaro,1.0.4,1.0.3,https://downloads.wordpress.org/theme/nivaro.1.0.4.zip,"2025-04-07 09:00:47",https://wordpress.org/themes/nivaro/,5.8,7.0
omega-blogger,"Omega Blogger",1.1.6,1.1.5,https://downloads.wordpress.org/theme/omega-blogger.1.1.6.zip,"2025-04-07 09:20:59",https://wordpress.org/themes/omega-blogger/,5.3,7.2
omega-food-delivery,"Omega Food Delivery",1.0.4,1.0.3,https://downloads.wordpress.org/theme/omega-food-delivery.1.0.4.zip,"2025-04-07 09:21:57",https://wordpress.org/themes/omega-food-delivery/,5.3,7.2
omega-hair-salon,"Omega Hair Salon",1.1.6,1.1.5,https://downloads.wordpress.org/theme/omega-hair-salon.1.1.6.zip,"2025-04-07 09:22:11",https://wordpress.org/themes/omega-hair-salon/,5.3,7.2
provo-news,"Provo News",1.5,1.4,https://downloads.wordpress.org/theme/provo-news.1.5.zip,"2025-04-07 08:51:07",https://wordpress.org/themes/provo-news/,,5.6
skincare-product-store,"Skincare Product Store",1.0.3,1.0.2,https://downloads.wordpress.org/theme/skincare-product-store.1.0.3.zip,"2025-04-07 08:44:08",https://wordpress.org/themes/skincare-product-store/,6.0,7.2
wedding-planner-blocks,"Wedding Planner Blocks",1.0.3,1.0.2,https://downloads.wordpress.org/theme/wedding-planner-blocks.1.0.3.zip,"2025-04-07 08:43:32",https://wordpress.org/themes/wedding-planner-blocks/,6.0,7.2
crockery-store,"Crockery Store",0.1,,https://downloads.wordpress.org/theme/crockery-store.0.1.zip,"2025-04-07 08:56:48",https://wordpress.org/themes/crockery-store/,5.0,5.6
shadowwave,ShadowWave,1.0.0,,https://downloads.wordpress.org/theme/shadowwave.1.0.0.zip,"2025-04-07 08:41:50",https://wordpress.org/themes/shadowwave/,5.0,7.2
affiliate-store,"Affiliate Store",0.2,0.1.9,https://downloads.wordpress.org/theme/affiliate-store.0.2.zip,"2025-04-07 10:11:20",https://wordpress.org/themes/affiliate-store/,5.0,5.6
apartment-rental-services,"Apartment Rental Services",0.2,0.1.9,https://downloads.wordpress.org/theme/apartment-rental-services.0.2.zip,"2025-04-07 10:11:31",https://wordpress.org/themes/apartment-rental-services/,5.0,5.6
avira,Avira,14.5,14.4,https://downloads.wordpress.org/theme/avira.14.5.zip,"2025-04-07 09:35:24",https://wordpress.org/themes/avira/,4.7,5.6
benzer,Benzer,14.5,14.4,https://downloads.wordpress.org/theme/benzer.14.5.zip,"2025-04-07 09:34:59",https://wordpress.org/themes/benzer/,4.7,5.6
classic-artificial-intelligence,"Classic Artificial Intelligence",0.2.2,0.2.1,https://downloads.wordpress.org/theme/classic-artificial-intelligence.0.2.2.zip,"2025-04-07 10:11:32",https://wordpress.org/themes/classic-artificial-intelligence/,5.0,5.6
classic-dentist-clinic,"Classic Dentist Clinic",0.2.3,0.2.2,https://downloads.wordpress.org/theme/classic-dentist-clinic.0.2.3.zip,"2025-04-07 10:11:48",https://wordpress.org/themes/classic-dentist-clinic/,5.0,5.6
classic-fashion-blog,"Classic Fashion Blog",0.2.3,0.2.2,https://downloads.wordpress.org/theme/classic-fashion-blog.0.2.3.zip,"2025-04-07 10:12:17",https://wordpress.org/themes/classic-fashion-blog/,5.0,5.6
classic-gaming,"Classic Gaming",0.1.4,0.1.3,https://downloads.wordpress.org/theme/classic-gaming.0.1.4.zip,"2025-04-07 10:10:42",https://wordpress.org/themes/classic-gaming/,5.0,5.6
classic-law-firm,"Classic Law Firm",0.1.7,0.1.6,https://downloads.wordpress.org/theme/classic-law-firm.0.1.7.zip,"2025-04-07 10:12:28",https://wordpress.org/themes/classic-law-firm/,5.0,5.6
classic-marketing-agency,"Classic Marketing Agency",0.2.2,0.2.1,https://downloads.wordpress.org/theme/classic-marketing-agency.0.2.2.zip,"2025-04-07 10:12:29",https://wordpress.org/themes/classic-marketing-agency/,5.0,5.6
deltapress,DeltaPress,1.5,1.4,https://downloads.wordpress.org/theme/deltapress.1.5.zip,"2025-04-07 09:36:28",https://wordpress.org/themes/deltapress/,,5.6
envitech,Envitech,6.0,5.9,https://downloads.wordpress.org/theme/envitech.6.0.zip,"2025-04-07 09:34:31",https://wordpress.org/themes/envitech/,,7.0
exnova,Exnova,3.8,3.7,https://downloads.wordpress.org/theme/exnova.3.8.zip,"2025-04-07 09:34:02",https://wordpress.org/themes/exnova/,4.7,5.6
fabify,Fabify,14.5,14.4,https://downloads.wordpress.org/theme/fabify.14.5.zip,"2025-04-07 09:33:23",https://wordpress.org/themes/fabify/,4.7,5.6
scolax,Scolax,13.6,13.5,https://downloads.wordpress.org/theme/scolax.13.6.zip,"2025-04-07 09:32:59",https://wordpress.org/themes/scolax/,4.7,5.6
shipping-company,"Shipping Company",0.1.2,0.1.1,https://downloads.wordpress.org/theme/shipping-company.0.1.2.zip,"2025-04-07 10:11:03",https://wordpress.org/themes/shipping-company/,5.0,5.6
specia,Specia,15.0,14.9,https://downloads.wordpress.org/theme/specia.15.0.zip,"2025-04-07 09:35:53",https://wordpress.org/themes/specia/,4.7,5.6
fse-band-artist,"FSE Band Artist",1.0.0,,https://downloads.wordpress.org/theme/fse-band-artist.1.0.0.zip,"2025-04-07 09:41:50",https://wordpress.org/themes/fse-band-artist/,5.9,5.6
mavix-construction,"Mavix Construction",1.0,,https://downloads.wordpress.org/theme/mavix-construction.1.0.zip,"2025-04-07 10:11:49",https://wordpress.org/themes/mavix-construction/,5.1,5.6
newsblogger,NewsBlogger,0.2.5.2,0.2.5.1,https://downloads.wordpress.org/theme/newsblogger.0.2.5.2.zip,"2025-04-07 10:54:03",https://wordpress.org/themes/newsblogger/,4.5,5.6
newscrunch,Newscrunch,1.8.4.3,1.8.4.2,https://downloads.wordpress.org/theme/newscrunch.1.8.4.3.zip,"2025-04-07 10:53:31",https://wordpress.org/themes/newscrunch/,4.5,5.6
author-book-writer,"Author Book Writer",2.1,2.0,https://downloads.wordpress.org/theme/author-book-writer.2.1.zip,"2025-04-07 12:27:11",https://wordpress.org/themes/author-book-writer/,6.1,5.6
book-publisher-agency,"Book Publisher Agency",0.3.1,0.3,https://downloads.wordpress.org/theme/book-publisher-agency.0.3.1.zip,"2025-04-07 12:55:34",https://wordpress.org/themes/book-publisher-agency/,5.0,7.2
healthcare-clinic,"Healthcare Clinic",5.0,4.4,https://downloads.wordpress.org/theme/healthcare-clinic.5.0.zip,"2025-04-07 12:27:49",https://wordpress.org/themes/healthcare-clinic/,5.0,5.6
kids-learning-toys,"Kids Learning Toys",1.7,1.6,https://downloads.wordpress.org/theme/kids-learning-toys.1.7.zip,"2025-04-07 12:25:28",https://wordpress.org/themes/kids-learning-toys/,6.1,5.6
medical-care,"Medical Care",10.0,9.0,https://downloads.wordpress.org/theme/medical-care.10.0.zip,"2025-04-07 12:26:30",https://wordpress.org/themes/medical-care/,5.0,5.6
meditation,Meditation,1.1.8,1.1.7,https://downloads.wordpress.org/theme/meditation.1.1.8.zip,"2025-04-07 12:31:16",https://wordpress.org/themes/meditation/,,
news-magazine-x,"News Magazine X",1.1.8,1.1.7,https://downloads.wordpress.org/theme/news-magazine-x.1.1.8.zip,"2025-04-07 11:38:24",https://wordpress.org/themes/news-magazine-x/,4.7,7.4
online-magazine,"Online Magazine",1.2,1.1,https://downloads.wordpress.org/theme/online-magazine.1.2.zip,"2025-04-07 12:24:27",https://wordpress.org/themes/online-magazine/,6.1,5.6
ovation-blog,"Ovation Blog",8.0,7.6,https://downloads.wordpress.org/theme/ovation-blog.8.0.zip,"2025-04-07 12:20:28",https://wordpress.org/themes/ovation-blog/,5.0,5.6
ovation-bookstore,"Ovation Bookstore",1.7,1.6,https://downloads.wordpress.org/theme/ovation-bookstore.1.7.zip,"2025-04-07 11:39:46",https://wordpress.org/themes/ovation-bookstore/,6.1,5.6
real-estate-deals,"Real Estate Deals",1.9,1.8,https://downloads.wordpress.org/theme/real-estate-deals.1.9.zip,"2025-04-07 11:39:09",https://wordpress.org/themes/real-estate-deals/,6.1,5.6
skating-routines,"Skating Routines",1.8,1.7,https://downloads.wordpress.org/theme/skating-routines.1.8.zip,"2025-04-07 11:38:36",https://wordpress.org/themes/skating-routines/,6.1,5.6
solar-power-energy,"Solar Power Energy",1.7,1.6,https://downloads.wordpress.org/theme/solar-power-energy.1.7.zip,"2025-04-07 11:37:53",https://wordpress.org/themes/solar-power-energy/,6.1,5.6
babysitting-day-care,"Babysitting Day Care",0.9.5,0.9.4,https://downloads.wordpress.org/theme/babysitting-day-care.0.9.5.zip,"2025-04-07 12:57:22",https://wordpress.org/themes/babysitting-day-care/,5.0,7.2
business-card-resume,"Business Card Resume",0.5.4,0.5.3,https://downloads.wordpress.org/theme/business-card-resume.0.5.4.zip,"2025-04-07 12:57:57",https://wordpress.org/themes/business-card-resume/,5.0,7.2
car-repair-mechanic,"Car Repair Mechanic",0.6,0.5.9,https://downloads.wordpress.org/theme/car-repair-mechanic.0.6.zip,"2025-04-07 12:58:58",https://wordpress.org/themes/car-repair-mechanic/,5.0,7.4
forest-jungle-safari,"Forest Jungle Safari",0.2.4,0.2.3,https://downloads.wordpress.org/theme/forest-jungle-safari.0.2.4.zip,"2025-04-07 13:01:56",https://wordpress.org/themes/forest-jungle-safari/,5.0,7.2
grocery-ecommerce,"Grocery Ecommerce",0.7.3,0.7.2,https://downloads.wordpress.org/theme/grocery-ecommerce.0.7.3.zip,"2025-04-07 12:59:45",https://wordpress.org/themes/grocery-ecommerce/,5.0,7.2
home-shifting-services,"Home Shifting Services",1.1,1.0,https://downloads.wordpress.org/theme/home-shifting-services.1.1.zip,"2025-04-07 13:30:30",https://wordpress.org/themes/home-shifting-services/,5.5,5.6
industrial-manufacturing,"Industrial Manufacturing",0.6.1,0.6.0,https://downloads.wordpress.org/theme/industrial-manufacturing.0.6.1.zip,"2025-04-07 13:00:39",https://wordpress.org/themes/industrial-manufacturing/,5.0,7.2
medical-doctor,"Medical Doctor",0.8.3,0.8.2,https://downloads.wordpress.org/theme/medical-doctor.0.8.3.zip,"2025-04-07 13:01:25",https://wordpress.org/themes/medical-doctor/,5.0,7.2
pest-control-treatment,"Pest Control Treatment",0.2.8,0.2.7,https://downloads.wordpress.org/theme/pest-control-treatment.0.2.8.zip,"2025-04-07 13:00:59",https://wordpress.org/themes/pest-control-treatment/,5.0,7.2
reseller-store,"Reseller Store",0.2.6,0.2.5,https://downloads.wordpress.org/theme/reseller-store.0.2.6.zip,"2025-04-07 13:00:11",https://wordpress.org/themes/reseller-store/,5.0,7.2
vw-business-lounge,"VW Business Lounge",0.3.2,0.3.1,https://downloads.wordpress.org/theme/vw-business-lounge.0.3.2.zip,"2025-04-07 12:59:00",https://wordpress.org/themes/vw-business-lounge/,5.0,7.2
vw-hosting-services,"VW Hosting Services",0.4,0.3.9,https://downloads.wordpress.org/theme/vw-hosting-services.0.4.zip,"2025-04-07 12:58:00",https://wordpress.org/themes/vw-hosting-services/,5.0,7.2
vw-tourism,"VW Tourism",0.2.2,0.2.1,https://downloads.wordpress.org/theme/vw-tourism.0.2.2.zip,"2025-04-07 12:57:27",https://wordpress.org/themes/vw-tourism/,5.0,7.2
commercial-automation-services,"Commercial Automation Services",0.2.2,0.2.1,https://downloads.wordpress.org/theme/commercial-automation-services.0.2.2.zip,"2025-04-07 13:50:22",https://wordpress.org/themes/commercial-automation-services/,5.0,7.2
courier-services,"Courier Services",0.2.8,0.2.7,https://downloads.wordpress.org/theme/courier-services.0.2.8.zip,"2025-04-07 13:44:24",https://wordpress.org/themes/courier-services/,5.0,7.2
cricket-league,"Cricket League",0.2.9,0.2.8,https://downloads.wordpress.org/theme/cricket-league.0.2.9.zip,"2025-04-07 13:42:49",https://wordpress.org/themes/cricket-league/,5.0,7.2
factory-lite,"Factory Lite",1.1.8,1.1.7,https://downloads.wordpress.org/theme/factory-lite.1.1.8.zip,"2025-04-07 13:41:55",https://wordpress.org/themes/factory-lite/,5.0,7.2
modern-blogger,"Modern Blogger",0.5.6,0.5.5,https://downloads.wordpress.org/theme/modern-blogger.0.5.6.zip,"2025-04-07 13:42:03",https://wordpress.org/themes/modern-blogger/,5.0,7.4
multipurpose-portfolio,"Multipurpose Portfolio",1.1.3,1.1.2,https://downloads.wordpress.org/theme/multipurpose-portfolio.1.1.3.zip,"2025-04-07 13:42:48",https://wordpress.org/themes/multipurpose-portfolio/,5.0,7.2
muzeum,Muzeum,1.2.2,1.2.1,https://downloads.wordpress.org/theme/muzeum.1.2.2.zip,"2025-04-07 14:03:12",https://wordpress.org/themes/muzeum/,4.7,5.6
accron,Accron,1.8.1,1.8.0,https://downloads.wordpress.org/theme/accron.1.8.1.zip,"2025-04-07 14:43:45",https://wordpress.org/themes/accron/,4.7,5.6
appointo,Appointo,12.5,12.4,https://downloads.wordpress.org/theme/appointo.12.5.zip,"2025-04-07 14:37:14",https://wordpress.org/themes/appointo/,4.7,5.6
avril,Avril,13.3,13.2,https://downloads.wordpress.org/theme/avril.13.3.zip,"2025-04-07 14:42:41",https://wordpress.org/themes/avril/,4.7,5.6
colorflow,ColorFlow,1.3,1.2,https://downloads.wordpress.org/theme/colorflow.1.3.zip,"2025-04-07 14:46:51",https://wordpress.org/themes/colorflow/,4.7,5.6
colorpress,ColorPress,12.9,12.8,https://downloads.wordpress.org/theme/colorpress.12.9.zip,"2025-04-07 14:42:18",https://wordpress.org/themes/colorpress/,4.7,5.6
conceptly,Conceptly,13.9,13.8,https://downloads.wordpress.org/theme/conceptly.13.9.zip,"2025-04-07 14:41:58",https://wordpress.org/themes/conceptly/,4.7,5.6
corpex,Corpex,6.8,6.7,https://downloads.wordpress.org/theme/corpex.6.8.zip,"2025-04-07 14:35:39",https://wordpress.org/themes/corpex/,4.7,5.6
eduvert,Eduvert,13.0,12.9,https://downloads.wordpress.org/theme/eduvert.13.0.zip,"2025-04-07 14:40:28",https://wordpress.org/themes/eduvert/,4.7,5.6
equestrian-center,"Equestrian Center",0.1.8,0.1.7,https://downloads.wordpress.org/theme/equestrian-center.0.1.8.zip,"2025-04-07 14:51:14",https://wordpress.org/themes/equestrian-center/,,5.6
flavita,Flavita,13.0,12.9,https://downloads.wordpress.org/theme/flavita.13.0.zip,"2025-04-07 14:41:29",https://wordpress.org/themes/flavita/,4.7,5.6
gradiant,Gradiant,13.6,13.5,https://downloads.wordpress.org/theme/gradiant.13.6.zip,"2025-04-07 14:40:59",https://wordpress.org/themes/gradiant/,4.7,5.6
gradiantx,GradiantX,1.2,1.1,https://downloads.wordpress.org/theme/gradiantx.1.2.zip,"2025-04-07 14:46:24",https://wordpress.org/themes/gradiantx/,4.7,5.6
hantus,Hantus,14.0,13.9,https://downloads.wordpress.org/theme/hantus.14.0.zip,"2025-04-07 14:39:59",https://wordpress.org/themes/hantus/,4.7,5.6
healthy-fitness-gym,"Healthy Fitness Gym",0.1.7,0.1.6,https://downloads.wordpress.org/theme/healthy-fitness-gym.0.1.7.zip,"2025-04-07 14:52:09",https://wordpress.org/themes/healthy-fitness-gym/,,5.6
medazin,Medazin,10.7,10.6,https://downloads.wordpress.org/theme/medazin.10.7.zip,"2025-04-07 14:39:24",https://wordpress.org/themes/medazin/,4.7,5.6
nexcraft-bpo,"Nexcraft BPO",2.9,2.8,https://downloads.wordpress.org/theme/nexcraft-bpo.2.9.zip,"2025-04-07 14:44:49",https://wordpress.org/themes/nexcraft-bpo/,,5.6
nexcraft,NexCraft,4.9,4.8,https://downloads.wordpress.org/theme/nexcraft.4.9.zip,"2025-04-07 14:45:53",https://wordpress.org/themes/nexcraft/,4.7,5.6
shadiant,Shadiant,0.8,0.7,https://downloads.wordpress.org/theme/shadiant.0.8.zip,"2025-04-07 14:47:26",https://wordpress.org/themes/shadiant/,4.7,5.6
startkit,StartKit,15.2,15.1,https://downloads.wordpress.org/theme/startkit.15.2.zip,"2025-04-07 14:38:26",https://wordpress.org/themes/startkit/,4.7,5.6
villapress,VillaPress,4.3,4.2,https://downloads.wordpress.org/theme/villapress.4.3.zip,"2025-04-07 14:37:43",https://wordpress.org/themes/villapress/,,7.0
storess,Storess,18.1,18.0,https://downloads.wordpress.org/theme/storess.18.1.zip,"2025-04-07 17:29:21",https://wordpress.org/themes/storess/,4.7,5.6
storezia,Storezia,18.2,18.1,https://downloads.wordpress.org/theme/storezia.18.2.zip,"2025-04-07 17:28:12",https://wordpress.org/themes/storezia/,4.7,5.6
archline,Archline,1.3,1.2,https://downloads.wordpress.org/theme/archline.1.3.zip,"2025-04-07 18:17:25",https://wordpress.org/themes/archline/,6.7,5.7
aromatic,Aromatic,18.8,18.7,https://downloads.wordpress.org/theme/aromatic.18.8.zip,"2025-04-07 17:35:23",https://wordpress.org/themes/aromatic/,4.7,5.6
ayroma,Ayroma,18.2,18.1,https://downloads.wordpress.org/theme/ayroma.18.2.zip,"2025-04-07 17:34:55",https://wordpress.org/themes/ayroma/,4.7,5.6
express-store,"Express Store",14.3,14.2,https://downloads.wordpress.org/theme/express-store.14.3.zip,"2025-04-07 17:33:21",https://wordpress.org/themes/express-store/,,5.6
feauty,Feauty,18.1,18.0,https://downloads.wordpress.org/theme/feauty.18.1.zip,"2025-04-07 17:32:34",https://wordpress.org/themes/feauty/,4.7,5.6
flexi-mart,"Flexi Mart",5.3,5.2,https://downloads.wordpress.org/theme/flexi-mart.5.3.zip,"2025-04-07 17:31:58",https://wordpress.org/themes/flexi-mart/,,5.6
flossy,Flossy,10.6,10.5,https://downloads.wordpress.org/theme/flossy.10.6.zip,"2025-04-07 17:37:22",https://wordpress.org/themes/flossy/,4.7,5.6
flow-store,"Flow Store",6.4,6.3,https://downloads.wordpress.org/theme/flow-store.6.4.zip,"2025-04-07 17:36:43",https://wordpress.org/themes/flow-store/,,5.6
paw-bazaar,"Paw Bazaar",1.9,1.8,https://downloads.wordpress.org/theme/paw-bazaar.1.9.zip,"2025-04-07 17:38:26",https://wordpress.org/themes/paw-bazaar/,,5.6
pet-bazaar,"Pet Bazaar",2.6,2.5,https://downloads.wordpress.org/theme/pet-bazaar.2.6.zip,"2025-04-07 17:37:49",https://wordpress.org/themes/pet-bazaar/,4.7,5.6
pet-store,"Pet Store",1.5,1.4,https://downloads.wordpress.org/theme/pet-store.1.5.zip,"2025-04-07 17:38:46",https://wordpress.org/themes/pet-store/,,5.6
retailsy,Retailsy,18.1,18.0,https://downloads.wordpress.org/theme/retailsy.18.1.zip,"2025-04-07 17:36:19",https://wordpress.org/themes/retailsy/,4.7,5.6
shopient,Shopient,18.1,18.0,https://downloads.wordpress.org/theme/shopient.18.1.zip,"2025-04-07 17:31:26",https://wordpress.org/themes/shopient/,4.7,5.6
shopiva,Shopiva,18.1,18.0,https://downloads.wordpress.org/theme/shopiva.18.1.zip,"2025-04-07 17:31:08",https://wordpress.org/themes/shopiva/,4.7,5.6
shoply,Shoply,18.2,18.1,https://downloads.wordpress.org/theme/shoply.18.2.zip,"2025-04-07 17:30:33",https://wordpress.org/themes/shoply/,4.7,5.6
storefit,Storefit,12.8,12.7,https://downloads.wordpress.org/theme/storefit.12.8.zip,"2025-04-07 17:35:51",https://wordpress.org/themes/storefit/,,5.6
storely,Storely,18.6,18.5,https://downloads.wordpress.org/theme/storely.18.6.zip,"2025-04-07 17:30:11",https://wordpress.org/themes/storely/,4.7,5.6
cleaning-specialist,"Cleaning Specialist",1.0,,https://downloads.wordpress.org/theme/cleaning-specialist.1.0.zip,"2025-04-08 02:56:51",https://wordpress.org/themes/cleaning-specialist/,5.5,5.6
business-assistant,"Business Assistant",2.7,2.6,https://downloads.wordpress.org/theme/business-assistant.2.7.zip,"2025-04-08 03:57:55",https://wordpress.org/themes/business-assistant/,5.0,7.2
cloth-rental-shop,"Cloth Rental Shop",2.4,2.3,https://downloads.wordpress.org/theme/cloth-rental-shop.2.4.zip,"2025-04-08 03:57:58",https://wordpress.org/themes/cloth-rental-shop/,5.0,7.2
digital-advertising-agency,"Digital Advertising Agency",2.4,2.3,https://downloads.wordpress.org/theme/digital-advertising-agency.2.4.zip,"2025-04-08 03:58:38",https://wordpress.org/themes/digital-advertising-agency/,5.0,7.2
event-planning-management,"Event Planning Management",2.4,2.3,https://downloads.wordpress.org/theme/event-planning-management.2.4.zip,"2025-04-08 03:59:05",https://wordpress.org/themes/event-planning-management/,5.0,7.2
misbah-lighting,"Misbah Lighting",2.3,2.2,https://downloads.wordpress.org/theme/misbah-lighting.2.3.zip,"2025-04-08 04:07:53",https://wordpress.org/themes/misbah-lighting/,5.0,7.2
misbah-one-page,"Misbah One Page",2.7,2.6,https://downloads.wordpress.org/theme/misbah-one-page.2.7.zip,"2025-04-08 04:07:56",https://wordpress.org/themes/misbah-one-page/,,7.2
watch-collection,"Watch Collection",2.5,2.4,https://downloads.wordpress.org/theme/watch-collection.2.5.zip,"2025-04-08 04:08:31",https://wordpress.org/themes/watch-collection/,5.0,7.2
astra,Astra,4.9.2,4.9.1,https://downloads.wordpress.org/theme/astra.4.9.2.zip,"2025-04-08 06:18:39",https://wordpress.org/themes/astra/,5.3,5.3
auto-car-repair,"Auto Car Repair",0.1.9,0.1.8,https://downloads.wordpress.org/theme/auto-car-repair.0.1.9.zip,"2025-04-08 06:38:17",https://wordpress.org/themes/auto-car-repair/,5.0,5.6
books-printing,"Books Printing",0.3,0.2.9,https://downloads.wordpress.org/theme/books-printing.0.3.zip,"2025-04-08 06:38:02",https://wordpress.org/themes/books-printing/,5.0,5.6
coming-soon-shortly,"Coming Soon Shortly",0.1.8,0.1.7,https://downloads.wordpress.org/theme/coming-soon-shortly.0.1.8.zip,"2025-04-08 06:38:38",https://wordpress.org/themes/coming-soon-shortly/,5.0,5.6
total,Total,2.1.88,2.1.87,https://downloads.wordpress.org/theme/total.2.1.88.zip,"2025-04-08 06:38:38",https://wordpress.org/themes/total/,,7.4
cricket-tournament,"Cricket Tournament",1.2,1.1.9,https://downloads.wordpress.org/theme/cricket-tournament.1.2.zip,"2025-04-08 07:03:27",https://wordpress.org/themes/cricket-tournament/,5.0,5.6
cyber-security-elementor,"Cyber Security Elementor",0.1.7,0.1.6,https://downloads.wordpress.org/theme/cyber-security-elementor.0.1.7.zip,"2025-04-08 06:42:06",https://wordpress.org/themes/cyber-security-elementor/,5.0,5.6
educational-institute,"Educational Institute",4.3,4.2,https://downloads.wordpress.org/theme/educational-institute.4.3.zip,"2025-04-08 07:03:29",https://wordpress.org/themes/educational-institute/,5.0,5.6
elearning-academy-education,"Elearning Academy Education",3.8,3.7,https://downloads.wordpress.org/theme/elearning-academy-education.3.8.zip,"2025-04-08 07:03:45",https://wordpress.org/themes/elearning-academy-education/,5.0,5.6
elearning-education,"eLearning Education",0.9,0.8,https://downloads.wordpress.org/theme/elearning-education.0.9.zip,"2025-04-08 07:04:07",https://wordpress.org/themes/elearning-education/,5.0,5.6
event-organizer-elemento,"Event Organizer Elemento",0.2.3,0.2.2,https://downloads.wordpress.org/theme/event-organizer-elemento.0.2.3.zip,"2025-04-08 06:42:22",https://wordpress.org/themes/event-organizer-elemento/,5.0,5.6
indofinance,IndoFinance,1.0.2.3.6,1.0.2.3.5,https://downloads.wordpress.org/theme/indofinance.1.0.2.3.6.zip,"2025-04-08 06:52:45",https://wordpress.org/themes/indofinance/,,5.6
online-courses-hub,"Online Courses Hub",4.4,4.3,https://downloads.wordpress.org/theme/online-courses-hub.4.4.zip,"2025-04-08 07:04:17",https://wordpress.org/themes/online-courses-hub/,5.0,5.6
square,Square,2.0.57,2.0.56,https://downloads.wordpress.org/theme/square.2.0.57.zip,"2025-04-08 07:23:46",https://wordpress.org/themes/square/,,7.4
university-education-hub,"University Education Hub",3.9,3.8,https://downloads.wordpress.org/theme/university-education-hub.3.9.zip,"2025-04-08 07:04:27",https://wordpress.org/themes/university-education-hub/,5.0,5.6
non-profit-fse,"Non Profit FSE",1.0.0,,https://downloads.wordpress.org/theme/non-profit-fse.1.0.0.zip,"2025-04-08 07:26:51",https://wordpress.org/themes/non-profit-fse/,5.5,7.0
car-rental-service,"Car Rental Service",1.0.1,1.0.0,https://downloads.wordpress.org/theme/car-rental-service.1.0.1.zip,"2025-04-08 08:11:43",https://wordpress.org/themes/car-rental-service/,5.3,5.6
omega-jewelry-store,"Omega Jewelry Store",1.2.6,1.2.5,https://downloads.wordpress.org/theme/omega-jewelry-store.1.2.6.zip,"2025-04-08 08:07:57",https://wordpress.org/themes/omega-jewelry-store/,5.3,7.2
omega-online-store,"Omega Online Store",1.1.7,1.1.6,https://downloads.wordpress.org/theme/omega-online-store.1.1.7.zip,"2025-04-08 08:08:58",https://wordpress.org/themes/omega-online-store/,5.3,7.2
online-bakery-shop,"Online Bakery Shop",1.0.3,1.0.2,https://downloads.wordpress.org/theme/online-bakery-shop.1.0.3.zip,"2025-04-08 08:08:48",https://wordpress.org/themes/online-bakery-shop/,5.5,7.2
outdoor-adventure,"Outdoor Adventure",1.0.1,1.0.0,https://downloads.wordpress.org/theme/outdoor-adventure.1.0.1.zip,"2025-04-08 08:11:35",https://wordpress.org/themes/outdoor-adventure/,5.3,5.6
packers-movers-company,"Packers Movers Company",1.2.7,1.2.6,https://downloads.wordpress.org/theme/packers-movers-company.1.2.7.zip,"2025-04-08 08:09:29",https://wordpress.org/themes/packers-movers-company/,5.3,7.2
solar-energy-engine,"Solar Energy Engine",1.2.4,1.2.3,https://downloads.wordpress.org/theme/solar-energy-engine.1.2.4.zip,"2025-04-08 08:09:58",https://wordpress.org/themes/solar-energy-engine/,5.4,7.2
storefront-eshop,"Storefront Eshop",1.2.5,1.2.4,https://downloads.wordpress.org/theme/storefront-eshop.1.2.5.zip,"2025-04-08 08:10:09",https://wordpress.org/themes/storefront-eshop/,5.3,5.6
trucking-company,"Trucking Company",1.1.8,1.1.7,https://downloads.wordpress.org/theme/trucking-company.1.1.8.zip,"2025-04-08 08:10:39",https://wordpress.org/themes/trucking-company/,5.3,5.6
viral-mag,"Viral Mag",2.0.52,2.0.51,https://downloads.wordpress.org/theme/viral-mag.2.0.52.zip,"2025-04-08 08:08:46",https://wordpress.org/themes/viral-mag/,,7.4
viral-news,"Viral News",2.0,1.4.96,https://downloads.wordpress.org/theme/viral-news.2.0.zip,"2025-04-08 07:55:34",https://wordpress.org/themes/viral-news/,,7.4
alante-imagazine,"Alante iMagazine",1.0.0,,https://downloads.wordpress.org/theme/alante-imagazine.1.0.0.zip,"2025-04-08 08:11:56",https://wordpress.org/themes/alante-imagazine/,5.0,7.0
blog-feeds,"Blog Feeds",1.0.1,,https://downloads.wordpress.org/theme/blog-feeds.1.0.1.zip,"2025-04-08 07:41:51",https://wordpress.org/themes/blog-feeds/,5.0,7.4
cafeteria-elementor,"Cafeteria Elementor",0.1,,https://downloads.wordpress.org/theme/cafeteria-elementor.0.1.zip,"2025-04-08 08:11:51",https://wordpress.org/themes/cafeteria-elementor/,5.6,7.2
interactive-education,"Interactive Education",1.0,,https://downloads.wordpress.org/theme/interactive-education.1.0.zip,"2025-04-08 07:56:49",https://wordpress.org/themes/interactive-education/,,5.6
trovium-two,"Trovium Two",1.0,,https://downloads.wordpress.org/theme/trovium-two.1.0.zip,"2025-04-08 08:26:48",https://wordpress.org/themes/trovium-two/,6.0,5.7
news-magazine-x,"News Magazine X",1.1.9,1.1.8,https://downloads.wordpress.org/theme/news-magazine-x.1.1.9.zip,"2025-04-08 09:14:48",https://wordpress.org/themes/news-magazine-x/,4.7,7.4
aster-dental-clinic,"Aster Dental Clinic",2.5,2.4,https://downloads.wordpress.org/theme/aster-dental-clinic.2.5.zip,"2025-04-08 10:34:25",https://wordpress.org/themes/aster-dental-clinic/,,7.4
auto-mechanic,"Auto Mechanic",3.1,3.0,https://downloads.wordpress.org/theme/auto-mechanic.3.1.zip,"2025-04-08 10:34:31",https://wordpress.org/themes/auto-mechanic/,,7.2
cake-bakery,"Cake Bakery",0.2.8,0.2.7,https://downloads.wordpress.org/theme/cake-bakery.0.2.8.zip,"2025-04-08 09:55:31",https://wordpress.org/themes/cake-bakery/,5.0,7.2
cleaning-business,"Cleaning Business",0.2.5,0.2.4,https://downloads.wordpress.org/theme/cleaning-business.0.2.5.zip,"2025-04-08 09:41:11",https://wordpress.org/themes/cleaning-business/,5.0,7.2
coming-soon-lite,"Coming Soon Lite",0.5.2,0.5.1,https://downloads.wordpress.org/theme/coming-soon-lite.0.5.2.zip,"2025-04-08 09:50:54",https://wordpress.org/themes/coming-soon-lite/,,7.2
expert-carpenter,"Expert Carpenter",0.6.4,0.6.3,https://downloads.wordpress.org/theme/expert-carpenter.0.6.4.zip,"2025-04-08 09:51:23",https://wordpress.org/themes/expert-carpenter/,,7.2
morenews,MoreNews,3.3.11,3.3.9,https://downloads.wordpress.org/theme/morenews.3.3.11.zip,"2025-04-08 10:28:41",https://wordpress.org/themes/morenews/,4.0,5.3
nexter-fse,"Nexter FSE",0.1.0,0.0.10,https://downloads.wordpress.org/theme/nexter-fse.0.1.0.zip,"2025-04-08 10:18:42",https://wordpress.org/themes/nexter-fse/,6.1,7.4
panadero-bakery,"Panadero Bakery",0.6.7,0.6.6,https://downloads.wordpress.org/theme/panadero-bakery.0.6.7.zip,"2025-04-08 09:52:05",https://wordpress.org/themes/panadero-bakery/,,7.2
soga,Soga,13.1,13.0,https://downloads.wordpress.org/theme/soga.13.1.zip,"2025-04-08 10:31:42",https://wordpress.org/themes/soga/,4.7,5.6
supermarket-ecommerce,"Supermarket Ecommerce",0.5.7,0.5.6,https://downloads.wordpress.org/theme/supermarket-ecommerce.0.5.7.zip,"2025-04-08 09:52:40",https://wordpress.org/themes/supermarket-ecommerce/,,7.2
tattoo-expert,"Tattoo Expert",0.5.8,0.5.7,https://downloads.wordpress.org/theme/tattoo-expert.0.5.8.zip,"2025-04-08 09:53:21",https://wordpress.org/themes/tattoo-expert/,,7.2
anamio,Anamio,13.5,13.4,https://downloads.wordpress.org/theme/anamio.13.5.zip,"2025-04-08 10:46:30",https://wordpress.org/themes/anamio/,4.7,5.6
arvita,Arvita,1.0.4,1.0.3,https://downloads.wordpress.org/theme/arvita.1.0.4.zip,"2025-04-08 11:20:59",https://wordpress.org/themes/arvita/,4.7,5.6
bakery-confectionery,"Bakery Confectionery",2.7,2.6,https://downloads.wordpress.org/theme/bakery-confectionery.2.7.zip,"2025-04-08 10:36:47",https://wordpress.org/themes/bakery-confectionery/,,7.4
bluetooth-speaker,"Bluetooth Speaker",1.1,1.0,https://downloads.wordpress.org/theme/bluetooth-speaker.1.1.zip,"2025-04-08 10:55:47",https://wordpress.org/themes/bluetooth-speaker/,6.1,7.2
bridal-jewelry-store,"Bridal Jewelry Store",2.1,2.0,https://downloads.wordpress.org/theme/bridal-jewelry-store.2.1.zip,"2025-04-08 10:36:57",https://wordpress.org/themes/bridal-jewelry-store/,,7.4
construction-engineer,"Construction Engineer",2.4,2.3,https://downloads.wordpress.org/theme/construction-engineer.2.4.zip,"2025-04-08 10:37:44",https://wordpress.org/themes/construction-engineer/,,7.4
corpiva,Corpiva,1.0.53,1.0.52,https://downloads.wordpress.org/theme/corpiva.1.0.53.zip,"2025-04-08 11:19:07",https://wordpress.org/themes/corpiva/,4.7,5.6
corvia,Corvia,1.0.19,1.0.18,https://downloads.wordpress.org/theme/corvia.1.0.19.zip,"2025-04-08 11:20:02",https://wordpress.org/themes/corvia/,4.7,5.6
corvita,Corvita,1.0.28,1.0.27,https://downloads.wordpress.org/theme/corvita.1.0.28.zip,"2025-04-08 11:19:35",https://wordpress.org/themes/corvita/,4.7,5.6
daizy,Daizy,12.3,12.2,https://downloads.wordpress.org/theme/daizy.12.3.zip,"2025-04-08 10:46:13",https://wordpress.org/themes/daizy/,4.7,5.6
daystory,DayStory,1.0.74,1.0.73,https://downloads.wordpress.org/theme/daystory.1.0.74.zip,"2025-04-08 11:15:31",https://wordpress.org/themes/daystory/,4.7,7.0
doctor-physician,"Doctor Physician",2.0,1.9,https://downloads.wordpress.org/theme/doctor-physician.2.0.zip,"2025-04-08 10:37:54",https://wordpress.org/themes/doctor-physician/,,7.4
dog-pet-house,"Dog Pet House",2.8,2.7,https://downloads.wordpress.org/theme/dog-pet-house.2.8.zip,"2025-04-08 10:39:37",https://wordpress.org/themes/dog-pet-house/,,7.4
ferio,Ferio,5.3,5.2,https://downloads.wordpress.org/theme/ferio.5.3.zip,"2025-04-08 10:45:40",https://wordpress.org/themes/ferio/,4.7,5.6
gruj,Gruj,13.5,13.4,https://downloads.wordpress.org/theme/gruj.13.5.zip,"2025-04-08 10:44:03",https://wordpress.org/themes/gruj/,4.7,5.6
holistic-health-coach,"Holistic Health Coach",1.3,1.2,https://downloads.wordpress.org/theme/holistic-health-coach.1.3.zip,"2025-04-08 11:00:10",https://wordpress.org/themes/holistic-health-coach/,6.1,7.2
home-decoration-shop,"Home Decoration Shop",2.4,2.3,https://downloads.wordpress.org/theme/home-decoration-shop.2.4.zip,"2025-04-08 10:59:42",https://wordpress.org/themes/home-decoration-shop/,6.1,7.2
home-decorative-items,"Home Decorative Items",1.3,1.2,https://downloads.wordpress.org/theme/home-decorative-items.1.3.zip,"2025-04-08 10:59:01",https://wordpress.org/themes/home-decorative-items/,6.1,7.2
it-services-management,"IT Services Management",1.5,1.4,https://downloads.wordpress.org/theme/it-services-management.1.5.zip,"2025-04-08 11:00:24",https://wordpress.org/themes/it-services-management/,6.1,7.2
newsalert,NewsAlert,1.0.23,1.0.22,https://downloads.wordpress.org/theme/newsalert.1.0.23.zip,"2025-04-08 11:18:00",https://wordpress.org/themes/newsalert/,4.7,7.0
newsalt,NewsAlt,1.0.54,1.0.53,https://downloads.wordpress.org/theme/newsalt.1.0.54.zip,"2025-04-08 11:15:56",https://wordpress.org/themes/newsalt/,4.7,7.0
newsdaily,NewsDaily,1.0.76,1.0.75,https://downloads.wordpress.org/theme/newsdaily.1.0.76.zip,"2025-04-08 11:15:05",https://wordpress.org/themes/newsdaily/,4.7,7.0
newshours,NewsHours,1.0.45,1.0.44,https://downloads.wordpress.org/theme/newshours.1.0.45.zip,"2025-04-08 11:16:25",https://wordpress.org/themes/newshours/,4.7,7.0
newsmash,NewsMash,1.0.91,1.0.90,https://downloads.wordpress.org/theme/newsmash.1.0.91.zip,"2025-04-08 11:14:37",https://wordpress.org/themes/newsmash/,4.7,7.0
newsmunch,NewsMunch,1.0.55,1.0.54,https://downloads.wordpress.org/theme/newsmunch.1.0.55.zip,"2025-04-08 11:17:03",https://wordpress.org/themes/newsmunch/,4.7,7.0
newstick,NewsTick,1.0.52,1.0.51,https://downloads.wordpress.org/theme/newstick.1.0.52.zip,"2025-04-08 11:17:28",https://wordpress.org/themes/newstick/,4.7,7.0
nexter,Nexter,4.0.2,4.0.1,https://downloads.wordpress.org/theme/nexter.4.0.2.zip,"2025-04-08 10:36:35",https://wordpress.org/themes/nexter/,4.7,5.6
online-sneaker-shop,"Online Sneaker Shop",1.2,1.1,https://downloads.wordpress.org/theme/online-sneaker-shop.1.2.zip,"2025-04-08 11:00:52",https://wordpress.org/themes/online-sneaker-shop/,6.1,7.2
softalt,SoftAlt,1.0.15,1.0.14,https://downloads.wordpress.org/theme/softalt.1.0.15.zip,"2025-04-08 11:20:30",https://wordpress.org/themes/softalt/,4.7,5.6
spera,Spera,13.5,13.4,https://downloads.wordpress.org/theme/spera.13.5.zip,"2025-04-08 10:59:54",https://wordpress.org/themes/spera/,4.7,5.6
titan-elearning,"Titan Elearning",1.2,1.1,https://downloads.wordpress.org/theme/titan-elearning.1.2.zip,"2025-04-08 10:58:19",https://wordpress.org/themes/titan-elearning/,6.1,7.2
ac-repairing-services,"AC Repairing Services",0.3.1,0.3,https://downloads.wordpress.org/theme/ac-repairing-services.0.3.1.zip,"2025-04-08 11:50:56",https://wordpress.org/themes/ac-repairing-services/,5.0,7.2
archline,Archline,1.4,1.3,https://downloads.wordpress.org/theme/archline.1.4.zip,"2025-04-08 12:38:39",https://wordpress.org/themes/archline/,6.7,5.7
blogoholic,Blogoholic,1.1.0,1.0.9,https://downloads.wordpress.org/theme/blogoholic.1.1.0.zip,"2025-04-08 11:57:38",https://wordpress.org/themes/blogoholic/,5.0,5.6
business-article-ship,"Business Article Ship",1.8,1.7,https://downloads.wordpress.org/theme/business-article-ship.1.8.zip,"2025-04-08 11:48:37",https://wordpress.org/themes/business-article-ship/,5.5,5.6
business-landing-page,"Business Landing Page",0.4,0.3.9,https://downloads.wordpress.org/theme/business-landing-page.0.4.zip,"2025-04-08 11:55:28",https://wordpress.org/themes/business-landing-page/,5.0,7.2
creamy-bakery,"Creamy Bakery",1.2,1.1,https://downloads.wordpress.org/theme/creamy-bakery.1.2.zip,"2025-04-08 11:48:55",https://wordpress.org/themes/creamy-bakery/,5.5,5.6
ecommerce-bazaar,"Ecommerce Bazaar",1.8,1.7,https://downloads.wordpress.org/theme/ecommerce-bazaar.1.8.zip,"2025-04-08 11:49:19",https://wordpress.org/themes/ecommerce-bazaar/,5.5,5.6
ecommerce-landing-page,"Ecommerce Landing Page",0.5.1,0.5,https://downloads.wordpress.org/theme/ecommerce-landing-page.0.5.1.zip,"2025-04-08 11:56:16",https://wordpress.org/themes/ecommerce-landing-page/,5.0,7.2
educational-landing-page,"Educational Landing Page",0.3.2,0.3.1,https://downloads.wordpress.org/theme/educational-landing-page.0.3.2.zip,"2025-04-08 11:56:43",https://wordpress.org/themes/educational-landing-page/,5.0,7.2
food-grocery-store,"Food Grocery Store",1.1.3,1.1.2,https://downloads.wordpress.org/theme/food-grocery-store.1.1.3.zip,"2025-04-08 11:57:59",https://wordpress.org/themes/food-grocery-store/,5.0,7.2
kindergarten-art-school,"Kindergarten Art School",1.3,1.2,https://downloads.wordpress.org/theme/kindergarten-art-school.1.3.zip,"2025-04-08 11:49:55",https://wordpress.org/themes/kindergarten-art-school/,5.5,5.6
knowledge-base-lite,"Knowledge Base Lite",0.7.3,0.7.2,https://downloads.wordpress.org/theme/knowledge-base-lite.0.7.3.zip,"2025-04-08 11:58:39",https://wordpress.org/themes/knowledge-base-lite/,5.0,7.2
lawman,Lawman,1.1.0,1.0.9,https://downloads.wordpress.org/theme/lawman.1.1.0.zip,"2025-04-08 11:58:08",https://wordpress.org/themes/lawman/,5.0,5.6
lawyer-consultant,"Lawyer Consultant",1.9,1.8,https://downloads.wordpress.org/theme/lawyer-consultant.1.9.zip,"2025-04-08 11:50:03",https://wordpress.org/themes/lawyer-consultant/,5.5,5.6
legacy-book-club,"Legacy Book Club",1.9,1.8,https://downloads.wordpress.org/theme/legacy-book-club.1.9.zip,"2025-04-08 11:50:26",https://wordpress.org/themes/legacy-book-club/,5.5,5.6
medical-landing-page,"Medical Landing Page",0.3.3,0.3.2,https://downloads.wordpress.org/theme/medical-landing-page.0.3.3.zip,"2025-04-08 11:59:01",https://wordpress.org/themes/medical-landing-page/,5.0,7.2
moral-magazine,"Moral Magazine",1.0.6,1.0.5,https://downloads.wordpress.org/theme/moral-magazine.1.0.6.zip,"2025-04-08 11:58:38",https://wordpress.org/themes/moral-magazine/,5.0,5.6
online-grocery-mart,"Online Grocery Mart",2.8.3,2.8.2,https://downloads.wordpress.org/theme/online-grocery-mart.2.8.3.zip,"2025-04-08 11:59:32",https://wordpress.org/themes/online-grocery-mart/,5.0,7.2
pc-gaming,"PC Gaming",1.1,1.0,https://downloads.wordpress.org/theme/pc-gaming.1.1.zip,"2025-04-08 11:55:14",https://wordpress.org/themes/pc-gaming/,5.9,5.6
restro-cafe,"Restro Cafe",1.1.1,1.1.0,https://downloads.wordpress.org/theme/restro-cafe.1.1.1.zip,"2025-04-08 11:59:17",https://wordpress.org/themes/restro-cafe/,5.0,5.6
services-landing-page,"Services Landing Page",0.3.1,0.3,https://downloads.wordpress.org/theme/services-landing-page.0.3.1.zip,"2025-04-08 12:00:07",https://wordpress.org/themes/services-landing-page/,5.0,7.2
smooth-blog,"Smooth Blog",1.2.2,1.2.1,https://downloads.wordpress.org/theme/smooth-blog.1.2.2.zip,"2025-04-08 11:59:55",https://wordpress.org/themes/smooth-blog/,5.0,5.6
summer-camp,"Summer Camp",0.3.1,0.3,https://downloads.wordpress.org/theme/summer-camp.0.3.1.zip,"2025-04-08 12:01:19",https://wordpress.org/themes/summer-camp/,5.0,7.2
blockskit-finance,"Blockskit Finance",1.0.1,,https://downloads.wordpress.org/theme/blockskit-finance.1.0.1.zip,"2025-04-08 12:42:15",https://wordpress.org/themes/blockskit-finance/,6.0,5.6
editing-welcome-two,"Editing Welcome Two",1.0.1,,https://downloads.wordpress.org/theme/editing-welcome-two.1.0.1.zip,"2025-04-08 12:42:24",https://wordpress.org/themes/editing-welcome-two/,6.7,7.0
hunky-multipurpose,"Hunky Multipurpose",1.1,,https://downloads.wordpress.org/theme/hunky-multipurpose.1.1.zip,"2025-04-08 12:42:10",https://wordpress.org/themes/hunky-multipurpose/,,7.4
janma,Janma,1.0.0,,https://downloads.wordpress.org/theme/janma.1.0.0.zip,"2025-04-08 12:42:29",https://wordpress.org/themes/janma/,6.1,7.0
newsblogy,NewsBlogy,0.2,,https://downloads.wordpress.org/theme/newsblogy.0.2.zip,"2025-04-08 12:41:50",https://wordpress.org/themes/newsblogy/,4.7,7.0
nimbora,Nimbora,1.2,,https://downloads.wordpress.org/theme/nimbora.1.2.zip,"2025-04-08 12:42:06",https://wordpress.org/themes/nimbora/,6.7,5.7
organic-gardening,"Organic Gardening",1.1,,https://downloads.wordpress.org/theme/organic-gardening.1.1.zip,"2025-04-08 12:42:01",https://wordpress.org/themes/organic-gardening/,,7.0
waste-management,"Waste Management",0.1,,https://downloads.wordpress.org/theme/waste-management.0.1.zip,"2025-04-08 12:42:20",https://wordpress.org/themes/waste-management/,5.0,5.6
cleaning-business,"Cleaning Business",0.2.6,0.2.5,https://downloads.wordpress.org/theme/cleaning-business.0.2.6.zip,"2025-04-08 13:01:39",https://wordpress.org/themes/cleaning-business/,5.0,7.2
everafter-wedding,"Everafter Wedding",1.3.3,1.3.2,https://downloads.wordpress.org/theme/everafter-wedding.1.3.3.zip,"2025-04-08 13:36:30",https://wordpress.org/themes/everafter-wedding/,,7.0
adventure-trails,"Adventure Trails",1.5.8,1.5.7,https://downloads.wordpress.org/theme/adventure-trails.1.5.8.zip,"2025-04-08 13:39:00",https://wordpress.org/themes/adventure-trails/,,7.0
aravalli,Aravalli,13.0,12.9,https://downloads.wordpress.org/theme/aravalli.13.0.zip,"2025-04-08 13:58:03",https://wordpress.org/themes/aravalli/,4.7,5.6
birthday-blast,"Birthday Blast",1.2.7,1.2.6,https://downloads.wordpress.org/theme/birthday-blast.1.2.7.zip,"2025-04-08 13:41:07",https://wordpress.org/themes/birthday-blast/,,7.0
blog-sphere,"Blog Sphere",1.0.7,1.0.6,https://downloads.wordpress.org/theme/blog-sphere.1.0.7.zip,"2025-04-08 14:25:18",https://wordpress.org/themes/blog-sphere/,,7.0
boostify,Boostify,13.0,12.9,https://downloads.wordpress.org/theme/boostify.13.0.zip,"2025-04-08 13:57:20",https://wordpress.org/themes/boostify/,4.7,5.6
ca-beauty-ecommerce,"CA Beauty Ecommerce",1.4.2,1.4.1,https://downloads.wordpress.org/theme/ca-beauty-ecommerce.1.4.2.zip,"2025-04-08 13:42:03",https://wordpress.org/themes/ca-beauty-ecommerce/,,7.0
ca-biz-startup,"CA Biz Startup",1.5.9,1.5.8,https://downloads.wordpress.org/theme/ca-biz-startup.1.5.9.zip,"2025-04-08 13:44:01",https://wordpress.org/themes/ca-biz-startup/,,7.0
ca-charity-hope,"CA Charity Hope",1.6.2,1.6.1,https://downloads.wordpress.org/theme/ca-charity-hope.1.6.2.zip,"2025-04-08 13:44:55",https://wordpress.org/themes/ca-charity-hope/,,7.0
cat-ecommerce,"Cat Ecommerce",1.3.1,1.3.0,https://downloads.wordpress.org/theme/cat-ecommerce.1.3.1.zip,"2025-04-08 13:45:43",https://wordpress.org/themes/cat-ecommerce/,,7.0
colorflow,ColorFlow,1.4,1.3,https://downloads.wordpress.org/theme/colorflow.1.4.zip,"2025-04-08 13:58:44",https://wordpress.org/themes/colorflow/,4.7,5.6
colorsy,Colorsy,12.8,12.7,https://downloads.wordpress.org/theme/colorsy.12.8.zip,"2025-04-08 13:53:44",https://wordpress.org/themes/colorsy/,4.7,5.6
convo,Convo,8.1,8.0,https://downloads.wordpress.org/theme/convo.8.1.zip,"2025-04-08 13:56:46",https://wordpress.org/themes/convo/,,7.0
cosmics,Cosmics,12.8,12.7,https://downloads.wordpress.org/theme/cosmics.12.8.zip,"2025-04-08 13:53:21",https://wordpress.org/themes/cosmics/,4.7,5.6
delight-bakery,"Delight Bakery",1.2.0,1.1.9,https://downloads.wordpress.org/theme/delight-bakery.1.2.0.zip,"2025-04-08 13:46:55",https://wordpress.org/themes/delight-bakery/,,7.0
docupress,DocuPress,1.4.4,1.4.3,https://downloads.wordpress.org/theme/docupress.1.4.4.zip,"2025-04-08 13:49:20",https://wordpress.org/themes/docupress/,,7.2
dog-house,"Dog House",1.4.9,1.4.8,https://downloads.wordpress.org/theme/dog-house.1.4.9.zip,"2025-04-08 14:01:41",https://wordpress.org/themes/dog-house/,,7.0
dogcare-hub,"Dogcare Hub",1.0.4,1.0.3,https://downloads.wordpress.org/theme/dogcare-hub.1.0.4.zip,"2025-04-08 13:59:42",https://wordpress.org/themes/dogcare-hub/,,7.0
eco-solar,"Eco Solar",1.3.8,1.3.6,https://downloads.wordpress.org/theme/eco-solar.1.3.8.zip,"2025-04-08 14:05:38",https://wordpress.org/themes/eco-solar/,,7.0
estate-vista,"Estate Vista",1.4.1,1.4.0,https://downloads.wordpress.org/theme/estate-vista.1.4.1.zip,"2025-04-08 14:07:09",https://wordpress.org/themes/estate-vista/,,7.0
eventplus,EventPlus,12.5,12.4,https://downloads.wordpress.org/theme/eventplus.12.5.zip,"2025-04-08 13:55:35",https://wordpress.org/themes/eventplus/,4.7,5.6
evita,Evita,1.6.3,1.6.2,https://downloads.wordpress.org/theme/evita.1.6.3.zip,"2025-04-08 13:55:00",https://wordpress.org/themes/evita/,,5.6
fiona-blog,"Fiona Blog",13.1,13.0,https://downloads.wordpress.org/theme/fiona-blog.13.1.zip,"2025-04-08 13:56:17",https://wordpress.org/themes/fiona-blog/,4.7,5.6
flora-flowershop,"Flora Flowershop",1.2.9,1.2.7,https://downloads.wordpress.org/theme/flora-flowershop.1.2.9.zip,"2025-04-08 14:18:40",https://wordpress.org/themes/flora-flowershop/,,7.0
gardening-landscape-aura,"Gardening Landscape Aura",1.4.0,1.3.9,https://downloads.wordpress.org/theme/gardening-landscape-aura.1.4.0.zip,"2025-04-08 14:21:45",https://wordpress.org/themes/gardening-landscape-aura/,,7.0
glam-hair-salon,"Glam Hair Salon",1.1.7,1.1.6,https://downloads.wordpress.org/theme/glam-hair-salon.1.1.7.zip,"2025-04-08 14:22:52",https://wordpress.org/themes/glam-hair-salon/,,7.0
glimpse-blog,"Glimpse Blog",1.1.2,1.1.1,https://downloads.wordpress.org/theme/glimpse-blog.1.1.2.zip,"2025-04-08 14:25:41",https://wordpress.org/themes/glimpse-blog/,,7.0
gradiantx,GradiantX,1.3,1.2,https://downloads.wordpress.org/theme/gradiantx.1.3.zip,"2025-04-08 14:00:57",https://wordpress.org/themes/gradiantx/,4.7,5.6
hello-biz,"Hello Biz",1.0.7,1.0.6,https://downloads.wordpress.org/theme/hello-biz.1.0.7.zip,"2025-04-08 14:32:12",https://wordpress.org/themes/hello-biz/,6.0,7.4
home-decor-blog,"Home Decor Blog",1.3.6,1.3.5,https://downloads.wordpress.org/theme/home-decor-blog.1.3.6.zip,"2025-04-08 14:33:25",https://wordpress.org/themes/home-decor-blog/,,7.0
metasoft,MetaSoft,13.0,12.9,https://downloads.wordpress.org/theme/metasoft.13.0.zip,"2025-04-08 13:55:55",https://wordpress.org/themes/metasoft/,4.7,5.6
minicart,MiniCart,1.0.1,1.0,https://downloads.wordpress.org/theme/minicart.1.0.1.zip,"2025-04-08 13:59:06",https://wordpress.org/themes/minicart/,4.7,5.6
nexcraft-bpo,"Nexcraft BPO",3.0,2.9,https://downloads.wordpress.org/theme/nexcraft-bpo.3.0.zip,"2025-04-08 14:00:07",https://wordpress.org/themes/nexcraft-bpo/,,5.6
nexcraft,NexCraft,5.0,4.9,https://downloads.wordpress.org/theme/nexcraft.5.0.zip,"2025-04-08 14:00:32",https://wordpress.org/themes/nexcraft/,4.7,5.6
portfolio-expert,"Portfolio Expert",1.0.3,1.0.2,https://downloads.wordpress.org/theme/portfolio-expert.1.0.3.zip,"2025-04-08 13:38:54",https://wordpress.org/themes/portfolio-expert/,5.0,5.6
renoval,Renoval,12.3,12.2,https://downloads.wordpress.org/theme/renoval.12.3.zip,"2025-04-08 13:54:27",https://wordpress.org/themes/renoval/,4.7,5.6
shadiant,Shadiant,0.9,0.8,https://downloads.wordpress.org/theme/shadiant.0.9.zip,"2025-04-08 13:59:35",https://wordpress.org/themes/shadiant/,4.7,5.6
shopire,Shopire,1.0.11,1.0.10,https://downloads.wordpress.org/theme/shopire.1.0.11.zip,"2025-04-08 13:58:28",https://wordpress.org/themes/shopire/,4.7,5.6
startweb,StartWeb,13.1,13.0,https://downloads.wordpress.org/theme/startweb.13.1.zip,"2025-04-08 13:54:00",https://wordpress.org/themes/startweb/,4.7,5.6
editing-welcome-two,"Editing Welcome Two",1.0.2,1.0.1,https://downloads.wordpress.org/theme/editing-welcome-two.1.0.2.zip,"2025-04-08 14:36:58",https://wordpress.org/themes/editing-welcome-two/,6.7,7.0
indoor-sports,"Indoor Sports",0.1.7,0.1.6,https://downloads.wordpress.org/theme/indoor-sports.0.1.7.zip,"2025-04-08 15:19:26",https://wordpress.org/themes/indoor-sports/,,5.6
music-class,"Music Class",0.1.8,0.1.7,https://downloads.wordpress.org/theme/music-class.0.1.8.zip,"2025-04-08 15:22:04",https://wordpress.org/themes/music-class/,,5.6
graceful-gold-blog,"Graceful Gold Blog",1.0.1,,https://downloads.wordpress.org/theme/graceful-gold-blog.1.0.1.zip,"2025-04-08 15:26:51",https://wordpress.org/themes/graceful-gold-blog/,5.3,5.6
newsbox-plus,"NewsBox Plus",1.0.9,1.0.8,https://downloads.wordpress.org/theme/newsbox-plus.1.0.9.zip,"2025-04-08 16:21:21",https://wordpress.org/themes/newsbox-plus/,,5.6
honrix,Honrix,1.3.76,1.3.75,https://downloads.wordpress.org/theme/honrix.1.3.76.zip,"2025-04-08 17:09:00",https://wordpress.org/themes/honrix/,4.7,5.6
ollie,Ollie,1.4.4,1.4.3,https://downloads.wordpress.org/theme/ollie.1.4.4.zip,"2025-04-08 18:06:10",https://wordpress.org/themes/ollie/,,7.3
trovium-two,"Trovium Two",1.0.1,1.0,https://downloads.wordpress.org/theme/trovium-two.1.0.1.zip,"2025-04-08 21:45:02",https://wordpress.org/themes/trovium-two/,6.0,5.7
trovium,Trovium,1.1.1,1.1.0,https://downloads.wordpress.org/theme/trovium.1.1.1.zip,"2025-04-08 21:48:35",https://wordpress.org/themes/trovium/,6.6,5.7
residential-real-estate,"Residential Real Estate",1.0,,https://downloads.wordpress.org/theme/residential-real-estate.1.0.zip,"2025-04-09 01:31:46",https://wordpress.org/themes/residential-real-estate/,,5.6
st-horse-riding,"St Horse Riding",1.0,,https://downloads.wordpress.org/theme/st-horse-riding.1.0.zip,"2025-04-09 01:31:59",https://wordpress.org/themes/st-horse-riding/,4.7,5.2
eshop-elementor,"Eshop Elementor",0.9,0.8,https://downloads.wordpress.org/theme/eshop-elementor.0.9.zip,"2025-04-09 02:30:22",https://wordpress.org/themes/eshop-elementor/,5.4,7.4
newsblogy,NewsBlogy,0.3,0.2,https://downloads.wordpress.org/theme/newsblogy.0.3.zip,"2025-04-09 02:23:14",https://wordpress.org/themes/newsblogy/,4.7,7.0
colordive,Colordive,1.0.1,,https://downloads.wordpress.org/theme/colordive.1.0.1.zip,"2025-04-09 03:01:08",https://wordpress.org/themes/colordive/,5.0,5.6
context-blog,"Context Blog",1.1.9,1.1.8,https://downloads.wordpress.org/theme/context-blog.1.1.9.zip,"2025-04-09 04:17:11",https://wordpress.org/themes/context-blog/,4.5,5.6
fast-food-delivery,"Fast Food Delivery",0.1.8,0.1.7,https://downloads.wordpress.org/theme/fast-food-delivery.0.1.8.zip,"2025-04-09 04:09:11",https://wordpress.org/themes/fast-food-delivery/,5.0,5.6
gamers-studio,"Gamers Studio",2.3,2.2,https://downloads.wordpress.org/theme/gamers-studio.2.3.zip,"2025-04-09 04:29:25",https://wordpress.org/themes/gamers-studio/,,7.4
ink-context-blog,"Ink Context Blog",1.0.6,1.0.5,https://downloads.wordpress.org/theme/ink-context-blog.1.0.6.zip,"2025-04-09 04:31:06",https://wordpress.org/themes/ink-context-blog/,4.5,5.6
lms-education-elementor,"LMS Education Elementor",0.3.7,0.3.6,https://downloads.wordpress.org/theme/lms-education-elementor.0.3.7.zip,"2025-04-09 04:09:08",https://wordpress.org/themes/lms-education-elementor/,5.0,5.6
movie-theatre,"Movie Theatre",2.2,2.1,https://downloads.wordpress.org/theme/movie-theatre.2.2.zip,"2025-04-09 04:29:47",https://wordpress.org/themes/movie-theatre/,,7.4
new-blog,"New Blog",1.5.9,1.5.8,https://downloads.wordpress.org/theme/new-blog.1.5.9.zip,"2025-04-09 04:25:18",https://wordpress.org/themes/new-blog/,4.7,5.6
nexter,Nexter,4.0.3,4.0.2,https://downloads.wordpress.org/theme/nexter.4.0.3.zip,"2025-04-09 03:52:53",https://wordpress.org/themes/nexter/,4.7,5.6
printing-press,"Printing Press",0.3.6,0.3.5,https://downloads.wordpress.org/theme/printing-press.0.3.6.zip,"2025-04-09 04:09:34",https://wordpress.org/themes/printing-press/,5.0,5.6
property-listing-elementor,"Property Listing Elementor",0.1.7,0.1.6,https://downloads.wordpress.org/theme/property-listing-elementor.0.1.7.zip,"2025-04-09 04:09:39",https://wordpress.org/themes/property-listing-elementor/,5.0,5.6
retailer-bookstore,"Retailer Bookstore",1.3,1.2,https://downloads.wordpress.org/theme/retailer-bookstore.1.3.zip,"2025-04-09 04:30:32",https://wordpress.org/themes/retailer-bookstore/,,7.4
travel-hiking,"Travel Hiking",0.3.6,0.3.5,https://downloads.wordpress.org/theme/travel-hiking.0.3.6.zip,"2025-04-09 04:09:58",https://wordpress.org/themes/travel-hiking/,5.0,5.6
travel-vacation,"Travel Vacation",3.0,2.9,https://downloads.wordpress.org/theme/travel-vacation.3.0.zip,"2025-04-09 04:30:48",https://wordpress.org/themes/travel-vacation/,,7.4
water-sports-gear,"Water Sports Gear",2.3,2.2,https://downloads.wordpress.org/theme/water-sports-gear.2.3.zip,"2025-04-09 04:32:11",https://wordpress.org/themes/water-sports-gear/,,7.4
wedding-ceremony,"Wedding Ceremony",1.1,1.0.9,https://downloads.wordpress.org/theme/wedding-ceremony.1.1.zip,"2025-04-09 04:32:18",https://wordpress.org/themes/wedding-ceremony/,,7.2
pizza-delivery,"Pizza Delivery",1.0,,https://downloads.wordpress.org/theme/pizza-delivery.1.0.zip,"2025-04-09 04:01:11",https://wordpress.org/themes/pizza-delivery/,6.1,5.6
wedding-event-management,"Wedding Event Management",2.2,2.1,https://downloads.wordpress.org/theme/wedding-event-management.2.2.zip,"2025-04-09 04:34:57",https://wordpress.org/themes/wedding-event-management/,,7.4
business-school,"Business School",0.3.2,0.3.1,https://downloads.wordpress.org/theme/business-school.0.3.2.zip,"2025-04-09 06:11:01",https://wordpress.org/themes/business-school/,5.0,5.6
christmas-event,"Christmas Event",0.1.7,0.1.6,https://downloads.wordpress.org/theme/christmas-event.0.1.7.zip,"2025-04-09 06:11:58",https://wordpress.org/themes/christmas-event/,5.0,5.6
classic-charity-ngo,"Classic Charity NGO",0.3.1,0.3,https://downloads.wordpress.org/theme/classic-charity-ngo.0.3.1.zip,"2025-04-09 06:13:25",https://wordpress.org/themes/classic-charity-ngo/,5.0,5.6
classic-cosmetics,"Classic Cosmetics",0.5.4,0.5.3,https://downloads.wordpress.org/theme/classic-cosmetics.0.5.4.zip,"2025-04-09 06:13:51",https://wordpress.org/themes/classic-cosmetics/,5.0,5.6
classic-digital-marketing,"Classic Digital Marketing",0.6.4,0.6.3,https://downloads.wordpress.org/theme/classic-digital-marketing.0.6.4.zip,"2025-04-09 06:13:58",https://wordpress.org/themes/classic-digital-marketing/,5.0,5.6
classic-events,"Classic Events",0.6.6,0.6.5,https://downloads.wordpress.org/theme/classic-events.0.6.6.zip,"2025-04-09 06:14:59",https://wordpress.org/themes/classic-events/,5.0,5.6
classic-tour-booking,"Classic Tour Booking",0.3.5,0.3.4,https://downloads.wordpress.org/theme/classic-tour-booking.0.3.5.zip,"2025-04-09 06:15:00",https://wordpress.org/themes/classic-tour-booking/,5.0,5.6
news-magazine-x,"News Magazine X",1.2.0,1.1.9,https://downloads.wordpress.org/theme/news-magazine-x.1.2.0.zip,"2025-04-09 06:28:43",https://wordpress.org/themes/news-magazine-x/,4.7,7.4
nextawards,Nextawards,1.6.4,1.6.3,https://downloads.wordpress.org/theme/nextawards.1.6.4.zip,"2025-04-09 05:56:47",https://wordpress.org/themes/nextawards/,,5.6
construction-demolition-services,"Construction Demolition Services",0.0.8,0.0.7,https://downloads.wordpress.org/theme/construction-demolition-services.0.0.8.zip,"2025-04-09 06:58:33",https://wordpress.org/themes/construction-demolition-services/,5.0,7.2
eco-nature-zone,"Eco Nature Zone",0.0.6,0.0.5,https://downloads.wordpress.org/theme/eco-nature-zone.0.0.6.zip,"2025-04-09 06:57:41",https://wordpress.org/themes/eco-nature-zone/,5.0,7.2
elearning-workshop,"Elearning Workshop",0.0.8,0.0.7,https://downloads.wordpress.org/theme/elearning-workshop.0.0.8.zip,"2025-04-09 06:56:19",https://wordpress.org/themes/elearning-workshop/,5.0,7.2
online-educational-courses,"Online Educational Courses",0.0.8,0.0.7,https://downloads.wordpress.org/theme/online-educational-courses.0.0.8.zip,"2025-04-09 06:54:13",https://wordpress.org/themes/online-educational-courses/,5.0,7.2
skin-care-products,"Skin Care Products",0.0.8,0.0.7,https://downloads.wordpress.org/theme/skin-care-products.0.0.8.zip,"2025-04-09 06:55:27",https://wordpress.org/themes/skin-care-products/,5.0,7.2
vw-machine-learning,"VW Machine Learning",0.1,,https://downloads.wordpress.org/theme/vw-machine-learning.0.1.zip,"2025-04-09 07:16:06",https://wordpress.org/themes/vw-machine-learning/,5.0,7.2
abiz,Abiz,1.0.7,1.0.6,https://downloads.wordpress.org/theme/abiz.1.0.7.zip,"2025-04-09 08:10:40",https://wordpress.org/themes/abiz/,,5.4
cleaning-specialist,"Cleaning Specialist",1.1,1.0,https://downloads.wordpress.org/theme/cleaning-specialist.1.1.zip,"2025-04-09 08:08:56",https://wordpress.org/themes/cleaning-specialist/,5.5,5.6
color-newsmagazine,"Color Newsmagazine",1.3.7,1.3.6,https://downloads.wordpress.org/theme/color-newsmagazine.1.3.7.zip,"2025-04-09 08:05:34",https://wordpress.org/themes/color-newsmagazine/,4.5,5.6
hr-management,"HR Management",1.4,1.3,https://downloads.wordpress.org/theme/hr-management.1.4.zip,"2025-04-09 08:27:43",https://wordpress.org/themes/hr-management/,6.1,5.6
legacy-medical-appointment,"Legacy Medical Appointment",1.7,1.6,https://downloads.wordpress.org/theme/legacy-medical-appointment.1.7.zip,"2025-04-09 08:07:51",https://wordpress.org/themes/legacy-medical-appointment/,5.5,5.6
new-blog-jr,"New Blog Jr",1.1.2,1.1.1,https://downloads.wordpress.org/theme/new-blog-jr.1.1.2.zip,"2025-04-09 07:52:25",https://wordpress.org/themes/new-blog-jr/,4.7,5.6
new-blog-lite,"New Blog Lite",1.0.9,1.0.8,https://downloads.wordpress.org/theme/new-blog-lite.1.0.9.zip,"2025-04-09 08:00:34",https://wordpress.org/themes/new-blog-lite/,4.7,5.6
quantic,Quantic,1.6,1.5,https://downloads.wordpress.org/theme/quantic.1.6.zip,"2025-04-09 08:07:59",https://wordpress.org/themes/quantic/,5.5,5.6
queens-magazine-blog,"Queens Magazine Blog",1.2.3,1.2.2,https://downloads.wordpress.org/theme/queens-magazine-blog.1.2.3.zip,"2025-04-09 08:12:22",https://wordpress.org/themes/queens-magazine-blog/,4.7,5.6
scholarsgate,ScholarsGate,1.5,1.4,https://downloads.wordpress.org/theme/scholarsgate.1.5.zip,"2025-04-09 08:08:17",https://wordpress.org/themes/scholarsgate/,5.5,5.6
technical-blogging,"Technical Blogging",1.6,1.5,https://downloads.wordpress.org/theme/technical-blogging.1.6.zip,"2025-04-09 08:08:28",https://wordpress.org/themes/technical-blogging/,5.5,5.6
ticket-booking,"Ticket Booking",1.4,1.3,https://downloads.wordpress.org/theme/ticket-booking.1.4.zip,"2025-04-09 08:08:51",https://wordpress.org/themes/ticket-booking/,5.5,5.6
voice-blog-lite,"Voice Blog Lite",1.1.0,1.0.9,https://downloads.wordpress.org/theme/voice-blog-lite.1.1.0.zip,"2025-04-09 08:09:32",https://wordpress.org/themes/voice-blog-lite/,4.7,5.6
voice-blog,"Voice Blog",1.3.8,1.3.7,https://downloads.wordpress.org/theme/voice-blog.1.3.8.zip,"2025-04-09 08:07:25",https://wordpress.org/themes/voice-blog/,4.7,5.6
e-storefront,"E Storefront",1.0,,https://downloads.wordpress.org/theme/e-storefront.1.0.zip,"2025-04-09 07:46:05",https://wordpress.org/themes/e-storefront/,5.0,7.2
tradecraft,TradeCraft,1.0,,https://downloads.wordpress.org/theme/tradecraft.1.0.zip,"2025-04-09 07:31:41",https://wordpress.org/themes/tradecraft/,6.1,6.4
art-and-craft,"Art And Craft",1.3,1.2,https://downloads.wordpress.org/theme/art-and-craft.1.3.zip,"2025-04-09 09:06:22",https://wordpress.org/themes/art-and-craft/,6.1,5.6
cafe-coffee-blocks,"Cafe Coffee Blocks",1.0.7,1.0.6,https://downloads.wordpress.org/theme/cafe-coffee-blocks.1.0.7.zip,"2025-04-09 09:05:47",https://wordpress.org/themes/cafe-coffee-blocks/,6.0,7.2
call-center-services,"Call Center Services",1.2,1.1,https://downloads.wordpress.org/theme/call-center-services.1.2.zip,"2025-04-09 09:07:11",https://wordpress.org/themes/call-center-services/,6.1,5.6
camera-rental,"Camera Rental",1.3,1.2,https://downloads.wordpress.org/theme/camera-rental.1.3.zip,"2025-04-09 09:07:47",https://wordpress.org/themes/camera-rental/,6.1,5.6
cloud-kitchen,"Cloud Kitchen",1.0.7,1.0.6,https://downloads.wordpress.org/theme/cloud-kitchen.1.0.7.zip,"2025-04-09 09:05:51",https://wordpress.org/themes/cloud-kitchen/,6.0,7.2
darkmusic-blog,"Darkmusic Blog",1.3.6,1.3.5,https://downloads.wordpress.org/theme/darkmusic-blog.1.3.6.zip,"2025-04-09 09:31:25",https://wordpress.org/themes/darkmusic-blog/,,7.0
eco-solar-energy,"Eco Solar Energy",1.0.22,1.0.21,https://downloads.wordpress.org/theme/eco-solar-energy.1.0.22.zip,"2025-04-09 09:13:28",https://wordpress.org/themes/eco-solar-energy/,,5.6
general-food-store,"General Food Store",1.0.5,1.0.4,https://downloads.wordpress.org/theme/general-food-store.1.0.5.zip,"2025-04-09 09:06:21",https://wordpress.org/themes/general-food-store/,6.0,7.2
home-internet-provider,"Home Internet Provider",1.3,1.2,https://downloads.wordpress.org/theme/home-internet-provider.1.3.zip,"2025-04-09 09:08:41",https://wordpress.org/themes/home-internet-provider/,6.1,5.6
jewelry-blocks,"Jewelry Blocks",1.5,1.4,https://downloads.wordpress.org/theme/jewelry-blocks.1.5.zip,"2025-04-09 09:05:35",https://wordpress.org/themes/jewelry-blocks/,6.1,5.6
legal-justice,"Legal Justice",1.1.1,1.1.0,https://downloads.wordpress.org/theme/legal-justice.1.1.1.zip,"2025-04-09 09:22:44",https://wordpress.org/themes/legal-justice/,,7.0
lifeline-hospital,"Lifeline Hospital",1.0.4,1.0.3,https://downloads.wordpress.org/theme/lifeline-hospital.1.0.4.zip,"2025-04-09 09:26:01",https://wordpress.org/themes/lifeline-hospital/,,7.0
logistics-express,"Logistics Express",1.0.2,1.0.1,https://downloads.wordpress.org/theme/logistics-express.1.0.2.zip,"2025-04-09 09:25:29",https://wordpress.org/themes/logistics-express/,,7.0
minimal-muse,"Minimal Muse",1.5.9,1.5.8,https://downloads.wordpress.org/theme/minimal-muse.1.5.9.zip,"2025-04-09 09:29:03",https://wordpress.org/themes/minimal-muse/,,7.0
moonlit-dark,"Moonlit Dark",1.5.7,1.5.6,https://downloads.wordpress.org/theme/moonlit-dark.1.5.7.zip,"2025-04-09 09:32:31",https://wordpress.org/themes/moonlit-dark/,,7.0
namaha,Namaha,1.0.59,1.0.58,https://downloads.wordpress.org/theme/namaha.1.0.59.zip,"2025-04-09 09:32:24",https://wordpress.org/themes/namaha/,4.7,5.3
online-retailer,"Online Retailer",1.4,1.3,https://downloads.wordpress.org/theme/online-retailer.1.4.zip,"2025-04-09 09:09:23",https://wordpress.org/themes/online-retailer/,6.1,5.6
panoramic,Panoramic,1.1.76,1.1.75,https://downloads.wordpress.org/theme/panoramic.1.1.76.zip,"2025-04-09 09:17:58",https://wordpress.org/themes/panoramic/,4.7,5.3
personal-bodyguard,"Personal Bodyguard",1.0.6,1.0.5,https://downloads.wordpress.org/theme/personal-bodyguard.1.0.6.zip,"2025-04-09 09:06:40",https://wordpress.org/themes/personal-bodyguard/,6.0,7.2
ph-news-center,"PH News Center",1.0.2.2.1,1.0.2.2,https://downloads.wordpress.org/theme/ph-news-center.1.0.2.2.1.zip,"2025-04-09 09:31:46",https://wordpress.org/themes/ph-news-center/,,5.6
radiant-home-decor,"Radiant Home Decor",1.0.1,1.0,https://downloads.wordpress.org/theme/radiant-home-decor.1.0.1.zip,"2025-04-09 09:07:17",https://wordpress.org/themes/radiant-home-decor/,6.0,7.2
radiant-portfolio,"Radiant Portfolio",1.0.7,1.0.6,https://downloads.wordpress.org/theme/radiant-portfolio.1.0.7.zip,"2025-04-09 09:07:18",https://wordpress.org/themes/radiant-portfolio/,6.0,7.2
tailor-suits,"Tailor Suits",1.8,1.7,https://downloads.wordpress.org/theme/tailor-suits.1.8.zip,"2025-04-09 09:10:40",https://wordpress.org/themes/tailor-suits/,6.1,5.6
travel-agent-blocks,"Travel Agent Blocks",1.9,1.8,https://downloads.wordpress.org/theme/travel-agent-blocks.1.9.zip,"2025-04-09 09:13:07",https://wordpress.org/themes/travel-agent-blocks/,6.1,5.6
vortexnews,VortexNews,2.3.8,2.3.7,https://downloads.wordpress.org/theme/vortexnews.2.3.8.zip,"2025-04-09 09:30:36",https://wordpress.org/themes/vortexnews/,,7.0
water-sports-rental,"Water Sports Rental",1.8,1.7,https://downloads.wordpress.org/theme/water-sports-rental.1.8.zip,"2025-04-09 09:12:09",https://wordpress.org/themes/water-sports-rental/,6.1,5.6
advance-automobile,"Advance Automobile",1.2.7,1.2.6,https://downloads.wordpress.org/theme/advance-automobile.1.2.7.zip,"2025-04-09 09:39:39",https://wordpress.org/themes/advance-automobile/,5.0,7.2
advance-education,"Advance Education",1.1.9,1.1.8,https://downloads.wordpress.org/theme/advance-education.1.1.9.zip,"2025-04-09 09:40:23",https://wordpress.org/themes/advance-education/,,7.2
advance-it-company,"Advance IT Company",1.2.5,1.2.4,https://downloads.wordpress.org/theme/advance-it-company.1.2.5.zip,"2025-04-09 09:41:36",https://wordpress.org/themes/advance-it-company/,5.0,7.2
advance-startup,"Advance Startup",1.1,1.0.9,https://downloads.wordpress.org/theme/advance-startup.1.1.zip,"2025-04-09 09:42:27",https://wordpress.org/themes/advance-startup/,5.0,7.2
coupons-deals,"Coupons Deals",0.7.8,0.7.7,https://downloads.wordpress.org/theme/coupons-deals.0.7.8.zip,"2025-04-09 09:40:10",https://wordpress.org/themes/coupons-deals/,5.0,7.2
delish-blog,"Delish Blog",1.0.3,1.0.2,https://downloads.wordpress.org/theme/delish-blog.1.0.3.zip,"2025-04-09 09:36:44",https://wordpress.org/themes/delish-blog/,,7.0
dropshipping-store,"Dropshipping Store",0.8.6,0.8.5,https://downloads.wordpress.org/theme/dropshipping-store.0.8.6.zip,"2025-04-09 09:40:57",https://wordpress.org/themes/dropshipping-store/,5.0,7.2
ecommerce-solution,"Ecommerce Solution",1.5.6,1.5.5,https://downloads.wordpress.org/theme/ecommerce-solution.1.5.6.zip,"2025-04-09 09:41:54",https://wordpress.org/themes/ecommerce-solution/,5.0,7.2
ecommerce-watch-store,"Ecommerce Watch Store",0.4,0.3.9,https://downloads.wordpress.org/theme/ecommerce-watch-store.0.4.zip,"2025-04-09 09:33:57",https://wordpress.org/themes/ecommerce-watch-store/,5.0,7.2
envo-shop,"Envo Shop",1.2.3,1.2.1,https://downloads.wordpress.org/theme/envo-shop.1.2.3.zip,"2025-04-09 10:26:28",https://wordpress.org/themes/envo-shop/,,5.6
florist-flower-shop,"Florist Flower Shop",0.9.3,0.9.2,https://downloads.wordpress.org/theme/florist-flower-shop.0.9.3.zip,"2025-04-09 09:35:12",https://wordpress.org/themes/florist-flower-shop/,5.0,7.2
interactive-education,"Interactive Education",1.1,1.0,https://downloads.wordpress.org/theme/interactive-education.1.1.zip,"2025-04-09 10:30:02",https://wordpress.org/themes/interactive-education/,,5.6
lms-education-courses,"LMS Education Courses",0.3.9,0.3.8,https://downloads.wordpress.org/theme/lms-education-courses.0.3.9.zip,"2025-04-09 09:36:33",https://wordpress.org/themes/lms-education-courses/,5.0,7.2
pet-rescue-lite,"Pet Rescue Lite",0.9.2,0.9.1,https://downloads.wordpress.org/theme/pet-rescue-lite.0.9.2.zip,"2025-04-09 09:46:13",https://wordpress.org/themes/pet-rescue-lite/,5.0,7.2
quest-blog,"Quest Blog",1.1.5,1.1.4,https://downloads.wordpress.org/theme/quest-blog.1.1.5.zip,"2025-04-09 09:33:50",https://wordpress.org/themes/quest-blog/,,7.0
real-estate-broker,"Real Estate Broker",0.7,0.6.9,https://downloads.wordpress.org/theme/real-estate-broker.0.7.zip,"2025-04-09 09:44:13",https://wordpress.org/themes/real-estate-broker/,5.0,7.2
real-estate-realtor,"Real Estate Realtor",0.8.7,0.8.6,https://downloads.wordpress.org/theme/real-estate-realtor.0.8.7.zip,"2025-04-09 09:45:09",https://wordpress.org/themes/real-estate-realtor/,5.0,7.2
recipe-realm-blog,"Recipe Realm Blog",1.4.8,1.4.7,https://downloads.wordpress.org/theme/recipe-realm-blog.1.4.8.zip,"2025-04-09 09:37:25",https://wordpress.org/themes/recipe-realm-blog/,,7.0
shopping-solution,"Shopping Solution",0.7.4,0.7.3,https://downloads.wordpress.org/theme/shopping-solution.0.7.4.zip,"2025-04-09 09:43:15",https://wordpress.org/themes/shopping-solution/,5.0,7.2
spa-serenity,"Spa Serenity",1.3.6,1.3.5,https://downloads.wordpress.org/theme/spa-serenity.1.3.6.zip,"2025-04-09 09:38:21",https://wordpress.org/themes/spa-serenity/,,7.0
spotless-cleaning,"Spotless Cleaning",1.2.7,1.2.6,https://downloads.wordpress.org/theme/spotless-cleaning.1.2.7.zip,"2025-04-09 09:40:40",https://wordpress.org/themes/spotless-cleaning/,,7.2
tech-startup,"Tech Startup",0.6.4,0.6.3,https://downloads.wordpress.org/theme/tech-startup.0.6.4.zip,"2025-04-09 09:42:59",https://wordpress.org/themes/tech-startup/,5.0,7.2
urban-restaurant,"Urban Restaurant",1.1.4,1.1.3,https://downloads.wordpress.org/theme/urban-restaurant.1.1.4.zip,"2025-04-09 09:41:21",https://wordpress.org/themes/urban-restaurant/,,7.0
vitality-blog,"Vitality Blog",1.4.2,1.4.1,https://downloads.wordpress.org/theme/vitality-blog.1.4.2.zip,"2025-04-09 09:42:12",https://wordpress.org/themes/vitality-blog/,,7.0
vogue-blog,"Vogue Blog",1.3.8,1.3.7,https://downloads.wordpress.org/theme/vogue-blog.1.3.8.zip,"2025-04-09 09:43:55",https://wordpress.org/themes/vogue-blog/,,7.0
vw-business-consulting,"VW Business Consulting",0.3.4,0.3.3,https://downloads.wordpress.org/theme/vw-business-consulting.0.3.4.zip,"2025-04-09 09:37:56",https://wordpress.org/themes/vw-business-consulting/,5.0,7.2
vw-clothing-store,"VW Clothing Store",0.3.9,0.3.8,https://downloads.wordpress.org/theme/vw-clothing-store.0.3.9.zip,"2025-04-09 09:39:45",https://wordpress.org/themes/vw-clothing-store/,5.0,7.2
vw-home-renovation,"VW Home Renovation",0.4.9,0.4.8,https://downloads.wordpress.org/theme/vw-home-renovation.0.4.9.zip,"2025-04-09 09:40:48",https://wordpress.org/themes/vw-home-renovation/,5.0,7.2
vw-pet-care,"VW Pet Care",0.3.4,0.3.3,https://downloads.wordpress.org/theme/vw-pet-care.0.3.4.zip,"2025-04-09 09:42:04",https://wordpress.org/themes/vw-pet-care/,5.0,7.2
yith-proteo,"YITH Proteo",1.9.8,1.9.7,https://downloads.wordpress.org/theme/yith-proteo.1.9.8.zip,"2025-04-09 10:05:31",https://wordpress.org/themes/yith-proteo/,,7.0
yith-wonder,"YITH Wonder",2.1.1,2.1.0,https://downloads.wordpress.org/theme/yith-wonder.2.1.1.zip,"2025-04-09 10:38:28",https://wordpress.org/themes/yith-wonder/,6.5,7.0
zenflow-yoga,"Zenflow Yoga",1.2.0,1.1.9,https://downloads.wordpress.org/theme/zenflow-yoga.1.2.0.zip,"2025-04-09 09:45:09",https://wordpress.org/themes/zenflow-yoga/,,7.0
digitaltech,DigitalTech,1.1,,https://downloads.wordpress.org/theme/digitaltech.1.1.zip,"2025-04-09 09:46:23",https://wordpress.org/themes/digitaltech/,6.0,7.0
coffee-tea,"Coffee Tea",4.2,4.1,https://downloads.wordpress.org/theme/coffee-tea.4.2.zip,"2025-04-09 11:09:06",https://wordpress.org/themes/coffee-tea/,,7.2
expert-business-consultant,"Expert Business Consultant",4.1,4.0,https://downloads.wordpress.org/theme/expert-business-consultant.4.1.zip,"2025-04-09 11:08:32",https://wordpress.org/themes/expert-business-consultant/,,7.2
expert-digital-agency,"Expert Digital Agency",5.1,5.0,https://downloads.wordpress.org/theme/expert-digital-agency.5.1.zip,"2025-04-09 11:08:00",https://wordpress.org/themes/expert-digital-agency/,,7.2
expert-fitness-trainer,"Expert Fitness Trainer",2.3,2.2,https://downloads.wordpress.org/theme/expert-fitness-trainer.2.3.zip,"2025-04-09 11:07:19",https://wordpress.org/themes/expert-fitness-trainer/,,7.2
expert-makeup-stylist,"Expert Makeup Stylist",6.1,6.0,https://downloads.wordpress.org/theme/expert-makeup-stylist.6.1.zip,"2025-04-09 11:06:46",https://wordpress.org/themes/expert-makeup-stylist/,,7.2
expert-ngo-volunteer,"Expert NGO Volunteer",0.7.5,0.7.4,https://downloads.wordpress.org/theme/expert-ngo-volunteer.0.7.5.zip,"2025-04-09 11:06:15",https://wordpress.org/themes/expert-ngo-volunteer/,,7.2
aromatic,Aromatic,18.9,18.8,https://downloads.wordpress.org/theme/aromatic.18.9.zip,"2025-04-09 12:17:57",https://wordpress.org/themes/aromatic/,4.7,5.6
ayroma,Ayroma,18.3,18.2,https://downloads.wordpress.org/theme/ayroma.18.3.zip,"2025-04-09 12:17:22",https://wordpress.org/themes/ayroma/,4.7,5.6
blog-lover,"Blog Lover",1.1.5,1.1.4,https://downloads.wordpress.org/theme/blog-lover.1.1.5.zip,"2025-04-09 11:51:43",https://wordpress.org/themes/blog-lover/,5.0,5.6
book-review-blog,"Book Review Blog",1.2.3,1.2.2,https://downloads.wordpress.org/theme/book-review-blog.1.2.3.zip,"2025-04-09 11:57:44",https://wordpress.org/themes/book-review-blog/,5.0,7.1
caresoft,CareSoft,1.0.76,1.0.75,https://downloads.wordpress.org/theme/caresoft.1.0.76.zip,"2025-04-09 11:29:12",https://wordpress.org/themes/caresoft/,4.7,5.6
cozysoft,CozySoft,1.0.93,1.0.92,https://downloads.wordpress.org/theme/cozysoft.1.0.93.zip,"2025-04-09 11:28:49",https://wordpress.org/themes/cozysoft/,4.7,5.6
easytech,EasyTech,1.0.66,1.0.65,https://downloads.wordpress.org/theme/easytech.1.0.66.zip,"2025-04-09 11:30:34",https://wordpress.org/themes/easytech/,4.7,5.6
express-store,"Express Store",14.4,14.3,https://downloads.wordpress.org/theme/express-store.14.4.zip,"2025-04-09 12:23:56",https://wordpress.org/themes/express-store/,,5.6
feauty,Feauty,18.2,18.1,https://downloads.wordpress.org/theme/feauty.18.2.zip,"2025-04-09 12:23:19",https://wordpress.org/themes/feauty/,4.7,5.6
flexi-mart,"Flexi Mart",5.4,5.3,https://downloads.wordpress.org/theme/flexi-mart.5.4.zip,"2025-04-09 12:19:50",https://wordpress.org/themes/flexi-mart/,,5.6
flossy,Flossy,10.7,10.6,https://downloads.wordpress.org/theme/flossy.10.7.zip,"2025-04-09 12:19:23",https://wordpress.org/themes/flossy/,4.7,5.6
flow-store,"Flow Store",6.5,6.4,https://downloads.wordpress.org/theme/flow-store.6.5.zip,"2025-04-09 12:18:54",https://wordpress.org/themes/flow-store/,,5.6
home-shifting-services,"Home Shifting Services",1.2,1.1,https://downloads.wordpress.org/theme/home-shifting-services.1.2.zip,"2025-04-09 11:38:47",https://wordpress.org/themes/home-shifting-services/,5.5,5.6
kyamera,Kyamera,1.0.6,1.0.5,https://downloads.wordpress.org/theme/kyamera.1.0.6.zip,"2025-04-09 11:52:06",https://wordpress.org/themes/kyamera/,5.0,5.6
magic-blog,"Magic Blog",1.1.0,1.0.9,https://downloads.wordpress.org/theme/magic-blog.1.1.0.zip,"2025-04-09 11:52:55",https://wordpress.org/themes/magic-blog/,,5.6
paw-bazaar,"Paw Bazaar",2.0,1.9,https://downloads.wordpress.org/theme/paw-bazaar.2.0.zip,"2025-04-09 12:26:33",https://wordpress.org/themes/paw-bazaar/,,5.6
pet-bazaar,"Pet Bazaar",2.7,2.6,https://downloads.wordpress.org/theme/pet-bazaar.2.7.zip,"2025-04-09 12:25:13",https://wordpress.org/themes/pet-bazaar/,4.7,5.6
pet-store,"Pet Store",1.6,1.5,https://downloads.wordpress.org/theme/pet-store.1.6.zip,"2025-04-09 12:24:34",https://wordpress.org/themes/pet-store/,,5.6
pontos-news-magazine,"Pontos News Magazine",1.5.0,1.4.9,https://downloads.wordpress.org/theme/pontos-news-magazine.1.5.0.zip,"2025-04-09 12:36:24",https://wordpress.org/themes/pontos-news-magazine/,6.4,7.0
retailsy,Retailsy,18.2,18.1,https://downloads.wordpress.org/theme/retailsy.18.2.zip,"2025-04-09 11:51:27",https://wordpress.org/themes/retailsy/,4.7,5.6
shopient,Shopient,18.2,18.1,https://downloads.wordpress.org/theme/shopient.18.2.zip,"2025-04-09 12:10:18",https://wordpress.org/themes/shopient/,4.7,5.6
shopiva,Shopiva,18.2,18.1,https://downloads.wordpress.org/theme/shopiva.18.2.zip,"2025-04-09 12:09:56",https://wordpress.org/themes/shopiva/,4.7,5.6
shoply,Shoply,18.3,18.2,https://downloads.wordpress.org/theme/shoply.18.3.zip,"2025-04-09 12:09:30",https://wordpress.org/themes/shoply/,4.7,5.6
shopstar,Shopstar!,1.1.51,1.1.50,https://downloads.wordpress.org/theme/shopstar.1.1.51.zip,"2025-04-09 12:40:34",https://wordpress.org/themes/shopstar/,4.7,5.3
softinn,Softinn,1.0.92,1.0.91,https://downloads.wordpress.org/theme/softinn.1.0.92.zip,"2025-04-09 11:28:25",https://wordpress.org/themes/softinn/,4.7,5.6
softme,SoftMe,1.1.3,1.1.2,https://downloads.wordpress.org/theme/softme.1.1.3.zip,"2025-04-09 11:27:54",https://wordpress.org/themes/softme/,4.7,5.6
softmunch,SoftMunch,1.0.42,1.0.41,https://downloads.wordpress.org/theme/softmunch.1.0.42.zip,"2025-04-09 11:36:29",https://wordpress.org/themes/softmunch/,4.7,5.6
storefit,Storefit,12.9,12.8,https://downloads.wordpress.org/theme/storefit.12.9.zip,"2025-04-09 12:18:27",https://wordpress.org/themes/storefit/,,5.6
storely,Storely,18.7,18.6,https://downloads.wordpress.org/theme/storely.18.7.zip,"2025-04-09 12:09:09",https://wordpress.org/themes/storely/,4.7,5.6
storess,Storess,18.2,18.1,https://downloads.wordpress.org/theme/storess.18.2.zip,"2025-04-09 12:08:31",https://wordpress.org/themes/storess/,4.7,5.6
storezia,Storezia,18.3,18.2,https://downloads.wordpress.org/theme/storezia.18.3.zip,"2025-04-09 12:05:37",https://wordpress.org/themes/storezia/,4.7,5.6
suntech,Suntech,1.0.70,1.0.69,https://downloads.wordpress.org/theme/suntech.1.0.70.zip,"2025-04-09 11:29:34",https://wordpress.org/themes/suntech/,4.7,5.6
truesoft,TrueSoft,1.0.49,1.0.48,https://downloads.wordpress.org/theme/truesoft.1.0.49.zip,"2025-04-09 11:30:05",https://wordpress.org/themes/truesoft/,4.7,5.6
archline,Archline,1.5,1.4,https://downloads.wordpress.org/theme/archline.1.5.zip,"2025-04-09 12:58:53",https://wordpress.org/themes/archline/,6.7,5.7
go,Go,1.8.15,1.8.13,https://downloads.wordpress.org/theme/go.1.8.15.zip,"2025-04-09 15:31:06",https://wordpress.org/themes/go/,,5.6
keno,Keno,1.1.9,1.0.9,https://downloads.wordpress.org/theme/keno.1.1.9.zip,"2025-04-09 15:40:53",https://wordpress.org/themes/keno/,,7.4
ollie,Ollie,1.4.5,1.4.4,https://downloads.wordpress.org/theme/ollie.1.4.5.zip,"2025-04-09 15:34:06",https://wordpress.org/themes/ollie/,,7.3
citylogic,CityLogic,1.1.44,1.1.43,https://downloads.wordpress.org/theme/citylogic.1.1.44.zip,"2025-04-09 18:27:05",https://wordpress.org/themes/citylogic/,4.7,5.3
hunky-multipurpose,"Hunky Multipurpose",1.2,1.1,https://downloads.wordpress.org/theme/hunky-multipurpose.1.2.zip,"2025-04-09 20:03:20",https://wordpress.org/themes/hunky-multipurpose/,,7.4
acronix,Acronix,1.5.4,1.5.3,https://downloads.wordpress.org/theme/acronix.1.5.4.zip,"2025-04-10 01:02:40",https://wordpress.org/themes/acronix/,,5.6
aera,Aera,13.0,12.9,https://downloads.wordpress.org/theme/aera.13.0.zip,"2025-04-10 01:06:12",https://wordpress.org/themes/aera/,4.7,5.6
ameya,Ameya,12.9,12.8,https://downloads.wordpress.org/theme/ameya.12.9.zip,"2025-04-10 01:05:47",https://wordpress.org/themes/ameya/,4.7,5.6
arbuda,Arbuda,12.8,12.7,https://downloads.wordpress.org/theme/arbuda.12.8.zip,"2025-04-10 01:02:12",https://wordpress.org/themes/arbuda/,4.7,5.6
belltech,Belltech,12.8,12.7,https://downloads.wordpress.org/theme/belltech.12.8.zip,"2025-04-10 01:05:17",https://wordpress.org/themes/belltech/,4.7,5.6
builderse,Builderse,11.2,11.1,https://downloads.wordpress.org/theme/builderse.11.2.zip,"2025-04-10 01:03:41",https://wordpress.org/themes/builderse/,4.7,5.6
colorflow,ColorFlow,1.5,1.4,https://downloads.wordpress.org/theme/colorflow.1.5.zip,"2025-04-10 00:59:47",https://wordpress.org/themes/colorflow/,4.7,5.6
eractor,Eractor,10.8,10.7,https://downloads.wordpress.org/theme/eractor.10.8.zip,"2025-04-10 01:03:15",https://wordpress.org/themes/eractor/,4.7,5.6
fiona-food,"Fiona Food",13.0,12.9,https://downloads.wordpress.org/theme/fiona-food.13.0.zip,"2025-04-10 01:02:58",https://wordpress.org/themes/fiona-food/,4.7,5.6
gradiantx,GradiantX,1.4,1.3,https://downloads.wordpress.org/theme/gradiantx.1.4.zip,"2025-04-10 01:01:52",https://wordpress.org/themes/gradiantx/,4.7,5.6
nexcraft-bpo,"Nexcraft BPO",3.1,3.0,https://downloads.wordpress.org/theme/nexcraft-bpo.3.1.zip,"2025-04-10 01:00:46",https://wordpress.org/themes/nexcraft-bpo/,,5.6
nexcraft,NexCraft,5.1,5.0,https://downloads.wordpress.org/theme/nexcraft.5.1.zip,"2025-04-10 01:01:33",https://wordpress.org/themes/nexcraft/,4.7,5.6
shadiant,Shadiant,1.0,0.9,https://downloads.wordpress.org/theme/shadiant.1.0.zip,"2025-04-10 01:00:25",https://wordpress.org/themes/shadiant/,4.7,5.6
startbiz,StartBiz,13.8,13.7,https://downloads.wordpress.org/theme/startbiz.13.8.zip,"2025-04-10 01:04:38",https://wordpress.org/themes/startbiz/,4.7,5.6
varuda,Varuda,12.9,12.8,https://downloads.wordpress.org/theme/varuda.12.9.zip,"2025-04-10 01:04:05",https://wordpress.org/themes/varuda/,4.7,5.6
x-t9,X-T9,1.32.0,1.31.1,https://downloads.wordpress.org/theme/x-t9.1.32.0.zip,"2025-04-10 03:21:04",https://wordpress.org/themes/x-t9/,6.5,7.4
beauty-cosmetic-store,"Beauty Cosmetic Store",0.1.1,0.1.0,https://downloads.wordpress.org/theme/beauty-cosmetic-store.0.1.1.zip,"2025-04-10 04:27:39",https://wordpress.org/themes/beauty-cosmetic-store/,5.0,7.2
christmas-event,"Christmas Event",0.1.6,0.1.7,https://downloads.wordpress.org/theme/christmas-event.0.1.6.zip,"2025-04-10 04:26:15",https://wordpress.org/themes/christmas-event/,5.0,5.6
cinematic-videos,"Cinematic Videos",0.1.1,0.1.0,https://downloads.wordpress.org/theme/cinematic-videos.0.1.1.zip,"2025-04-10 04:27:54",https://wordpress.org/themes/cinematic-videos/,5.0,7.2
dentist-dental-care,"Dentist Dental Care",4.1,4.0,https://downloads.wordpress.org/theme/dentist-dental-care.4.1.zip,"2025-04-10 04:19:38",https://wordpress.org/themes/dentist-dental-care/,5.0,7.2
fashion-designer-mart,"Fashion Designer Mart",4.0,3.9,https://downloads.wordpress.org/theme/fashion-designer-mart.4.0.zip,"2025-04-10 04:18:46",https://wordpress.org/themes/fashion-designer-mart/,5.0,7.2
home-interior-designer,"Home Interior Designer",3.7,3.6,https://downloads.wordpress.org/theme/home-interior-designer.3.7.zip,"2025-04-10 04:20:58",https://wordpress.org/themes/home-interior-designer/,5.0,7.2
kindergarten-playschool,"Kindergarten Playschool",0.1.2,0.1.1,https://downloads.wordpress.org/theme/kindergarten-playschool.0.1.2.zip,"2025-04-10 04:28:13",https://wordpress.org/themes/kindergarten-playschool/,5.0,7.2
kitchen-interior-design,"Kitchen Interior Design",0.1.1,0.1.0,https://downloads.wordpress.org/theme/kitchen-interior-design.0.1.1.zip,"2025-04-10 04:28:23",https://wordpress.org/themes/kitchen-interior-design/,5.0,7.2
plant-garden,"Plant Garden",4.1,4.0,https://downloads.wordpress.org/theme/plant-garden.4.1.zip,"2025-04-10 04:19:08",https://wordpress.org/themes/plant-garden/,5.0,7.2
professional-blogger,"Professional Blogger",3.8,3.7,https://downloads.wordpress.org/theme/professional-blogger.3.8.zip,"2025-04-10 04:19:58",https://wordpress.org/themes/professional-blogger/,5.0,7.2
vr-games,"VR Games",0.1.0,0.0.9,https://downloads.wordpress.org/theme/vr-games.0.1.0.zip,"2025-04-10 04:28:44",https://wordpress.org/themes/vr-games/,5.0,7.2
perfume-store,"Perfume Store",0.2,,https://downloads.wordpress.org/theme/perfume-store.0.2.zip,"2025-04-10 04:16:04",https://wordpress.org/themes/perfume-store/,5.0,5.6
advance-news,"Advance News",1.0.18,1.0.16,https://downloads.wordpress.org/theme/advance-news.1.0.18.zip,"2025-04-10 05:01:46",https://wordpress.org/themes/advance-news/,4.7,5.6
blogger-newspaper,"Blogger Newspaper",1.0.8,1.0.7,https://downloads.wordpress.org/theme/blogger-newspaper.1.0.8.zip,"2025-04-10 05:05:30",https://wordpress.org/themes/blogger-newspaper/,4.7,5.6
classic-newspaper,"Classic Newspaper",1.0.8,1.0.7,https://downloads.wordpress.org/theme/classic-newspaper.1.0.8.zip,"2025-04-10 05:05:52",https://wordpress.org/themes/classic-newspaper/,4.7,5.6
extend-newspaper,"Extend Newspaper",1.0.3,1.0.2,https://downloads.wordpress.org/theme/extend-newspaper.1.0.3.zip,"2025-04-10 05:07:07",https://wordpress.org/themes/extend-newspaper/,4.7,5.6
graceful-gold-blog,"Graceful Gold Blog",1.0.2,1.0.1,https://downloads.wordpress.org/theme/graceful-gold-blog.1.0.2.zip,"2025-04-10 04:47:46",https://wordpress.org/themes/graceful-gold-blog/,5.3,5.6
news-biz,"News Biz",1.0.25,1.0.24,https://downloads.wordpress.org/theme/news-biz.1.0.25.zip,"2025-04-10 05:07:56",https://wordpress.org/themes/news-biz/,4.7,5.6
news-blogs,"News Blogs",1.0.34,1.0.33,https://downloads.wordpress.org/theme/news-blogs.1.0.34.zip,"2025-04-10 05:08:30",https://wordpress.org/themes/news-blogs/,4.7,5.6
news-hours,"News Hours",1.0.23,1.0.22,https://downloads.wordpress.org/theme/news-hours.1.0.23.zip,"2025-04-10 05:09:01",https://wordpress.org/themes/news-hours/,4.7,5.6
news-press,"News Press",1.0.34,1.0.33,https://downloads.wordpress.org/theme/news-press.1.0.34.zip,"2025-04-10 05:09:31",https://wordpress.org/themes/news-press/,4.7,5.6
news-time,"News Time",1.0.29,1.0.28,https://downloads.wordpress.org/theme/news-time.1.0.29.zip,"2025-04-10 05:09:56",https://wordpress.org/themes/news-time/,4.7,5.6
news-update,"News Update",1.0.25,1.0.24,https://downloads.wordpress.org/theme/news-update.1.0.25.zip,"2025-04-10 05:10:19",https://wordpress.org/themes/news-update/,4.7,5.6
news-word,"News Word",1.0.24,1.0.23,https://downloads.wordpress.org/theme/news-word.1.0.24.zip,"2025-04-10 05:10:47",https://wordpress.org/themes/news-word/,4.7,5.6
newspaper-ai,"Newspaper AI",1.0.25,1.0.24,https://downloads.wordpress.org/theme/newspaper-ai.1.0.25.zip,"2025-04-10 05:11:43",https://wordpress.org/themes/newspaper-ai/,4.7,5.6
newspaper-flash,"Newspaper Flash",1.0.7,1.0.6,https://downloads.wordpress.org/theme/newspaper-flash.1.0.7.zip,"2025-04-10 05:12:14",https://wordpress.org/themes/newspaper-flash/,4.7,5.6
newspaper-story,"Newspaper Story",1.0.18,1.0.16,https://downloads.wordpress.org/theme/newspaper-story.1.0.18.zip,"2025-04-10 05:12:36",https://wordpress.org/themes/newspaper-story/,4.7,5.6
newspaper-up,"Newspaper Up",1.0.36,1.0.35,https://downloads.wordpress.org/theme/newspaper-up.1.0.36.zip,"2025-04-10 05:13:14",https://wordpress.org/themes/newspaper-up/,4.7,5.6
newspapers-mag,"Newspapers Mag",1.0.23,1.0.22,https://downloads.wordpress.org/theme/newspapers-mag.1.0.23.zip,"2025-04-10 05:14:12",https://wordpress.org/themes/newspapers-mag/,4.7,5.6
newspapers-tr,"Newspapers tr",1.0.34,1.0.33,https://downloads.wordpress.org/theme/newspapers-tr.1.0.34.zip,"2025-04-10 05:17:18",https://wordpress.org/themes/newspapers-tr/,4.7,5.6
newspapers-x,"Newspapers X",1.0.39,1.0.38,https://downloads.wordpress.org/theme/newspapers-x.1.0.39.zip,"2025-04-10 05:15:03",https://wordpress.org/themes/newspapers-x/,4.7,5.6
newspaperss,Newspaperss,2.60.0,2.59.0,https://downloads.wordpress.org/theme/newspaperss.2.60.0.zip,"2025-04-10 05:18:06",https://wordpress.org/themes/newspaperss/,4.7,6.0
pattern-newspaper,"Pattern Newspaper",1.0.12,1.0.11,https://downloads.wordpress.org/theme/pattern-newspaper.1.0.12.zip,"2025-04-10 05:19:38",https://wordpress.org/themes/pattern-newspaper/,4.7,5.6
plus-news,"Plus News",1.0.21,1.0.20,https://downloads.wordpress.org/theme/plus-news.1.0.21.zip,"2025-04-10 05:21:57",https://wordpress.org/themes/plus-news/,4.7,5.6
seo-newspaper,"Seo Newspaper",1.0.6,1.0.5,https://downloads.wordpress.org/theme/seo-newspaper.1.0.6.zip,"2025-04-10 05:22:57",https://wordpress.org/themes/seo-newspaper/,4.7,5.6
silk-news,"Silk News",1.0.33,1.0.32,https://downloads.wordpress.org/theme/silk-news.1.0.33.zip,"2025-04-10 05:30:37",https://wordpress.org/themes/silk-news/,4.7,5.6
simple-newspaper,"Simple Newspaper",1.0.27,1.0.26,https://downloads.wordpress.org/theme/simple-newspaper.1.0.27.zip,"2025-04-10 05:31:50",https://wordpress.org/themes/simple-newspaper/,4.7,5.6
top-newspaper,"Top Newspaper",1.34,1.33,https://downloads.wordpress.org/theme/top-newspaper.1.34.zip,"2025-04-10 05:23:52",https://wordpress.org/themes/top-newspaper/,4.5,5.6
trade-news,"Trade News",1.0.24,1.0.23,https://downloads.wordpress.org/theme/trade-news.1.0.24.zip,"2025-04-10 05:24:14",https://wordpress.org/themes/trade-news/,4.7,5.6
up-news,"Up News",1.0.30,1.0.29,https://downloads.wordpress.org/theme/up-news.1.0.30.zip,"2025-04-10 05:24:39",https://wordpress.org/themes/up-news/,4.7,5.6
white-newspaper,"White Newspaper",1.0.12,1.0.11,https://downloads.wordpress.org/theme/white-newspaper.1.0.12.zip,"2025-04-10 05:25:14",https://wordpress.org/themes/white-newspaper/,4.7,5.6
z-newspapers,"Z Newspapers",1.0.2,1.0.1,https://downloads.wordpress.org/theme/z-newspapers.1.0.2.zip,"2025-04-10 05:26:13",https://wordpress.org/themes/z-newspapers/,4.7,5.6
adventure-travelling,"Adventure Travelling",4.2,4.1,https://downloads.wordpress.org/theme/adventure-travelling.4.2.zip,"2025-04-10 06:19:53",https://wordpress.org/themes/adventure-travelling/,5.0,5.6
crockery-store,"Crockery Store",0.2,0.1,https://downloads.wordpress.org/theme/crockery-store.0.2.zip,"2025-04-10 06:21:19",https://wordpress.org/themes/crockery-store/,5.0,5.6
expert-mechanic,"Expert Mechanic",0.4.4,0.4.3,https://downloads.wordpress.org/theme/expert-mechanic.0.4.4.zip,"2025-04-10 06:15:19",https://wordpress.org/themes/expert-mechanic/,,7.2
inside-tours,"Inside Tours",0.5.9,0.5.8,https://downloads.wordpress.org/theme/inside-tours.0.5.9.zip,"2025-04-10 06:16:15",https://wordpress.org/themes/inside-tours/,,7.2
laundry-master,"Laundry Master",0.4.3,0.4.2,https://downloads.wordpress.org/theme/laundry-master.0.4.3.zip,"2025-04-10 06:17:06",https://wordpress.org/themes/laundry-master/,5.0,7.2
resort-hotel-booking,"Resort Hotel Booking",4.6,4.5,https://downloads.wordpress.org/theme/resort-hotel-booking.4.6.zip,"2025-04-10 06:20:40",https://wordpress.org/themes/resort-hotel-booking/,5.0,5.6
silk-newspaper,"Silk Newspaper",1.0.28,1.0.27,https://downloads.wordpress.org/theme/silk-newspaper.1.0.28.zip,"2025-04-10 05:33:06",https://wordpress.org/themes/silk-newspaper/,4.7,5.6
sk-newspaper,"SK Newspaper",1.0.26,1.0.25,https://downloads.wordpress.org/theme/sk-newspaper.1.0.26.zip,"2025-04-10 05:32:21",https://wordpress.org/themes/sk-newspaper/,4.7,5.6
sole-newspapers,"Sole Newspapers",1.0.18,1.0.16,https://downloads.wordpress.org/theme/sole-newspapers.1.0.18.zip,"2025-04-10 05:32:43",https://wordpress.org/themes/sole-newspapers/,4.7,5.6
the-pet-clinic,"The Pet Clinic",0.7.6,0.7.5,https://downloads.wordpress.org/theme/the-pet-clinic.0.7.6.zip,"2025-04-10 06:14:50",https://wordpress.org/themes/the-pet-clinic/,,7.2
the-tour-operator,"The Tour Operator",6.5,6.4,https://downloads.wordpress.org/theme/the-tour-operator.6.5.zip,"2025-04-10 06:23:51",https://wordpress.org/themes/the-tour-operator/,5.0,5.6
tourism-guide,"Tourism Guide",4.1,4.0,https://downloads.wordpress.org/theme/tourism-guide.4.1.zip,"2025-04-10 06:24:39",https://wordpress.org/themes/tourism-guide/,5.0,5.6
travel-agent,"Travel Agent",5.0,4.9,https://downloads.wordpress.org/theme/travel-agent.5.0.zip,"2025-04-10 06:25:18",https://wordpress.org/themes/travel-agent/,5.0,5.6
travel-vlogger,"Travel Vlogger",4.6,4.5,https://downloads.wordpress.org/theme/travel-vlogger.4.6.zip,"2025-04-10 06:28:53",https://wordpress.org/themes/travel-vlogger/,5.0,5.6
utsav-event-planner,"Utsav Event Planner",0.5.8,0.5.7,https://downloads.wordpress.org/theme/utsav-event-planner.0.5.8.zip,"2025-04-10 06:15:43",https://wordpress.org/themes/utsav-event-planner/,,7.2
classic-newspaper,"Classic Newspaper",1.0.9,1.0.8,https://downloads.wordpress.org/theme/classic-newspaper.1.0.9.zip,"2025-04-10 06:42:31",https://wordpress.org/themes/classic-newspaper/,4.7,5.6
responsive,Responsive,6.1.5,6.1.4,https://downloads.wordpress.org/theme/responsive.6.1.5.zip,"2025-04-10 06:41:15",https://wordpress.org/themes/responsive/,,5.6
expert-sports-coach,"Expert Sports Coach",4.3,4.2,https://downloads.wordpress.org/theme/expert-sports-coach.4.3.zip,"2025-04-10 08:09:05",https://wordpress.org/themes/expert-sports-coach/,,7.2
expert-travel-vlogger,"Expert Travel Vlogger",3.0,2.9,https://downloads.wordpress.org/theme/expert-travel-vlogger.3.0.zip,"2025-04-10 08:13:23",https://wordpress.org/themes/expert-travel-vlogger/,,7.2
medicine-shop,"Medicine Shop",4.2,4.1,https://downloads.wordpress.org/theme/medicine-shop.4.2.zip,"2025-04-10 08:08:26",https://wordpress.org/themes/medicine-shop/,,7.2
roofing-solutions,"Roofing Solutions",1.1.6,1.1.5,https://downloads.wordpress.org/theme/roofing-solutions.1.1.6.zip,"2025-04-10 08:36:38",https://wordpress.org/themes/roofing-solutions/,5.0,7.2
solar-system-company,"Solar System Company",2.2,2.1,https://downloads.wordpress.org/theme/solar-system-company.2.2.zip,"2025-04-10 08:12:09",https://wordpress.org/themes/solar-system-company/,,7.2
travel-booking-expert,"Travel Booking Expert",5.1,5.0,https://downloads.wordpress.org/theme/travel-booking-expert.5.1.zip,"2025-04-10 08:11:02",https://wordpress.org/themes/travel-booking-expert/,,7.2
tropicana,Tropicana,1.0.90,1.0.89,https://downloads.wordpress.org/theme/tropicana.1.0.90.zip,"2025-04-10 08:14:05",https://wordpress.org/themes/tropicana/,4.7,5.3
vacation-rental-expert,"Vacation Rental Expert",2.9,2.8,https://downloads.wordpress.org/theme/vacation-rental-expert.2.9.zip,"2025-04-10 08:11:27",https://wordpress.org/themes/vacation-rental-expert/,,7.2
bakery-treats,"Bakery Treats",2.1,2.0,https://downloads.wordpress.org/theme/bakery-treats.2.1.zip,"2025-04-10 08:50:24",https://wordpress.org/themes/bakery-treats/,5.5,7.2
business-development-coaching,"Business Development Coaching",1.1.1,1.1.0,https://downloads.wordpress.org/theme/business-development-coaching.1.1.1.zip,"2025-04-10 08:50:54",https://wordpress.org/themes/business-development-coaching/,6.0,7.2
business-revolution,"Business Revolution",1.1.6,1.1.5,https://downloads.wordpress.org/theme/business-revolution.1.1.6.zip,"2025-04-10 08:51:30",https://wordpress.org/themes/business-revolution/,6.0,7.2
continental-restaurant,"Continental Restaurant",2.1,2.0,https://downloads.wordpress.org/theme/continental-restaurant.2.1.zip,"2025-04-10 08:51:46",https://wordpress.org/themes/continental-restaurant/,5.5,7.2
estate-rental-listings,"Estate Rental Listings",2.0,1.9,https://downloads.wordpress.org/theme/estate-rental-listings.2.0.zip,"2025-04-10 08:52:02",https://wordpress.org/themes/estate-rental-listings/,5.5,7.2
oceanic,Oceanic,1.0.60,1.0.59,https://downloads.wordpress.org/theme/oceanic.1.0.60.zip,"2025-04-10 09:27:29",https://wordpress.org/themes/oceanic/,4.7,5.3
the-words,"The Words",1.1.1,1.1.0,https://downloads.wordpress.org/theme/the-words.1.1.1.zip,"2025-04-10 09:20:37",https://wordpress.org/themes/the-words/,,5.5
ultimate-ecommerce-shop,"Ultimate Ecommerce Shop",0.6.4,0.6.3,https://downloads.wordpress.org/theme/ultimate-ecommerce-shop.0.6.4.zip,"2025-04-10 08:37:10",https://wordpress.org/themes/ultimate-ecommerce-shop/,5.0,7.2
alpha-accounting,"Alpha Accounting",1.6,1.5,https://downloads.wordpress.org/theme/alpha-accounting.1.6.zip,"2025-04-10 09:38:35",https://wordpress.org/themes/alpha-accounting/,5.9,5.6
alpha-blocks,"Alpha Blocks",1.8,1.7,https://downloads.wordpress.org/theme/alpha-blocks.1.8.zip,"2025-04-10 09:37:57",https://wordpress.org/themes/alpha-blocks/,5.9,5.6
alpha-brunch-cafe,"Alpha Brunch Cafe",1.8,1.7,https://downloads.wordpress.org/theme/alpha-brunch-cafe.1.8.zip,"2025-04-10 09:38:59",https://wordpress.org/themes/alpha-brunch-cafe/,5.9,5.6
alpha-business-portfolio,"Alpha Business Portfolio",1.9,1.8,https://downloads.wordpress.org/theme/alpha-business-portfolio.1.9.zip,"2025-04-10 09:39:09",https://wordpress.org/themes/alpha-business-portfolio/,5.9,5.6
alpha-business-startup,"Alpha Business Startup",1.9,1.8,https://downloads.wordpress.org/theme/alpha-business-startup.1.9.zip,"2025-04-10 09:39:29",https://wordpress.org/themes/alpha-business-startup/,5.9,5.6
alpha-digital-agency,"Alpha Digital Agency",1.2,1.1,https://downloads.wordpress.org/theme/alpha-digital-agency.1.2.zip,"2025-04-10 09:39:59",https://wordpress.org/themes/alpha-digital-agency/,5.9,5.6
altra,Altra,1.1,1.0.99,https://downloads.wordpress.org/theme/altra.1.1.zip,"2025-04-10 11:04:00",https://wordpress.org/themes/altra/,4.7,5.6
arvita,Arvita,1.0.5,1.0.4,https://downloads.wordpress.org/theme/arvita.1.0.5.zip,"2025-04-10 11:11:40",https://wordpress.org/themes/arvita/,4.7,5.6
atrux,Atrux,1.0.83,1.0.82,https://downloads.wordpress.org/theme/atrux.1.0.83.zip,"2025-04-10 11:08:23",https://wordpress.org/themes/atrux/,4.7,5.6
atua,Atua,1.1.14,1.1.13,https://downloads.wordpress.org/theme/atua.1.1.14.zip,"2025-04-10 11:03:25",https://wordpress.org/themes/atua/,4.7,5.6
atus,Atus,1.0.95,1.0.94,https://downloads.wordpress.org/theme/atus.1.0.95.zip,"2025-04-10 11:05:38",https://wordpress.org/themes/atus/,4.7,5.6
atuvi,Atuvi,1.0.45,1.0.44,https://downloads.wordpress.org/theme/atuvi.1.0.45.zip,"2025-04-10 11:09:58",https://wordpress.org/themes/atuvi/,4.7,5.6
atuxa,Atuxa,1.0.50,1.0.49,https://downloads.wordpress.org/theme/atuxa.1.0.50.zip,"2025-04-10 11:09:32",https://wordpress.org/themes/atuxa/,4.7,5.6
avvy,Avvy,1.0.97,1.0.96,https://downloads.wordpress.org/theme/avvy.1.0.97.zip,"2025-04-10 11:05:08",https://wordpress.org/themes/avvy/,4.7,5.6
baby-toys-store,"Baby Toys Store",0.1.6,0.1.5,https://downloads.wordpress.org/theme/baby-toys-store.0.1.6.zip,"2025-04-10 11:05:26",https://wordpress.org/themes/baby-toys-store/,,5.6
envo-ecommerce,"Envo eCommerce",1.2.2,1.2.1,https://downloads.wordpress.org/theme/envo-ecommerce.1.2.2.zip,"2025-04-10 10:54:28",https://wordpress.org/themes/envo-ecommerce/,,5.6
envo-marketplace,"Envo Marketplace",1.2.2,1.2.1,https://downloads.wordpress.org/theme/envo-marketplace.1.2.2.zip,"2025-04-10 11:02:29",https://wordpress.org/themes/envo-marketplace/,,5.6
envo-online-store,"Envo Online Store",1.1.2,1.1.1,https://downloads.wordpress.org/theme/envo-online-store.1.1.2.zip,"2025-04-10 11:00:09",https://wordpress.org/themes/envo-online-store/,,5.6
envo-shopper,"Envo Shopper",1.2.3,1.2.2,https://downloads.wordpress.org/theme/envo-shopper.1.2.3.zip,"2025-04-10 11:05:33",https://wordpress.org/themes/envo-shopper/,,5.6
envo-storefront,"Envo Storefront",1.2.3,1.2.2,https://downloads.wordpress.org/theme/envo-storefront.1.2.3.zip,"2025-04-10 10:57:07",https://wordpress.org/themes/envo-storefront/,,5.6
flexea,Flexea,1.0.85,1.0.84,https://downloads.wordpress.org/theme/flexea.1.0.85.zip,"2025-04-10 11:06:09",https://wordpress.org/themes/flexea/,4.7,5.6
flexeo,Flexeo,1.1.4,1.1.3,https://downloads.wordpress.org/theme/flexeo.1.1.4.zip,"2025-04-10 11:04:27",https://wordpress.org/themes/flexeo/,4.7,5.6
flexina,Flexina,1.0.41,1.0.40,https://downloads.wordpress.org/theme/flexina.1.0.41.zip,"2025-04-10 11:10:59",https://wordpress.org/themes/flexina/,4.7,5.6
fluxa,Fluxa,1.0.69,1.0.68,https://downloads.wordpress.org/theme/fluxa.1.0.69.zip,"2025-04-10 11:09:04",https://wordpress.org/themes/fluxa/,4.7,5.6
online-startup-business,"Online Startup Business",0.1.6,0.1.5,https://downloads.wordpress.org/theme/online-startup-business.0.1.6.zip,"2025-04-10 11:06:09",https://wordpress.org/themes/online-startup-business/,,5.6
softalt,SoftAlt,1.0.16,1.0.15,https://downloads.wordpress.org/theme/softalt.1.0.16.zip,"2025-04-10 11:12:29",https://wordpress.org/themes/softalt/,4.7,5.6
accommodation-rental,"Accommodation Rental",0.5.8,0.5.7,https://downloads.wordpress.org/theme/accommodation-rental.0.5.8.zip,"2025-04-10 12:48:15",https://wordpress.org/themes/accommodation-rental/,5.0,7.2
advance-blogging,"Advance Blogging",1.7.2,1.7.1,https://downloads.wordpress.org/theme/advance-blogging.1.7.2.zip,"2025-04-10 12:52:26",https://wordpress.org/themes/advance-blogging/,5.0,7.2
aravalli,Aravalli,13.1,13.0,https://downloads.wordpress.org/theme/aravalli.13.1.zip,"2025-04-10 12:54:56",https://wordpress.org/themes/aravalli/,4.7,5.6
art-gallery-museum,"Art Gallery Museum",0.7.1,0.7,https://downloads.wordpress.org/theme/art-gallery-museum.0.7.1.zip,"2025-04-10 12:53:54",https://wordpress.org/themes/art-gallery-museum/,5.0,7.2
auction-bidding,"Auction Bidding",0.6.2,0.6.1,https://downloads.wordpress.org/theme/auction-bidding.0.6.2.zip,"2025-04-10 12:49:33",https://wordpress.org/themes/auction-bidding/,5.0,7.2
automobile-car-dealer,"Automobile Car Dealer",1.3.8,1.3.7,https://downloads.wordpress.org/theme/automobile-car-dealer.1.3.8.zip,"2025-04-10 12:54:31",https://wordpress.org/themes/automobile-car-dealer/,5.0,7.2
avril,Avril,13.4,13.3,https://downloads.wordpress.org/theme/avril.13.4.zip,"2025-04-10 12:54:18",https://wordpress.org/themes/avril/,4.7,5.6
boostify,Boostify,13.1,13.0,https://downloads.wordpress.org/theme/boostify.13.1.zip,"2025-04-10 12:53:49",https://wordpress.org/themes/boostify/,4.7,5.6
cargo-transport,"Cargo Transport",1.6.4,1.6.3,https://downloads.wordpress.org/theme/cargo-transport.1.6.4.zip,"2025-04-10 12:54:26",https://wordpress.org/themes/cargo-transport/,5.0,5.6
chartered-accountant,"Chartered Accountant",0.2,0.1,https://downloads.wordpress.org/theme/chartered-accountant.0.2.zip,"2025-04-10 12:51:01",https://wordpress.org/themes/chartered-accountant/,5.0,7.2
conceptly,Conceptly,14.0,13.9,https://downloads.wordpress.org/theme/conceptly.14.0.zip,"2025-04-10 12:52:35",https://wordpress.org/themes/conceptly/,4.7,5.6
electronics-marketplace,"Electronics Marketplace",0.6.9,0.6.8,https://downloads.wordpress.org/theme/electronics-marketplace.0.6.9.zip,"2025-04-10 12:53:01",https://wordpress.org/themes/electronics-marketplace/,5.0,7.2
empowerwp,EmpowerWP,1.0.34,1.0.33,https://downloads.wordpress.org/theme/empowerwp.1.0.34.zip,"2025-04-10 11:57:04",https://wordpress.org/themes/empowerwp/,,5.6
event-management,"Event Management",0.7.6,0.7.5,https://downloads.wordpress.org/theme/event-management.0.7.6.zip,"2025-04-10 12:52:17",https://wordpress.org/themes/event-management/,5.0,7.2
feminine-shop,"Feminine Shop",0.9.5,0.9.4,https://downloads.wordpress.org/theme/feminine-shop.0.9.5.zip,"2025-04-10 12:51:45",https://wordpress.org/themes/feminine-shop/,5.0,7.2
fiona-blog,"Fiona Blog",13.2,13.1,https://downloads.wordpress.org/theme/fiona-blog.13.2.zip,"2025-04-10 12:52:01",https://wordpress.org/themes/fiona-blog/,4.7,5.6
furniture-interior,"Furniture Interior",3.4.3,3.4.2,https://downloads.wordpress.org/theme/furniture-interior.3.4.3.zip,"2025-04-10 12:54:52",https://wordpress.org/themes/furniture-interior/,5.0,7.2
gradiant,Gradiant,13.7,13.6,https://downloads.wordpress.org/theme/gradiant.13.7.zip,"2025-04-10 12:51:32",https://wordpress.org/themes/gradiant/,4.7,5.6
highlight,Highlight,1.0.43,1.0.42,https://downloads.wordpress.org/theme/highlight.1.0.43.zip,"2025-04-10 11:57:35",https://wordpress.org/themes/highlight/,,5.6
hr-management-consultancy,"HR Management Consultancy",0.5.7,0.5.6,https://downloads.wordpress.org/theme/hr-management-consultancy.0.5.7.zip,"2025-04-10 12:53:08",https://wordpress.org/themes/hr-management-consultancy/,5.0,7.2
islamic-center-mosque,"Islamic Center Mosque",0.6.4,0.6.3,https://downloads.wordpress.org/theme/islamic-center-mosque.0.6.4.zip,"2025-04-10 12:54:11",https://wordpress.org/themes/islamic-center-mosque/,5.0,7.2
kindergarten-education,"Kindergarten Education",1.5.7,1.5.6,https://downloads.wordpress.org/theme/kindergarten-education.1.5.7.zip,"2025-04-10 12:51:03",https://wordpress.org/themes/kindergarten-education/,5.0,7.2
learnpress-coaching,"LearnPress Coaching",0.7.3,0.7.2,https://downloads.wordpress.org/theme/learnpress-coaching.0.7.3.zip,"2025-04-10 12:50:03",https://wordpress.org/themes/learnpress-coaching/,5.0,7.2
materialis,Materialis,1.1.52,1.1.50,https://downloads.wordpress.org/theme/materialis.1.1.52.zip,"2025-04-10 11:54:03",https://wordpress.org/themes/materialis/,,5.6
mesmerize,Mesmerize,1.6.145,1.6.143,https://downloads.wordpress.org/theme/mesmerize.1.6.145.zip,"2025-04-10 11:56:36",https://wordpress.org/themes/mesmerize/,,5.6
metasoft,MetaSoft,13.1,13.0,https://downloads.wordpress.org/theme/metasoft.13.1.zip,"2025-04-10 12:50:58",https://wordpress.org/themes/metasoft/,4.7,5.6
movie-critic-review,"Movie Critic Review",0.5.9,0.5.8,https://downloads.wordpress.org/theme/movie-critic-review.0.5.9.zip,"2025-04-10 12:54:57",https://wordpress.org/themes/movie-critic-review/,5.0,7.2
newsblogger,NewsBlogger,0.2.5.3,0.2.5.2,https://downloads.wordpress.org/theme/newsblogger.0.2.5.3.zip,"2025-04-10 12:43:46",https://wordpress.org/themes/newsblogger/,4.5,5.6
newscrunch,Newscrunch,1.8.4.4,1.8.4.3,https://downloads.wordpress.org/theme/newscrunch.1.8.4.4.zip,"2025-04-10 12:42:59",https://wordpress.org/themes/newscrunch/,4.5,5.6
one-page-express,"One Page Express",1.3.45,1.3.43,https://downloads.wordpress.org/theme/one-page-express.1.3.45.zip,"2025-04-10 11:55:51",https://wordpress.org/themes/one-page-express/,,5.6
optical-lens-shop,"Optical Lens Shop",0.6.4,0.6.3,https://downloads.wordpress.org/theme/optical-lens-shop.0.6.4.zip,"2025-04-10 12:55:39",https://wordpress.org/themes/optical-lens-shop/,5.0,7.2
transport-movers,"Transport Movers",1.5.2,1.5.1,https://downloads.wordpress.org/theme/transport-movers.1.5.2.zip,"2025-04-10 12:49:02",https://wordpress.org/themes/transport-movers/,5.0,7.2
wecodeart,WeCodeArt,6.6.3,6.6.2,https://downloads.wordpress.org/theme/wecodeart.6.6.3.zip,"2025-04-10 11:47:05",https://wordpress.org/themes/wecodeart/,6.5,7.4
car-booking,"Car Booking",1.0.0,,https://downloads.wordpress.org/theme/car-booking.1.0.0.zip,"2025-04-10 12:31:54",https://wordpress.org/themes/car-booking/,5.3,5.6
skt-plain,"SKT Plain",1.0,,https://downloads.wordpress.org/theme/skt-plain.1.0.zip,"2025-04-10 12:31:42",https://wordpress.org/themes/skt-plain/,,7.4
vortexis,Vortexis,1.0,,https://downloads.wordpress.org/theme/vortexis.1.0.zip,"2025-04-10 12:46:03",https://wordpress.org/themes/vortexis/,6.7,5.7
accron,Accron,1.8.2,1.8.1,https://downloads.wordpress.org/theme/accron.1.8.2.zip,"2025-04-10 12:55:54",https://wordpress.org/themes/accron/,4.7,5.6
avenza,Avenza,1.5.7,1.5.6,https://downloads.wordpress.org/theme/avenza.1.5.7.zip,"2025-04-10 13:08:40",https://wordpress.org/themes/avenza/,,5.6
avitech,Avitech,12.8,12.7,https://downloads.wordpress.org/theme/avitech.12.8.zip,"2025-04-10 13:08:18",https://wordpress.org/themes/avitech/,4.7,5.6
avtari,Avtari,12.8,12.7,https://downloads.wordpress.org/theme/avtari.12.8.zip,"2025-04-10 13:03:51",https://wordpress.org/themes/avtari/,4.7,5.6
azwa,Azwa,12.9,12.8,https://downloads.wordpress.org/theme/azwa.12.9.zip,"2025-04-10 13:08:01",https://wordpress.org/themes/azwa/,4.7,5.6
colorflow,ColorFlow,1.6,1.5,https://downloads.wordpress.org/theme/colorflow.1.6.zip,"2025-04-10 13:12:11",https://wordpress.org/themes/colorflow/,4.7,5.6
cormex,Cormex,5.3,5.2,https://downloads.wordpress.org/theme/cormex.5.3.zip,"2025-04-10 13:03:33",https://wordpress.org/themes/cormex/,,5.6
corpex,Corpex,6.9,6.8,https://downloads.wordpress.org/theme/corpex.6.9.zip,"2025-04-10 12:58:10",https://wordpress.org/themes/corpex/,4.7,5.6
eduvert,Eduvert,13.1,13.0,https://downloads.wordpress.org/theme/eduvert.13.1.zip,"2025-04-10 12:57:35",https://wordpress.org/themes/eduvert/,4.7,5.6
envira,Envira,12.8,12.7,https://downloads.wordpress.org/theme/envira.12.8.zip,"2025-04-10 13:07:30",https://wordpress.org/themes/envira/,4.7,5.6
eventpress,EventPress,15.2,15.0,https://downloads.wordpress.org/theme/eventpress.15.2.zip,"2025-04-10 12:56:34",https://wordpress.org/themes/eventpress/,4.7,5.6
evita,Evita,1.6.4,1.6.3,https://downloads.wordpress.org/theme/evita.1.6.4.zip,"2025-04-10 13:03:03",https://wordpress.org/themes/evita/,,5.6
fiona-news,"Fiona News",13.0,12.9,https://downloads.wordpress.org/theme/fiona-news.13.0.zip,"2025-04-10 13:05:56",https://wordpress.org/themes/fiona-news/,4.7,5.6
gradiantx,GradiantX,1.5,1.4,https://downloads.wordpress.org/theme/gradiantx.1.5.zip,"2025-04-10 13:11:55",https://wordpress.org/themes/gradiantx/,4.7,5.6
hantus,Hantus,14.1,14.0,https://downloads.wordpress.org/theme/hantus.14.1.zip,"2025-04-10 13:02:29",https://wordpress.org/themes/hantus/,4.7,5.6
interior-designs,"Interior Designs",1.6.2,1.6.1,https://downloads.wordpress.org/theme/interior-designs.1.6.2.zip,"2025-04-10 12:56:20",https://wordpress.org/themes/interior-designs/,,7.2
kid-toys-store,"Kid Toys Store",1.4.2,1.4.1,https://downloads.wordpress.org/theme/kid-toys-store.1.4.2.zip,"2025-04-10 12:58:33",https://wordpress.org/themes/kid-toys-store/,5.0,7.2
logistic-transport,"Logistic Transport",1.4.2,1.4.1,https://downloads.wordpress.org/theme/logistic-transport.1.4.2.zip,"2025-04-10 12:59:11",https://wordpress.org/themes/logistic-transport/,5.0,7.2
medazin,Medazin,10.8,10.7,https://downloads.wordpress.org/theme/medazin.10.8.zip,"2025-04-10 13:01:59",https://wordpress.org/themes/medazin/,4.7,5.6
medical-supplements-store,"Medical Supplements Store",1.3.1,1.3,https://downloads.wordpress.org/theme/medical-supplements-store.1.3.1.zip,"2025-04-10 13:00:44",https://wordpress.org/themes/medical-supplements-store/,5.0,7.2
nexcraft-bpo,"Nexcraft BPO",3.2,3.1,https://downloads.wordpress.org/theme/nexcraft-bpo.3.2.zip,"2025-04-10 13:11:40",https://wordpress.org/themes/nexcraft-bpo/,,5.6
nexcraft,NexCraft,5.2,5.1,https://downloads.wordpress.org/theme/nexcraft.5.2.zip,"2025-04-10 13:11:11",https://wordpress.org/themes/nexcraft/,4.7,5.6
product-comparison-woocommerce,"Product Comparison Woocommerce",0.4.6,0.4.5,https://downloads.wordpress.org/theme/product-comparison-woocommerce.0.4.6.zip,"2025-04-10 12:58:24",https://wordpress.org/themes/product-comparison-woocommerce/,5.0,7.2
profolio,Profolio,4.9,4.8,https://downloads.wordpress.org/theme/profolio.4.9.zip,"2025-04-10 13:07:11",https://wordpress.org/themes/profolio/,,5.6
renoval,Renoval,12.4,12.3,https://downloads.wordpress.org/theme/renoval.12.4.zip,"2025-04-10 13:01:19",https://wordpress.org/themes/renoval/,4.7,5.6
shadiant,Shadiant,1.1,1.0,https://downloads.wordpress.org/theme/shadiant.1.1.zip,"2025-04-10 13:12:36",https://wordpress.org/themes/shadiant/,4.7,5.6
software-agency,"Software Agency",0.9,0.8.9,https://downloads.wordpress.org/theme/software-agency.0.9.zip,"2025-04-10 12:59:08",https://wordpress.org/themes/software-agency/,5.0,7.2
startkit,StartKit,15.3,15.2,https://downloads.wordpress.org/theme/startkit.15.3.zip,"2025-04-10 12:58:36",https://wordpress.org/themes/startkit/,4.7,5.6
techine,Techine,12.8,12.7,https://downloads.wordpress.org/theme/techine.12.8.zip,"2025-04-10 13:06:30",https://wordpress.org/themes/techine/,4.7,5.6
thai-spa,"Thai Spa",13.0,12.9,https://downloads.wordpress.org/theme/thai-spa.13.0.zip,"2025-04-10 13:04:53",https://wordpress.org/themes/thai-spa/,4.7,5.6
timeblog,TimeBlog,9.0,8.9,https://downloads.wordpress.org/theme/timeblog.9.0.zip,"2025-04-10 13:04:24",https://wordpress.org/themes/timeblog/,4.7,5.6
vw-logistics-shipping,"VW Logistics Shipping",0.4.3,0.4.2,https://downloads.wordpress.org/theme/vw-logistics-shipping.0.4.3.zip,"2025-04-10 13:00:35",https://wordpress.org/themes/vw-logistics-shipping/,5.0,7.2
vw-saas-services,"VW SAAS Services",0.3.8,0.3.7,https://downloads.wordpress.org/theme/vw-saas-services.0.3.8.zip,"2025-04-10 13:01:19",https://wordpress.org/themes/vw-saas-services/,5.0,7.2
nostos,Nostos,1.2.0,1.1.5,https://downloads.wordpress.org/theme/nostos.1.2.0.zip,"2025-04-10 13:45:00",https://wordpress.org/themes/nostos/,6.4,7.0
nas-autoparts-online-store,"NAS Autoparts Online Store",1.0.9,1.0.8,https://downloads.wordpress.org/theme/nas-autoparts-online-store.1.0.9.zip,"2025-04-10 14:38:12",https://wordpress.org/themes/nas-autoparts-online-store/,6.1,5.6
nas-construction-build,"NAS Construction Build",1.1.1,1.0.9,https://downloads.wordpress.org/theme/nas-construction-build.1.1.1.zip,"2025-04-10 14:40:09",https://wordpress.org/themes/nas-construction-build/,5.9,5.6
nas-construction-lite,"NAS Construction Lite",1.1.6,1.1.5,https://downloads.wordpress.org/theme/nas-construction-lite.1.1.6.zip,"2025-04-10 14:36:34",https://wordpress.org/themes/nas-construction-lite/,6.0,7.0
nas-consulting-lite,"NAS Consulting Lite",1.0.4,1.0.3,https://downloads.wordpress.org/theme/nas-consulting-lite.1.0.4.zip,"2025-04-10 14:35:48",https://wordpress.org/themes/nas-consulting-lite/,6.0,7.0
alvert,Alvert,1.0.35,1.0.34,https://downloads.wordpress.org/theme/alvert.1.0.35.zip,"2025-04-10 17:26:00",https://wordpress.org/themes/alvert/,,5.4
avinza,Avinza,1.0.25,1.0.24,https://downloads.wordpress.org/theme/avinza.1.0.25.zip,"2025-04-10 17:23:03",https://wordpress.org/themes/avinza/,,5.4
flecto,Flecto,1.0.47,1.0.46,https://downloads.wordpress.org/theme/flecto.1.0.47.zip,"2025-04-10 17:28:26",https://wordpress.org/themes/flecto/,,5.4
flixify,Flixify,1.0.50,1.0.49,https://downloads.wordpress.org/theme/flixify.1.0.50.zip,"2025-04-10 17:29:23",https://wordpress.org/themes/flixify/,,5.4
quickbiz,QuickBiz,1.0.42,1.0.41,https://downloads.wordpress.org/theme/quickbiz.1.0.42.zip,"2025-04-10 17:27:30",https://wordpress.org/themes/quickbiz/,,5.4
quickify,Quickify,1.0.30,1.0.29,https://downloads.wordpress.org/theme/quickify.1.0.30.zip,"2025-04-10 17:24:58",https://wordpress.org/themes/quickify/,,5.4
alexia,Alexia,1.0.73,1.0.72,https://downloads.wordpress.org/theme/alexia.1.0.73.zip,"2025-04-10 17:34:27",https://wordpress.org/themes/alexia/,,5.4
arvila,Arvila,1.0.68,1.0.67,https://downloads.wordpress.org/theme/arvila.1.0.68.zip,"2025-04-10 17:33:53",https://wordpress.org/themes/arvila/,,5.4
avine,Avine,1.0.62,1.0.61,https://downloads.wordpress.org/theme/avine.1.0.62.zip,"2025-04-10 17:32:15",https://wordpress.org/themes/avine/,,5.4
avire,Avire,1.0.52,1.0.51,https://downloads.wordpress.org/theme/avire.1.0.52.zip,"2025-04-10 17:30:37",https://wordpress.org/themes/avire/,,5.4
enovia,Enovia,1.0.60,1.0.59,https://downloads.wordpress.org/theme/enovia.1.0.60.zip,"2025-04-10 17:31:17",https://wordpress.org/themes/enovia/,,5.4
flixicart,FlixiCart,1.0.80,1.0.79,https://downloads.wordpress.org/theme/flixicart.1.0.80.zip,"2025-04-10 17:35:15",https://wordpress.org/themes/flixicart/,,5.4
multibiz,MultiBiz,1.0.65,1.0.64,https://downloads.wordpress.org/theme/multibiz.1.0.65.zip,"2025-04-10 17:33:12",https://wordpress.org/themes/multibiz/,,5.4
residential-real-estate,"Residential Real Estate",1.1,1.0,https://downloads.wordpress.org/theme/residential-real-estate.1.1.zip,"2025-04-10 18:32:58",https://wordpress.org/themes/residential-real-estate/,,5.6
bestio,Bestio,2.1,2.0,https://downloads.wordpress.org/theme/bestio.2.1.zip,"2025-04-10 19:44:12",https://wordpress.org/themes/bestio/,6.0,5.7
dark-realm,"Dark Realm",1.4,1.3,https://downloads.wordpress.org/theme/dark-realm.1.4.zip,"2025-04-10 19:46:29",https://wordpress.org/themes/dark-realm/,6.7,5.7
drweb,Drweb,1.7,1.6,https://downloads.wordpress.org/theme/drweb.1.7.zip,"2025-04-10 19:44:53",https://wordpress.org/themes/drweb/,6.0,5.7
eclipse-creative-portfolio,"Eclipse Creative Portfolio",1.2,1.1,https://downloads.wordpress.org/theme/eclipse-creative-portfolio.1.2.zip,"2025-04-10 19:46:00",https://wordpress.org/themes/eclipse-creative-portfolio/,6.0,5.7
govoyage,Govoyage,2.2,2.0,https://downloads.wordpress.org/theme/govoyage.2.2.zip,"2025-04-10 19:50:07",https://wordpress.org/themes/govoyage/,6.0,5.7
hardlight,Hardlight,1.7,1.6,https://downloads.wordpress.org/theme/hardlight.1.7.zip,"2025-04-10 19:53:54",https://wordpress.org/themes/hardlight/,6.0,5.7
highlevel,Highlevel,1.9,1.8,https://downloads.wordpress.org/theme/highlevel.1.9.zip,"2025-04-10 19:57:24",https://wordpress.org/themes/highlevel/,6.0,5.7
illume,Illume,1.3,1.2,https://downloads.wordpress.org/theme/illume.1.3.zip,"2025-04-10 19:47:37",https://wordpress.org/themes/illume/,6.0,5.7
journey-turism,"Journey Turism",3.8,3.6,https://downloads.wordpress.org/theme/journey-turism.3.8.zip,"2025-04-10 19:45:31",https://wordpress.org/themes/journey-turism/,6.0,5.7
lightreal,Lightreal,1.8,1.7,https://downloads.wordpress.org/theme/lightreal.1.8.zip,"2025-04-10 19:55:55",https://wordpress.org/themes/lightreal/,6.0,5.7
multipurposee,Multipurposee,2.9,2.8,https://downloads.wordpress.org/theme/multipurposee.2.9.zip,"2025-04-10 19:41:25",https://wordpress.org/themes/multipurposee/,6.0,5.7
nimbora,Nimbora,1.4,1.2,https://downloads.wordpress.org/theme/nimbora.1.4.zip,"2025-04-10 20:27:59",https://wordpress.org/themes/nimbora/,6.7,5.7
smoothone,SmoothOne,1.4,1.3,https://downloads.wordpress.org/theme/smoothone.1.4.zip,"2025-04-10 19:56:31",https://wordpress.org/themes/smoothone/,6.0,5.7
top-one,"Top One",1.8,1.7,https://downloads.wordpress.org/theme/top-one.1.8.zip,"2025-04-10 19:54:58",https://wordpress.org/themes/top-one/,6.0,5.7
topwork,Topwork,1.9,1.8,https://downloads.wordpress.org/theme/topwork.1.9.zip,"2025-04-10 19:39:24",https://wordpress.org/themes/topwork/,6.0,5.7
vadan,Vadan,2.0,1.9,https://downloads.wordpress.org/theme/vadan.2.0.zip,"2025-04-10 19:59:59",https://wordpress.org/themes/vadan/,6.0,5.7
velora,Velora,1.3,1.2,https://downloads.wordpress.org/theme/velora.1.3.zip,"2025-04-10 19:47:05",https://wordpress.org/themes/velora/,6.7,5.7
vortexis,Vortexis,1.2,1.0,https://downloads.wordpress.org/theme/vortexis.1.2.zip,"2025-04-10 19:36:33",https://wordpress.org/themes/vortexis/,6.7,5.7
mixin-styles-gb,"Mixin' Styles- GB",1.1.2,1.1.1,https://downloads.wordpress.org/theme/mixin-styles-gb.1.1.2.zip,"2025-04-11 01:09:50",https://wordpress.org/themes/mixin-styles-gb/,6.2,7.4
graftee,graftee,1.1.39,1.1.38,https://downloads.wordpress.org/theme/graftee.1.1.39.zip,"2025-04-11 03:03:52",https://wordpress.org/themes/graftee/,,7.2
business-guidance-coach,"Business Guidance Coach",3.5,3.4,https://downloads.wordpress.org/theme/business-guidance-coach.3.5.zip,"2025-04-11 04:10:51",https://wordpress.org/themes/business-guidance-coach/,5.0,7.2
data-science-specialist,"Data Science Specialist",1.1.0,1.0.9,https://downloads.wordpress.org/theme/data-science-specialist.1.1.0.zip,"2025-04-11 03:54:54",https://wordpress.org/themes/data-science-specialist/,,5.6
digitaltech,DigitalTech,1.2,1.1,https://downloads.wordpress.org/theme/digitaltech.1.2.zip,"2025-04-11 03:59:16",https://wordpress.org/themes/digitaltech/,6.0,7.0
ecommece-marketplace,"Ecommece Marketplace",3.1,3.0,https://downloads.wordpress.org/theme/ecommece-marketplace.3.1.zip,"2025-04-11 04:11:15",https://wordpress.org/themes/ecommece-marketplace/,5.0,7.2
fse-band-artist,"FSE Band Artist",1.0.1,1.0.0,https://downloads.wordpress.org/theme/fse-band-artist.1.0.1.zip,"2025-04-11 03:54:38",https://wordpress.org/themes/fse-band-artist/,5.9,5.6
fse-gym-trainer,"FSE Gym Trainer",1.1.1,1.1.0,https://downloads.wordpress.org/theme/fse-gym-trainer.1.1.1.zip,"2025-04-11 03:55:12",https://wordpress.org/themes/fse-gym-trainer/,,5.6
fse-nonprofit-ngo,"FSE Nonprofit NGO",1.0.2,1.0.1,https://downloads.wordpress.org/theme/fse-nonprofit-ngo.1.0.2.zip,"2025-04-11 03:55:30",https://wordpress.org/themes/fse-nonprofit-ngo/,5.9,5.6
fse-soccer-league,"FSE Soccer League",1.1.0,1.0.9,https://downloads.wordpress.org/theme/fse-soccer-league.1.1.0.zip,"2025-04-11 03:55:46",https://wordpress.org/themes/fse-soccer-league/,5.9,5.6
shushi-cafeteria,"Shushi Cafeteria",2.9,2.8,https://downloads.wordpress.org/theme/shushi-cafeteria.2.9.zip,"2025-04-11 04:11:52",https://wordpress.org/themes/shushi-cafeteria/,5.0,7.2
volleyball-coach,"Volleyball Coach",3.0,2.9,https://downloads.wordpress.org/theme/volleyball-coach.3.0.zip,"2025-04-11 04:11:34",https://wordpress.org/themes/volleyball-coach/,5.0,7.2
wedding-planner-lite,"Wedding Planner Lite",2.6,2.5,https://downloads.wordpress.org/theme/wedding-planner-lite.2.6.zip,"2025-04-11 04:12:06",https://wordpress.org/themes/wedding-planner-lite/,5.0,7.2
cafeteria-elementor,"Cafeteria Elementor",0.2,0.1,https://downloads.wordpress.org/theme/cafeteria-elementor.0.2.zip,"2025-04-11 05:06:00",https://wordpress.org/themes/cafeteria-elementor/,5.6,7.2
charitable-trust,"Charitable Trust",0.5,0.4,https://downloads.wordpress.org/theme/charitable-trust.0.5.zip,"2025-04-11 05:06:39",https://wordpress.org/themes/charitable-trust/,5.6,7.2
cultural-festival,"Cultural Festival",1.0.6,1.0.5,https://downloads.wordpress.org/theme/cultural-festival.1.0.6.zip,"2025-04-11 05:06:56",https://wordpress.org/themes/cultural-festival/,5.6,7.2
ecommerce-store-elementor,"Ecommerce Store Elementor",1.0.9,1.0.8,https://downloads.wordpress.org/theme/ecommerce-store-elementor.1.0.9.zip,"2025-04-11 05:07:08",https://wordpress.org/themes/ecommerce-store-elementor/,5.6,7.2
florist-elementor,"Florist Elementor",0.7,0.6,https://downloads.wordpress.org/theme/florist-elementor.0.7.zip,"2025-04-11 05:07:31",https://wordpress.org/themes/florist-elementor/,5.6,7.2
minicart,MiniCart,1.0.2,1.0.1,https://downloads.wordpress.org/theme/minicart.1.0.2.zip,"2025-04-11 05:02:42",https://wordpress.org/themes/minicart/,4.7,5.6
mizan-real-estate,"Mizan Real Estate",1.0.6,1.0.5,https://downloads.wordpress.org/theme/mizan-real-estate.1.0.6.zip,"2025-04-11 05:07:33",https://wordpress.org/themes/mizan-real-estate/,5.6,7.2
shopire,Shopire,1.0.12,1.0.11,https://downloads.wordpress.org/theme/shopire.1.0.12.zip,"2025-04-11 05:02:00",https://wordpress.org/themes/shopire/,4.7,5.6
templazee,Templazee,1.1,,https://downloads.wordpress.org/theme/templazee.1.1.zip,"2025-04-11 05:31:36",https://wordpress.org/themes/templazee/,6.4,7.0
fashion-outfit,"Fashion Outfit",2.0,1.9,https://downloads.wordpress.org/theme/fashion-outfit.2.0.zip,"2025-04-11 06:33:07",https://wordpress.org/themes/fashion-outfit/,5.5,7.2
health-coach-services,"Health Coach Services",2.0,1.9,https://downloads.wordpress.org/theme/health-coach-services.2.0.zip,"2025-04-11 06:32:45",https://wordpress.org/themes/health-coach-services/,5.5,7.2
interior-designer-studio,"Interior Designer Studio",1.1.2,1.1.1,https://downloads.wordpress.org/theme/interior-designer-studio.1.1.2.zip,"2025-04-11 06:33:27",https://wordpress.org/themes/interior-designer-studio/,6.0,7.2
land-excavator,"Land Excavator",2.1,2.0,https://downloads.wordpress.org/theme/land-excavator.2.1.zip,"2025-04-11 06:34:11",https://wordpress.org/themes/land-excavator/,5.5,7.2
pizza-parlor,"Pizza Parlor",1.1.1,1.1.0,https://downloads.wordpress.org/theme/pizza-parlor.1.1.1.zip,"2025-04-11 06:34:33",https://wordpress.org/themes/pizza-parlor/,6.0,7.2
adventure-resort,"Adventure Resort",0.1.1,0.1.0,https://downloads.wordpress.org/theme/adventure-resort.0.1.1.zip,"2025-04-11 08:26:00",https://wordpress.org/themes/adventure-resort/,5.0,7.2
alpha-health-coach,"Alpha Health Coach",1.6,1.5,https://downloads.wordpress.org/theme/alpha-health-coach.1.6.zip,"2025-04-11 08:35:40",https://wordpress.org/themes/alpha-health-coach/,5.9,5.6
alpha-patterns,"Alpha Patterns",1.7,1.6,https://downloads.wordpress.org/theme/alpha-patterns.1.7.zip,"2025-04-11 08:35:04",https://wordpress.org/themes/alpha-patterns/,5.9,5.6
anexa,Anexa,1.1.12,1.1.11,https://downloads.wordpress.org/theme/anexa.1.1.12.zip,"2025-04-11 08:11:44",https://wordpress.org/themes/anexa/,,5.6
appetizer,Appetizer,1.1.13,1.1.12,https://downloads.wordpress.org/theme/appetizer.1.1.13.zip,"2025-04-11 08:15:44",https://wordpress.org/themes/appetizer/,,5.6
astrocare,Astrocare,1.0.4,1.0.3,https://downloads.wordpress.org/theme/astrocare.1.0.4.zip,"2025-04-11 08:19:59",https://wordpress.org/themes/astrocare/,,5.6
burgertech,Burgertech,1.16,1.15,https://downloads.wordpress.org/theme/burgertech.1.16.zip,"2025-04-11 08:22:49",https://wordpress.org/themes/burgertech/,,5.6
camping-zone,"Camping Zone",0.1.2,0.1.1,https://downloads.wordpress.org/theme/camping-zone.0.1.2.zip,"2025-04-11 08:25:33",https://wordpress.org/themes/camping-zone/,5.0,7.2
carpet-store,"Carpet Store",1.2,1.1,https://downloads.wordpress.org/theme/carpet-store.1.2.zip,"2025-04-11 08:35:48",https://wordpress.org/themes/carpet-store/,5.9,5.6
cooking-master-class,"Cooking Master Class",0.6,0.5.9,https://downloads.wordpress.org/theme/cooking-master-class.0.6.zip,"2025-04-11 08:24:58",https://wordpress.org/themes/cooking-master-class/,5.0,7.2
corapress,CoraPress,1.5,1.4,https://downloads.wordpress.org/theme/corapress.1.5.zip,"2025-04-11 08:25:46",https://wordpress.org/themes/corapress/,,5.6
cosmetics-salon,"Cosmetics Salon",0.4.2,0.4.1,https://downloads.wordpress.org/theme/cosmetics-salon.0.4.2.zip,"2025-04-11 08:24:19",https://wordpress.org/themes/cosmetics-salon/,5.0,7.2
cozibee,CoziBee,1.0.18,1.0.17,https://downloads.wordpress.org/theme/cozibee.1.0.18.zip,"2025-04-11 08:28:58",https://wordpress.org/themes/cozibee/,,5.6
cozigo,Cozigo,1.0.10,1.0.9,https://downloads.wordpress.org/theme/cozigo.1.0.10.zip,"2025-04-11 08:32:21",https://wordpress.org/themes/cozigo/,,5.6
coziplus,CoziPlus,1.0.21,1.0.20,https://downloads.wordpress.org/theme/coziplus.1.0.21.zip,"2025-04-11 08:35:01",https://wordpress.org/themes/coziplus/,,5.6
digital-marketing-lite,"Digital Marketing Lite",0.4.8,0.4.7,https://downloads.wordpress.org/theme/digital-marketing-lite.0.4.8.zip,"2025-04-11 08:31:20",https://wordpress.org/themes/digital-marketing-lite/,,7.2
flower-delivery-shop,"Flower Delivery Shop",0.4,0.3.9,https://downloads.wordpress.org/theme/flower-delivery-shop.0.4.zip,"2025-04-11 08:23:46",https://wordpress.org/themes/flower-delivery-shop/,5.0,7.2
hexagon,Hexagon,0.5.0,0.4.9,https://downloads.wordpress.org/theme/hexagon.0.5.0.zip,"2025-04-11 08:31:51",https://wordpress.org/themes/hexagon/,,7.2
indoor-sports-zone,"Indoor Sports Zone",0.3.3,0.3.2,https://downloads.wordpress.org/theme/indoor-sports-zone.0.3.3.zip,"2025-04-11 08:23:02",https://wordpress.org/themes/indoor-sports-zone/,5.0,7.2
multipurpose-corporate,"Multipurpose Corporate",0.8.0,0.7.9,https://downloads.wordpress.org/theme/multipurpose-corporate.0.8.0.zip,"2025-04-11 08:34:29",https://wordpress.org/themes/multipurpose-corporate/,,7.2
my-resume,"My Resume",2.4.0,2.3.9,https://downloads.wordpress.org/theme/my-resume.2.4.0.zip,"2025-04-11 08:33:01",https://wordpress.org/themes/my-resume/,5.0,7.2
relief-medical-hospital,"Relief Medical Hospital",0.6.6,0.6.5,https://downloads.wordpress.org/theme/relief-medical-hospital.0.6.6.zip,"2025-04-11 08:34:52",https://wordpress.org/themes/relief-medical-hospital/,,7.2
roofing-flooring,"Roofing Flooring",0.1.1,0.1.0,https://downloads.wordpress.org/theme/roofing-flooring.0.1.1.zip,"2025-04-11 08:21:57",https://wordpress.org/themes/roofing-flooring/,5.0,7.2
the-perfume-shop,"The Perfume Shop",0.1.2,0.1.1,https://downloads.wordpress.org/theme/the-perfume-shop.0.1.2.zip,"2025-04-11 08:21:20",https://wordpress.org/themes/the-perfume-shop/,5.5,7.2
washing-center,"Washing Center",0.4.8,0.4.7,https://downloads.wordpress.org/theme/washing-center.0.4.8.zip,"2025-04-11 08:33:28",https://wordpress.org/themes/washing-center/,,7.2
wooden-furniture,"Wooden Furniture",0.1.2,0.1.1,https://downloads.wordpress.org/theme/wooden-furniture.0.1.2.zip,"2025-04-11 08:20:45",https://wordpress.org/themes/wooden-furniture/,5.0,7.2
cozipress,CoziPress,1.0.35,1.0.34,https://downloads.wordpress.org/theme/cozipress.1.0.35.zip,"2025-04-11 08:37:27",https://wordpress.org/themes/cozipress/,,5.6
coziweb,CoziWeb,1.0.21,1.0.20,https://downloads.wordpress.org/theme/coziweb.1.0.21.zip,"2025-04-11 08:40:20",https://wordpress.org/themes/coziweb/,,5.6
crowl,Crowl,1.0.20,1.0.19,https://downloads.wordpress.org/theme/crowl.1.0.20.zip,"2025-04-11 08:47:50",https://wordpress.org/themes/crowl/,,5.6
decorme,DecorMe,1.0.22,1.0.21,https://downloads.wordpress.org/theme/decorme.1.0.22.zip,"2025-04-11 08:51:19",https://wordpress.org/themes/decorme/,,5.6
digipress,DigiPress,1.0.18,1.0.17,https://downloads.wordpress.org/theme/digipress.1.0.18.zip,"2025-04-11 08:54:43",https://wordpress.org/themes/digipress/,,5.6
dog-groomer,"Dog Groomer",1.9,1.8,https://downloads.wordpress.org/theme/dog-groomer.1.9.zip,"2025-04-11 08:40:46",https://wordpress.org/themes/dog-groomer/,,7.0
eco-green,"Eco Green",1.6,1.5,https://downloads.wordpress.org/theme/eco-green.1.6.zip,"2025-04-11 08:36:38",https://wordpress.org/themes/eco-green/,5.9,5.6
educator-academy,"Educator Academy",1.6,1.5,https://downloads.wordpress.org/theme/educator-academy.1.6.zip,"2025-04-11 08:37:25",https://wordpress.org/themes/educator-academy/,5.9,5.6
hotel-galaxy,"Hotel Galaxy",4.4.30,4.4.29,https://downloads.wordpress.org/theme/hotel-galaxy.4.4.30.zip,"2025-04-11 09:15:18",https://wordpress.org/themes/hotel-galaxy/,5.0,7.2
hotelpress,HotelPress,1.4,1.3,https://downloads.wordpress.org/theme/hotelpress.1.4.zip,"2025-04-11 09:17:29",https://wordpress.org/themes/hotelpress/,,5.6
interio,Interio,1.4,1.3,https://downloads.wordpress.org/theme/interio.1.4.zip,"2025-04-11 09:19:43",https://wordpress.org/themes/interio/,,5.6
itpress,ITpress,1.0.36,1.0.35,https://downloads.wordpress.org/theme/itpress.1.0.36.zip,"2025-04-11 09:22:02",https://wordpress.org/themes/itpress/,,5.6
kids-toy-center,"Kids Toy Center",1.9,1.8,https://downloads.wordpress.org/theme/kids-toy-center.1.9.zip,"2025-04-11 08:40:55",https://wordpress.org/themes/kids-toy-center/,,7.0
kindergarten-learning,"Kindergarten Learning",1.4,1.3,https://downloads.wordpress.org/theme/kindergarten-learning.1.4.zip,"2025-04-11 08:36:38",https://wordpress.org/themes/kindergarten-learning/,5.9,5.6
kitepress,KitePress,1.1.13,1.1.12,https://downloads.wordpress.org/theme/kitepress.1.1.13.zip,"2025-04-11 09:24:10",https://wordpress.org/themes/kitepress/,,5.6
kundoo,Kundoo,1.6,1.5,https://downloads.wordpress.org/theme/kundoo.1.6.zip,"2025-04-11 09:26:39",https://wordpress.org/themes/kundoo/,,5.6
maxtech,Maxtech,1.6,1.5,https://downloads.wordpress.org/theme/maxtech.1.6.zip,"2025-04-11 09:28:49",https://wordpress.org/themes/maxtech/,,5.6
organic-gardening,"Organic Gardening",1.2,1.1,https://downloads.wordpress.org/theme/organic-gardening.1.2.zip,"2025-04-11 08:41:23",https://wordpress.org/themes/organic-gardening/,,7.0
plumber-workshop,"Plumber Workshop",1.9,1.8,https://downloads.wordpress.org/theme/plumber-workshop.1.9.zip,"2025-04-11 08:41:30",https://wordpress.org/themes/plumber-workshop/,,7.0
prime-cleaning-services,"Prime Cleaning Services",1.8,1.7,https://downloads.wordpress.org/theme/prime-cleaning-services.1.8.zip,"2025-04-11 08:42:08",https://wordpress.org/themes/prime-cleaning-services/,,7.0
prime-ecology,"Prime Ecology",2.0,1.9,https://downloads.wordpress.org/theme/prime-ecology.2.0.zip,"2025-04-11 08:42:09",https://wordpress.org/themes/prime-ecology/,,7.0
portfolio-expert-lite,"Portfolio Expert Lite",1.0.0,,https://downloads.wordpress.org/theme/portfolio-expert-lite.1.0.0.zip,"2025-04-11 09:16:00",https://wordpress.org/themes/portfolio-expert-lite/,,5.6
aahana,Aahana,1.0.59,1.0.58,https://downloads.wordpress.org/theme/aahana.1.0.59.zip,"2025-04-11 10:11:00",https://wordpress.org/themes/aahana/,4.7,5.6
arvana,Arvana,1.0.82,1.0.81,https://downloads.wordpress.org/theme/arvana.1.0.82.zip,"2025-04-11 10:10:04",https://wordpress.org/themes/arvana/,4.7,5.6
auru,Auru,1.0.79,1.0.78,https://downloads.wordpress.org/theme/auru.1.0.79.zip,"2025-04-11 10:10:32",https://wordpress.org/themes/auru/,4.7,5.6
celexo,Celexo,1.1.25,1.1.24,https://downloads.wordpress.org/theme/celexo.1.1.25.zip,"2025-04-11 10:05:50",https://wordpress.org/themes/celexo/,4.7,5.6
chitvi,Chitvi,1.1.23,1.1.22,https://downloads.wordpress.org/theme/chitvi.1.1.23.zip,"2025-04-11 10:06:19",https://wordpress.org/themes/chitvi/,4.7,5.6
cosmobit,Cosmobit,2.0.37,2.0.36,https://downloads.wordpress.org/theme/cosmobit.2.0.37.zip,"2025-04-11 10:05:21",https://wordpress.org/themes/cosmobit/,4.7,5.6
crombit,Crombit,1.0.33,1.0.32,https://downloads.wordpress.org/theme/crombit.1.0.33.zip,"2025-04-11 10:11:30",https://wordpress.org/themes/crombit/,4.7,5.6
easywiz,EasyWiz,1.1.12,1.1.11,https://downloads.wordpress.org/theme/easywiz.1.1.12.zip,"2025-04-11 10:07:37",https://wordpress.org/themes/easywiz/,4.7,5.6
fastica,Fastica,1.1.17,1.1.16,https://downloads.wordpress.org/theme/fastica.1.1.17.zip,"2025-04-11 10:09:40",https://wordpress.org/themes/fastica/,4.7,5.6
flexora,Flexora,1.1.18,1.1.17,https://downloads.wordpress.org/theme/flexora.1.1.18.zip,"2025-04-11 10:06:49",https://wordpress.org/themes/flexora/,4.7,5.6
graceful-mode,"Graceful Mode",1.0.1,1.0.0,https://downloads.wordpress.org/theme/graceful-mode.1.0.1.zip,"2025-04-11 09:36:30",https://wordpress.org/themes/graceful-mode/,5.3,5.6
graceful-personal-blog,"Graceful Personal Blog",1.0.3,1.0.2,https://downloads.wordpress.org/theme/graceful-personal-blog.1.0.3.zip,"2025-04-11 09:34:23",https://wordpress.org/themes/graceful-personal-blog/,5.3,5.6
lazypress,LazyPress,1.1.11,1.1.10,https://downloads.wordpress.org/theme/lazypress.1.1.11.zip,"2025-04-11 10:08:26",https://wordpress.org/themes/lazypress/,4.7,5.6
owlpress,OwlPress,1.0.23,1.0.22,https://downloads.wordpress.org/theme/owlpress.1.0.23.zip,"2025-04-11 09:31:49",https://wordpress.org/themes/owlpress/,,5.6
portfolio-expert,"Portfolio Expert",1.0.4,1.0.3,https://downloads.wordpress.org/theme/portfolio-expert.1.0.4.zip,"2025-04-11 10:23:17",https://wordpress.org/themes/portfolio-expert/,5.0,5.6
rasam,Rasam,1.0.20,1.0.19,https://downloads.wordpress.org/theme/rasam.1.0.20.zip,"2025-04-11 09:33:59",https://wordpress.org/themes/rasam/,,5.6
seokart,SeoKart,1.0.27,1.0.26,https://downloads.wordpress.org/theme/seokart.1.0.27.zip,"2025-04-11 09:38:16",https://wordpress.org/themes/seokart/,,5.6
setto-lifestyle,"Setto Lifestyle",1.0.18,1.0.17,https://downloads.wordpress.org/theme/setto-lifestyle.1.0.18.zip,"2025-04-11 09:43:34",https://wordpress.org/themes/setto-lifestyle/,,5.6
setto,Setto,1.0.22,1.0.21,https://downloads.wordpress.org/theme/setto.1.0.22.zip,"2025-04-11 09:40:35",https://wordpress.org/themes/setto/,,5.6
shopmax,ShopMax,1.1.13,1.1.12,https://downloads.wordpress.org/theme/shopmax.1.1.13.zip,"2025-04-11 09:46:31",https://wordpress.org/themes/shopmax/,,5.6
sipri,Sipri,1.0.27,1.0.26,https://downloads.wordpress.org/theme/sipri.1.0.27.zip,"2025-04-11 09:51:27",https://wordpress.org/themes/sipri/,,5.6
spabiz,SpaBiz,1.0.19,1.0.18,https://downloads.wordpress.org/theme/spabiz.1.0.19.zip,"2025-04-11 09:54:32",https://wordpress.org/themes/spabiz/,,5.6
spacare,SpaCare,1.18,1.17,https://downloads.wordpress.org/theme/spacare.1.18.zip,"2025-04-11 09:57:32",https://wordpress.org/themes/spacare/,,5.6
spinsoft,SpinSoft,1.0.18,1.0.17,https://downloads.wordpress.org/theme/spinsoft.1.0.18.zip,"2025-04-11 09:59:46",https://wordpress.org/themes/spinsoft/,,5.6
spintech,Spintech,1.0.56,1.0.55,https://downloads.wordpress.org/theme/spintech.1.0.56.zip,"2025-04-11 10:02:13",https://wordpress.org/themes/spintech/,,5.6
storebiz,StoreBiz,1.0.33,1.0.32,https://downloads.wordpress.org/theme/storebiz.1.0.33.zip,"2025-04-11 10:04:36",https://wordpress.org/themes/storebiz/,,5.6
storewise,StoreWise,1.0.21,1.0.20,https://downloads.wordpress.org/theme/storewise.1.0.21.zip,"2025-04-11 10:07:11",https://wordpress.org/themes/storewise/,,5.6
thinity,Thinity,1.1.17,1.1.16,https://downloads.wordpress.org/theme/thinity.1.1.17.zip,"2025-04-11 10:07:13",https://wordpress.org/themes/thinity/,4.7,5.6
bicycle-repair-shop,"Bicycle Repair Shop",1.3.2,1.3.1,https://downloads.wordpress.org/theme/bicycle-repair-shop.1.3.2.zip,"2025-04-11 10:44:27",https://wordpress.org/themes/bicycle-repair-shop/,5.0,5.6
classic-events,"Classic Events",0.6.7,0.6.6,https://downloads.wordpress.org/theme/classic-events.0.6.7.zip,"2025-04-11 10:46:34",https://wordpress.org/themes/classic-events/,5.0,5.6
furniture-mart,"Furniture Mart",0.1.7,0.1.6,https://downloads.wordpress.org/theme/furniture-mart.0.1.7.zip,"2025-04-11 11:01:57",https://wordpress.org/themes/furniture-mart/,,5.6
home-renovation-work,"Home Renovation Work",0.1.4,0.1.3,https://downloads.wordpress.org/theme/home-renovation-work.0.1.4.zip,"2025-04-11 11:02:38",https://wordpress.org/themes/home-renovation-work/,,5.6
fluxari-two,"Fluxari Two",1.0,,https://downloads.wordpress.org/theme/fluxari-two.1.0.zip,"2025-04-11 11:01:02",https://wordpress.org/themes/fluxari-two/,6.0,5.7
ampark,Ampark,12.7,12.6,https://downloads.wordpress.org/theme/ampark.12.7.zip,"2025-04-11 12:39:18",https://wordpress.org/themes/ampark/,4.7,5.6
apartment-blocks,"Apartment Blocks",3.8,3.7,https://downloads.wordpress.org/theme/apartment-blocks.3.8.zip,"2025-04-11 12:43:59",https://wordpress.org/themes/apartment-blocks/,6.1,5.6
appointment-booking,"Appointment Booking",1.1.5,1.1.4,https://downloads.wordpress.org/theme/appointment-booking.1.1.5.zip,"2025-04-11 11:44:32",https://wordpress.org/themes/appointment-booking/,,7.2
arowana,Arowana,13.8,13.7,https://downloads.wordpress.org/theme/arowana.13.8.zip,"2025-04-11 12:34:18",https://wordpress.org/themes/arowana/,4.7,5.6
auto-parts-garage,"Auto Parts Garage",0.6.6,0.6.5,https://downloads.wordpress.org/theme/auto-parts-garage.0.6.6.zip,"2025-04-11 11:45:12",https://wordpress.org/themes/auto-parts-garage/,5.0,7.2
avail,Avail,12.7,12.6,https://downloads.wordpress.org/theme/avail.12.7.zip,"2025-04-11 12:33:47",https://wordpress.org/themes/avail/,4.7,5.6
aviser,Aviser,12.7,12.6,https://downloads.wordpress.org/theme/aviser.12.7.zip,"2025-04-11 12:38:56",https://wordpress.org/themes/aviser/,4.7,5.6
axtia,Axtia,12.7,12.6,https://downloads.wordpress.org/theme/axtia.12.7.zip,"2025-04-11 12:37:10",https://wordpress.org/themes/axtia/,4.7,5.6
broker-consultants,"Broker Consultants",1.0.3,1.0.2,https://downloads.wordpress.org/theme/broker-consultants.1.0.3.zip,"2025-04-11 11:30:26",https://wordpress.org/themes/broker-consultants/,5.0,5.6
building-contractor,"Building Contractor",1.3.2,1.3.1,https://downloads.wordpress.org/theme/building-contractor.1.3.2.zip,"2025-04-11 11:31:16",https://wordpress.org/themes/building-contractor/,5.0,5.6
cardiopress,CardioPress,5.2,5.1,https://downloads.wordpress.org/theme/cardiopress.5.2.zip,"2025-04-11 12:38:26",https://wordpress.org/themes/cardiopress/,4.7,5.6
catering-lite,"Catering Lite",0.6.5,0.6.4,https://downloads.wordpress.org/theme/catering-lite.0.6.5.zip,"2025-04-11 11:54:33",https://wordpress.org/themes/catering-lite/,5.0,7.2
catering-services,"Catering Services",0.6.8,0.6.7,https://downloads.wordpress.org/theme/catering-services.0.6.8.zip,"2025-04-11 11:48:33",https://wordpress.org/themes/catering-services/,5.0,7.2
charity-blocks,"Charity Blocks",3.2,3.1,https://downloads.wordpress.org/theme/charity-blocks.3.2.zip,"2025-04-11 12:44:50",https://wordpress.org/themes/charity-blocks/,6.1,5.6
classic-barbershop,"Classic Barbershop",0.8.4,0.8.3,https://downloads.wordpress.org/theme/classic-barbershop.0.8.4.zip,"2025-04-11 11:32:10",https://wordpress.org/themes/classic-barbershop/,5.0,5.6
classic-corporate,"Classic Corporate",1.3.4,1.3.3,https://downloads.wordpress.org/theme/classic-corporate.1.3.4.zip,"2025-04-11 11:32:08",https://wordpress.org/themes/classic-corporate/,5.0,5.6
clothing-apparel-shop,"Clothing Apparel Shop",3.6,3.5,https://downloads.wordpress.org/theme/clothing-apparel-shop.3.6.zip,"2025-04-11 12:43:37",https://wordpress.org/themes/clothing-apparel-shop/,6.1,5.6
colorflow,ColorFlow,1.7,1.6,https://downloads.wordpress.org/theme/colorflow.1.7.zip,"2025-04-11 12:33:06",https://wordpress.org/themes/colorflow/,4.7,5.6
comoxa,Comoxa,12.7,12.6,https://downloads.wordpress.org/theme/comoxa.12.7.zip,"2025-04-11 12:38:10",https://wordpress.org/themes/comoxa/,4.7,5.6
cyber-security-blocks,"Cyber Security Blocks",3.3,3.2,https://downloads.wordpress.org/theme/cyber-security-blocks.3.3.zip,"2025-04-11 12:44:48",https://wordpress.org/themes/cyber-security-blocks/,6.1,5.6
designer-artist,"Designer Artist",0.5.7,0.5.6,https://downloads.wordpress.org/theme/designer-artist.0.5.7.zip,"2025-04-11 11:49:37",https://wordpress.org/themes/designer-artist/,5.0,7.2
driving-school-lite,"Driving School Lite",1.1.6,1.1.5,https://downloads.wordpress.org/theme/driving-school-lite.1.1.6.zip,"2025-04-11 11:55:12",https://wordpress.org/themes/driving-school-lite/,5.0,7.2
evion,Evion,3.3,3.2,https://downloads.wordpress.org/theme/evion.3.3.zip,"2025-04-11 12:37:55",https://wordpress.org/themes/evion/,4.7,5.6
food-truck-lite,"Food Truck Lite",0.8.7,0.8.6,https://downloads.wordpress.org/theme/food-truck-lite.0.8.7.zip,"2025-04-11 11:56:29",https://wordpress.org/themes/food-truck-lite/,5.0,7.2
gradiantx,GradiantX,1.6,1.5,https://downloads.wordpress.org/theme/gradiantx.1.6.zip,"2025-04-11 12:32:42",https://wordpress.org/themes/gradiantx/,4.7,5.6
herbal-ayurveda,"Herbal Ayurveda",0.7,0.6.9,https://downloads.wordpress.org/theme/herbal-ayurveda.0.7.zip,"2025-04-11 11:50:20",https://wordpress.org/themes/herbal-ayurveda/,5.0,7.2
it-company,"IT Company",1.4.4,1.4.3,https://downloads.wordpress.org/theme/it-company.1.4.4.zip,"2025-04-11 11:57:07",https://wordpress.org/themes/it-company/,5.0,7.2
it-services,"IT Services",0.9.2,0.9.1,https://downloads.wordpress.org/theme/it-services.0.9.2.zip,"2025-04-11 11:57:29",https://wordpress.org/themes/it-services/,5.0,7.2
keto-organic-diet,"Keto Organic Diet",0.5.6,0.5.5,https://downloads.wordpress.org/theme/keto-organic-diet.0.5.6.zip,"2025-04-11 12:02:39",https://wordpress.org/themes/keto-organic-diet/,5.0,7.2
marketing-agency,"Marketing Agency",0.8.8,0.8.7,https://downloads.wordpress.org/theme/marketing-agency.0.8.8.zip,"2025-04-11 11:57:59",https://wordpress.org/themes/marketing-agency/,5.0,7.2
multipurpose-lawyer,"Multipurpose Lawyer",1.1.1,1.1.0,https://downloads.wordpress.org/theme/multipurpose-lawyer.1.1.1.zip,"2025-04-11 11:51:30",https://wordpress.org/themes/multipurpose-lawyer/,5.0,7.2
multipurpose-photography,"Multipurpose Photography",1.1.0,1.0.9,https://downloads.wordpress.org/theme/multipurpose-photography.1.1.0.zip,"2025-04-11 11:50:19",https://wordpress.org/themes/multipurpose-photography/,5.0,7.2
nexcraft-bpo,"Nexcraft BPO",3.3,3.2,https://downloads.wordpress.org/theme/nexcraft-bpo.3.3.zip,"2025-04-11 12:30:36",https://wordpress.org/themes/nexcraft-bpo/,,5.6
nexcraft,NexCraft,5.3,5.2,https://downloads.wordpress.org/theme/nexcraft.5.3.zip,"2025-04-11 12:32:20",https://wordpress.org/themes/nexcraft/,4.7,5.6
ovation-car-wash,"Ovation Car Wash",1.7,1.6,https://downloads.wordpress.org/theme/ovation-car-wash.1.7.zip,"2025-04-11 12:43:26",https://wordpress.org/themes/ovation-car-wash/,6.1,5.6
pet-animal-store,"Pet Animal Store",1.3.1,1.3,https://downloads.wordpress.org/theme/pet-animal-store.1.3.1.zip,"2025-04-11 11:48:41",https://wordpress.org/themes/pet-animal-store/,5.0,7.2
political-campaign,"Political Campaign",0.6.3,0.6.2,https://downloads.wordpress.org/theme/political-campaign.0.6.3.zip,"2025-04-11 11:57:12",https://wordpress.org/themes/political-campaign/,5.0,7.2
psychology-therapist,"Psychology Therapist",0.6,0.5.9,https://downloads.wordpress.org/theme/psychology-therapist.0.6.zip,"2025-04-11 11:55:16",https://wordpress.org/themes/psychology-therapist/,5.0,7.2
saas-company,"SAAS Company",1.3,1.2,https://downloads.wordpress.org/theme/saas-company.1.3.zip,"2025-04-11 12:42:26",https://wordpress.org/themes/saas-company/,6.1,5.6
sauna-lite,"Sauna Lite",2.3,2.2.9,https://downloads.wordpress.org/theme/sauna-lite.2.3.zip,"2025-04-11 11:49:17",https://wordpress.org/themes/sauna-lite/,5.0,7.2
security-officer,"Security Officer",1.6,1.5,https://downloads.wordpress.org/theme/security-officer.1.6.zip,"2025-04-11 12:41:55",https://wordpress.org/themes/security-officer/,6.1,5.6
shadiant,Shadiant,1.2,1.1,https://downloads.wordpress.org/theme/shadiant.1.2.zip,"2025-04-11 12:33:30",https://wordpress.org/themes/shadiant/,4.7,5.6
stock-photos,"Stock Photos",0.6.7,0.6.6,https://downloads.wordpress.org/theme/stock-photos.0.6.7.zip,"2025-04-11 11:50:06",https://wordpress.org/themes/stock-photos/,5.0,7.2
tc-e-commerce-shop,"TC E-Commerce Shop",1.3.7,1.3.6,https://downloads.wordpress.org/theme/tc-e-commerce-shop.1.3.7.zip,"2025-04-11 11:52:18",https://wordpress.org/themes/tc-e-commerce-shop/,5.0,7.2
township-lite,"Township Lite",1.9,1.8.9,https://downloads.wordpress.org/theme/township-lite.1.9.zip,"2025-04-11 11:53:12",https://wordpress.org/themes/township-lite/,5.0,7.2
transportation-shipment,"Transportation Shipment",1.5,1.4.9,https://downloads.wordpress.org/theme/transportation-shipment.1.5.zip,"2025-04-11 11:55:23",https://wordpress.org/themes/transportation-shipment/,5.0,5.6
veterinary-pet-care,"Veterinary Pet Care",1.1.2,1.1.1,https://downloads.wordpress.org/theme/veterinary-pet-care.1.1.2.zip,"2025-04-11 11:49:25",https://wordpress.org/themes/veterinary-pet-care/,5.0,7.2
vw-life-coach,"VW Life Coach",1.0.3,1.0.2,https://downloads.wordpress.org/theme/vw-life-coach.1.0.3.zip,"2025-04-11 11:53:57",https://wordpress.org/themes/vw-life-coach/,5.0,7.2
wall-decor-wallpaper,"Wall Decor Wallpaper",0.7.2,0.7.1,https://downloads.wordpress.org/theme/wall-decor-wallpaper.0.7.2.zip,"2025-04-11 11:53:00",https://wordpress.org/themes/wall-decor-wallpaper/,5.0,7.2
appointable,Appointable,12.5,12.4,https://downloads.wordpress.org/theme/appointable.12.5.zip,"2025-04-11 13:33:18",https://wordpress.org/themes/appointable/,4.7,5.6
arkbiz,ArkBiz,12.5,12.4,https://downloads.wordpress.org/theme/arkbiz.12.5.zip,"2025-04-11 13:32:32",https://wordpress.org/themes/arkbiz/,4.7,5.6
cartable,Cartable,12.5,12.4,https://downloads.wordpress.org/theme/cartable.12.5.zip,"2025-04-11 13:29:00",https://wordpress.org/themes/cartable/,4.7,5.6
fortify,Fortify,4.5,4.4,https://downloads.wordpress.org/theme/fortify.4.5.zip,"2025-04-11 13:32:12",https://wordpress.org/themes/fortify/,4.7,5.6
heropress,HeroPress,14.5,14.4,https://downloads.wordpress.org/theme/heropress.14.5.zip,"2025-04-11 13:31:41",https://wordpress.org/themes/heropress/,4.7,5.6
hstore,hstore,12.5,12.4,https://downloads.wordpress.org/theme/hstore.12.5.zip,"2025-04-11 13:31:07",https://wordpress.org/themes/hstore/,4.7,5.6
ideate,Ideate,12.5,12.4,https://downloads.wordpress.org/theme/ideate.12.5.zip,"2025-04-11 13:28:04",https://wordpress.org/themes/ideate/,4.7,5.6
laxity,Laxity,12.5,12.4,https://downloads.wordpress.org/theme/laxity.12.5.zip,"2025-04-11 13:25:15",https://wordpress.org/themes/laxity/,4.7,5.6
magzee,MagZee,14.5,14.4,https://downloads.wordpress.org/theme/magzee.14.5.zip,"2025-04-11 13:24:48",https://wordpress.org/themes/magzee/,4.7,5.6
neek,Neek,12.5,12.4,https://downloads.wordpress.org/theme/neek.12.5.zip,"2025-04-11 13:29:53",https://wordpress.org/themes/neek/,4.7,5.6
nifty-lite,"Nifty Lite",14.4,14.3,https://downloads.wordpress.org/theme/nifty-lite.14.4.zip,"2025-04-11 13:23:49",https://wordpress.org/themes/nifty-lite/,4.7,5.6
proficient,Proficient,14.4,14.3,https://downloads.wordpress.org/theme/proficient.14.4.zip,"2025-04-11 13:33:36",https://wordpress.org/themes/proficient/,4.7,5.6
rockbiz,RockBiz,12.4,12.3,https://downloads.wordpress.org/theme/rockbiz.12.4.zip,"2025-04-11 13:23:03",https://wordpress.org/themes/rockbiz/,4.7,5.6
scelar,Scelar,12.4,12.3,https://downloads.wordpress.org/theme/scelar.12.4.zip,"2025-04-11 13:22:15",https://wordpress.org/themes/scelar/,4.7,5.6
spyropress,SpyroPress,14.4,14.3,https://downloads.wordpress.org/theme/spyropress.14.4.zip,"2025-04-11 13:21:51",https://wordpress.org/themes/spyropress/,4.7,5.6
webstrap,Webstrap,14.4,14.3,https://downloads.wordpress.org/theme/webstrap.14.4.zip,"2025-04-11 13:24:32",https://wordpress.org/themes/webstrap/,4.7,5.6
north-shore,"North Shore",1.0.42,1.0.41,https://downloads.wordpress.org/theme/north-shore.1.0.42.zip,"2025-04-11 13:51:14",https://wordpress.org/themes/north-shore/,,5.3
classic-industry,"Classic Industry",1.0.4,1.0.3,https://downloads.wordpress.org/theme/classic-industry.1.0.4.zip,"2025-04-11 16:34:27",https://wordpress.org/themes/classic-industry/,5.0,5.6
ebooks-collection,"Ebooks Collection",1.0.4,1.0.3,https://downloads.wordpress.org/theme/ebooks-collection.1.0.4.zip,"2025-04-11 16:34:56",https://wordpress.org/themes/ebooks-collection/,5.0,5.6
fresh-bakery-cake,"Fresh Bakery Cake",1.3.2,1.3.1,https://downloads.wordpress.org/theme/fresh-bakery-cake.1.3.2.zip,"2025-04-11 16:35:12",https://wordpress.org/themes/fresh-bakery-cake/,5.0,5.6
landscape-architecture,"Landscape Architecture",1.3.4,1.3.3,https://downloads.wordpress.org/theme/landscape-architecture.1.3.4.zip,"2025-04-11 16:35:58",https://wordpress.org/themes/landscape-architecture/,5.0,5.6
portfolio-expert-lite,"Portfolio Expert Lite",1.0.1,1.0.0,https://downloads.wordpress.org/theme/portfolio-expert-lite.1.0.1.zip,"2025-04-11 16:21:39",https://wordpress.org/themes/portfolio-expert-lite/,,5.6
waste-management,"Waste Management",0.1.1,0.1,https://downloads.wordpress.org/theme/waste-management.0.1.1.zip,"2025-04-11 16:35:40",https://wordpress.org/themes/waste-management/,5.0,5.6
wildlife-safari,"Wildlife Safari",1.5.4,1.5.3,https://downloads.wordpress.org/theme/wildlife-safari.1.5.4.zip,"2025-04-11 16:36:13",https://wordpress.org/themes/wildlife-safari/,5.0,5.6
listdomer,Listdomer,3.1.0,3.0.0,https://downloads.wordpress.org/theme/listdomer.3.1.0.zip,"2025-04-11 23:25:23",https://wordpress.org/themes/listdomer/,4.0,7.2
wecodeart,WeCodeArt,6.6.5,6.6.3,https://downloads.wordpress.org/theme/wecodeart.6.6.5.zip,"2025-04-12 01:28:14",https://wordpress.org/themes/wecodeart/,6.5,7.4
fluxari-two,"Fluxari Two",1.0.1,1.0,https://downloads.wordpress.org/theme/fluxari-two.1.0.1.zip,"2025-04-12 02:27:40",https://wordpress.org/themes/fluxari-two/,6.0,5.7
architecture-firm,"Architecture Firm",0.0.3,0.0.2,https://downloads.wordpress.org/theme/architecture-firm.0.0.3.zip,"2025-04-12 04:22:15",https://wordpress.org/themes/architecture-firm/,5.0,5.6
grocery-supermarket-elementor,"Grocery Supermarket Elementor",0.1.3,0.1.2,https://downloads.wordpress.org/theme/grocery-supermarket-elementor.0.1.3.zip,"2025-04-12 04:22:12",https://wordpress.org/themes/grocery-supermarket-elementor/,5.0,5.6
kindergarten-elementor,"Kindergarten Elementor",0.0.6,0.0.5,https://downloads.wordpress.org/theme/kindergarten-elementor.0.0.6.zip,"2025-04-12 04:22:35",https://wordpress.org/themes/kindergarten-elementor/,5.0,5.6
live-music-band,"Live Music Band",0.0.3,0.0.2,https://downloads.wordpress.org/theme/live-music-band.0.0.3.zip,"2025-04-12 04:22:44",https://wordpress.org/themes/live-music-band/,5.0,5.6
solar-panel-distributor,"Solar Panel Distributor",1.0.7,1.0.6,https://downloads.wordpress.org/theme/solar-panel-distributor.1.0.7.zip,"2025-04-12 03:56:10",https://wordpress.org/themes/solar-panel-distributor/,5.6,7.2
tattoo-studio,"Tattoo Studio",0.0.3,0.0.2,https://downloads.wordpress.org/theme/tattoo-studio.0.0.3.zip,"2025-04-12 04:23:11",https://wordpress.org/themes/tattoo-studio/,5.0,5.6
tech-review-blog,"Tech Review Blog",0.0.4,0.0.3,https://downloads.wordpress.org/theme/tech-review-blog.0.0.4.zip,"2025-04-12 04:23:10",https://wordpress.org/themes/tech-review-blog/,5.0,5.6
tour-travel-package,"Tour Travel Package",2.0.7,2.0.6,https://downloads.wordpress.org/theme/tour-travel-package.2.0.7.zip,"2025-04-12 03:57:24",https://wordpress.org/themes/tour-travel-package/,5.6,7.2
unique-pizza-shop,"Unique Pizza Shop",2.0.7,2.0.6,https://downloads.wordpress.org/theme/unique-pizza-shop.2.0.7.zip,"2025-04-12 03:57:42",https://wordpress.org/themes/unique-pizza-shop/,5.6,7.2
unique-restaurant,"Unique Restaurant",2.0.9,2.0.8,https://downloads.wordpress.org/theme/unique-restaurant.2.0.9.zip,"2025-04-12 03:57:49",https://wordpress.org/themes/unique-restaurant/,5.6,7.2
unique-startup,"Unique Startup",2.0.5,2.0.4,https://downloads.wordpress.org/theme/unique-startup.2.0.5.zip,"2025-04-12 03:58:13",https://wordpress.org/themes/unique-startup/,5.6,7.2
yoga-kriya,"Yoga Kriya",2.0.7,2.0.6,https://downloads.wordpress.org/theme/yoga-kriya.2.0.7.zip,"2025-04-12 04:06:06",https://wordpress.org/themes/yoga-kriya/,5.6,7.2
home-roofing-services,"Home Roofing Services",0.1.7,0.1.6,https://downloads.wordpress.org/theme/home-roofing-services.0.1.7.zip,"2025-04-12 08:28:06",https://wordpress.org/themes/home-roofing-services/,,5.6
simppple,Simppple,1.2.4,1.2.3,https://downloads.wordpress.org/theme/simppple.1.2.4.zip,"2025-04-12 07:56:26",https://wordpress.org/themes/simppple/,6.5,7.4
water-sports,"Water Sports",0.1.6,0.1.5,https://downloads.wordpress.org/theme/water-sports.0.1.6.zip,"2025-04-12 08:27:18",https://wordpress.org/themes/water-sports/,,5.6
diet-consultant,"Diet Consultant",0.3.4,0.3.3,https://downloads.wordpress.org/theme/diet-consultant.0.3.4.zip,"2025-04-12 08:51:19",https://wordpress.org/themes/diet-consultant/,5.0,7.2
ngo-fundraiser,"NGO Fundraiser",0.3.5,0.3.4,https://downloads.wordpress.org/theme/ngo-fundraiser.0.3.5.zip,"2025-04-12 08:52:02",https://wordpress.org/themes/ngo-fundraiser/,5.0,7.2
pest-control-services,"Pest Control Services",0.3.2,0.3.1,https://downloads.wordpress.org/theme/pest-control-services.0.3.2.zip,"2025-04-12 08:52:37",https://wordpress.org/themes/pest-control-services/,5.0,7.2
restaurant-cafeteria,"Restaurant Cafeteria",0.3.3,0.3.2,https://downloads.wordpress.org/theme/restaurant-cafeteria.0.3.3.zip,"2025-04-12 08:53:09",https://wordpress.org/themes/restaurant-cafeteria/,5.0,7.2
villa-estate-zone,"Villa Estate Zone",0.3.3,0.3.2,https://downloads.wordpress.org/theme/villa-estate-zone.0.3.3.zip,"2025-04-12 08:53:42",https://wordpress.org/themes/villa-estate-zone/,5.0,7.2
plover,Plover,1.3.2,1.3.1,https://downloads.wordpress.org/theme/plover.1.3.2.zip,"2025-04-12 10:22:00",https://wordpress.org/themes/plover/,6.4,7.4
arvita,Arvita,1.0.6,1.0.5,https://downloads.wordpress.org/theme/arvita.1.0.6.zip,"2025-04-12 11:22:48",https://wordpress.org/themes/arvita/,4.7,5.6
softalt,SoftAlt,1.0.17,1.0.16,https://downloads.wordpress.org/theme/softalt.1.0.17.zip,"2025-04-12 11:22:22",https://wordpress.org/themes/softalt/,4.7,5.6
newsblogy,NewsBlogy,0.4,0.3,https://downloads.wordpress.org/theme/newsblogy.0.4.zip,"2025-04-12 11:23:13",https://wordpress.org/themes/newsblogy/,4.7,7.0
minicart,MiniCart,1.0.3,1.0.2,https://downloads.wordpress.org/theme/minicart.1.0.3.zip,"2025-04-12 13:28:37",https://wordpress.org/themes/minicart/,4.7,5.6
shopire,Shopire,1.0.13,1.0.12,https://downloads.wordpress.org/theme/shopire.1.0.13.zip,"2025-04-12 13:28:17",https://wordpress.org/themes/shopire/,4.7,5.6
polestar,Polestar,1.10.3,1.10.2,https://downloads.wordpress.org/theme/polestar.1.10.3.zip,"2025-04-13 06:19:07",https://wordpress.org/themes/polestar/,4.7,5.6.20
urbana,Urbana,1.0.1,1.0.0,https://downloads.wordpress.org/theme/urbana.1.0.1.zip,"2025-04-13 09:53:04",https://wordpress.org/themes/urbana/,,5.3
digital-creator,"Digital Creator",1.0.2,1.0.1,https://downloads.wordpress.org/theme/digital-creator.1.0.2.zip,"2025-04-13 11:44:11",https://wordpress.org/themes/digital-creator/,6.1,7.4
innovixion,Innovixion,1.0.5,1.0.4,https://downloads.wordpress.org/theme/innovixion.1.0.5.zip,"2025-04-13 12:00:59",https://wordpress.org/themes/innovixion/,6.1,7.4
wpopus-fse,"wpOpus FSE",1.1.3,1.1.2,https://downloads.wordpress.org/theme/wpopus-fse.1.1.3.zip,"2025-04-13 12:09:53",https://wordpress.org/themes/wpopus-fse/,6.1,7.4
wpopus-studio,"wpOpus Studio",1.0.3,1.0.2,https://downloads.wordpress.org/theme/wpopus-studio.1.0.3.zip,"2025-04-13 11:54:09",https://wordpress.org/themes/wpopus-studio/,6.1,7.4
author-personal-blog,"Author Personal Blog",3.2.33,3.2.32,https://downloads.wordpress.org/theme/author-personal-blog.3.2.33.zip,"2025-04-13 16:29:55",https://wordpress.org/themes/author-personal-blog/,4.9,7.1
cvee,Cvee,0.3.1,0.3.0,https://downloads.wordpress.org/theme/cvee.0.3.1.zip,"2025-04-13 16:23:18",https://wordpress.org/themes/cvee/,,
portfolioo,Portfolioo,0.4.6,0.4.5,https://downloads.wordpress.org/theme/portfolioo.0.4.6.zip,"2025-04-13 16:19:11",https://wordpress.org/themes/portfolioo/,6.0,
resumee,Resumee,0.6.4,0.6.3,https://downloads.wordpress.org/theme/resumee.0.6.4.zip,"2025-04-13 16:12:02",https://wordpress.org/themes/resumee/,5.0,
ollie,Ollie,1.4.6,1.4.5,https://downloads.wordpress.org/theme/ollie.1.4.6.zip,"2025-04-14 01:36:10",https://wordpress.org/themes/ollie/,,7.3
blogarise,BlogArise,1.1.1,1.1.0,https://downloads.wordpress.org/theme/blogarise.1.1.1.zip,"2025-04-14 02:45:46",https://wordpress.org/themes/blogarise/,5.4,7.4
blogdata,BlogData,1.3.2,1.3.1,https://downloads.wordpress.org/theme/blogdata.1.3.2.zip,"2025-04-14 02:52:42",https://wordpress.org/themes/blogdata/,5.4,7.4
blogus,Blogus,2.4.3,2.4.2,https://downloads.wordpress.org/theme/blogus.2.4.3.zip,"2025-04-14 02:45:02",https://wordpress.org/themes/blogus/,5.4,7.4
newsair,Newsair,1.0.0.80,1.0.0.79,https://downloads.wordpress.org/theme/newsair.1.0.0.80.zip,"2025-04-14 02:47:10",https://wordpress.org/themes/newsair/,5.4,7.4
newses,Newses,2.0.0.57,2.0.0.56,https://downloads.wordpress.org/theme/newses.2.0.0.57.zip,"2025-04-14 02:43:41",https://wordpress.org/themes/newses/,5.4,7.4
newspaperup,Newspaperup,1.2.2,1.2.1,https://downloads.wordpress.org/theme/newspaperup.1.2.2.zip,"2025-04-14 02:47:55",https://wordpress.org/themes/newspaperup/,5.4,7.4
newsup,Newsup,4.0.0.82,4.0.0.81,https://downloads.wordpress.org/theme/newsup.4.0.0.82.zip,"2025-04-14 02:42:45",https://wordpress.org/themes/newsup/,5.4,7.4
newsxo,Newsxo,1.0.3,1.0.2,https://downloads.wordpress.org/theme/newsxo.1.0.3.zip,"2025-04-14 02:49:23",https://wordpress.org/themes/newsxo/,5.4,7.4
ai-automation,"AI Automation",0.3,0.2,https://downloads.wordpress.org/theme/ai-automation.0.3.zip,"2025-04-14 05:10:29",https://wordpress.org/themes/ai-automation/,5.0,5.6
appliances-store,"Appliances Store",0.4,0.3,https://downloads.wordpress.org/theme/appliances-store.0.4.zip,"2025-04-14 05:11:14",https://wordpress.org/themes/appliances-store/,5.0,5.6
cinematic-photographer,"Cinematic Photographer",1.9,1.8,https://downloads.wordpress.org/theme/cinematic-photographer.1.9.zip,"2025-04-14 05:12:39",https://wordpress.org/themes/cinematic-photographer/,5.0,5.6
fashion-accessories,"Fashion Accessories",1.5,1.4,https://downloads.wordpress.org/theme/fashion-accessories.1.5.zip,"2025-04-14 05:13:42",https://wordpress.org/themes/fashion-accessories/,5.0,5.6
food-grocery-hub,"Food Grocery Hub",0.3,0.2,https://downloads.wordpress.org/theme/food-grocery-hub.0.3.zip,"2025-04-14 05:14:21",https://wordpress.org/themes/food-grocery-hub/,5.0,5.6
hair-spa-salon,"Hair Spa Salon",1.3,1.2,https://downloads.wordpress.org/theme/hair-spa-salon.1.3.zip,"2025-04-14 05:15:06",https://wordpress.org/themes/hair-spa-salon/,5.0,5.6
hardware-store-hub,"Hardware Store Hub",2.6,2.5,https://downloads.wordpress.org/theme/hardware-store-hub.2.6.zip,"2025-04-14 05:15:45",https://wordpress.org/themes/hardware-store-hub/,5.0,5.6
aasta-blog,"Aasta Blog",4.8,4.7,https://downloads.wordpress.org/theme/aasta-blog.4.8.zip,"2025-04-14 06:36:13",https://wordpress.org/themes/aasta-blog/,,5.6
aasta-light,"Aasta Light",9.9,9.8,https://downloads.wordpress.org/theme/aasta-light.9.9.zip,"2025-04-14 06:37:55",https://wordpress.org/themes/aasta-light/,,5.6
agencyfy,Agencyfy,1.7,1.6,https://downloads.wordpress.org/theme/agencyfy.1.7.zip,"2025-04-14 06:38:25",https://wordpress.org/themes/agencyfy/,,5.6
agencywp,AgencyWP,9.4,9.3,https://downloads.wordpress.org/theme/agencywp.9.4.zip,"2025-04-14 06:38:50",https://wordpress.org/themes/agencywp/,,5.6
appointech,Appointech,7.9,7.8,https://downloads.wordpress.org/theme/appointech.7.9.zip,"2025-04-14 06:39:21",https://wordpress.org/themes/appointech/,,5.6
architect-studio,"Architect Studio",7.2,7.1,https://downloads.wordpress.org/theme/architect-studio.7.2.zip,"2025-04-14 06:39:56",https://wordpress.org/themes/architect-studio/,,5.6
builderzone,BuilderZone,4.4,4.3,https://downloads.wordpress.org/theme/builderzone.4.4.zip,"2025-04-14 06:40:29",https://wordpress.org/themes/builderzone/,,5.6
businesslab,BusinessLab,5.3,5.2,https://downloads.wordpress.org/theme/businesslab.5.3.zip,"2025-04-14 06:40:57",https://wordpress.org/themes/businesslab/,,5.6
businesstek,Businesstek,1.9,1.8,https://downloads.wordpress.org/theme/businesstek.1.9.zip,"2025-04-14 06:41:20",https://wordpress.org/themes/businesstek/,,5.6
cricket-club-league,"Cricket Club League",1.1,1.0.9,https://downloads.wordpress.org/theme/cricket-club-league.1.1.zip,"2025-04-14 06:23:44",https://wordpress.org/themes/cricket-club-league/,6.0,7.2
eco-renewable-energy,"Eco Renewable Energy",1.1,1.0.9,https://downloads.wordpress.org/theme/eco-renewable-energy.1.1.zip,"2025-04-14 06:29:22",https://wordpress.org/themes/eco-renewable-energy/,6.0,7.2
event-management-blocks,"Event Management Blocks",1.1,1.0.9,https://downloads.wordpress.org/theme/event-management-blocks.1.1.zip,"2025-04-14 06:23:28",https://wordpress.org/themes/event-management-blocks/,6.0,7.2
furniture-shop-blocks,"Furniture Shop Blocks",1.1,1.0.9,https://downloads.wordpress.org/theme/furniture-shop-blocks.1.1.zip,"2025-04-14 06:23:07",https://wordpress.org/themes/furniture-shop-blocks/,6.0,7.2
lightning,Lightning,15.29.5,15.29.4,https://downloads.wordpress.org/theme/lightning.15.29.5.zip,"2025-04-14 06:16:41",https://wordpress.org/themes/lightning/,6.4,7.4
spectra-one,"Spectra One",1.1.7,1.1.6,https://downloads.wordpress.org/theme/spectra-one.1.1.7.zip,"2025-04-14 06:14:05",https://wordpress.org/themes/spectra-one/,6.1,7.4
startup-blocks,"Startup Blocks",1.0.7,1.0.6,https://downloads.wordpress.org/theme/startup-blocks.1.0.7.zip,"2025-04-14 06:22:47",https://wordpress.org/themes/startup-blocks/,6.0,7.2
veterinary-services,"Veterinary Services",1.0.9,1.0.8,https://downloads.wordpress.org/theme/veterinary-services.1.0.9.zip,"2025-04-14 06:22:24",https://wordpress.org/themes/veterinary-services/,6.0,7.2
beauty-makeup-stylist,"Beauty Makeup Stylist",1.0.0,,https://downloads.wordpress.org/theme/beauty-makeup-stylist.1.0.0.zip,"2025-04-14 06:32:09",https://wordpress.org/themes/beauty-makeup-stylist/,5.9,5.6
content-marketing,"Content Marketing",1.0,,https://downloads.wordpress.org/theme/content-marketing.1.0.zip,"2025-04-14 06:32:18",https://wordpress.org/themes/content-marketing/,,7.0
islamic-trust,"Islamic Trust",0.1,,https://downloads.wordpress.org/theme/islamic-trust.0.1.zip,"2025-04-14 06:32:04",https://wordpress.org/themes/islamic-trust/,,7.2
news-builder,"News Builder",1.0.0,,https://downloads.wordpress.org/theme/news-builder.1.0.0.zip,"2025-04-14 06:32:13",https://wordpress.org/themes/news-builder/,,5.6
pedro,Pedro,1.2.4,,https://downloads.wordpress.org/theme/pedro.1.2.4.zip,"2025-04-14 06:31:47",https://wordpress.org/themes/pedro/,5.0,7.4
solar-generator,"Solar Generator",1.0,,https://downloads.wordpress.org/theme/solar-generator.1.0.zip,"2025-04-14 06:31:56",https://wordpress.org/themes/solar-generator/,5.5,7.2
travel-influencer-blogs,"Travel Influencer Blogs",1.0,,https://downloads.wordpress.org/theme/travel-influencer-blogs.1.0.zip,"2025-04-14 06:32:00",https://wordpress.org/themes/travel-influencer-blogs/,6.1,7.2
viral-express,"Viral Express",1.0.1,,https://downloads.wordpress.org/theme/viral-express.1.0.1.zip,"2025-04-14 06:31:51",https://wordpress.org/themes/viral-express/,,7.4
agency-firm,"Agency Firm",2.1,2.0,https://downloads.wordpress.org/theme/agency-firm.2.1.zip,"2025-04-14 07:12:39",https://wordpress.org/themes/agency-firm/,,5.6
agency-street,"Agency Street",6.6,6.5,https://downloads.wordpress.org/theme/agency-street.6.6.zip,"2025-04-14 07:13:04",https://wordpress.org/themes/agency-street/,,5.6
alberta,Alberta,10.4,10.3,https://downloads.wordpress.org/theme/alberta.10.4.zip,"2025-04-14 07:13:35",https://wordpress.org/themes/alberta/,,5.6
aqeeq-agency,"Aqeeq Agency",0.6.1,0.6,https://downloads.wordpress.org/theme/aqeeq-agency.0.6.1.zip,"2025-04-14 07:27:44",https://wordpress.org/themes/aqeeq-agency/,5.0,7.2
architect-design,"Architect Design",3.5.9,3.5.8,https://downloads.wordpress.org/theme/architect-design.3.5.9.zip,"2025-04-14 07:17:27",https://wordpress.org/themes/architect-design/,,5.6
architecto,Architecto,9.1,9.0,https://downloads.wordpress.org/theme/architecto.9.1.zip,"2025-04-14 07:17:58",https://wordpress.org/themes/architecto/,,5.6
ariletech,Ariletech,14.4,14.3,https://downloads.wordpress.org/theme/ariletech.14.4.zip,"2025-04-14 07:18:26",https://wordpress.org/themes/ariletech/,,5.6
arvada,Arvada,7.7,7.6,https://downloads.wordpress.org/theme/arvada.7.7.zip,"2025-04-14 06:48:37",https://wordpress.org/themes/arvada/,,5.6
assentpress,AssentPress,14.1,14.0,https://downloads.wordpress.org/theme/assentpress.14.1.zip,"2025-04-14 06:49:19",https://wordpress.org/themes/assentpress/,,5.6
audio-podcast,"Audio Podcast",0.9,0.8.9,https://downloads.wordpress.org/theme/audio-podcast.0.9.zip,"2025-04-14 07:27:57",https://wordpress.org/themes/audio-podcast/,5.0,7.2
beauty-spa-salon,"Beauty Spa Salon",12.7,12.6,https://downloads.wordpress.org/theme/beauty-spa-salon.12.7.zip,"2025-04-14 06:49:43",https://wordpress.org/themes/beauty-spa-salon/,,5.6
blogwar,BlogWar,1.8,1.7,https://downloads.wordpress.org/theme/blogwar.1.8.zip,"2025-04-14 06:50:41",https://wordpress.org/themes/blogwar/,,5.6
brightpress,BrightPress,2.6.2,2.6.1,https://downloads.wordpress.org/theme/brightpress.2.6.2.zip,"2025-04-14 06:51:13",https://wordpress.org/themes/brightpress/,,5.6
business-stock,"Business Stock",2.2,2.1,https://downloads.wordpress.org/theme/business-stock.2.2.zip,"2025-04-14 06:52:17",https://wordpress.org/themes/business-stock/,,5.6
business-street,"Business Street",3.2.1,3.2.0,https://downloads.wordpress.org/theme/business-street.3.2.1.zip,"2025-04-14 07:18:51",https://wordpress.org/themes/business-street/,,5.6
consultexo,Consultexo,8.3,8.2,https://downloads.wordpress.org/theme/consultexo.8.3.zip,"2025-04-14 06:41:41",https://wordpress.org/themes/consultexo/,,5.6
consultguide,ConsultGuide,1.6,1.5,https://downloads.wordpress.org/theme/consultguide.1.6.zip,"2025-04-14 06:59:38",https://wordpress.org/themes/consultguide/,,5.6
consulthub,ConsultHub,1.9,1.8,https://downloads.wordpress.org/theme/consulthub.1.9.zip,"2025-04-14 06:52:42",https://wordpress.org/themes/consulthub/,,5.6
consultstreet,ConsultStreet,2.9.4,2.9.3,https://downloads.wordpress.org/theme/consultstreet.2.9.4.zip,"2025-04-14 06:53:22",https://wordpress.org/themes/consultstreet/,,5.6
consultzone,ConsultZone,2.9,2.8,https://downloads.wordpress.org/theme/consultzone.2.9.zip,"2025-04-14 06:53:41",https://wordpress.org/themes/consultzone/,,5.6
decorexo,Decorexo,12.0,11.9,https://downloads.wordpress.org/theme/decorexo.12.0.zip,"2025-04-14 06:54:03",https://wordpress.org/themes/decorexo/,,5.6
decorpress,DecorPress,3.1.5,3.1.4,https://downloads.wordpress.org/theme/decorpress.3.1.5.zip,"2025-04-14 07:21:51",https://wordpress.org/themes/decorpress/,,5.6
designhub,DesignHub,11.5,11.4,https://downloads.wordpress.org/theme/designhub.11.5.zip,"2025-04-14 07:22:45",https://wordpress.org/themes/designhub/,,5.6
earnpress,EarnPress,5.7,5.6,https://downloads.wordpress.org/theme/earnpress.5.7.zip,"2025-04-14 06:54:24",https://wordpress.org/themes/earnpress/,,5.6
envopress,EnvoPress,10.6,10.5,https://downloads.wordpress.org/theme/envopress.10.6.zip,"2025-04-14 06:55:52",https://wordpress.org/themes/envopress/,,5.6
etowah,Etowah,5.4,5.3,https://downloads.wordpress.org/theme/etowah.5.4.zip,"2025-04-14 07:23:17",https://wordpress.org/themes/etowah/,,5.6
fashion-designer,"Fashion Designer",1.2.8,1.2.7,https://downloads.wordpress.org/theme/fashion-designer.1.2.8.zip,"2025-04-14 07:28:26",https://wordpress.org/themes/fashion-designer/,5.0,7.2
fitnessbase,FitnessBase,3.4.0,3.3.9,https://downloads.wordpress.org/theme/fitnessbase.3.4.0.zip,"2025-04-14 07:00:03",https://wordpress.org/themes/fitnessbase/,,5.6
fresno,Fresno,12.5,12.4,https://downloads.wordpress.org/theme/fresno.12.5.zip,"2025-04-14 07:23:46",https://wordpress.org/themes/fresno/,,5.6
fse-social-ngo,"FSE Social NGO",1.1.1,1.1.0,https://downloads.wordpress.org/theme/fse-social-ngo.1.1.1.zip,"2025-04-14 06:52:59",https://wordpress.org/themes/fse-social-ngo/,,5.6
fse-sports-arena,"FSE Sports Arena",1.1.0,1.0.9,https://downloads.wordpress.org/theme/fse-sports-arena.1.1.0.zip,"2025-04-14 06:53:22",https://wordpress.org/themes/fse-sports-arena/,5.9,5.6
fse-tour-booking,"FSE Tour Booking",1.0.8,1.0.7,https://downloads.wordpress.org/theme/fse-tour-booking.1.0.8.zip,"2025-04-14 06:53:50",https://wordpress.org/themes/fse-tour-booking/,5.9,5.6
fse-travel-blog,"FSE Travel Blog",1.0.5,1.0.4,https://downloads.wordpress.org/theme/fse-travel-blog.1.0.5.zip,"2025-04-14 06:54:11",https://wordpress.org/themes/fse-travel-blog/,,5.6
garden-landscaping,"Garden Landscaping",2.5.8,2.5.7,https://downloads.wordpress.org/theme/garden-landscaping.2.5.8.zip,"2025-04-14 07:28:26",https://wordpress.org/themes/garden-landscaping/,5.0,7.2
globalhub,GlobalHub,3.3,3.2,https://downloads.wordpress.org/theme/globalhub.3.3.zip,"2025-04-14 06:42:07",https://wordpress.org/themes/globalhub/,,5.6
hague-firm,"Hague Firm",1.3,1.2,https://downloads.wordpress.org/theme/hague-firm.1.3.zip,"2025-04-14 07:24:22",https://wordpress.org/themes/hague-firm/,,5.6
hartford,Hartford,3.1,3.0,https://downloads.wordpress.org/theme/hartford.3.1.zip,"2025-04-14 06:42:41",https://wordpress.org/themes/hartford/,,5.6
house-decor,"House Decor",2.5,2.4,https://downloads.wordpress.org/theme/house-decor.2.5.zip,"2025-04-14 06:45:35",https://wordpress.org/themes/house-decor/,,5.6
innopress,InnoPress,7.0,6.9,https://downloads.wordpress.org/theme/innopress.7.0.zip,"2025-04-14 07:24:48",https://wordpress.org/themes/innopress/,,5.6
interior-space,"Interior Space",1.9,1.8,https://downloads.wordpress.org/theme/interior-space.1.9.zip,"2025-04-14 07:25:42",https://wordpress.org/themes/interior-space/,,5.6
interior-startup,"Interior Startup",3.2,3.1,https://downloads.wordpress.org/theme/interior-startup.3.2.zip,"2025-04-14 07:26:07",https://wordpress.org/themes/interior-startup/,,5.6
interiorhub,InteriorHub,9.2,9.1,https://downloads.wordpress.org/theme/interiorhub.9.2.zip,"2025-04-14 06:45:09",https://wordpress.org/themes/interiorhub/,,5.6
interiorpress,InteriorPress,2.8.2,2.8.1,https://downloads.wordpress.org/theme/interiorpress.2.8.2.zip,"2025-04-14 07:25:16",https://wordpress.org/themes/interiorpress/,,5.6
machine-learning,"Machine Learning",1.0.7,1.0.6,https://downloads.wordpress.org/theme/machine-learning.1.0.7.zip,"2025-04-14 06:54:25",https://wordpress.org/themes/machine-learning/,,5.6
madisonblog,MadisonBlog,3.6,3.5,https://downloads.wordpress.org/theme/madisonblog.3.6.zip,"2025-04-14 06:56:58",https://wordpress.org/themes/madisonblog/,,5.6
makeup-artist,"Makeup Artist",0.8.9,0.8.8,https://downloads.wordpress.org/theme/makeup-artist.0.8.9.zip,"2025-04-14 07:28:38",https://wordpress.org/themes/makeup-artist/,5.0,7.2
news-digest,"News Digest",3.2,3.1,https://downloads.wordpress.org/theme/news-digest.3.2.zip,"2025-04-14 07:02:48",https://wordpress.org/themes/news-digest/,,5.6
newscorn,NewsCorn,2.1,2.0,https://downloads.wordpress.org/theme/newscorn.2.1.zip,"2025-04-14 07:02:18",https://wordpress.org/themes/newscorn/,,5.6
newsexo,NewsExo,4.4,4.3,https://downloads.wordpress.org/theme/newsexo.4.4.zip,"2025-04-14 07:03:18",https://wordpress.org/themes/newsexo/,,5.6
newsio,Newsio,3.7,3.6,https://downloads.wordpress.org/theme/newsio.3.7.zip,"2025-04-14 07:03:40",https://wordpress.org/themes/newsio/,,5.6
newyork-city,"NewYork City",3.1.4,3.1.3,https://downloads.wordpress.org/theme/newyork-city.3.1.4.zip,"2025-04-14 07:27:10",https://wordpress.org/themes/newyork-city/,,5.6
outdoor-restaurant,"Outdoor Restaurant",1.4,1.3,https://downloads.wordpress.org/theme/outdoor-restaurant.1.4.zip,"2025-04-14 07:03:06",https://wordpress.org/themes/outdoor-restaurant/,5.9,5.6
pc-gaming,"PC Gaming",1.2,1.1,https://downloads.wordpress.org/theme/pc-gaming.1.2.zip,"2025-04-14 07:03:07",https://wordpress.org/themes/pc-gaming/,5.9,5.6
podcaster-radio,"Podcaster Radio",0.6.1,0.6,https://downloads.wordpress.org/theme/podcaster-radio.0.6.1.zip,"2025-04-14 07:29:05",https://wordpress.org/themes/podcaster-radio/,5.0,7.2
prime-construction,"Prime Construction",1.0.5,1.0.4,https://downloads.wordpress.org/theme/prime-construction.1.0.5.zip,"2025-04-14 07:21:02",https://wordpress.org/themes/prime-construction/,,5.6
prime-ecommerce-shop,"Prime Ecommerce Shop",1.8,1.7,https://downloads.wordpress.org/theme/prime-ecommerce-shop.1.8.zip,"2025-04-14 07:19:41",https://wordpress.org/themes/prime-ecommerce-shop/,,7.0
prime-education-learning,"Prime Education Learning",1.6,1.5,https://downloads.wordpress.org/theme/prime-education-learning.1.6.zip,"2025-04-14 07:20:02",https://wordpress.org/themes/prime-education-learning/,,7.0
prime-electronic-store,"Prime Electronic Store",2.0,1.9,https://downloads.wordpress.org/theme/prime-electronic-store.2.0.zip,"2025-04-14 07:20:15",https://wordpress.org/themes/prime-electronic-store/,,7.0
prime-events,"Prime Events",1.6,1.5,https://downloads.wordpress.org/theme/prime-events.1.6.zip,"2025-04-14 07:20:39",https://wordpress.org/themes/prime-events/,,7.0
prime-yoga-classes,"Prime Yoga Classes",2.0,1.9,https://downloads.wordpress.org/theme/prime-yoga-classes.2.0.zip,"2025-04-14 07:21:02",https://wordpress.org/themes/prime-yoga-classes/,,7.0
provo-news,"Provo News",1.6,1.5,https://downloads.wordpress.org/theme/provo-news.1.6.zip,"2025-04-14 07:04:05",https://wordpress.org/themes/provo-news/,,5.6
remote-startup-solutions,"Remote Startup Solutions",2.0,1.9,https://downloads.wordpress.org/theme/remote-startup-solutions.2.0.zip,"2025-04-14 07:21:13",https://wordpress.org/themes/remote-startup-solutions/,,7.0
roseville-blog,"Roseville Blog",4.6,4.5,https://downloads.wordpress.org/theme/roseville-blog.4.6.zip,"2025-04-14 07:27:39",https://wordpress.org/themes/roseville-blog/,,5.6
sayre,Sayre,2.4,2.3,https://downloads.wordpress.org/theme/sayre.2.4.zip,"2025-04-14 07:28:26",https://wordpress.org/themes/sayre/,,5.6
social-care-charity,"Social Care Charity",1.4,1.2,https://downloads.wordpress.org/theme/social-care-charity.1.4.zip,"2025-04-14 07:03:44",https://wordpress.org/themes/social-care-charity/,5.9,5.6
stockpress,StockPress,6.2,6.1,https://downloads.wordpress.org/theme/stockpress.6.2.zip,"2025-04-14 06:44:44",https://wordpress.org/themes/stockpress/,,5.6
strangerwp,StrangerWP,3.2.0,3.1.9,https://downloads.wordpress.org/theme/strangerwp.3.2.0.zip,"2025-04-14 07:28:54",https://wordpress.org/themes/strangerwp/,,5.6
toy-storefront,"Toy Storefront",1.4,1.3,https://downloads.wordpress.org/theme/toy-storefront.1.4.zip,"2025-04-14 07:03:50",https://wordpress.org/themes/toy-storefront/,5.9,5.6
travel-holiday-spots,"Travel Holiday Spots",1.1,1.0,https://downloads.wordpress.org/theme/travel-holiday-spots.1.1.zip,"2025-04-14 07:04:33",https://wordpress.org/themes/travel-holiday-spots/,5.9,5.6
advance-business,"Advance Business",1.3.3,1.3.2,https://downloads.wordpress.org/theme/advance-business.1.3.3.zip,"2025-04-14 07:35:28",https://wordpress.org/themes/advance-business/,5.0,7.2
advance-coaching,"Advance Coaching",1.2.6,1.2.5,https://downloads.wordpress.org/theme/advance-coaching.1.2.6.zip,"2025-04-14 07:36:17",https://wordpress.org/themes/advance-coaching/,5.0,7.2
advance-ecommerce-store,"Advance Ecommerce Store",1.4.9,1.4.8,https://downloads.wordpress.org/theme/advance-ecommerce-store.1.4.9.zip,"2025-04-14 07:36:27",https://wordpress.org/themes/advance-ecommerce-store/,5.0,7.2
advance-fitness-gym,"Advance Fitness Gym",1.2.5,1.2.4,https://downloads.wordpress.org/theme/advance-fitness-gym.1.2.5.zip,"2025-04-14 07:36:50",https://wordpress.org/themes/advance-fitness-gym/,5.0,7.2
advance-pet-care,"Advance Pet Care",1.3.7,1.3.6,https://downloads.wordpress.org/theme/advance-pet-care.1.3.7.zip,"2025-04-14 07:37:02",https://wordpress.org/themes/advance-pet-care/,5.0,7.2
aster-ebooks,"Aster Ebooks",3.5,3.4,https://downloads.wordpress.org/theme/aster-ebooks.3.5.zip,"2025-04-14 07:42:22",https://wordpress.org/themes/aster-ebooks/,,7.4
chocolate-ice-cream,"Chocolate Ice Cream",3.6,3.5,https://downloads.wordpress.org/theme/chocolate-ice-cream.3.6.zip,"2025-04-14 07:42:42",https://wordpress.org/themes/chocolate-ice-cream/,,7.2
corporate-solutions,"Corporate Solutions",3.6,3.5,https://downloads.wordpress.org/theme/corporate-solutions.3.6.zip,"2025-04-14 07:43:08",https://wordpress.org/themes/corporate-solutions/,,7.2
lz-food-recipee,"LZ Food Recipee",0.4.7,0.4.6,https://downloads.wordpress.org/theme/lz-food-recipee.0.4.7.zip,"2025-04-14 07:32:42",https://wordpress.org/themes/lz-food-recipee/,,7.2
lzrestaurant,lzrestaurant,1.9.8,1.9.7,https://downloads.wordpress.org/theme/lzrestaurant.1.9.8.zip,"2025-04-14 07:33:40",https://wordpress.org/themes/lzrestaurant/,,7.2
magnuswp,MagnusWP,1.0.22,1.0.20,https://downloads.wordpress.org/theme/magnuswp.1.0.22.zip,"2025-04-14 07:51:51",https://wordpress.org/themes/magnuswp/,,5.6
mirrors-interior,"Mirrors Interior",3.6,3.5,https://downloads.wordpress.org/theme/mirrors-interior.3.6.zip,"2025-04-14 07:43:24",https://wordpress.org/themes/mirrors-interior/,,7.2
modern-architecture,"Modern Architecture",0.4.9,0.4.8,https://downloads.wordpress.org/theme/modern-architecture.0.4.9.zip,"2025-04-14 07:31:02",https://wordpress.org/themes/modern-architecture/,5.0,7.2
multi-mobile-app,"Multi Mobile App",0.4.8,0.4.7,https://downloads.wordpress.org/theme/multi-mobile-app.0.4.8.zip,"2025-04-14 07:32:25",https://wordpress.org/themes/multi-mobile-app/,,7.2
onepress,OnePress,2.3.12,2.3.11,https://downloads.wordpress.org/theme/onepress.2.3.12.zip,"2025-04-14 08:36:34",https://wordpress.org/themes/onepress/,,5.6
recipes-blog,"Recipes Blog",3.9,3.8,https://downloads.wordpress.org/theme/recipes-blog.3.9.zip,"2025-04-14 07:43:47",https://wordpress.org/themes/recipes-blog/,,7.2
resort-motel,"Resort Motel",3.8,3.7,https://downloads.wordpress.org/theme/resort-motel.3.8.zip,"2025-04-14 07:44:06",https://wordpress.org/themes/resort-motel/,,7.2
the-computer-repair,"The Computer Repair",1.3.6,1.3.5,https://downloads.wordpress.org/theme/the-computer-repair.1.3.6.zip,"2025-04-14 07:29:17",https://wordpress.org/themes/the-computer-repair/,5.0,7.2
vancura,Vancura,1.8,1.7,https://downloads.wordpress.org/theme/vancura.1.8.zip,"2025-04-14 07:32:00",https://wordpress.org/themes/vancura/,,7.2
variations,Variations,4.4.0,4.3.4,https://downloads.wordpress.org/theme/variations.4.4.0.zip,"2025-04-14 07:38:06",https://wordpress.org/themes/variations/,6.0,7.4
video-blog,"Video Blog",1.7.3,1.7.2,https://downloads.wordpress.org/theme/video-blog.1.7.3.zip,"2025-04-14 07:29:20",https://wordpress.org/themes/video-blog/,5.0,7.2
video-podcasting,"Video Podcasting",0.9.4,0.9.3,https://downloads.wordpress.org/theme/video-podcasting.0.9.4.zip,"2025-04-14 07:29:48",https://wordpress.org/themes/video-podcasting/,5.0,7.2
vlogger-video-blog,"Vlogger Video Blog",2.2.6,2.2.5,https://downloads.wordpress.org/theme/vlogger-video-blog.2.2.6.zip,"2025-04-14 07:29:55",https://wordpress.org/themes/vlogger-video-blog/,5.0,7.2
vw-blog-magazine,"VW Blog Magazine",1.2.6,1.2.5,https://downloads.wordpress.org/theme/vw-blog-magazine.1.2.6.zip,"2025-04-14 07:30:03",https://wordpress.org/themes/vw-blog-magazine/,5.0,7.2
vw-church,"VW Church",0.5.7,0.5.6,https://downloads.wordpress.org/theme/vw-church.0.5.7.zip,"2025-04-14 07:30:37",https://wordpress.org/themes/vw-church/,5.0,7.2
vw-gardening-landscaping,"VW Gardening Landscaping",1.6.3,1.6.2,https://downloads.wordpress.org/theme/vw-gardening-landscaping.1.6.3.zip,"2025-04-14 07:30:43",https://wordpress.org/themes/vw-gardening-landscaping/,5.0,7.2
vw-handyman-services,"VW Handyman Services",1.0.0,0.9.9,https://downloads.wordpress.org/theme/vw-handyman-services.1.0.0.zip,"2025-04-14 07:31:08",https://wordpress.org/themes/vw-handyman-services/,5.0,7.2
vw-machine-learning,"VW Machine Learning",0.2,0.1,https://downloads.wordpress.org/theme/vw-machine-learning.0.2.zip,"2025-04-14 07:31:38",https://wordpress.org/themes/vw-machine-learning/,5.0,7.2
vw-sports,"VW Sports",1.0.1,1.0.0,https://downloads.wordpress.org/theme/vw-sports.1.0.1.zip,"2025-04-14 07:31:49",https://wordpress.org/themes/vw-sports/,5.0,7.2
water-sports-club,"Water Sports Club",0.5.2,0.5.1,https://downloads.wordpress.org/theme/water-sports-club.0.5.2.zip,"2025-04-14 07:31:28",https://wordpress.org/themes/water-sports-club/,5.0,7.2
zervin,Zervin,4.1,4.0,https://downloads.wordpress.org/theme/zervin.4.1.zip,"2025-04-14 07:29:16",https://wordpress.org/themes/zervin/,,5.6
architect-decor,"Architect Decor",14.4,14.3,https://downloads.wordpress.org/theme/architect-decor.14.4.zip,"2025-04-14 08:40:37",https://wordpress.org/themes/architect-decor/,,5.6
architect-house,"Architect House",2.9,2.8,https://downloads.wordpress.org/theme/architect-house.2.9.zip,"2025-04-14 08:41:23",https://wordpress.org/themes/architect-house/,,5.6
architects,Architects,13.5,13.4,https://downloads.wordpress.org/theme/architects.13.5.zip,"2025-04-14 08:42:03",https://wordpress.org/themes/architects/,,5.6
atlanta-blog,"Atlanta Blog",5.5,5.4,https://downloads.wordpress.org/theme/atlanta-blog.5.5.zip,"2025-04-14 09:04:11",https://wordpress.org/themes/atlanta-blog/,,5.6
automobile-repair-blocks,"Automobile Repair Blocks",2.4,2.3,https://downloads.wordpress.org/theme/automobile-repair-blocks.2.4.zip,"2025-04-14 09:15:40",https://wordpress.org/themes/automobile-repair-blocks/,6.1,5.6
beautycare,BeautyCare,3.9,3.8,https://downloads.wordpress.org/theme/beautycare.3.9.zip,"2025-04-14 08:45:26",https://wordpress.org/themes/beautycare/,,5.6
business-model,"Business Model",1.7,1.6,https://downloads.wordpress.org/theme/business-model.1.7.zip,"2025-04-14 08:46:00",https://wordpress.org/themes/business-model/,,5.6
car-repair-blocks,"Car Repair Blocks",2.3,2.2,https://downloads.wordpress.org/theme/car-repair-blocks.2.3.zip,"2025-04-14 09:15:41",https://wordpress.org/themes/car-repair-blocks/,6.1,5.6
construction-blocks,"Construction Blocks",2.9,2.8,https://downloads.wordpress.org/theme/construction-blocks.2.9.zip,"2025-04-14 09:17:05",https://wordpress.org/themes/construction-blocks/,6.1,5.6
corporate-office,"Corporate Office",0.3.4,0.3.3,https://downloads.wordpress.org/theme/corporate-office.0.3.4.zip,"2025-04-14 08:46:04",https://wordpress.org/themes/corporate-office/,5.0,7.2
creationwp,CreationWP,2.1,2.0,https://downloads.wordpress.org/theme/creationwp.2.1.zip,"2025-04-14 08:46:33",https://wordpress.org/themes/creationwp/,,5.6
curtains-fabric,"Curtains Fabric",0.4,0.3.9,https://downloads.wordpress.org/theme/curtains-fabric.0.4.zip,"2025-04-14 08:45:19",https://wordpress.org/themes/curtains-fabric/,5.0,7.2
dental-blocks,"Dental Blocks",3.0,2.9,https://downloads.wordpress.org/theme/dental-blocks.3.0.zip,"2025-04-14 09:16:31",https://wordpress.org/themes/dental-blocks/,6.1,5.6
designexo,Designexo,17.5,17.4,https://downloads.wordpress.org/theme/designexo.17.5.zip,"2025-04-14 08:47:30",https://wordpress.org/themes/designexo/,,5.6
designtech,DesignTech,8.7,8.6,https://downloads.wordpress.org/theme/designtech.8.7.zip,"2025-04-14 08:48:01",https://wordpress.org/themes/designtech/,,5.6
educational-blocks,"Educational Blocks",2.8,2.7,https://downloads.wordpress.org/theme/educational-blocks.2.8.zip,"2025-04-14 09:15:41",https://wordpress.org/themes/educational-blocks/,6.1,5.6
empresa,Empresa,3.4.0,3.3.9,https://downloads.wordpress.org/theme/empresa.3.4.0.zip,"2025-04-14 08:53:39",https://wordpress.org/themes/empresa/,,5.6
fitnessgo,Fitnessgo,2.6,2.5,https://downloads.wordpress.org/theme/fitnessgo.2.6.zip,"2025-04-14 08:56:48",https://wordpress.org/themes/fitnessgo/,,5.6
hardware-tools-store,"Hardware Tools Store",1.9,1.8,https://downloads.wordpress.org/theme/hardware-tools-store.1.9.zip,"2025-04-14 09:17:24",https://wordpress.org/themes/hardware-tools-store/,6.1,5.6
history-museum,"History Museum",3.6,3.5,https://downloads.wordpress.org/theme/history-museum.3.6.zip,"2025-04-14 09:16:52",https://wordpress.org/themes/history-museum/,6.1,5.6
hospital-management,"Hospital Management",0.3.6,0.3.5,https://downloads.wordpress.org/theme/hospital-management.0.3.6.zip,"2025-04-14 08:44:20",https://wordpress.org/themes/hospital-management/,5.0,7.2
intecopress,IntecoPress,13.1,13.0,https://downloads.wordpress.org/theme/intecopress.13.1.zip,"2025-04-14 08:57:15",https://wordpress.org/themes/intecopress/,,5.6
interior-dark,"Interior Dark",11.0,10.9,https://downloads.wordpress.org/theme/interior-dark.11.0.zip,"2025-04-14 08:57:47",https://wordpress.org/themes/interior-dark/,,5.6
interior-decor-studio,"Interior Decor Studio",0.3.8,0.3.7,https://downloads.wordpress.org/theme/interior-decor-studio.0.3.8.zip,"2025-04-14 08:43:33",https://wordpress.org/themes/interior-decor-studio/,5.0,7.2
interior-decor,"Interior Decor",6.1,6.0,https://downloads.wordpress.org/theme/interior-decor.6.1.zip,"2025-04-14 08:58:17",https://wordpress.org/themes/interior-decor/,,5.6
interior-house,"Interior House",4.4,4.3,https://downloads.wordpress.org/theme/interior-house.4.4.zip,"2025-04-14 08:58:49",https://wordpress.org/themes/interior-house/,,5.6
interior-trends,"Interior Trends",2.0,1.9,https://downloads.wordpress.org/theme/interior-trends.2.0.zip,"2025-04-14 09:00:19",https://wordpress.org/themes/interior-trends/,,5.6
interiorwp,InteriorWP,15.0,14.9,https://downloads.wordpress.org/theme/interiorwp.15.0.zip,"2025-04-14 09:00:47",https://wordpress.org/themes/interiorwp/,,5.6
interiorx,InteriorX,8.0,7.9,https://downloads.wordpress.org/theme/interiorx.8.0.zip,"2025-04-14 09:01:14",https://wordpress.org/themes/interiorx/,,5.6
monster-dark,"Monster Dark",12.4,12.3,https://downloads.wordpress.org/theme/monster-dark.12.4.zip,"2025-04-14 09:01:51",https://wordpress.org/themes/monster-dark/,,5.6
newsmedia,NewsMedia,13.2,13.1,https://downloads.wordpress.org/theme/newsmedia.13.2.zip,"2025-04-14 09:02:24",https://wordpress.org/themes/newsmedia/,,5.6
pizza-delivery,"Pizza Delivery",1.1,1.0,https://downloads.wordpress.org/theme/pizza-delivery.1.1.zip,"2025-04-14 09:17:42",https://wordpress.org/themes/pizza-delivery/,6.1,5.6
spasalon,Spasalon,2.2.5,2.2.4,https://downloads.wordpress.org/theme/spasalon.2.2.5.zip,"2025-04-14 09:09:23",https://wordpress.org/themes/spasalon/,4.5,5.4
spicemag,SpiceMag,10.3,10.2,https://downloads.wordpress.org/theme/spicemag.10.3.zip,"2025-04-14 09:02:49",https://wordpress.org/themes/spicemag/,,5.6
technoex,Technoex,7.2,7.1,https://downloads.wordpress.org/theme/technoex.7.2.zip,"2025-04-14 09:03:17",https://wordpress.org/themes/technoex/,,5.6
weight-loss-trainer,"Weight Loss Trainer",0.3.6,0.3.5,https://downloads.wordpress.org/theme/weight-loss-trainer.0.3.6.zip,"2025-04-14 08:42:04",https://wordpress.org/themes/weight-loss-trainer/,5.0,7.2
hotel-resort,"Hotel Resort",1.1.5,1.1.4,https://downloads.wordpress.org/theme/hotel-resort.1.1.5.zip,"2025-04-14 10:20:02",https://wordpress.org/themes/hotel-resort/,,7.2
policyguard-insurance-services,"Policyguard Insurance Services",0.1.2,0.1.1,https://downloads.wordpress.org/theme/policyguard-insurance-services.0.1.2.zip,"2025-04-14 10:20:30",https://wordpress.org/themes/policyguard-insurance-services/,5.0,7.2
business-venture,"Business Venture",1.8,1.7,https://downloads.wordpress.org/theme/business-venture.1.8.zip,"2025-04-14 10:56:23",https://wordpress.org/themes/business-venture/,6.1,7.2
cv-workfolio,"CV Workfolio",1.5,1.4,https://downloads.wordpress.org/theme/cv-workfolio.1.5.zip,"2025-04-14 10:58:29",https://wordpress.org/themes/cv-workfolio/,6.1,7.2
education-management,"Education Management",1.7,1.6,https://downloads.wordpress.org/theme/education-management.1.7.zip,"2025-04-14 10:58:41",https://wordpress.org/themes/education-management/,6.1,7.2
freelance-portfolio,"Freelance Portfolio",1.7,1.6,https://downloads.wordpress.org/theme/freelance-portfolio.1.7.zip,"2025-04-14 11:07:07",https://wordpress.org/themes/freelance-portfolio/,6.1,7.2
home-appliances-store,"Home Appliances Store",1.8,1.7,https://downloads.wordpress.org/theme/home-appliances-store.1.8.zip,"2025-04-14 11:03:58",https://wordpress.org/themes/home-appliances-store/,6.1,7.2
mechanic-car-repair,"Mechanic Car Repair",1.7,1.6,https://downloads.wordpress.org/theme/mechanic-car-repair.1.7.zip,"2025-04-14 11:01:26",https://wordpress.org/themes/mechanic-car-repair/,6.1,7.2
motorcycle-repair,"Motorcycle Repair",1.8,1.7,https://downloads.wordpress.org/theme/motorcycle-repair.1.8.zip,"2025-04-14 11:01:46",https://wordpress.org/themes/motorcycle-repair/,6.1,7.2
ph-creative-blog,"PH Creative Blog",1.0.3.3.4,1.0.3.3.3,https://downloads.wordpress.org/theme/ph-creative-blog.1.0.3.3.4.zip,"2025-04-14 10:52:01",https://wordpress.org/themes/ph-creative-blog/,,5.6
photo-perfect,"Photo Perfect",2.1.2,2.1.1,https://downloads.wordpress.org/theme/photo-perfect.2.1.2.zip,"2025-04-14 11:05:50",https://wordpress.org/themes/photo-perfect/,5.6,5.6
real-estate-development,"Real Estate Development",2.0,1.9,https://downloads.wordpress.org/theme/real-estate-development.2.0.zip,"2025-04-14 11:04:14",https://wordpress.org/themes/real-estate-development/,6.1,7.2
titan-branding-agency,"Titan Branding Agency",1.9,1.8,https://downloads.wordpress.org/theme/titan-branding-agency.1.9.zip,"2025-04-14 11:04:36",https://wordpress.org/themes/titan-branding-agency/,6.1,7.2
titan-business-agency,"Titan Business Agency",1.7,1.6,https://downloads.wordpress.org/theme/titan-business-agency.1.7.zip,"2025-04-14 11:04:54",https://wordpress.org/themes/titan-business-agency/,6.1,7.2
transportation-agency,"Transportation Agency",2.1,2.0,https://downloads.wordpress.org/theme/transportation-agency.2.1.zip,"2025-04-14 11:05:07",https://wordpress.org/themes/transportation-agency/,6.1,7.2
traveler-booking,"Traveler Booking",2.2,2.1,https://downloads.wordpress.org/theme/traveler-booking.2.2.zip,"2025-04-14 11:05:26",https://wordpress.org/themes/traveler-booking/,6.1,7.2
althea-wp,"Althea WP",1.0.40,1.0.37,https://downloads.wordpress.org/theme/althea-wp.1.0.40.zip,"2025-04-14 11:43:31",https://wordpress.org/themes/althea-wp/,,5.8
aromatic,Aromatic,19.0,18.9,https://downloads.wordpress.org/theme/aromatic.19.0.zip,"2025-04-14 11:35:28",https://wordpress.org/themes/aromatic/,4.7,5.6
ayroma,Ayroma,18.4,18.3,https://downloads.wordpress.org/theme/ayroma.18.4.zip,"2025-04-14 11:34:36",https://wordpress.org/themes/ayroma/,4.7,5.6
brite,Brite,1.0.40,1.0.37,https://downloads.wordpress.org/theme/brite.1.0.40.zip,"2025-04-14 11:44:38",https://wordpress.org/themes/brite/,,5.6
calliope,Calliope,1.0.51,1.0.49,https://downloads.wordpress.org/theme/calliope.1.0.51.zip,"2025-04-14 11:45:02",https://wordpress.org/themes/calliope/,,5.6
chocolate-store,"Chocolate Store",0.6,0.5,https://downloads.wordpress.org/theme/chocolate-store.0.6.zip,"2025-04-14 12:16:00",https://wordpress.org/themes/chocolate-store/,,7.2
colibri-wp,"Colibri WP",1.0.140,1.0.138,https://downloads.wordpress.org/theme/colibri-wp.1.0.140.zip,"2025-04-14 11:39:59",https://wordpress.org/themes/colibri-wp/,,5.6
digitala,Digitala,1.0.15,1.0.13,https://downloads.wordpress.org/theme/digitala.1.0.15.zip,"2025-04-14 11:45:47",https://wordpress.org/themes/digitala/,,5.8
ecliptica,Ecliptica,1.0.12,1.0.8,https://downloads.wordpress.org/theme/ecliptica.1.0.12.zip,"2025-04-14 11:46:40",https://wordpress.org/themes/ecliptica/,,5.8
eco-ngo,"Eco NGO",0.5,0.4,https://downloads.wordpress.org/theme/eco-ngo.0.5.zip,"2025-04-14 12:15:39",https://wordpress.org/themes/eco-ngo/,,7.2
elite-florist,"Elite florist",3.4,3.3,https://downloads.wordpress.org/theme/elite-florist.3.4.zip,"2025-04-14 12:15:05",https://wordpress.org/themes/elite-florist/,,7.2
elite-security-guard,"Elite Security Guard",3.4,3.3,https://downloads.wordpress.org/theme/elite-security-guard.3.4.zip,"2025-04-14 12:14:51",https://wordpress.org/themes/elite-security-guard/,,7.2
elite-soccer-club,"Elite Soccer Club",0.4,0.3,https://downloads.wordpress.org/theme/elite-soccer-club.0.4.zip,"2025-04-14 12:13:57",https://wordpress.org/themes/elite-soccer-club/,,7.2
express-store,"Express Store",14.5,14.4,https://downloads.wordpress.org/theme/express-store.14.5.zip,"2025-04-14 11:38:53",https://wordpress.org/themes/express-store/,,5.6
feauty,Feauty,18.3,18.2,https://downloads.wordpress.org/theme/feauty.18.3.zip,"2025-04-14 11:38:36",https://wordpress.org/themes/feauty/,4.7,5.6
flexi-mart,"Flexi Mart",5.5,5.4,https://downloads.wordpress.org/theme/flexi-mart.5.5.zip,"2025-04-14 11:38:18",https://wordpress.org/themes/flexi-mart/,,5.6
flossy,Flossy,10.8,10.7,https://downloads.wordpress.org/theme/flossy.10.8.zip,"2025-04-14 11:38:00",https://wordpress.org/themes/flossy/,4.7,5.6
flow-store,"Flow Store",6.6,6.5,https://downloads.wordpress.org/theme/flow-store.6.6.zip,"2025-04-14 11:37:35",https://wordpress.org/themes/flow-store/,,5.6
hillstar,Hillstar,1.0.32,1.0.30,https://downloads.wordpress.org/theme/hillstar.1.0.32.zip,"2025-04-14 11:47:27",https://wordpress.org/themes/hillstar/,,5.8
hugo-wp,"Hugo WP",1.0.29,1.0.27,https://downloads.wordpress.org/theme/hugo-wp.1.0.29.zip,"2025-04-14 11:49:21",https://wordpress.org/themes/hugo-wp/,,5.8
indofinance,IndoFinance,1.0.2.3.7,1.0.2.3.6,https://downloads.wordpress.org/theme/indofinance.1.0.2.3.7.zip,"2025-04-14 12:26:59",https://wordpress.org/themes/indofinance/,,5.6
linnet,Linnet,1.0.23,1.0.18,https://downloads.wordpress.org/theme/linnet.1.0.23.zip,"2025-04-14 11:50:15",https://wordpress.org/themes/linnet/,,5.8
oasis,Oasis,1.0.28,1.0.22,https://downloads.wordpress.org/theme/oasis.1.0.28.zip,"2025-04-14 11:50:42",https://wordpress.org/themes/oasis/,,5.6
paw-bazaar,"Paw Bazaar",2.1,2.0,https://downloads.wordpress.org/theme/paw-bazaar.2.1.zip,"2025-04-14 11:31:56",https://wordpress.org/themes/paw-bazaar/,,5.6
peregrine,Peregrine,1.0.25,1.0.23,https://downloads.wordpress.org/theme/peregrine.1.0.25.zip,"2025-04-14 11:51:30",https://wordpress.org/themes/peregrine/,,5.8
pet-bazaar,"Pet Bazaar",2.8,2.7,https://downloads.wordpress.org/theme/pet-bazaar.2.8.zip,"2025-04-14 11:31:02",https://wordpress.org/themes/pet-bazaar/,4.7,5.6
pet-store,"Pet Store",1.7,1.6,https://downloads.wordpress.org/theme/pet-store.1.7.zip,"2025-04-14 11:30:20",https://wordpress.org/themes/pet-store/,,5.6
photography-album,"Photography Album",2.1,2.0,https://downloads.wordpress.org/theme/photography-album.2.1.zip,"2025-04-14 12:13:21",https://wordpress.org/themes/photography-album/,,7.2
retailsy,Retailsy,18.3,18.2,https://downloads.wordpress.org/theme/retailsy.18.3.zip,"2025-04-14 11:37:14",https://wordpress.org/themes/retailsy/,4.7,5.6
shopient,Shopient,18.3,18.2,https://downloads.wordpress.org/theme/shopient.18.3.zip,"2025-04-14 11:34:14",https://wordpress.org/themes/shopient/,4.7,5.6
shopiva,Shopiva,18.3,18.2,https://downloads.wordpress.org/theme/shopiva.18.3.zip,"2025-04-14 11:33:54",https://wordpress.org/themes/shopiva/,4.7,5.6
shoply,Shoply,18.4,18.3,https://downloads.wordpress.org/theme/shoply.18.4.zip,"2025-04-14 11:33:30",https://wordpress.org/themes/shoply/,4.7,5.6
silverstorm,Silverstorm,1.0.14,1.0.12,https://downloads.wordpress.org/theme/silverstorm.1.0.14.zip,"2025-04-14 11:52:15",https://wordpress.org/themes/silverstorm/,,5.8
skyline-wp,"Skyline WP",1.0.30,1.0.28,https://downloads.wordpress.org/theme/skyline-wp.1.0.30.zip,"2025-04-14 11:52:38",https://wordpress.org/themes/skyline-wp/,,5.6
skylink,Skylink,1.0.9,1.0.8,https://downloads.wordpress.org/theme/skylink.1.0.9.zip,"2025-04-14 11:53:31",https://wordpress.org/themes/skylink/,,5.8
storefit,Storefit,13.0,12.9,https://downloads.wordpress.org/theme/storefit.13.0.zip,"2025-04-14 11:36:08",https://wordpress.org/themes/storefit/,,5.6
storely,Storely,18.8,18.7,https://downloads.wordpress.org/theme/storely.18.8.zip,"2025-04-14 11:33:06",https://wordpress.org/themes/storely/,4.7,5.6
storess,Storess,18.3,18.2,https://downloads.wordpress.org/theme/storess.18.3.zip,"2025-04-14 11:32:43",https://wordpress.org/themes/storess/,4.7,5.6
storezia,Storezia,18.4,18.3,https://downloads.wordpress.org/theme/storezia.18.4.zip,"2025-04-14 11:32:16",https://wordpress.org/themes/storezia/,4.7,5.6
synclet,Synclet,1.0.13,1.0.9,https://downloads.wordpress.org/theme/synclet.1.0.13.zip,"2025-04-14 11:54:15",https://wordpress.org/themes/synclet/,,5.8
teluro,Teluro,1.0.61,1.0.59,https://downloads.wordpress.org/theme/teluro.1.0.61.zip,"2025-04-14 11:38:19",https://wordpress.org/themes/teluro/,,5.6
accron,Accron,1.8.3,1.8.2,https://downloads.wordpress.org/theme/accron.1.8.3.zip,"2025-04-14 13:37:55",https://wordpress.org/themes/accron/,4.7,5.6
avril,Avril,13.5,13.4,https://downloads.wordpress.org/theme/avril.13.5.zip,"2025-04-14 13:37:18",https://wordpress.org/themes/avril/,4.7,5.6
colorflow,ColorFlow,1.8,1.7,https://downloads.wordpress.org/theme/colorflow.1.8.zip,"2025-04-14 13:30:39",https://wordpress.org/themes/colorflow/,4.7,5.6
colorpress,ColorPress,13.0,12.9,https://downloads.wordpress.org/theme/colorpress.13.0.zip,"2025-04-14 13:35:10",https://wordpress.org/themes/colorpress/,4.7,5.6
conceptly,Conceptly,14.1,14.0,https://downloads.wordpress.org/theme/conceptly.14.1.zip,"2025-04-14 13:34:52",https://wordpress.org/themes/conceptly/,4.7,5.6
flavita,Flavita,13.1,13.0,https://downloads.wordpress.org/theme/flavita.13.1.zip,"2025-04-14 13:34:25",https://wordpress.org/themes/flavita/,4.7,5.6
gradiant,Gradiant,13.8,13.7,https://downloads.wordpress.org/theme/gradiant.13.8.zip,"2025-04-14 13:33:17",https://wordpress.org/themes/gradiant/,4.7,5.6
gradiantx,GradiantX,1.7,1.6,https://downloads.wordpress.org/theme/gradiantx.1.7.zip,"2025-04-14 13:30:23",https://wordpress.org/themes/gradiantx/,4.7,5.6
nexcraft-bpo,"Nexcraft BPO",3.4,3.3,https://downloads.wordpress.org/theme/nexcraft-bpo.3.4.zip,"2025-04-14 13:31:24",https://wordpress.org/themes/nexcraft-bpo/,,5.6
nexcraft,NexCraft,5.4,5.3,https://downloads.wordpress.org/theme/nexcraft.5.4.zip,"2025-04-14 13:32:53",https://wordpress.org/themes/nexcraft/,4.7,5.6
shadiant,Shadiant,1.3,1.2,https://downloads.wordpress.org/theme/shadiant.1.3.zip,"2025-04-14 13:31:06",https://wordpress.org/themes/shadiant/,4.7,5.6
appointo,Appointo,12.6,12.5,https://downloads.wordpress.org/theme/appointo.12.6.zip,"2025-04-14 13:40:29",https://wordpress.org/themes/appointo/,4.7,5.6
corpex,Corpex,7.0,6.9,https://downloads.wordpress.org/theme/corpex.7.0.zip,"2025-04-14 13:38:42",https://wordpress.org/themes/corpex/,4.7,5.6
eduvert,Eduvert,13.2,13.1,https://downloads.wordpress.org/theme/eduvert.13.2.zip,"2025-04-14 13:50:37",https://wordpress.org/themes/eduvert/,4.7,5.6
hantus,Hantus,14.2,14.1,https://downloads.wordpress.org/theme/hantus.14.2.zip,"2025-04-14 13:43:49",https://wordpress.org/themes/hantus/,4.7,5.6
lightning,Lightning,15.29.6,15.29.5,https://downloads.wordpress.org/theme/lightning.15.29.6.zip,"2025-04-14 14:33:35",https://wordpress.org/themes/lightning/,6.4,7.4
medazin,Medazin,10.9,10.8,https://downloads.wordpress.org/theme/medazin.10.9.zip,"2025-04-14 13:43:22",https://wordpress.org/themes/medazin/,4.7,5.6
startkit,StartKit,15.4,15.3,https://downloads.wordpress.org/theme/startkit.15.4.zip,"2025-04-14 13:42:41",https://wordpress.org/themes/startkit/,4.7,5.6
villapress,VillaPress,4.4,4.3,https://downloads.wordpress.org/theme/villapress.4.4.zip,"2025-04-14 13:41:06",https://wordpress.org/themes/villapress/,,7.0
viral-express,"Viral Express",1.0.2,1.0.1,https://downloads.wordpress.org/theme/viral-express.1.0.2.zip,"2025-04-14 15:29:47",https://wordpress.org/themes/viral-express/,,7.4
nextawards,Nextawards,1.6.5,1.6.4,https://downloads.wordpress.org/theme/nextawards.1.6.5.zip,"2025-04-14 16:11:38",https://wordpress.org/themes/nextawards/,,5.6
extendable,Extendable,2.0.21,2.0.20,https://downloads.wordpress.org/theme/extendable.2.0.21.zip,"2025-04-14 22:46:14",https://wordpress.org/themes/extendable/,6.6,7.4
hestia,Hestia,3.2.9,3.2.8,https://downloads.wordpress.org/theme/hestia.3.2.9.zip,"2025-04-15 00:50:33",https://wordpress.org/themes/hestia/,,5.4.0
listdomer,Listdomer,3.1.1,3.1.0,https://downloads.wordpress.org/theme/listdomer.3.1.1.zip,"2025-04-15 00:14:57",https://wordpress.org/themes/listdomer/,4.0,7.2
fse-cloths-rental,"FSE Cloths Rental",1.1.2,1.1.1,https://downloads.wordpress.org/theme/fse-cloths-rental.1.1.2.zip,"2025-04-15 04:12:38",https://wordpress.org/themes/fse-cloths-rental/,5.9,5.6
fse-fashion-store,"FSE Fashion Store",1.1.2,1.1.1,https://downloads.wordpress.org/theme/fse-fashion-store.1.1.2.zip,"2025-04-15 04:12:48",https://wordpress.org/themes/fse-fashion-store/,5.9,5.6
fse-medical-clinic,"FSE Medical Clinic",1.0.6,1.0.5,https://downloads.wordpress.org/theme/fse-medical-clinic.1.0.6.zip,"2025-04-15 04:13:13",https://wordpress.org/themes/fse-medical-clinic/,5.9,5.6
fse-photographs,"FSE Photographs",1.0.7,1.0.6,https://downloads.wordpress.org/theme/fse-photographs.1.0.7.zip,"2025-04-15 04:13:25",https://wordpress.org/themes/fse-photographs/,5.9,5.6
gemstone-jewelry,"Gemstone Jewelry",1.0.3,1.0.2,https://downloads.wordpress.org/theme/gemstone-jewelry.1.0.3.zip,"2025-04-15 04:13:49",https://wordpress.org/themes/gemstone-jewelry/,5.9,5.6
healthy-food-blogger,"Healthy Food Blogger",1.0.3,1.0.2,https://downloads.wordpress.org/theme/healthy-food-blogger.1.0.3.zip,"2025-04-15 04:14:03",https://wordpress.org/themes/healthy-food-blogger/,5.9,5.6
sento-eblog,"Sento eBlog",1.0.0,,https://downloads.wordpress.org/theme/sento-eblog.1.0.0.zip,"2025-04-15 05:31:37",https://wordpress.org/themes/sento-eblog/,5.0,7.0
aerial-drone,"Aerial Drone",1.0.9,1.0.8,https://downloads.wordpress.org/theme/aerial-drone.1.0.9.zip,"2025-04-15 06:27:27",https://wordpress.org/themes/aerial-drone/,5.3,7.2
aviation-industry,"Aviation Industry",1.1.2,1.1.1,https://downloads.wordpress.org/theme/aviation-industry.1.1.2.zip,"2025-04-15 06:27:40",https://wordpress.org/themes/aviation-industry/,5.5,7.2
business-classified-ads,"Business Classified Ads",1.0.4,1.0.3,https://downloads.wordpress.org/theme/business-classified-ads.1.0.4.zip,"2025-04-15 06:28:12",https://wordpress.org/themes/business-classified-ads/,5.3,7.2
cleaning-maintenance,"Cleaning Maintenance",1.1.8,1.1.7,https://downloads.wordpress.org/theme/cleaning-maintenance.1.1.8.zip,"2025-04-15 06:28:39",https://wordpress.org/themes/cleaning-maintenance/,5.3,7.2
digital-media,"Digital Media",1.0.9,1.0.8,https://downloads.wordpress.org/theme/digital-media.1.0.9.zip,"2025-04-15 06:28:59",https://wordpress.org/themes/digital-media/,5.3,7.2
fruits-farming,"Fruits Farming",1.1.5,1.1.4,https://downloads.wordpress.org/theme/fruits-farming.1.1.5.zip,"2025-04-15 06:29:15",https://wordpress.org/themes/fruits-farming/,5.5,7.2
health-care-center,"Health Care Center",1.0.6,1.0.5,https://downloads.wordpress.org/theme/health-care-center.1.0.6.zip,"2025-04-15 06:29:45",https://wordpress.org/themes/health-care-center/,5.3,7.2
kindergarten-toys,"Kindergarten Toys",1.1.1,1.1.0,https://downloads.wordpress.org/theme/kindergarten-toys.1.1.1.zip,"2025-04-15 06:30:09",https://wordpress.org/themes/kindergarten-toys/,5.3,7.2
bike-workshop,"Bike Workshop",1.0,,https://downloads.wordpress.org/theme/bike-workshop.1.0.zip,"2025-04-15 06:01:06",https://wordpress.org/themes/bike-workshop/,,7.4
industrial-hub,"Industrial Hub",0.2,,https://downloads.wordpress.org/theme/industrial-hub.0.2.zip,"2025-04-15 05:46:02",https://wordpress.org/themes/industrial-hub/,5.0,5.6
anamio,Anamio,13.6,13.5,https://downloads.wordpress.org/theme/anamio.13.6.zip,"2025-04-15 07:17:37",https://wordpress.org/themes/anamio/,4.7,5.6
astra,Astra,4.10.0,4.9.2,https://downloads.wordpress.org/theme/astra.4.10.0.zip,"2025-04-15 06:45:01",https://wordpress.org/themes/astra/,5.3,5.3
avira,Avira,14.6,14.5,https://downloads.wordpress.org/theme/avira.14.6.zip,"2025-04-15 07:20:47",https://wordpress.org/themes/avira/,4.7,5.6
benzer,Benzer,14.6,14.5,https://downloads.wordpress.org/theme/benzer.14.6.zip,"2025-04-15 07:20:26",https://wordpress.org/themes/benzer/,4.7,5.6
daizy,Daizy,12.4,12.3,https://downloads.wordpress.org/theme/daizy.12.4.zip,"2025-04-15 07:17:17",https://wordpress.org/themes/daizy/,4.7,5.6
envitech,Envitech,6.1,6.0,https://downloads.wordpress.org/theme/envitech.6.1.zip,"2025-04-15 07:20:06",https://wordpress.org/themes/envitech/,,7.0
exnova,Exnova,3.9,3.8,https://downloads.wordpress.org/theme/exnova.3.9.zip,"2025-04-15 07:19:44",https://wordpress.org/themes/exnova/,4.7,5.6
expert-life-coach,"Expert Life Coach",7.0,6.9,https://downloads.wordpress.org/theme/expert-life-coach.7.0.zip,"2025-04-15 07:29:14",https://wordpress.org/themes/expert-life-coach/,,7.2
fabify,Fabify,14.6,14.5,https://downloads.wordpress.org/theme/fabify.14.6.zip,"2025-04-15 07:19:27",https://wordpress.org/themes/fabify/,4.7,5.6
ferio,Ferio,5.4,5.3,https://downloads.wordpress.org/theme/ferio.5.4.zip,"2025-04-15 07:16:52",https://wordpress.org/themes/ferio/,4.7,5.6
film-studio,"Film Studio",2.7,2.6,https://downloads.wordpress.org/theme/film-studio.2.7.zip,"2025-04-15 07:27:18",https://wordpress.org/themes/film-studio/,,7.2
gadget-store,"Gadget Store",10.2,10.1,https://downloads.wordpress.org/theme/gadget-store.10.2.zip,"2025-04-15 07:27:36",https://wordpress.org/themes/gadget-store/,,7.2
gruj,Gruj,13.6,13.5,https://downloads.wordpress.org/theme/gruj.13.6.zip,"2025-04-15 07:14:43",https://wordpress.org/themes/gruj/,4.7,5.6
islamic-trust,"Islamic Trust",0.2,0.1,https://downloads.wordpress.org/theme/islamic-trust.0.2.zip,"2025-04-15 07:26:52",https://wordpress.org/themes/islamic-trust/,,7.2
led-tv,"LED TV",6.1,6.0,https://downloads.wordpress.org/theme/led-tv.6.1.zip,"2025-04-15 07:27:58",https://wordpress.org/themes/led-tv/,,7.2
mobile-app-launch,"Mobile App Launch",0.3,0.2,https://downloads.wordpress.org/theme/mobile-app-launch.0.3.zip,"2025-04-15 07:28:12",https://wordpress.org/themes/mobile-app-launch/,,7.2
scolax,Scolax,13.7,13.6,https://downloads.wordpress.org/theme/scolax.13.7.zip,"2025-04-15 07:18:18",https://wordpress.org/themes/scolax/,4.7,5.6
soga,Soga,13.2,13.1,https://downloads.wordpress.org/theme/soga.13.2.zip,"2025-04-15 07:14:14",https://wordpress.org/themes/soga/,4.7,5.6
specia,Specia,15.1,15.0,https://downloads.wordpress.org/theme/specia.15.1.zip,"2025-04-15 07:21:10",https://wordpress.org/themes/specia/,4.7,5.6
spera,Spera,13.6,13.5,https://downloads.wordpress.org/theme/spera.13.6.zip,"2025-04-15 07:17:55",https://wordpress.org/themes/spera/,4.7,5.6
vegan-cafe-restaurant,"Vegan Cafe Restaurant",0.4,0.3,https://downloads.wordpress.org/theme/vegan-cafe-restaurant.0.4.zip,"2025-04-15 07:28:42",https://wordpress.org/themes/vegan-cafe-restaurant/,,7.2
admire-blog,"Admire Blog",1.0.1,,https://downloads.wordpress.org/theme/admire-blog.1.0.1.zip,"2025-04-15 07:01:03",https://wordpress.org/themes/admire-blog/,5.0,7.4
flexiva,Flexiva,0.1,,https://downloads.wordpress.org/theme/flexiva.0.1.zip,"2025-04-15 06:46:01",https://wordpress.org/themes/flexiva/,4.7,5.6
auto-repair-center,"Auto Repair Center",1.1.3,1.1.2,https://downloads.wordpress.org/theme/auto-repair-center.1.1.3.zip,"2025-04-15 08:32:20",https://wordpress.org/themes/auto-repair-center/,6.0,7.2
bakery-cafe,"Bakery Cafe",5.2,5.1,https://downloads.wordpress.org/theme/bakery-cafe.5.2.zip,"2025-04-15 08:27:10",https://wordpress.org/themes/bakery-cafe/,5.0,7.2
beauty-spa-elementor,"Beauty Spa Elementor",0.4.5,0.4.4,https://downloads.wordpress.org/theme/beauty-spa-elementor.0.4.5.zip,"2025-04-15 08:18:57",https://wordpress.org/themes/beauty-spa-elementor/,5.0,5.6
brightly,Brightly,1.0.15,1.0.12,https://downloads.wordpress.org/theme/brightly.1.0.15.zip,"2025-04-15 08:17:18",https://wordpress.org/themes/brightly/,5.8,7.1
business-directory-elementor,"Business Directory Elementor",0.4.7,0.4.6,https://downloads.wordpress.org/theme/business-directory-elementor.0.4.7.zip,"2025-04-15 08:19:05",https://wordpress.org/themes/business-directory-elementor/,5.0,5.6
call-center-bpo,"Call Center BPO",4.6,4.5,https://downloads.wordpress.org/theme/call-center-bpo.4.6.zip,"2025-04-15 08:26:53",https://wordpress.org/themes/call-center-bpo/,5.0,7.2
charitable-non-profit,"Charitable Non Profit",0.2.8,0.2.7,https://downloads.wordpress.org/theme/charitable-non-profit.0.2.8.zip,"2025-04-15 08:19:25",https://wordpress.org/themes/charitable-non-profit/,5.0,5.6
cinematico,Cinematico,1.0.19,1.0.18,https://downloads.wordpress.org/theme/cinematico.1.0.19.zip,"2025-04-15 08:18:08",https://wordpress.org/themes/cinematico/,5.8,7.1
construction-services-company,"Construction Services Company",4.8,4.7,https://downloads.wordpress.org/theme/construction-services-company.4.8.zip,"2025-04-15 08:27:27",https://wordpress.org/themes/construction-services-company/,5.0,7.2
consus,Consus,1.0.17,1.0.16,https://downloads.wordpress.org/theme/consus.1.0.17.zip,"2025-04-15 08:21:55",https://wordpress.org/themes/consus/,5.8,7.1
digital-marketing-elementor,"Digital Marketing Elementor",0.4.5,0.4.4,https://downloads.wordpress.org/theme/digital-marketing-elementor.0.4.5.zip,"2025-04-15 08:19:35",https://wordpress.org/themes/digital-marketing-elementor/,5.0,5.6
eco-nature-elementor,"Eco Nature Elementor",0.4.4,0.4.3,https://downloads.wordpress.org/theme/eco-nature-elementor.0.4.4.zip,"2025-04-15 08:19:50",https://wordpress.org/themes/eco-nature-elementor/,5.0,5.6
elevate-wp,"Elevate WP",1.0.29,1.0.28,https://downloads.wordpress.org/theme/elevate-wp.1.0.29.zip,"2025-04-15 08:24:02",https://wordpress.org/themes/elevate-wp/,5.8,7.1
flexiva,Flexiva,0.2,0.1,https://downloads.wordpress.org/theme/flexiva.0.2.zip,"2025-04-15 08:17:04",https://wordpress.org/themes/flexiva/,4.7,5.6
foodie-restaurant,"Foodie Restaurant",4.5,4.4,https://downloads.wordpress.org/theme/foodie-restaurant.4.5.zip,"2025-04-15 08:27:41",https://wordpress.org/themes/foodie-restaurant/,5.0,7.2
freelancer-digital-agency,"Freelancer Digital Agency",4.7,4.6,https://downloads.wordpress.org/theme/freelancer-digital-agency.4.7.zip,"2025-04-15 08:28:04",https://wordpress.org/themes/freelancer-digital-agency/,5.0,7.2
hairstyle-salon,"Hairstyle Salon",4.0,3.9,https://downloads.wordpress.org/theme/hairstyle-salon.4.0.zip,"2025-04-15 08:28:24",https://wordpress.org/themes/hairstyle-salon/,5.0,7.2
hairstylist-salon,"Hairstylist Salon",0.2.8,0.2.7,https://downloads.wordpress.org/theme/hairstylist-salon.0.2.8.zip,"2025-04-15 08:19:58",https://wordpress.org/themes/hairstylist-salon/,5.0,5.6
home-automation,"Home Automation",4.4,4.3,https://downloads.wordpress.org/theme/home-automation.4.4.zip,"2025-04-15 08:28:38",https://wordpress.org/themes/home-automation/,5.0,7.2
iris-wp,"Iris WP",1.0.29,1.0.28,https://downloads.wordpress.org/theme/iris-wp.1.0.29.zip,"2025-04-15 08:24:48",https://wordpress.org/themes/iris-wp/,5.8,7.1
ketos,Ketos,1.0.18,1.0.17,https://downloads.wordpress.org/theme/ketos.1.0.18.zip,"2025-04-15 08:25:31",https://wordpress.org/themes/ketos/,5.8,7.1
kubio,Kubio,1.0.55,1.0.53,https://downloads.wordpress.org/theme/kubio.1.0.55.zip,"2025-04-15 08:22:47",https://wordpress.org/themes/kubio/,5.8.3,7.1
luminai,LuminAI,1.0.11,1.0.10,https://downloads.wordpress.org/theme/luminai.1.0.11.zip,"2025-04-15 08:26:14",https://wordpress.org/themes/luminai/,5.8,7.1
mindscape,Mindscape,1.0.44,1.0.43,https://downloads.wordpress.org/theme/mindscape.1.0.44.zip,"2025-04-15 08:26:58",https://wordpress.org/themes/mindscape/,5.8,7.1
mistify,Mistify,1.0.12,1.0.8,https://downloads.wordpress.org/theme/mistify.1.0.12.zip,"2025-04-15 08:27:51",https://wordpress.org/themes/mistify/,5.8,7.1
momota,Momota,1.0.10,1.0.5,https://downloads.wordpress.org/theme/momota.1.0.10.zip,"2025-04-15 08:28:40",https://wordpress.org/themes/momota/,5.8,7.1
moontopia,Moontopia,1.0.15,1.0.14,https://downloads.wordpress.org/theme/moontopia.1.0.15.zip,"2025-04-15 08:29:26",https://wordpress.org/themes/moontopia/,5.8,7.1
niveau,Niveau,1.0.20,1.0.19,https://downloads.wordpress.org/theme/niveau.1.0.20.zip,"2025-04-15 08:30:06",https://wordpress.org/themes/niveau/,5.8,7.1
oblixar,Oblixar,1.0.18,1.0.11,https://downloads.wordpress.org/theme/oblixar.1.0.18.zip,"2025-04-15 08:31:16",https://wordpress.org/themes/oblixar/,5.8,7.1
opensky,Opensky,1.0.16,1.0.9,https://downloads.wordpress.org/theme/opensky.1.0.16.zip,"2025-04-15 08:32:38",https://wordpress.org/themes/opensky/,5.8,7.1
pathway,Pathway,1.0.34,1.0.33,https://downloads.wordpress.org/theme/pathway.1.0.34.zip,"2025-04-15 08:33:36",https://wordpress.org/themes/pathway/,5.8.3,7.1
pixy,Pixy,1.0.35,1.0.31,https://downloads.wordpress.org/theme/pixy.1.0.35.zip,"2025-04-15 08:36:02",https://wordpress.org/themes/pixy/,5.8.3,7.1
property-management-company,"Property Management Company",1.1,1.0.9,https://downloads.wordpress.org/theme/property-management-company.1.1.zip,"2025-04-15 08:32:01",https://wordpress.org/themes/property-management-company/,6.0,7.2
smart-home-automation,"Smart Home Automation",1.1.3,1.1.2,https://downloads.wordpress.org/theme/smart-home-automation.1.1.3.zip,"2025-04-15 08:34:16",https://wordpress.org/themes/smart-home-automation/,6.0,7.2
travel-booking-solutions,"Travel Booking Solutions",1.1.1,1.1,https://downloads.wordpress.org/theme/travel-booking-solutions.1.1.1.zip,"2025-04-15 08:34:05",https://wordpress.org/themes/travel-booking-solutions/,6.0,7.2
tutor-elearning,"Tutor Elearning",2.0.4,2.0.3,https://downloads.wordpress.org/theme/tutor-elearning.2.0.4.zip,"2025-04-15 08:34:43",https://wordpress.org/themes/tutor-elearning/,6.0,7.2
pixelize,Pixelize,1.0.8,,https://downloads.wordpress.org/theme/pixelize.1.0.8.zip,"2025-04-15 08:35:06",https://wordpress.org/themes/pixelize/,5.8,7.1
astronomy-store,"Astronomy Store",0.8.3,0.8.2,https://downloads.wordpress.org/theme/astronomy-store.0.8.3.zip,"2025-04-15 08:47:30",https://wordpress.org/themes/astronomy-store/,5.0,5.6
classic-internet-services,"Classic Internet Services",1.3.2,1.3.1,https://downloads.wordpress.org/theme/classic-internet-services.1.3.2.zip,"2025-04-15 08:48:14",https://wordpress.org/themes/classic-internet-services/,5.0,5.6
dacnis,Dacnis,1.0.28,1.0.20,https://downloads.wordpress.org/theme/dacnis.1.0.28.zip,"2025-04-15 08:42:57",https://wordpress.org/themes/dacnis/,5.8,7.1
perfume-store,"Perfume Store",0.2.1,0.2,https://downloads.wordpress.org/theme/perfume-store.0.2.1.zip,"2025-04-15 08:48:51",https://wordpress.org/themes/perfume-store/,5.0,5.6
prismal,Prismal,1.0.10,1.0.8,https://downloads.wordpress.org/theme/prismal.1.0.10.zip,"2025-04-15 08:38:17",https://wordpress.org/themes/prismal/,5.8,7.1
rayforce,Rayforce,1.0.6,1.0.3,https://downloads.wordpress.org/theme/rayforce.1.0.6.zip,"2025-04-15 08:38:56",https://wordpress.org/themes/rayforce/,5.8,7.1
rufous,Rufous,1.0.41,1.0.40,https://downloads.wordpress.org/theme/rufous.1.0.41.zip,"2025-04-15 08:39:37",https://wordpress.org/themes/rufous/,5.8,7.1
shopfront-ecommerce,"Shopfront Ecommerce",0.5.2,0.5.1,https://downloads.wordpress.org/theme/shopfront-ecommerce.0.5.2.zip,"2025-04-15 08:50:13",https://wordpress.org/themes/shopfront-ecommerce/,5.0,5.6
solar-panels,"Solar Panels",1.4.3,1.4.2,https://downloads.wordpress.org/theme/solar-panels.1.4.3.zip,"2025-04-15 08:51:07",https://wordpress.org/themes/solar-panels/,5.0,5.6
solar-services,"Solar Services",2.4.1,2.4,https://downloads.wordpress.org/theme/solar-services.2.4.1.zip,"2025-04-15 08:52:43",https://wordpress.org/themes/solar-services/,5.0,5.6
stormea,Stormea,1.0.12,1.0.10,https://downloads.wordpress.org/theme/stormea.1.0.12.zip,"2025-04-15 08:40:21",https://wordpress.org/themes/stormea/,5.8,7.1
sunbrake,Sunbrake,1.0.18,1.0.15,https://downloads.wordpress.org/theme/sunbrake.1.0.18.zip,"2025-04-15 08:41:10",https://wordpress.org/themes/sunbrake/,5.8,7.1
vertice,Vertice,1.0.76,1.0.74,https://downloads.wordpress.org/theme/vertice.1.0.76.zip,"2025-04-15 08:41:58",https://wordpress.org/themes/vertice/,5.8,7.1
vireo,Vireo,1.0.21,1.0.20,https://downloads.wordpress.org/theme/vireo.1.0.21.zip,"2025-04-15 08:43:38",https://wordpress.org/themes/vireo/,5.8,7.1
virtuai,VirtuAI,1.0.24,1.0.23,https://downloads.wordpress.org/theme/virtuai.1.0.24.zip,"2025-04-15 08:44:24",https://wordpress.org/themes/virtuai/,5.8,7.1
zeka,Zeka,1.0.22,1.0.21,https://downloads.wordpress.org/theme/zeka.1.0.22.zip,"2025-04-15 08:45:00",https://wordpress.org/themes/zeka/,5.8,7.1
cityline,Cityline,1.0.16,1.0.10,https://downloads.wordpress.org/theme/cityline.1.0.16.zip,"2025-04-15 09:45:56",https://wordpress.org/themes/cityline/,5.8,7.1
coaching-classes,"Coaching Classes",0.3.8,0.3.7,https://downloads.wordpress.org/theme/coaching-classes.0.3.8.zip,"2025-04-15 09:57:23",https://wordpress.org/themes/coaching-classes/,,7.2
event-conference,"Event Conference",0.3.9,0.3.8,https://downloads.wordpress.org/theme/event-conference.0.3.9.zip,"2025-04-15 09:58:16",https://wordpress.org/themes/event-conference/,5.0,7.2
online-tutor,"Online Tutor",0.5.2,0.5.1,https://downloads.wordpress.org/theme/online-tutor.0.5.2.zip,"2025-04-15 09:59:13",https://wordpress.org/themes/online-tutor/,5.0,7.2
product-affiliate,"Product Affiliate",0.4.1,0.4,https://downloads.wordpress.org/theme/product-affiliate.0.4.1.zip,"2025-04-15 10:00:21",https://wordpress.org/themes/product-affiliate/,5.0,7.2
royal-elementor-kit,"Royal Elementor Kit",1.0.132,1.0.131,https://downloads.wordpress.org/theme/royal-elementor-kit.1.0.132.zip,"2025-04-15 09:38:26",https://wordpress.org/themes/royal-elementor-kit/,4.7,5.2
stylish-fashion-shop,"Stylish Fashion Shop",1.3.8,1.3.7,https://downloads.wordpress.org/theme/stylish-fashion-shop.1.3.8.zip,"2025-04-15 09:56:31",https://wordpress.org/themes/stylish-fashion-shop/,5.0,7.2
lifestyle-blog-arcane,"Lifestyle Blog Arcane",1.0.0,,https://downloads.wordpress.org/theme/lifestyle-blog-arcane.1.0.0.zip,"2025-04-15 10:16:04",https://wordpress.org/themes/lifestyle-blog-arcane/,6.6,7.0
business-meetup-conference,"Business Meetup Conference",2.2,2.1,https://downloads.wordpress.org/theme/business-meetup-conference.2.2.zip,"2025-04-15 10:40:08",https://wordpress.org/themes/business-meetup-conference/,5.0,5.6
cinema-movie-director,"Cinema Movie Director",4.2,4.1,https://downloads.wordpress.org/theme/cinema-movie-director.4.2.zip,"2025-04-15 10:40:27",https://wordpress.org/themes/cinema-movie-director/,5.0,5.6
cinema-theater,"Cinema Theater",4.4,4.3,https://downloads.wordpress.org/theme/cinema-theater.4.4.zip,"2025-04-15 10:40:37",https://wordpress.org/themes/cinema-theater/,5.0,5.6
film-maker-lite,"Film Maker Lite",5.4,5.3,https://downloads.wordpress.org/theme/film-maker-lite.5.4.zip,"2025-04-15 10:40:55",https://wordpress.org/themes/film-maker-lite/,5.0,5.6
forest-eco-nature,"Forest Eco Nature",2.2,2.1,https://downloads.wordpress.org/theme/forest-eco-nature.2.2.zip,"2025-04-15 10:41:10",https://wordpress.org/themes/forest-eco-nature/,5.0,5.6
kindergarten-playgroup,"Kindergarten Playgroup",2.2,2.1,https://downloads.wordpress.org/theme/kindergarten-playgroup.2.2.zip,"2025-04-15 10:41:31",https://wordpress.org/themes/kindergarten-playgroup/,5.0,5.6
movie-review-hub,"Movie Review Hub",6.0,5.9,https://downloads.wordpress.org/theme/movie-review-hub.6.0.zip,"2025-04-15 10:41:33",https://wordpress.org/themes/movie-review-hub/,5.0,5.6
movie-studio,"Movie Studio",4.3,4.2,https://downloads.wordpress.org/theme/movie-studio.4.3.zip,"2025-04-15 10:41:46",https://wordpress.org/themes/movie-studio/,5.0,5.6
preventive-maintenance,"Preventive Maintenance",3.1,3.0,https://downloads.wordpress.org/theme/preventive-maintenance.3.1.zip,"2025-04-15 10:44:30",https://wordpress.org/themes/preventive-maintenance/,5.0,5.6
real-estate-hub,"Real Estate Hub",3.4,3.3,https://downloads.wordpress.org/theme/real-estate-hub.3.4.zip,"2025-04-15 10:42:10",https://wordpress.org/themes/real-estate-hub/,5.0,5.6
riverbank,Riverbank,1.0.13,1.0.12,https://downloads.wordpress.org/theme/riverbank.1.0.13.zip,"2025-04-15 11:10:28",https://wordpress.org/themes/riverbank/,5.5,7.0
web-graphic-designer,"Web Graphic Designer",1.9,1.8,https://downloads.wordpress.org/theme/web-graphic-designer.1.9.zip,"2025-04-15 10:42:27",https://wordpress.org/themes/web-graphic-designer/,5.0,5.6
weight-loss-center,"Weight Loss Center",2.1,2.0,https://downloads.wordpress.org/theme/weight-loss-center.2.1.zip,"2025-04-15 10:42:37",https://wordpress.org/themes/weight-loss-center/,5.0,5.6
affiliate-marketing-business,"Affiliate Marketing Business",0.2.7,0.2.6,https://downloads.wordpress.org/theme/affiliate-marketing-business.0.2.7.zip,"2025-04-15 12:48:07",https://wordpress.org/themes/affiliate-marketing-business/,5.0,7.2
arvita,Arvita,1.0.7,1.0.6,https://downloads.wordpress.org/theme/arvita.1.0.7.zip,"2025-04-15 11:42:52",https://wordpress.org/themes/arvita/,4.7,5.6
blogbook,Blogbook,1.2.1,1.2.0,https://downloads.wordpress.org/theme/blogbook.1.2.1.zip,"2025-04-15 11:48:39",https://wordpress.org/themes/blogbook/,5.0,5.6
charity-welfare-funds,"Charity Welfare Funds",0.2.3,0.2.2,https://downloads.wordpress.org/theme/charity-welfare-funds.0.2.3.zip,"2025-04-15 12:48:46",https://wordpress.org/themes/charity-welfare-funds/,5.0,7.2
christmas-holiday,"Christmas Holiday",0.5.8,0.5.7,https://downloads.wordpress.org/theme/christmas-holiday.0.5.8.zip,"2025-04-15 12:46:09",https://wordpress.org/themes/christmas-holiday/,5.0,7.2
construction-realestate,"Construction Realestate",1.4.2,1.4.1,https://downloads.wordpress.org/theme/construction-realestate.1.4.2.zip,"2025-04-15 12:49:36",https://wordpress.org/themes/construction-realestate/,5.0,7.2
corpiva,Corpiva,1.0.54,1.0.53,https://downloads.wordpress.org/theme/corpiva.1.0.54.zip,"2025-04-15 11:39:50",https://wordpress.org/themes/corpiva/,4.7,5.6
corvia,Corvia,1.0.20,1.0.19,https://downloads.wordpress.org/theme/corvia.1.0.20.zip,"2025-04-15 11:42:18",https://wordpress.org/themes/corvia/,4.7,5.6
corvita,Corvita,1.0.29,1.0.28,https://downloads.wordpress.org/theme/corvita.1.0.29.zip,"2025-04-15 11:41:47",https://wordpress.org/themes/corvita/,4.7,5.6
daystory,DayStory,1.0.75,1.0.74,https://downloads.wordpress.org/theme/daystory.1.0.75.zip,"2025-04-15 11:34:54",https://wordpress.org/themes/daystory/,4.7,7.0
diner-restaurant,"Diner Restaurant",1.6.1,1.6,https://downloads.wordpress.org/theme/diner-restaurant.1.6.1.zip,"2025-04-15 12:47:54",https://wordpress.org/themes/diner-restaurant/,5.0,7.2
election-campaign,"Election Campaign",0.3.6,0.3.5,https://downloads.wordpress.org/theme/election-campaign.0.3.6.zip,"2025-04-15 12:50:28",https://wordpress.org/themes/election-campaign/,5.0,7.2
emerge,Emerge,1.2.0,1.1.9,https://downloads.wordpress.org/theme/emerge.1.2.0.zip,"2025-04-15 11:51:59",https://wordpress.org/themes/emerge/,5.0,5.6
fast-food-truck,"Fast Food Truck",0.2.8,0.2.7,https://downloads.wordpress.org/theme/fast-food-truck.0.2.8.zip,"2025-04-15 12:51:37",https://wordpress.org/themes/fast-food-truck/,5.0,7.2
franchise,Franchise,1.1.9,1.1.8,https://downloads.wordpress.org/theme/franchise.1.1.9.zip,"2025-04-15 11:49:35",https://wordpress.org/themes/franchise/,5.0,5.6
golf-landscape,"Golf Landscape",0.2.6,0.2.5,https://downloads.wordpress.org/theme/golf-landscape.0.2.6.zip,"2025-04-15 12:52:17",https://wordpress.org/themes/golf-landscape/,5.0,7.2
home-repair-service,"Home Repair Service",0.1.3,0.1.2,https://downloads.wordpress.org/theme/home-repair-service.0.1.3.zip,"2025-04-15 12:53:02",https://wordpress.org/themes/home-repair-service/,5.0,7.2
houdabusiness,HoudaBusiness,0.3.4,0.3.3,https://downloads.wordpress.org/theme/houdabusiness.0.3.4.zip,"2025-04-15 11:28:40",https://wordpress.org/themes/houdabusiness/,,5.6
multivendor-marketplace,"Multivendor Marketplace",0.6.3,0.6.2,https://downloads.wordpress.org/theme/multivendor-marketplace.0.6.3.zip,"2025-04-15 12:49:26",https://wordpress.org/themes/multivendor-marketplace/,5.0,7.2
newsalert,NewsAlert,1.0.24,1.0.23,https://downloads.wordpress.org/theme/newsalert.1.0.24.zip,"2025-04-15 11:37:29",https://wordpress.org/themes/newsalert/,4.7,7.0
newsalt,NewsAlt,1.0.55,1.0.54,https://downloads.wordpress.org/theme/newsalt.1.0.55.zip,"2025-04-15 11:35:18",https://wordpress.org/themes/newsalt/,4.7,7.0
newsblogy,NewsBlogy,0.5,0.4,https://downloads.wordpress.org/theme/newsblogy.0.5.zip,"2025-04-15 11:37:58",https://wordpress.org/themes/newsblogy/,4.7,7.0
newsdaily,NewsDaily,1.0.77,1.0.76,https://downloads.wordpress.org/theme/newsdaily.1.0.77.zip,"2025-04-15 11:34:27",https://wordpress.org/themes/newsdaily/,4.7,7.0
newshours,NewsHours,1.0.46,1.0.45,https://downloads.wordpress.org/theme/newshours.1.0.46.zip,"2025-04-15 11:35:45",https://wordpress.org/themes/newshours/,4.7,7.0
newsmash,NewsMash,1.0.92,1.0.91,https://downloads.wordpress.org/theme/newsmash.1.0.92.zip,"2025-04-15 11:33:48",https://wordpress.org/themes/newsmash/,4.7,7.0
newsmunch,NewsMunch,1.0.56,1.0.55,https://downloads.wordpress.org/theme/newsmunch.1.0.56.zip,"2025-04-15 11:36:24",https://wordpress.org/themes/newsmunch/,4.7,7.0
newstick,NewsTick,1.0.53,1.0.52,https://downloads.wordpress.org/theme/newstick.1.0.53.zip,"2025-04-15 11:37:03",https://wordpress.org/themes/newstick/,4.7,7.0
pool-cleaning,"Pool Cleaning",0.2.8,0.2.7,https://downloads.wordpress.org/theme/pool-cleaning.0.2.8.zip,"2025-04-15 11:29:30",https://wordpress.org/themes/pool-cleaning/,,5.6
reblog,Reblog,1.2.0,1.1.9,https://downloads.wordpress.org/theme/reblog.1.2.0.zip,"2025-04-15 11:49:56",https://wordpress.org/themes/reblog/,4.7,5.6
softalt,SoftAlt,1.0.18,1.0.17,https://downloads.wordpress.org/theme/softalt.1.0.18.zip,"2025-04-15 11:43:18",https://wordpress.org/themes/softalt/,4.7,5.6
solar-generator,"Solar Generator",1.1,1.0,https://downloads.wordpress.org/theme/solar-generator.1.1.zip,"2025-04-15 11:38:28",https://wordpress.org/themes/solar-generator/,5.5,7.2
store-mall,"Store Mall",1.1.5,1.1.4,https://downloads.wordpress.org/theme/store-mall.1.1.5.zip,"2025-04-15 11:50:31",https://wordpress.org/themes/store-mall/,4.7,5.6
vw-food-corner,"VW Food Corner",0.8.4,0.8.3,https://downloads.wordpress.org/theme/vw-food-corner.0.8.4.zip,"2025-04-15 12:52:39",https://wordpress.org/themes/vw-food-corner/,5.0,7.2
vw-restaurant-lite,"VW Restaurant Lite",2.4.2,2.4.1,https://downloads.wordpress.org/theme/vw-restaurant-lite.2.4.2.zip,"2025-04-15 12:52:05",https://wordpress.org/themes/vw-restaurant-lite/,5.0,7.2
vw-storefront,"VW Storefront",1.0.1,1.0.0,https://downloads.wordpress.org/theme/vw-storefront.1.0.1.zip,"2025-04-15 12:51:30",https://wordpress.org/themes/vw-storefront/,5.0,7.2
twentyeleven,"Twenty Eleven",4.9,4.8,https://downloads.wordpress.org/theme/twentyeleven.4.9.zip,"2025-04-15 13:13:01",https://wordpress.org/themes/twentyeleven/,3.2,5.2.4
twentyfifteen,"Twenty Fifteen",4.0,3.9,https://downloads.wordpress.org/theme/twentyfifteen.4.0.zip,"2025-04-15 13:19:13",https://wordpress.org/themes/twentyfifteen/,4.1,5.2.4
twentyfourteen,"Twenty Fourteen",4.2,4.1,https://downloads.wordpress.org/theme/twentyfourteen.4.2.zip,"2025-04-15 13:17:01",https://wordpress.org/themes/twentyfourteen/,3.6,5.2.4
twentynineteen,"Twenty Nineteen",3.1,3.0,https://downloads.wordpress.org/theme/twentynineteen.3.1.zip,"2025-04-15 13:23:22",https://wordpress.org/themes/twentynineteen/,4.7,5.2.4
twentyseventeen,"Twenty Seventeen",3.9,3.8,https://downloads.wordpress.org/theme/twentyseventeen.3.9.zip,"2025-04-15 13:21:43",https://wordpress.org/themes/twentyseventeen/,4.7,5.2.4
twentysixteen,"Twenty Sixteen",3.5,3.4,https://downloads.wordpress.org/theme/twentysixteen.3.5.zip,"2025-04-15 13:20:48",https://wordpress.org/themes/twentysixteen/,4.4,5.2.4
twentyten,"Twenty Ten",4.4,4.3,https://downloads.wordpress.org/theme/twentyten.4.4.zip,"2025-04-15 13:09:51",https://wordpress.org/themes/twentyten/,3.0,5.2.4
twentythirteen,"Twenty Thirteen",4.4,4.3,https://downloads.wordpress.org/theme/twentythirteen.4.4.zip,"2025-04-15 13:16:12",https://wordpress.org/themes/twentythirteen/,3.6,5.2.4
twentytwelve,"Twenty Twelve",4.5,4.4,https://downloads.wordpress.org/theme/twentytwelve.4.5.zip,"2025-04-15 13:13:54",https://wordpress.org/themes/twentytwelve/,3.5,5.2.4
twentytwenty,"Twenty Twenty",2.9,2.8,https://downloads.wordpress.org/theme/twentytwenty.2.9.zip,"2025-04-15 13:24:25",https://wordpress.org/themes/twentytwenty/,4.7,5.2.4
twentytwentyfive,"Twenty Twenty-Five",1.2,1.1,https://downloads.wordpress.org/theme/twentytwentyfive.1.2.zip,"2025-04-15 13:28:32",https://wordpress.org/themes/twentytwentyfive/,6.7,7.2
twentytwentyone,"Twenty Twenty-One",2.5,2.4,https://downloads.wordpress.org/theme/twentytwentyone.2.5.zip,"2025-04-15 13:26:42",https://wordpress.org/themes/twentytwentyone/,5.3,5.6
twentytwentytwo,"Twenty Twenty-Two",2.0,1.9,https://downloads.wordpress.org/theme/twentytwentytwo.2.0.zip,"2025-04-15 13:27:33",https://wordpress.org/themes/twentytwentytwo/,5.9,5.6
airin-blog,"Airin Blog",1.7.9,1.7.8,https://downloads.wordpress.org/theme/airin-blog.1.7.9.zip,"2025-04-15 14:24:30",https://wordpress.org/themes/airin-blog/,6.0,7.1
amstore,AmStore,1.0.7,1.0.6,https://downloads.wordpress.org/theme/amstore.1.0.7.zip,"2025-04-15 14:33:27",https://wordpress.org/themes/amstore/,5.1,5.6
aravalli,Aravalli,13.2,13.1,https://downloads.wordpress.org/theme/aravalli.13.2.zip,"2025-04-15 14:17:01",https://wordpress.org/themes/aravalli/,4.7,5.6
astrostar,AstroStar,1.0.5,1.0.4,https://downloads.wordpress.org/theme/astrostar.1.0.5.zip,"2025-04-15 14:04:54",https://wordpress.org/themes/astrostar/,5.1,5.6
barbershop-barber,"Barbershop: Barber",1.4.3,1.4.2,https://downloads.wordpress.org/theme/barbershop-barber.1.4.3.zip,"2025-04-15 14:32:16",https://wordpress.org/themes/barbershop-barber/,5.1,5.6
boostify,Boostify,13.2,13.1,https://downloads.wordpress.org/theme/boostify.13.2.zip,"2025-04-15 14:16:37",https://wordpress.org/themes/boostify/,4.7,5.6
coffee-shop-cafe,"Coffee Shop: Cafe",1.3.2,1.3.1,https://downloads.wordpress.org/theme/coffee-shop-cafe.1.3.2.zip,"2025-04-15 14:30:24",https://wordpress.org/themes/coffee-shop-cafe/,5.1,5.6
colorflow,ColorFlow,1.9,1.8,https://downloads.wordpress.org/theme/colorflow.1.9.zip,"2025-04-15 14:12:34",https://wordpress.org/themes/colorflow/,4.7,5.6
colorsy,Colorsy,12.9,12.8,https://downloads.wordpress.org/theme/colorsy.12.9.zip,"2025-04-15 14:21:18",https://wordpress.org/themes/colorsy/,4.7,5.6
convo,Convo,8.2,8.1,https://downloads.wordpress.org/theme/convo.8.2.zip,"2025-04-15 14:16:07",https://wordpress.org/themes/convo/,,7.0
cosmics,Cosmics,12.9,12.8,https://downloads.wordpress.org/theme/cosmics.12.9.zip,"2025-04-15 14:18:16",https://wordpress.org/themes/cosmics/,4.7,5.6
ecommerce-modern-store,"Ecommerce Modern Store",2.6.3,2.6.2,https://downloads.wordpress.org/theme/ecommerce-modern-store.2.6.3.zip,"2025-04-15 14:29:53",https://wordpress.org/themes/ecommerce-modern-store/,5.1,5.6
electrostore,ElectroStore,1.2.2,1.2.1,https://downloads.wordpress.org/theme/electrostore.1.2.2.zip,"2025-04-15 14:31:42",https://wordpress.org/themes/electrostore/,5.1,5.6
eventplus,EventPlus,12.6,12.5,https://downloads.wordpress.org/theme/eventplus.12.6.zip,"2025-04-15 14:17:45",https://wordpress.org/themes/eventplus/,4.7,5.6
evita,Evita,1.6.5,1.6.4,https://downloads.wordpress.org/theme/evita.1.6.5.zip,"2025-04-15 14:23:58",https://wordpress.org/themes/evita/,,5.6
fiona-blog,"Fiona Blog",13.3,13.2,https://downloads.wordpress.org/theme/fiona-blog.13.3.zip,"2025-04-15 14:15:46",https://wordpress.org/themes/fiona-blog/,4.7,5.6
gradiantx,GradiantX,1.8,1.7,https://downloads.wordpress.org/theme/gradiantx.1.8.zip,"2025-04-15 14:12:15",https://wordpress.org/themes/gradiantx/,4.7,5.6
hotel-booking-wda,"Hotel Booking WDA",1.0.2,1.0.1,https://downloads.wordpress.org/theme/hotel-booking-wda.1.0.2.zip,"2025-04-15 14:03:57",https://wordpress.org/themes/hotel-booking-wda/,5.1,5.6
jewstore,JewStore,1.2.8,1.2.7,https://downloads.wordpress.org/theme/jewstore.1.2.8.zip,"2025-04-15 14:17:13",https://wordpress.org/themes/jewstore/,5.1,5.6
megastore-wda,"MegaStore WDA",1.1.0,1.0.9,https://downloads.wordpress.org/theme/megastore-wda.1.1.0.zip,"2025-04-15 14:18:02",https://wordpress.org/themes/megastore-wda/,5.1,5.6
metasoft,MetaSoft,13.2,13.1,https://downloads.wordpress.org/theme/metasoft.13.2.zip,"2025-04-15 14:15:22",https://wordpress.org/themes/metasoft/,4.7,5.6
nexcraft-bpo,"Nexcraft BPO",3.5,3.4,https://downloads.wordpress.org/theme/nexcraft-bpo.3.5.zip,"2025-04-15 14:14:39",https://wordpress.org/themes/nexcraft-bpo/,,5.6
nexcraft,NexCraft,5.5,5.4,https://downloads.wordpress.org/theme/nexcraft.5.5.zip,"2025-04-15 14:11:56",https://wordpress.org/themes/nexcraft/,4.7,5.6
renoval,Renoval,12.5,12.4,https://downloads.wordpress.org/theme/renoval.12.5.zip,"2025-04-15 14:23:01",https://wordpress.org/themes/renoval/,4.7,5.6
shadiant,Shadiant,1.4,1.3,https://downloads.wordpress.org/theme/shadiant.1.4.zip,"2025-04-15 14:14:18",https://wordpress.org/themes/shadiant/,4.7,5.6
simppple,Simppple,1.2.5,1.2.4,https://downloads.wordpress.org/theme/simppple.1.2.5.zip,"2025-04-15 13:55:10",https://wordpress.org/themes/simppple/,6.5,7.4
startweb,StartWeb,13.2,13.1,https://downloads.wordpress.org/theme/startweb.13.2.zip,"2025-04-15 14:21:38",https://wordpress.org/themes/startweb/,4.7,5.6
tistore,TiStore,1.1.0,1.0.9,https://downloads.wordpress.org/theme/tistore.1.1.0.zip,"2025-04-15 14:32:52",https://wordpress.org/themes/tistore/,5.1,5.6
amberd-online-store,"AmBerd - Online Store",2.2.4,2.2.3,https://downloads.wordpress.org/theme/amberd-online-store.2.2.4.zip,"2025-04-15 15:09:19",https://wordpress.org/themes/amberd-online-store/,5.1,5.6
blooming-blog,"Blooming Blog",1.1.0,1.0.1,https://downloads.wordpress.org/theme/blooming-blog.1.1.0.zip,"2025-04-15 15:30:44",https://wordpress.org/themes/blooming-blog/,5.0,7.4
book-shop,"Book Shop",2.2.2,2.2.1,https://downloads.wordpress.org/theme/book-shop.2.2.2.zip,"2025-04-15 15:09:44",https://wordpress.org/themes/book-shop/,5.1,5.6
cake-shop,"Cake Shop",2.3.1,2.3.0,https://downloads.wordpress.org/theme/cake-shop.2.3.1.zip,"2025-04-15 14:54:53",https://wordpress.org/themes/cake-shop/,5.1,5.6
clothing,Clothing,2.3.1,2.3.0,https://downloads.wordpress.org/theme/clothing.2.3.1.zip,"2025-04-15 14:56:25",https://wordpress.org/themes/clothing/,5.1,5.6
fashion-shop,"Fashion Shop",2.2.1,2.2.0,https://downloads.wordpress.org/theme/fashion-shop.2.2.1.zip,"2025-04-15 15:00:02",https://wordpress.org/themes/fashion-shop/,5.1,5.6
flower-shop-florist,"Flower Shop: Florist",2.3.1,2.3.0,https://downloads.wordpress.org/theme/flower-shop-florist.2.3.1.zip,"2025-04-15 15:00:39",https://wordpress.org/themes/flower-shop-florist/,5.1,5.6
furniture-store,"Furniture Store",2.2.2,2.2.1,https://downloads.wordpress.org/theme/furniture-store.2.2.2.zip,"2025-04-15 15:10:07",https://wordpress.org/themes/furniture-store/,5.1,5.6
jewelry-shop,"Jewelry Shop",2.2.2,2.2.1,https://downloads.wordpress.org/theme/jewelry-shop.2.2.2.zip,"2025-04-15 15:10:34",https://wordpress.org/themes/jewelry-shop/,5.1,5.6
pet-shop,"Pet Shop",2.2.2,2.2.1,https://downloads.wordpress.org/theme/pet-shop.2.2.2.zip,"2025-04-15 15:10:58",https://wordpress.org/themes/pet-shop/,5.1,5.6
simple-catch,"Simple Catch",3.8.3,3.8.2,https://downloads.wordpress.org/theme/simple-catch.3.8.3.zip,"2025-04-15 15:28:27",https://wordpress.org/themes/simple-catch/,5.6,5.6
solace,Solace,2.1.12,2.1.11,https://downloads.wordpress.org/theme/solace.2.1.12.zip,"2025-04-15 14:35:33",https://wordpress.org/themes/solace/,,7.4
wedding-photography,"Wedding Photography",2.4.1,2.4.0,https://downloads.wordpress.org/theme/wedding-photography.2.4.1.zip,"2025-04-15 15:01:12",https://wordpress.org/themes/wedding-photography/,5.1,5.6
wedding-planner-event-management,"Wedding Planner: Event Management",2.2.1,2.2.0,https://downloads.wordpress.org/theme/wedding-planner-event-management.2.2.1.zip,"2025-04-15 15:01:43",https://wordpress.org/themes/wedding-planner-event-management/,5.1,5.6
admire-blog,"Admire Blog",1.0.2,1.0.1,https://downloads.wordpress.org/theme/admire-blog.1.0.2.zip,"2025-04-15 16:00:23",https://wordpress.org/themes/admire-blog/,5.0,7.4
cozy-blog,"Cozy Blog",1.1.1,1.1.0,https://downloads.wordpress.org/theme/cozy-blog.1.1.1.zip,"2025-04-15 15:59:51",https://wordpress.org/themes/cozy-blog/,5.0,7.4
wise-blog,"Wise Blog",1.1.1,1.1.0,https://downloads.wordpress.org/theme/wise-blog.1.1.1.zip,"2025-04-15 15:57:26",https://wordpress.org/themes/wise-blog/,5.0,7.4
inspiro,Inspiro,2.0.4,2.0.3,https://downloads.wordpress.org/theme/inspiro.2.0.4.zip,"2025-04-15 16:49:20",https://wordpress.org/themes/inspiro/,6.0,7.4
resumee,Resumee,0.6.5,0.6.4,https://downloads.wordpress.org/theme/resumee.0.6.5.zip,"2025-04-15 17:34:48",https://wordpress.org/themes/resumee/,5.0,
arkhe,Arkhe,3.12.0,3.11.0,https://downloads.wordpress.org/theme/arkhe.3.12.0.zip,"2025-04-15 20:03:44",https://wordpress.org/themes/arkhe/,6.0,7.0
agencyflow,AgencyFlow,1.0,,https://downloads.wordpress.org/theme/agencyflow.1.0.zip,"2025-04-16 04:01:12",https://wordpress.org/themes/agencyflow/,6.0,7.0
cuppa,Cuppa,1.3,,https://downloads.wordpress.org/theme/cuppa.1.3.zip,"2025-04-16 04:01:08",https://wordpress.org/themes/cuppa/,6.7,5.7
barbecue-cafeteria,"Barbecue Cafeteria",0.3.9,0.3.8,https://downloads.wordpress.org/theme/barbecue-cafeteria.0.3.9.zip,"2025-04-16 05:06:53",https://wordpress.org/themes/barbecue-cafeteria/,5.0,7.2
cafe-elementor,"Cafe Elementor",0.3.8,0.3.7,https://downloads.wordpress.org/theme/cafe-elementor.0.3.8.zip,"2025-04-16 05:00:14",https://wordpress.org/themes/cafe-elementor/,5.0,5.6
diy-tutorials,"DIY Tutorials",0.3,0.2.9,https://downloads.wordpress.org/theme/diy-tutorials.0.3.zip,"2025-04-16 05:02:05",https://wordpress.org/themes/diy-tutorials/,5.0,5.6
fitness-elementor,"Fitness Elementor",0.3.5,0.3.4,https://downloads.wordpress.org/theme/fitness-elementor.0.3.5.zip,"2025-04-16 05:01:06",https://wordpress.org/themes/fitness-elementor/,5.0,5.6
flash-blog,"Flash Blog",1.3.3,1.3.2,https://downloads.wordpress.org/theme/flash-blog.1.3.3.zip,"2025-04-16 04:53:30",https://wordpress.org/themes/flash-blog/,5.3,5.5
hakoniwa,Hakoniwa,1.2.0,1.1.9,https://downloads.wordpress.org/theme/hakoniwa.1.2.0.zip,"2025-04-16 05:20:59",https://wordpress.org/themes/hakoniwa/,6.5,7.4
medical-healthcare-elementor,"Medical Healthcare Elementor",0.3.9,0.3.8,https://downloads.wordpress.org/theme/medical-healthcare-elementor.0.3.9.zip,"2025-04-16 05:01:31",https://wordpress.org/themes/medical-healthcare-elementor/,5.0,5.6
motivational-life-coach,"Motivational Life Coach",0.4.3,0.4.2,https://downloads.wordpress.org/theme/motivational-life-coach.0.4.3.zip,"2025-04-16 05:06:24",https://wordpress.org/themes/motivational-life-coach/,5.0,7.2
pastry-bakers,"Pastry Bakers",0.4.8,0.4.7,https://downloads.wordpress.org/theme/pastry-bakers.0.4.8.zip,"2025-04-16 05:05:47",https://wordpress.org/themes/pastry-bakers/,5.0,7.2
restaurant-zone,"Restaurant Zone",0.6.5,0.6.4,https://downloads.wordpress.org/theme/restaurant-zone.0.6.5.zip,"2025-04-16 05:05:14",https://wordpress.org/themes/restaurant-zone/,5.0,7.2
royal-jewellery,"Royal Jewellery",0.4.1,0.4,https://downloads.wordpress.org/theme/royal-jewellery.0.4.1.zip,"2025-04-16 05:04:44",https://wordpress.org/themes/royal-jewellery/,5.0,7.2
scuba-diving-sport,"Scuba Diving Sport",0.4,0.3.9,https://downloads.wordpress.org/theme/scuba-diving-sport.0.4.zip,"2025-04-16 05:02:15",https://wordpress.org/themes/scuba-diving-sport/,5.0,5.6
software-company-elementor,"Software Company Elementor",0.4.4,0.4.3,https://downloads.wordpress.org/theme/software-company-elementor.0.4.4.zip,"2025-04-16 05:05:05",https://wordpress.org/themes/software-company-elementor/,5.0,5.6
bloggerpress,BloggerPress,1.0.0,,https://downloads.wordpress.org/theme/bloggerpress.1.0.0.zip,"2025-04-16 05:31:54",https://wordpress.org/themes/bloggerpress/,5.9,5.6
adas-personal-portfolio,"Adas Personal Portfolio",1.4,,https://downloads.wordpress.org/theme/adas-personal-portfolio.1.4.zip,"2025-04-16 05:46:05",https://wordpress.org/themes/adas-personal-portfolio/,,7.4
neo-magazine,"Neo Magazine",1.0.0,,https://downloads.wordpress.org/theme/neo-magazine.1.0.0.zip,"2025-04-16 06:01:29",https://wordpress.org/themes/neo-magazine/,5.0,7.4
animal-caretaker,"Animal Caretaker",2.6,2.5,https://downloads.wordpress.org/theme/animal-caretaker.2.6.zip,"2025-04-16 07:23:41",https://wordpress.org/themes/animal-caretaker/,,7.2
cargo-ships,"Cargo Ships",8.5,8.4,https://downloads.wordpress.org/theme/cargo-ships.8.5.zip,"2025-04-16 07:23:24",https://wordpress.org/themes/cargo-ships/,,7.2
education-skill-development,"Education Skill Development",8.4,8.3,https://downloads.wordpress.org/theme/education-skill-development.8.4.zip,"2025-04-16 07:24:39",https://wordpress.org/themes/education-skill-development/,,7.2
elearning-school,"Elearning School",0.3,0.2,https://downloads.wordpress.org/theme/elearning-school.0.3.zip,"2025-04-16 07:22:29",https://wordpress.org/themes/elearning-school/,,7.2
elite-construction-industry,"Elite Construction Industry",10.4,10.3,https://downloads.wordpress.org/theme/elite-construction-industry.10.4.zip,"2025-04-16 07:22:12",https://wordpress.org/themes/elite-construction-industry/,,7.2
elite-creative-agency,"Elite Creative Agency",3.0,2.9,https://downloads.wordpress.org/theme/elite-creative-agency.3.0.zip,"2025-04-16 07:21:44",https://wordpress.org/themes/elite-creative-agency/,,7.2
elite-fashion-shop,"Elite Fashion Shop",4.4,4.3,https://downloads.wordpress.org/theme/elite-fashion-shop.4.4.zip,"2025-04-16 07:21:17",https://wordpress.org/themes/elite-fashion-shop/,,7.2
expert-plumber,"Expert Plumber",0.4.8,0.4.7,https://downloads.wordpress.org/theme/expert-plumber.0.4.8.zip,"2025-04-16 07:04:26",https://wordpress.org/themes/expert-plumber/,5.0,7.2
flash-blog,"Flash Blog",1.3.4,1.3.3,https://downloads.wordpress.org/theme/flash-blog.1.3.4.zip,"2025-04-16 07:16:12",https://wordpress.org/themes/flash-blog/,5.3,5.5
logistic-cargo-trucking,"Logistic Cargo Trucking",4.9,4.8,https://downloads.wordpress.org/theme/logistic-cargo-trucking.4.9.zip,"2025-04-16 07:15:11",https://wordpress.org/themes/logistic-cargo-trucking/,5.0,7.2
lz-software-company,"LZ Software Company",0.4.3,0.4.2,https://downloads.wordpress.org/theme/lz-software-company.0.4.3.zip,"2025-04-16 07:04:45",https://wordpress.org/themes/lz-software-company/,,7.2
mega-store-woocommerce,"Mega Store Woocommerce",4.8,4.7,https://downloads.wordpress.org/theme/mega-store-woocommerce.4.8.zip,"2025-04-16 07:15:16",https://wordpress.org/themes/mega-store-woocommerce/,5.0,7.2
online-video-games,"Online Video Games",4.5,4.4,https://downloads.wordpress.org/theme/online-video-games.4.5.zip,"2025-04-16 07:16:04",https://wordpress.org/themes/online-video-games/,5.0,7.2
private-tutor,"Private Tutor",3.0.2,3.0.1,https://downloads.wordpress.org/theme/private-tutor.3.0.2.zip,"2025-04-16 07:04:00",https://wordpress.org/themes/private-tutor/,5.0,7.2
professional-cleaning-company,"Professional Cleaning Company",4.7,4.6,https://downloads.wordpress.org/theme/professional-cleaning-company.4.7.zip,"2025-04-16 07:16:46",https://wordpress.org/themes/professional-cleaning-company/,5.0,7.2
professional-cv-resume,"Professional CV Resume",4.8,4.7,https://downloads.wordpress.org/theme/professional-cv-resume.4.8.zip,"2025-04-16 07:16:54",https://wordpress.org/themes/professional-cv-resume/,5.0,7.2
professional-video-vlogger,"Professional Video Vlogger",4.4,4.3,https://downloads.wordpress.org/theme/professional-video-vlogger.4.4.zip,"2025-04-16 07:17:49",https://wordpress.org/themes/professional-video-vlogger/,5.0,7.2
rock-star,"Rock Star",1.8.6,1.8.5,https://downloads.wordpress.org/theme/rock-star.1.8.6.zip,"2025-04-16 07:18:28",https://wordpress.org/themes/rock-star/,5.6,5.6
stylish-travel-blog,"Stylish Travel Blog",1.8,1.7,https://downloads.wordpress.org/theme/stylish-travel-blog.1.8.zip,"2025-04-16 07:22:25",https://wordpress.org/themes/stylish-travel-blog/,5.2,7.0
transcargo-transportation,"Transcargo Transportation",4.2,4.1,https://downloads.wordpress.org/theme/transcargo-transportation.4.2.zip,"2025-04-16 07:18:17",https://wordpress.org/themes/transcargo-transportation/,5.0,7.2
ultra-print,"Ultra Print",0.5.5,0.5.4,https://downloads.wordpress.org/theme/ultra-print.0.5.5.zip,"2025-04-16 07:05:05",https://wordpress.org/themes/ultra-print/,5.0,7.2
amaz-store,"Amaz Store",1.2.0,1.1.9,https://downloads.wordpress.org/theme/amaz-store.1.2.0.zip,"2025-04-16 07:40:23",https://wordpress.org/themes/amaz-store/,5.5,5.5
envo-royal,"Envo Royal",1.0.11,1.0.10,https://downloads.wordpress.org/theme/envo-royal.1.0.11.zip,"2025-04-16 07:37:45",https://wordpress.org/themes/envo-royal/,,5.6
euphony-blocks,"Euphony Blocks",1.1,1.0.1,https://downloads.wordpress.org/theme/euphony-blocks.1.1.zip,"2025-04-16 08:36:21",https://wordpress.org/themes/euphony-blocks/,5.9,7.4
open-shop,"Open Shop",1.6.0,1.5.9,https://downloads.wordpress.org/theme/open-shop.1.6.0.zip,"2025-04-16 07:30:28",https://wordpress.org/themes/open-shop/,5.3,7.0
th-shop-mania,"Th Shop Mania",1.5.11,1.5.10,https://downloads.wordpress.org/theme/th-shop-mania.1.5.11.zip,"2025-04-16 07:38:22",https://wordpress.org/themes/th-shop-mania/,5.5,5.6
wedding-elegance,"Wedding Elegance",1.5,1.4,https://downloads.wordpress.org/theme/wedding-elegance.1.5.zip,"2025-04-16 07:40:57",https://wordpress.org/themes/wedding-elegance/,5.2,5.6
home-interior-decor,"Home Interior Decor",0.4,0.3,https://downloads.wordpress.org/theme/home-interior-decor.0.4.zip,"2025-04-16 08:58:56",https://wordpress.org/themes/home-interior-decor/,5.0,5.6
interior-design-studio,"Interior Design Studio",1.4,1.3,https://downloads.wordpress.org/theme/interior-design-studio.1.4.zip,"2025-04-16 08:56:49",https://wordpress.org/themes/interior-design-studio/,5.0,5.6
job-seeker-resume,"Job Seeker Resume",0.3,0.2,https://downloads.wordpress.org/theme/job-seeker-resume.0.3.zip,"2025-04-16 08:55:47",https://wordpress.org/themes/job-seeker-resume/,5.0,5.6
mehndi-tattoo-artist,"Mehndi Tattoo Artist",1.9,1.8,https://downloads.wordpress.org/theme/mehndi-tattoo-artist.1.9.zip,"2025-04-16 08:55:11",https://wordpress.org/themes/mehndi-tattoo-artist/,5.0,5.6
mobile-app-hub,"Mobile App Hub",1.8,1.7,https://downloads.wordpress.org/theme/mobile-app-hub.1.8.zip,"2025-04-16 08:54:30",https://wordpress.org/themes/mobile-app-hub/,5.0,5.6
modern-furniture-store,"Modern Furniture Store",2.2,2.1,https://downloads.wordpress.org/theme/modern-furniture-store.2.2.zip,"2025-04-16 08:53:47",https://wordpress.org/themes/modern-furniture-store/,5.0,5.6
nexter-fse,"Nexter FSE",0.1.1,0.1.0,https://downloads.wordpress.org/theme/nexter-fse.0.1.1.zip,"2025-04-16 08:57:10",https://wordpress.org/themes/nexter-fse/,6.1,7.4
nexter,Nexter,4.0.4,4.0.3,https://downloads.wordpress.org/theme/nexter.4.0.4.zip,"2025-04-16 08:45:23",https://wordpress.org/themes/nexter/,4.7,5.6
packers-and-movers,"Packers And Movers",0.4,0.3,https://downloads.wordpress.org/theme/packers-and-movers.0.4.zip,"2025-04-16 08:53:06",https://wordpress.org/themes/packers-and-movers/,5.0,5.6
real-estate-manager,"Real Estate Manager",1.5,1.4,https://downloads.wordpress.org/theme/real-estate-manager.1.5.zip,"2025-04-16 08:52:25",https://wordpress.org/themes/real-estate-manager/,5.0,5.6
rock-tune,"Rock Tune",2.0.2,2.0.1,https://downloads.wordpress.org/theme/rock-tune.2.0.2.zip,"2025-04-16 08:39:44",https://wordpress.org/themes/rock-tune/,5.9,7.4
solar-power,"Solar Power",0.3.7,0.3.6,https://downloads.wordpress.org/theme/solar-power.0.3.7.zip,"2025-04-16 08:42:28",https://wordpress.org/themes/solar-power/,,7.2
sports-hub,"Sports Hub",1.4,1.3,https://downloads.wordpress.org/theme/sports-hub.1.4.zip,"2025-04-16 08:51:44",https://wordpress.org/themes/sports-hub/,5.0,5.6
watch-store,"Watch Store",0.5.6,0.5.5,https://downloads.wordpress.org/theme/watch-store.0.5.6.zip,"2025-04-16 08:42:52",https://wordpress.org/themes/watch-store/,5.0,7.2
minicart,MiniCart,1.0.4,1.0.3,https://downloads.wordpress.org/theme/minicart.1.0.4.zip,"2025-04-16 10:36:55",https://wordpress.org/themes/minicart/,4.7,5.6
news-magazine-x,"News Magazine X",1.2.1,1.2.0,https://downloads.wordpress.org/theme/news-magazine-x.1.2.1.zip,"2025-04-16 10:00:03",https://wordpress.org/themes/news-magazine-x/,4.7,7.4
shopire,Shopire,1.0.14,1.0.13,https://downloads.wordpress.org/theme/shopire.1.0.14.zip,"2025-04-16 10:36:24",https://wordpress.org/themes/shopire/,4.7,5.6
airin-blog,"Airin Blog",1.7.10,1.7.9,https://downloads.wordpress.org/theme/airin-blog.1.7.10.zip,"2025-04-16 10:56:14",https://wordpress.org/themes/airin-blog/,6.0,7.1
atmosphere-lite,"Atmosphere Lite",1.2,1.1.8,https://downloads.wordpress.org/theme/atmosphere-lite.1.2.zip,"2025-04-16 11:16:53",https://wordpress.org/themes/atmosphere-lite/,6.7,7.2
caresoft,CareSoft,1.0.77,1.0.76,https://downloads.wordpress.org/theme/caresoft.1.0.77.zip,"2025-04-16 10:59:05",https://wordpress.org/themes/caresoft/,4.7,5.6
consulting-blocks,"Consulting Blocks",1.1.5,1.1.4,https://downloads.wordpress.org/theme/consulting-blocks.1.1.5.zip,"2025-04-16 10:59:35",https://wordpress.org/themes/consulting-blocks/,6.0,7.2
cozysoft,CozySoft,1.0.94,1.0.93,https://downloads.wordpress.org/theme/cozysoft.1.0.94.zip,"2025-04-16 10:58:40",https://wordpress.org/themes/cozysoft/,4.7,5.6
easytech,EasyTech,1.0.67,1.0.66,https://downloads.wordpress.org/theme/easytech.1.0.67.zip,"2025-04-16 10:59:57",https://wordpress.org/themes/easytech/,4.7,5.6
frosty-cake,"Frosty Cake",1.1.7,1.1.6,https://downloads.wordpress.org/theme/frosty-cake.1.1.7.zip,"2025-04-16 10:52:17",https://wordpress.org/themes/frosty-cake/,6.0,7.2
intense,Intense,1.0.2,1.0.1,https://downloads.wordpress.org/theme/intense.1.0.2.zip,"2025-04-16 11:02:22",https://wordpress.org/themes/intense/,6.7,7.2
rt-education-school,"RT Education School",1.1.8,1.1.7,https://downloads.wordpress.org/theme/rt-education-school.1.1.8.zip,"2025-04-16 10:51:19",https://wordpress.org/themes/rt-education-school/,6.0,7.2
saaslauncher,SaasLauncher,1.1.2,1.1.1,https://downloads.wordpress.org/theme/saaslauncher.1.1.2.zip,"2025-04-16 11:01:49",https://wordpress.org/themes/saaslauncher/,5.9,7.0
softinn,Softinn,1.0.93,1.0.92,https://downloads.wordpress.org/theme/softinn.1.0.93.zip,"2025-04-16 10:58:14",https://wordpress.org/themes/softinn/,4.7,5.6
softme,SoftMe,1.1.4,1.1.3,https://downloads.wordpress.org/theme/softme.1.1.4.zip,"2025-04-16 10:57:38",https://wordpress.org/themes/softme/,4.7,5.6
softmunch,SoftMunch,1.0.43,1.0.42,https://downloads.wordpress.org/theme/softmunch.1.0.43.zip,"2025-04-16 11:01:09",https://wordpress.org/themes/softmunch/,4.7,5.6
spoken-english-classes,"Spoken English Classes",1.1.5,1.1.4,https://downloads.wordpress.org/theme/spoken-english-classes.1.1.5.zip,"2025-04-16 10:50:23",https://wordpress.org/themes/spoken-english-classes/,6.0,7.2
suntech,Suntech,1.0.71,1.0.70,https://downloads.wordpress.org/theme/suntech.1.0.71.zip,"2025-04-16 10:59:32",https://wordpress.org/themes/suntech/,4.7,5.6
truesoft,TrueSoft,1.0.50,1.0.49,https://downloads.wordpress.org/theme/truesoft.1.0.50.zip,"2025-04-16 11:00:22",https://wordpress.org/themes/truesoft/,4.7,5.6
wecodeart,WeCodeArt,6.6.6,6.6.5,https://downloads.wordpress.org/theme/wecodeart.6.6.6.zip,"2025-04-16 11:11:03",https://wordpress.org/themes/wecodeart/,6.5,7.4
agriculture-farming,"Agriculture Farming",4.6,4.5,https://downloads.wordpress.org/theme/agriculture-farming.4.6.zip,"2025-04-16 11:29:54",https://wordpress.org/themes/agriculture-farming/,5.0,5.6
aromatic,Aromatic,19.1,19.0,https://downloads.wordpress.org/theme/aromatic.19.1.zip,"2025-04-16 11:36:58",https://wordpress.org/themes/aromatic/,4.7,5.6
ayroma,Ayroma,18.5,18.4,https://downloads.wordpress.org/theme/ayroma.18.5.zip,"2025-04-16 11:36:16",https://wordpress.org/themes/ayroma/,4.7,5.6
classic-portfolio,"Classic Portfolio",0.2.1,0.2,https://downloads.wordpress.org/theme/classic-portfolio.0.2.1.zip,"2025-04-16 11:52:37",https://wordpress.org/themes/classic-portfolio/,5.0,5.6
clothing-store-blocks,"Clothing Store Blocks",2.5,2.4,https://downloads.wordpress.org/theme/clothing-store-blocks.2.5.zip,"2025-04-16 11:27:59",https://wordpress.org/themes/clothing-store-blocks/,6.1,5.6
comic-book-store,"Comic Book Store",0.2,0.1.9,https://downloads.wordpress.org/theme/comic-book-store.0.2.zip,"2025-04-16 11:51:53",https://wordpress.org/themes/comic-book-store/,5.0,5.6
creative-blogger,"Creative Blogger",0.2.8,0.2.7,https://downloads.wordpress.org/theme/creative-blogger.0.2.8.zip,"2025-04-16 11:52:21",https://wordpress.org/themes/creative-blogger/,5.0,5.6
dry-cleaning-services,"Dry Cleaning Services",0.2.1,0.2,https://downloads.wordpress.org/theme/dry-cleaning-services.0.2.1.zip,"2025-04-16 11:52:11",https://wordpress.org/themes/dry-cleaning-services/,5.0,5.6
express-store,"Express Store",14.6,14.5,https://downloads.wordpress.org/theme/express-store.14.6.zip,"2025-04-16 11:41:35",https://wordpress.org/themes/express-store/,,5.6
feauty,Feauty,18.4,18.3,https://downloads.wordpress.org/theme/feauty.18.4.zip,"2025-04-16 11:41:06",https://wordpress.org/themes/feauty/,4.7,5.6
flexi-mart,"Flexi Mart",5.6,5.5,https://downloads.wordpress.org/theme/flexi-mart.5.6.zip,"2025-04-16 11:40:42",https://wordpress.org/themes/flexi-mart/,,5.6
florence-it,"Florence IT",3.3,3.2,https://downloads.wordpress.org/theme/florence-it.3.3.zip,"2025-04-16 11:54:31",https://wordpress.org/themes/florence-it/,5.0,7.2
flossy,Flossy,10.9,10.8,https://downloads.wordpress.org/theme/flossy.10.9.zip,"2025-04-16 11:39:33",https://wordpress.org/themes/flossy/,4.7,5.6
flow-store,"Flow Store",6.7,6.6,https://downloads.wordpress.org/theme/flow-store.6.7.zip,"2025-04-16 11:38:47",https://wordpress.org/themes/flow-store/,,5.6
foodie-review-blog,"Foodie Review Blog",0.1.9,0.1.8,https://downloads.wordpress.org/theme/foodie-review-blog.0.1.9.zip,"2025-04-16 11:55:42",https://wordpress.org/themes/foodie-review-blog/,5.0,5.6
football-coach-club,"Football Coach Club",2.4,2.3,https://downloads.wordpress.org/theme/football-coach-club.2.4.zip,"2025-04-16 11:30:15",https://wordpress.org/themes/football-coach-club/,6.1,5.6
garden-farm,"Garden Farm",0.2,0.1.9,https://downloads.wordpress.org/theme/garden-farm.0.2.zip,"2025-04-16 11:51:44",https://wordpress.org/themes/garden-farm/,5.0,5.6
garden-lawn-care,"Garden Lawn Care",2.2,2.1,https://downloads.wordpress.org/theme/garden-lawn-care.2.2.zip,"2025-04-16 11:27:50",https://wordpress.org/themes/garden-lawn-care/,6.1,5.6
golf-country-club,"Golf Country Club",2.4,2.3,https://downloads.wordpress.org/theme/golf-country-club.2.4.zip,"2025-04-16 11:32:18",https://wordpress.org/themes/golf-country-club/,,5.6
green-farm,"Green Farm",5.8,5.7,https://downloads.wordpress.org/theme/green-farm.5.8.zip,"2025-04-16 11:33:07",https://wordpress.org/themes/green-farm/,5.0,5.6
guideline,Guideline,1.6.9,1.6.8,https://downloads.wordpress.org/theme/guideline.1.6.9.zip,"2025-04-16 11:54:50",https://wordpress.org/themes/guideline/,5.0,7.2
halloween-party,"Halloween Party",0.6.4,0.6.3,https://downloads.wordpress.org/theme/halloween-party.0.6.4.zip,"2025-04-16 12:53:18",https://wordpress.org/themes/halloween-party/,5.0,7.2
home-services-blocks,"Home Services Blocks",2.6,2.5,https://downloads.wordpress.org/theme/home-services-blocks.2.6.zip,"2025-04-16 11:32:17",https://wordpress.org/themes/home-services-blocks/,6.1,5.6
master-study-lite,"Master Study Lite",0.1.2,0.1.1,https://downloads.wordpress.org/theme/master-study-lite.0.1.2.zip,"2025-04-16 12:53:58",https://wordpress.org/themes/master-study-lite/,5.0,7.2
minimalio,Minimalio,1.2.6,1.2.5,https://downloads.wordpress.org/theme/minimalio.1.2.6.zip,"2025-04-16 11:50:16",https://wordpress.org/themes/minimalio/,,7.4
multi-sports-club,"Multi Sports Club",1.0.3,1.0.2,https://downloads.wordpress.org/theme/multi-sports-club.1.0.3.zip,"2025-04-16 11:48:19",https://wordpress.org/themes/multi-sports-club/,5.3,7.2
multipurpose-blog,"Multipurpose Blog",2.9.6,2.9.5,https://downloads.wordpress.org/theme/multipurpose-blog.2.9.6.zip,"2025-04-16 12:55:48",https://wordpress.org/themes/multipurpose-blog/,5.0,7.2
music-recording-studio,"Music Recording Studio",0.8.9,0.8.8,https://downloads.wordpress.org/theme/music-recording-studio.0.8.9.zip,"2025-04-16 12:55:14",https://wordpress.org/themes/music-recording-studio/,5.0,7.2
musician-band-artist,"Musician Band Artist",0.5.5,0.5.4,https://downloads.wordpress.org/theme/musician-band-artist.0.5.5.zip,"2025-04-16 12:53:55",https://wordpress.org/themes/musician-band-artist/,5.0,7.2
news-channel,"News Channel",1.0.6,1.0.5,https://downloads.wordpress.org/theme/news-channel.1.0.6.zip,"2025-04-16 11:49:05",https://wordpress.org/themes/news-channel/,5.3,7.2
nivaro,Nivaro,1.0.5,1.0.4,https://downloads.wordpress.org/theme/nivaro.1.0.5.zip,"2025-04-16 11:51:45",https://wordpress.org/themes/nivaro/,5.8,7.0
omega-design-agency,"Omega Design Agency",1.1.1,1.1.0,https://downloads.wordpress.org/theme/omega-design-agency.1.1.1.zip,"2025-04-16 11:48:47",https://wordpress.org/themes/omega-design-agency/,5.3,7.2
omega-digital-store,"Omega Digital Store",1.0.5,1.0.4,https://downloads.wordpress.org/theme/omega-digital-store.1.0.5.zip,"2025-04-16 11:49:34",https://wordpress.org/themes/omega-digital-store/,5.3,5.6
omega-refrigeration,"Omega Refrigeration",1.0.7,1.0.6,https://downloads.wordpress.org/theme/omega-refrigeration.1.0.7.zip,"2025-04-16 11:49:54",https://wordpress.org/themes/omega-refrigeration/,5.3,7.2
organic-farm,"Organic Farm",2.7,2.6,https://downloads.wordpress.org/theme/organic-farm.2.7.zip,"2025-04-16 11:33:48",https://wordpress.org/themes/organic-farm/,5.0,5.6
organic-grocery,"Organic Grocery",5.2,5.1,https://downloads.wordpress.org/theme/organic-grocery.5.2.zip,"2025-04-16 11:35:40",https://wordpress.org/themes/organic-grocery/,5.0,5.6
painting-company,"Painting Company",0.1.7,0.1.6,https://downloads.wordpress.org/theme/painting-company.0.1.7.zip,"2025-04-16 11:50:50",https://wordpress.org/themes/painting-company/,5.0,5.6
paw-bazaar,"Paw Bazaar",2.2,2.1,https://downloads.wordpress.org/theme/paw-bazaar.2.2.zip,"2025-04-16 11:42:58",https://wordpress.org/themes/paw-bazaar/,,5.6
personal-one,"Personal One",1.2.8,1.2.7,https://downloads.wordpress.org/theme/personal-one.1.2.8.zip,"2025-04-16 11:55:02",https://wordpress.org/themes/personal-one/,5.0,7.2
pet-bazaar,"Pet Bazaar",2.9,2.8,https://downloads.wordpress.org/theme/pet-bazaar.2.9.zip,"2025-04-16 11:43:58",https://wordpress.org/themes/pet-bazaar/,4.7,5.6
pet-store,"Pet Store",1.8,1.7,https://downloads.wordpress.org/theme/pet-store.1.8.zip,"2025-04-16 11:43:25",https://wordpress.org/themes/pet-store/,,5.6
plastic-surgery-clinic,"Plastic Surgery Clinic",0.5.8,0.5.7,https://downloads.wordpress.org/theme/plastic-surgery-clinic.0.5.8.zip,"2025-04-16 12:55:41",https://wordpress.org/themes/plastic-surgery-clinic/,5.0,7.2
retailsy,Retailsy,18.4,18.3,https://downloads.wordpress.org/theme/retailsy.18.4.zip,"2025-04-16 11:38:23",https://wordpress.org/themes/retailsy/,4.7,5.6
scholarship-school,"Scholarship School",1.7,1.6,https://downloads.wordpress.org/theme/scholarship-school.1.7.zip,"2025-04-16 11:33:57",https://wordpress.org/themes/scholarship-school/,6.1,5.6
shopient,Shopient,18.4,18.3,https://downloads.wordpress.org/theme/shopient.18.4.zip,"2025-04-16 11:35:31",https://wordpress.org/themes/shopient/,4.7,5.6
shopiva,Shopiva,18.4,18.3,https://downloads.wordpress.org/theme/shopiva.18.4.zip,"2025-04-16 11:34:43",https://wordpress.org/themes/shopiva/,4.7,5.6
shoply,Shoply,18.5,18.4,https://downloads.wordpress.org/theme/shoply.18.5.zip,"2025-04-16 11:33:54",https://wordpress.org/themes/shoply/,4.7,5.6
solar-renewable-energy,"Solar Renewable Energy",4.3,4.2,https://downloads.wordpress.org/theme/solar-renewable-energy.4.3.zip,"2025-04-16 11:37:40",https://wordpress.org/themes/solar-renewable-energy/,5.0,5.6
storefit,Storefit,13.1,13.0,https://downloads.wordpress.org/theme/storefit.13.1.zip,"2025-04-16 11:37:44",https://wordpress.org/themes/storefit/,,5.6
storely,Storely,18.9,18.8,https://downloads.wordpress.org/theme/storely.18.9.zip,"2025-04-16 11:33:13",https://wordpress.org/themes/storely/,4.7,5.6
storess,Storess,18.4,18.3,https://downloads.wordpress.org/theme/storess.18.4.zip,"2025-04-16 11:31:26",https://wordpress.org/themes/storess/,4.7,5.6
storezia,Storezia,18.5,18.4,https://downloads.wordpress.org/theme/storezia.18.5.zip,"2025-04-16 11:31:02",https://wordpress.org/themes/storezia/,4.7,5.6
swimwear-shop,"Swimwear Shop",0.3.1,0.3,https://downloads.wordpress.org/theme/swimwear-shop.0.3.1.zip,"2025-04-16 11:52:59",https://wordpress.org/themes/swimwear-shop/,5.0,5.6
travel-destination,"Travel Destination",1.0.6,1.0.5,https://downloads.wordpress.org/theme/travel-destination.1.0.6.zip,"2025-04-16 11:52:41",https://wordpress.org/themes/travel-destination/,5.3,7.2
videography-studio,"Videography Studio",0.7.3,0.7.2,https://downloads.wordpress.org/theme/videography-studio.0.7.3.zip,"2025-04-16 11:53:53",https://wordpress.org/themes/videography-studio/,5.0,5.6
wind-energy,"Wind Energy",1.8,1.7,https://downloads.wordpress.org/theme/wind-energy.1.8.zip,"2025-04-16 11:50:32",https://wordpress.org/themes/wind-energy/,5.4,7.2
worldwide,Worldwide,1.7.8,1.7.7,https://downloads.wordpress.org/theme/worldwide.1.7.8.zip,"2025-04-16 11:53:56",https://wordpress.org/themes/worldwide/,5.0,7.2
zyloplus,Zyloplus,1.9,1.8,https://downloads.wordpress.org/theme/zyloplus.1.9.zip,"2025-04-16 11:54:23",https://wordpress.org/themes/zyloplus/,5.0,7.2
acronix,Acronix,1.5.5,1.5.4,https://downloads.wordpress.org/theme/acronix.1.5.5.zip,"2025-04-16 13:26:27",https://wordpress.org/themes/acronix/,,5.6
aera,Aera,13.1,13.0,https://downloads.wordpress.org/theme/aera.13.1.zip,"2025-04-16 13:23:56",https://wordpress.org/themes/aera/,4.7,5.6
ameya,Ameya,13.0,12.9,https://downloads.wordpress.org/theme/ameya.13.0.zip,"2025-04-16 13:25:32",https://wordpress.org/themes/ameya/,4.7,5.6
arbuda,Arbuda,12.9,12.8,https://downloads.wordpress.org/theme/arbuda.12.9.zip,"2025-04-16 13:26:03",https://wordpress.org/themes/arbuda/,4.7,5.6
belltech,Belltech,12.9,12.8,https://downloads.wordpress.org/theme/belltech.12.9.zip,"2025-04-16 13:25:03",https://wordpress.org/themes/belltech/,4.7,5.6
builderse,Builderse,11.3,11.2,https://downloads.wordpress.org/theme/builderse.11.3.zip,"2025-04-16 13:29:39",https://wordpress.org/themes/builderse/,4.7,5.6
colorflow,ColorFlow,2.0,1.9,https://downloads.wordpress.org/theme/colorflow.2.0.zip,"2025-04-16 13:31:57",https://wordpress.org/themes/colorflow/,4.7,5.6
eractor,Eractor,10.9,10.8,https://downloads.wordpress.org/theme/eractor.10.9.zip,"2025-04-16 13:29:11",https://wordpress.org/themes/eractor/,4.7,5.6
fiona-food,"Fiona Food",13.1,13.0,https://downloads.wordpress.org/theme/fiona-food.13.1.zip,"2025-04-16 13:28:26",https://wordpress.org/themes/fiona-food/,4.7,5.6
gradiantx,GradiantX,1.9,1.8,https://downloads.wordpress.org/theme/gradiantx.1.9.zip,"2025-04-16 13:31:39",https://wordpress.org/themes/gradiantx/,4.7,5.6
nexcraft-bpo,"Nexcraft BPO",3.6,3.5,https://downloads.wordpress.org/theme/nexcraft-bpo.3.6.zip,"2025-04-16 13:30:36",https://wordpress.org/themes/nexcraft-bpo/,,5.6
nexcraft,NexCraft,5.6,5.5,https://downloads.wordpress.org/theme/nexcraft.5.6.zip,"2025-04-16 13:31:15",https://wordpress.org/themes/nexcraft/,4.7,5.6
shadiant,Shadiant,1.5,1.4,https://downloads.wordpress.org/theme/shadiant.1.5.zip,"2025-04-16 13:29:58",https://wordpress.org/themes/shadiant/,4.7,5.6
startbiz,StartBiz,13.9,13.8,https://downloads.wordpress.org/theme/startbiz.13.9.zip,"2025-04-16 13:24:44",https://wordpress.org/themes/startbiz/,4.7,5.6
startup-solutions,"Startup Solutions",0.3.8,0.3.7,https://downloads.wordpress.org/theme/startup-solutions.0.3.8.zip,"2025-04-16 12:56:40",https://wordpress.org/themes/startup-solutions/,5.0,7.2
stylish-fashion-designer,"Stylish Fashion Designer",0.1.5,0.1.4,https://downloads.wordpress.org/theme/stylish-fashion-designer.0.1.5.zip,"2025-04-16 12:59:06",https://wordpress.org/themes/stylish-fashion-designer/,5.0,7.2
travel-tourism,"Travel Tourism",0.9.7,0.9.6,https://downloads.wordpress.org/theme/travel-tourism.0.9.7.zip,"2025-04-16 12:56:20",https://wordpress.org/themes/travel-tourism/,5.0,7.2
ultimate-blogger,"Ultimate Blogger",1.3.1,1.3,https://downloads.wordpress.org/theme/ultimate-blogger.1.3.1.zip,"2025-04-16 12:59:46",https://wordpress.org/themes/ultimate-blogger/,5.0,7.2
varuda,Varuda,13.0,12.9,https://downloads.wordpress.org/theme/varuda.13.0.zip,"2025-04-16 13:24:20",https://wordpress.org/themes/varuda/,4.7,5.6
vw-healthcare,"VW Healthcare",1.1.5,1.1.4,https://downloads.wordpress.org/theme/vw-healthcare.1.1.5.zip,"2025-04-16 12:56:29",https://wordpress.org/themes/vw-healthcare/,5.0,7.2
vw-minimalist,"VW Minimalist",0.9.2,0.9.1,https://downloads.wordpress.org/theme/vw-minimalist.0.9.2.zip,"2025-04-16 12:58:35",https://wordpress.org/themes/vw-minimalist/,5.0,7.2
accron,Accron,1.8.4,1.8.3,https://downloads.wordpress.org/theme/accron.1.8.4.zip,"2025-04-16 13:59:27",https://wordpress.org/themes/accron/,4.7,5.6
aravalli,Aravalli,13.3,13.2,https://downloads.wordpress.org/theme/aravalli.13.3.zip,"2025-04-16 13:58:43",https://wordpress.org/themes/aravalli/,4.7,5.6
avril,Avril,13.6,13.5,https://downloads.wordpress.org/theme/avril.13.6.zip,"2025-04-16 13:58:16",https://wordpress.org/themes/avril/,4.7,5.6
boostify,Boostify,13.3,13.2,https://downloads.wordpress.org/theme/boostify.13.3.zip,"2025-04-16 13:57:54",https://wordpress.org/themes/boostify/,4.7,5.6
conceptly,Conceptly,14.2,14.1,https://downloads.wordpress.org/theme/conceptly.14.2.zip,"2025-04-16 13:57:28",https://wordpress.org/themes/conceptly/,4.7,5.6
corpex,Corpex,7.1,7.0,https://downloads.wordpress.org/theme/corpex.7.1.zip,"2025-04-16 14:00:05",https://wordpress.org/themes/corpex/,4.7,5.6
eduvert,Eduvert,13.3,13.2,https://downloads.wordpress.org/theme/eduvert.13.3.zip,"2025-04-16 14:04:06",https://wordpress.org/themes/eduvert/,4.7,5.6
eventpress,EventPress,15.3,15.2,https://downloads.wordpress.org/theme/eventpress.15.3.zip,"2025-04-16 14:03:35",https://wordpress.org/themes/eventpress/,4.7,5.6
evita,Evita,1.6.6,1.6.5,https://downloads.wordpress.org/theme/evita.1.6.6.zip,"2025-04-16 14:02:56",https://wordpress.org/themes/evita/,,5.6
expert-adventure-guide,"Expert Adventure Guide",2.2,2.1,https://downloads.wordpress.org/theme/expert-adventure-guide.2.2.zip,"2025-04-16 13:56:43",https://wordpress.org/themes/expert-adventure-guide/,,7.2
expert-author,"Expert Author",8.0,7.9,https://downloads.wordpress.org/theme/expert-author.8.0.zip,"2025-04-16 13:57:48",https://wordpress.org/themes/expert-author/,,7.2
expert-food-blog,"Expert Food Blog",7.0,6.9,https://downloads.wordpress.org/theme/expert-food-blog.7.0.zip,"2025-04-16 13:56:05",https://wordpress.org/themes/expert-food-blog/,,7.2
expert-gamer,"Expert Gamer",3.9,3.8,https://downloads.wordpress.org/theme/expert-gamer.3.9.zip,"2025-04-16 13:59:21",https://wordpress.org/themes/expert-gamer/,,7.2
expert-healthcare,"Expert Healthcare",2.6,2.5,https://downloads.wordpress.org/theme/expert-healthcare.2.6.zip,"2025-04-16 13:54:51",https://wordpress.org/themes/expert-healthcare/,,7.2
expert-hotel-booking,"Expert Hotel Booking",2.3,2.2,https://downloads.wordpress.org/theme/expert-hotel-booking.2.3.zip,"2025-04-16 13:54:06",https://wordpress.org/themes/expert-hotel-booking/,,7.2
fiona-blog,"Fiona Blog",13.4,13.3,https://downloads.wordpress.org/theme/fiona-blog.13.4.zip,"2025-04-16 13:56:03",https://wordpress.org/themes/fiona-blog/,4.7,5.6
gradiant,Gradiant,13.9,13.8,https://downloads.wordpress.org/theme/gradiant.13.9.zip,"2025-04-16 13:54:07",https://wordpress.org/themes/gradiant/,4.7,5.6
hantus,Hantus,14.3,14.2,https://downloads.wordpress.org/theme/hantus.14.3.zip,"2025-04-16 14:02:25",https://wordpress.org/themes/hantus/,4.7,5.6
medazin,Medazin,11.0,10.9,https://downloads.wordpress.org/theme/medazin.11.0.zip,"2025-04-16 14:01:46",https://wordpress.org/themes/medazin/,4.7,5.6
metasoft,MetaSoft,13.3,13.2,https://downloads.wordpress.org/theme/metasoft.13.3.zip,"2025-04-16 13:53:30",https://wordpress.org/themes/metasoft/,4.7,5.6
renoval,Renoval,12.6,12.5,https://downloads.wordpress.org/theme/renoval.12.6.zip,"2025-04-16 14:01:08",https://wordpress.org/themes/renoval/,4.7,5.6
startkit,StartKit,15.5,15.4,https://downloads.wordpress.org/theme/startkit.15.5.zip,"2025-04-16 14:00:34",https://wordpress.org/themes/startkit/,4.7,5.6
baseball-club,"Baseball Club",0.2.2,0.2.1,https://downloads.wordpress.org/theme/baseball-club.0.2.2.zip,"2025-04-16 15:00:44",https://wordpress.org/themes/baseball-club/,,5.6
bike-rental-services,"Bike Rental Services",1.1.5,1.1.4,https://downloads.wordpress.org/theme/bike-rental-services.1.1.5.zip,"2025-04-16 15:05:28",https://wordpress.org/themes/bike-rental-services/,6.0,7.2
cab-booking,"Cab Booking",1.1.9,1.1.8,https://downloads.wordpress.org/theme/cab-booking.1.1.9.zip,"2025-04-16 15:06:05",https://wordpress.org/themes/cab-booking/,6.0,7.2
digital-marketer,"Digital Marketer",1.2.3,1.2.2,https://downloads.wordpress.org/theme/digital-marketer.1.2.3.zip,"2025-04-16 15:06:55",https://wordpress.org/themes/digital-marketer/,6.0,7.2
forest-safari,"Forest Safari",1.2.2,1.2.1,https://downloads.wordpress.org/theme/forest-safari.1.2.2.zip,"2025-04-16 15:07:20",https://wordpress.org/themes/forest-safari/,6.0,7.2
plumbing-services,"Plumbing Services",1.1.5,1.1.4,https://downloads.wordpress.org/theme/plumbing-services.1.1.5.zip,"2025-04-16 15:08:16",https://wordpress.org/themes/plumbing-services/,6.0,7.2
revolution-video-vlog,"Revolution Video Vlog",2.0,1.9,https://downloads.wordpress.org/theme/revolution-video-vlog.2.0.zip,"2025-04-16 15:07:54",https://wordpress.org/themes/revolution-video-vlog/,6.0,7.2
solar-system,"Solar System",0.2.1,0.2,https://downloads.wordpress.org/theme/solar-system.0.2.1.zip,"2025-04-16 15:03:23",https://wordpress.org/themes/solar-system/,,5.6
writer-portfolio,"Writer Portfolio",1.0.3,1.0.2,https://downloads.wordpress.org/theme/writer-portfolio.1.0.3.zip,"2025-04-16 15:08:48",https://wordpress.org/themes/writer-portfolio/,5.5,7.2
sensei-s2,"Sensei S2",2.6.0,2.5.5,https://downloads.wordpress.org/theme/sensei-s2.2.6.0.zip,"2025-04-16 16:35:02",https://wordpress.org/themes/sensei-s2/,,7.4
wens-healthy-plates,"WENS Healthy Plates",1.0.1,1.0.0,https://downloads.wordpress.org/theme/wens-healthy-plates.1.0.1.zip,"2025-04-16 18:00:44",https://wordpress.org/themes/wens-healthy-plates/,6.0,7.4
adas-portfolio,"Adas Portfolio",1.5,1.4,https://downloads.wordpress.org/theme/adas-portfolio.1.5.zip,"2025-04-16 21:13:10",https://wordpress.org/themes/adas-portfolio/,,7.4
adas-personal-portfolio,"Adas Personal Portfolio",1.5,1.4,https://downloads.wordpress.org/theme/adas-personal-portfolio.1.5.zip,"2025-04-16 22:04:57",https://wordpress.org/themes/adas-personal-portfolio/,,7.4
xpress-dark,"XPress Dark",1.0.0,,https://downloads.wordpress.org/theme/xpress-dark.1.0.0.zip,"2025-04-17 01:16:08",https://wordpress.org/themes/xpress-dark/,5.6,5.6
bloggerpress,BloggerPress,1.0.1,1.0.0,https://downloads.wordpress.org/theme/bloggerpress.1.0.1.zip,"2025-04-17 03:59:02",https://wordpress.org/themes/bloggerpress/,5.9,5.6
antique-jewelry,"Antique Jewelry",2.3,2.2,https://downloads.wordpress.org/theme/antique-jewelry.2.3.zip,"2025-04-17 05:30:48",https://wordpress.org/themes/antique-jewelry/,6.1,7.2
digital-online-courses,"Digital Online Courses",2.1,2.0,https://downloads.wordpress.org/theme/digital-online-courses.2.1.zip,"2025-04-17 05:31:19",https://wordpress.org/themes/digital-online-courses/,6.1,7.2
mobile-app-company,"Mobile App Company",2.2,2.1,https://downloads.wordpress.org/theme/mobile-app-company.2.2.zip,"2025-04-17 05:31:55",https://wordpress.org/themes/mobile-app-company/,6.1,7.2
retailer-ecommerce,"Retailer Ecommerce",2.2,2.1,https://downloads.wordpress.org/theme/retailer-ecommerce.2.2.zip,"2025-04-17 05:32:00",https://wordpress.org/themes/retailer-ecommerce/,6.1,7.2
titan-bookseller,"Titan Bookseller",2.1,2.0,https://downloads.wordpress.org/theme/titan-bookseller.2.1.zip,"2025-04-17 05:32:23",https://wordpress.org/themes/titan-bookseller/,6.1,7.2
titan-digital-agency,"Titan Digital Agency",2.5,2.4,https://downloads.wordpress.org/theme/titan-digital-agency.2.5.zip,"2025-04-17 05:32:31",https://wordpress.org/themes/titan-digital-agency/,6.1,7.2
travel-blogging,"Travel Blogging",2.4,2.3,https://downloads.wordpress.org/theme/travel-blogging.2.4.zip,"2025-04-17 05:33:07",https://wordpress.org/themes/travel-blogging/,6.1,7.2
travel-manager,"Travel Manager",2.3,2.2,https://downloads.wordpress.org/theme/travel-manager.2.3.zip,"2025-04-17 05:33:31",https://wordpress.org/themes/travel-manager/,6.1,7.2
tuition-coaching-center,"Tuition Coaching Center",2.2,2.1,https://downloads.wordpress.org/theme/tuition-coaching-center.2.2.zip,"2025-04-17 05:34:42",https://wordpress.org/themes/tuition-coaching-center/,6.1,7.2
child-care-kindergarten,"Child Care Kindergarten",2.8,2.7,https://downloads.wordpress.org/theme/child-care-kindergarten.2.8.zip,"2025-04-17 07:03:48",https://wordpress.org/themes/child-care-kindergarten/,5.0,7.2
expert-electrician,"Expert Electrician",3.8,3.7,https://downloads.wordpress.org/theme/expert-electrician.3.8.zip,"2025-04-17 07:03:20",https://wordpress.org/themes/expert-electrician/,5.0,7.2
expert-tailor,"Expert Tailor",0.7.8,0.7.7,https://downloads.wordpress.org/theme/expert-tailor.0.7.8.zip,"2025-04-17 07:05:04",https://wordpress.org/themes/expert-tailor/,5.0,7.2
videography,Videography,0.5.4,0.5.3,https://downloads.wordpress.org/theme/videography.0.5.4.zip,"2025-04-17 07:04:27",https://wordpress.org/themes/videography/,5.0,7.2
big-store,"Big Store",2.1.0,2.0.9,https://downloads.wordpress.org/theme/big-store.2.1.0.zip,"2025-04-17 07:58:05",https://wordpress.org/themes/big-store/,5.5,5.5
blacknews,BlackNews,1.0.10,1.0.9,https://downloads.wordpress.org/theme/blacknews.1.0.10.zip,"2025-04-17 07:58:30",https://wordpress.org/themes/blacknews/,4.0,5.3
broadnews,BroadNews,4.2.2,4.2.1,https://downloads.wordpress.org/theme/broadnews.4.2.2.zip,"2025-04-17 07:48:38",https://wordpress.org/themes/broadnews/,4.0,5.3
centralnews,CentralNews,2.0.47,2.0.46,https://downloads.wordpress.org/theme/centralnews.2.0.47.zip,"2025-04-17 07:58:11",https://wordpress.org/themes/centralnews/,4.0,5.3
chromenews,ChromeNews,5.3.2,5.3.1,https://downloads.wordpress.org/theme/chromenews.5.3.2.zip,"2025-04-17 07:48:11",https://wordpress.org/themes/chromenews/,4.0,5.3
covernews,CoverNews,5.3.2,5.3.1.2,https://downloads.wordpress.org/theme/covernews.5.3.2.zip,"2025-04-17 07:47:46",https://wordpress.org/themes/covernews/,4.0,5.3
darknews,DarkNews,3.2.3,3.2.2,https://downloads.wordpress.org/theme/darknews.3.2.3.zip,"2025-04-17 07:47:16",https://wordpress.org/themes/darknews/,4.0,5.3
elegant-magazine,"Elegant Magazine",4.2.3,4.2.2,https://downloads.wordpress.org/theme/elegant-magazine.4.2.3.zip,"2025-04-17 07:46:48",https://wordpress.org/themes/elegant-magazine/,4.0,5.3
enternews,EnterNews,3.2.4,3.2.3,https://downloads.wordpress.org/theme/enternews.3.2.4.zip,"2025-04-17 07:46:24",https://wordpress.org/themes/enternews/,4.0,5.3
globalnews,GlobalNews,1.0.36,1.0.35,https://downloads.wordpress.org/theme/globalnews.1.0.36.zip,"2025-04-17 07:57:49",https://wordpress.org/themes/globalnews/,4.0,5.3
magazine-7,"Magazine 7",3.1.4,3.1.3,https://downloads.wordpress.org/theme/magazine-7.3.1.4.zip,"2025-04-17 07:45:59",https://wordpress.org/themes/magazine-7/,5.3,5.6
magnitude,Magnitude,3.1.4,3.1.3,https://downloads.wordpress.org/theme/magnitude.3.1.4.zip,"2025-04-17 07:45:32",https://wordpress.org/themes/magnitude/,5.3,5.6
morenews,MoreNews,3.3.12,3.3.11,https://downloads.wordpress.org/theme/morenews.3.3.12.zip,"2025-04-17 07:43:08",https://wordpress.org/themes/morenews/,4.0,5.3
movers-and-packers,"Movers and Packers",0.3,0.2.9,https://downloads.wordpress.org/theme/movers-and-packers.0.3.zip,"2025-04-17 07:30:44",https://wordpress.org/themes/movers-and-packers/,5.0,7.2
newsever,Newsever,4.2.3,4.2.2,https://downloads.wordpress.org/theme/newsever.4.2.3.zip,"2025-04-17 07:42:41",https://wordpress.org/themes/newsever/,4.0,5.3
newsical,Newsical,1.0.24,1.0.23,https://downloads.wordpress.org/theme/newsical.1.0.24.zip,"2025-04-17 07:57:23",https://wordpress.org/themes/newsical/,4.0,5.3
newsium,Newsium,4.1.4,4.1.3,https://downloads.wordpress.org/theme/newsium.4.1.4.zip,"2025-04-17 07:41:12",https://wordpress.org/themes/newsium/,4.0,5.3
newslight,NewsLight,1.0.2,1.0.1,https://downloads.wordpress.org/theme/newslight.1.0.2.zip,"2025-04-17 07:57:00",https://wordpress.org/themes/newslight/,4.0,5.3
newsmore,NewsMore,1.2.42,1.2.41,https://downloads.wordpress.org/theme/newsmore.1.2.42.zip,"2025-04-17 07:56:42",https://wordpress.org/themes/newsmore/,4.0,5.3
newsphere,Newsphere,4.3.2,4.3.1,https://downloads.wordpress.org/theme/newsphere.4.3.2.zip,"2025-04-17 07:40:40",https://wordpress.org/themes/newsphere/,4.0,5.3
newsplace,NewsPlace,1.0.8,1.0.7,https://downloads.wordpress.org/theme/newsplace.1.0.8.zip,"2025-04-17 07:56:06",https://wordpress.org/themes/newsplace/,4.0,5.3
sidenews,SideNews,1.0.6,1.0.5,https://downloads.wordpress.org/theme/sidenews.1.0.6.zip,"2025-04-17 07:55:49",https://wordpress.org/themes/sidenews/,4.0,5.3
top-store,"Top Store",1.5.8,1.5.7,https://downloads.wordpress.org/theme/top-store.1.5.8.zip,"2025-04-17 07:57:08",https://wordpress.org/themes/top-store/,5.0,5.5
business-article-ship,"Business Article Ship",1.9,1.8,https://downloads.wordpress.org/theme/business-article-ship.1.9.zip,"2025-04-17 08:39:02",https://wordpress.org/themes/business-article-ship/,5.5,5.6
cleaning-specialist,"Cleaning Specialist",1.2,1.1,https://downloads.wordpress.org/theme/cleaning-specialist.1.2.zip,"2025-04-17 08:36:37",https://wordpress.org/themes/cleaning-specialist/,5.5,5.6
creamy-bakery,"Creamy Bakery",1.3,1.2,https://downloads.wordpress.org/theme/creamy-bakery.1.3.zip,"2025-04-17 08:41:00",https://wordpress.org/themes/creamy-bakery/,5.5,5.6
ecommerce-bazaar,"Ecommerce Bazaar",1.9,1.8,https://downloads.wordpress.org/theme/ecommerce-bazaar.1.9.zip,"2025-04-17 08:41:07",https://wordpress.org/themes/ecommerce-bazaar/,5.5,5.6
home-shifting-services,"Home Shifting Services",1.3,1.2,https://downloads.wordpress.org/theme/home-shifting-services.1.3.zip,"2025-04-17 08:42:21",https://wordpress.org/themes/home-shifting-services/,5.5,5.6
kindergarten-art-school,"Kindergarten Art School",1.4,1.3,https://downloads.wordpress.org/theme/kindergarten-art-school.1.4.zip,"2025-04-17 08:42:21",https://wordpress.org/themes/kindergarten-art-school/,5.5,5.6
film-celebrity,"Film Celebrity",5.5,5.4,https://downloads.wordpress.org/theme/film-celebrity.5.5.zip,"2025-04-17 09:59:16",https://wordpress.org/themes/film-celebrity/,,7.2
flight-booking,"Flight Booking",6.5,6.4,https://downloads.wordpress.org/theme/flight-booking.6.5.zip,"2025-04-17 09:58:51",https://wordpress.org/themes/flight-booking/,,7.2
gym-workout,"Gym Workout",2.8,2.7,https://downloads.wordpress.org/theme/gym-workout.2.8.zip,"2025-04-17 09:59:40",https://wordpress.org/themes/gym-workout/,,7.2
home-decor-shop,"Home Decor Shop",3.3,3.2,https://downloads.wordpress.org/theme/home-decor-shop.3.3.zip,"2025-04-17 10:00:21",https://wordpress.org/themes/home-decor-shop/,,7.2
responsive,Responsive,6.1.6,6.1.5,https://downloads.wordpress.org/theme/responsive.6.1.6.zip,"2025-04-17 09:36:13",https://wordpress.org/themes/responsive/,,5.6
centralnews,CentralNews,2.0.48,2.0.47,https://downloads.wordpress.org/theme/centralnews.2.0.48.zip,"2025-04-17 11:01:41",https://wordpress.org/themes/centralnews/,4.0,5.3
charging-station,"Charging Station",0.3,0.2.9,https://downloads.wordpress.org/theme/charging-station.0.3.zip,"2025-04-17 11:02:21",https://wordpress.org/themes/charging-station/,,7.2
globalnews,GlobalNews,1.0.37,1.0.36,https://downloads.wordpress.org/theme/globalnews.1.0.37.zip,"2025-04-17 11:01:20",https://wordpress.org/themes/globalnews/,4.0,5.3
lifestyle-store,"Lifestyle Store",3.2,3.1,https://downloads.wordpress.org/theme/lifestyle-store.3.2.zip,"2025-04-17 11:24:17",https://wordpress.org/themes/lifestyle-store/,6.1,5.6
lighting-store,"Lighting Store",0.3.3,0.3.2,https://downloads.wordpress.org/theme/lighting-store.0.3.3.zip,"2025-04-17 10:40:58",https://wordpress.org/themes/lighting-store/,,7.2
newsical,Newsical,1.0.25,1.0.24,https://downloads.wordpress.org/theme/newsical.1.0.25.zip,"2025-04-17 11:00:51",https://wordpress.org/themes/newsical/,4.0,5.3
newsplace,NewsPlace,1.0.9,1.0.8,https://downloads.wordpress.org/theme/newsplace.1.0.9.zip,"2025-04-17 11:00:33",https://wordpress.org/themes/newsplace/,4.0,5.3
one-business-blocks,"One Business Blocks",2.9,2.8,https://downloads.wordpress.org/theme/one-business-blocks.2.9.zip,"2025-04-17 11:24:55",https://wordpress.org/themes/one-business-blocks/,6.1,5.6
one-page-blocks,"One Page Blocks",2.5,2.4,https://downloads.wordpress.org/theme/one-page-blocks.2.5.zip,"2025-04-17 11:24:21",https://wordpress.org/themes/one-page-blocks/,6.1,5.6
plumber-services,"Plumber Services",2.0.5,2.0.4,https://downloads.wordpress.org/theme/plumber-services.2.0.5.zip,"2025-04-17 10:41:36",https://wordpress.org/themes/plumber-services/,,7.2
soccer-club-academy,"Soccer Club Academy",0.3.2,0.3.1,https://downloads.wordpress.org/theme/soccer-club-academy.0.3.2.zip,"2025-04-17 11:02:54",https://wordpress.org/themes/soccer-club-academy/,,5.6
air-conditioning-services,"Air Conditioning Services",2.8,2.7,https://downloads.wordpress.org/theme/air-conditioning-services.2.8.zip,"2025-04-17 11:26:42",https://wordpress.org/themes/air-conditioning-services/,5.0,5.6
articlewave-blogup,"Articlewave Blogup",1.0.1,1.0.0,https://downloads.wordpress.org/theme/articlewave-blogup.1.0.1.zip,"2025-04-17 11:48:56",https://wordpress.org/themes/articlewave-blogup/,,7.2
audio-player,"Audio Player",1.4.4,1.4.3,https://downloads.wordpress.org/theme/audio-player.1.4.4.zip,"2025-04-17 12:40:05",https://wordpress.org/themes/audio-player/,5.0,7.2
blockskit-base,"Blockskit Base",1.1.3,1.1.2,https://downloads.wordpress.org/theme/blockskit-base.1.1.3.zip,"2025-04-17 12:13:58",https://wordpress.org/themes/blockskit-base/,6.0,5.6
bookseller-publication,"Bookseller Publication",0.4.1,0.4,https://downloads.wordpress.org/theme/bookseller-publication.0.4.1.zip,"2025-04-17 12:48:09",https://wordpress.org/themes/bookseller-publication/,,7.2
charity-zone,"Charity Zone",0.9.7,0.9.6,https://downloads.wordpress.org/theme/charity-zone.0.9.7.zip,"2025-04-17 12:47:32",https://wordpress.org/themes/charity-zone/,5.0,7.2
cinema-house,"Cinema House",1.5,1.4,https://downloads.wordpress.org/theme/cinema-house.1.5.zip,"2025-04-17 11:26:35",https://wordpress.org/themes/cinema-house/,6.1,5.6
di-blog,"Di Blog",2.1,2.0,https://downloads.wordpress.org/theme/di-blog.2.1.zip,"2025-04-17 12:27:54",https://wordpress.org/themes/di-blog/,5.2,7.0
di-business,"Di Business",2.2,2.1,https://downloads.wordpress.org/theme/di-business.2.2.zip,"2025-04-17 12:35:34",https://wordpress.org/themes/di-business/,5.2,7.0
di-ecommerce,"Di eCommerce",2.0,1.8,https://downloads.wordpress.org/theme/di-ecommerce.2.0.zip,"2025-04-17 12:24:12",https://wordpress.org/themes/di-ecommerce/,5.2,7.0
digital-books,"Digital Books",0.6.7,0.6.6,https://downloads.wordpress.org/theme/digital-books.0.6.7.zip,"2025-04-17 12:48:46",https://wordpress.org/themes/digital-books/,5.0,7.2
fire-fighter,"Fire Fighter",1.2,1.1,https://downloads.wordpress.org/theme/fire-fighter.1.2.zip,"2025-04-17 11:25:40",https://wordpress.org/themes/fire-fighter/,6.1,5.6
lawyer-firm-blocks,"Lawyer Firm Blocks",3.3,3.2,https://downloads.wordpress.org/theme/lawyer-firm-blocks.3.3.zip,"2025-04-17 11:25:36",https://wordpress.org/themes/lawyer-firm-blocks/,6.1,5.6
medical-hospital-blocks,"Medical Hospital Blocks",2.0,1.9,https://downloads.wordpress.org/theme/medical-hospital-blocks.2.0.zip,"2025-04-17 11:25:03",https://wordpress.org/themes/medical-hospital-blocks/,6.1,5.6
nonprofit-foundation,"Nonprofit Foundation",0.4.4,0.4.3,https://downloads.wordpress.org/theme/nonprofit-foundation.0.4.4.zip,"2025-04-17 12:46:50",https://wordpress.org/themes/nonprofit-foundation/,,7.2
blockme,BlockMe,1.0.3,1.0.2,https://downloads.wordpress.org/theme/blockme.1.0.3.zip,"2025-04-17 13:32:39",https://wordpress.org/themes/blockme/,6.0,7.2
citykid,Citykid,1.0.5.1,1.0.4,https://downloads.wordpress.org/theme/citykid.1.0.5.1.zip,"2025-04-17 13:25:28",https://wordpress.org/themes/citykid/,4.7,5.6
shapely,Shapely,1.2.16,1.2.15,https://downloads.wordpress.org/theme/shapely.1.2.16.zip,"2025-04-17 13:31:38",https://wordpress.org/themes/shapely/,6.4,7.4
chaitya,Chaitya,1.0.1,,https://downloads.wordpress.org/theme/chaitya.1.0.1.zip,"2025-04-17 13:01:13",https://wordpress.org/themes/chaitya/,6.7,5.7
altra,Altra,1.1.1,1.1,https://downloads.wordpress.org/theme/altra.1.1.1.zip,"2025-04-17 13:42:51",https://wordpress.org/themes/altra/,4.7,5.6
atrux,Atrux,1.0.84,1.0.83,https://downloads.wordpress.org/theme/atrux.1.0.84.zip,"2025-04-17 13:45:36",https://wordpress.org/themes/atrux/,4.7,5.6
atua,Atua,1.1.15,1.1.14,https://downloads.wordpress.org/theme/atua.1.1.15.zip,"2025-04-17 13:42:20",https://wordpress.org/themes/atua/,4.7,5.6
atus,Atus,1.0.96,1.0.95,https://downloads.wordpress.org/theme/atus.1.0.96.zip,"2025-04-17 13:44:33",https://wordpress.org/themes/atus/,4.7,5.6
atuvi,Atuvi,1.0.46,1.0.45,https://downloads.wordpress.org/theme/atuvi.1.0.46.zip,"2025-04-17 13:47:19",https://wordpress.org/themes/atuvi/,4.7,5.6
atuxa,Atuxa,1.0.51,1.0.50,https://downloads.wordpress.org/theme/atuxa.1.0.51.zip,"2025-04-17 13:46:45",https://wordpress.org/themes/atuxa/,4.7,5.6
avvy,Avvy,1.0.98,1.0.97,https://downloads.wordpress.org/theme/avvy.1.0.98.zip,"2025-04-17 13:43:59",https://wordpress.org/themes/avvy/,4.7,5.6
cosmoswp,CosmosWP,1.4.2,1.4.1,https://downloads.wordpress.org/theme/cosmoswp.1.4.2.zip,"2025-04-17 14:19:27",https://wordpress.org/themes/cosmoswp/,6.0,5.6
flexea,Flexea,1.0.86,1.0.85,https://downloads.wordpress.org/theme/flexea.1.0.86.zip,"2025-04-17 13:45:00",https://wordpress.org/themes/flexea/,4.7,5.6
flexeo,Flexeo,1.1.5,1.1.4,https://downloads.wordpress.org/theme/flexeo.1.1.5.zip,"2025-04-17 13:43:33",https://wordpress.org/themes/flexeo/,4.7,5.6
flexina,Flexina,1.0.42,1.0.41,https://downloads.wordpress.org/theme/flexina.1.0.42.zip,"2025-04-17 13:48:37",https://wordpress.org/themes/flexina/,4.7,5.6
flexiva,Flexiva,0.3,0.2,https://downloads.wordpress.org/theme/flexiva.0.3.zip,"2025-04-17 13:49:08",https://wordpress.org/themes/flexiva/,4.7,5.6
fluxa,Fluxa,1.0.70,1.0.69,https://downloads.wordpress.org/theme/fluxa.1.0.70.zip,"2025-04-17 13:46:07",https://wordpress.org/themes/fluxa/,4.7,5.6
jaxon,Jaxon,1.0.9,1.0.8,https://downloads.wordpress.org/theme/jaxon.1.0.9.zip,"2025-04-17 16:32:23",https://wordpress.org/themes/jaxon/,5.5,7.0
neve-fse,"Neve FSE",1.1.3,1.1.2,https://downloads.wordpress.org/theme/neve-fse.1.1.3.zip,"2025-04-17 16:20:27",https://wordpress.org/themes/neve-fse/,5.5,7.0
fork,Fork,1.0.11,1.0.9,https://downloads.wordpress.org/theme/fork.1.0.11.zip,"2025-04-17 17:01:16",https://wordpress.org/themes/fork/,5.5,7.0
avenza,Avenza,1.5.8,1.5.7,https://downloads.wordpress.org/theme/avenza.1.5.8.zip,"2025-04-17 18:05:03",https://wordpress.org/themes/avenza/,,5.6
avitech,Avitech,12.9,12.8,https://downloads.wordpress.org/theme/avitech.12.9.zip,"2025-04-17 18:03:32",https://wordpress.org/themes/avitech/,4.7,5.6
avtari,Avtari,12.9,12.8,https://downloads.wordpress.org/theme/avtari.12.9.zip,"2025-04-17 18:06:23",https://wordpress.org/themes/avtari/,4.7,5.6
azwa,Azwa,13.0,12.9,https://downloads.wordpress.org/theme/azwa.13.0.zip,"2025-04-17 18:03:02",https://wordpress.org/themes/azwa/,4.7,5.6
blocksy,Blocksy,2.0.96,2.0.95,https://downloads.wordpress.org/theme/blocksy.2.0.96.zip,"2025-04-17 17:43:38",https://wordpress.org/themes/blocksy/,6.5,7.0
colorflow,ColorFlow,2.1,2.0,https://downloads.wordpress.org/theme/colorflow.2.1.zip,"2025-04-17 17:59:49",https://wordpress.org/themes/colorflow/,4.7,5.6
cormex,Cormex,5.4,5.3,https://downloads.wordpress.org/theme/cormex.5.4.zip,"2025-04-17 18:05:49",https://wordpress.org/themes/cormex/,,5.6
envira,Envira,12.9,12.8,https://downloads.wordpress.org/theme/envira.12.9.zip,"2025-04-17 18:02:26",https://wordpress.org/themes/envira/,4.7,5.6
fiona-news,"Fiona News",13.1,13.0,https://downloads.wordpress.org/theme/fiona-news.13.1.zip,"2025-04-17 18:05:27",https://wordpress.org/themes/fiona-news/,4.7,5.6
gradiantx,GradiantX,2.0,1.9,https://downloads.wordpress.org/theme/gradiantx.2.0.zip,"2025-04-17 17:59:25",https://wordpress.org/themes/gradiantx/,4.7,5.6
nexcraft-bpo,"Nexcraft BPO",3.7,3.6,https://downloads.wordpress.org/theme/nexcraft-bpo.3.7.zip,"2025-04-17 17:57:57",https://wordpress.org/themes/nexcraft-bpo/,,5.6
nexcraft,NexCraft,5.7,5.6,https://downloads.wordpress.org/theme/nexcraft.5.7.zip,"2025-04-17 17:58:52",https://wordpress.org/themes/nexcraft/,4.7,5.6
profolio,Profolio,5.0,4.9,https://downloads.wordpress.org/theme/profolio.5.0.zip,"2025-04-17 18:01:40",https://wordpress.org/themes/profolio/,,5.6
shadiant,Shadiant,1.6,1.5,https://downloads.wordpress.org/theme/shadiant.1.6.zip,"2025-04-17 18:00:19",https://wordpress.org/themes/shadiant/,4.7,5.6
techine,Techine,12.9,12.8,https://downloads.wordpress.org/theme/techine.12.9.zip,"2025-04-17 18:01:07",https://wordpress.org/themes/techine/,4.7,5.6
thai-spa,"Thai Spa",13.1,13.0,https://downloads.wordpress.org/theme/thai-spa.13.1.zip,"2025-04-17 18:07:16",https://wordpress.org/themes/thai-spa/,4.7,5.6
timeblog,TimeBlog,9.1,9.0,https://downloads.wordpress.org/theme/timeblog.9.1.zip,"2025-04-17 18:06:55",https://wordpress.org/themes/timeblog/,4.7,5.6
kadence,Kadence,1.2.22,1.2.21,https://downloads.wordpress.org/theme/kadence.1.2.22.zip,"2025-04-17 18:39:59",https://wordpress.org/themes/kadence/,6.3,7.4
hunky-multipurpose,"Hunky Multipurpose",1.3,1.2,https://downloads.wordpress.org/theme/hunky-multipurpose.1.3.zip,"2025-04-17 20:05:52",https://wordpress.org/themes/hunky-multipurpose/,,7.4
mixin-styles-gb,"Mixin' Styles- GB",1.1.3,1.1.2,https://downloads.wordpress.org/theme/mixin-styles-gb.1.1.3.zip,"2025-04-17 20:39:17",https://wordpress.org/themes/mixin-styles-gb/,6.2,7.4
graftee,graftee,1.1.40,1.1.39,https://downloads.wordpress.org/theme/graftee.1.1.40.zip,"2025-04-18 01:15:54",https://wordpress.org/themes/graftee/,,7.2
saaslauncher,SaasLauncher,1.1.3,1.1.2,https://downloads.wordpress.org/theme/saaslauncher.1.1.3.zip,"2025-04-18 01:19:03",https://wordpress.org/themes/saaslauncher/,5.9,7.0
flexipress,Flexipress,1.0.6,1.0.5,https://downloads.wordpress.org/theme/flexipress.1.0.6.zip,"2025-04-18 02:24:19",https://wordpress.org/themes/flexipress/,6.4,7.4
aster-gym-trainer,"Aster Gym Trainer",1.3.2,1.3.1,https://downloads.wordpress.org/theme/aster-gym-trainer.1.3.2.zip,"2025-04-18 04:24:22",https://wordpress.org/themes/aster-gym-trainer/,,7.2
aster-it-solutions,"Aster IT Solutions",4.1,4.0,https://downloads.wordpress.org/theme/aster-it-solutions.4.1.zip,"2025-04-18 04:24:40",https://wordpress.org/themes/aster-it-solutions/,,7.2
aster-storefront,"Aster Storefront",4.0,3.9,https://downloads.wordpress.org/theme/aster-storefront.4.0.zip,"2025-04-18 04:25:04",https://wordpress.org/themes/aster-storefront/,,7.4
aster-vlogger,"Aster Vlogger",4.0,3.9,https://downloads.wordpress.org/theme/aster-vlogger.4.0.zip,"2025-04-18 04:25:15",https://wordpress.org/themes/aster-vlogger/,,7.2
bike-workshop,"Bike Workshop",1.1,1.0,https://downloads.wordpress.org/theme/bike-workshop.1.1.zip,"2025-04-18 04:25:54",https://wordpress.org/themes/bike-workshop/,,7.4
appointable,Appointable,12.6,12.5,https://downloads.wordpress.org/theme/appointable.12.6.zip,"2025-04-18 05:23:31",https://wordpress.org/themes/appointable/,4.7,5.6
arkbiz,ArkBiz,12.6,12.5,https://downloads.wordpress.org/theme/arkbiz.12.6.zip,"2025-04-18 05:23:08",https://wordpress.org/themes/arkbiz/,4.7,5.6
cartable,Cartable,12.6,12.5,https://downloads.wordpress.org/theme/cartable.12.6.zip,"2025-04-18 05:20:34",https://wordpress.org/themes/cartable/,4.7,5.6
digital-marketing-freelancer,"Digital Marketing Freelancer",1.3,1.2,https://downloads.wordpress.org/theme/digital-marketing-freelancer.1.3.zip,"2025-04-18 05:22:40",https://wordpress.org/themes/digital-marketing-freelancer/,,5.6
divine-word,"Divine Word",1.5,1.4,https://downloads.wordpress.org/theme/divine-word.1.5.zip,"2025-04-18 05:21:59",https://wordpress.org/themes/divine-word/,,5.6
exotic-plant-store,"Exotic Plant Store",1.4,1.3,https://downloads.wordpress.org/theme/exotic-plant-store.1.4.zip,"2025-04-18 05:23:10",https://wordpress.org/themes/exotic-plant-store/,,5.6
fitness-cardio,"Fitness Cardio",1.4,1.3,https://downloads.wordpress.org/theme/fitness-cardio.1.4.zip,"2025-04-18 05:23:39",https://wordpress.org/themes/fitness-cardio/,,5.6
fortify,Fortify,4.6,4.5,https://downloads.wordpress.org/theme/fortify.4.6.zip,"2025-04-18 05:22:19",https://wordpress.org/themes/fortify/,4.7,5.6
heropress,HeroPress,14.6,14.5,https://downloads.wordpress.org/theme/heropress.14.6.zip,"2025-04-18 05:21:48",https://wordpress.org/themes/heropress/,4.7,5.6
holy-word,"Holy Word",1.5,1.4,https://downloads.wordpress.org/theme/holy-word.1.5.zip,"2025-04-18 05:24:06",https://wordpress.org/themes/holy-word/,,5.6
hstore,hstore,12.6,12.5,https://downloads.wordpress.org/theme/hstore.12.6.zip,"2025-04-18 05:21:24",https://wordpress.org/themes/hstore/,4.7,5.6
ideate,Ideate,12.6,12.5,https://downloads.wordpress.org/theme/ideate.12.6.zip,"2025-04-18 05:20:04",https://wordpress.org/themes/ideate/,4.7,5.6
laxity,Laxity,12.6,12.5,https://downloads.wordpress.org/theme/laxity.12.6.zip,"2025-04-18 05:19:37",https://wordpress.org/themes/laxity/,4.7,5.6
magzee,MagZee,14.6,14.5,https://downloads.wordpress.org/theme/magzee.14.6.zip,"2025-04-18 05:17:16",https://wordpress.org/themes/magzee/,4.7,5.6
neek,Neek,12.6,12.5,https://downloads.wordpress.org/theme/neek.12.6.zip,"2025-04-18 05:21:03",https://wordpress.org/themes/neek/,4.7,5.6
newsmaster,NewsMaster,1.0.3,1.0.2,https://downloads.wordpress.org/theme/newsmaster.1.0.3.zip,"2025-04-18 05:15:41",https://wordpress.org/themes/newsmaster/,5.9,5.6
nifty-lite,"Nifty Lite",14.5,14.4,https://downloads.wordpress.org/theme/nifty-lite.14.5.zip,"2025-04-18 05:16:50",https://wordpress.org/themes/nifty-lite/,4.7,5.6
proficient,Proficient,14.5,14.4,https://downloads.wordpress.org/theme/proficient.14.5.zip,"2025-04-18 05:23:53",https://wordpress.org/themes/proficient/,4.7,5.6
residential-real-estate,"Residential Real Estate",1.2,1.1,https://downloads.wordpress.org/theme/residential-real-estate.1.2.zip,"2025-04-18 05:24:30",https://wordpress.org/themes/residential-real-estate/,,5.6
rockbiz,RockBiz,12.5,12.4,https://downloads.wordpress.org/theme/rockbiz.12.5.zip,"2025-04-18 05:16:31",https://wordpress.org/themes/rockbiz/,4.7,5.6
scelar,Scelar,12.5,12.4,https://downloads.wordpress.org/theme/scelar.12.5.zip,"2025-04-18 05:16:06",https://wordpress.org/themes/scelar/,4.7,5.6
soul-anchor,"Soul Anchor",1.5,1.4,https://downloads.wordpress.org/theme/soul-anchor.1.5.zip,"2025-04-18 05:24:52",https://wordpress.org/themes/soul-anchor/,,5.6
spyropress,SpyroPress,14.5,14.4,https://downloads.wordpress.org/theme/spyropress.14.5.zip,"2025-04-18 05:15:52",https://wordpress.org/themes/spyropress/,4.7,5.6
travel-cart,"Travel Cart",1.4,1.3,https://downloads.wordpress.org/theme/travel-cart.1.4.zip,"2025-04-18 05:25:21",https://wordpress.org/themes/travel-cart/,,5.6
beauty-makeup-stylist,"Beauty Makeup Stylist",1.0.1,1.0.0,https://downloads.wordpress.org/theme/beauty-makeup-stylist.1.0.1.zip,"2025-04-18 06:18:07",https://wordpress.org/themes/beauty-makeup-stylist/,5.9,5.6
cafe-eatery,"Cafe Eatery",1.1.8,1.1.7,https://downloads.wordpress.org/theme/cafe-eatery.1.1.8.zip,"2025-04-18 06:18:16",https://wordpress.org/themes/cafe-eatery/,,5.6
cream-blog,"Cream Blog",2.1.7,2.1.6,https://downloads.wordpress.org/theme/cream-blog.2.1.7.zip,"2025-04-18 06:32:57",https://wordpress.org/themes/cream-blog/,5.0,7.0
cream-magazine,"Cream Magazine",2.1.10,2.1.9,https://downloads.wordpress.org/theme/cream-magazine.2.1.10.zip,"2025-04-18 06:32:15",https://wordpress.org/themes/cream-magazine/,5.0.0,5.6
fascinate,Fascinate,1.1.3,1.1.2,https://downloads.wordpress.org/theme/fascinate.1.1.3.zip,"2025-04-18 06:31:28",https://wordpress.org/themes/fascinate/,5.0,
fse-band-artist,"FSE Band Artist",1.0.2,1.0.1,https://downloads.wordpress.org/theme/fse-band-artist.1.0.2.zip,"2025-04-18 06:18:55",https://wordpress.org/themes/fse-band-artist/,5.9,5.6
fse-fashion-designer,"FSE Fashion Designer",1.1.5,1.1.4,https://downloads.wordpress.org/theme/fse-fashion-designer.1.1.5.zip,"2025-04-18 06:18:55",https://wordpress.org/themes/fse-fashion-designer/,,5.6
fse-photography,"FSE Photography",1.1.4,1.1.3,https://downloads.wordpress.org/theme/fse-photography.1.1.4.zip,"2025-04-18 06:19:31",https://wordpress.org/themes/fse-photography/,,5.6
fse-real-estate,"FSE Real Estate",1.1.7,1.1.6,https://downloads.wordpress.org/theme/fse-real-estate.1.1.7.zip,"2025-04-18 06:19:40",https://wordpress.org/themes/fse-real-estate/,5.9,5.6
fse-travel-agent,"FSE Travel Agent",1.1.5,1.1.4,https://downloads.wordpress.org/theme/fse-travel-agent.1.1.5.zip,"2025-04-18 06:26:30",https://wordpress.org/themes/fse-travel-agent/,5.9,5.6
orchid-store,"Orchid Store",1.5.11,1.5.10,https://downloads.wordpress.org/theme/orchid-store.1.5.11.zip,"2025-04-18 06:35:18",https://wordpress.org/themes/orchid-store/,6.4,7.4
pastry-shop,"Pastry Shop",1.0.1,0.9,https://downloads.wordpress.org/theme/pastry-shop.1.0.1.zip,"2025-04-18 05:37:18",https://wordpress.org/themes/pastry-shop/,5.6,7.2
poultry-farm,"Poultry Farm",1.0.1,0.9,https://downloads.wordpress.org/theme/poultry-farm.1.0.1.zip,"2025-04-18 05:37:26",https://wordpress.org/themes/poultry-farm/,5.6,7.2
resort-hotel-inn,"Resort Hotel Inn",3.0.5,3.0.4,https://downloads.wordpress.org/theme/resort-hotel-inn.3.0.5.zip,"2025-04-18 06:26:44",https://wordpress.org/themes/resort-hotel-inn/,5.9,5.6
royale-news,"Royale News",2.2.4,2.2.3,https://downloads.wordpress.org/theme/royale-news.2.2.4.zip,"2025-04-18 06:33:41",https://wordpress.org/themes/royale-news/,,7.0
unique-blogger,"Unique Blogger",1.0.4,1.0.3,https://downloads.wordpress.org/theme/unique-blogger.1.0.4.zip,"2025-04-18 05:37:40",https://wordpress.org/themes/unique-blogger/,5.6,7.2
unique-freelancer-portfolio,"Unique Freelancer Portfolio",1.0.3,1.0.2,https://downloads.wordpress.org/theme/unique-freelancer-portfolio.1.0.3.zip,"2025-04-18 05:37:52",https://wordpress.org/themes/unique-freelancer-portfolio/,5.6,7.2
unique-fun-center,"Unique Fun Center",1.0.4,1.0.3,https://downloads.wordpress.org/theme/unique-fun-center.1.0.4.zip,"2025-04-18 05:39:24",https://wordpress.org/themes/unique-fun-center/,5.6,7.2
unique-graphic-designer,"Unique Graphic Designer",1.0.9,1.0.8,https://downloads.wordpress.org/theme/unique-graphic-designer.1.0.9.zip,"2025-04-18 05:39:34",https://wordpress.org/themes/unique-graphic-designer/,5.6,7.2
amusement-park,"Amusement Park",2.0,1.9,https://downloads.wordpress.org/theme/amusement-park.2.0.zip,"2025-04-18 06:53:20",https://wordpress.org/themes/amusement-park/,5.0,5.6
carpenter-workshop,"Carpenter Workshop",2.3,2.2,https://downloads.wordpress.org/theme/carpenter-workshop.2.3.zip,"2025-04-18 06:49:52",https://wordpress.org/themes/carpenter-workshop/,5.0,5.6
church-services,"Church Services",2.0,1.9,https://downloads.wordpress.org/theme/church-services.2.0.zip,"2025-04-18 06:46:46",https://wordpress.org/themes/church-services/,5.0,5.6
e-storefront,"E Storefront",1.1,1.0,https://downloads.wordpress.org/theme/e-storefront.1.1.zip,"2025-04-18 07:19:48",https://wordpress.org/themes/e-storefront/,5.0,7.2
industrial-hub,"Industrial Hub",0.3,0.2,https://downloads.wordpress.org/theme/industrial-hub.0.3.zip,"2025-04-18 06:45:21",https://wordpress.org/themes/industrial-hub/,5.0,5.6
jot-shop,"Jot Shop",2.0.8,2.0.7,https://downloads.wordpress.org/theme/jot-shop.2.0.8.zip,"2025-04-18 07:20:14",https://wordpress.org/themes/jot-shop/,5.5,5.5
legacy-medical-appointment,"Legacy Medical Appointment",1.8,1.7,https://downloads.wordpress.org/theme/legacy-medical-appointment.1.8.zip,"2025-04-18 07:12:22",https://wordpress.org/themes/legacy-medical-appointment/,5.5,5.6
m-shop,"M Shop",1.3.3,1.3.1,https://downloads.wordpress.org/theme/m-shop.1.3.3.zip,"2025-04-18 07:16:54",https://wordpress.org/themes/m-shop/,5.5,5.5
open-mart,"Open Mart",1.3.4,1.3.2,https://downloads.wordpress.org/theme/open-mart.1.3.4.zip,"2025-04-18 07:12:11",https://wordpress.org/themes/open-mart/,5.0,5.6
quantic,Quantic,1.7,1.6,https://downloads.wordpress.org/theme/quantic.1.7.zip,"2025-04-18 07:13:31",https://wordpress.org/themes/quantic/,5.5,5.6
restaurant-fast-food,"Restaurant Fast Food",2.7,2.6,https://downloads.wordpress.org/theme/restaurant-fast-food.2.7.zip,"2025-04-18 06:44:33",https://wordpress.org/themes/restaurant-fast-food/,5.0,5.6
royal-shop,"Royal Shop",1.1.3,1.1.2,https://downloads.wordpress.org/theme/royal-shop.1.1.3.zip,"2025-04-18 07:14:23",https://wordpress.org/themes/royal-shop/,5.0,5.5
scholarsgate,ScholarsGate,1.6,1.5,https://downloads.wordpress.org/theme/scholarsgate.1.6.zip,"2025-04-18 07:13:48",https://wordpress.org/themes/scholarsgate/,5.5,5.6
square,Square,2.0.58,2.0.57,https://downloads.wordpress.org/theme/square.2.0.58.zip,"2025-04-18 07:04:40",https://wordpress.org/themes/square/,,7.4
technical-blogging,"Technical Blogging",1.7,1.6,https://downloads.wordpress.org/theme/technical-blogging.1.7.zip,"2025-04-18 07:14:10",https://wordpress.org/themes/technical-blogging/,5.5,5.6
ticket-booking,"Ticket Booking",1.5,1.4,https://downloads.wordpress.org/theme/ticket-booking.1.5.zip,"2025-04-18 07:14:23",https://wordpress.org/themes/ticket-booking/,5.5,5.6
total,Total,2.1.89,2.1.88,https://downloads.wordpress.org/theme/total.2.1.89.zip,"2025-04-18 06:56:38",https://wordpress.org/themes/total/,,7.4
travel-influencer-blogs,"Travel Influencer Blogs",1.1,1.0,https://downloads.wordpress.org/theme/travel-influencer-blogs.1.1.zip,"2025-04-18 07:21:48",https://wordpress.org/themes/travel-influencer-blogs/,6.1,7.2
viral,Viral,1.8.52,1.8.51,https://downloads.wordpress.org/theme/viral.1.8.52.zip,"2025-04-18 07:28:04",https://wordpress.org/themes/viral/,,7.4
car-booking,"Car Booking",1.0.1,1.0.0,https://downloads.wordpress.org/theme/car-booking.1.0.1.zip,"2025-04-18 07:34:46",https://wordpress.org/themes/car-booking/,5.3,5.6
estore-woocommerce,"Estore Woocommerce",1.4.5,1.4.4,https://downloads.wordpress.org/theme/estore-woocommerce.1.4.5.zip,"2025-04-18 07:52:25",https://wordpress.org/themes/estore-woocommerce/,5.0,7.2
food-recipe-blog,"Food Recipe Blog",2.8.4,2.8.3,https://downloads.wordpress.org/theme/food-recipe-blog.2.8.4.zip,"2025-04-18 07:52:46",https://wordpress.org/themes/food-recipe-blog/,5.0,7.2
grocery-supermarket,"Grocery Supermarket",1.4.4,1.4.3,https://downloads.wordpress.org/theme/grocery-supermarket.1.4.4.zip,"2025-04-18 07:53:07",https://wordpress.org/themes/grocery-supermarket/,5.0,7.2
hashone,HashOne,1.3.7,1.3.6,https://downloads.wordpress.org/theme/hashone.1.3.7.zip,"2025-04-18 07:58:14",https://wordpress.org/themes/hashone/,,7.4
magazine-express,"Magazine Express",4.3.5,4.3.4,https://downloads.wordpress.org/theme/magazine-express.4.3.5.zip,"2025-04-18 07:53:16",https://wordpress.org/themes/magazine-express/,5.0,7.2
medical-appointment,"Medical Appointment",1.4.4,1.4.3,https://downloads.wordpress.org/theme/medical-appointment.1.4.4.zip,"2025-04-18 07:53:33",https://wordpress.org/themes/medical-appointment/,5.0,7.2
truthmag,TruthMag,1.0.2,1.0.1,https://downloads.wordpress.org/theme/truthmag.1.0.2.zip,"2025-04-18 07:37:59",https://wordpress.org/themes/truthmag/,5.9,5.6
viral-mag,"Viral Mag",2.0.53,2.0.52,https://downloads.wordpress.org/theme/viral-mag.2.0.53.zip,"2025-04-18 07:49:33",https://wordpress.org/themes/viral-mag/,,7.4
viral-news,"Viral News",2.01,2.0,https://downloads.wordpress.org/theme/viral-news.2.01.zip,"2025-04-18 07:43:27",https://wordpress.org/themes/viral-news/,,7.4
aasta,Aasta,12.1,12.0,https://downloads.wordpress.org/theme/aasta.12.1.zip,"2025-04-18 09:24:28",https://wordpress.org/themes/aasta/,,5.6
arilewp,ArileWP,3.13.7,3.13.6,https://downloads.wordpress.org/theme/arilewp.3.13.7.zip,"2025-04-18 09:25:26",https://wordpress.org/themes/arilewp/,,5.6
consultstreet,ConsultStreet,2.9.5,2.9.4,https://downloads.wordpress.org/theme/consultstreet.2.9.5.zip,"2025-04-18 09:26:05",https://wordpress.org/themes/consultstreet/,,5.6
designexo,Designexo,17.6,17.5,https://downloads.wordpress.org/theme/designexo.17.6.zip,"2025-04-18 09:26:39",https://wordpress.org/themes/designexo/,,5.6
ac-care,"AC Care",2.1.1,2.1,https://downloads.wordpress.org/theme/ac-care.2.1.1.zip,"2025-04-18 09:46:47",https://wordpress.org/themes/ac-care/,5.0,7.2
manufacturing-industry,"Manufacturing Industry",2.6,2.5,https://downloads.wordpress.org/theme/manufacturing-industry.2.6.zip,"2025-04-18 09:45:32",https://wordpress.org/themes/manufacturing-industry/,5.0,7.2
steps-dance-academy,"Steps Dance Academy",2.2.1,2.2,https://downloads.wordpress.org/theme/steps-dance-academy.2.2.1.zip,"2025-04-18 09:47:59",https://wordpress.org/themes/steps-dance-academy/,5.0,7.2
wedding-hall,"Wedding Hall",0.3.3,0.3.2,https://downloads.wordpress.org/theme/wedding-hall.0.3.3.zip,"2025-04-18 09:47:13",https://wordpress.org/themes/wedding-hall/,5.0,7.2
bosa-online-marketing,"Bosa Online Marketing",1.0.0,,https://downloads.wordpress.org/theme/bosa-online-marketing.1.0.0.zip,"2025-04-18 10:16:03",https://wordpress.org/themes/bosa-online-marketing/,,5.6
dance-master,"Dance Master",0.2.8,0.2.7,https://downloads.wordpress.org/theme/dance-master.0.2.8.zip,"2025-04-18 11:00:34",https://wordpress.org/themes/dance-master/,,5.6
pet-food-shop,"Pet Food Shop",0.2.6,0.2.5,https://downloads.wordpress.org/theme/pet-food-shop.0.2.6.zip,"2025-04-18 11:01:12",https://wordpress.org/themes/pet-food-shop/,,5.6
automobile-repair-blocks,"Automobile Repair Blocks",2.5,2.4,https://downloads.wordpress.org/theme/automobile-repair-blocks.2.5.zip,"2025-04-18 11:30:03",https://wordpress.org/themes/automobile-repair-blocks/,6.1,5.6
designer-dresses,"Designer Dresses",1.6,1.5,https://downloads.wordpress.org/theme/designer-dresses.1.6.zip,"2025-04-18 12:18:41",https://wordpress.org/themes/designer-dresses/,,7.0
house-rental,"House Rental",1.4,1.3,https://downloads.wordpress.org/theme/house-rental.1.4.zip,"2025-04-18 12:18:55",https://wordpress.org/themes/house-rental/,,7.0
mobile-repair-shop,"Mobile Repair Shop",2.1.3,2.1.2,https://downloads.wordpress.org/theme/mobile-repair-shop.2.1.3.zip,"2025-04-18 11:59:29",https://wordpress.org/themes/mobile-repair-shop/,5.0,7.2
online-magazine,"Online Magazine",1.3,1.2,https://downloads.wordpress.org/theme/online-magazine.1.3.zip,"2025-04-18 11:31:01",https://wordpress.org/themes/online-magazine/,6.1,5.6
ott-tv-shows,"OTT TV Shows",1.6,1.5,https://downloads.wordpress.org/theme/ott-tv-shows.1.6.zip,"2025-04-18 12:19:20",https://wordpress.org/themes/ott-tv-shows/,,7.0
ovation-spa-blocks,"Ovation Spa Blocks",2.5,2.4,https://downloads.wordpress.org/theme/ovation-spa-blocks.2.5.zip,"2025-04-18 11:31:37",https://wordpress.org/themes/ovation-spa-blocks/,6.1,5.6
packers-agency,"Packers Agency",1.4,1.3,https://downloads.wordpress.org/theme/packers-agency.1.4.zip,"2025-04-18 12:19:36",https://wordpress.org/themes/packers-agency/,,7.0
prime-cyber-security,"Prime Cyber Security",1.2,1.1,https://downloads.wordpress.org/theme/prime-cyber-security.1.2.zip,"2025-04-18 12:20:06",https://wordpress.org/themes/prime-cyber-security/,,7.0
prime-ecommerce-shop,"Prime Ecommerce Shop",1.9,1.8,https://downloads.wordpress.org/theme/prime-ecommerce-shop.1.9.zip,"2025-04-18 12:19:50",https://wordpress.org/themes/prime-ecommerce-shop/,,7.0
prime-education-learning,"Prime Education Learning",1.7,1.6,https://downloads.wordpress.org/theme/prime-education-learning.1.7.zip,"2025-04-18 12:20:23",https://wordpress.org/themes/prime-education-learning/,,7.0
prime-english-classes,"Prime English Classes",1.6,1.5,https://downloads.wordpress.org/theme/prime-english-classes.1.6.zip,"2025-04-18 12:20:31",https://wordpress.org/themes/prime-english-classes/,,7.0
prime-events,"Prime Events",1.7,1.6,https://downloads.wordpress.org/theme/prime-events.1.7.zip,"2025-04-18 12:20:47",https://wordpress.org/themes/prime-events/,,7.0
prime-fashion-magazine,"Prime Fashion Magazine",1.5,1.4,https://downloads.wordpress.org/theme/prime-fashion-magazine.1.5.zip,"2025-04-18 12:21:16",https://wordpress.org/themes/prime-fashion-magazine/,,7.0
prime-tutor-academy,"Prime Tutor Academy",1.2,1.1,https://downloads.wordpress.org/theme/prime-tutor-academy.1.2.zip,"2025-04-18 12:21:22",https://wordpress.org/themes/prime-tutor-academy/,,7.0
print-shop,"Print Shop",0.3.3,0.3.2,https://downloads.wordpress.org/theme/print-shop.0.3.3.zip,"2025-04-18 11:59:52",https://wordpress.org/themes/print-shop/,5.0,7.2
recipe-blogs,"Recipe Blogs",1.4,1.3,https://downloads.wordpress.org/theme/recipe-blogs.1.4.zip,"2025-04-18 11:32:13",https://wordpress.org/themes/recipe-blogs/,6.1,5.6
restaurant-chef,"Restaurant Chef",2.6,2.5,https://downloads.wordpress.org/theme/restaurant-chef.2.6.zip,"2025-04-18 11:32:17",https://wordpress.org/themes/restaurant-chef/,6.1,5.6
seo-consultant,"SEO Consultant",1.3,1.2,https://downloads.wordpress.org/theme/seo-consultant.1.3.zip,"2025-04-18 12:21:29",https://wordpress.org/themes/seo-consultant/,,7.0
simplenet,Simplenet,1.3,1.2,https://downloads.wordpress.org/theme/simplenet.1.3.zip,"2025-04-18 12:21:23",https://wordpress.org/themes/simplenet/,,7.0
soccer-academy,"Soccer Academy",3.0,2.9,https://downloads.wordpress.org/theme/soccer-academy.3.0.zip,"2025-04-18 11:32:55",https://wordpress.org/themes/soccer-academy/,5.0,5.6
trekking-blocks,"Trekking Blocks",2.8,2.7,https://downloads.wordpress.org/theme/trekking-blocks.2.8.zip,"2025-04-18 11:32:55",https://wordpress.org/themes/trekking-blocks/,6.1,5.6
ampark,Ampark,12.8,12.7,https://downloads.wordpress.org/theme/ampark.12.8.zip,"2025-04-18 13:17:23",https://wordpress.org/themes/ampark/,4.7,5.6
arowana,Arowana,13.9,13.8,https://downloads.wordpress.org/theme/arowana.13.9.zip,"2025-04-18 13:17:43",https://wordpress.org/themes/arowana/,4.7,5.6
avail,Avail,12.8,12.7,https://downloads.wordpress.org/theme/avail.12.8.zip,"2025-04-18 13:22:03",https://wordpress.org/themes/avail/,4.7,5.6
aviser,Aviser,12.8,12.7,https://downloads.wordpress.org/theme/aviser.12.8.zip,"2025-04-18 13:09:08",https://wordpress.org/themes/aviser/,4.7,5.6
axtia,Axtia,12.8,12.7,https://downloads.wordpress.org/theme/axtia.12.8.zip,"2025-04-18 13:21:21",https://wordpress.org/themes/axtia/,4.7,5.6
cardiopress,CardioPress,5.3,5.2,https://downloads.wordpress.org/theme/cardiopress.5.3.zip,"2025-04-18 13:07:04",https://wordpress.org/themes/cardiopress/,4.7,5.6
comoxa,Comoxa,12.8,12.7,https://downloads.wordpress.org/theme/comoxa.12.8.zip,"2025-04-18 13:03:51",https://wordpress.org/themes/comoxa/,4.7,5.6
eventpress,EventPress,15.4,15.3,https://downloads.wordpress.org/theme/eventpress.15.4.zip,"2025-04-18 13:20:01",https://wordpress.org/themes/eventpress/,4.7,5.6
evion,Evion,3.4,3.3,https://downloads.wordpress.org/theme/evion.3.4.zip,"2025-04-18 13:03:08",https://wordpress.org/themes/evion/,4.7,5.6
magfusion,MagFusion,1.0.4,1.0.3,https://downloads.wordpress.org/theme/magfusion.1.0.4.zip,"2025-04-18 13:31:58",https://wordpress.org/themes/magfusion/,5.9,5.6
shadiant,Shadiant,1.7,1.6,https://downloads.wordpress.org/theme/shadiant.1.7.zip,"2025-04-18 13:28:49",https://wordpress.org/themes/shadiant/,4.7,5.6
artist-portfolio,"Artist Portfolio",0.6.9,0.6.8,https://downloads.wordpress.org/theme/artist-portfolio.0.6.9.zip,"2025-04-18 14:05:55",https://wordpress.org/themes/artist-portfolio/,5.0,7.2
bb-ecommerce-store,"BB Ecommerce Store",2.3.9,2.3.8,https://downloads.wordpress.org/theme/bb-ecommerce-store.2.3.9.zip,"2025-04-18 14:12:36",https://wordpress.org/themes/bb-ecommerce-store/,5.0,7.2
bb-mobile-application,"BB Mobile Application",2.0.8,2.0.7,https://downloads.wordpress.org/theme/bb-mobile-application.2.0.8.zip,"2025-04-18 14:12:36",https://wordpress.org/themes/bb-mobile-application/,5.0,7.2
bb-wedding-bliss,"BB Wedding Bliss",2.0.2,2.0.1,https://downloads.wordpress.org/theme/bb-wedding-bliss.2.0.2.zip,"2025-04-18 14:12:44",https://wordpress.org/themes/bb-wedding-bliss/,5.0,7.2
colorflow,ColorFlow,2.2,2.1,https://downloads.wordpress.org/theme/colorflow.2.2.zip,"2025-04-18 13:39:36",https://wordpress.org/themes/colorflow/,4.7,5.6
coupons-deals,"Coupons Deals",0.7.9,0.7.8,https://downloads.wordpress.org/theme/coupons-deals.0.7.9.zip,"2025-04-18 14:06:17",https://wordpress.org/themes/coupons-deals/,5.0,7.2
dropshipping-store,"Dropshipping Store",0.8.7,0.8.6,https://downloads.wordpress.org/theme/dropshipping-store.0.8.7.zip,"2025-04-18 14:06:23",https://wordpress.org/themes/dropshipping-store/,5.0,7.2
e-commerce-shop,"E-commerce Shop",6.2.6,6.2.5,https://downloads.wordpress.org/theme/e-commerce-shop.6.2.6.zip,"2025-04-18 14:13:00",https://wordpress.org/themes/e-commerce-shop/,5.0,7.2
event-management,"Event Management",0.7.7,0.7.6,https://downloads.wordpress.org/theme/event-management.0.7.7.zip,"2025-04-18 14:06:36",https://wordpress.org/themes/event-management/,5.0,7.2
freelancer-services,"Freelancer Services",0.8.5,0.8.4,https://downloads.wordpress.org/theme/freelancer-services.0.8.5.zip,"2025-04-18 14:00:22",https://wordpress.org/themes/freelancer-services/,5.0,7.2
gradiantx,GradiantX,2.1,2.0,https://downloads.wordpress.org/theme/gradiantx.2.1.zip,"2025-04-18 13:39:18",https://wordpress.org/themes/gradiantx/,4.7,5.6
gym-training-coach,"Gym Training Coach",0.6.3,0.6.2,https://downloads.wordpress.org/theme/gym-training-coach.0.6.3.zip,"2025-04-18 14:07:27",https://wordpress.org/themes/gym-training-coach/,5.0,7.2
nexcraft-bpo,"Nexcraft BPO",3.8,3.7,https://downloads.wordpress.org/theme/nexcraft-bpo.3.8.zip,"2025-04-18 13:34:22",https://wordpress.org/themes/nexcraft-bpo/,,5.6
nexcraft,NexCraft,5.8,5.7,https://downloads.wordpress.org/theme/nexcraft.5.8.zip,"2025-04-18 13:36:44",https://wordpress.org/themes/nexcraft/,4.7,5.6
paw-bazaar,"Paw Bazaar",2.3,2.2,https://downloads.wordpress.org/theme/paw-bazaar.2.3.zip,"2025-04-18 14:19:19",https://wordpress.org/themes/paw-bazaar/,,5.6
pet-bazaar,"Pet Bazaar",3.0,2.9,https://downloads.wordpress.org/theme/pet-bazaar.3.0.zip,"2025-04-18 14:24:40",https://wordpress.org/themes/pet-bazaar/,4.7,5.6
pet-store,"Pet Store",1.9,1.8,https://downloads.wordpress.org/theme/pet-store.1.9.zip,"2025-04-18 14:19:37",https://wordpress.org/themes/pet-store/,,5.6
ts-mobile-app,"TS Mobile App",0.7.3,0.7.2,https://downloads.wordpress.org/theme/ts-mobile-app.0.7.3.zip,"2025-04-18 14:13:03",https://wordpress.org/themes/ts-mobile-app/,5.0,7.2
vw-dark,"VW Dark",0.7.8,0.7.7,https://downloads.wordpress.org/theme/vw-dark.0.7.8.zip,"2025-04-18 14:00:39",https://wordpress.org/themes/vw-dark/,5.0,7.2
vw-ecommerce-store,"VW Ecommerce Store",1.4.2,1.4.1,https://downloads.wordpress.org/theme/vw-ecommerce-store.1.4.2.zip,"2025-04-18 14:00:50",https://wordpress.org/themes/vw-ecommerce-store/,5.0,7.2
vw-event-planner,"VW Event Planner",1.3.3,1.3.2,https://downloads.wordpress.org/theme/vw-event-planner.1.3.3.zip,"2025-04-18 14:00:52",https://wordpress.org/themes/vw-event-planner/,5.0,7.2
vw-kids-store,"VW Kids Store",1.8.1,1.8,https://downloads.wordpress.org/theme/vw-kids-store.1.8.1.zip,"2025-04-18 14:01:45",https://wordpress.org/themes/vw-kids-store/,5.0,7.2
vw-kids,"VW Kids",1.5.1,1.5,https://downloads.wordpress.org/theme/vw-kids.1.5.1.zip,"2025-04-18 14:00:58",https://wordpress.org/themes/vw-kids/,5.0,7.2
vw-kindergarten,"VW Kindergarten",0.8.9,0.8.8,https://downloads.wordpress.org/theme/vw-kindergarten.0.8.9.zip,"2025-04-18 14:01:54",https://wordpress.org/themes/vw-kindergarten/,5.0,7.2
vw-landing-page,"VW Landing Page",1.3.2,1.3.1,https://downloads.wordpress.org/theme/vw-landing-page.1.3.2.zip,"2025-04-18 14:02:10",https://wordpress.org/themes/vw-landing-page/,5.0,7.2
web-designer,"Web Designer",0.7.4,0.7.3,https://downloads.wordpress.org/theme/web-designer.0.7.4.zip,"2025-04-18 14:00:04",https://wordpress.org/themes/web-designer/,5.0,7.2
wecodeart,WeCodeArt,6.6.7,6.6.6,https://downloads.wordpress.org/theme/wecodeart.6.6.7.zip,"2025-04-18 16:23:12",https://wordpress.org/themes/wecodeart/,6.5,7.4
greenshift,Greenshift,2.6.3,2.6.2,https://downloads.wordpress.org/theme/greenshift.2.6.3.zip,"2025-04-18 17:05:44",https://wordpress.org/themes/greenshift/,6.7,
magnine,MagNine,1.0.4,1.0.3,https://downloads.wordpress.org/theme/magnine.1.0.4.zip,"2025-04-18 17:09:35",https://wordpress.org/themes/magnine/,5.9,5.6
amberd-online-store,"AmBerd - Online Store",2.2.5,2.2.4,https://downloads.wordpress.org/theme/amberd-online-store.2.2.5.zip,"2025-04-18 18:19:27",https://wordpress.org/themes/amberd-online-store/,5.1,5.6
awardify,Awardify,1.6,1.5,https://downloads.wordpress.org/theme/awardify.1.6.zip,"2025-04-18 18:12:34",https://wordpress.org/themes/awardify/,6.1,5.6
bakery-and-pastry,"Bakery and Pastry",1.2,1.0,https://downloads.wordpress.org/theme/bakery-and-pastry.1.2.zip,"2025-04-18 18:13:45",https://wordpress.org/themes/bakery-and-pastry/,6.1,5.6
creativity-hub,"Creativity Hub",2.2,2.1,https://downloads.wordpress.org/theme/creativity-hub.2.2.zip,"2025-04-18 18:14:54",https://wordpress.org/themes/creativity-hub/,6.1,5.6
ecommerce-modern-store,"Ecommerce Modern Store",2.6.4,2.6.3,https://downloads.wordpress.org/theme/ecommerce-modern-store.2.6.4.zip,"2025-04-18 18:20:29",https://wordpress.org/themes/ecommerce-modern-store/,5.1,5.6
idea-flow,"Idea Flow",2.0,1.8,https://downloads.wordpress.org/theme/idea-flow.2.0.zip,"2025-04-18 18:16:23",https://wordpress.org/themes/idea-flow/,6.0,5.9
link-folio,"Link Folio",3.6,3.5,https://downloads.wordpress.org/theme/link-folio.3.6.zip,"2025-04-18 18:18:03",https://wordpress.org/themes/link-folio/,6.1,5.6
minimalistix,Minimalistix,3.8,3.7,https://downloads.wordpress.org/theme/minimalistix.3.8.zip,"2025-04-18 18:32:46",https://wordpress.org/themes/minimalistix/,6.1,5.6
newslink-magazine,"Newslink Magazine",2.5,2.4,https://downloads.wordpress.org/theme/newslink-magazine.2.5.zip,"2025-04-18 18:21:12",https://wordpress.org/themes/newslink-magazine/,6.1,5.6
newspaper-builder,"Newspaper Builder",2.8,2.7,https://downloads.wordpress.org/theme/newspaper-builder.2.8.zip,"2025-04-18 18:22:29",https://wordpress.org/themes/newspaper-builder/,6.1,5.3
ruby-ecommerce,"Ruby Ecommerce",2.5,2.4,https://downloads.wordpress.org/theme/ruby-ecommerce.2.5.zip,"2025-04-18 18:34:25",https://wordpress.org/themes/ruby-ecommerce/,6.1,5.6
simple-nova,"Simple Nova",3.0,2.6,https://downloads.wordpress.org/theme/simple-nova.3.0.zip,"2025-04-18 17:48:13",https://wordpress.org/themes/simple-nova/,6.1,5.6
sonoran,Sonoran,5.1,5.0,https://downloads.wordpress.org/theme/sonoran.5.1.zip,"2025-04-18 18:35:55",https://wordpress.org/themes/sonoran/,6.1,5.6
tradecraft,TradeCraft,1.1,1.0,https://downloads.wordpress.org/theme/tradecraft.1.1.zip,"2025-04-18 18:25:04",https://wordpress.org/themes/tradecraft/,6.0,5.3
wordcraft-x,"WordCraft X",2.1,2.0,https://downloads.wordpress.org/theme/wordcraft-x.2.1.zip,"2025-04-18 18:37:05",https://wordpress.org/themes/wordcraft-x/,6.1,5.3
amstore,AmStore,1.0.8,1.0.7,https://downloads.wordpress.org/theme/amstore.1.0.8.zip,"2025-04-18 18:53:50",https://wordpress.org/themes/amstore/,5.1,5.6
astrostar,AstroStar,1.0.6,1.0.5,https://downloads.wordpress.org/theme/astrostar.1.0.6.zip,"2025-04-18 18:54:40",https://wordpress.org/themes/astrostar/,5.1,5.6
hotel-booking-wda,"Hotel Booking WDA",1.0.3,1.0.2,https://downloads.wordpress.org/theme/hotel-booking-wda.1.0.3.zip,"2025-04-18 18:55:31",https://wordpress.org/themes/hotel-booking-wda/,5.1,5.6
jewstore,JewStore,1.2.9,1.2.8,https://downloads.wordpress.org/theme/jewstore.1.2.9.zip,"2025-04-18 18:56:14",https://wordpress.org/themes/jewstore/,5.1,5.6
megastore-wda,"MegaStore WDA",1.1.1,1.1.0,https://downloads.wordpress.org/theme/megastore-wda.1.1.1.zip,"2025-04-18 18:56:55",https://wordpress.org/themes/megastore-wda/,5.1,5.6
minimalistix-newspaper,"Minimalistix Newspaper",1.6,1.5,https://downloads.wordpress.org/theme/minimalistix-newspaper.1.6.zip,"2025-04-18 18:40:41",https://wordpress.org/themes/minimalistix-newspaper/,6.1,5.6
mirror-magazine,"Mirror Magazine",1.6,1.5,https://downloads.wordpress.org/theme/mirror-magazine.1.6.zip,"2025-04-18 18:45:48",https://wordpress.org/themes/mirror-magazine/,6.0,5.6
the-free-blogger,"The Free Blogger",1.4,1.3,https://downloads.wordpress.org/theme/the-free-blogger.1.4.zip,"2025-04-18 18:42:50",https://wordpress.org/themes/the-free-blogger/,6.1,5.6
the-minimal-blogger,"The Minimal Blogger",1.4,1.3,https://downloads.wordpress.org/theme/the-minimal-blogger.1.4.zip,"2025-04-18 18:39:08",https://wordpress.org/themes/the-minimal-blogger/,6.1,5.6
tistore,TiStore,1.1.1,1.1.0,https://downloads.wordpress.org/theme/tistore.1.1.1.zip,"2025-04-18 18:57:38",https://wordpress.org/themes/tistore/,5.1,5.6
zooey,Zooey,1.2.1,1.2.0,https://downloads.wordpress.org/theme/zooey.1.2.1.zip,"2025-04-18 18:50:59",https://wordpress.org/themes/zooey/,6.4,7.0
cake-shop,"Cake Shop",2.3.2,2.3.1,https://downloads.wordpress.org/theme/cake-shop.2.3.2.zip,"2025-04-18 19:41:35",https://wordpress.org/themes/cake-shop/,5.1,5.6
clothing,Clothing,2.3.2,2.3.1,https://downloads.wordpress.org/theme/clothing.2.3.2.zip,"2025-04-18 19:42:14",https://wordpress.org/themes/clothing/,5.1,5.6
fashion-shop,"Fashion Shop",2.2.2,2.2.1,https://downloads.wordpress.org/theme/fashion-shop.2.2.2.zip,"2025-04-18 19:42:58",https://wordpress.org/themes/fashion-shop/,5.1,5.6
flower-shop-florist,"Flower Shop: Florist",2.3.2,2.3.1,https://downloads.wordpress.org/theme/flower-shop-florist.2.3.2.zip,"2025-04-18 19:43:42",https://wordpress.org/themes/flower-shop-florist/,5.1,5.6
wedding-photography,"Wedding Photography",2.4.2,2.4.1,https://downloads.wordpress.org/theme/wedding-photography.2.4.2.zip,"2025-04-18 19:44:17",https://wordpress.org/themes/wedding-photography/,5.1,5.6
wedding-planner-event-management,"Wedding Planner: Event Management",2.2.2,2.2.1,https://downloads.wordpress.org/theme/wedding-planner-event-management.2.2.2.zip,"2025-04-18 19:44:48",https://wordpress.org/themes/wedding-planner-event-management/,5.1,5.6
flat-blocks-classic,"Flat Blocks Classic",2.0.3,2.0.2,https://downloads.wordpress.org/theme/flat-blocks-classic.2.0.3.zip,"2025-04-19 00:13:35",https://wordpress.org/themes/flat-blocks-classic/,6.7,7.4
flat-blocks,"Flat Blocks",2.0.3,2.0.2,https://downloads.wordpress.org/theme/flat-blocks.2.0.3.zip,"2025-04-19 00:12:06",https://wordpress.org/themes/flat-blocks/,6.7,7.4
online-pharmacy,"Online Pharmacy",5.3,5.2,https://downloads.wordpress.org/theme/online-pharmacy.5.3.zip,"2025-04-19 03:39:52",https://wordpress.org/themes/online-pharmacy/,5.0.1,5.6
green-agro-landscaping,"Green Agro Landscaping",1.4,1.3,https://downloads.wordpress.org/theme/green-agro-landscaping.1.4.zip,"2025-04-19 03:44:39",https://wordpress.org/themes/green-agro-landscaping/,5.0,5.6
health-care-hospital,"Health Care Hospital",4.3,4.2,https://downloads.wordpress.org/theme/health-care-hospital.4.3.zip,"2025-04-19 03:43:31",https://wordpress.org/themes/health-care-hospital/,5.0,5.6
healthcare-medicine,"Healthcare Medicine",4.0,3.9,https://downloads.wordpress.org/theme/healthcare-medicine.4.0.zip,"2025-04-19 03:42:16",https://wordpress.org/themes/healthcare-medicine/,5.0,5.6
laboratory-pharmacy-store,"Laboratory Pharmacy Store",4.3,4.2,https://downloads.wordpress.org/theme/laboratory-pharmacy-store.4.3.zip,"2025-04-19 03:41:43",https://wordpress.org/themes/laboratory-pharmacy-store/,5.0,5.6
medical-medicare,"Medical Medicare",4.0,3.9,https://downloads.wordpress.org/theme/medical-medicare.4.0.zip,"2025-04-19 03:41:13",https://wordpress.org/themes/medical-medicare/,5.0,5.6
ngo-organization,"NGO Organization",1.4,1.3,https://downloads.wordpress.org/theme/ngo-organization.1.4.zip,"2025-04-19 03:40:39",https://wordpress.org/themes/ngo-organization/,5.0,5.6
shopping-cart-woocommerce,"Shopping Cart Woocommerce",3.9,3.8,https://downloads.wordpress.org/theme/shopping-cart-woocommerce.3.9.zip,"2025-04-19 04:15:12",https://wordpress.org/themes/shopping-cart-woocommerce/,5.0,5.6
spa-salon-center,"Spa Salon Center",2.8,2.7,https://downloads.wordpress.org/theme/spa-salon-center.2.8.zip,"2025-04-19 04:14:11",https://wordpress.org/themes/spa-salon-center/,5.0,5.6
blogbull,BlogBull,1.0.4,1.0.3,https://downloads.wordpress.org/theme/blogbull.1.0.4.zip,"2025-04-19 05:10:49",https://wordpress.org/themes/blogbull/,5.9,5.6
fse-meta,"FSE Meta",1.3,1.2,https://downloads.wordpress.org/theme/fse-meta.1.3.zip,"2025-04-19 05:30:13",https://wordpress.org/themes/fse-meta/,,7.4
zita,Zita,1.6.5,1.6.4,https://downloads.wordpress.org/theme/zita.1.6.5.zip,"2025-04-19 05:21:54",https://wordpress.org/themes/zita/,5.0,5.5
bizfse,Bizfse,1.7,1.6,https://downloads.wordpress.org/theme/bizfse.1.7.zip,"2025-04-19 05:38:07",https://wordpress.org/themes/bizfse/,6.0,5.6
inkstory,Inkstory,1.7,1.6,https://downloads.wordpress.org/theme/inkstory.1.7.zip,"2025-04-19 06:39:33",https://wordpress.org/themes/inkstory/,,7.4
logicloom,Logicloom,1.4,1.3,https://downloads.wordpress.org/theme/logicloom.1.4.zip,"2025-04-19 07:14:34",https://wordpress.org/themes/logicloom/,6.0,7.0
sharkpulse,Sharkpulse,1.7,1.6,https://downloads.wordpress.org/theme/sharkpulse.1.7.zip,"2025-04-19 07:04:50",https://wordpress.org/themes/sharkpulse/,6.0,7.0
urbanpulse,Urbanpulse,1.4,1.3,https://downloads.wordpress.org/theme/urbanpulse.1.4.zip,"2025-04-19 06:51:17",https://wordpress.org/themes/urbanpulse/,6.4,7.0
call-center,"Call Center",0.2.6,0.2.5,https://downloads.wordpress.org/theme/call-center.0.2.6.zip,"2025-04-19 07:52:10",https://wordpress.org/themes/call-center/,,5.6
digital-marketing-agency,"Digital Marketing Agency",2.0.8,2.0.7,https://downloads.wordpress.org/theme/digital-marketing-agency.2.0.8.zip,"2025-04-19 07:53:37",https://wordpress.org/themes/digital-marketing-agency/,,7.2
pinnaclepost,Pinnaclepost,1.2,1.1,https://downloads.wordpress.org/theme/pinnaclepost.1.2.zip,"2025-04-19 07:26:21",https://wordpress.org/themes/pinnaclepost/,6.4,7.0
editorial-news-agency,"Editorial News Agency",0.3.5,0.3.4,https://downloads.wordpress.org/theme/editorial-news-agency.0.3.5.zip,"2025-04-19 09:11:14",https://wordpress.org/themes/editorial-news-agency/,5.0,5.6
elemento-business,"Elemento Business",0.5,0.4.9,https://downloads.wordpress.org/theme/elemento-business.0.5.zip,"2025-04-19 09:11:50",https://wordpress.org/themes/elemento-business/,5.0,5.6
elemento-conference,"Elemento Conference",0.4.7,0.4.6,https://downloads.wordpress.org/theme/elemento-conference.0.4.7.zip,"2025-04-19 09:12:29",https://wordpress.org/themes/elemento-conference/,5.0,5.6
elemento-it-solutions,"Elemento IT Solutions",0.4.8,0.4.7,https://downloads.wordpress.org/theme/elemento-it-solutions.0.4.8.zip,"2025-04-19 09:29:51",https://wordpress.org/themes/elemento-it-solutions/,5.0,5.6
elemento-startup,"Elemento Startup",0.4.6,0.4.5,https://downloads.wordpress.org/theme/elemento-startup.0.4.6.zip,"2025-04-19 09:30:51",https://wordpress.org/themes/elemento-startup/,5.0,5.6
ev-bike-shop,"EV Bike Shop",0.3.3,0.3.2,https://downloads.wordpress.org/theme/ev-bike-shop.0.3.3.zip,"2025-04-19 09:36:17",https://wordpress.org/themes/ev-bike-shop/,5.0,5.6
industrial-services-elementor,"Industrial Services Elementor",0.4.4,0.4.3,https://downloads.wordpress.org/theme/industrial-services-elementor.0.4.4.zip,"2025-04-19 09:31:14",https://wordpress.org/themes/industrial-services-elementor/,5.0,5.6
photographer-elementor,"Photographer Elementor",0.4.4,0.4.3,https://downloads.wordpress.org/theme/photographer-elementor.0.4.4.zip,"2025-04-19 09:32:52",https://wordpress.org/themes/photographer-elementor/,5.0,5.6
plumbing-contractor,"Plumbing Contractor",0.4.4,0.4.3,https://downloads.wordpress.org/theme/plumbing-contractor.0.4.4.zip,"2025-04-19 09:29:08",https://wordpress.org/themes/plumbing-contractor/,5.0,5.6
aahana,Aahana,1.0.60,1.0.59,https://downloads.wordpress.org/theme/aahana.1.0.60.zip,"2025-04-19 12:01:22",https://wordpress.org/themes/aahana/,4.7,5.6
app-development-company,"App Development Company",1.2.1,1.2,https://downloads.wordpress.org/theme/app-development-company.1.2.1.zip,"2025-04-19 12:11:03",https://wordpress.org/themes/app-development-company/,6.0,7.2
architect-construction,"Architect Construction",1.2.1,1.2,https://downloads.wordpress.org/theme/architect-construction.1.2.1.zip,"2025-04-19 12:12:05",https://wordpress.org/themes/architect-construction/,6.0,7.2
arvana,Arvana,1.0.83,1.0.82,https://downloads.wordpress.org/theme/arvana.1.0.83.zip,"2025-04-19 12:00:20",https://wordpress.org/themes/arvana/,4.7,5.6
arvita,Arvita,1.0.8,1.0.7,https://downloads.wordpress.org/theme/arvita.1.0.8.zip,"2025-04-19 12:02:21",https://wordpress.org/themes/arvita/,4.7,5.6
auru,Auru,1.0.80,1.0.79,https://downloads.wordpress.org/theme/auru.1.0.80.zip,"2025-04-19 12:00:50",https://wordpress.org/themes/auru/,4.7,5.6
celexo,Celexo,1.1.26,1.1.25,https://downloads.wordpress.org/theme/celexo.1.1.26.zip,"2025-04-19 11:57:13",https://wordpress.org/themes/celexo/,4.7,5.6
chitvi,Chitvi,1.1.24,1.1.23,https://downloads.wordpress.org/theme/chitvi.1.1.24.zip,"2025-04-19 11:57:40",https://wordpress.org/themes/chitvi/,4.7,5.6
cosmobit,Cosmobit,2.0.38,2.0.37,https://downloads.wordpress.org/theme/cosmobit.2.0.38.zip,"2025-04-19 11:56:44",https://wordpress.org/themes/cosmobit/,4.7,5.6
crombit,Crombit,1.0.34,1.0.33,https://downloads.wordpress.org/theme/crombit.1.0.34.zip,"2025-04-19 12:01:51",https://wordpress.org/themes/crombit/,4.7,5.6
easywiz,EasyWiz,1.1.13,1.1.12,https://downloads.wordpress.org/theme/easywiz.1.1.13.zip,"2025-04-19 11:58:53",https://wordpress.org/themes/easywiz/,4.7,5.6
ecommerce-gadget-store,"Ecommerce Gadget Store",1.0.2,1.0.1,https://downloads.wordpress.org/theme/ecommerce-gadget-store.1.0.2.zip,"2025-04-19 12:13:47",https://wordpress.org/themes/ecommerce-gadget-store/,6.0,7.2
fastica,Fastica,1.1.18,1.1.17,https://downloads.wordpress.org/theme/fastica.1.1.18.zip,"2025-04-19 11:59:47",https://wordpress.org/themes/fastica/,4.7,5.6
flexora,Flexora,1.1.19,1.1.18,https://downloads.wordpress.org/theme/flexora.1.1.19.zip,"2025-04-19 11:58:07",https://wordpress.org/themes/flexora/,4.7,5.6
hotel-suite,"Hotel Suite",1.1.9,1.1.8,https://downloads.wordpress.org/theme/hotel-suite.1.1.9.zip,"2025-04-19 12:14:36",https://wordpress.org/themes/hotel-suite/,6.0,7.2
lazypress,LazyPress,1.1.12,1.1.11,https://downloads.wordpress.org/theme/lazypress.1.1.12.zip,"2025-04-19 11:59:17",https://wordpress.org/themes/lazypress/,4.7,5.6
newsblogy,NewsBlogy,0.6,0.5,https://downloads.wordpress.org/theme/newsblogy.0.6.zip,"2025-04-19 12:03:57",https://wordpress.org/themes/newsblogy/,4.7,7.0
softalt,SoftAlt,1.0.19,1.0.18,https://downloads.wordpress.org/theme/softalt.1.0.19.zip,"2025-04-19 12:03:19",https://wordpress.org/themes/softalt/,4.7,5.6
software-cms,"Software CMS",1.1.5,1.1.4,https://downloads.wordpress.org/theme/software-cms.1.1.5.zip,"2025-04-19 12:15:39",https://wordpress.org/themes/software-cms/,6.0,5.6
thinity,Thinity,1.1.18,1.1.17,https://downloads.wordpress.org/theme/thinity.1.1.18.zip,"2025-04-19 11:58:30",https://wordpress.org/themes/thinity/,4.7,5.6
truthnews,TruthNews,1.0.5,1.0.4,https://downloads.wordpress.org/theme/truthnews.1.0.5.zip,"2025-04-19 12:51:18",https://wordpress.org/themes/truthnews/,5.9,5.6
minicart,MiniCart,1.0.5,1.0.4,https://downloads.wordpress.org/theme/minicart.1.0.5.zip,"2025-04-19 14:27:01",https://wordpress.org/themes/minicart/,4.7,5.6
shopire,Shopire,1.0.15,1.0.14,https://downloads.wordpress.org/theme/shopire.1.0.15.zip,"2025-04-19 14:26:31",https://wordpress.org/themes/shopire/,4.7,5.6
acmeblog,AcmeBlog,3.1.0,3.0.9,https://downloads.wordpress.org/theme/acmeblog.3.1.0.zip,"2025-04-19 15:38:02",https://wordpress.org/themes/acmeblog/,,5.6.20
supermag,SuperMag,3.1.3,3.1.2,https://downloads.wordpress.org/theme/supermag.3.1.3.zip,"2025-04-19 16:55:45",https://wordpress.org/themes/supermag/,,5.6.20
corporate-plus,"Corporate Plus",3.1.0,3.0.9,https://downloads.wordpress.org/theme/corporate-plus.3.1.0.zip,"2025-04-19 18:25:43",https://wordpress.org/themes/corporate-plus/,,5.6.20
learn-press-education,"Learn Press Education",1.1.0,1.0.9,https://downloads.wordpress.org/theme/learn-press-education.1.1.0.zip,"2025-04-19 17:56:15",https://wordpress.org/themes/learn-press-education/,,5.6
flixicart,FlixiCart,1.0.81,1.0.80,https://downloads.wordpress.org/theme/flixicart.1.0.81.zip,"2025-04-19 18:57:49",https://wordpress.org/themes/flixicart/,,5.4
flixita,Flixita,1.1.6,1.1.5,https://downloads.wordpress.org/theme/flixita.1.1.6.zip,"2025-04-19 18:50:14",https://wordpress.org/themes/flixita/,,5.4
infinite-photography,"Infinite Photography",3.0.9,3.0.8,https://downloads.wordpress.org/theme/infinite-photography.3.0.9.zip,"2025-04-19 19:27:52",https://wordpress.org/themes/infinite-photography/,,5.6.20
adas-personal-portfolio,"Adas Personal Portfolio",1.6,1.5,https://downloads.wordpress.org/theme/adas-personal-portfolio.1.6.zip,"2025-04-19 23:13:29",https://wordpress.org/themes/adas-personal-portfolio/,,7.4
abiz,Abiz,1.0.8,1.0.7,https://downloads.wordpress.org/theme/abiz.1.0.8.zip,"2025-04-20 01:58:15",https://wordpress.org/themes/abiz/,,5.4
alexia,Alexia,1.0.74,1.0.73,https://downloads.wordpress.org/theme/alexia.1.0.74.zip,"2025-04-20 01:44:37",https://wordpress.org/themes/alexia/,,5.4
alvert,Alvert,1.0.36,1.0.35,https://downloads.wordpress.org/theme/alvert.1.0.36.zip,"2025-04-20 01:53:51",https://wordpress.org/themes/alvert/,,5.4
arvila,Arvila,1.0.69,1.0.68,https://downloads.wordpress.org/theme/arvila.1.0.69.zip,"2025-04-20 01:46:23",https://wordpress.org/themes/arvila/,,5.4
avine,Avine,1.0.63,1.0.62,https://downloads.wordpress.org/theme/avine.1.0.63.zip,"2025-04-20 01:47:54",https://wordpress.org/themes/avine/,,5.4
avinza,Avinza,1.0.26,1.0.25,https://downloads.wordpress.org/theme/avinza.1.0.26.zip,"2025-04-20 01:55:29",https://wordpress.org/themes/avinza/,,5.4
avire,Avire,1.0.53,1.0.52,https://downloads.wordpress.org/theme/avire.1.0.53.zip,"2025-04-20 01:49:10",https://wordpress.org/themes/avire/,,5.4
britely,Britely,1.0.17,1.0.16,https://downloads.wordpress.org/theme/britely.1.0.17.zip,"2025-04-20 01:56:45",https://wordpress.org/themes/britely/,,5.4
eduna-lms,"Eduna LMS",1.0.9,1.0.8,https://downloads.wordpress.org/theme/eduna-lms.1.0.9.zip,"2025-04-20 00:58:48",https://wordpress.org/themes/eduna-lms/,,7.4
enovia,Enovia,1.0.61,1.0.60,https://downloads.wordpress.org/theme/enovia.1.0.61.zip,"2025-04-20 01:48:27",https://wordpress.org/themes/enovia/,,5.4
flectine,Flectine,1.0.18,1.0.17,https://downloads.wordpress.org/theme/flectine.1.0.18.zip,"2025-04-20 01:56:06",https://wordpress.org/themes/flectine/,,5.4
flecto,Flecto,1.0.48,1.0.47,https://downloads.wordpress.org/theme/flecto.1.0.48.zip,"2025-04-20 01:50:53",https://wordpress.org/themes/flecto/,,5.4
flixify,Flixify,1.0.51,1.0.50,https://downloads.wordpress.org/theme/flixify.1.0.51.zip,"2025-04-20 01:50:20",https://wordpress.org/themes/flixify/,,5.4
multibiz,MultiBiz,1.0.66,1.0.65,https://downloads.wordpress.org/theme/multibiz.1.0.66.zip,"2025-04-20 01:47:02",https://wordpress.org/themes/multibiz/,,5.4
quickbiz,QuickBiz,1.0.43,1.0.42,https://downloads.wordpress.org/theme/quickbiz.1.0.43.zip,"2025-04-20 01:51:47",https://wordpress.org/themes/quickbiz/,,5.4
quickify,Quickify,1.0.31,1.0.30,https://downloads.wordpress.org/theme/quickify.1.0.31.zip,"2025-04-20 01:54:37",https://wordpress.org/themes/quickify/,,5.4
honrix,Honrix,1.3.77,1.3.76,https://downloads.wordpress.org/theme/honrix.1.3.77.zip,"2025-04-20 06:35:21",https://wordpress.org/themes/honrix/,4.7,5.6
supernews,SuperNews,3.0.9,3.0.8,https://downloads.wordpress.org/theme/supernews.3.0.9.zip,"2025-04-20 06:02:06",https://wordpress.org/themes/supernews/,,5.6.20
weblog,Weblog,3.0.9,3.0.8,https://downloads.wordpress.org/theme/weblog.3.0.9.zip,"2025-04-20 08:15:38",https://wordpress.org/themes/weblog/,,5.6.20
ashe,Ashe,2.255,2.254,https://downloads.wordpress.org/theme/ashe.2.255.zip,"2025-04-20 09:47:25",https://wordpress.org/themes/ashe/,4.7,5.2.4
bard,Bard,2.223,2.222,https://downloads.wordpress.org/theme/bard.2.223.zip,"2025-04-20 09:50:35",https://wordpress.org/themes/bard/,4.7,5.2.4
bosa,Bosa,1.6.1,1.6.0,https://downloads.wordpress.org/theme/bosa.1.6.1.zip,"2025-04-20 10:11:43",https://wordpress.org/themes/bosa/,,5.6
hello-shoppable,"Hello Shoppable",1.0.8,1.0.7,https://downloads.wordpress.org/theme/hello-shoppable.1.0.8.zip,"2025-04-20 10:12:54",https://wordpress.org/themes/hello-shoppable/,,5.6
minimalistflex,MinimalistFlex,1.2.1,1.2,https://downloads.wordpress.org/theme/minimalistflex.1.2.1.zip,"2025-04-20 10:00:55",https://wordpress.org/themes/minimalistflex/,4.9,5.6
royal-elementor-kit,"Royal Elementor Kit",1.0.133,1.0.132,https://downloads.wordpress.org/theme/royal-elementor-kit.1.0.133.zip,"2025-04-20 09:51:44",https://wordpress.org/themes/royal-elementor-kit/,4.7,5.2
preslav,Preslav,1.4.7,1.4.6,https://downloads.wordpress.org/theme/preslav.1.4.7.zip,"2025-04-20 12:10:38",https://wordpress.org/themes/preslav/,6.0,5.6
newscurve,NewsCurve,1.0.7,1.0.6,https://downloads.wordpress.org/theme/newscurve.1.0.7.zip,"2025-04-20 13:02:17",https://wordpress.org/themes/newscurve/,5.9,5.6
acmephoto,AcmePhoto,3.0.9.1,3.0.8,https://downloads.wordpress.org/theme/acmephoto.3.0.9.1.zip,"2025-04-20 13:48:00",https://wordpress.org/themes/acmephoto/,,5.6.20
mercantile,Mercantile,3.0.8,3.0.7,https://downloads.wordpress.org/theme/mercantile.3.0.8.zip,"2025-04-20 13:40:52",https://wordpress.org/themes/mercantile/,,5.6.20
liberty-fse,"Liberty FSE",1.1,1.0,https://downloads.wordpress.org/theme/liberty-fse.1.1.zip,"2025-04-20 15:27:03",https://wordpress.org/themes/liberty-fse/,,5.6
dream-home,"Dream Home",1.2,1.1,https://downloads.wordpress.org/theme/dream-home.1.2.zip,"2025-04-20 15:33:39",https://wordpress.org/themes/dream-home/,,5.6
newscastle,NewsCastle,1.0.8,1.0.7,https://downloads.wordpress.org/theme/newscastle.1.0.8.zip,"2025-04-20 15:48:49",https://wordpress.org/themes/newscastle/,5.9,5.6
read-more,"Read More",3.0.7,3.0.6,https://downloads.wordpress.org/theme/read-more.3.0.7.zip,"2025-04-20 15:48:26",https://wordpress.org/themes/read-more/,,5.6.20
simclick,SimClick,1.2.3,1.2.2,https://downloads.wordpress.org/theme/simclick.1.2.3.zip,"2025-04-20 16:13:46",https://wordpress.org/themes/simclick/,5.6,5.6
templazee,Templazee,1.2,1.1,https://downloads.wordpress.org/theme/templazee.1.2.zip,"2025-04-20 16:22:55",https://wordpress.org/themes/templazee/,6.4,7.0
wow-blog,"WOW Blog",1.0.6,1.0.5,https://downloads.wordpress.org/theme/wow-blog.1.0.6.zip,"2025-04-20 15:49:25",https://wordpress.org/themes/wow-blog/,,5.6.20
uptown,upTown,1.4.4,1.4.3,https://downloads.wordpress.org/theme/uptown.1.4.4.zip,"2025-04-20 16:46:13",https://wordpress.org/themes/uptown/,5.0,7.4
colorvibe,ColorVibe,1.0.7,1.0.6,https://downloads.wordpress.org/theme/colorvibe.1.0.7.zip,"2025-04-20 18:00:06",https://wordpress.org/themes/colorvibe/,5.9,5.6
strategist-fse,"Strategist FSE",1.1,1.0,https://downloads.wordpress.org/theme/strategist-fse.1.1.zip,"2025-04-20 17:34:19",https://wordpress.org/themes/strategist-fse/,,5.6
education-base,"Education Base",3.0.8,3.0.7.1,https://downloads.wordpress.org/theme/education-base.3.0.8.zip,"2025-04-20 18:42:25",https://wordpress.org/themes/education-base/,,5.6
blogarise,BlogArise,1.1.2,1.1.1,https://downloads.wordpress.org/theme/blogarise.1.1.2.zip,"2025-04-21 03:50:55",https://wordpress.org/themes/blogarise/,5.4,7.4
blogdata,BlogData,1.3.3,1.3.2,https://downloads.wordpress.org/theme/blogdata.1.3.3.zip,"2025-04-21 03:51:32",https://wordpress.org/themes/blogdata/,5.4,7.4
blogus,Blogus,2.4.4,2.4.3,https://downloads.wordpress.org/theme/blogus.2.4.4.zip,"2025-04-21 03:48:44",https://wordpress.org/themes/blogus/,5.4,7.4
commercial-construction,"Commercial Construction",1.0.4,1.0.3,https://downloads.wordpress.org/theme/commercial-construction.1.0.4.zip,"2025-04-21 04:27:25",https://wordpress.org/themes/commercial-construction/,5.5,7.2
dairy-farming,"Dairy Farming",1.2.2,1.2.1,https://downloads.wordpress.org/theme/dairy-farming.1.2.2.zip,"2025-04-21 04:27:44",https://wordpress.org/themes/dairy-farming/,6.0,7.2
digital-magazine,"Digital Magazine",1.3,1.2,https://downloads.wordpress.org/theme/digital-magazine.1.3.zip,"2025-04-21 04:30:05",https://wordpress.org/themes/digital-magazine/,5.5,7.2
lawn-gardner,"Lawn Gardner",1.2.5,1.2.4,https://downloads.wordpress.org/theme/lawn-gardner.1.2.5.zip,"2025-04-21 04:29:56",https://wordpress.org/themes/lawn-gardner/,6.4,7.2
newsair,Newsair,1.0.0.81,1.0.0.80,https://downloads.wordpress.org/theme/newsair.1.0.0.81.zip,"2025-04-21 03:49:19",https://wordpress.org/themes/newsair/,5.4,7.4
newspaperup,Newspaperup,1.2.3,1.2.2,https://downloads.wordpress.org/theme/newspaperup.1.2.3.zip,"2025-04-21 03:52:58",https://wordpress.org/themes/newspaperup/,5.4,7.4
newsup,Newsup,4.0.0.83,4.0.0.82,https://downloads.wordpress.org/theme/newsup.4.0.0.83.zip,"2025-04-21 03:48:01",https://wordpress.org/themes/newsup/,5.4,7.4
newsxo,Newsxo,1.0.4,1.0.3,https://downloads.wordpress.org/theme/newsxo.1.0.4.zip,"2025-04-21 03:52:07",https://wordpress.org/themes/newsxo/,5.4,7.4
renovation-roofing,"Renovation Roofing",1.2.5,1.2.4,https://downloads.wordpress.org/theme/renovation-roofing.1.2.5.zip,"2025-04-21 04:34:19",https://wordpress.org/themes/renovation-roofing/,6.0,7.2
business-networking-conference,"Business Networking Conference",1.4,1.3,https://downloads.wordpress.org/theme/business-networking-conference.1.4.zip,"2025-04-21 06:25:24",https://wordpress.org/themes/business-networking-conference/,,7.0
content-marketing,"Content Marketing",1.1,1.0,https://downloads.wordpress.org/theme/content-marketing.1.1.zip,"2025-04-21 06:24:03",https://wordpress.org/themes/content-marketing/,,7.0
fitness-club-gym,"Fitness Club Gym",0.3.3,0.3.2,https://downloads.wordpress.org/theme/fitness-club-gym.0.3.3.zip,"2025-04-21 05:56:07",https://wordpress.org/themes/fitness-club-gym/,5.0,7.2
kitchen-decor,"Kitchen Decor",2.1.2,2.1.1,https://downloads.wordpress.org/theme/kitchen-decor.2.1.2.zip,"2025-04-21 05:57:05",https://wordpress.org/themes/kitchen-decor/,5.0,7.2
medical-circle,"Medical Circle",3.0.7,3.0.6,https://downloads.wordpress.org/theme/medical-circle.3.0.7.zip,"2025-04-21 06:37:27",https://wordpress.org/themes/medical-circle/,,5.6
organic-gardening,"Organic Gardening",1.3,1.2,https://downloads.wordpress.org/theme/organic-gardening.1.3.zip,"2025-04-21 06:24:12",https://wordpress.org/themes/organic-gardening/,,7.0
prime-cleaning-services,"Prime Cleaning Services",1.9,1.8,https://downloads.wordpress.org/theme/prime-cleaning-services.1.9.zip,"2025-04-21 06:24:41",https://wordpress.org/themes/prime-cleaning-services/,,7.0
prime-ecommerce-shop,"Prime Ecommerce Shop",2.0,1.9,https://downloads.wordpress.org/theme/prime-ecommerce-shop.2.0.zip,"2025-04-21 06:25:03",https://wordpress.org/themes/prime-ecommerce-shop/,,7.0
prime-electronic-store,"Prime Electronic Store",2.1,2.0,https://downloads.wordpress.org/theme/prime-electronic-store.2.1.zip,"2025-04-21 06:25:38",https://wordpress.org/themes/prime-electronic-store/,,7.0
prime-tutor-academy,"Prime Tutor Academy",1.3,1.2,https://downloads.wordpress.org/theme/prime-tutor-academy.1.3.zip,"2025-04-21 06:26:03",https://wordpress.org/themes/prime-tutor-academy/,,7.0
prolific,Prolific,3.0.6,3.0.5,https://downloads.wordpress.org/theme/prolific.3.0.6.zip,"2025-04-21 05:54:38",https://wordpress.org/themes/prolific/,,5.6.20
roofing-services,"Roofing Services",0.3.2,0.3.1,https://downloads.wordpress.org/theme/roofing-services.0.3.2.zip,"2025-04-21 05:56:39",https://wordpress.org/themes/roofing-services/,5.0,7.2
blog-paper,"Blog Paper",1.0.0,,https://downloads.wordpress.org/theme/blog-paper.1.0.0.zip,"2025-04-21 06:01:15",https://wordpress.org/themes/blog-paper/,5.0,7.4
carpentry-contractor,"Carpentry Contractor",0.2,,https://downloads.wordpress.org/theme/carpentry-contractor.0.2.zip,"2025-04-21 06:01:11",https://wordpress.org/themes/carpentry-contractor/,5.0,5.6
glowlab,Glowlab,1.0.2,,https://downloads.wordpress.org/theme/glowlab.1.0.2.zip,"2025-04-21 06:16:04",https://wordpress.org/themes/glowlab/,6.7,7.2
newspaper-express,"Newspaper Express",1.2,,https://downloads.wordpress.org/theme/newspaper-express.1.2.zip,"2025-04-21 06:16:08",https://wordpress.org/themes/newspaper-express/,6.1,5.6
prime-fashion,"Prime Fashion",1.1,,https://downloads.wordpress.org/theme/prime-fashion.1.1.zip,"2025-04-21 06:16:18",https://wordpress.org/themes/prime-fashion/,,7.0
strute,Strute,1.2.3,,https://downloads.wordpress.org/theme/strute.1.2.3.zip,"2025-04-21 06:16:13",https://wordpress.org/themes/strute/,6.0,7.4
news-portal,"News Portal",1.5.7,1.5.6,https://downloads.wordpress.org/theme/news-portal.1.5.7.zip,"2025-04-21 06:41:45",https://wordpress.org/themes/news-portal/,5.0,7.2
online-shop,"Online Shop",3.1.2,3.1.1,https://downloads.wordpress.org/theme/online-shop.3.1.2.zip,"2025-04-21 07:09:49",https://wordpress.org/themes/online-shop/,,5.6.20
event-star,"Event Star",3.0.6,3.0.5,https://downloads.wordpress.org/theme/event-star.3.0.6.zip,"2025-04-21 07:59:43",https://wordpress.org/themes/event-star/,,5.6.20
construction-field,"Construction Field",3.0.8,3.0.7,https://downloads.wordpress.org/theme/construction-field.3.0.8.zip,"2025-04-21 08:38:00",https://wordpress.org/themes/construction-field/,,5.6.20
shapely,Shapely,1.2.17,1.2.16,https://downloads.wordpress.org/theme/shapely.1.2.17.zip,"2025-04-21 10:02:56",https://wordpress.org/themes/shapely/,6.4,7.4
garden-landscaping-coach,"Garden Landscaping Coach",0.2.6,0.2.5,https://downloads.wordpress.org/theme/garden-landscaping-coach.0.2.6.zip,"2025-04-21 11:18:00",https://wordpress.org/themes/garden-landscaping-coach/,,5.6
wine-shop,"Wine Shop",0.2.6,0.2.5,https://downloads.wordpress.org/theme/wine-shop.0.2.6.zip,"2025-04-21 11:18:56",https://wordpress.org/themes/wine-shop/,,5.6
btravel,BTravel,1.2.0,1.0.2,https://downloads.wordpress.org/theme/btravel.1.2.0.zip,"2025-04-21 11:56:56",https://wordpress.org/themes/btravel/,,5.6
cafe-coffee-shop,"Cafe Coffee Shop",2.1.6,2.1.5,https://downloads.wordpress.org/theme/cafe-coffee-shop.2.1.6.zip,"2025-04-21 12:51:10",https://wordpress.org/themes/cafe-coffee-shop/,5.0,7.2
cake-shop-bakery,"Cake Shop Bakery",2.3.5,2.3.4,https://downloads.wordpress.org/theme/cake-shop-bakery.2.3.5.zip,"2025-04-21 12:24:26",https://wordpress.org/themes/cake-shop-bakery/,5.0,7.2
charity-zone,"Charity Zone",0.9.8,0.9.7,https://downloads.wordpress.org/theme/charity-zone.0.9.8.zip,"2025-04-21 12:24:40",https://wordpress.org/themes/charity-zone/,5.0,7.2
colorflow,ColorFlow,2.3,2.2,https://downloads.wordpress.org/theme/colorflow.2.3.zip,"2025-04-21 11:57:04",https://wordpress.org/themes/colorflow/,4.7,5.6
digital-books,"Digital Books",0.6.8,0.6.7,https://downloads.wordpress.org/theme/digital-books.0.6.8.zip,"2025-04-21 12:25:20",https://wordpress.org/themes/digital-books/,5.0,7.2
gradiantx,GradiantX,2.2,2.1,https://downloads.wordpress.org/theme/gradiantx.2.2.zip,"2025-04-21 11:57:22",https://wordpress.org/themes/gradiantx/,4.7,5.6
grocery-supermarket,"Grocery Supermarket",1.4.5,1.4.4,https://downloads.wordpress.org/theme/grocery-supermarket.1.4.5.zip,"2025-04-21 12:25:31",https://wordpress.org/themes/grocery-supermarket/,5.0,7.2
medical-appointment,"Medical Appointment",1.4.5,1.4.4,https://downloads.wordpress.org/theme/medical-appointment.1.4.5.zip,"2025-04-21 12:25:49",https://wordpress.org/themes/medical-appointment/,5.0,7.2
nexcraft-bpo,"Nexcraft BPO",3.9,3.8,https://downloads.wordpress.org/theme/nexcraft-bpo.3.9.zip,"2025-04-21 11:58:35",https://wordpress.org/themes/nexcraft-bpo/,,5.6
nexcraft,NexCraft,5.9,5.8,https://downloads.wordpress.org/theme/nexcraft.5.9.zip,"2025-04-21 11:58:10",https://wordpress.org/themes/nexcraft/,4.7,5.6
ngo-fundraiser,"NGO Fundraiser",0.3.6,0.3.5,https://downloads.wordpress.org/theme/ngo-fundraiser.0.3.6.zip,"2025-04-21 12:26:07",https://wordpress.org/themes/ngo-fundraiser/,5.0,7.2
ngo-non-profit,"NGO Non Profit",2.3.6,2.3.5,https://downloads.wordpress.org/theme/ngo-non-profit.2.3.6.zip,"2025-04-21 12:26:40",https://wordpress.org/themes/ngo-non-profit/,5.0,7.2
pet-care-zone,"Pet Care Zone",4.7.7,4.7.6,https://downloads.wordpress.org/theme/pet-care-zone.4.7.7.zip,"2025-04-21 12:26:44",https://wordpress.org/themes/pet-care-zone/,5.0,7.2
real-estate-management,"Real Estate Management",2.3.5,2.3.4,https://downloads.wordpress.org/theme/real-estate-management.2.3.5.zip,"2025-04-21 12:27:06",https://wordpress.org/themes/real-estate-management/,5.0,7.2
shadiant,Shadiant,1.8,1.7,https://downloads.wordpress.org/theme/shadiant.1.8.zip,"2025-04-21 11:56:42",https://wordpress.org/themes/shadiant/,4.7,5.6
traveller-agency,"Traveller Agency",1.9.6,1.9.5,https://downloads.wordpress.org/theme/traveller-agency.1.9.6.zip,"2025-04-21 12:27:16",https://wordpress.org/themes/traveller-agency/,5.0,7.2
vw-bakery,"VW Bakery",1.8.3,1.8.2,https://downloads.wordpress.org/theme/vw-bakery.1.8.3.zip,"2025-04-21 12:51:34",https://wordpress.org/themes/vw-bakery/,5.0,7.2
vw-charity-ngo,"VW Charity NGO",1.3.1,1.3,https://downloads.wordpress.org/theme/vw-charity-ngo.1.3.1.zip,"2025-04-21 12:51:42",https://wordpress.org/themes/vw-charity-ngo/,5.0,7.2
vw-ecommerce-shop,"VW Ecommerce Shop",1.2.8,1.2.7,https://downloads.wordpress.org/theme/vw-ecommerce-shop.1.2.8.zip,"2025-04-21 12:51:54",https://wordpress.org/themes/vw-ecommerce-shop/,5.0,7.2
vw-medical-care,"VW Medical Care",1.3.4,1.3.3,https://downloads.wordpress.org/theme/vw-medical-care.1.3.4.zip,"2025-04-21 12:53:00",https://wordpress.org/themes/vw-medical-care/,5.0,7.2
vw-portfolio,"VW Portfolio",1.2.2,1.2.1,https://downloads.wordpress.org/theme/vw-portfolio.1.2.2.zip,"2025-04-21 12:52:40",https://wordpress.org/themes/vw-portfolio/,5.0,7.2
all-cleaning-services,"All Cleaning Services",1.0.4,1.0.3,https://downloads.wordpress.org/theme/all-cleaning-services.1.0.4.zip,"2025-04-21 13:10:17",https://wordpress.org/themes/all-cleaning-services/,,5.6
blogger-base,"Blogger Base",0.9.9,0.9.8,https://downloads.wordpress.org/theme/blogger-base.0.9.9.zip,"2025-04-21 12:56:02",https://wordpress.org/themes/blogger-base/,5.0,7.2
blogger-hub,"Blogger Hub",1.3.7,1.3.6,https://downloads.wordpress.org/theme/blogger-hub.1.3.7.zip,"2025-04-21 12:55:57",https://wordpress.org/themes/blogger-hub/,5.0,7.2
campus-education,"Campus Education",1.3.3,1.3.2,https://downloads.wordpress.org/theme/campus-education.1.3.3.zip,"2025-04-21 12:56:06",https://wordpress.org/themes/campus-education/,5.0,7.2
charity-fundraiser,"Charity Fundraiser",1.2.4,1.2.3,https://downloads.wordpress.org/theme/charity-fundraiser.1.2.4.zip,"2025-04-21 12:56:26",https://wordpress.org/themes/charity-fundraiser/,5.0,7.2
ecommerce-hub,"Ecommerce Hub",1.1.8,1.1.7,https://downloads.wordpress.org/theme/ecommerce-hub.1.1.8.zip,"2025-04-21 12:58:34",https://wordpress.org/themes/ecommerce-hub/,5.0,7.2
luxury-travel,"Luxury Travel",1.3.0,1.2.9,https://downloads.wordpress.org/theme/luxury-travel.1.3.0.zip,"2025-04-21 12:57:18",https://wordpress.org/themes/luxury-travel/,5.0,7.2
multipurpose-magazine,"Multipurpose Magazine",1.1.9,1.1.8,https://downloads.wordpress.org/theme/multipurpose-magazine.1.1.9.zip,"2025-04-21 12:56:58",https://wordpress.org/themes/multipurpose-magazine/,5.0,7.2
multipurpose-startup,"Multipurpose Startup",1.1.7,1.1.6,https://downloads.wordpress.org/theme/multipurpose-startup.1.1.7.zip,"2025-04-21 12:57:04",https://wordpress.org/themes/multipurpose-startup/,5.0,7.2
akblog,AKBlog,1.4.0,1.3.0,https://downloads.wordpress.org/theme/akblog.1.4.0.zip,"2025-04-21 13:45:55",https://wordpress.org/themes/akblog/,,5.6
bblog,BBlog,1.2.0,1.1.0,https://downloads.wordpress.org/theme/bblog.1.2.0.zip,"2025-04-21 13:39:43",https://wordpress.org/themes/bblog/,,5.6
beauty-studio,"Beauty Studio",3.0.6,3.0.5,https://downloads.wordpress.org/theme/beauty-studio.3.0.6.zip,"2025-04-21 13:54:02",https://wordpress.org/themes/beauty-studio/,,5.6.20
bexplore,BExplore,1.2.2,1.2.1,https://downloads.wordpress.org/theme/bexplore.1.2.2.zip,"2025-04-21 13:57:32",https://wordpress.org/themes/bexplore/,,5.6
binsight,BInsight,1.0.3,1.0.2,https://downloads.wordpress.org/theme/binsight.1.0.3.zip,"2025-04-21 14:07:03",https://wordpress.org/themes/binsight/,,5.6
dental-insight,"Dental Insight",7.3,7.2,https://downloads.wordpress.org/theme/dental-insight.7.3.zip,"2025-04-21 13:40:27",https://wordpress.org/themes/dental-insight/,5.0,5.6
dentistry-clinic,"Dentistry Clinic",4.6,4.5,https://downloads.wordpress.org/theme/dentistry-clinic.4.6.zip,"2025-04-21 13:40:39",https://wordpress.org/themes/dentistry-clinic/,5.0,5.6
electrician-services,"Electrician Services",4.5,4.4,https://downloads.wordpress.org/theme/electrician-services.4.5.zip,"2025-04-21 13:39:44",https://wordpress.org/themes/electrician-services/,5.0,5.6
fashion-designer-studio,"Fashion Designer Studio",4.8,4.7,https://downloads.wordpress.org/theme/fashion-designer-studio.4.8.zip,"2025-04-21 13:41:24",https://wordpress.org/themes/fashion-designer-studio/,5.0,5.6
fashion-stylist-lite,"Fashion Stylist Lite",4.0,3.9,https://downloads.wordpress.org/theme/fashion-stylist-lite.4.0.zip,"2025-04-21 13:38:21",https://wordpress.org/themes/fashion-stylist-lite/,5.0,5.6
fitmeal-dietitian,"Fitmeal Dietitian",4.9,4.8,https://downloads.wordpress.org/theme/fitmeal-dietitian.4.9.zip,"2025-04-21 13:41:38",https://wordpress.org/themes/fitmeal-dietitian/,5.0,5.6
home-maintenance-services,"Home Maintenance Services",4.1,4.0,https://downloads.wordpress.org/theme/home-maintenance-services.4.1.zip,"2025-04-21 13:38:07",https://wordpress.org/themes/home-maintenance-services/,,5.6
meditation,Meditation,1.1.9,1.1.8,https://downloads.wordpress.org/theme/meditation.1.1.9.zip,"2025-04-21 14:04:15",https://wordpress.org/themes/meditation/,,
nutrition-diet,"Nutrition Diet",5.6,5.5,https://downloads.wordpress.org/theme/nutrition-diet.5.6.zip,"2025-04-21 13:37:32",https://wordpress.org/themes/nutrition-diet/,5.0,5.6
btravel,BTravel,1.2.1,1.2.0,https://downloads.wordpress.org/theme/btravel.1.2.1.zip,"2025-04-21 14:43:24",https://wordpress.org/themes/btravel/,,5.6
lawyer-zone,"Lawyer Zone",3.0.6,3.0.5,https://downloads.wordpress.org/theme/lawyer-zone.3.0.6.zip,"2025-04-21 14:59:18",https://wordpress.org/themes/lawyer-zone/,,5.6.20
broadcast-lite,"Broadcast Lite",4.0.5,4.0.4,https://downloads.wordpress.org/theme/broadcast-lite.4.0.5.zip,"2025-04-21 15:41:39",https://wordpress.org/themes/broadcast-lite/,,5.6
restaurant-recipe,"Restaurant Recipe",3.0.8,3.0.7,https://downloads.wordpress.org/theme/restaurant-recipe.3.0.8.zip,"2025-04-21 15:41:39",https://wordpress.org/themes/restaurant-recipe/,,5.6.20
expert-business-consultant,"Expert Business Consultant",4.2,4.1,https://downloads.wordpress.org/theme/expert-business-consultant.4.2.zip,"2025-04-21 16:43:40",https://wordpress.org/themes/expert-business-consultant/,,7.2
expert-digital-agency,"Expert Digital Agency",5.2,5.1,https://downloads.wordpress.org/theme/expert-digital-agency.5.2.zip,"2025-04-21 16:43:31",https://wordpress.org/themes/expert-digital-agency/,,7.2
expert-ngo-volunteer,"Expert NGO Volunteer",0.7.6,0.7.5,https://downloads.wordpress.org/theme/expert-ngo-volunteer.0.7.6.zip,"2025-04-21 16:44:08",https://wordpress.org/themes/expert-ngo-volunteer/,,7.2
expert-photographer,"Expert Photographer",4.1,4.0,https://downloads.wordpress.org/theme/expert-photographer.4.1.zip,"2025-04-21 16:44:39",https://wordpress.org/themes/expert-photographer/,,7.2
expert-sports-coach,"Expert Sports Coach",4.4,4.3,https://downloads.wordpress.org/theme/expert-sports-coach.4.4.zip,"2025-04-21 16:45:02",https://wordpress.org/themes/expert-sports-coach/,,7.2
expert-videographer,"Expert Videographer",4.0,3.9,https://downloads.wordpress.org/theme/expert-videographer.4.0.zip,"2025-04-21 16:45:12",https://wordpress.org/themes/expert-videographer/,,7.2
led-tv,"LED TV",6.2,6.1,https://downloads.wordpress.org/theme/led-tv.6.2.zip,"2025-04-21 16:45:45",https://wordpress.org/themes/led-tv/,,7.2
newsmarks,NewsMarks,1.1.0,1.0.9,https://downloads.wordpress.org/theme/newsmarks.1.1.0.zip,"2025-04-21 16:43:33",https://wordpress.org/themes/newsmarks/,5.9,5.6
portfolio-web,"Portfolio Web",3.0.6,3.0.5,https://downloads.wordpress.org/theme/portfolio-web.3.0.6.zip,"2025-04-21 16:44:58",https://wordpress.org/themes/portfolio-web/,,5.7.2
solar-system-company,"Solar System Company",2.3,2.2,https://downloads.wordpress.org/theme/solar-system-company.2.3.zip,"2025-04-21 16:46:13",https://wordpress.org/themes/solar-system-company/,,7.2
yoga-fitness-classes,"Yoga Fitness Classes",5.0,4.9,https://downloads.wordpress.org/theme/yoga-fitness-classes.5.0.zip,"2025-04-21 16:46:28",https://wordpress.org/themes/yoga-fitness-classes/,,7.2
dupermag,DuperMag,3.0.7,3.0.6,https://downloads.wordpress.org/theme/dupermag.3.0.7.zip,"2025-04-21 18:16:33",https://wordpress.org/themes/dupermag/,,5.6.20
feminine-style,"Feminine Style",3.0.6,3.0.5,https://downloads.wordpress.org/theme/feminine-style.3.0.6.zip,"2025-04-21 17:37:15",https://wordpress.org/themes/feminine-style/,,5.6.20
notomag,NotoMag,1.0.3,1.0.2,https://downloads.wordpress.org/theme/notomag.1.0.3.zip,"2025-04-21 18:36:38",https://wordpress.org/themes/notomag/,5.9,5.6
magazi,Magazi,2.8.4,2.8.3,https://downloads.wordpress.org/theme/magazi.2.8.4.zip,"2025-04-21 20:36:37",https://wordpress.org/themes/magazi/,4.5,5.6
memberlite,Memberlite,5.2.2,5.2.1,https://downloads.wordpress.org/theme/memberlite.5.2.2.zip,"2025-04-21 20:38:15",https://wordpress.org/themes/memberlite/,6.0,5.6
hs-second-agency,"HS Second Agency",0.0.3,,https://downloads.wordpress.org/theme/hs-second-agency.0.0.3.zip,"2025-04-21 23:46:04",https://wordpress.org/themes/hs-second-agency/,4.7,5.6
tenzin-news-magazine,"Tenzin News Magazine",1.1.7,1.1.6,https://downloads.wordpress.org/theme/tenzin-news-magazine.1.1.7.zip,"2025-04-22 02:10:41",https://wordpress.org/themes/tenzin-news-magazine/,5.0,5.6
senior-care-charity,"Senior Care Charity",1.2.4,1.2.3,https://downloads.wordpress.org/theme/senior-care-charity.1.2.4.zip,"2025-04-22 04:17:22",https://wordpress.org/themes/senior-care-charity/,6.0,7.2
supermarket-store,"Supermarket Store",1.2.7,1.2.6,https://downloads.wordpress.org/theme/supermarket-store.1.2.7.zip,"2025-04-22 04:17:42",https://wordpress.org/themes/supermarket-store/,6.0,7.2
university-institute,"University Institute",1.3,1.2,https://downloads.wordpress.org/theme/university-institute.1.3.zip,"2025-04-22 04:18:19",https://wordpress.org/themes/university-institute/,5.5,7.2
wp-fashion-storefront,"WP Fashion Storefront",1.1.7,1.1.6,https://downloads.wordpress.org/theme/wp-fashion-storefront.1.1.7.zip,"2025-04-22 04:18:38",https://wordpress.org/themes/wp-fashion-storefront/,6.0,7.2
wp-shop-woocommerce,"WP Shop Woocommerce",1.1.7,1.1.6,https://downloads.wordpress.org/theme/wp-shop-woocommerce.1.1.7.zip,"2025-04-22 04:18:59",https://wordpress.org/themes/wp-shop-woocommerce/,5.5,5.6
nextzenmag,NextZenMag,1.0.5,1.0.4,https://downloads.wordpress.org/theme/nextzenmag.1.0.5.zip,"2025-04-22 04:59:35",https://wordpress.org/themes/nextzenmag/,5.9,5.6
automobile-car-services,"Automobile Car Services",4.8,4.7,https://downloads.wordpress.org/theme/automobile-car-services.4.8.zip,"2025-04-22 06:01:53",https://wordpress.org/themes/automobile-car-services/,5.0,7.2
beauty-cosmetic-store,"Beauty Cosmetic Store",0.1.2,0.1.1,https://downloads.wordpress.org/theme/beauty-cosmetic-store.0.1.2.zip,"2025-04-22 06:25:48",https://wordpress.org/themes/beauty-cosmetic-store/,5.0,7.2
bike-rental-shop,"Bike Rental Shop",1.9.6,1.9.5,https://downloads.wordpress.org/theme/bike-rental-shop.1.9.6.zip,"2025-04-22 06:26:02",https://wordpress.org/themes/bike-rental-shop/,5.0,7.2
computer-repair-services,"Computer Repair Services",2.3.6,2.3.5,https://downloads.wordpress.org/theme/computer-repair-services.2.3.6.zip,"2025-04-22 06:26:29",https://wordpress.org/themes/computer-repair-services/,5.0,7.2
dark-photography,"Dark Photography",4.9,4.8,https://downloads.wordpress.org/theme/dark-photography.4.9.zip,"2025-04-22 06:02:05",https://wordpress.org/themes/dark-photography/,5.0,7.2
ecommerce-zone,"Ecommerce Zone",0.8.4,0.8.3,https://downloads.wordpress.org/theme/ecommerce-zone.0.8.4.zip,"2025-04-22 06:26:40",https://wordpress.org/themes/ecommerce-zone/,5.0,7.2
entertainment-media,"Entertainment Media",4.8,4.7,https://downloads.wordpress.org/theme/entertainment-media.4.8.zip,"2025-04-22 06:02:49",https://wordpress.org/themes/entertainment-media/,5.0,7.2
estore-woocommerce,"Estore Woocommerce",1.4.6,1.4.5,https://downloads.wordpress.org/theme/estore-woocommerce.1.4.6.zip,"2025-04-22 06:27:00",https://wordpress.org/themes/estore-woocommerce/,5.0,7.2
fashion-estore,"Fashion Estore",0.7.9,0.7.8,https://downloads.wordpress.org/theme/fashion-estore.0.7.9.zip,"2025-04-22 06:27:08",https://wordpress.org/themes/fashion-estore/,5.0,7.2
fashion-footwear,"Fashion Footwear",4.9,4.8,https://downloads.wordpress.org/theme/fashion-footwear.4.9.zip,"2025-04-22 06:02:49",https://wordpress.org/themes/fashion-footwear/,5.0,7.2
fish-aquarium,"Fish Aquarium",4.8,4.7,https://downloads.wordpress.org/theme/fish-aquarium.4.8.zip,"2025-04-22 06:03:22",https://wordpress.org/themes/fish-aquarium/,5.0,7.2
football-sports-club,"Football Sports Club",0.4.5,0.4.4,https://downloads.wordpress.org/theme/football-sports-club.0.4.5.zip,"2025-04-22 06:27:35",https://wordpress.org/themes/football-sports-club/,5.0,7.2
grocery-shopping,"Grocery Shopping",4.5,4.4,https://downloads.wordpress.org/theme/grocery-shopping.4.5.zip,"2025-04-22 06:03:44",https://wordpress.org/themes/grocery-shopping/,5.0,7.2
kenta,Kenta,1.4.7,1.4.6,https://downloads.wordpress.org/theme/kenta.1.4.7.zip,"2025-04-22 06:11:02",https://wordpress.org/themes/kenta/,,7.4
kids-gift-shop,"Kids Gift Shop",0.4.6,0.4.5,https://downloads.wordpress.org/theme/kids-gift-shop.0.4.6.zip,"2025-04-22 06:27:37",https://wordpress.org/themes/kids-gift-shop/,5.0,7.2
kids-online-store,"Kids Online Store",0.8.2,0.8.1,https://downloads.wordpress.org/theme/kids-online-store.0.8.2.zip,"2025-04-22 06:28:01",https://wordpress.org/themes/kids-online-store/,5.0,7.2
laundry-dry-cleaning,"Laundry Dry Cleaning",4.7,4.6,https://downloads.wordpress.org/theme/laundry-dry-cleaning.4.7.zip,"2025-04-22 06:04:01",https://wordpress.org/themes/laundry-dry-cleaning/,5.0,7.2
restaurant-zone,"Restaurant Zone",0.6.6,0.6.5,https://downloads.wordpress.org/theme/restaurant-zone.0.6.6.zip,"2025-04-22 06:28:16",https://wordpress.org/themes/restaurant-zone/,5.0,7.2
yuki,Yuki,1.4.6,1.4.5,https://downloads.wordpress.org/theme/yuki.1.4.6.zip,"2025-04-22 06:08:51",https://wordpress.org/themes/yuki/,,7.4
construction-twp,"Construction TWP",1.1,,https://downloads.wordpress.org/theme/construction-twp.1.1.zip,"2025-04-22 06:31:43",https://wordpress.org/themes/construction-twp/,5.4,5.6
computer-repair-shop,"Computer Repair Shop",0.3.2,0.3.1,https://downloads.wordpress.org/theme/computer-repair-shop.0.3.2.zip,"2025-04-22 06:40:15",https://wordpress.org/themes/computer-repair-shop/,5.0,7.2
movers-and-packers,"Movers and Packers",0.4,0.3,https://downloads.wordpress.org/theme/movers-and-packers.0.4.zip,"2025-04-22 06:40:43",https://wordpress.org/themes/movers-and-packers/,5.0,7.2
my-wedding,"My Wedding",2.1.1,2.1.0,https://downloads.wordpress.org/theme/my-wedding.2.1.1.zip,"2025-04-22 06:41:54",https://wordpress.org/themes/my-wedding/,5.0,7.2
supermart-ecommerce,"Supermart Ecommerce",2.1.2,2.1.1,https://downloads.wordpress.org/theme/supermart-ecommerce.2.1.2.zip,"2025-04-22 06:42:19",https://wordpress.org/themes/supermart-ecommerce/,5.0,7.2
viral-express,"Viral Express",1.0.3,1.0.2,https://downloads.wordpress.org/theme/viral-express.1.0.3.zip,"2025-04-22 06:40:02",https://wordpress.org/themes/viral-express/,,7.4
wood-master,"Wood Master",2.1.2,2.1.1,https://downloads.wordpress.org/theme/wood-master.2.1.2.zip,"2025-04-22 06:41:27",https://wordpress.org/themes/wood-master/,5.0,7.2
fitness-hub,"Fitness Hub",3.0.6,3.0.5,https://downloads.wordpress.org/theme/fitness-hub.3.0.6.zip,"2025-04-22 08:19:35",https://wordpress.org/themes/fitness-hub/,,5.6.20
fse-sem-agency,"FSE SEM Agency",1.1.9,1.1.8,https://downloads.wordpress.org/theme/fse-sem-agency.1.1.9.zip,"2025-04-22 08:09:16",https://wordpress.org/themes/fse-sem-agency/,5.9,5.6
garden-plant-shop,"Garden Plant Shop",2.0.0,1.1.9,https://downloads.wordpress.org/theme/garden-plant-shop.2.0.0.zip,"2025-04-22 08:09:32",https://wordpress.org/themes/garden-plant-shop/,5.9,5.6
hockey-sports,"Hockey Sports",2.0.7,2.0.6,https://downloads.wordpress.org/theme/hockey-sports.2.0.7.zip,"2025-04-22 08:09:55",https://wordpress.org/themes/hockey-sports/,5.9,5.6
legal-counselor,"Legal Counselor",1.1.8,1.1.7,https://downloads.wordpress.org/theme/legal-counselor.1.1.8.zip,"2025-04-22 08:10:06",https://wordpress.org/themes/legal-counselor/,5.9,5.6
novel-writer,"Novel Writer",2.0.5,2.0.4,https://downloads.wordpress.org/theme/novel-writer.2.0.5.zip,"2025-04-22 08:10:40",https://wordpress.org/themes/novel-writer/,5.9,5.6
outdoor-kitchen,"Outdoor Kitchen",1.1.3,1.1.2,https://downloads.wordpress.org/theme/outdoor-kitchen.1.1.3.zip,"2025-04-22 08:11:09",https://wordpress.org/themes/outdoor-kitchen/,,5.6
travel-way,"Travel Way",3.0.7,3.0.6,https://downloads.wordpress.org/theme/travel-way.3.0.7.zip,"2025-04-22 08:09:55",https://wordpress.org/themes/travel-way/,,5.6.20
car-booking,"Car Booking",1.0.2,1.0.1,https://downloads.wordpress.org/theme/car-booking.1.0.2.zip,"2025-04-22 08:46:22",https://wordpress.org/themes/car-booking/,5.3,5.6
car-rental-service,"Car Rental Service",1.0.2,1.0.1,https://downloads.wordpress.org/theme/car-rental-service.1.0.2.zip,"2025-04-22 08:46:41",https://wordpress.org/themes/car-rental-service/,5.3,5.6
chocolate-cake,"Chocolate Cake",1.1.3,1.1.2,https://downloads.wordpress.org/theme/chocolate-cake.1.1.3.zip,"2025-04-22 08:46:57",https://wordpress.org/themes/chocolate-cake/,5.5,7.2
omega-storefront,"Omega Storefront",1.1.2,1.1.1,https://downloads.wordpress.org/theme/omega-storefront.1.1.2.zip,"2025-04-22 08:47:19",https://wordpress.org/themes/omega-storefront/,5.3,7.2
omega-travel-agents,"Omega Travel Agents",1.1.2,1.1.1,https://downloads.wordpress.org/theme/omega-travel-agents.1.1.2.zip,"2025-04-22 08:47:49",https://wordpress.org/themes/omega-travel-agents/,5.3,7.2
ott-vlogger,"OTT Vlogger",1.1.3,1.1.2,https://downloads.wordpress.org/theme/ott-vlogger.1.1.3.zip,"2025-04-22 08:48:15",https://wordpress.org/themes/ott-vlogger/,5.3,7.2
outdoor-adventure,"Outdoor Adventure",1.0.2,1.0.1,https://downloads.wordpress.org/theme/outdoor-adventure.1.0.2.zip,"2025-04-22 08:49:18",https://wordpress.org/themes/outdoor-adventure/,5.3,5.6
plumbing-technician,"Plumbing Technician",1.1.3,1.1.2,https://downloads.wordpress.org/theme/plumbing-technician.1.1.3.zip,"2025-04-22 08:48:43",https://wordpress.org/themes/plumbing-technician/,5.5,7.2
sneakers-sports-shoes,"Sneakers Sports Shoes",1.1.1,1.1.0,https://downloads.wordpress.org/theme/sneakers-sports-shoes.1.1.1.zip,"2025-04-22 08:49:34",https://wordpress.org/themes/sneakers-sports-shoes/,5.3,7.2
cake-bakery,"Cake Bakery",0.2.9,0.2.8,https://downloads.wordpress.org/theme/cake-bakery.0.2.9.zip,"2025-04-22 09:35:39",https://wordpress.org/themes/cake-bakery/,5.0,7.2
decorative,Decorative,1.0.2,1.0.1,https://downloads.wordpress.org/theme/decorative.1.0.2.zip,"2025-04-22 10:16:42",https://wordpress.org/themes/decorative/,6.7,7.2
nursery-school,"Nursery School",1.2.0,1.1.9,https://downloads.wordpress.org/theme/nursery-school.1.2.0.zip,"2025-04-22 09:36:15",https://wordpress.org/themes/nursery-school/,5.0,7.2
organic-lite,"Organic Lite",1.1.6,1.1.5,https://downloads.wordpress.org/theme/organic-lite.1.1.6.zip,"2025-04-22 10:25:15",https://wordpress.org/themes/organic-lite/,6.7,7.2
arvita,Arvita,1.0.9,1.0.8,https://downloads.wordpress.org/theme/arvita.1.0.9.zip,"2025-04-22 10:58:52",https://wordpress.org/themes/arvita/,4.7,5.6
book-author-blog,"Book Author Blog",5.2.27,5.2.26,https://downloads.wordpress.org/theme/book-author-blog.5.2.27.zip,"2025-04-22 11:02:12",https://wordpress.org/themes/book-author-blog/,5.0,7.1
corpiva,Corpiva,1.0.55,1.0.54,https://downloads.wordpress.org/theme/corpiva.1.0.55.zip,"2025-04-22 10:56:57",https://wordpress.org/themes/corpiva/,4.7,5.6
corvia,Corvia,1.0.21,1.0.20,https://downloads.wordpress.org/theme/corvia.1.0.21.zip,"2025-04-22 10:57:51",https://wordpress.org/themes/corvia/,4.7,5.6
corvita,Corvita,1.0.30,1.0.29,https://downloads.wordpress.org/theme/corvita.1.0.30.zip,"2025-04-22 10:57:25",https://wordpress.org/themes/corvita/,4.7,5.6
daystory,DayStory,1.0.76,1.0.75,https://downloads.wordpress.org/theme/daystory.1.0.76.zip,"2025-04-22 10:50:00",https://wordpress.org/themes/daystory/,4.7,7.0
enrollment,Enrollment,1.0.11,1.0.10,https://downloads.wordpress.org/theme/enrollment.1.0.11.zip,"2025-04-22 11:08:38",https://wordpress.org/themes/enrollment/,5.6,7.2
flexiva,Flexiva,0.4,0.3,https://downloads.wordpress.org/theme/flexiva.0.4.zip,"2025-04-22 10:59:25",https://wordpress.org/themes/flexiva/,4.7,5.6
newsalert,NewsAlert,1.0.25,1.0.24,https://downloads.wordpress.org/theme/newsalert.1.0.25.zip,"2025-04-22 10:52:55",https://wordpress.org/themes/newsalert/,4.7,7.0
newsalt,NewsAlt,1.0.56,1.0.55,https://downloads.wordpress.org/theme/newsalt.1.0.56.zip,"2025-04-22 10:50:28",https://wordpress.org/themes/newsalt/,4.7,7.0
newsblogy,NewsBlogy,0.7,0.6,https://downloads.wordpress.org/theme/newsblogy.0.7.zip,"2025-04-22 10:53:41",https://wordpress.org/themes/newsblogy/,4.7,7.0
newsdaily,NewsDaily,1.0.78,1.0.77,https://downloads.wordpress.org/theme/newsdaily.1.0.78.zip,"2025-04-22 10:49:27",https://wordpress.org/themes/newsdaily/,4.7,7.0
newshours,NewsHours,1.0.47,1.0.46,https://downloads.wordpress.org/theme/newshours.1.0.47.zip,"2025-04-22 10:50:57",https://wordpress.org/themes/newshours/,4.7,7.0
newsmash,NewsMash,1.0.93,1.0.92,https://downloads.wordpress.org/theme/newsmash.1.0.93.zip,"2025-04-22 10:48:52",https://wordpress.org/themes/newsmash/,4.7,7.0
newsmunch,NewsMunch,1.0.57,1.0.56,https://downloads.wordpress.org/theme/newsmunch.1.0.57.zip,"2025-04-22 10:51:44",https://wordpress.org/themes/newsmunch/,4.7,7.0
newstick,NewsTick,1.0.54,1.0.53,https://downloads.wordpress.org/theme/newstick.1.0.54.zip,"2025-04-22 10:52:13",https://wordpress.org/themes/newstick/,4.7,7.0
oceanwp,OceanWP,4.0.8,4.0.7,https://downloads.wordpress.org/theme/oceanwp.4.0.8.zip,"2025-04-22 11:02:43",https://wordpress.org/themes/oceanwp/,5.6,7.4
softalt,SoftAlt,1.0.20,1.0.19,https://downloads.wordpress.org/theme/softalt.1.0.20.zip,"2025-04-22 10:58:25",https://wordpress.org/themes/softalt/,4.7,5.6
wisdom-blogger,"Wisdom Blogger",1.0.6,1.0.5,https://downloads.wordpress.org/theme/wisdom-blogger.1.0.6.zip,"2025-04-22 10:45:58",https://wordpress.org/themes/wisdom-blogger/,5.0,7.2
boutique-designer-shop,"Boutique Designer Shop",2.7,2.6,https://downloads.wordpress.org/theme/boutique-designer-shop.2.7.zip,"2025-04-22 11:50:42",https://wordpress.org/themes/boutique-designer-shop/,5.0,5.6
business-consulting-lite,"Business Consulting Lite",4.9,4.8,https://downloads.wordpress.org/theme/business-consulting-lite.4.9.zip,"2025-04-22 11:50:58",https://wordpress.org/themes/business-consulting-lite/,5.0,5.6
chiropractor-therapy,"Chiropractor Therapy",4.6,4.5,https://downloads.wordpress.org/theme/chiropractor-therapy.4.6.zip,"2025-04-22 11:51:36",https://wordpress.org/themes/chiropractor-therapy/,5.0,5.6
clothing-store,"Clothing Store",5.3,5.2,https://downloads.wordpress.org/theme/clothing-store.5.3.zip,"2025-04-22 11:51:15",https://wordpress.org/themes/clothing-store/,5.0,5.6
forest-nature,"Forest Nature",4.4,4.3,https://downloads.wordpress.org/theme/forest-nature.4.4.zip,"2025-04-22 11:51:42",https://wordpress.org/themes/forest-nature/,5.0,5.6
industrial-lite,"Industrial Lite",1.0.9,1.0.8,https://downloads.wordpress.org/theme/industrial-lite.1.0.9.zip,"2025-04-22 12:19:03",https://wordpress.org/themes/industrial-lite/,5.0,7.2
motivational-speaker,"Motivational Speaker",5.1,5.0,https://downloads.wordpress.org/theme/motivational-speaker.5.1.zip,"2025-04-22 11:52:04",https://wordpress.org/themes/motivational-speaker/,5.0,5.6
moving-company-lite,"Moving Company Lite",1.1.6,1.1.5,https://downloads.wordpress.org/theme/moving-company-lite.1.1.6.zip,"2025-04-22 12:19:54",https://wordpress.org/themes/moving-company-lite/,5.0,7.2
ppc-specialist,"PPC Specialist",4.1,4.0,https://downloads.wordpress.org/theme/ppc-specialist.4.1.zip,"2025-04-22 11:51:55",https://wordpress.org/themes/ppc-specialist/,5.0,5.6
recycling-energy,"Recycling Energy",4.7,4.6,https://downloads.wordpress.org/theme/recycling-energy.4.7.zip,"2025-04-22 11:52:17",https://wordpress.org/themes/recycling-energy/,5.0,5.6
senior-care-lite,"Senior Care Lite",4.6,4.5,https://downloads.wordpress.org/theme/senior-care-lite.4.6.zip,"2025-04-22 11:52:42",https://wordpress.org/themes/senior-care-lite/,5.0,5.6
seo-digital-marketing,"SEO Digital Marketing",4.0,3.9,https://downloads.wordpress.org/theme/seo-digital-marketing.4.0.zip,"2025-04-22 11:52:50",https://wordpress.org/themes/seo-digital-marketing/,5.0,5.6
t-shirt-clothing,"T-Shirt Clothing",4.8,4.7,https://downloads.wordpress.org/theme/t-shirt-clothing.4.8.zip,"2025-04-22 11:52:57",https://wordpress.org/themes/t-shirt-clothing/,5.0,5.6
vw-cleaning-company,"VW Cleaning Company",1.2,1.1.9,https://downloads.wordpress.org/theme/vw-cleaning-company.1.2.zip,"2025-04-22 12:20:48",https://wordpress.org/themes/vw-cleaning-company/,5.0,7.2
vw-construction-estate,"VW Construction Estate",1.4.6,1.4.5,https://downloads.wordpress.org/theme/vw-construction-estate.1.4.6.zip,"2025-04-22 12:20:57",https://wordpress.org/themes/vw-construction-estate/,5.0,7.2
vw-consulting,"VW Consulting",0.8.8,0.8.7,https://downloads.wordpress.org/theme/vw-consulting.0.8.8.zip,"2025-04-22 12:21:25",https://wordpress.org/themes/vw-consulting/,5.0,7.2
vw-real-estate,"VW Real Estate",2.6,2.5.9,https://downloads.wordpress.org/theme/vw-real-estate.2.6.zip,"2025-04-22 12:21:30",https://wordpress.org/themes/vw-real-estate/,5.0,7.2
appointo,Appointo,12.7,12.6,https://downloads.wordpress.org/theme/appointo.12.7.zip,"2025-04-22 13:32:43",https://wordpress.org/themes/appointo/,4.7,5.6
corpex,Corpex,7.2,7.1,https://downloads.wordpress.org/theme/corpex.7.2.zip,"2025-04-22 13:31:17",https://wordpress.org/themes/corpex/,4.7,5.6
eduvert,Eduvert,13.4,13.3,https://downloads.wordpress.org/theme/eduvert.13.4.zip,"2025-04-22 13:30:04",https://wordpress.org/themes/eduvert/,4.7,5.6
flavita,Flavita,13.2,13.1,https://downloads.wordpress.org/theme/flavita.13.2.zip,"2025-04-22 13:36:25",https://wordpress.org/themes/flavita/,4.7,5.6
gradiant,Gradiant,14.0,13.9,https://downloads.wordpress.org/theme/gradiant.14.0.zip,"2025-04-22 13:35:17",https://wordpress.org/themes/gradiant/,4.7,5.6
hantus,Hantus,14.4,14.3,https://downloads.wordpress.org/theme/hantus.14.4.zip,"2025-04-22 13:34:24",https://wordpress.org/themes/hantus/,4.7,5.6
indofinance,IndoFinance,1.0.2.3.8,1.0.2.3.7,https://downloads.wordpress.org/theme/indofinance.1.0.2.3.8.zip,"2025-04-22 13:03:54",https://wordpress.org/themes/indofinance/,,5.6
startkit,StartKit,15.6,15.5,https://downloads.wordpress.org/theme/startkit.15.6.zip,"2025-04-22 13:33:44",https://wordpress.org/themes/startkit/,4.7,5.6
villapress,VillaPress,4.5,4.4,https://downloads.wordpress.org/theme/villapress.4.5.zip,"2025-04-22 13:33:17",https://wordpress.org/themes/villapress/,,7.0
accron,Accron,1.8.5,1.8.4,https://downloads.wordpress.org/theme/accron.1.8.5.zip,"2025-04-22 13:41:31",https://wordpress.org/themes/accron/,4.7,5.6
avril,Avril,13.7,13.6,https://downloads.wordpress.org/theme/avril.13.7.zip,"2025-04-22 13:40:48",https://wordpress.org/themes/avril/,4.7,5.6
colorpress,ColorPress,13.1,13.0,https://downloads.wordpress.org/theme/colorpress.13.1.zip,"2025-04-22 13:39:17",https://wordpress.org/themes/colorpress/,4.7,5.6
conceptly,Conceptly,14.3,14.2,https://downloads.wordpress.org/theme/conceptly.14.3.zip,"2025-04-22 13:38:24",https://wordpress.org/themes/conceptly/,4.7,5.6
hybridmag,HybridMag,1.0.4,1.0.2,https://downloads.wordpress.org/theme/hybridmag.1.0.4.zip,"2025-04-22 14:26:17",https://wordpress.org/themes/hybridmag/,,7.0
magze,Magze,1.0.7,1.0.6,https://downloads.wordpress.org/theme/magze.1.0.7.zip,"2025-04-22 13:58:37",https://wordpress.org/themes/magze/,5.3,5.6
medazin,Medazin,11.1,11.0,https://downloads.wordpress.org/theme/medazin.11.1.zip,"2025-04-22 13:45:36",https://wordpress.org/themes/medazin/,4.7,5.6
minicart,MiniCart,1.0.6,1.0.5,https://downloads.wordpress.org/theme/minicart.1.0.6.zip,"2025-04-22 13:40:49",https://wordpress.org/themes/minicart/,4.7,5.6
nexcraft,NexCraft,6.0,5.9,https://downloads.wordpress.org/theme/nexcraft.6.0.zip,"2025-04-22 13:42:45",https://wordpress.org/themes/nexcraft/,4.7,5.6
paw-bazaar,"Paw Bazaar",2.4,2.3,https://downloads.wordpress.org/theme/paw-bazaar.2.4.zip,"2025-04-22 14:09:49",https://wordpress.org/themes/paw-bazaar/,,5.6
pet-bazaar,"Pet Bazaar",3.1,3.0,https://downloads.wordpress.org/theme/pet-bazaar.3.1.zip,"2025-04-22 14:11:10",https://wordpress.org/themes/pet-bazaar/,4.7,5.6
pet-store,"Pet Store",2.0,1.9,https://downloads.wordpress.org/theme/pet-store.2.0.zip,"2025-04-22 14:10:26",https://wordpress.org/themes/pet-store/,,5.6
shopire,Shopire,1.0.16,1.0.15,https://downloads.wordpress.org/theme/shopire.1.0.16.zip,"2025-04-22 13:40:31",https://wordpress.org/themes/shopire/,4.7,5.6
hybridmag,HybridMag,1.0.5,1.0.4,https://downloads.wordpress.org/theme/hybridmag.1.0.5.zip,"2025-04-22 14:54:44",https://wordpress.org/themes/hybridmag/,,7.0
book-review-blog,"Book Review Blog",1.2.4,1.2.3,https://downloads.wordpress.org/theme/book-review-blog.1.2.4.zip,"2025-04-22 16:10:37",https://wordpress.org/themes/book-review-blog/,5.0,7.1
skincues-lite,"Skincues Lite",2.0,1.2.2,https://downloads.wordpress.org/theme/skincues-lite.2.0.zip,"2025-04-22 16:07:15",https://wordpress.org/themes/skincues-lite/,5.9,7.4
author-portfolio,"Author Portfolio",4.2.21,4.2.20,https://downloads.wordpress.org/theme/author-portfolio.4.2.21.zip,"2025-04-22 16:59:58",https://wordpress.org/themes/author-portfolio/,5.0,7.1
kenta,Kenta,1.4.8,1.4.7,https://downloads.wordpress.org/theme/kenta.1.4.8.zip,"2025-04-23 00:20:01",https://wordpress.org/themes/kenta/,,7.4
yuki,Yuki,1.4.7,1.4.6,https://downloads.wordpress.org/theme/yuki.1.4.7.zip,"2025-04-23 00:19:16",https://wordpress.org/themes/yuki/,,7.4
alpha-travel-vacations,"Alpha Travel Vacations",1.1,,https://downloads.wordpress.org/theme/alpha-travel-vacations.1.1.zip,"2025-04-23 01:16:00",https://wordpress.org/themes/alpha-travel-vacations/,5.9,5.6
laundry-care,"Laundry Care",0.1,,https://downloads.wordpress.org/theme/laundry-care.0.1.zip,"2025-04-23 01:16:14",https://wordpress.org/themes/laundry-care/,,5.6
the9-storefront,"The9 Storefront",1.0.0,,https://downloads.wordpress.org/theme/the9-storefront.1.0.0.zip,"2025-04-23 01:31:40",https://wordpress.org/themes/the9-storefront/,5.0,7.0
author-personal-blog,"Author Personal Blog",3.2.34,3.2.33,https://downloads.wordpress.org/theme/author-personal-blog.3.2.34.zip,"2025-04-23 02:16:09",https://wordpress.org/themes/author-personal-blog/,4.9,7.1
writers-portfolio,"Writers Portfolio",1.2.7,1.2.5,https://downloads.wordpress.org/theme/writers-portfolio.1.2.7.zip,"2025-04-23 03:26:27",https://wordpress.org/themes/writers-portfolio/,5.0,7.1
summer-fashion-store,"Summer Fashion Store",1.0,,https://downloads.wordpress.org/theme/summer-fashion-store.1.0.zip,"2025-04-23 03:31:44",https://wordpress.org/themes/summer-fashion-store/,,5.6
career-consultant,"Career Consultant",2.1,2.0,https://downloads.wordpress.org/theme/career-consultant.2.1.zip,"2025-04-23 03:49:09",https://wordpress.org/themes/career-consultant/,5.0,5.6
conference-event-planner,"Conference Event Planner",2.7,2.6,https://downloads.wordpress.org/theme/conference-event-planner.2.7.zip,"2025-04-23 03:49:55",https://wordpress.org/themes/conference-event-planner/,5.0,5.6
fitness-exercise-hub,"Fitness Exercise Hub",4.3,4.2,https://downloads.wordpress.org/theme/fitness-exercise-hub.4.3.zip,"2025-04-23 03:50:36",https://wordpress.org/themes/fitness-exercise-hub/,5.0,5.6
food-blogger-hub,"Food Blogger Hub",1.9,1.8,https://downloads.wordpress.org/theme/food-blogger-hub.1.9.zip,"2025-04-23 03:51:30",https://wordpress.org/themes/food-blogger-hub/,5.0,5.6
ice-cream-parlor,"Ice Cream Parlor",1.9,1.8,https://downloads.wordpress.org/theme/ice-cream-parlor.1.9.zip,"2025-04-23 03:52:17",https://wordpress.org/themes/ice-cream-parlor/,5.0,5.6
saaslauncher,SaasLauncher,1.1.4,1.1.3,https://downloads.wordpress.org/theme/saaslauncher.1.1.4.zip,"2025-04-23 04:32:19",https://wordpress.org/themes/saaslauncher/,5.9,7.0
videographer-studio,"Videographer Studio",1.7,1.6,https://downloads.wordpress.org/theme/videographer-studio.1.7.zip,"2025-04-23 03:53:27",https://wordpress.org/themes/videographer-studio/,5.0,5.6
redleaf,Redleaf,2.0.7,,https://downloads.wordpress.org/theme/redleaf.2.0.7.zip,"2025-04-23 04:16:09",https://wordpress.org/themes/redleaf/,5.0,7.2
quantumshop,Quantumshop,2.0,1.9,https://downloads.wordpress.org/theme/quantumshop.2.0.zip,"2025-04-23 05:03:53",https://wordpress.org/themes/quantumshop/,6.0,7.0
eco-landscaping,"Eco Landscaping",1.0,,https://downloads.wordpress.org/theme/eco-landscaping.1.0.zip,"2025-04-23 04:46:04",https://wordpress.org/themes/eco-landscaping/,5.5,5.6
smart-construction,"Smart Construction",1.3,,https://downloads.wordpress.org/theme/smart-construction.1.3.zip,"2025-04-23 05:31:45",https://wordpress.org/themes/smart-construction/,5.2,7.0
consultingwp,ConsultingWP,1.5,1.4,https://downloads.wordpress.org/theme/consultingwp.1.5.zip,"2025-04-23 06:25:12",https://wordpress.org/themes/consultingwp/,6.4,7.0
deep-cleaning,"Deep Cleaning",0.0.4,0.0.3,https://downloads.wordpress.org/theme/deep-cleaning.0.0.4.zip,"2025-04-23 06:23:34",https://wordpress.org/themes/deep-cleaning/,5.0,7.2
dog-breeder,"Dog Breeder",0.5.2,0.5.1,https://downloads.wordpress.org/theme/dog-breeder.0.5.2.zip,"2025-04-23 06:23:48",https://wordpress.org/themes/dog-breeder/,5.0,7.2
futuristic-architecture,"Futuristic Architecture",0.0.3,0.0.2,https://downloads.wordpress.org/theme/futuristic-architecture.0.0.3.zip,"2025-04-23 06:24:21",https://wordpress.org/themes/futuristic-architecture/,5.0,7.2
goldy-mex,"Goldy Mex",1.0.51,1.0.41,https://downloads.wordpress.org/theme/goldy-mex.1.0.51.zip,"2025-04-23 06:09:11",https://wordpress.org/themes/goldy-mex/,,7.0
hs-second-agency,"HS Second Agency",0.0.4,0.0.3,https://downloads.wordpress.org/theme/hs-second-agency.0.0.4.zip,"2025-04-23 05:50:09",https://wordpress.org/themes/hs-second-agency/,4.7,5.6
lms-education-study,"LMS Education Study",0.1.7,0.1.6,https://downloads.wordpress.org/theme/lms-education-study.0.1.7.zip,"2025-04-23 06:24:42",https://wordpress.org/themes/lms-education-study/,5.0,7.2
moviemaker,Moviemaker,0.0.7,0.0.6,https://downloads.wordpress.org/theme/moviemaker.0.0.7.zip,"2025-04-23 06:24:50",https://wordpress.org/themes/moviemaker/,5.0,7.2
nonprofit-organization,"Nonprofit Organization",4.7,4.6,https://downloads.wordpress.org/theme/nonprofit-organization.4.7.zip,"2025-04-23 06:04:02",https://wordpress.org/themes/nonprofit-organization/,5.0,7.2
personal-coach-lite,"Personal Coach Lite",0.0.9,0.0.8,https://downloads.wordpress.org/theme/personal-coach-lite.0.0.9.zip,"2025-04-23 06:25:16",https://wordpress.org/themes/personal-coach-lite/,5.0,7.2
pest-control-lite,"Pest Control Lite",4.7,4.6,https://downloads.wordpress.org/theme/pest-control-lite.4.7.zip,"2025-04-23 06:04:21",https://wordpress.org/themes/pest-control-lite/,5.0,7.2
realestate-agent,"Realestate Agent",4.6,4.5,https://downloads.wordpress.org/theme/realestate-agent.4.6.zip,"2025-04-23 06:04:57",https://wordpress.org/themes/realestate-agent/,5.0,7.2
recipe-maker,"Recipe Maker",0.0.5,0.0.4,https://downloads.wordpress.org/theme/recipe-maker.0.0.5.zip,"2025-04-23 06:25:41",https://wordpress.org/themes/recipe-maker/,5.0,7.2
seo-marketing-expert,"SEO Marketing Expert",4.8,4.7,https://downloads.wordpress.org/theme/seo-marketing-expert.4.8.zip,"2025-04-23 06:05:00",https://wordpress.org/themes/seo-marketing-expert/,5.0,7.2
smart-cleaning-services,"Smart Cleaning Services",0.5,0.4.9,https://downloads.wordpress.org/theme/smart-cleaning-services.0.5.zip,"2025-04-23 06:26:19",https://wordpress.org/themes/smart-cleaning-services/,5.0,7.2
smart-cleaning,"Smart Cleaning",4.6.5,4.6.4,https://downloads.wordpress.org/theme/smart-cleaning.4.6.5.zip,"2025-04-23 06:26:08",https://wordpress.org/themes/smart-cleaning/,5.0,7.2
spa-sauna,"Spa Sauna",0.0.4,0.0.3,https://downloads.wordpress.org/theme/spa-sauna.0.0.4.zip,"2025-04-23 06:27:37",https://wordpress.org/themes/spa-sauna/,5.0,7.2
web-hosting-lite,"Web Hosting Lite",4.6,4.5,https://downloads.wordpress.org/theme/web-hosting-lite.4.6.zip,"2025-04-23 06:05:36",https://wordpress.org/themes/web-hosting-lite/,5.0,7.2
interior-design-firm,"Interior Design Firm",1.0,,https://downloads.wordpress.org/theme/interior-design-firm.1.0.zip,"2025-04-23 06:31:50",https://wordpress.org/themes/interior-design-firm/,6.1,5.6
news-promo,"News Promo",1.0.0,,https://downloads.wordpress.org/theme/news-promo.1.0.0.zip,"2025-04-23 06:01:10",https://wordpress.org/themes/news-promo/,5.6,7.2
online-electro-store,"Online Electro Store",1.0.0,,https://downloads.wordpress.org/theme/online-electro-store.1.0.0.zip,"2025-04-23 05:46:08",https://wordpress.org/themes/online-electro-store/,5.9,5.6
wens-vibes,"WENS Vibes",1.0.0,,https://downloads.wordpress.org/theme/wens-vibes.1.0.0.zip,"2025-04-23 05:46:14",https://wordpress.org/themes/wens-vibes/,6.0,7.4
cctv-security,"CCTV Security",2.0.1,2.0.0,https://downloads.wordpress.org/theme/cctv-security.2.0.1.zip,"2025-04-23 07:01:30",https://wordpress.org/themes/cctv-security/,5.0,7.2
corporatecrafter,CorporateCrafter,1.2,1.1,https://downloads.wordpress.org/theme/corporatecrafter.1.2.zip,"2025-04-23 07:29:01",https://wordpress.org/themes/corporatecrafter/,6.0,7.0
expert-consultant,"Expert Consultant",1.9,1.8,https://downloads.wordpress.org/theme/expert-consultant.1.9.zip,"2025-04-23 07:02:03",https://wordpress.org/themes/expert-consultant/,5.0,7.2
expert-teacher,"Expert Teacher",2.0.0,1.9,https://downloads.wordpress.org/theme/expert-teacher.2.0.0.zip,"2025-04-23 07:02:32",https://wordpress.org/themes/expert-teacher/,5.0,7.2
fashionfusion,FashionFusion,1.4,1.3,https://downloads.wordpress.org/theme/fashionfusion.1.4.zip,"2025-04-23 07:17:31",https://wordpress.org/themes/fashionfusion/,,7.0
newsnest,NewsNest,1.7,1.6,https://downloads.wordpress.org/theme/newsnest.1.7.zip,"2025-04-23 06:50:29",https://wordpress.org/themes/newsnest/,6.0,7.0
product-industry,"Product Industry",0.2.9,0.2.8,https://downloads.wordpress.org/theme/product-industry.0.2.9.zip,"2025-04-23 07:02:57",https://wordpress.org/themes/product-industry/,5.0,7.2
refrigerator-repair,"Refrigerator Repair",0.3.0,0.2.9,https://downloads.wordpress.org/theme/refrigerator-repair.0.3.0.zip,"2025-04-23 07:03:28",https://wordpress.org/themes/refrigerator-repair/,5.0,7.2
viral-express,"Viral Express",1.0.4,1.0.3,https://downloads.wordpress.org/theme/viral-express.1.0.4.zip,"2025-04-23 06:59:18",https://wordpress.org/themes/viral-express/,,7.4
aromatic,Aromatic,19.2,19.1,https://downloads.wordpress.org/theme/aromatic.19.2.zip,"2025-04-23 07:55:47",https://wordpress.org/themes/aromatic/,4.7,5.6
aster-bike-rental,"Aster Bike Rental",1.8,1.7,https://downloads.wordpress.org/theme/aster-bike-rental.1.8.zip,"2025-04-23 08:05:52",https://wordpress.org/themes/aster-bike-rental/,,7.4
aster-photography,"Aster Photography",2.1,2.0,https://downloads.wordpress.org/theme/aster-photography.2.1.zip,"2025-04-23 08:06:09",https://wordpress.org/themes/aster-photography/,,7.4
aster-startup,"Aster Startup",1.6,1.5,https://downloads.wordpress.org/theme/aster-startup.1.6.zip,"2025-04-23 08:06:38",https://wordpress.org/themes/aster-startup/,,7.4
aster-travel-blog,"Aster Travel Blog",1.2,1.1,https://downloads.wordpress.org/theme/aster-travel-blog.1.2.zip,"2025-04-23 08:06:53",https://wordpress.org/themes/aster-travel-blog/,,7.4
ayroma,Ayroma,18.6,18.5,https://downloads.wordpress.org/theme/ayroma.18.6.zip,"2025-04-23 07:54:49",https://wordpress.org/themes/ayroma/,4.7,5.6
book-author-template,"Book Author Template",1.1.3,1.1.2,https://downloads.wordpress.org/theme/book-author-template.1.1.3.zip,"2025-04-23 07:51:52",https://wordpress.org/themes/book-author-template/,5.0,7.1
burger-joint,"Burger Joint",1.0.6,1.0.5,https://downloads.wordpress.org/theme/burger-joint.1.0.6.zip,"2025-04-23 08:07:20",https://wordpress.org/themes/burger-joint/,,7.2
cat-groomer,"Cat Groomer",1.5,1.4,https://downloads.wordpress.org/theme/cat-groomer.1.5.zip,"2025-04-23 08:07:37",https://wordpress.org/themes/cat-groomer/,,7.4
cleaning-services-agent,"Cleaning Services Agent",1.4,1.3,https://downloads.wordpress.org/theme/cleaning-services-agent.1.4.zip,"2025-04-23 08:08:38",https://wordpress.org/themes/cleaning-services-agent/,,7.4
express-store,"Express Store",14.7,14.6,https://downloads.wordpress.org/theme/express-store.14.7.zip,"2025-04-23 07:54:10",https://wordpress.org/themes/express-store/,,5.6
feauty,Feauty,18.5,18.4,https://downloads.wordpress.org/theme/feauty.18.5.zip,"2025-04-23 07:59:52",https://wordpress.org/themes/feauty/,4.7,5.6
flexi-mart,"Flexi Mart",5.7,5.6,https://downloads.wordpress.org/theme/flexi-mart.5.7.zip,"2025-04-23 07:59:12",https://wordpress.org/themes/flexi-mart/,,5.6
flossy,Flossy,11.0,10.9,https://downloads.wordpress.org/theme/flossy.11.0.zip,"2025-04-23 07:58:42",https://wordpress.org/themes/flossy/,4.7,5.6
flow-store,"Flow Store",6.8,6.7,https://downloads.wordpress.org/theme/flow-store.6.8.zip,"2025-04-23 07:57:54",https://wordpress.org/themes/flow-store/,,5.6
pet-bazaar,"Pet Bazaar",3.2,3.1,https://downloads.wordpress.org/theme/pet-bazaar.3.2.zip,"2025-04-23 07:52:56",https://wordpress.org/themes/pet-bazaar/,4.7,5.6
pet-store,"Pet Store",2.1,2.0,https://downloads.wordpress.org/theme/pet-store.2.1.zip,"2025-04-23 07:52:17",https://wordpress.org/themes/pet-store/,,5.6
retailsy,Retailsy,18.5,18.4,https://downloads.wordpress.org/theme/retailsy.18.5.zip,"2025-04-23 07:57:19",https://wordpress.org/themes/retailsy/,4.7,5.6
shopient,Shopient,18.5,18.4,https://downloads.wordpress.org/theme/shopient.18.5.zip,"2025-04-23 07:51:47",https://wordpress.org/themes/shopient/,4.7,5.6
shopiva,Shopiva,18.5,18.4,https://downloads.wordpress.org/theme/shopiva.18.5.zip,"2025-04-23 07:51:16",https://wordpress.org/themes/shopiva/,4.7,5.6
shoply,Shoply,18.6,18.5,https://downloads.wordpress.org/theme/shoply.18.6.zip,"2025-04-23 07:50:46",https://wordpress.org/themes/shoply/,4.7,5.6
storefit,Storefit,13.2,13.1,https://downloads.wordpress.org/theme/storefit.13.2.zip,"2025-04-23 07:56:11",https://wordpress.org/themes/storefit/,,5.6
storely,Storely,19.0,18.9,https://downloads.wordpress.org/theme/storely.19.0.zip,"2025-04-23 07:50:23",https://wordpress.org/themes/storely/,4.7,5.6
storess,Storess,18.5,18.4,https://downloads.wordpress.org/theme/storess.18.5.zip,"2025-04-23 07:49:53",https://wordpress.org/themes/storess/,4.7,5.6
storezia,Storezia,18.6,18.5,https://downloads.wordpress.org/theme/storezia.18.6.zip,"2025-04-23 07:46:45",https://wordpress.org/themes/storezia/,4.7,5.6
awpbusinesspress,AwpBusinessPress,0.6.9,0.6.8,https://downloads.wordpress.org/theme/awpbusinesspress.0.6.9.zip,"2025-04-23 10:16:14",https://wordpress.org/themes/awpbusinesspress/,,5.4
nextawards,Nextawards,1.6.7,1.6.5,https://downloads.wordpress.org/theme/nextawards.1.6.7.zip,"2025-04-23 10:29:14",https://wordpress.org/themes/nextawards/,,5.6
nexter,Nexter,4.0.5,4.0.4,https://downloads.wordpress.org/theme/nexter.4.0.5.zip,"2025-04-23 10:08:18",https://wordpress.org/themes/nexter/,4.7,5.6
architecture-designer,"Architecture Designer",1.1.6,1.1.5,https://downloads.wordpress.org/theme/architecture-designer.1.1.6.zip,"2025-04-23 11:04:01",https://wordpress.org/themes/architecture-designer/,,5.6
automotive-centre,"Automotive Centre",1.2.6,1.2.5,https://downloads.wordpress.org/theme/automotive-centre.1.2.6.zip,"2025-04-23 11:16:18",https://wordpress.org/themes/automotive-centre/,,7.2
avantex,Avantex,0.3.2,0.3.1,https://downloads.wordpress.org/theme/avantex.0.3.2.zip,"2025-04-23 10:36:50",https://wordpress.org/themes/avantex/,,7.4
caresoft,CareSoft,1.0.78,1.0.77,https://downloads.wordpress.org/theme/caresoft.1.0.78.zip,"2025-04-23 11:01:02",https://wordpress.org/themes/caresoft/,4.7,5.6
cozysoft,CozySoft,1.0.95,1.0.94,https://downloads.wordpress.org/theme/cozysoft.1.0.95.zip,"2025-04-23 11:00:29",https://wordpress.org/themes/cozysoft/,4.7,5.6
easytech,EasyTech,1.0.68,1.0.67,https://downloads.wordpress.org/theme/easytech.1.0.68.zip,"2025-04-23 11:02:02",https://wordpress.org/themes/easytech/,4.7,5.6
jewellery-lite,"Jewellery Lite",1.3.1,1.3,https://downloads.wordpress.org/theme/jewellery-lite.1.3.1.zip,"2025-04-23 11:16:42",https://wordpress.org/themes/jewellery-lite/,5.0,7.2
law-firm-lite,"Law Firm Lite",1.2.1,1.2,https://downloads.wordpress.org/theme/law-firm-lite.1.2.1.zip,"2025-04-23 11:16:58",https://wordpress.org/themes/law-firm-lite/,5.0,7.2
softinn,Softinn,1.0.94,1.0.93,https://downloads.wordpress.org/theme/softinn.1.0.94.zip,"2025-04-23 10:59:58",https://wordpress.org/themes/softinn/,4.7,5.6
softme,SoftMe,1.1.5,1.1.4,https://downloads.wordpress.org/theme/softme.1.1.5.zip,"2025-04-23 10:59:27",https://wordpress.org/themes/softme/,4.7,5.6
softmunch,SoftMunch,1.0.44,1.0.43,https://downloads.wordpress.org/theme/softmunch.1.0.44.zip,"2025-04-23 11:03:04",https://wordpress.org/themes/softmunch/,4.7,5.6
suntech,Suntech,1.0.72,1.0.71,https://downloads.wordpress.org/theme/suntech.1.0.72.zip,"2025-04-23 11:01:32",https://wordpress.org/themes/suntech/,4.7,5.6
super-salon,"Super Salon",0.2.4,0.2.3,https://downloads.wordpress.org/theme/super-salon.0.2.4.zip,"2025-04-23 11:04:47",https://wordpress.org/themes/super-salon/,,5.6
truesoft,TrueSoft,1.0.51,1.0.50,https://downloads.wordpress.org/theme/truesoft.1.0.51.zip,"2025-04-23 11:02:34",https://wordpress.org/themes/truesoft/,4.7,5.6
vw-dentist,"VW Dentist",1.3.7,1.3.6,https://downloads.wordpress.org/theme/vw-dentist.1.3.7.zip,"2025-04-23 11:17:20",https://wordpress.org/themes/vw-dentist/,5.0,7.2
vw-eco-nature,"VW Eco Nature",1.3.5,1.3.4,https://downloads.wordpress.org/theme/vw-eco-nature.1.3.5.zip,"2025-04-23 11:17:40",https://wordpress.org/themes/vw-eco-nature/,5.0,7.2
vw-education-academy,"VW Education Academy",1.3.8,1.3.7,https://downloads.wordpress.org/theme/vw-education-academy.1.3.8.zip,"2025-04-23 11:17:54",https://wordpress.org/themes/vw-education-academy/,5.0,7.2
vw-personal-trainer,"VW Personal Trainer",1.2.3,1.2.2,https://downloads.wordpress.org/theme/vw-personal-trainer.1.2.3.zip,"2025-04-23 11:18:08",https://wordpress.org/themes/vw-personal-trainer/,5.0,7.2
acronix,Acronix,1.5.6,1.5.5,https://downloads.wordpress.org/theme/acronix.1.5.6.zip,"2025-04-23 12:40:01",https://wordpress.org/themes/acronix/,,5.6
aera,Aera,13.2,13.1,https://downloads.wordpress.org/theme/aera.13.2.zip,"2025-04-23 12:44:20",https://wordpress.org/themes/aera/,4.7,5.6
ameya,Ameya,13.1,13.0,https://downloads.wordpress.org/theme/ameya.13.1.zip,"2025-04-23 12:43:55",https://wordpress.org/themes/ameya/,4.7,5.6
aravalli,Aravalli,13.4,13.3,https://downloads.wordpress.org/theme/aravalli.13.4.zip,"2025-04-23 12:54:49",https://wordpress.org/themes/aravalli/,4.7,5.6
arbuda,Arbuda,13.0,12.9,https://downloads.wordpress.org/theme/arbuda.13.0.zip,"2025-04-23 12:39:27",https://wordpress.org/themes/arbuda/,4.7,5.6
belltech,Belltech,13.0,12.9,https://downloads.wordpress.org/theme/belltech.13.0.zip,"2025-04-23 12:43:29",https://wordpress.org/themes/belltech/,4.7,5.6
boostify,Boostify,13.4,13.3,https://downloads.wordpress.org/theme/boostify.13.4.zip,"2025-04-23 12:54:18",https://wordpress.org/themes/boostify/,4.7,5.6
builderse,Builderse,11.4,11.3,https://downloads.wordpress.org/theme/builderse.11.4.zip,"2025-04-23 12:41:13",https://wordpress.org/themes/builderse/,4.7,5.6
colorflow,ColorFlow,2.4,2.3,https://downloads.wordpress.org/theme/colorflow.2.4.zip,"2025-04-23 12:42:56",https://wordpress.org/themes/colorflow/,4.7,5.6
colorsy,Colorsy,13.0,12.9,https://downloads.wordpress.org/theme/colorsy.13.0.zip,"2025-04-23 12:49:14",https://wordpress.org/themes/colorsy/,4.7,5.6
convo,Convo,8.3,8.2,https://downloads.wordpress.org/theme/convo.8.3.zip,"2025-04-23 12:53:50",https://wordpress.org/themes/convo/,,7.0
cosmics,Cosmics,13.0,12.9,https://downloads.wordpress.org/theme/cosmics.13.0.zip,"2025-04-23 12:44:51",https://wordpress.org/themes/cosmics/,4.7,5.6
eractor,Eractor,11.0,10.9,https://downloads.wordpress.org/theme/eractor.11.0.zip,"2025-04-23 12:40:48",https://wordpress.org/themes/eractor/,4.7,5.6
eventplus,EventPlus,12.7,12.6,https://downloads.wordpress.org/theme/eventplus.12.7.zip,"2025-04-23 12:51:48",https://wordpress.org/themes/eventplus/,4.7,5.6
evita,Evita,1.6.7,1.6.6,https://downloads.wordpress.org/theme/evita.1.6.7.zip,"2025-04-23 12:51:20",https://wordpress.org/themes/evita/,,5.6
fiona-blog,"Fiona Blog",13.5,13.4,https://downloads.wordpress.org/theme/fiona-blog.13.5.zip,"2025-04-23 12:53:28",https://wordpress.org/themes/fiona-blog/,4.7,5.6
fiona-food,"Fiona Food",13.2,13.1,https://downloads.wordpress.org/theme/fiona-food.13.2.zip,"2025-04-23 12:40:29",https://wordpress.org/themes/fiona-food/,4.7,5.6
gradiantx,GradiantX,2.3,2.2,https://downloads.wordpress.org/theme/gradiantx.2.3.zip,"2025-04-23 12:52:54",https://wordpress.org/themes/gradiantx/,4.7,5.6
metasoft,MetaSoft,13.4,13.3,https://downloads.wordpress.org/theme/metasoft.13.4.zip,"2025-04-23 12:52:21",https://wordpress.org/themes/metasoft/,4.7,5.6
renoval,Renoval,12.7,12.6,https://downloads.wordpress.org/theme/renoval.12.7.zip,"2025-04-23 12:50:36",https://wordpress.org/themes/renoval/,4.7,5.6
startbiz,StartBiz,14.0,13.9,https://downloads.wordpress.org/theme/startbiz.14.0.zip,"2025-04-23 12:42:13",https://wordpress.org/themes/startbiz/,4.7,5.6
startweb,StartWeb,13.3,13.2,https://downloads.wordpress.org/theme/startweb.13.3.zip,"2025-04-23 12:49:54",https://wordpress.org/themes/startweb/,4.7,5.6
varuda,Varuda,13.1,13.0,https://downloads.wordpress.org/theme/varuda.13.1.zip,"2025-04-23 12:41:32",https://wordpress.org/themes/varuda/,4.7,5.6
one-elementor,"One Elementor",1.1.6,1.1.5,https://downloads.wordpress.org/theme/one-elementor.1.1.6.zip,"2025-04-23 13:51:52",https://wordpress.org/themes/one-elementor/,,7.1
electronic-store,"Electronic Store",1.0.6,1.0.5,https://downloads.wordpress.org/theme/electronic-store.1.0.6.zip,"2025-04-23 14:39:20",https://wordpress.org/themes/electronic-store/,5.0,7.1
haley,Haley,1.0.8,1.0.7,https://downloads.wordpress.org/theme/haley.1.0.8.zip,"2025-04-23 14:48:03",https://wordpress.org/themes/haley/,,5.3
book-blogger,"Book Blogger",1.1.0,1.0.9,https://downloads.wordpress.org/theme/book-blogger.1.1.0.zip,"2025-04-23 15:56:25",https://wordpress.org/themes/book-blogger/,5.0,7.1
classic-business,"Classic Business",3.4,3.3.9,https://downloads.wordpress.org/theme/classic-business.3.4.zip,"2025-04-23 15:33:00",https://wordpress.org/themes/classic-business/,5.0,5.6
classic-dentist-clinic,"Classic Dentist Clinic",0.2.4,0.2.3,https://downloads.wordpress.org/theme/classic-dentist-clinic.0.2.4.zip,"2025-04-23 15:33:44",https://wordpress.org/themes/classic-dentist-clinic/,5.0,5.6
classic-fashion-blog,"Classic Fashion Blog",0.2.4,0.2.3,https://downloads.wordpress.org/theme/classic-fashion-blog.0.2.4.zip,"2025-04-23 15:34:43",https://wordpress.org/themes/classic-fashion-blog/,5.0,5.6
classic-kids-store,"Classic Kids Store",2.8.3,2.8.2,https://downloads.wordpress.org/theme/classic-kids-store.2.8.3.zip,"2025-04-23 15:35:41",https://wordpress.org/themes/classic-kids-store/,5.0,5.6
classic-kindergarten,"Classic Kindergarten",2.3,2.2.9,https://downloads.wordpress.org/theme/classic-kindergarten.2.3.zip,"2025-04-23 15:36:21",https://wordpress.org/themes/classic-kindergarten/,5.0,5.6
classic-law-firm,"Classic Law Firm",0.1.8,0.1.7,https://downloads.wordpress.org/theme/classic-law-firm.0.1.8.zip,"2025-04-23 15:37:16",https://wordpress.org/themes/classic-law-firm/,5.0,5.6
freelancer-plus,"Freelancer Plus",4.6.2,4.6.1,https://downloads.wordpress.org/theme/freelancer-plus.4.6.2.zip,"2025-04-23 15:38:51",https://wordpress.org/themes/freelancer-plus/,5.0,5.6
internet-provider,"Internet Provider",5.3.1,5.3,https://downloads.wordpress.org/theme/internet-provider.5.3.1.zip,"2025-04-23 15:39:35",https://wordpress.org/themes/internet-provider/,5.0,5.6
kindergarten-school,"Kindergarten School",5.3.2,5.3.1,https://downloads.wordpress.org/theme/kindergarten-school.5.3.2.zip,"2025-04-23 15:39:20",https://wordpress.org/themes/kindergarten-school/,5.0,5.6
mediquip-plus,"Mediquip Plus",3.2.9,3.2.8,https://downloads.wordpress.org/theme/mediquip-plus.3.2.9.zip,"2025-04-23 15:39:55",https://wordpress.org/themes/mediquip-plus/,5.0,5.6
perfume-store,"Perfume Store",0.2.2,0.2.1,https://downloads.wordpress.org/theme/perfume-store.0.2.2.zip,"2025-04-23 15:39:46",https://wordpress.org/themes/perfume-store/,5.0,5.6
twenty-minutes,"Twenty Minutes",2.7,2.6.9,https://downloads.wordpress.org/theme/twenty-minutes.2.7.zip,"2025-04-23 15:40:36",https://wordpress.org/themes/twenty-minutes/,5.0,5.6
waste-management,"Waste Management",0.1.2,0.1.1,https://downloads.wordpress.org/theme/waste-management.0.1.2.zip,"2025-04-23 15:41:38",https://wordpress.org/themes/waste-management/,5.0,5.6
blockskit-accounting,"Blockskit Accounting",1.0.0,,https://downloads.wordpress.org/theme/blockskit-accounting.1.0.0.zip,"2025-04-23 22:46:02",https://wordpress.org/themes/blockskit-accounting/,6.0,5.6
emerge-business,"Emerge Business",1.0.1,,https://downloads.wordpress.org/theme/emerge-business.1.0.1.zip,"2025-04-23 23:16:05",https://wordpress.org/themes/emerge-business/,6.3,7.4
anamio,Anamio,13.7,13.6,https://downloads.wordpress.org/theme/anamio.13.7.zip,"2025-04-24 01:00:00",https://wordpress.org/themes/anamio/,4.7,5.6
appointable,Appointable,12.7,12.6,https://downloads.wordpress.org/theme/appointable.12.7.zip,"2025-04-24 01:02:59",https://wordpress.org/themes/appointable/,4.7,5.6
arkbiz,ArkBiz,12.7,12.6,https://downloads.wordpress.org/theme/arkbiz.12.7.zip,"2025-04-24 01:03:19",https://wordpress.org/themes/arkbiz/,4.7,5.6
avira,Avira,14.7,14.6,https://downloads.wordpress.org/theme/avira.14.7.zip,"2025-04-24 00:57:23",https://wordpress.org/themes/avira/,4.7,5.6
benzer,Benzer,14.7,14.6,https://downloads.wordpress.org/theme/benzer.14.7.zip,"2025-04-24 00:57:47",https://wordpress.org/themes/benzer/,4.7,5.6
cartable,Cartable,12.7,12.6,https://downloads.wordpress.org/theme/cartable.12.7.zip,"2025-04-24 01:05:58",https://wordpress.org/themes/cartable/,4.7,5.6
daizy,Daizy,12.5,12.4,https://downloads.wordpress.org/theme/daizy.12.5.zip,"2025-04-24 01:00:26",https://wordpress.org/themes/daizy/,4.7,5.6
envitech,Envitech,6.2,6.1,https://downloads.wordpress.org/theme/envitech.6.2.zip,"2025-04-24 00:58:11",https://wordpress.org/themes/envitech/,,7.0
exnova,Exnova,4.0,3.9,https://downloads.wordpress.org/theme/exnova.4.0.zip,"2025-04-24 00:58:31",https://wordpress.org/themes/exnova/,4.7,5.6
fabify,Fabify,14.7,14.6,https://downloads.wordpress.org/theme/fabify.14.7.zip,"2025-04-24 00:58:54",https://wordpress.org/themes/fabify/,4.7,5.6
ferio,Ferio,5.5,5.4,https://downloads.wordpress.org/theme/ferio.5.5.zip,"2025-04-24 01:00:54",https://wordpress.org/themes/ferio/,4.7,5.6
fortify,Fortify,4.7,4.6,https://downloads.wordpress.org/theme/fortify.4.7.zip,"2025-04-24 01:03:50",https://wordpress.org/themes/fortify/,4.7,5.6
gruj,Gruj,13.7,13.6,https://downloads.wordpress.org/theme/gruj.13.7.zip,"2025-04-24 01:01:18",https://wordpress.org/themes/gruj/,4.7,5.6
heropress,HeroPress,14.7,14.6,https://downloads.wordpress.org/theme/heropress.14.7.zip,"2025-04-24 01:04:15",https://wordpress.org/themes/heropress/,4.7,5.6
hstore,hstore,12.7,12.6,https://downloads.wordpress.org/theme/hstore.12.7.zip,"2025-04-24 01:04:36",https://wordpress.org/themes/hstore/,4.7,5.6
ideate,Ideate,12.7,12.6,https://downloads.wordpress.org/theme/ideate.12.7.zip,"2025-04-24 01:06:38",https://wordpress.org/themes/ideate/,4.7,5.6
laxity,Laxity,12.7,12.6,https://downloads.wordpress.org/theme/laxity.12.7.zip,"2025-04-24 01:08:17",https://wordpress.org/themes/laxity/,4.7,5.6
magzee,MagZee,14.7,14.6,https://downloads.wordpress.org/theme/magzee.14.7.zip,"2025-04-24 01:10:06",https://wordpress.org/themes/magzee/,4.7,5.6
neek,Neek,12.7,12.6,https://downloads.wordpress.org/theme/neek.12.7.zip,"2025-04-24 01:05:27",https://wordpress.org/themes/neek/,4.7,5.6
nifty-lite,"Nifty Lite",14.6,14.5,https://downloads.wordpress.org/theme/nifty-lite.14.6.zip,"2025-04-24 01:11:04",https://wordpress.org/themes/nifty-lite/,4.7,5.6
proficient,Proficient,14.6,14.5,https://downloads.wordpress.org/theme/proficient.14.6.zip,"2025-04-24 01:02:37",https://wordpress.org/themes/proficient/,4.7,5.6
rockbiz,RockBiz,12.6,12.5,https://downloads.wordpress.org/theme/rockbiz.12.6.zip,"2025-04-24 01:11:25",https://wordpress.org/themes/rockbiz/,4.7,5.6
scelar,Scelar,12.6,12.5,https://downloads.wordpress.org/theme/scelar.12.6.zip,"2025-04-24 01:11:53",https://wordpress.org/themes/scelar/,4.7,5.6
scolax,Scolax,13.8,13.7,https://downloads.wordpress.org/theme/scolax.13.8.zip,"2025-04-24 00:59:17",https://wordpress.org/themes/scolax/,4.7,5.6
soga,Soga,13.3,13.2,https://downloads.wordpress.org/theme/soga.13.3.zip,"2025-04-24 01:01:46",https://wordpress.org/themes/soga/,4.7,5.6
specia,Specia,15.2,15.1,https://downloads.wordpress.org/theme/specia.15.2.zip,"2025-04-24 00:56:35",https://wordpress.org/themes/specia/,4.7,5.6
spera,Spera,13.7,13.6,https://downloads.wordpress.org/theme/spera.13.7.zip,"2025-04-24 00:59:36",https://wordpress.org/themes/spera/,4.7,5.6
spyropress,SpyroPress,14.6,14.5,https://downloads.wordpress.org/theme/spyropress.14.6.zip,"2025-04-24 01:14:31",https://wordpress.org/themes/spyropress/,4.7,5.6
webstrap,Webstrap,14.6,14.4,https://downloads.wordpress.org/theme/webstrap.14.6.zip,"2025-04-24 01:10:37",https://wordpress.org/themes/webstrap/,4.7,5.6
wens-vibes,"WENS Vibes",1.0.1,1.0.0,https://downloads.wordpress.org/theme/wens-vibes.1.0.1.zip,"2025-04-23 23:41:48",https://wordpress.org/themes/wens-vibes/,6.0,7.4
agriculture-farm-lite,"Agriculture Farm Lite",1.0.0,,https://downloads.wordpress.org/theme/agriculture-farm-lite.1.0.0.zip,"2025-04-24 02:01:06",https://wordpress.org/themes/agriculture-farm-lite/,5.3,5.6
divineyoga-fse,"DivineYoga FSE",1.0,,https://downloads.wordpress.org/theme/divineyoga-fse.1.0.zip,"2025-04-24 01:01:04",https://wordpress.org/themes/divineyoga-fse/,,5.6
eazyshop,EazyShop,0.1,,https://downloads.wordpress.org/theme/eazyshop.0.1.zip,"2025-04-24 01:46:03",https://wordpress.org/themes/eazyshop/,4.7,5.6
goldy-studio,"Goldy Studio",1.0.7,,https://downloads.wordpress.org/theme/goldy-studio.1.0.7.zip,"2025-04-24 01:31:46",https://wordpress.org/themes/goldy-studio/,,7.0
koyel-new,"Koyel New",1.0.0,,https://downloads.wordpress.org/theme/koyel-new.1.0.0.zip,"2025-04-24 01:16:08",https://wordpress.org/themes/koyel-new/,5.7,5.6
lumivista,Lumivista,1.2,,https://downloads.wordpress.org/theme/lumivista.1.2.zip,"2025-04-23 23:31:39",https://wordpress.org/themes/lumivista/,6.7,5.7
podcast-streaming,"Podcast Streaming",0.2,,https://downloads.wordpress.org/theme/podcast-streaming.0.2.zip,"2025-04-24 01:16:02",https://wordpress.org/themes/podcast-streaming/,,7.2
property-broker,"Property Broker",0.2,,https://downloads.wordpress.org/theme/property-broker.0.2.zip,"2025-04-23 23:46:06",https://wordpress.org/themes/property-broker/,5.6,7.2
restaurant-wda,"Restaurant WDA",1.0.1,,https://downloads.wordpress.org/theme/restaurant-wda.1.0.1.zip,"2025-04-24 00:01:06",https://wordpress.org/themes/restaurant-wda/,5.1,5.6
skewart,Skewart,1.0.1,,https://downloads.wordpress.org/theme/skewart.1.0.1.zip,"2025-04-24 01:31:39",https://wordpress.org/themes/skewart/,5.2,5.6
ultimate-news,"Ultimate News",1.0.0,,https://downloads.wordpress.org/theme/ultimate-news.1.0.0.zip,"2025-04-24 03:31:40",https://wordpress.org/themes/ultimate-news/,5.0,7.4
basketball-club,"Basketball Club",1.2.4,1.2.3,https://downloads.wordpress.org/theme/basketball-club.1.2.4.zip,"2025-04-24 04:04:15",https://wordpress.org/themes/basketball-club/,6.0,7.2
cleaning-equipment,"Cleaning Equipment",1.2.3,1.2.2,https://downloads.wordpress.org/theme/cleaning-equipment.1.2.3.zip,"2025-04-24 04:04:33",https://wordpress.org/themes/cleaning-equipment/,6.0,7.2
cv-portfolio-blocks,"CV Portfolio Blocks",1.2.5,1.2.4,https://downloads.wordpress.org/theme/cv-portfolio-blocks.1.2.5.zip,"2025-04-24 04:05:10",https://wordpress.org/themes/cv-portfolio-blocks/,6.0,7.2
movie-cinema-blocks,"Movie Cinema Blocks",1.2.4,1.2.3,https://downloads.wordpress.org/theme/movie-cinema-blocks.1.2.4.zip,"2025-04-24 04:05:39",https://wordpress.org/themes/movie-cinema-blocks/,6.0,7.2
physiotherapy-clinic,"Physiotherapy Clinic",1.2.5,1.2.4,https://downloads.wordpress.org/theme/physiotherapy-clinic.1.2.5.zip,"2025-04-24 04:06:02",https://wordpress.org/themes/physiotherapy-clinic/,6.0,7.2
soccer-club,"Soccer Club",1.2.5,1.2.4,https://downloads.wordpress.org/theme/soccer-club.1.2.5.zip,"2025-04-24 04:07:40",https://wordpress.org/themes/soccer-club/,6.0,7.2
electronics-storefront,"Electronics Storefront",1.1.6,1.1.5,https://downloads.wordpress.org/theme/electronics-storefront.1.1.6.zip,"2025-04-24 04:49:14",https://wordpress.org/themes/electronics-storefront/,5.3,7.2
grocery-shopping-store,"Grocery Shopping Store",1.1.2,1.1.1,https://downloads.wordpress.org/theme/grocery-shopping-store.1.1.2.zip,"2025-04-24 04:49:38",https://wordpress.org/themes/grocery-shopping-store/,5.5,7.2
home-construction-builder,"Home Construction Builder",1.1.3,1.1.2,https://downloads.wordpress.org/theme/home-construction-builder.1.1.3.zip,"2025-04-24 04:50:15",https://wordpress.org/themes/home-construction-builder/,5.5,7.2
koyel-new,"Koyel New",1.0.1,1.0.0,https://downloads.wordpress.org/theme/koyel-new.1.0.1.zip,"2025-04-24 04:51:59",https://wordpress.org/themes/koyel-new/,5.7,5.6
koyel,Koyel,1.1.1,1.1.0,https://downloads.wordpress.org/theme/koyel.1.1.1.zip,"2025-04-24 04:44:27",https://wordpress.org/themes/koyel/,,5.6
restaurant-culinary,"Restaurant Culinary",1.1.4,1.1.3,https://downloads.wordpress.org/theme/restaurant-culinary.1.1.4.zip,"2025-04-24 04:50:30",https://wordpress.org/themes/restaurant-culinary/,5.3,5.6
skin-care-solutions,"Skin Care Solutions",1.1.7,1.1.6,https://downloads.wordpress.org/theme/skin-care-solutions.1.1.7.zip,"2025-04-24 04:50:57",https://wordpress.org/themes/skin-care-solutions/,5.3,5.6
training-institute-academy,"Training Institute Academy",1.1.3,1.1.2,https://downloads.wordpress.org/theme/training-institute-academy.1.1.3.zip,"2025-04-24 04:51:16",https://wordpress.org/themes/training-institute-academy/,5.5,7.2
architect-civil-engineer,"Architect Civil Engineer",4.2,4.1,https://downloads.wordpress.org/theme/architect-civil-engineer.4.2.zip,"2025-04-24 06:24:13",https://wordpress.org/themes/architect-civil-engineer/,5.0,5.6
astra,Astra,4.10.1,4.10.0,https://downloads.wordpress.org/theme/astra.4.10.1.zip,"2025-04-24 05:51:36",https://wordpress.org/themes/astra/,5.3,5.3
building-construction-lite,"Building Construction Lite",5.2,5.1,https://downloads.wordpress.org/theme/building-construction-lite.5.2.zip,"2025-04-24 06:23:54",https://wordpress.org/themes/building-construction-lite/,5.0,5.6
construction-firm,"Construction Firm",8.0,7.9,https://downloads.wordpress.org/theme/construction-firm.8.0.zip,"2025-04-24 06:23:50",https://wordpress.org/themes/construction-firm/,5.0,5.6
home-renovation,"Home Renovation",4.7,4.6,https://downloads.wordpress.org/theme/home-renovation.4.7.zip,"2025-04-24 06:23:28",https://wordpress.org/themes/home-renovation/,5.0,5.6
interior-design-firm,"Interior Design Firm",1.1,1.0,https://downloads.wordpress.org/theme/interior-design-firm.1.1.zip,"2025-04-24 06:23:13",https://wordpress.org/themes/interior-design-firm/,6.1,5.6
maala,Maala,1.0.0,,https://downloads.wordpress.org/theme/maala.1.0.0.zip,"2025-04-24 06:01:12",https://wordpress.org/themes/maala/,6.1,7.0
formula,Formula,0.5.6,0.5.5,https://downloads.wordpress.org/theme/formula.0.5.6.zip,"2025-04-24 07:14:02",https://wordpress.org/themes/formula/,,5.4
newsblogger,NewsBlogger,0.2.5.4,0.2.5.3,https://downloads.wordpress.org/theme/newsblogger.0.2.5.4.zip,"2025-04-24 07:19:33",https://wordpress.org/themes/newsblogger/,4.5,5.6
newscrunch,Newscrunch,1.8.4.5,1.8.4.4,https://downloads.wordpress.org/theme/newscrunch.1.8.4.5.zip,"2025-04-24 07:19:03",https://wordpress.org/themes/newscrunch/,4.5,5.6
automobile-car-dealer,"Automobile Car Dealer",1.3.9,1.3.8,https://downloads.wordpress.org/theme/automobile-car-dealer.1.3.9.zip,"2025-04-24 08:19:50",https://wordpress.org/themes/automobile-car-dealer/,5.0,7.2
automobile-shop,"Automobile Shop",0.2.6,0.2.5,https://downloads.wordpress.org/theme/automobile-shop.0.2.6.zip,"2025-04-24 07:38:14",https://wordpress.org/themes/automobile-shop/,5.0,7.2
automotive-services,"Automotive Services",0.7,0.6,https://downloads.wordpress.org/theme/automotive-services.0.7.zip,"2025-04-24 07:50:52",https://wordpress.org/themes/automotive-services/,,7.2
bootstrap-coach,"Bootstrap Coach",1.7.1,1.7.0,https://downloads.wordpress.org/theme/bootstrap-coach.1.7.1.zip,"2025-04-24 08:06:11",https://wordpress.org/themes/bootstrap-coach/,,5.6
construction-realestate,"Construction Realestate",1.4.3,1.4.2,https://downloads.wordpress.org/theme/construction-realestate.1.4.3.zip,"2025-04-24 08:28:06",https://wordpress.org/themes/construction-realestate/,5.0,7.2
creative-blog-writer,"Creative Blog Writer",0.5,0.4,https://downloads.wordpress.org/theme/creative-blog-writer.0.5.zip,"2025-04-24 07:50:38",https://wordpress.org/themes/creative-blog-writer/,,7.2
custom-print-shop,"Custom Print Shop",0.3.3,0.3.2,https://downloads.wordpress.org/theme/custom-print-shop.0.3.3.zip,"2025-04-24 08:20:14",https://wordpress.org/themes/custom-print-shop/,5.0,7.2
digital-marketing-expert,"Digital Marketing Expert",0.2.8,0.2.7,https://downloads.wordpress.org/theme/digital-marketing-expert.0.2.8.zip,"2025-04-24 07:45:30",https://wordpress.org/themes/digital-marketing-expert/,5.0,7.2
eazyshop,EazyShop,0.2,0.1,https://downloads.wordpress.org/theme/eazyshop.0.2.zip,"2025-04-24 07:32:03",https://wordpress.org/themes/eazyshop/,4.7,5.6
ecommerce-solution,"Ecommerce Solution",1.5.7,1.5.6,https://downloads.wordpress.org/theme/ecommerce-solution.1.5.7.zip,"2025-04-24 08:28:35",https://wordpress.org/themes/ecommerce-solution/,5.0,7.2
electronics-marketplace,"Electronics Marketplace",0.7,0.6.9,https://downloads.wordpress.org/theme/electronics-marketplace.0.7.zip,"2025-04-24 08:28:42",https://wordpress.org/themes/electronics-marketplace/,5.0,7.2
engineering-manufacturing,"Engineering Manufacturing",4.7,4.6,https://downloads.wordpress.org/theme/engineering-manufacturing.4.7.zip,"2025-04-24 07:34:16",https://wordpress.org/themes/engineering-manufacturing/,5.0,7.2
expert-bakers-shop,"Expert Bakers Shop",0.5,0.4,https://downloads.wordpress.org/theme/expert-bakers-shop.0.5.zip,"2025-04-24 07:50:17",https://wordpress.org/themes/expert-bakers-shop/,,7.2
expert-business-advisor,"Expert Business Advisor",1.1,1.0,https://downloads.wordpress.org/theme/expert-business-advisor.1.1.zip,"2025-04-24 07:50:00",https://wordpress.org/themes/expert-business-advisor/,,7.2
expert-construction-company,"Expert Construction Company",0.5,0.4,https://downloads.wordpress.org/theme/expert-construction-company.0.5.zip,"2025-04-24 07:49:46",https://wordpress.org/themes/expert-construction-company/,,7.2
expert-estate-manager,"Expert Estate Manager",0.4,0.3,https://downloads.wordpress.org/theme/expert-estate-manager.0.4.zip,"2025-04-24 07:49:32",https://wordpress.org/themes/expert-estate-manager/,,7.2
expert-gardener,"Expert Gardener",0.6,0.5,https://downloads.wordpress.org/theme/expert-gardener.0.6.zip,"2025-04-24 07:49:01",https://wordpress.org/themes/expert-gardener/,,7.2
feminine-style-lite,"Feminine Style Lite",0.6.7,0.6.6,https://downloads.wordpress.org/theme/feminine-style-lite.0.6.7.zip,"2025-04-24 08:23:56",https://wordpress.org/themes/feminine-style-lite/,5.0,7.2
home-construction-company,"Home Construction Company",0.5.6,0.5.5,https://downloads.wordpress.org/theme/home-construction-company.0.5.6.zip,"2025-04-24 08:24:03",https://wordpress.org/themes/home-construction-company/,5.0,7.2
influencer-agency,"Influencer Agency",1.2,1.1.9,https://downloads.wordpress.org/theme/influencer-agency.1.2.zip,"2025-04-24 08:19:23",https://wordpress.org/themes/influencer-agency/,5.9,5.6
it-company-lite,"IT Company Lite",1.1.2,1.1.1,https://downloads.wordpress.org/theme/it-company-lite.1.1.2.zip,"2025-04-24 08:21:27",https://wordpress.org/themes/it-company-lite/,5.0,7.2
kindergarten-education,"Kindergarten Education",1.5.8,1.5.7,https://downloads.wordpress.org/theme/kindergarten-education.1.5.8.zip,"2025-04-24 08:29:14",https://wordpress.org/themes/kindergarten-education/,5.0,7.2
learnpress-coaching,"LearnPress Coaching",0.7.4,0.7.3,https://downloads.wordpress.org/theme/learnpress-coaching.0.7.4.zip,"2025-04-24 08:29:28",https://wordpress.org/themes/learnpress-coaching/,5.0,7.2
minicart,MiniCart,1.0.7,1.0.6,https://downloads.wordpress.org/theme/minicart.1.0.7.zip,"2025-04-24 07:32:49",https://wordpress.org/themes/minicart/,4.7,5.6
multipurpose-blog,"Multipurpose Blog",2.9.7,2.9.6,https://downloads.wordpress.org/theme/multipurpose-blog.2.9.7.zip,"2025-04-24 08:30:21",https://wordpress.org/themes/multipurpose-blog/,5.0,7.2
online-food-delivery,"Online Food Delivery",0.6.1,0.6,https://downloads.wordpress.org/theme/online-food-delivery.0.6.1.zip,"2025-04-24 08:24:15",https://wordpress.org/themes/online-food-delivery/,5.0,7.2
party-villa,"Party Villa",0.2.9,0.2.8,https://downloads.wordpress.org/theme/party-villa.0.2.9.zip,"2025-04-24 07:38:46",https://wordpress.org/themes/party-villa/,5.0,7.2
politics-candidate,"Politics Candidate",0.3.8,0.3.7,https://downloads.wordpress.org/theme/politics-candidate.0.3.8.zip,"2025-04-24 08:24:32",https://wordpress.org/themes/politics-candidate/,5.0,7.2
pool-services-lite,"Pool Services Lite",0.9.4,0.9.3,https://downloads.wordpress.org/theme/pool-services-lite.0.9.4.zip,"2025-04-24 08:21:41",https://wordpress.org/themes/pool-services-lite/,5.0,7.2
psychologist-therapy,"Psychologist Therapy",4.8,4.7,https://downloads.wordpress.org/theme/psychologist-therapy.4.8.zip,"2025-04-24 07:34:21",https://wordpress.org/themes/psychologist-therapy/,5.0,7.2
radio-station,"Radio Station",5.0,4.9,https://downloads.wordpress.org/theme/radio-station.5.0.zip,"2025-04-24 07:36:16",https://wordpress.org/themes/radio-station/,5.0,7.2
real-esatate-property,"Real Esatate Property",4.6,4.5,https://downloads.wordpress.org/theme/real-esatate-property.4.6.zip,"2025-04-24 07:36:16",https://wordpress.org/themes/real-esatate-property/,5.0,7.2
royal-luxury-hotel,"Royal Luxury Hotel",1.1.9,1.1.8,https://downloads.wordpress.org/theme/royal-luxury-hotel.1.1.9.zip,"2025-04-24 08:06:42",https://wordpress.org/themes/royal-luxury-hotel/,5.0,7.2
saas-software-technology,"SAAS Software Technology",0.6.8,0.6.7,https://downloads.wordpress.org/theme/saas-software-technology.0.6.8.zip,"2025-04-24 08:24:46",https://wordpress.org/themes/saas-software-technology/,5.0,7.2
taxi-booking,"Taxi Booking",4.9,4.8,https://downloads.wordpress.org/theme/taxi-booking.4.9.zip,"2025-04-24 07:37:07",https://wordpress.org/themes/taxi-booking/,5.0,7.2
tech-blogging,"Tech Blogging",1.1.6,1.1.5,https://downloads.wordpress.org/theme/tech-blogging.1.1.6.zip,"2025-04-24 07:48:26",https://wordpress.org/themes/tech-blogging/,5.0,7.1
tour-travel-agent,"Tour Travel Agent",0.5.8,0.5.7,https://downloads.wordpress.org/theme/tour-travel-agent.0.5.8.zip,"2025-04-24 08:25:05",https://wordpress.org/themes/tour-travel-agent/,5.0,7.2
travel-booking-agency,"Travel Booking Agency",0.5.7,0.5.6,https://downloads.wordpress.org/theme/travel-booking-agency.0.5.7.zip,"2025-04-24 08:25:15",https://wordpress.org/themes/travel-booking-agency/,5.0,7.2
travel-monster,"Travel Monster",1.3.0,1.2.9,https://downloads.wordpress.org/theme/travel-monster.1.3.0.zip,"2025-04-24 08:00:32",https://wordpress.org/themes/travel-monster/,6.2,7.4
videography-filmmaker,"Videography Filmmaker",0.5.8,0.5.7,https://downloads.wordpress.org/theme/videography-filmmaker.0.5.8.zip,"2025-04-24 08:25:34",https://wordpress.org/themes/videography-filmmaker/,5.0,7.2
vw-audio-podcast,"VW Audio Podcast",1.1.8,1.1.7,https://downloads.wordpress.org/theme/vw-audio-podcast.1.1.8.zip,"2025-04-24 08:21:53",https://wordpress.org/themes/vw-audio-podcast/,5.9,5.6
vw-car-rental,"VW Car Rental",1.3.2,1.3.1,https://downloads.wordpress.org/theme/vw-car-rental.1.3.2.zip,"2025-04-24 08:21:58",https://wordpress.org/themes/vw-car-rental/,5.0,7.2
vw-furniture-carpenter,"VW Furniture Carpenter",1.3.1,1.3,https://downloads.wordpress.org/theme/vw-furniture-carpenter.1.3.1.zip,"2025-04-24 08:22:18",https://wordpress.org/themes/vw-furniture-carpenter/,5.0,7.2
vw-furniture-shop,"VW Furniture Shop",1.1.7,1.1.6,https://downloads.wordpress.org/theme/vw-furniture-shop.1.1.7.zip,"2025-04-24 08:22:50",https://wordpress.org/themes/vw-furniture-shop/,5.9,5.6
vw-maintenance-services,"VW Maintenance Services",1.4.3,1.4.2,https://downloads.wordpress.org/theme/vw-maintenance-services.1.4.3.zip,"2025-04-24 08:22:36",https://wordpress.org/themes/vw-maintenance-services/,5.0,7.2
vw-transport-cargo,"VW Transport Cargo",1.2.1,1.2,https://downloads.wordpress.org/theme/vw-transport-cargo.1.2.1.zip,"2025-04-24 08:22:55",https://wordpress.org/themes/vw-transport-cargo/,5.0,7.2
vw-yoga-fitness,"VW Yoga Fitness",2.1.6,2.1.5,https://downloads.wordpress.org/theme/vw-yoga-fitness.2.1.6.zip,"2025-04-24 08:23:09",https://wordpress.org/themes/vw-yoga-fitness/,5.0,7.2
avenza,Avenza,1.5.9,1.5.8,https://downloads.wordpress.org/theme/avenza.1.5.9.zip,"2025-04-24 09:19:50",https://wordpress.org/themes/avenza/,,5.6
avitech,Avitech,13.0,12.9,https://downloads.wordpress.org/theme/avitech.13.0.zip,"2025-04-24 09:19:27",https://wordpress.org/themes/avitech/,4.7,5.6
avtari,Avtari,13.0,12.9,https://downloads.wordpress.org/theme/avtari.13.0.zip,"2025-04-24 09:13:13",https://wordpress.org/themes/avtari/,4.7,5.6
azwa,Azwa,13.1,13.0,https://downloads.wordpress.org/theme/azwa.13.1.zip,"2025-04-24 09:17:12",https://wordpress.org/themes/azwa/,4.7,5.6
cormex,Cormex,5.5,5.4,https://downloads.wordpress.org/theme/cormex.5.5.zip,"2025-04-24 09:11:08",https://wordpress.org/themes/cormex/,,5.6
equipment-rental,"Equipment Rental",0.2.9,0.2.8,https://downloads.wordpress.org/theme/equipment-rental.0.2.9.zip,"2025-04-24 09:11:07",https://wordpress.org/themes/equipment-rental/,5.0,5.6
fashion-shop-storefront,"Fashion Shop Storefront",0.3.8,0.3.7,https://downloads.wordpress.org/theme/fashion-shop-storefront.0.3.8.zip,"2025-04-24 09:11:26",https://wordpress.org/themes/fashion-shop-storefront/,5.0,5.6
fiona-news,"Fiona News",13.2,13.1,https://downloads.wordpress.org/theme/fiona-news.13.2.zip,"2025-04-24 09:14:43",https://wordpress.org/themes/fiona-news/,4.7,5.6
food-restaurant-elementor,"Food Restaurant Elementor",0.1.3,0.1.2,https://downloads.wordpress.org/theme/food-restaurant-elementor.0.1.3.zip,"2025-04-24 09:12:44",https://wordpress.org/themes/food-restaurant-elementor/,5.0,5.6
green-farm-elementor,"Green Farm Elementor",0.5.6,0.5.5,https://downloads.wordpress.org/theme/green-farm-elementor.0.5.6.zip,"2025-04-24 09:12:49",https://wordpress.org/themes/green-farm-elementor/,5.0,5.6
hardware-dealer,"Hardware Dealer",0.1.2,0.1.1,https://downloads.wordpress.org/theme/hardware-dealer.0.1.2.zip,"2025-04-24 09:13:14",https://wordpress.org/themes/hardware-dealer/,5.0,5.6
magazine-news-agency,"Magazine News Agency",0.2.5,0.2.4,https://downloads.wordpress.org/theme/magazine-news-agency.0.2.5.zip,"2025-04-24 09:13:23",https://wordpress.org/themes/magazine-news-agency/,5.0,5.6
profolio,Profolio,5.1,5.0,https://downloads.wordpress.org/theme/profolio.5.1.zip,"2025-04-24 09:15:44",https://wordpress.org/themes/profolio/,,5.6
rc-drone,"RC Drone",1.0.8,1.0.7,https://downloads.wordpress.org/theme/rc-drone.1.0.8.zip,"2025-04-24 09:13:41",https://wordpress.org/themes/rc-drone/,5.0,5.6
seo-digital-agency,"SEO Digital Agency",0.3.5,0.3.4,https://downloads.wordpress.org/theme/seo-digital-agency.0.3.5.zip,"2025-04-24 09:13:59",https://wordpress.org/themes/seo-digital-agency/,5.0,5.6
techine,Techine,13.0,12.9,https://downloads.wordpress.org/theme/techine.13.0.zip,"2025-04-24 09:15:17",https://wordpress.org/themes/techine/,4.7,5.6
thai-spa,"Thai Spa",13.2,13.1,https://downloads.wordpress.org/theme/thai-spa.13.2.zip,"2025-04-24 09:14:16",https://wordpress.org/themes/thai-spa/,4.7,5.6
timeblog,TimeBlog,9.2,9.1,https://downloads.wordpress.org/theme/timeblog.9.2.zip,"2025-04-24 09:13:41",https://wordpress.org/themes/timeblog/,4.7,5.6
animal-pet-care,"Animal Pet Care",0.6.4,0.6.3,https://downloads.wordpress.org/theme/animal-pet-care.0.6.4.zip,"2025-04-24 09:33:40",https://wordpress.org/themes/animal-pet-care/,5.0,7.2
animal-pet-shop,"Animal Pet Shop",0.5.0,0.4.9,https://downloads.wordpress.org/theme/animal-pet-shop.0.5.0.zip,"2025-04-24 09:34:31",https://wordpress.org/themes/animal-pet-shop/,5.0,7.2
architect-engineer,"Architect Engineer",2.3.3,2.3.2,https://downloads.wordpress.org/theme/architect-engineer.2.3.3.zip,"2025-04-24 09:35:27",https://wordpress.org/themes/architect-engineer/,5.0,7.2
author-blog,"Author Blog",2.1.24,2.1.23,https://downloads.wordpress.org/theme/author-blog.2.1.24.zip,"2025-04-24 09:33:36",https://wordpress.org/themes/author-blog/,5.0,7.1
barista-coffee-shop,"Barista Coffee Shop",2.3.4,2.3.3,https://downloads.wordpress.org/theme/barista-coffee-shop.2.3.4.zip,"2025-04-24 09:40:21",https://wordpress.org/themes/barista-coffee-shop/,5.0,7.2
business-lawyer-firm,"Business Lawyer Firm",0.5.5,0.5.4,https://downloads.wordpress.org/theme/business-lawyer-firm.0.5.5.zip,"2025-04-24 09:40:59",https://wordpress.org/themes/business-lawyer-firm/,5.0,7.2
child-care-kindergarten,"Child Care Kindergarten",2.9,2.8,https://downloads.wordpress.org/theme/child-care-kindergarten.2.9.zip,"2025-04-24 09:53:32",https://wordpress.org/themes/child-care-kindergarten/,5.0,7.2
cooking-food-blogger,"Cooking Food Blogger",1.9.6,1.9.5,https://downloads.wordpress.org/theme/cooking-food-blogger.1.9.6.zip,"2025-04-24 09:41:42",https://wordpress.org/themes/cooking-food-blogger/,5.0,7.2
crowdfunding-donation,"Crowdfunding Donation",0.6.0,0.5.9,https://downloads.wordpress.org/theme/crowdfunding-donation.0.6.0.zip,"2025-04-24 09:42:19",https://wordpress.org/themes/crowdfunding-donation/,5.0,7.2
faith-blog,"Faith Blog",1.3.23,1.3.22,https://downloads.wordpress.org/theme/faith-blog.1.3.23.zip,"2025-04-24 10:26:01",https://wordpress.org/themes/faith-blog/,5.0,7.1
laundry-services,"Laundry Services",0.2.8,0.2.7,https://downloads.wordpress.org/theme/laundry-services.0.2.8.zip,"2025-04-24 10:09:00",https://wordpress.org/themes/laundry-services/,5.0,7.2
minimalblog,MinimalBlog,2.2.23,2.2.22,https://downloads.wordpress.org/theme/minimalblog.2.2.23.zip,"2025-04-24 09:49:22",https://wordpress.org/themes/minimalblog/,4.9,7.1
news-magazine-x,"News Magazine X",1.2.2,1.2.1,https://downloads.wordpress.org/theme/news-magazine-x.1.2.2.zip,"2025-04-24 09:46:32",https://wordpress.org/themes/news-magazine-x/,4.7,7.4
restaurant-wda,"Restaurant WDA",1.0.2,1.0.1,https://downloads.wordpress.org/theme/restaurant-wda.1.0.2.zip,"2025-04-24 09:36:19",https://wordpress.org/themes/restaurant-wda/,5.1,5.6
roofing-solutions,"Roofing Solutions",1.1.7,1.1.6,https://downloads.wordpress.org/theme/roofing-solutions.1.1.7.zip,"2025-04-24 10:09:25",https://wordpress.org/themes/roofing-solutions/,5.0,7.2
altra,Altra,1.1.2,1.1.1,https://downloads.wordpress.org/theme/altra.1.1.2.zip,"2025-04-24 11:25:21",https://wordpress.org/themes/altra/,4.7,5.6
atua,Atua,1.1.16,1.1.15,https://downloads.wordpress.org/theme/atua.1.1.16.zip,"2025-04-24 11:24:49",https://wordpress.org/themes/atua/,4.7,5.6
flexeo,Flexeo,1.1.6,1.1.5,https://downloads.wordpress.org/theme/flexeo.1.1.6.zip,"2025-04-24 11:26:00",https://wordpress.org/themes/flexeo/,4.7,5.6
spexo,Spexo,2.0.3,2.0.2,https://downloads.wordpress.org/theme/spexo.2.0.3.zip,"2025-04-24 11:15:05",https://wordpress.org/themes/spexo/,4.7,7.4
atrux,Atrux,1.0.85,1.0.84,https://downloads.wordpress.org/theme/atrux.1.0.85.zip,"2025-04-24 11:28:03",https://wordpress.org/themes/atrux/,4.7,5.6
atus,Atus,1.0.97,1.0.96,https://downloads.wordpress.org/theme/atus.1.0.97.zip,"2025-04-24 11:27:01",https://wordpress.org/themes/atus/,4.7,5.6
atuvi,Atuvi,1.0.47,1.0.46,https://downloads.wordpress.org/theme/atuvi.1.0.47.zip,"2025-04-24 11:29:28",https://wordpress.org/themes/atuvi/,4.7,5.6
atuxa,Atuxa,1.0.52,1.0.51,https://downloads.wordpress.org/theme/atuxa.1.0.52.zip,"2025-04-24 11:29:01",https://wordpress.org/themes/atuxa/,4.7,5.6
avvy,Avvy,1.0.99,1.0.98,https://downloads.wordpress.org/theme/avvy.1.0.99.zip,"2025-04-24 11:26:34",https://wordpress.org/themes/avvy/,4.7,5.6
book-review-blog,"Book Review Blog",1.2.5,1.2.4,https://downloads.wordpress.org/theme/book-review-blog.1.2.5.zip,"2025-04-24 11:44:17",https://wordpress.org/themes/book-review-blog/,5.0,7.1
butcher-meatshop,"Butcher Meatshop",1.0.6,1.0.5,https://downloads.wordpress.org/theme/butcher-meatshop.1.0.6.zip,"2025-04-24 11:26:40",https://wordpress.org/themes/butcher-meatshop/,5.5,7.2
consultant-appointment,"Consultant Appointment",1.8,1.7,https://downloads.wordpress.org/theme/consultant-appointment.1.8.zip,"2025-04-24 11:28:54",https://wordpress.org/themes/consultant-appointment/,5.5,5.6
flexea,Flexea,1.0.87,1.0.86,https://downloads.wordpress.org/theme/flexea.1.0.87.zip,"2025-04-24 11:27:32",https://wordpress.org/themes/flexea/,4.7,5.6
flexina,Flexina,1.0.43,1.0.42,https://downloads.wordpress.org/theme/flexina.1.0.43.zip,"2025-04-24 11:29:59",https://wordpress.org/themes/flexina/,4.7,5.6
fluxa,Fluxa,1.0.71,1.0.70,https://downloads.wordpress.org/theme/fluxa.1.0.71.zip,"2025-04-24 11:28:32",https://wordpress.org/themes/fluxa/,4.7,5.6
handyman-agency,"Handyman Agency",1.5,1.4,https://downloads.wordpress.org/theme/handyman-agency.1.5.zip,"2025-04-24 11:29:31",https://wordpress.org/themes/handyman-agency/,5.5,7.2
industrial-technology,"Industrial Technology",1.6,1.5,https://downloads.wordpress.org/theme/industrial-technology.1.6.zip,"2025-04-24 11:30:09",https://wordpress.org/themes/industrial-technology/,5.5,5.6
laundry-care,"Laundry Care",0.1.1,0.1,https://downloads.wordpress.org/theme/laundry-care.0.1.1.zip,"2025-04-24 11:37:02",https://wordpress.org/themes/laundry-care/,,5.6
lights-store,"Lights Store",1.7,1.6,https://downloads.wordpress.org/theme/lights-store.1.7.zip,"2025-04-24 11:30:49",https://wordpress.org/themes/lights-store/,5.5,7.2
blocksy,Blocksy,2.0.97,2.0.96,https://downloads.wordpress.org/theme/blocksy.2.0.97.zip,"2025-04-24 14:13:40",https://wordpress.org/themes/blocksy/,6.5,7.0
urbanews,Urbanews,1.0.3,1.0.2,https://downloads.wordpress.org/theme/urbanews.1.0.3.zip,"2025-04-24 14:22:24",https://wordpress.org/themes/urbanews/,,5.3
automotive-mechanic,"Automotive Mechanic",0.1.1,0.1,https://downloads.wordpress.org/theme/automotive-mechanic.0.1.1.zip,"2025-04-24 14:59:45",https://wordpress.org/themes/automotive-mechanic/,,5.6
home-construction-services,"Home Construction Services",0.1.2,0.1.1,https://downloads.wordpress.org/theme/home-construction-services.0.1.2.zip,"2025-04-24 15:00:22",https://wordpress.org/themes/home-construction-services/,,5.6
hq-pages,"Hq Pages",1.0.16,1.0.14,https://downloads.wordpress.org/theme/hq-pages.1.0.16.zip,"2025-04-24 15:12:55",https://wordpress.org/themes/hq-pages/,6.4,7.4
hybridmag,HybridMag,1.0.6,1.0.5,https://downloads.wordpress.org/theme/hybridmag.1.0.6.zip,"2025-04-24 15:27:15",https://wordpress.org/themes/hybridmag/,,7.0
michelle,Michelle,1.5.10,1.5.9,https://downloads.wordpress.org/theme/michelle.1.5.10.zip,"2025-04-24 15:01:41",https://wordpress.org/themes/michelle/,5.5,7.0
online-resume,"Online Resume",0.1.1,0.1,https://downloads.wordpress.org/theme/online-resume.0.1.1.zip,"2025-04-24 15:01:16",https://wordpress.org/themes/online-resume/,,5.6
solargrove,SolarGrove,1.3,1.2,https://downloads.wordpress.org/theme/solargrove.1.3.zip,"2025-04-24 15:22:14",https://wordpress.org/themes/solargrove/,6.0,7.0
vivi-mag,"Vivi Mag",1.0.9,1.0.8,https://downloads.wordpress.org/theme/vivi-mag.1.0.9.zip,"2025-04-24 17:05:02",https://wordpress.org/themes/vivi-mag/,,5.3
nexo,nexo,1.7.0,1.6.6,https://downloads.wordpress.org/theme/nexo.1.7.0.zip,"2025-04-24 20:03:50",https://wordpress.org/themes/nexo/,5.9,7.4
shuttle-food,"Shuttle Food",1.0.0,,https://downloads.wordpress.org/theme/shuttle-food.1.0.0.zip,"2025-04-24 22:31:39",https://wordpress.org/themes/shuttle-food/,5.0,5.6
bosa-law-firm,"Bosa Law Firm",1.0.1,,https://downloads.wordpress.org/theme/bosa-law-firm.1.0.1.zip,"2025-04-24 22:46:00",https://wordpress.org/themes/bosa-law-firm/,,5.6
wheel-alignment-service,"Wheel Alignment Service",1.1,,https://downloads.wordpress.org/theme/wheel-alignment-service.1.1.zip,"2025-04-24 22:46:07",https://wordpress.org/themes/wheel-alignment-service/,,7.4
adas-personal-portfolio,"Adas Personal Portfolio",1.7,1.6,https://downloads.wordpress.org/theme/adas-personal-portfolio.1.7.zip,"2025-04-25 02:01:21",https://wordpress.org/themes/adas-personal-portfolio/,,7.4
gutentools-charity,"Gutentools Charity",1.0,,https://downloads.wordpress.org/theme/gutentools-charity.1.0.zip,"2025-04-25 01:01:05",https://wordpress.org/themes/gutentools-charity/,6.0,7.0
jobclub,Jobclub,1.0.0,,https://downloads.wordpress.org/theme/jobclub.1.0.0.zip,"2025-04-25 01:46:03",https://wordpress.org/themes/jobclub/,,5.6
seattle-news,"Seattle News",1.2,,https://downloads.wordpress.org/theme/seattle-news.1.2.zip,"2025-04-25 01:16:01",https://wordpress.org/themes/seattle-news/,,5.6
skt-industrial,"SKT Industrial",1.0,,https://downloads.wordpress.org/theme/skt-industrial.1.0.zip,"2025-04-25 00:01:09",https://wordpress.org/themes/skt-industrial/,,7.4
adas-portfolio,"Adas Portfolio",1.6,1.5,https://downloads.wordpress.org/theme/adas-portfolio.1.6.zip,"2025-04-25 02:12:08",https://wordpress.org/themes/adas-portfolio/,,7.4
blogvy,Blogvy,1.0.6,1.0.5,https://downloads.wordpress.org/theme/blogvy.1.0.6.zip,"2025-04-25 02:40:18",https://wordpress.org/themes/blogvy/,5.3,5.6
eduna-lms,"Eduna LMS",1.0.10,1.0.9,https://downloads.wordpress.org/theme/eduna-lms.1.0.10.zip,"2025-04-25 02:07:49",https://wordpress.org/themes/eduna-lms/,,7.4
magze,Magze,1.0.8,1.0.7,https://downloads.wordpress.org/theme/magze.1.0.8.zip,"2025-04-25 02:38:49",https://wordpress.org/themes/magze/,5.3,5.6
electronics-store-ecommerce,"Electronics Store eCommerce",1.1,,https://downloads.wordpress.org/theme/electronics-store-ecommerce.1.1.zip,"2025-04-25 03:01:04",https://wordpress.org/themes/electronics-store-ecommerce/,6.1,5.6
newsix,Newsix,1.0.3,,https://downloads.wordpress.org/theme/newsix.1.0.3.zip,"2025-04-25 03:16:01",https://wordpress.org/themes/newsix/,,5.6
ecommerce-clothing,"Ecommerce Clothing",2.1,2.0,https://downloads.wordpress.org/theme/ecommerce-clothing.2.1.zip,"2025-04-25 04:07:42",https://wordpress.org/themes/ecommerce-clothing/,,7.4
fast-food-joint,"Fast Food Joint",1.0.9,1.0.8,https://downloads.wordpress.org/theme/fast-food-joint.1.0.9.zip,"2025-04-25 04:08:10",https://wordpress.org/themes/fast-food-joint/,,7.2
moving-truck-rental,"Moving Truck Rental",2.1,2.0,https://downloads.wordpress.org/theme/moving-truck-rental.2.1.zip,"2025-04-25 04:08:43",https://wordpress.org/themes/moving-truck-rental/,,7.4
roof-water-proofing,"Roof Water Proofing",1.9,1.8,https://downloads.wordpress.org/theme/roof-water-proofing.1.9.zip,"2025-04-25 04:09:01",https://wordpress.org/themes/roof-water-proofing/,,7.4
sports-nutritionist,"Sports Nutritionist",1.4,1.3,https://downloads.wordpress.org/theme/sports-nutritionist.1.4.zip,"2025-04-25 04:09:37",https://wordpress.org/themes/sports-nutritionist/,,7.4
summer-fashion-store,"Summer Fashion Store",1.1,1.0,https://downloads.wordpress.org/theme/summer-fashion-store.1.1.zip,"2025-04-25 04:08:45",https://wordpress.org/themes/summer-fashion-store/,,5.6
wedding-ceremony,"Wedding Ceremony",1.2,1.1,https://downloads.wordpress.org/theme/wedding-ceremony.1.2.zip,"2025-04-25 04:10:46",https://wordpress.org/themes/wedding-ceremony/,,7.2
beauty-cosmetic-shop,"Beauty Cosmetic Shop",1.1.4,1.1.3,https://downloads.wordpress.org/theme/beauty-cosmetic-shop.1.1.4.zip,"2025-04-25 04:58:49",https://wordpress.org/themes/beauty-cosmetic-shop/,5.6,7.2
bookstore-exhibition,"Bookstore Exhibition",2.0.8,2.0.7,https://downloads.wordpress.org/theme/bookstore-exhibition.2.0.8.zip,"2025-04-25 04:59:06",https://wordpress.org/themes/bookstore-exhibition/,5.6,7.2
cafeteria-elementor,"Cafeteria Elementor",0.3,0.2,https://downloads.wordpress.org/theme/cafeteria-elementor.0.3.zip,"2025-04-25 04:59:25",https://wordpress.org/themes/cafeteria-elementor/,5.6,7.2
medical-clinic-center,"Medical Clinic Center",2.0.2,2.0.1,https://downloads.wordpress.org/theme/medical-clinic-center.2.0.2.zip,"2025-04-25 04:59:42",https://wordpress.org/themes/medical-clinic-center/,5.6,7.2
photographer-magazine,"Photographer Magazine",1.8,1.7,https://downloads.wordpress.org/theme/photographer-magazine.1.8.zip,"2025-04-25 04:59:58",https://wordpress.org/themes/photographer-magazine/,5.6,7.2
quantumfashion,QuantumFashion,1.1,1.0,https://downloads.wordpress.org/theme/quantumfashion.1.1.zip,"2025-04-25 04:50:37",https://wordpress.org/themes/quantumfashion/,6.0,7.0
school-education,"School Education",1.1.3,1.1.2,https://downloads.wordpress.org/theme/school-education.1.1.3.zip,"2025-04-25 05:00:09",https://wordpress.org/themes/school-education/,5.6,7.2
seattle-news,"Seattle News",1.3,1.2,https://downloads.wordpress.org/theme/seattle-news.1.3.zip,"2025-04-25 06:12:46",https://wordpress.org/themes/seattle-news/,,5.6
fitness-blocks,"Fitness Blocks",1.2.5,1.2.4,https://downloads.wordpress.org/theme/fitness-blocks.1.2.5.zip,"2025-04-25 07:07:27",https://wordpress.org/themes/fitness-blocks/,6.0,7.2
landscape-farm,"Landscape Farm",1.3.2,1.3.1,https://downloads.wordpress.org/theme/landscape-farm.1.3.2.zip,"2025-04-25 07:07:40",https://wordpress.org/themes/landscape-farm/,6.0,7.2
luxury-watches,"Luxury Watches",1.3.2,1.3.1,https://downloads.wordpress.org/theme/luxury-watches.1.3.2.zip,"2025-04-25 07:08:16",https://wordpress.org/themes/luxury-watches/,6.0,7.2
plumber-works,"Plumber Works",1.3.2,1.3.1,https://downloads.wordpress.org/theme/plumber-works.1.3.2.zip,"2025-04-25 07:08:27",https://wordpress.org/themes/plumber-works/,6.0,7.2
radiant-mega-shop,"Radiant Mega Shop",1.2.7,1.2.6,https://downloads.wordpress.org/theme/radiant-mega-shop.1.2.7.zip,"2025-04-25 07:09:28",https://wordpress.org/themes/radiant-mega-shop/,6.0,7.2
wardrobe-fashion-stylist,"Wardrobe Fashion Stylist",1.2.9,1.2.8,https://downloads.wordpress.org/theme/wardrobe-fashion-stylist.1.2.9.zip,"2025-04-25 07:10:12",https://wordpress.org/themes/wardrobe-fashion-stylist/,6.0,7.2
aahana,Aahana,1.0.61,1.0.60,https://downloads.wordpress.org/theme/aahana.1.0.61.zip,"2025-04-25 08:10:21",https://wordpress.org/themes/aahana/,4.7,5.6
architecture-construction,"Architecture Construction",3.5,3.4,https://downloads.wordpress.org/theme/architecture-construction.3.5.zip,"2025-04-25 07:35:32",https://wordpress.org/themes/architecture-construction/,,5.6
arvana,Arvana,1.0.84,1.0.83,https://downloads.wordpress.org/theme/arvana.1.0.84.zip,"2025-04-25 08:09:16",https://wordpress.org/themes/arvana/,4.7,5.6
auru,Auru,1.0.81,1.0.80,https://downloads.wordpress.org/theme/auru.1.0.81.zip,"2025-04-25 08:09:53",https://wordpress.org/themes/auru/,4.7,5.6
celexo,Celexo,1.1.27,1.1.26,https://downloads.wordpress.org/theme/celexo.1.1.27.zip,"2025-04-25 08:05:19",https://wordpress.org/themes/celexo/,4.7,5.6
chitvi,Chitvi,1.1.25,1.1.24,https://downloads.wordpress.org/theme/chitvi.1.1.25.zip,"2025-04-25 08:05:53",https://wordpress.org/themes/chitvi/,4.7,5.6
cosmobit,Cosmobit,2.0.39,2.0.38,https://downloads.wordpress.org/theme/cosmobit.2.0.39.zip,"2025-04-25 08:04:49",https://wordpress.org/themes/cosmobit/,4.7,5.6
crombit,Crombit,1.0.35,1.0.34,https://downloads.wordpress.org/theme/crombit.1.0.35.zip,"2025-04-25 08:11:02",https://wordpress.org/themes/crombit/,4.7,5.6
easywiz,EasyWiz,1.1.14,1.1.13,https://downloads.wordpress.org/theme/easywiz.1.1.14.zip,"2025-04-25 08:07:43",https://wordpress.org/themes/easywiz/,4.7,5.6
expert-makeup-artist,"Expert Makeup Artist",0.2.6,0.2.5,https://downloads.wordpress.org/theme/expert-makeup-artist.0.2.6.zip,"2025-04-25 07:30:34",https://wordpress.org/themes/expert-makeup-artist/,5.0,7.2
fastica,Fastica,1.1.19,1.1.18,https://downloads.wordpress.org/theme/fastica.1.1.19.zip,"2025-04-25 08:08:46",https://wordpress.org/themes/fastica/,4.7,5.6
fine-dining-restaurant,"Fine Dining Restaurant",2.1,2.0,https://downloads.wordpress.org/theme/fine-dining-restaurant.2.1.zip,"2025-04-25 07:35:39",https://wordpress.org/themes/fine-dining-restaurant/,,7.0
flexora,Flexora,1.1.20,1.1.19,https://downloads.wordpress.org/theme/flexora.1.1.20.zip,"2025-04-25 08:06:38",https://wordpress.org/themes/flexora/,4.7,5.6
general-insurance-agency,"General Insurance Agency",1.1.8,1.1.7,https://downloads.wordpress.org/theme/general-insurance-agency.1.1.8.zip,"2025-04-25 07:31:16",https://wordpress.org/themes/general-insurance-agency/,5.0,7.2
lazypress,LazyPress,1.1.13,1.1.12,https://downloads.wordpress.org/theme/lazypress.1.1.13.zip,"2025-04-25 08:08:18",https://wordpress.org/themes/lazypress/,4.7,5.6
life-coach-agency,"Life Coach Agency",3.3,3.2,https://downloads.wordpress.org/theme/life-coach-agency.3.3.zip,"2025-04-25 07:35:48",https://wordpress.org/themes/life-coach-agency/,,5.6
movers-agency,"Movers Agency",2.1,2.0,https://downloads.wordpress.org/theme/movers-agency.2.1.zip,"2025-04-25 07:36:05",https://wordpress.org/themes/movers-agency/,,7.2
news-press-release,"News Press Release",3.4,3.3,https://downloads.wordpress.org/theme/news-press-release.3.4.zip,"2025-04-25 07:36:27",https://wordpress.org/themes/news-press-release/,,5.6
professional-software-company,"Professional Software Company",0.2.7,0.2.6,https://downloads.wordpress.org/theme/professional-software-company.0.2.7.zip,"2025-04-25 07:31:47",https://wordpress.org/themes/professional-software-company/,5.0,7.2
thinity,Thinity,1.1.19,1.1.18,https://downloads.wordpress.org/theme/thinity.1.1.19.zip,"2025-04-25 08:07:09",https://wordpress.org/themes/thinity/,4.7,5.6
asthir-blog,"Asthir Blog",1.0.10,1.0.9,https://downloads.wordpress.org/theme/asthir-blog.1.0.10.zip,"2025-04-25 09:15:43",https://wordpress.org/themes/asthir-blog/,,5.6
business-article-ship,"Business Article Ship",2.0,1.9,https://downloads.wordpress.org/theme/business-article-ship.2.0.zip,"2025-04-25 09:30:59",https://wordpress.org/themes/business-article-ship/,5.5,5.6
cleaning-business,"Cleaning Business",0.2.7,0.2.6,https://downloads.wordpress.org/theme/cleaning-business.0.2.7.zip,"2025-04-25 10:15:49",https://wordpress.org/themes/cleaning-business/,5.0,7.2
eco-landscaping,"Eco Landscaping",1.1,1.0,https://downloads.wordpress.org/theme/eco-landscaping.1.1.zip,"2025-04-25 09:31:17",https://wordpress.org/themes/eco-landscaping/,5.5,5.6
ecommerce-bazaar,"Ecommerce Bazaar",2.0,1.9,https://downloads.wordpress.org/theme/ecommerce-bazaar.2.0.zip,"2025-04-25 09:31:38",https://wordpress.org/themes/ecommerce-bazaar/,5.5,5.6
legacy-book-club,"Legacy Book Club",2.0,1.9,https://downloads.wordpress.org/theme/legacy-book-club.2.0.zip,"2025-04-25 09:31:49",https://wordpress.org/themes/legacy-book-club/,5.5,5.6
legacy-medical-appointment,"Legacy Medical Appointment",1.9,1.8,https://downloads.wordpress.org/theme/legacy-medical-appointment.1.9.zip,"2025-04-25 09:32:08",https://wordpress.org/themes/legacy-medical-appointment/,5.5,5.6
medicine-shop,"Medicine Shop",4.3,4.2,https://downloads.wordpress.org/theme/medicine-shop.4.3.zip,"2025-04-25 09:31:32",https://wordpress.org/themes/medicine-shop/,,7.2
pet-house,"Pet House",1.4,1.3,https://downloads.wordpress.org/theme/pet-house.1.4.zip,"2025-04-25 09:32:15",https://wordpress.org/themes/pet-house/,,7.2
popularis-ecommerce,"Popularis eCommerce",1.0.3,1.0.2,https://downloads.wordpress.org/theme/popularis-ecommerce.1.0.3.zip,"2025-04-25 10:31:07",https://wordpress.org/themes/popularis-ecommerce/,,5.6
popularis,Popularis,1.1.3,1.1.2,https://downloads.wordpress.org/theme/popularis.1.1.3.zip,"2025-04-25 10:34:28",https://wordpress.org/themes/popularis/,,5.4
quantic,Quantic,1.8,1.7,https://downloads.wordpress.org/theme/quantic.1.8.zip,"2025-04-25 09:32:23",https://wordpress.org/themes/quantic/,5.5,5.6
real-industry,"Real Industry",0.2.5,0.2.4,https://downloads.wordpress.org/theme/real-industry.0.2.5.zip,"2025-04-25 10:16:27",https://wordpress.org/themes/real-industry/,5.0,7.2
scholarsgate,ScholarsGate,1.7,1.6,https://downloads.wordpress.org/theme/scholarsgate.1.7.zip,"2025-04-25 09:32:41",https://wordpress.org/themes/scholarsgate/,5.5,5.6
supermarket-shopping,"Supermarket Shopping",1.1,1.0,https://downloads.wordpress.org/theme/supermarket-shopping.1.1.zip,"2025-04-25 09:31:55",https://wordpress.org/themes/supermarket-shopping/,,7.2
the-retail-storefront,"The Retail Storefront",0.7,0.6,https://downloads.wordpress.org/theme/the-retail-storefront.0.7.zip,"2025-04-25 09:32:33",https://wordpress.org/themes/the-retail-storefront/,,7.2
woodworking-workshop,"Woodworking Workshop",6.2,6.1,https://downloads.wordpress.org/theme/woodworking-workshop.6.2.zip,"2025-04-25 09:32:53",https://wordpress.org/themes/woodworking-workshop/,,7.2
ampark,Ampark,12.9,12.8,https://downloads.wordpress.org/theme/ampark.12.9.zip,"2025-04-25 11:19:30",https://wordpress.org/themes/ampark/,4.7,5.6
arowana,Arowana,14.0,13.9,https://downloads.wordpress.org/theme/arowana.14.0.zip,"2025-04-25 11:12:34",https://wordpress.org/themes/arowana/,4.7,5.6
avail,Avail,12.9,12.8,https://downloads.wordpress.org/theme/avail.12.9.zip,"2025-04-25 11:12:04",https://wordpress.org/themes/avail/,4.7,5.6
aviser,Aviser,12.9,12.8,https://downloads.wordpress.org/theme/aviser.12.9.zip,"2025-04-25 11:20:03",https://wordpress.org/themes/aviser/,4.7,5.6
axtia,Axtia,12.9,12.8,https://downloads.wordpress.org/theme/axtia.12.9.zip,"2025-04-25 11:16:49",https://wordpress.org/themes/axtia/,4.7,5.6
cardiopress,CardioPress,5.4,5.3,https://downloads.wordpress.org/theme/cardiopress.5.4.zip,"2025-04-25 11:18:47",https://wordpress.org/themes/cardiopress/,4.7,5.6
cleaning-business,"Cleaning Business",0.2.8,0.2.7,https://downloads.wordpress.org/theme/cleaning-business.0.2.8.zip,"2025-04-25 11:03:59",https://wordpress.org/themes/cleaning-business/,5.0,7.2
comoxa,Comoxa,12.9,12.8,https://downloads.wordpress.org/theme/comoxa.12.9.zip,"2025-04-25 11:18:06",https://wordpress.org/themes/comoxa/,4.7,5.6
eco-energy,"Eco Energy",1.5.1,1.5.0,https://downloads.wordpress.org/theme/eco-energy.1.5.1.zip,"2025-04-25 11:20:02",https://wordpress.org/themes/eco-energy/,5.4,5.6
eventpress,EventPress,15.5,15.4,https://downloads.wordpress.org/theme/eventpress.15.5.zip,"2025-04-25 11:16:11",https://wordpress.org/themes/eventpress/,4.7,5.6
evion,Evion,3.5,3.4,https://downloads.wordpress.org/theme/evion.3.5.zip,"2025-04-25 11:17:42",https://wordpress.org/themes/evion/,4.7,5.6
finance-accounting,"Finance Accounting",1.1.8,1.1.7,https://downloads.wordpress.org/theme/finance-accounting.1.1.8.zip,"2025-04-25 11:20:20",https://wordpress.org/themes/finance-accounting/,5.0,7.2
fitness-gymhouse,"Fitness Gymhouse",0.9.9,0.9.8,https://downloads.wordpress.org/theme/fitness-gymhouse.0.9.9.zip,"2025-04-25 11:20:34",https://wordpress.org/themes/fitness-gymhouse/,5.0,7.2
foster-charity,"Foster Charity",1.4.1,1.4.0,https://downloads.wordpress.org/theme/foster-charity.1.4.1.zip,"2025-04-25 11:20:45",https://wordpress.org/themes/foster-charity/,5.0,7.2
jobclub,Jobclub,1.0.1,1.0.0,https://downloads.wordpress.org/theme/jobclub.1.0.1.zip,"2025-04-25 10:49:05",https://wordpress.org/themes/jobclub/,,5.6
multipurpose-ecommerce,"Multipurpose Ecommerce",1.0.6,1.0.5,https://downloads.wordpress.org/theme/multipurpose-ecommerce.1.0.6.zip,"2025-04-25 11:20:57",https://wordpress.org/themes/multipurpose-ecommerce/,5.0,7.2
nikah-wedding,"Nikah Wedding",0.9.7,0.9.6,https://downloads.wordpress.org/theme/nikah-wedding.0.9.7.zip,"2025-04-25 11:21:14",https://wordpress.org/themes/nikah-wedding/,5.0,7.2
popularis-business,"Popularis Business",1.0.3,1.0.2,https://downloads.wordpress.org/theme/popularis-business.1.0.3.zip,"2025-04-25 10:43:21",https://wordpress.org/themes/popularis-business/,,5.4
popularis-fashion,"Popularis Fashion",1.0.3,1.0.2,https://downloads.wordpress.org/theme/popularis-fashion.1.0.3.zip,"2025-04-25 10:46:04",https://wordpress.org/themes/popularis-fashion/,,5.4
popularis-hub,"Popularis Hub",1.0.4,1.0.3,https://downloads.wordpress.org/theme/popularis-hub.1.0.4.zip,"2025-04-25 10:37:13",https://wordpress.org/themes/popularis-hub/,,5.4
popularis-press,"Popularis Press",1.0.3,1.0.2,https://downloads.wordpress.org/theme/popularis-press.1.0.3.zip,"2025-04-25 10:41:39",https://wordpress.org/themes/popularis-press/,,5.4
popularis-star,"Popularis Star",1.0.5,1.0.4,https://downloads.wordpress.org/theme/popularis-star.1.0.5.zip,"2025-04-25 10:38:51",https://wordpress.org/themes/popularis-star/,,5.4
popularis-verse,"Popularis Verse",1.0.3,1.0.2,https://downloads.wordpress.org/theme/popularis-verse.1.0.3.zip,"2025-04-25 10:47:48",https://wordpress.org/themes/popularis-verse/,,5.6
popularis-writer,"Popularis Writer",1.0.3,1.0.2,https://downloads.wordpress.org/theme/popularis-writer.1.0.3.zip,"2025-04-25 10:40:17",https://wordpress.org/themes/popularis-writer/,,5.4
real-estate-broker,"Real Estate Broker",0.7.1,0.7,https://downloads.wordpress.org/theme/real-estate-broker.0.7.1.zip,"2025-04-25 10:49:05",https://wordpress.org/themes/real-estate-broker/,5.0,7.2
real-estate-realtor,"Real Estate Realtor",0.8.8,0.8.7,https://downloads.wordpress.org/theme/real-estate-realtor.0.8.8.zip,"2025-04-25 10:48:31",https://wordpress.org/themes/real-estate-realtor/,5.0,7.2
shadiant,Shadiant,1.9,1.8,https://downloads.wordpress.org/theme/shadiant.1.9.zip,"2025-04-25 11:17:17",https://wordpress.org/themes/shadiant/,4.7,5.6
shams-solar,"Shams Solar",8.4.3,8.4.2,https://downloads.wordpress.org/theme/shams-solar.8.4.3.zip,"2025-04-25 11:21:20",https://wordpress.org/themes/shams-solar/,5.0,7.2
shopping-solution,"Shopping Solution",0.7.5,0.7.4,https://downloads.wordpress.org/theme/shopping-solution.0.7.5.zip,"2025-04-25 10:49:47",https://wordpress.org/themes/shopping-solution/,5.0,7.2
tabib-hospital,"Tabib Hospital",0.5.8,0.5.7,https://downloads.wordpress.org/theme/tabib-hospital.0.5.8.zip,"2025-04-25 11:21:43",https://wordpress.org/themes/tabib-hospital/,5.0,7.2
tafri-travel-blog,"Tafri Travel Blog",0.3.4,0.3.3,https://downloads.wordpress.org/theme/tafri-travel-blog.0.3.4.zip,"2025-04-25 11:24:13",https://wordpress.org/themes/tafri-travel-blog/,5.0,7.2
tafri-travel,"Tafri Travel",1.0.6,1.0.5,https://downloads.wordpress.org/theme/tafri-travel.1.0.6.zip,"2025-04-25 11:23:54",https://wordpress.org/themes/tafri-travel/,5.0,7.2
tameer-construction,"Tameer Construction",1.0.9,1.0.8,https://downloads.wordpress.org/theme/tameer-construction.1.0.9.zip,"2025-04-25 11:24:20",https://wordpress.org/themes/tameer-construction/,5.0,7.2
the-writers-blog,"The Writers Blog",0.9.9,0.9.8,https://downloads.wordpress.org/theme/the-writers-blog.0.9.9.zip,"2025-04-25 11:24:39",https://wordpress.org/themes/the-writers-blog/,5.0,7.2
tijarat-business,"Tijarat Business",0.9.7,0.9.6,https://downloads.wordpress.org/theme/tijarat-business.0.9.7.zip,"2025-04-25 11:24:46",https://wordpress.org/themes/tijarat-business/,5.0,7.2
tour-traveler,"Tour Traveler",1.4.3,1.4.2,https://downloads.wordpress.org/theme/tour-traveler.1.4.3.zip,"2025-04-25 11:24:56",https://wordpress.org/themes/tour-traveler/,5.4,7.2
transport-movers,"Transport Movers",1.5.3,1.5.2,https://downloads.wordpress.org/theme/transport-movers.1.5.3.zip,"2025-04-25 10:50:11",https://wordpress.org/themes/transport-movers/,5.0,7.2
ultimate-audio-streaming,"Ultimate Audio Streaming",0.5.9,0.5.8,https://downloads.wordpress.org/theme/ultimate-audio-streaming.0.5.9.zip,"2025-04-25 10:47:48",https://wordpress.org/themes/ultimate-audio-streaming/,5.0,7.2
ultimate-blogger,"Ultimate Blogger",1.3.2,1.3.1,https://downloads.wordpress.org/theme/ultimate-blogger.1.3.2.zip,"2025-04-25 10:50:59",https://wordpress.org/themes/ultimate-blogger/,5.0,7.2
vw-interior-designs,"VW Interior Designs",1.2.3,1.2.2,https://downloads.wordpress.org/theme/vw-interior-designs.1.2.3.zip,"2025-04-25 10:46:51",https://wordpress.org/themes/vw-interior-designs/,5.0,7.2
vw-mobile-app,"VW Mobile App",1.4.5,1.4.4,https://downloads.wordpress.org/theme/vw-mobile-app.1.4.5.zip,"2025-04-25 10:47:31",https://wordpress.org/themes/vw-mobile-app/,5.0,7.2
vw-one-page,"VW One Page",1.2.4,1.2.3,https://downloads.wordpress.org/theme/vw-one-page.1.2.4.zip,"2025-04-25 10:47:51",https://wordpress.org/themes/vw-one-page/,5.0,7.2
vw-painter,"VW Painter",1.3.3,1.3.2,https://downloads.wordpress.org/theme/vw-painter.1.3.3.zip,"2025-04-25 10:47:53",https://wordpress.org/themes/vw-painter/,5.0,7.2
vw-photography,"VW Photography",1.2.7,1.2.6,https://downloads.wordpress.org/theme/vw-photography.1.2.7.zip,"2025-04-25 10:48:08",https://wordpress.org/themes/vw-photography/,5.0,7.2
vw-security-guard,"VW Security Guard",1.2.1,1.2,https://downloads.wordpress.org/theme/vw-security-guard.1.2.1.zip,"2025-04-25 10:48:30",https://wordpress.org/themes/vw-security-guard/,5.0,7.2
abiz,Abiz,1.0.9,1.0.8,https://downloads.wordpress.org/theme/abiz.1.0.9.zip,"2025-04-25 12:06:56",https://wordpress.org/themes/abiz/,,5.4
ac-repair-services,"AC Repair Services",0.2.9,0.2.8,https://downloads.wordpress.org/theme/ac-repair-services.0.2.9.zip,"2025-04-25 12:14:43",https://wordpress.org/themes/ac-repair-services/,,5.6
asthir-plus,"Asthir Plus",1.0.8,1.0.7,https://downloads.wordpress.org/theme/asthir-plus.1.0.8.zip,"2025-04-25 11:27:50",https://wordpress.org/themes/asthir-plus/,,5.6
bakery-store,"Bakery Store",0.3,0.2.9,https://downloads.wordpress.org/theme/bakery-store.0.3.zip,"2025-04-25 12:18:10",https://wordpress.org/themes/bakery-store/,,5.6
business-planning,"Business Planning",1.0.4,1.0.3,https://downloads.wordpress.org/theme/business-planning.1.0.4.zip,"2025-04-25 12:06:56",https://wordpress.org/themes/business-planning/,,5.6
computer-repair-center,"Computer Repair Center",0.2.4,0.2.3,https://downloads.wordpress.org/theme/computer-repair-center.0.2.4.zip,"2025-04-25 12:19:47",https://wordpress.org/themes/computer-repair-center/,,5.6
flixita,Flixita,1.1.7,1.1.6,https://downloads.wordpress.org/theme/flixita.1.1.7.zip,"2025-04-25 12:05:00",https://wordpress.org/themes/flixita/,,5.4
podcast-streaming,"Podcast Streaming",0.3,0.2,https://downloads.wordpress.org/theme/podcast-streaming.0.3.zip,"2025-04-25 11:53:31",https://wordpress.org/themes/podcast-streaming/,,7.2
real-estate-builder,"Real Estate Builder",0.7.6,0.7.5,https://downloads.wordpress.org/theme/real-estate-builder.0.7.6.zip,"2025-04-25 12:55:36",https://wordpress.org/themes/real-estate-builder/,5.0,7.2
smart-cleaning-company,"Smart Cleaning Company",2.3.4,2.3.3,https://downloads.wordpress.org/theme/smart-cleaning-company.2.3.4.zip,"2025-04-25 12:55:15",https://wordpress.org/themes/smart-cleaning-company/,5.0,7.2
soccer-football,"Soccer Football",1.8.5,1.8.4,https://downloads.wordpress.org/theme/soccer-football.1.8.5.zip,"2025-04-25 12:54:57",https://wordpress.org/themes/soccer-football/,5.0,7.2
blogbyte,Blogbyte,1.1.0,1.0.9,https://downloads.wordpress.org/theme/blogbyte.1.1.0.zip,"2025-04-25 13:02:21",https://wordpress.org/themes/blogbyte/,5.3,5.6
digi-restaurant,"Digi Restaurant",0.6.7,0.6.6,https://downloads.wordpress.org/theme/digi-restaurant.0.6.7.zip,"2025-04-25 12:59:03",https://wordpress.org/themes/digi-restaurant/,5.0,7.2
eco-nature-zone,"Eco Nature Zone",0.0.7,0.0.6,https://downloads.wordpress.org/theme/eco-nature-zone.0.0.7.zip,"2025-04-25 12:58:29",https://wordpress.org/themes/eco-nature-zone/,5.0,7.2
ecommerce-zone,"Ecommerce Zone",0.8.5,0.8.4,https://downloads.wordpress.org/theme/ecommerce-zone.0.8.5.zip,"2025-04-25 12:58:44",https://wordpress.org/themes/ecommerce-zone/,5.0,7.2
educational-zone,"Educational Zone",0.6.5,0.6.4,https://downloads.wordpress.org/theme/educational-zone.0.6.5.zip,"2025-04-25 12:57:56",https://wordpress.org/themes/educational-zone/,5.0,7.2
fashion-blogs,"Fashion Blogs",0.4.4,0.4.3,https://downloads.wordpress.org/theme/fashion-blogs.0.4.4.zip,"2025-04-25 12:57:44",https://wordpress.org/themes/fashion-blogs/,5.0,7.2
fashion-photography,"Fashion Photography",1.0.3,1.0.2,https://downloads.wordpress.org/theme/fashion-photography.1.0.3.zip,"2025-04-25 12:57:20",https://wordpress.org/themes/fashion-photography/,5.0,7.2
gardener-lite,"Gardener Lite",0.4.8,0.4.7,https://downloads.wordpress.org/theme/gardener-lite.0.4.8.zip,"2025-04-25 12:57:05",https://wordpress.org/themes/gardener-lite/,5.0,7.2
hotel-booking-lite,"Hotel Booking Lite",2.3,2.2.9,https://downloads.wordpress.org/theme/hotel-booking-lite.2.3.zip,"2025-04-25 12:56:37",https://wordpress.org/themes/hotel-booking-lite/,5.0,7.2
mobile-repair-services,"Mobile Repair Services",2.2.8,2.2.7,https://downloads.wordpress.org/theme/mobile-repair-services.2.2.8.zip,"2025-04-25 12:56:18",https://wordpress.org/themes/mobile-repair-services/,5.0,7.2
mobile-repair-zone,"Mobile Repair Zone",2.3.6,2.3.5,https://downloads.wordpress.org/theme/mobile-repair-zone.2.3.6.zip,"2025-04-25 12:55:52",https://wordpress.org/themes/mobile-repair-zone/,5.0,7.2
babysitter-childcare,"Babysitter Childcare",1.8,1.7,https://downloads.wordpress.org/theme/babysitter-childcare.1.8.zip,"2025-04-25 13:52:12",https://wordpress.org/themes/babysitter-childcare/,5.0,5.6
boxing-martial-arts,"Boxing Martial Arts",2.6,2.5,https://downloads.wordpress.org/theme/boxing-martial-arts.2.6.zip,"2025-04-25 13:52:14",https://wordpress.org/themes/boxing-martial-arts/,5.0,5.6
feminine-style-coach,"Feminine Style Coach",2.3,2.2,https://downloads.wordpress.org/theme/feminine-style-coach.2.3.zip,"2025-04-25 13:52:59",https://wordpress.org/themes/feminine-style-coach/,5.0,5.6
holiday-vacation,"Holiday Vacation",2.7,2.6,https://downloads.wordpress.org/theme/holiday-vacation.2.7.zip,"2025-04-25 13:53:03",https://wordpress.org/themes/holiday-vacation/,5.0,5.6
law-firm-attorney,"Law Firm Attorney",4.2,4.1,https://downloads.wordpress.org/theme/law-firm-attorney.4.2.zip,"2025-04-25 13:53:37",https://wordpress.org/themes/law-firm-attorney/,5.0,5.6
lawyer-hub,"Lawyer Hub",3.2,3.1,https://downloads.wordpress.org/theme/lawyer-hub.3.2.zip,"2025-04-25 13:53:47",https://wordpress.org/themes/lawyer-hub/,5.0,5.6
legal-law-consulting,"Legal Law Consulting",2.3,2.2,https://downloads.wordpress.org/theme/legal-law-consulting.2.3.zip,"2025-04-25 13:54:00",https://wordpress.org/themes/legal-law-consulting/,5.0,5.6
luxury-hotels,"Luxury Hotels",3.0,2.9,https://downloads.wordpress.org/theme/luxury-hotels.3.0.zip,"2025-04-25 13:54:12",https://wordpress.org/themes/luxury-hotels/,5.0,5.6
pharmacy-shop,"Pharmacy Shop",3.3,3.2,https://downloads.wordpress.org/theme/pharmacy-shop.3.3.zip,"2025-04-25 13:54:33",https://wordpress.org/themes/pharmacy-shop/,5.0,5.6
stylish-blog,"Stylish Blog",2.5,2.4,https://downloads.wordpress.org/theme/stylish-blog.2.5.zip,"2025-04-25 13:54:43",https://wordpress.org/themes/stylish-blog/,5.0,5.6
suevafree,SuevaFree,3.9.4.7,3.9.4.6,https://downloads.wordpress.org/theme/suevafree.3.9.4.7.zip,"2025-04-25 14:45:06",https://wordpress.org/themes/suevafree/,,5.3
modern,Modern,2.6.5,2.6.4,https://downloads.wordpress.org/theme/modern.2.6.5.zip,"2025-04-25 17:23:05",https://wordpress.org/themes/modern/,4.8,5.6
reykjavik,Reykjavik,2.3.7,2.3.6,https://downloads.wordpress.org/theme/reykjavik.2.3.7.zip,"2025-04-25 16:51:30",https://wordpress.org/themes/reykjavik/,4.7,5.6
buddyx,BuddyX,4.8.2,4.8.1,https://downloads.wordpress.org/theme/buddyx.4.8.2.zip,"2025-04-25 21:18:37",https://wordpress.org/themes/buddyx/,4.8,7.4
book-review-blog,"Book Review Blog",1.2.6,1.2.5,https://downloads.wordpress.org/theme/book-review-blog.1.2.6.zip,"2025-04-26 01:41:21",https://wordpress.org/themes/book-review-blog/,5.0,7.1
extendable,Extendable,2.0.22,2.0.21,https://downloads.wordpress.org/theme/extendable.2.0.22.zip,"2025-04-25 23:50:27",https://wordpress.org/themes/extendable/,6.6,7.4
software-it-company,"Software IT Company",1.1.3,1.1.2,https://downloads.wordpress.org/theme/software-it-company.1.1.3.zip,"2025-04-26 02:58:58",https://wordpress.org/themes/software-it-company/,5.6,7.2
tour-travel-package,"Tour Travel Package",2.0.8,2.0.7,https://downloads.wordpress.org/theme/tour-travel-package.2.0.8.zip,"2025-04-26 02:59:03",https://wordpress.org/themes/tour-travel-package/,5.6,7.2
unique-pizza-shop,"Unique Pizza Shop",2.0.8,2.0.7,https://downloads.wordpress.org/theme/unique-pizza-shop.2.0.8.zip,"2025-04-26 02:59:29",https://wordpress.org/themes/unique-pizza-shop/,5.6,7.2
unique-startup,"Unique Startup",2.0.6,2.0.5,https://downloads.wordpress.org/theme/unique-startup.2.0.6.zip,"2025-04-26 02:59:35",https://wordpress.org/themes/unique-startup/,5.6,7.2
yoga-kriya,"Yoga Kriya",2.0.8,2.0.7,https://downloads.wordpress.org/theme/yoga-kriya.2.0.8.zip,"2025-04-26 02:59:56",https://wordpress.org/themes/yoga-kriya/,5.6,7.2
magic-elementor,"Magic Elementor",1.0.12,1.0.11,https://downloads.wordpress.org/theme/magic-elementor.1.0.12.zip,"2025-04-26 05:13:51",https://wordpress.org/themes/magic-elementor/,,5.6
online-electro-store,"Online Electro Store",1.0.1,1.0.0,https://downloads.wordpress.org/theme/online-electro-store.1.0.1.zip,"2025-04-26 05:00:40",https://wordpress.org/themes/online-electro-store/,5.9,5.6
affiliate-store,"Affiliate Store",0.2.1,0.2,https://downloads.wordpress.org/theme/affiliate-store.0.2.1.zip,"2025-04-26 05:32:20",https://wordpress.org/themes/affiliate-store/,5.0,5.6
alpha-accounting,"Alpha Accounting",1.7,1.6,https://downloads.wordpress.org/theme/alpha-accounting.1.7.zip,"2025-04-26 06:04:34",https://wordpress.org/themes/alpha-accounting/,5.9,5.6
alpha-blocks,"Alpha Blocks",1.9,1.8,https://downloads.wordpress.org/theme/alpha-blocks.1.9.zip,"2025-04-26 06:04:29",https://wordpress.org/themes/alpha-blocks/,5.9,5.6
alpha-brunch-cafe,"Alpha Brunch Cafe",1.9,1.8,https://downloads.wordpress.org/theme/alpha-brunch-cafe.1.9.zip,"2025-04-26 06:06:22",https://wordpress.org/themes/alpha-brunch-cafe/,5.9,5.6
alpha-business-portfolio,"Alpha Business Portfolio",2.0,1.9,https://downloads.wordpress.org/theme/alpha-business-portfolio.2.0.zip,"2025-04-26 06:05:32",https://wordpress.org/themes/alpha-business-portfolio/,5.9,5.6
alpha-digital-agency,"Alpha Digital Agency",1.3,1.2,https://downloads.wordpress.org/theme/alpha-digital-agency.1.3.zip,"2025-04-26 06:07:04",https://wordpress.org/themes/alpha-digital-agency/,5.9,5.6
alpha-health-coach,"Alpha Health Coach",1.7,1.6,https://downloads.wordpress.org/theme/alpha-health-coach.1.7.zip,"2025-04-26 06:08:44",https://wordpress.org/themes/alpha-health-coach/,5.9,5.6
alpha-travel-vacations,"Alpha Travel Vacations",1.2,1.1,https://downloads.wordpress.org/theme/alpha-travel-vacations.1.2.zip,"2025-04-26 06:00:49",https://wordpress.org/themes/alpha-travel-vacations/,5.9,5.6
apartment-rental-services,"Apartment Rental Services",0.2.1,0.2,https://downloads.wordpress.org/theme/apartment-rental-services.0.2.1.zip,"2025-04-26 05:33:07",https://wordpress.org/themes/apartment-rental-services/,5.0,5.6
cafe-cafeteria,"Cafe Cafeteria",1.6.8,1.6.7,https://downloads.wordpress.org/theme/cafe-cafeteria.1.6.8.zip,"2025-04-26 05:37:06",https://wordpress.org/themes/cafe-cafeteria/,5.0,7.2
classic-artificial-intelligence,"Classic Artificial Intelligence",0.2.3,0.2.2,https://downloads.wordpress.org/theme/classic-artificial-intelligence.0.2.3.zip,"2025-04-26 05:33:09",https://wordpress.org/themes/classic-artificial-intelligence/,5.0,5.6
classic-charity-ngo,"Classic Charity NGO",0.3.2,0.3.1,https://downloads.wordpress.org/theme/classic-charity-ngo.0.3.2.zip,"2025-04-26 05:33:32",https://wordpress.org/themes/classic-charity-ngo/,5.0,5.6
classic-marketing-agency,"Classic Marketing Agency",0.2.3,0.2.2,https://downloads.wordpress.org/theme/classic-marketing-agency.0.2.3.zip,"2025-04-26 05:34:20",https://wordpress.org/themes/classic-marketing-agency/,5.0,5.6
classic-portfolio,"Classic Portfolio",0.2.2,0.2.1,https://downloads.wordpress.org/theme/classic-portfolio.0.2.2.zip,"2025-04-26 05:34:42",https://wordpress.org/themes/classic-portfolio/,5.0,5.6
comic-book-store,"Comic Book Store",0.2.1,0.2,https://downloads.wordpress.org/theme/comic-book-store.0.2.1.zip,"2025-04-26 05:35:05",https://wordpress.org/themes/comic-book-store/,5.0,5.6
cosmetic-store,"Cosmetic Store",5.2,5.1,https://downloads.wordpress.org/theme/cosmetic-store.5.2.zip,"2025-04-26 05:37:17",https://wordpress.org/themes/cosmetic-store/,5.0,7.2
creative-blogger,"Creative Blogger",0.2.9,0.2.8,https://downloads.wordpress.org/theme/creative-blogger.0.2.9.zip,"2025-04-26 05:35:16",https://wordpress.org/themes/creative-blogger/,5.0,5.6
creative-portfolio-lite,"Creative Portfolio Lite",4.9,4.8,https://downloads.wordpress.org/theme/creative-portfolio-lite.4.9.zip,"2025-04-26 05:38:14",https://wordpress.org/themes/creative-portfolio-lite/,5.0,7.2
designer-services,"Designer Services",4.8,4.7,https://downloads.wordpress.org/theme/designer-services.4.8.zip,"2025-04-26 05:39:00",https://wordpress.org/themes/designer-services/,5.0,7.2
dry-cleaning-services,"Dry Cleaning Services",0.2.2,0.2.1,https://downloads.wordpress.org/theme/dry-cleaning-services.0.2.2.zip,"2025-04-26 05:36:21",https://wordpress.org/themes/dry-cleaning-services/,5.0,5.6
ecommerce-mega-store,"Ecommerce Mega Store",4.9,4.8,https://downloads.wordpress.org/theme/ecommerce-mega-store.4.9.zip,"2025-04-26 05:39:27",https://wordpress.org/themes/ecommerce-mega-store/,5.0,7.2
fashion-boutique,"Fashion Boutique",4.9,4.8,https://downloads.wordpress.org/theme/fashion-boutique.4.9.zip,"2025-04-26 05:39:41",https://wordpress.org/themes/fashion-boutique/,5.0,7.2
fitness-coaching,"Fitness Coaching",5.6,5.5,https://downloads.wordpress.org/theme/fitness-coaching.5.6.zip,"2025-04-26 05:40:05",https://wordpress.org/themes/fitness-coaching/,5.0,7.2
foodie-review-blog,"Foodie Review Blog",0.2,0.1.9,https://downloads.wordpress.org/theme/foodie-review-blog.0.2.zip,"2025-04-26 05:36:39",https://wordpress.org/themes/foodie-review-blog/,5.0,5.6
garden-farm,"Garden Farm",0.2.1,0.2,https://downloads.wordpress.org/theme/garden-farm.0.2.1.zip,"2025-04-26 05:37:22",https://wordpress.org/themes/garden-farm/,5.0,5.6
newspaper-eye,"Newspaper Eye",1.0.11,1.0.10,https://downloads.wordpress.org/theme/newspaper-eye.1.0.11.zip,"2025-04-26 05:54:59",https://wordpress.org/themes/newspaper-eye/,5.0,5.6
painting-company,"Painting Company",0.1.8,0.1.7,https://downloads.wordpress.org/theme/painting-company.0.1.8.zip,"2025-04-26 05:37:22",https://wordpress.org/themes/painting-company/,5.0,5.6
swimwear-shop,"Swimwear Shop",0.3.2,0.3.1,https://downloads.wordpress.org/theme/swimwear-shop.0.3.2.zip,"2025-04-26 05:37:54",https://wordpress.org/themes/swimwear-shop/,5.0,5.6
advance-consultancy,"Advance Consultancy",0.5.9,0.5.8,https://downloads.wordpress.org/theme/advance-consultancy.0.5.9.zip,"2025-04-26 08:13:13",https://wordpress.org/themes/advance-consultancy/,5.0,7.2
advance-marketing-agency,"Advance Marketing Agency",0.5.9,0.5.8,https://downloads.wordpress.org/theme/advance-marketing-agency.0.5.9.zip,"2025-04-26 08:14:07",https://wordpress.org/themes/advance-marketing-agency/,5.0,7.2
advance-portfolio,"Advance Portfolio",1.1.2,1.1.1,https://downloads.wordpress.org/theme/advance-portfolio.1.1.2.zip,"2025-04-26 08:14:36",https://wordpress.org/themes/advance-portfolio/,5.0,7.2
advance-training-academy,"Advance Training Academy",0.6.7,0.6.6,https://downloads.wordpress.org/theme/advance-training-academy.0.6.7.zip,"2025-04-26 08:14:36",https://wordpress.org/themes/advance-training-academy/,,7.2
affiliate-review,"Affiliate Review",0.8.1,0.8,https://downloads.wordpress.org/theme/affiliate-review.0.8.1.zip,"2025-04-26 08:12:54",https://wordpress.org/themes/affiliate-review/,5.0,7.2
agriculture-farm,"Agriculture Farm",0.7.8,0.7.7,https://downloads.wordpress.org/theme/agriculture-farm.0.7.8.zip,"2025-04-26 08:15:26",https://wordpress.org/themes/agriculture-farm/,5.0,7.2
architect-architecture,"Architect Architecture",0.7.5,0.7.4,https://downloads.wordpress.org/theme/architect-architecture.0.7.5.zip,"2025-04-26 08:14:03",https://wordpress.org/themes/architect-architecture/,5.0,7.2
blogger-base,"Blogger Base",1.0,0.9.9,https://downloads.wordpress.org/theme/blogger-base.1.0.zip,"2025-04-26 08:18:44",https://wordpress.org/themes/blogger-base/,5.0,7.2
blogger-hub,"Blogger Hub",1.3.8,1.3.7,https://downloads.wordpress.org/theme/blogger-hub.1.3.8.zip,"2025-04-26 08:19:31",https://wordpress.org/themes/blogger-hub/,5.0,7.2
core-fitness,"Core Fitness",1.2.6,1.2.5,https://downloads.wordpress.org/theme/core-fitness.1.2.6.zip,"2025-04-26 08:19:21",https://wordpress.org/themes/core-fitness/,5.0,7.2
creative-one-page,"Creative One Page",0.7.9,0.7.8,https://downloads.wordpress.org/theme/creative-one-page.0.7.9.zip,"2025-04-26 08:15:41",https://wordpress.org/themes/creative-one-page/,5.0,7.2
digital-agency-lite,"Digital Agency Lite",1.3.7,1.3.6,https://downloads.wordpress.org/theme/digital-agency-lite.1.3.7.zip,"2025-04-26 08:14:02",https://wordpress.org/themes/digital-agency-lite/,5.0,7.2
ebook-store,"Ebook Store",0.6.8,0.6.7,https://downloads.wordpress.org/theme/ebook-store.0.6.8.zip,"2025-04-26 08:14:15",https://wordpress.org/themes/ebook-store/,5.0,7.2
educator-education,"Educator Education",0.8.1,0.8,https://downloads.wordpress.org/theme/educator-education.0.8.1.zip,"2025-04-26 08:15:38",https://wordpress.org/themes/educator-education/,5.0,7.2
law-advocate,"Law Advocate",0.5.7,0.5.6,https://downloads.wordpress.org/theme/law-advocate.0.5.7.zip,"2025-04-26 08:14:52",https://wordpress.org/themes/law-advocate/,5.0,7.2
lawyer-lite,"Lawyer Lite",1.3.2,1.3.1,https://downloads.wordpress.org/theme/lawyer-lite.1.3.2.zip,"2025-04-26 08:17:06",https://wordpress.org/themes/lawyer-lite/,5.0,7.2
luxury-travel,"Luxury Travel",1.3.1,1.3.0,https://downloads.wordpress.org/theme/luxury-travel.1.3.1.zip,"2025-04-26 08:19:38",https://wordpress.org/themes/luxury-travel/,5.0,7.2
medical-hospital,"Medical Hospital",1.2.7,1.2.6,https://downloads.wordpress.org/theme/medical-hospital.1.2.7.zip,"2025-04-26 08:19:46",https://wordpress.org/themes/medical-hospital/,5.0,7.2
mega-construction,"Mega Construction",1.1.9,1.1.8,https://downloads.wordpress.org/theme/mega-construction.1.1.9.zip,"2025-04-26 08:19:58",https://wordpress.org/themes/mega-construction/,5.0,7.2
modern-construction,"Modern Construction",0.9.9,0.9.8,https://downloads.wordpress.org/theme/modern-construction.0.9.9.zip,"2025-04-26 08:19:52",https://wordpress.org/themes/modern-construction/,5.0,7.2
physiotherapy-lite,"Physiotherapy Lite",1.7.8,1.7.7,https://downloads.wordpress.org/theme/physiotherapy-lite.1.7.8.zip,"2025-04-26 08:15:02",https://wordpress.org/themes/physiotherapy-lite/,5.0,7.2
sirat,Sirat,1.5.2,1.5.1,https://downloads.wordpress.org/theme/sirat.1.5.2.zip,"2025-04-26 08:15:14",https://wordpress.org/themes/sirat/,5.0,7.2
the-wp-business,"The WP Business",2.2.1,2.2.0,https://downloads.wordpress.org/theme/the-wp-business.2.2.1.zip,"2025-04-26 08:20:17",https://wordpress.org/themes/the-wp-business/,5.0,7.2
the-wp-fitness,"The WP Fitness",1.2,1.1.9,https://downloads.wordpress.org/theme/the-wp-fitness.1.2.zip,"2025-04-26 08:20:25",https://wordpress.org/themes/the-wp-fitness/,5.0,7.2
vcard-cv-resume,"Vcard CV Resume",0.8.5,0.8.4,https://downloads.wordpress.org/theme/vcard-cv-resume.0.8.5.zip,"2025-04-26 08:16:23",https://wordpress.org/themes/vcard-cv-resume/,5.0,7.2
vw-book-store,"VW Book Store",1.5.6,1.5.5,https://downloads.wordpress.org/theme/vw-book-store.1.5.6.zip,"2025-04-26 08:16:32",https://wordpress.org/themes/vw-book-store/,5.0,7.2
alvert,Alvert,1.0.37,1.0.36,https://downloads.wordpress.org/theme/alvert.1.0.37.zip,"2025-04-26 09:03:37",https://wordpress.org/themes/alvert/,,5.4
avinza,Avinza,1.0.27,1.0.26,https://downloads.wordpress.org/theme/avinza.1.0.27.zip,"2025-04-26 09:02:11",https://wordpress.org/themes/avinza/,,5.4
britely,Britely,1.0.18,1.0.17,https://downloads.wordpress.org/theme/britely.1.0.18.zip,"2025-04-26 09:00:35",https://wordpress.org/themes/britely/,,5.4
flectine,Flectine,1.0.19,1.0.18,https://downloads.wordpress.org/theme/flectine.1.0.19.zip,"2025-04-26 09:01:33",https://wordpress.org/themes/flectine/,,5.4
freelancer-portfolio,"Freelancer Portfolio",0.2.5,0.2.4,https://downloads.wordpress.org/theme/freelancer-portfolio.0.2.5.zip,"2025-04-26 08:53:59",https://wordpress.org/themes/freelancer-portfolio/,,5.6
personal-lawyer,"Personal Lawyer",0.2.5,0.2.4,https://downloads.wordpress.org/theme/personal-lawyer.0.2.5.zip,"2025-04-26 08:55:13",https://wordpress.org/themes/personal-lawyer/,,5.6
quickify,Quickify,1.0.32,1.0.31,https://downloads.wordpress.org/theme/quickify.1.0.32.zip,"2025-04-26 09:02:52",https://wordpress.org/themes/quickify/,,5.4
evita,Evita,1.6.8,1.6.7,https://downloads.wordpress.org/theme/evita.1.6.8.zip,"2025-04-26 10:31:18",https://wordpress.org/themes/evita/,,5.6
fashion-ecommerce-zone,"Fashion Ecommerce Zone",2.3.4,2.3.3,https://downloads.wordpress.org/theme/fashion-ecommerce-zone.2.3.4.zip,"2025-04-26 10:27:40",https://wordpress.org/themes/fashion-ecommerce-zone/,5.0,7.2
frontis,Frontis,1.1.15,1.1.14,https://downloads.wordpress.org/theme/frontis.1.1.15.zip,"2025-04-26 09:46:35",https://wordpress.org/themes/frontis/,6.4,7.4
handyman-cleaning-service,"Handyman Cleaning Service",2.3.5,2.3.4,https://downloads.wordpress.org/theme/handyman-cleaning-service.2.3.5.zip,"2025-04-26 10:26:58",https://wordpress.org/themes/handyman-cleaning-service/,5.0,7.2
hantus,Hantus,14.5,14.4,https://downloads.wordpress.org/theme/hantus.14.5.zip,"2025-04-26 10:30:15",https://wordpress.org/themes/hantus/,4.7,5.6
medazin,Medazin,11.2,11.1,https://downloads.wordpress.org/theme/medazin.11.2.zip,"2025-04-26 10:26:40",https://wordpress.org/themes/medazin/,4.7,5.6
modular-kitchen,"Modular Kitchen",1.4.1,1.4,https://downloads.wordpress.org/theme/modular-kitchen.1.4.1.zip,"2025-04-26 10:24:19",https://wordpress.org/themes/modular-kitchen/,5.0,7.2
retailer-market,"Retailer Market",2.3.3,2.3.2,https://downloads.wordpress.org/theme/retailer-market.2.3.3.zip,"2025-04-26 10:29:34",https://wordpress.org/themes/retailer-market/,5.0,7.2
smart-tech-blog,"Smart Tech Blog",0.4.6,0.4.5,https://downloads.wordpress.org/theme/smart-tech-blog.0.4.6.zip,"2025-04-26 10:23:47",https://wordpress.org/themes/smart-tech-blog/,5.0,7.2
tutor-academy,"Tutor Academy",2.3.6,2.3.5,https://downloads.wordpress.org/theme/tutor-academy.2.3.6.zip,"2025-04-26 10:30:02",https://wordpress.org/themes/tutor-academy/,5.0,7.2
viral-news-center,"Viral News Center",0.5.6,0.5.5,https://downloads.wordpress.org/theme/viral-news-center.0.5.6.zip,"2025-04-26 10:23:22",https://wordpress.org/themes/viral-news-center/,5.0,7.2
accron,Accron,1.8.6,1.8.5,https://downloads.wordpress.org/theme/accron.1.8.6.zip,"2025-04-26 10:40:07",https://wordpress.org/themes/accron/,4.7,5.6
aravalli,Aravalli,13.5,13.4,https://downloads.wordpress.org/theme/aravalli.13.5.zip,"2025-04-26 10:39:21",https://wordpress.org/themes/aravalli/,4.7,5.6
avril,Avril,13.8,13.7,https://downloads.wordpress.org/theme/avril.13.8.zip,"2025-04-26 10:38:55",https://wordpress.org/themes/avril/,4.7,5.6
boostify,Boostify,13.5,13.4,https://downloads.wordpress.org/theme/boostify.13.5.zip,"2025-04-26 10:38:33",https://wordpress.org/themes/boostify/,4.7,5.6
conceptly,Conceptly,14.4,14.3,https://downloads.wordpress.org/theme/conceptly.14.4.zip,"2025-04-26 10:38:04",https://wordpress.org/themes/conceptly/,4.7,5.6
corpex,Corpex,7.3,7.2,https://downloads.wordpress.org/theme/corpex.7.3.zip,"2025-04-26 10:32:27",https://wordpress.org/themes/corpex/,4.7,5.6
eduvert,Eduvert,13.5,13.4,https://downloads.wordpress.org/theme/eduvert.13.5.zip,"2025-04-26 10:33:57",https://wordpress.org/themes/eduvert/,4.7,5.6
fiona-blog,"Fiona Blog",13.6,13.5,https://downloads.wordpress.org/theme/fiona-blog.13.6.zip,"2025-04-26 10:37:36",https://wordpress.org/themes/fiona-blog/,4.7,5.6
gradiant,Gradiant,14.1,14.0,https://downloads.wordpress.org/theme/gradiant.14.1.zip,"2025-04-26 10:37:10",https://wordpress.org/themes/gradiant/,4.7,5.6
metasoft,MetaSoft,13.5,13.4,https://downloads.wordpress.org/theme/metasoft.13.5.zip,"2025-04-26 10:35:58",https://wordpress.org/themes/metasoft/,4.7,5.6
nexcraft,NexCraft,6.1,6.0,https://downloads.wordpress.org/theme/nexcraft.6.1.zip,"2025-04-26 10:35:30",https://wordpress.org/themes/nexcraft/,4.7,5.6
prime-fashion,"Prime Fashion",1.2,1.1,https://downloads.wordpress.org/theme/prime-fashion.1.2.zip,"2025-04-26 11:04:05",https://wordpress.org/themes/prime-fashion/,,7.0
renoval,Renoval,12.8,12.7,https://downloads.wordpress.org/theme/renoval.12.8.zip,"2025-04-26 10:34:56",https://wordpress.org/themes/renoval/,4.7,5.6
startkit,StartKit,15.7,15.6,https://downloads.wordpress.org/theme/startkit.15.7.zip,"2025-04-26 10:34:31",https://wordpress.org/themes/startkit/,4.7,5.6
business-accountant,"Business Accountant",1.9,1.8,https://downloads.wordpress.org/theme/business-accountant.1.9.zip,"2025-04-26 11:31:59",https://wordpress.org/themes/business-accountant/,5.0,5.6
cyber-security-services,"Cyber Security Services",4.9,4.8,https://downloads.wordpress.org/theme/cyber-security-services.4.9.zip,"2025-04-26 12:31:42",https://wordpress.org/themes/cyber-security-services/,5.0,5.6
educate-training-coach,"Educate Training Coach",4.3,4.2,https://downloads.wordpress.org/theme/educate-training-coach.4.3.zip,"2025-04-26 12:31:05",https://wordpress.org/themes/educate-training-coach/,5.0,5.6
education-academy-coach,"Education Academy Coach",4.8,4.7,https://downloads.wordpress.org/theme/education-academy-coach.4.8.zip,"2025-04-26 12:29:16",https://wordpress.org/themes/education-academy-coach/,5.0,5.6
gamers-hub,"Gamers Hub",3.2,3.1,https://downloads.wordpress.org/theme/gamers-hub.3.2.zip,"2025-04-26 11:32:44",https://wordpress.org/themes/gamers-hub/,5.0,5.6
gym-club,"Gym Club",1.4,1.3,https://downloads.wordpress.org/theme/gym-club.1.4.zip,"2025-04-26 11:33:24",https://wordpress.org/themes/gym-club/,5.0,5.6
home-renovation-agency,"Home Renovation Agency",1.8,1.7,https://downloads.wordpress.org/theme/home-renovation-agency.1.8.zip,"2025-04-26 11:33:58",https://wordpress.org/themes/home-renovation-agency/,5.0,5.6
minimal-education,"Minimal Education",6.7,6.6,https://downloads.wordpress.org/theme/minimal-education.6.7.zip,"2025-04-26 12:30:21",https://wordpress.org/themes/minimal-education/,5.0,5.6
nursery-kindergarten,"Nursery Kindergarten",4.8,4.7,https://downloads.wordpress.org/theme/nursery-kindergarten.4.8.zip,"2025-04-26 12:30:02",https://wordpress.org/themes/nursery-kindergarten/,5.0,5.6
security-camera,"Security Camera",4.0,3.9,https://downloads.wordpress.org/theme/security-camera.4.0.zip,"2025-04-26 12:31:15",https://wordpress.org/themes/security-camera/,,5.6
tv-channel-insight,"TV Channel Insight",4.1,4.0,https://downloads.wordpress.org/theme/tv-channel-insight.4.1.zip,"2025-04-26 12:30:34",https://wordpress.org/themes/tv-channel-insight/,5.0,5.6
newsp,Newsp,1.0.3,1.0.2,https://downloads.wordpress.org/theme/newsp.1.0.3.zip,"2025-04-26 16:18:21",https://wordpress.org/themes/newsp/,,5.3
avventura-lite,"Avventura Lite",1.7.6,1.7.5,https://downloads.wordpress.org/theme/avventura-lite.1.7.6.zip,"2025-04-26 17:18:21",https://wordpress.org/themes/avventura-lite/,,5.3
janey,Janey,1.1.2,1.1.1,https://downloads.wordpress.org/theme/janey.1.1.2.zip,"2025-04-26 17:34:47",https://wordpress.org/themes/janey/,,5.3
lhotse,Lhotse,1.0.7,1.0.6,https://downloads.wordpress.org/theme/lhotse.1.0.7.zip,"2025-04-27 08:06:01",https://wordpress.org/themes/lhotse/,6.1,7.4
newsix,Newsix,1.0.4,1.0.3,https://downloads.wordpress.org/theme/newsix.1.0.4.zip,"2025-04-27 08:46:26",https://wordpress.org/themes/newsix/,,5.6
simplexp,SimpleXP,1.1.9,1.1.8,https://downloads.wordpress.org/theme/simplexp.1.1.9.zip,"2025-04-27 08:37:59",https://wordpress.org/themes/simplexp/,,5.6
travel-aura,"Travel Aura",1.0.2,1.0.1,https://downloads.wordpress.org/theme/travel-aura.1.0.2.zip,"2025-04-27 08:18:26",https://wordpress.org/themes/travel-aura/,,7.4
travelscape,Travelscape,1.0.10,1.0.9,https://downloads.wordpress.org/theme/travelscape.1.0.10.zip,"2025-04-27 07:52:09",https://wordpress.org/themes/travelscape/,,7.4
allegro,Allegro,1.1.0,1.0.9,https://downloads.wordpress.org/theme/allegro.1.1.0.zip,"2025-04-27 10:31:13",https://wordpress.org/themes/allegro/,,5.3
savana-lite,"Savana Lite",1.5.4,1.5.3,https://downloads.wordpress.org/theme/savana-lite.1.5.4.zip,"2025-04-27 11:02:21",https://wordpress.org/themes/savana-lite/,,5.3
blogprise,Blogprise,1.0.8,1.0.7,https://downloads.wordpress.org/theme/blogprise.1.0.8.zip,"2025-04-27 12:00:14",https://wordpress.org/themes/blogprise/,5.3,5.6
hello-biz,"Hello Biz",1.1.0,1.0.7,https://downloads.wordpress.org/theme/hello-biz.1.1.0.zip,"2025-04-27 12:02:23",https://wordpress.org/themes/hello-biz/,6.0,7.4
book-review-blog,"Book Review Blog",1.2.7,1.2.6,https://downloads.wordpress.org/theme/book-review-blog.1.2.7.zip,"2025-04-27 14:47:48",https://wordpress.org/themes/book-review-blog/,5.0,7.1
travelfic,Travelfic,1.2.1,1.2.0,https://downloads.wordpress.org/theme/travelfic.1.2.1.zip,"2025-04-27 19:05:33",https://wordpress.org/themes/travelfic/,4.9,7.4
ollie,Ollie,1.4.7,1.4.6,https://downloads.wordpress.org/theme/ollie.1.4.7.zip,"2025-04-27 19:42:11",https://wordpress.org/themes/ollie/,,7.3
mavix-travel,"Mavix Travel",1.0,,https://downloads.wordpress.org/theme/mavix-travel.1.0.zip,"2025-04-27 23:01:07",https://wordpress.org/themes/mavix-travel/,5.1,5.6
psychologist-counselor,"Psychologist Counselor",1.0,,https://downloads.wordpress.org/theme/psychologist-counselor.1.0.zip,"2025-04-27 22:46:03",https://wordpress.org/themes/psychologist-counselor/,,7.0
leather-house,"Leather House",0.0.2,,https://downloads.wordpress.org/theme/leather-house.0.0.2.zip,"2025-04-28 00:31:40",https://wordpress.org/themes/leather-house/,,5.6
legal-services-firm,"Legal Services Firm",1.1,,https://downloads.wordpress.org/theme/legal-services-firm.1.1.zip,"2025-04-28 01:01:13",https://wordpress.org/themes/legal-services-firm/,5.5,7.2
taskly,Taskly,1.3,,https://downloads.wordpress.org/theme/taskly.1.3.zip,"2025-04-28 00:46:05",https://wordpress.org/themes/taskly/,6.7,5.7
vw-project-management,"VW Project Management",0.1.1,,https://downloads.wordpress.org/theme/vw-project-management.0.1.1.zip,"2025-04-28 01:01:06",https://wordpress.org/themes/vw-project-management/,5.0,7.2
wens-inspire,"WENS Inspire",1.0.0,,https://downloads.wordpress.org/theme/wens-inspire.1.0.0.zip,"2025-04-28 00:46:18",https://wordpress.org/themes/wens-inspire/,6.0,7.4
akblog,AKBlog,1.4.1,1.4.0,https://downloads.wordpress.org/theme/akblog.1.4.1.zip,"2025-04-28 03:43:36",https://wordpress.org/themes/akblog/,,5.6
bblog,BBlog,1.2.2,1.2.0,https://downloads.wordpress.org/theme/bblog.1.2.2.zip,"2025-04-28 03:50:53",https://wordpress.org/themes/bblog/,,5.6
bexplore,BExplore,1.2.3,1.2.2,https://downloads.wordpress.org/theme/bexplore.1.2.3.zip,"2025-04-28 03:56:28",https://wordpress.org/themes/bexplore/,,5.6
blogarise,BlogArise,1.1.3,1.1.2,https://downloads.wordpress.org/theme/blogarise.1.1.3.zip,"2025-04-28 03:56:29",https://wordpress.org/themes/blogarise/,6.6,7.4
blogdata,BlogData,1.3.4,1.3.3,https://downloads.wordpress.org/theme/blogdata.1.3.4.zip,"2025-04-28 03:57:24",https://wordpress.org/themes/blogdata/,6.6,7.4
blogus,Blogus,2.4.5,2.4.4,https://downloads.wordpress.org/theme/blogus.2.4.5.zip,"2025-04-28 03:54:08",https://wordpress.org/themes/blogus/,6.6,7.4
kenta,Kenta,1.4.9,1.4.8,https://downloads.wordpress.org/theme/kenta.1.4.9.zip,"2025-04-28 03:18:23",https://wordpress.org/themes/kenta/,,7.4
medical-clinic-lite,"Medical Clinic Lite",1.5.1,1.5.0,https://downloads.wordpress.org/theme/medical-clinic-lite.1.5.1.zip,"2025-04-28 04:21:37",https://wordpress.org/themes/medical-clinic-lite/,5.0,7.2
misbah-blog,"Misbah Blog",1.8.0,1.7.9,https://downloads.wordpress.org/theme/misbah-blog.1.8.0.zip,"2025-04-28 04:21:38",https://wordpress.org/themes/misbah-blog/,5.0,7.2
newsup,Newsup,4.0.0.84,4.0.0.83,https://downloads.wordpress.org/theme/newsup.4.0.0.84.zip,"2025-04-28 03:53:04",https://wordpress.org/themes/newsup/,6.6,7.4
yuki,Yuki,1.4.8,1.4.7,https://downloads.wordpress.org/theme/yuki.1.4.8.zip,"2025-04-28 03:17:34",https://wordpress.org/themes/yuki/,,7.4
aasta-light,"Aasta Light",10.0,9.9,https://downloads.wordpress.org/theme/aasta-light.10.0.zip,"2025-04-28 05:44:02",https://wordpress.org/themes/aasta-light/,,5.6
aasta,Aasta,12.2,12.1,https://downloads.wordpress.org/theme/aasta.12.2.zip,"2025-04-28 05:45:15",https://wordpress.org/themes/aasta/,,5.6
cinematic-videos,"Cinematic Videos",0.1.2,0.1.1,https://downloads.wordpress.org/theme/cinematic-videos.0.1.2.zip,"2025-04-28 05:33:38",https://wordpress.org/themes/cinematic-videos/,5.0,7.2
construction-demolition-services,"Construction Demolition Services",0.0.9,0.0.8,https://downloads.wordpress.org/theme/construction-demolition-services.0.0.9.zip,"2025-04-28 05:33:01",https://wordpress.org/themes/construction-demolition-services/,5.0,7.2
kindergarten-playschool,"Kindergarten Playschool",0.1.3,0.1.2,https://downloads.wordpress.org/theme/kindergarten-playschool.0.1.3.zip,"2025-04-28 05:31:31",https://wordpress.org/themes/kindergarten-playschool/,5.0,7.2
pet-accessory-store,"Pet Accessory Store",0.0.7,0.0.6,https://downloads.wordpress.org/theme/pet-accessory-store.0.0.7.zip,"2025-04-28 05:32:00",https://wordpress.org/themes/pet-accessory-store/,5.0,7.2
skin-care-products,"Skin Care Products",0.0.9,0.0.8,https://downloads.wordpress.org/theme/skin-care-products.0.0.9.zip,"2025-04-28 05:30:49",https://wordpress.org/themes/skin-care-products/,5.0,7.2
travel-compass,"Travel Compass",1.0.1,1.0.0,https://downloads.wordpress.org/theme/travel-compass.1.0.1.zip,"2025-04-28 05:18:36",https://wordpress.org/themes/travel-compass/,,7.4
dazel,Dazel,1.0.10,,https://downloads.wordpress.org/theme/dazel.1.0.10.zip,"2025-04-28 04:46:05",https://wordpress.org/themes/dazel/,5.8,7.1
aasta-blog,"Aasta Blog",4.9,4.8,https://downloads.wordpress.org/theme/aasta-blog.4.9.zip,"2025-04-28 05:45:38",https://wordpress.org/themes/aasta-blog/,,5.6
agencyfy,Agencyfy,1.8,1.7,https://downloads.wordpress.org/theme/agencyfy.1.8.zip,"2025-04-28 05:46:04",https://wordpress.org/themes/agencyfy/,,5.6
agencywp,AgencyWP,9.5,9.4,https://downloads.wordpress.org/theme/agencywp.9.5.zip,"2025-04-28 05:46:31",https://wordpress.org/themes/agencywp/,,5.6
appointech,Appointech,8.0,7.9,https://downloads.wordpress.org/theme/appointech.8.0.zip,"2025-04-28 05:46:53",https://wordpress.org/themes/appointech/,,5.6
architect-studio,"Architect Studio",7.3,7.2,https://downloads.wordpress.org/theme/architect-studio.7.3.zip,"2025-04-28 05:47:15",https://wordpress.org/themes/architect-studio/,,5.6
boutique-shop,"Boutique Shop",2.1,2.0,https://downloads.wordpress.org/theme/boutique-shop.2.1.zip,"2025-04-28 05:57:30",https://wordpress.org/themes/boutique-shop/,5.1,7.2
builderzone,BuilderZone,4.5,4.4,https://downloads.wordpress.org/theme/builderzone.4.5.zip,"2025-04-28 05:47:38",https://wordpress.org/themes/builderzone/,,5.6
businesslab,BusinessLab,5.4,5.3,https://downloads.wordpress.org/theme/businesslab.5.4.zip,"2025-04-28 05:48:07",https://wordpress.org/themes/businesslab/,,5.6
businesstek,Businesstek,2.0,1.9,https://downloads.wordpress.org/theme/businesstek.2.0.zip,"2025-04-28 05:48:35",https://wordpress.org/themes/businesstek/,,5.6
charitable-trust,"Charitable Trust",0.6,0.5,https://downloads.wordpress.org/theme/charitable-trust.0.6.zip,"2025-04-28 05:46:09",https://wordpress.org/themes/charitable-trust/,5.6,7.2
charity-funds,"Charity Funds",3.2,3.1,https://downloads.wordpress.org/theme/charity-funds.3.2.zip,"2025-04-28 05:52:24",https://wordpress.org/themes/charity-funds/,,7.4
consultexo,Consultexo,8.4,8.3,https://downloads.wordpress.org/theme/consultexo.8.4.zip,"2025-04-28 05:49:04",https://wordpress.org/themes/consultexo/,,5.6
creationwp,CreationWP,2.2,2.1,https://downloads.wordpress.org/theme/creationwp.2.2.zip,"2025-04-28 05:57:54",https://wordpress.org/themes/creationwp/,,5.6
cultural-festival,"Cultural Festival",1.0.7,1.0.6,https://downloads.wordpress.org/theme/cultural-festival.1.0.7.zip,"2025-04-28 05:45:55",https://wordpress.org/themes/cultural-festival/,5.6,7.2
ecommerce-store-elementor,"Ecommerce Store Elementor",1.1,1.0.9,https://downloads.wordpress.org/theme/ecommerce-store-elementor.1.1.zip,"2025-04-28 05:46:26",https://wordpress.org/themes/ecommerce-store-elementor/,5.6,7.2
florist-elementor,"Florist Elementor",0.8,0.7,https://downloads.wordpress.org/theme/florist-elementor.0.8.zip,"2025-04-28 05:46:46",https://wordpress.org/themes/florist-elementor/,5.6,7.2
furniture-decor,"Furniture Decor",3.5,3.4,https://downloads.wordpress.org/theme/furniture-decor.3.5.zip,"2025-04-28 05:57:55",https://wordpress.org/themes/furniture-decor/,,5.6
globalhub,GlobalHub,3.4,3.3,https://downloads.wordpress.org/theme/globalhub.3.4.zip,"2025-04-28 05:49:33",https://wordpress.org/themes/globalhub/,,5.6
hague-firm,"Hague Firm",1.4,1.3,https://downloads.wordpress.org/theme/hague-firm.1.4.zip,"2025-04-28 05:57:59",https://wordpress.org/themes/hague-firm/,,5.6
hartford,Hartford,3.2,3.1,https://downloads.wordpress.org/theme/hartford.3.2.zip,"2025-04-28 05:49:57",https://wordpress.org/themes/hartford/,,5.6
honrix,Honrix,1.3.79,1.3.77,https://downloads.wordpress.org/theme/honrix.1.3.79.zip,"2025-04-28 06:02:58",https://wordpress.org/themes/honrix/,4.7,5.6
house-decor,"House Decor",2.6,2.5,https://downloads.wordpress.org/theme/house-decor.2.6.zip,"2025-04-28 05:50:31",https://wordpress.org/themes/house-decor/,,5.6
hs-second-agency,"HS Second Agency",0.0.5,0.0.4,https://downloads.wordpress.org/theme/hs-second-agency.0.0.5.zip,"2025-04-28 06:20:34",https://wordpress.org/themes/hs-second-agency/,4.7,5.6
interiorhub,InteriorHub,9.3,9.2,https://downloads.wordpress.org/theme/interiorhub.9.3.zip,"2025-04-28 05:50:56",https://wordpress.org/themes/interiorhub/,,5.6
mizan-real-estate,"Mizan Real Estate",1.0.7,1.0.6,https://downloads.wordpress.org/theme/mizan-real-estate.1.0.7.zip,"2025-04-28 05:47:13",https://wordpress.org/themes/mizan-real-estate/,5.6,7.2
news-digest,"News Digest",3.3,3.2,https://downloads.wordpress.org/theme/news-digest.3.3.zip,"2025-04-28 05:59:25",https://wordpress.org/themes/news-digest/,,5.6
newscorn,NewsCorn,2.2,2.1,https://downloads.wordpress.org/theme/newscorn.2.2.zip,"2025-04-28 05:58:43",https://wordpress.org/themes/newscorn/,,5.6
newsexo,NewsExo,4.5,4.4,https://downloads.wordpress.org/theme/newsexo.4.5.zip,"2025-04-28 06:00:08",https://wordpress.org/themes/newsexo/,,5.6
newsio,Newsio,3.8,3.7,https://downloads.wordpress.org/theme/newsio.3.8.zip,"2025-04-28 06:00:43",https://wordpress.org/themes/newsio/,,5.6
pastry-shop,"Pastry Shop",1.0.2,1.0.1,https://downloads.wordpress.org/theme/pastry-shop.1.0.2.zip,"2025-04-28 05:46:58",https://wordpress.org/themes/pastry-shop/,5.6,7.2
poultry-farm,"Poultry Farm",1.0.2,1.0.1,https://downloads.wordpress.org/theme/poultry-farm.1.0.2.zip,"2025-04-28 05:47:31",https://wordpress.org/themes/poultry-farm/,5.6,7.2
prime-beauty-salon,"Prime Beauty Salon",2.1,2.0,https://downloads.wordpress.org/theme/prime-beauty-salon.2.1.zip,"2025-04-28 05:58:00",https://wordpress.org/themes/prime-beauty-salon/,5.1,7.2
prime-charity-trust,"Prime Charity Trust",3.3,3.2,https://downloads.wordpress.org/theme/prime-charity-trust.3.3.zip,"2025-04-28 05:57:54",https://wordpress.org/themes/prime-charity-trust/,5.1,7.2
provo-news,"Provo News",1.7,1.6,https://downloads.wordpress.org/theme/provo-news.1.7.zip,"2025-04-28 06:01:21",https://wordpress.org/themes/provo-news/,,5.6
seattle-news,"Seattle News",1.4,1.3,https://downloads.wordpress.org/theme/seattle-news.1.4.zip,"2025-04-28 06:02:13",https://wordpress.org/themes/seattle-news/,,5.6
stockpress,StockPress,6.3,6.2,https://downloads.wordpress.org/theme/stockpress.6.3.zip,"2025-04-28 05:51:21",https://wordpress.org/themes/stockpress/,,5.6
avira,Avira,14.8,14.7,https://downloads.wordpress.org/theme/avira.14.8.zip,"2025-04-28 07:47:54",https://wordpress.org/themes/avira/,4.7,5.6
benzer,Benzer,14.8,14.7,https://downloads.wordpress.org/theme/benzer.14.8.zip,"2025-04-28 07:46:44",https://wordpress.org/themes/benzer/,4.7,5.6
binsight,BInsight,1.0.5,1.0.3,https://downloads.wordpress.org/theme/binsight.1.0.5.zip,"2025-04-28 06:54:48",https://wordpress.org/themes/binsight/,,5.6
btravel,BTravel,1.2.3,1.2.1,https://downloads.wordpress.org/theme/btravel.1.2.3.zip,"2025-04-28 07:01:44",https://wordpress.org/themes/btravel/,,5.6
carpet-store,"Carpet Store",1.3,1.2,https://downloads.wordpress.org/theme/carpet-store.1.3.zip,"2025-04-28 07:16:10",https://wordpress.org/themes/carpet-store/,5.9,5.6
eco-green,"Eco Green",1.7,1.6,https://downloads.wordpress.org/theme/eco-green.1.7.zip,"2025-04-28 07:16:39",https://wordpress.org/themes/eco-green/,5.9,5.6
educator-academy,"Educator Academy",1.7,1.6,https://downloads.wordpress.org/theme/educator-academy.1.7.zip,"2025-04-28 07:17:05",https://wordpress.org/themes/educator-academy/,5.9,5.6
envitech,Envitech,6.3,6.2,https://downloads.wordpress.org/theme/envitech.6.3.zip,"2025-04-28 07:46:03",https://wordpress.org/themes/envitech/,,7.0
exnova,Exnova,4.1,4.0,https://downloads.wordpress.org/theme/exnova.4.1.zip,"2025-04-28 07:45:41",https://wordpress.org/themes/exnova/,4.7,5.6
fabify,Fabify,14.8,14.7,https://downloads.wordpress.org/theme/fabify.14.8.zip,"2025-04-28 07:44:20",https://wordpress.org/themes/fabify/,4.7,5.6
gruj,Gruj,13.8,13.7,https://downloads.wordpress.org/theme/gruj.13.8.zip,"2025-04-28 07:56:08",https://wordpress.org/themes/gruj/,4.7,5.6
kindergarten-learning,"Kindergarten Learning",1.5,1.4,https://downloads.wordpress.org/theme/kindergarten-learning.1.5.zip,"2025-04-28 07:17:31",https://wordpress.org/themes/kindergarten-learning/,5.9,5.6
outdoor-restaurant,"Outdoor Restaurant",1.5,1.4,https://downloads.wordpress.org/theme/outdoor-restaurant.1.5.zip,"2025-04-28 07:19:27",https://wordpress.org/themes/outdoor-restaurant/,5.9,5.6
pc-gaming,"PC Gaming",1.3,1.2,https://downloads.wordpress.org/theme/pc-gaming.1.3.zip,"2025-04-28 07:18:09",https://wordpress.org/themes/pc-gaming/,5.9,5.6
scolax,Scolax,13.9,13.8,https://downloads.wordpress.org/theme/scolax.13.9.zip,"2025-04-28 07:43:07",https://wordpress.org/themes/scolax/,4.7,5.6
social-care-charity,"Social Care Charity",1.5,1.4,https://downloads.wordpress.org/theme/social-care-charity.1.5.zip,"2025-04-28 07:20:38",https://wordpress.org/themes/social-care-charity/,5.9,5.6
soga,Soga,13.4,13.3,https://downloads.wordpress.org/theme/soga.13.4.zip,"2025-04-28 07:50:52",https://wordpress.org/themes/soga/,4.7,5.6
specia,Specia,15.3,15.2,https://downloads.wordpress.org/theme/specia.15.3.zip,"2025-04-28 07:48:38",https://wordpress.org/themes/specia/,4.7,5.6
toy-storefront,"Toy Storefront",1.5,1.4,https://downloads.wordpress.org/theme/toy-storefront.1.5.zip,"2025-04-28 07:20:01",https://wordpress.org/themes/toy-storefront/,5.9,5.6
travel-holiday-spots,"Travel Holiday Spots",1.2,1.1,https://downloads.wordpress.org/theme/travel-holiday-spots.1.2.zip,"2025-04-28 07:22:19",https://wordpress.org/themes/travel-holiday-spots/,5.9,5.6
advance-automobile,"Advance Automobile",1.2.8,1.2.7,https://downloads.wordpress.org/theme/advance-automobile.1.2.8.zip,"2025-04-28 10:06:00",https://wordpress.org/themes/advance-automobile/,5.0,7.2
advance-business,"Advance Business",1.3.4,1.3.3,https://downloads.wordpress.org/theme/advance-business.1.3.4.zip,"2025-04-28 10:06:45",https://wordpress.org/themes/advance-business/,5.0,7.2
advance-coaching,"Advance Coaching",1.2.7,1.2.6,https://downloads.wordpress.org/theme/advance-coaching.1.2.7.zip,"2025-04-28 10:06:51",https://wordpress.org/themes/advance-coaching/,5.0,7.2
advance-ecommerce-store,"Advance Ecommerce Store",1.5,1.4.9,https://downloads.wordpress.org/theme/advance-ecommerce-store.1.5.zip,"2025-04-28 10:06:59",https://wordpress.org/themes/advance-ecommerce-store/,5.0,7.2
advance-education,"Advance Education",1.2,1.1.9,https://downloads.wordpress.org/theme/advance-education.1.2.zip,"2025-04-28 10:07:14",https://wordpress.org/themes/advance-education/,,7.2
aromatic,Aromatic,19.3,19.2,https://downloads.wordpress.org/theme/aromatic.19.3.zip,"2025-04-28 10:05:38",https://wordpress.org/themes/aromatic/,4.7,5.6
ayroma,Ayroma,18.7,18.6,https://downloads.wordpress.org/theme/ayroma.18.7.zip,"2025-04-28 10:04:57",https://wordpress.org/themes/ayroma/,4.7,5.6
education-insight,"Education Insight",8.7,8.6,https://downloads.wordpress.org/theme/education-insight.8.7.zip,"2025-04-28 09:18:00",https://wordpress.org/themes/education-insight/,5.0,5.6
flossy,Flossy,11.1,11.0,https://downloads.wordpress.org/theme/flossy.11.1.zip,"2025-04-28 10:07:27",https://wordpress.org/themes/flossy/,4.7,5.6
flow-store,"Flow Store",6.9,6.8,https://downloads.wordpress.org/theme/flow-store.6.9.zip,"2025-04-28 10:07:47",https://wordpress.org/themes/flow-store/,,5.6
gucherry-blog,"GuCherry Blog",1.1.10,1.1.8,https://downloads.wordpress.org/theme/gucherry-blog.1.1.10.zip,"2025-04-28 08:19:27",https://wordpress.org/themes/gucherry-blog/,,7.0
lifestyle-blogging,"Lifestyle Blogging",4.9,4.8,https://downloads.wordpress.org/theme/lifestyle-blogging.4.9.zip,"2025-04-28 09:18:51",https://wordpress.org/themes/lifestyle-blogging/,5.0,5.6
magty,Magty,1.0.5,1.0.4,https://downloads.wordpress.org/theme/magty.1.0.5.zip,"2025-04-28 08:45:16",https://wordpress.org/themes/magty/,5.3,5.6
ovation-blog,"Ovation Blog",8.1,8.0,https://downloads.wordpress.org/theme/ovation-blog.8.1.zip,"2025-04-28 09:16:01",https://wordpress.org/themes/ovation-blog/,5.0,5.6
ovation-health-blog,"Ovation Health Blog",6.3,6.2,https://downloads.wordpress.org/theme/ovation-health-blog.6.3.zip,"2025-04-28 09:16:46",https://wordpress.org/themes/ovation-health-blog/,5.0,5.6
paw-bazaar,"Paw Bazaar",2.6,2.4,https://downloads.wordpress.org/theme/paw-bazaar.2.6.zip,"2025-04-28 10:04:32",https://wordpress.org/themes/paw-bazaar/,,5.6
pet-bazaar,"Pet Bazaar",3.3,3.2,https://downloads.wordpress.org/theme/pet-bazaar.3.3.zip,"2025-04-28 09:52:27",https://wordpress.org/themes/pet-bazaar/,4.7,5.6
pet-store,"Pet Store",2.2,2.1,https://downloads.wordpress.org/theme/pet-store.2.2.zip,"2025-04-28 09:51:26",https://wordpress.org/themes/pet-store/,,5.6
policyguard-insurance-services,"Policyguard Insurance Services",0.1.3,0.1.2,https://downloads.wordpress.org/theme/policyguard-insurance-services.0.1.3.zip,"2025-04-28 09:35:35",https://wordpress.org/themes/policyguard-insurance-services/,5.0,7.2
responsive-blogger,"Responsive Blogger",6.7,6.6,https://downloads.wordpress.org/theme/responsive-blogger.6.7.zip,"2025-04-28 09:16:39",https://wordpress.org/themes/responsive-blogger/,5.0,5.6
retailsy,Retailsy,18.6,18.5,https://downloads.wordpress.org/theme/retailsy.18.6.zip,"2025-04-28 10:06:54",https://wordpress.org/themes/retailsy/,4.7,5.6
shopient,Shopient,18.6,18.5,https://downloads.wordpress.org/theme/shopient.18.6.zip,"2025-04-28 09:49:33",https://wordpress.org/themes/shopient/,4.7,5.6
shopiva,Shopiva,18.6,18.5,https://downloads.wordpress.org/theme/shopiva.18.6.zip,"2025-04-28 09:49:08",https://wordpress.org/themes/shopiva/,4.7,5.6
shoply,Shoply,18.7,18.6,https://downloads.wordpress.org/theme/shoply.18.7.zip,"2025-04-28 09:48:38",https://wordpress.org/themes/shoply/,4.7,5.6
storefit,Storefit,13.3,13.2,https://downloads.wordpress.org/theme/storefit.13.3.zip,"2025-04-28 10:06:01",https://wordpress.org/themes/storefit/,,5.6
storely,Storely,19.1,19.0,https://downloads.wordpress.org/theme/storely.19.1.zip,"2025-04-28 09:48:21",https://wordpress.org/themes/storely/,4.7,5.6
storess,Storess,18.6,18.5,https://downloads.wordpress.org/theme/storess.18.6.zip,"2025-04-28 09:47:49",https://wordpress.org/themes/storess/,4.7,5.6
storezia,Storezia,18.7,18.6,https://downloads.wordpress.org/theme/storezia.18.7.zip,"2025-04-28 09:47:04",https://wordpress.org/themes/storezia/,4.7,5.6
total,Total,2.1.90,2.1.89,https://downloads.wordpress.org/theme/total.2.1.90.zip,"2025-04-28 09:50:12",https://wordpress.org/themes/total/,,7.4
vw-corporate-business,"VW Corporate Business",1.1.9,1.1.8,https://downloads.wordpress.org/theme/vw-corporate-business.1.1.9.zip,"2025-04-28 09:58:21",https://wordpress.org/themes/vw-corporate-business/,5.0,7.2
vw-driving-school,"VW Driving School",1.2.7,1.2.6,https://downloads.wordpress.org/theme/vw-driving-school.1.2.7.zip,"2025-04-28 09:59:11",https://wordpress.org/themes/vw-driving-school/,5.0,7.2
vw-health-coaching,"VW Health Coaching",1.6.4,1.6.3,https://downloads.wordpress.org/theme/vw-health-coaching.1.6.4.zip,"2025-04-28 09:59:17",https://wordpress.org/themes/vw-health-coaching/,5.0,7.2
vw-hotel,"VW Hotel",1.2.5,1.2.4,https://downloads.wordpress.org/theme/vw-hotel.1.2.5.zip,"2025-04-28 09:59:21",https://wordpress.org/themes/vw-hotel/,5.0,7.2
vw-job-board,"VW Job Board",0.7.7,0.7.6,https://downloads.wordpress.org/theme/vw-job-board.0.7.7.zip,"2025-04-28 09:59:41",https://wordpress.org/themes/vw-job-board/,5.0,7.2
vw-lawyer-attorney,"VW Lawyer Attorney",2.1.2,2.1.1,https://downloads.wordpress.org/theme/vw-lawyer-attorney.2.1.2.zip,"2025-04-28 10:00:20",https://wordpress.org/themes/vw-lawyer-attorney/,5.0,7.2
vw-newspaper,"VW Newspaper",1.3.3,1.3.2,https://downloads.wordpress.org/theme/vw-newspaper.1.3.3.zip,"2025-04-28 10:00:20",https://wordpress.org/themes/vw-newspaper/,5.0,7.2
vw-nutritionist-coach,"VW Nutritionist Coach",1.4.6,1.4.5,https://downloads.wordpress.org/theme/vw-nutritionist-coach.1.4.6.zip,"2025-04-28 10:00:45",https://wordpress.org/themes/vw-nutritionist-coach/,5.0,7.2
vw-parallax,"VW Parallax",1.1.9,1.1.8,https://downloads.wordpress.org/theme/vw-parallax.1.1.9.zip,"2025-04-28 10:01:37",https://wordpress.org/themes/vw-parallax/,5.0,7.2
vw-startup,"VW Startup",1.3,1.2.9,https://downloads.wordpress.org/theme/vw-startup.1.3.zip,"2025-04-28 10:01:36",https://wordpress.org/themes/vw-startup/,5.0,7.2
advance-fitness-gym,"Advance Fitness Gym",1.2.6,1.2.5,https://downloads.wordpress.org/theme/advance-fitness-gym.1.2.6.zip,"2025-04-28 10:08:04",https://wordpress.org/themes/advance-fitness-gym/,5.0,7.2
advance-it-company,"Advance IT Company",1.2.6,1.2.5,https://downloads.wordpress.org/theme/advance-it-company.1.2.6.zip,"2025-04-28 10:08:14",https://wordpress.org/themes/advance-it-company/,5.0,7.2
advance-pet-care,"Advance Pet Care",1.3.8,1.3.7,https://downloads.wordpress.org/theme/advance-pet-care.1.3.8.zip,"2025-04-28 10:08:22",https://wordpress.org/themes/advance-pet-care/,5.0,7.2
advance-startup,"Advance Startup",1.1.1,1.1,https://downloads.wordpress.org/theme/advance-startup.1.1.1.zip,"2025-04-28 10:10:35",https://wordpress.org/themes/advance-startup/,5.0,7.2
art-gallery-museum,"Art Gallery Museum",0.7.2,0.7.1,https://downloads.wordpress.org/theme/art-gallery-museum.0.7.2.zip,"2025-04-28 10:16:36",https://wordpress.org/themes/art-gallery-museum/,5.0,7.2
arvita,Arvita,1.0.10,1.0.9,https://downloads.wordpress.org/theme/arvita.1.0.10.zip,"2025-04-28 10:51:35",https://wordpress.org/themes/arvita/,4.7,5.6
cargo-transport,"Cargo Transport",1.6.5,1.6.4,https://downloads.wordpress.org/theme/cargo-transport.1.6.5.zip,"2025-04-28 10:17:02",https://wordpress.org/themes/cargo-transport/,5.0,5.6
corpiva,Corpiva,1.0.56,1.0.55,https://downloads.wordpress.org/theme/corpiva.1.0.56.zip,"2025-04-28 10:49:57",https://wordpress.org/themes/corpiva/,4.7,5.6
corvia,Corvia,1.0.22,1.0.21,https://downloads.wordpress.org/theme/corvia.1.0.22.zip,"2025-04-28 10:51:07",https://wordpress.org/themes/corvia/,4.7,5.6
corvita,Corvita,1.0.31,1.0.30,https://downloads.wordpress.org/theme/corvita.1.0.31.zip,"2025-04-28 10:50:33",https://wordpress.org/themes/corvita/,4.7,5.6
daystory,DayStory,1.0.77,1.0.76,https://downloads.wordpress.org/theme/daystory.1.0.77.zip,"2025-04-28 10:43:41",https://wordpress.org/themes/daystory/,4.7,7.0
digital-advertising,"Digital Advertising",0.6.6,0.6.5,https://downloads.wordpress.org/theme/digital-advertising.0.6.6.zip,"2025-04-28 10:17:17",https://wordpress.org/themes/digital-advertising/,5.0,7.2
electronics-gadgets,"Electronics Gadgets",1.5.3,1.5.2,https://downloads.wordpress.org/theme/electronics-gadgets.1.5.3.zip,"2025-04-28 10:17:22",https://wordpress.org/themes/electronics-gadgets/,5.0,7.2
electronics-store,"Electronics Store",1.2.7,1.2.6,https://downloads.wordpress.org/theme/electronics-store.1.2.7.zip,"2025-04-28 10:17:57",https://wordpress.org/themes/electronics-store/,5.0,7.2
express-store,"Express Store",14.8,14.7,https://downloads.wordpress.org/theme/express-store.14.8.zip,"2025-04-28 10:09:00",https://wordpress.org/themes/express-store/,,5.6
feauty,Feauty,18.6,18.5,https://downloads.wordpress.org/theme/feauty.18.6.zip,"2025-04-28 10:08:37",https://wordpress.org/themes/feauty/,4.7,5.6
flexi-mart,"Flexi Mart",5.8,5.7,https://downloads.wordpress.org/theme/flexi-mart.5.8.zip,"2025-04-28 10:08:14",https://wordpress.org/themes/flexi-mart/,,5.6
flexiva,Flexiva,0.5,0.4,https://downloads.wordpress.org/theme/flexiva.0.5.zip,"2025-04-28 10:52:35",https://wordpress.org/themes/flexiva/,4.7,5.6
kid-toys-store,"Kid Toys Store",1.4.3,1.4.2,https://downloads.wordpress.org/theme/kid-toys-store.1.4.3.zip,"2025-04-28 10:18:04",https://wordpress.org/themes/kid-toys-store/,5.0,7.2
logistic-transport,"Logistic Transport",1.4.3,1.4.2,https://downloads.wordpress.org/theme/logistic-transport.1.4.3.zip,"2025-04-28 10:18:16",https://wordpress.org/themes/logistic-transport/,5.0,7.2
newsalert,NewsAlert,1.0.26,1.0.25,https://downloads.wordpress.org/theme/newsalert.1.0.26.zip,"2025-04-28 10:46:25",https://wordpress.org/themes/newsalert/,4.7,7.0
newsalt,NewsAlt,1.0.57,1.0.56,https://downloads.wordpress.org/theme/newsalt.1.0.57.zip,"2025-04-28 10:44:09",https://wordpress.org/themes/newsalt/,4.7,7.0
newsblogy,NewsBlogy,0.8,0.7,https://downloads.wordpress.org/theme/newsblogy.0.8.zip,"2025-04-28 10:47:01",https://wordpress.org/themes/newsblogy/,4.7,7.0
newsdaily,NewsDaily,1.0.79,1.0.78,https://downloads.wordpress.org/theme/newsdaily.1.0.79.zip,"2025-04-28 10:43:12",https://wordpress.org/themes/newsdaily/,4.7,7.0
newshours,NewsHours,1.0.48,1.0.47,https://downloads.wordpress.org/theme/newshours.1.0.48.zip,"2025-04-28 10:44:36",https://wordpress.org/themes/newshours/,4.7,7.0
newsmash,NewsMash,1.0.94,1.0.93,https://downloads.wordpress.org/theme/newsmash.1.0.94.zip,"2025-04-28 10:41:17",https://wordpress.org/themes/newsmash/,4.7,7.0
newsmunch,NewsMunch,1.0.58,1.0.57,https://downloads.wordpress.org/theme/newsmunch.1.0.58.zip,"2025-04-28 10:45:19",https://wordpress.org/themes/newsmunch/,4.7,7.0
newstick,NewsTick,1.0.55,1.0.54,https://downloads.wordpress.org/theme/newstick.1.0.55.zip,"2025-04-28 10:45:47",https://wordpress.org/themes/newstick/,4.7,7.0
smart-electrician,"Smart Electrician",0.2.2,0.2.1,https://downloads.wordpress.org/theme/smart-electrician.0.2.2.zip,"2025-04-28 11:02:33",https://wordpress.org/themes/smart-electrician/,,5.6
softalt,SoftAlt,1.0.21,1.0.20,https://downloads.wordpress.org/theme/softalt.1.0.21.zip,"2025-04-28 10:52:09",https://wordpress.org/themes/softalt/,4.7,5.6
tattoo-artist,"Tattoo Artist",0.2.3,0.2.2,https://downloads.wordpress.org/theme/tattoo-artist.0.2.3.zip,"2025-04-28 11:03:20",https://wordpress.org/themes/tattoo-artist/,,5.6
viral-mag,"Viral Mag",2.0.54,2.0.53,https://downloads.wordpress.org/theme/viral-mag.2.0.54.zip,"2025-04-28 10:28:23",https://wordpress.org/themes/viral-mag/,,7.4
blogty,Blogty,1.0.10,1.0.9,https://downloads.wordpress.org/theme/blogty.1.0.10.zip,"2025-04-28 12:27:07",https://wordpress.org/themes/blogty/,5.3,5.6
minimalista-base,"Minimalista Base",1.1.3,1.1.0,https://downloads.wordpress.org/theme/minimalista-base.1.1.3.zip,"2025-04-28 12:29:18",https://wordpress.org/themes/minimalista-base/,,5.3
newsmass,NewsMass,1.1.1,1.1.0,https://downloads.wordpress.org/theme/newsmass.1.1.1.zip,"2025-04-28 12:52:44",https://wordpress.org/themes/newsmass/,5.9,5.6
book-review-blog,"Book Review Blog",1.2.8,1.2.7,https://downloads.wordpress.org/theme/book-review-blog.1.2.8.zip,"2025-04-28 14:17:10",https://wordpress.org/themes/book-review-blog/,5.0,7.1
directory,Directory,3.0.10,3.0.9,https://downloads.wordpress.org/theme/directory.3.0.10.zip,"2025-04-28 14:34:55",https://wordpress.org/themes/directory/,6.1,7.2
author-portfolio,"Author Portfolio",4.2.22,4.2.21,https://downloads.wordpress.org/theme/author-portfolio.4.2.22.zip,"2025-04-28 16:27:32",https://wordpress.org/themes/author-portfolio/,5.0,7.1
blog-paper,"Blog Paper",1.0.1,1.0.0,https://downloads.wordpress.org/theme/blog-paper.1.0.1.zip,"2025-04-28 16:01:50",https://wordpress.org/themes/blog-paper/,5.0,7.4
ollie,Ollie,1.4.8,1.4.7,https://downloads.wordpress.org/theme/ollie.1.4.8.zip,"2025-04-28 15:58:28",https://wordpress.org/themes/ollie/,,7.3
gutty,Gutty,1.4.10,1.4.9,https://downloads.wordpress.org/theme/gutty.1.4.10.zip,"2025-04-28 16:44:56",https://wordpress.org/themes/gutty/,6.3,7.4
ultimate-hotel-booking,"Ultimate Hotel Booking",1.1.1,1.1.0,https://downloads.wordpress.org/theme/ultimate-hotel-booking.1.1.1.zip,"2025-04-28 16:43:18",https://wordpress.org/themes/ultimate-hotel-booking/,4.9,7.4
maglink,MagLink,1.0.3,1.0.2,https://downloads.wordpress.org/theme/maglink.1.0.3.zip,"2025-04-28 18:30:17",https://wordpress.org/themes/maglink/,5.9,5.6
wens-inspire,"WENS Inspire",1.0.1,1.0.0,https://downloads.wordpress.org/theme/wens-inspire.1.0.1.zip,"2025-04-28 18:21:17",https://wordpress.org/themes/wens-inspire/,6.0,7.4
appointment-management,"Appointment Management",1.0,,https://downloads.wordpress.org/theme/appointment-management.1.0.zip,"2025-04-28 23:31:49",https://wordpress.org/themes/appointment-management/,,7.4
classic-coworking-space,"Classic Coworking Space",0.2,,https://downloads.wordpress.org/theme/classic-coworking-space.0.2.zip,"2025-04-28 23:31:36",https://wordpress.org/themes/classic-coworking-space/,5.0,5.6
gamernews,GamerNews,1.0.0,,https://downloads.wordpress.org/theme/gamernews.1.0.0.zip,"2025-04-29 01:31:42",https://wordpress.org/themes/gamernews/,4.0,5.3
graceful-mag-blog,"Graceful Mag Blog",1.0.1,,https://downloads.wordpress.org/theme/graceful-mag-blog.1.0.1.zip,"2025-04-29 01:16:07",https://wordpress.org/themes/graceful-mag-blog/,5.3,5.6
abiz,Abiz,1.0.10,1.0.9,https://downloads.wordpress.org/theme/abiz.1.0.10.zip,"2025-04-29 02:45:20",https://wordpress.org/themes/abiz/,,5.4
avine,Avine,1.0.64,1.0.63,https://downloads.wordpress.org/theme/avine.1.0.64.zip,"2025-04-29 02:57:47",https://wordpress.org/themes/avine/,,5.4
avire,Avire,1.0.54,1.0.53,https://downloads.wordpress.org/theme/avire.1.0.54.zip,"2025-04-29 02:56:03",https://wordpress.org/themes/avire/,,5.4
enovia,Enovia,1.0.62,1.0.61,https://downloads.wordpress.org/theme/enovia.1.0.62.zip,"2025-04-29 02:56:52",https://wordpress.org/themes/enovia/,,5.4
flecto,Flecto,1.0.49,1.0.48,https://downloads.wordpress.org/theme/flecto.1.0.49.zip,"2025-04-29 02:54:04",https://wordpress.org/themes/flecto/,,5.4
flixify,Flixify,1.0.52,1.0.51,https://downloads.wordpress.org/theme/flixify.1.0.52.zip,"2025-04-29 02:55:10",https://wordpress.org/themes/flixify/,,5.4
quickbiz,QuickBiz,1.0.44,1.0.43,https://downloads.wordpress.org/theme/quickbiz.1.0.44.zip,"2025-04-29 02:53:17",https://wordpress.org/themes/quickbiz/,,5.4
book-review-blog,"Book Review Blog",1.2.9,1.2.8,https://downloads.wordpress.org/theme/book-review-blog.1.2.9.zip,"2025-04-29 03:55:29",https://wordpress.org/themes/book-review-blog/,5.0,7.1
clean-gallery,"Clean Gallery",1.1.1,1.1.0,https://downloads.wordpress.org/theme/clean-gallery.1.1.1.zip,"2025-04-29 04:11:10",https://wordpress.org/themes/clean-gallery/,5.0,7.2
restaurant-food-delivery,"Restaurant Food Delivery",5.1,5.0,https://downloads.wordpress.org/theme/restaurant-food-delivery.5.1.zip,"2025-04-29 04:12:13",https://wordpress.org/themes/restaurant-food-delivery/,5.0,7.2
social-media-expert,"Social Media Expert",5.2,5.1,https://downloads.wordpress.org/theme/social-media-expert.5.2.zip,"2025-04-29 04:12:59",https://wordpress.org/themes/social-media-expert/,5.0,7.2
solace,Solace,2.1.13,2.1.12,https://downloads.wordpress.org/theme/solace.2.1.13.zip,"2025-04-29 04:29:57",https://wordpress.org/themes/solace/,,7.4
spa-salon,"Spa Salon",6.2,6.1,https://downloads.wordpress.org/theme/spa-salon.6.2.zip,"2025-04-29 04:13:00",https://wordpress.org/themes/spa-salon/,5.0,7.2
the-travel-booking,"The Travel Booking",5.3,5.2,https://downloads.wordpress.org/theme/the-travel-booking.5.3.zip,"2025-04-29 04:15:21",https://wordpress.org/themes/the-travel-booking/,5.0,7.2
transport-solutions,"Transport Solutions",1.7.9,1.7.8,https://downloads.wordpress.org/theme/transport-solutions.1.7.9.zip,"2025-04-29 04:15:52",https://wordpress.org/themes/transport-solutions/,5.0,7.2
woodworking-carpenter,"Woodworking Carpenter",5.1,5.0,https://downloads.wordpress.org/theme/woodworking-carpenter.5.1.zip,"2025-04-29 04:16:16",https://wordpress.org/themes/woodworking-carpenter/,5.0,7.2
pixel-ebook-store,"Pixel Ebook Store",1.0,,https://downloads.wordpress.org/theme/pixel-ebook-store.1.0.zip,"2025-04-29 04:31:45",https://wordpress.org/themes/pixel-ebook-store/,,5.6
author-portfolio,"Author Portfolio",4.2.23,4.2.22,https://downloads.wordpress.org/theme/author-portfolio.4.2.23.zip,"2025-04-29 04:51:43",https://wordpress.org/themes/author-portfolio/,5.0,7.1
property-broker,"Property Broker",0.3,0.2,https://downloads.wordpress.org/theme/property-broker.0.3.zip,"2025-04-29 04:47:35",https://wordpress.org/themes/property-broker/,5.6,7.2
solar-panel-distributor,"Solar Panel Distributor",1.0.8,1.0.7,https://downloads.wordpress.org/theme/solar-panel-distributor.1.0.8.zip,"2025-04-29 04:47:44",https://wordpress.org/themes/solar-panel-distributor/,5.6,7.2
unique-blogger,"Unique Blogger",1.0.5,1.0.4,https://downloads.wordpress.org/theme/unique-blogger.1.0.5.zip,"2025-04-29 04:48:30",https://wordpress.org/themes/unique-blogger/,5.6,7.2
unique-freelancer-portfolio,"Unique Freelancer Portfolio",1.0.4,1.0.3,https://downloads.wordpress.org/theme/unique-freelancer-portfolio.1.0.4.zip,"2025-04-29 04:48:31",https://wordpress.org/themes/unique-freelancer-portfolio/,5.6,7.2
unique-fun-center,"Unique Fun Center",1.0.5,1.0.4,https://downloads.wordpress.org/theme/unique-fun-center.1.0.5.zip,"2025-04-29 04:54:52",https://wordpress.org/themes/unique-fun-center/,5.6,7.2
unique-graphic-designer,"Unique Graphic Designer",1.1,1.0.9,https://downloads.wordpress.org/theme/unique-graphic-designer.1.1.zip,"2025-04-29 04:55:02",https://wordpress.org/themes/unique-graphic-designer/,5.6,7.2
unique-restaurant,"Unique Restaurant",2.1,2.0.9,https://downloads.wordpress.org/theme/unique-restaurant.2.1.zip,"2025-04-29 04:55:31",https://wordpress.org/themes/unique-restaurant/,5.6,7.2
travel-tribe,"Travel Tribe",1.0.1,1.0.0,https://downloads.wordpress.org/theme/travel-tribe.1.0.1.zip,"2025-04-29 05:54:45",https://wordpress.org/themes/travel-tribe/,,7.4
blogmine,Blogmine,1.1.7,1.1.6,https://downloads.wordpress.org/theme/blogmine.1.1.7.zip,"2025-04-29 06:42:29",https://wordpress.org/themes/blogmine/,5.3,5.6
blogty,Blogty,1.0.11,1.0.10,https://downloads.wordpress.org/theme/blogty.1.0.11.zip,"2025-04-29 06:41:14",https://wordpress.org/themes/blogty/,5.3,5.6
magways,Magways,1.2.1,1.2.0,https://downloads.wordpress.org/theme/magways.1.2.1.zip,"2025-04-29 06:43:33",https://wordpress.org/themes/magways/,5.3,5.6
prime-fundraiser,"Prime Fundraiser",3.6,3.5,https://downloads.wordpress.org/theme/prime-fundraiser.3.6.zip,"2025-04-29 07:06:37",https://wordpress.org/themes/prime-fundraiser/,,7.4
prime-interior-designer,"Prime Interior Designer",2.8,2.7,https://downloads.wordpress.org/theme/prime-interior-designer.2.8.zip,"2025-04-29 07:07:00",https://wordpress.org/themes/prime-interior-designer/,5.1,7.2
prime-kindergarten,"Prime Kindergarten",2.8,2.7,https://downloads.wordpress.org/theme/prime-kindergarten.2.8.zip,"2025-04-29 07:08:09",https://wordpress.org/themes/prime-kindergarten/,,7.4
prime-magazine,"Prime Magazine",2.6,2.5,https://downloads.wordpress.org/theme/prime-magazine.2.6.zip,"2025-04-29 07:08:36",https://wordpress.org/themes/prime-magazine/,,7.2
prime-playschool-classes,"Prime Playschool Classes",3.6,3.5,https://downloads.wordpress.org/theme/prime-playschool-classes.3.6.zip,"2025-04-29 07:09:14",https://wordpress.org/themes/prime-playschool-classes/,,5.6
prime-spa-center,"Prime Spa Center",2.7,2.6,https://downloads.wordpress.org/theme/prime-spa-center.2.7.zip,"2025-04-29 07:09:22",https://wordpress.org/themes/prime-spa-center/,5.1,7.2
anamio,Anamio,13.9,13.7,https://downloads.wordpress.org/theme/anamio.13.9.zip,"2025-04-29 08:03:38",https://wordpress.org/themes/anamio/,4.7,5.6
appointable,Appointable,12.8,12.7,https://downloads.wordpress.org/theme/appointable.12.8.zip,"2025-04-29 07:50:19",https://wordpress.org/themes/appointable/,4.7,5.6
arkbiz,ArkBiz,12.8,12.7,https://downloads.wordpress.org/theme/arkbiz.12.8.zip,"2025-04-29 07:49:21",https://wordpress.org/themes/arkbiz/,4.7,5.6
daizy,Daizy,12.7,12.5,https://downloads.wordpress.org/theme/daizy.12.7.zip,"2025-04-29 08:03:08",https://wordpress.org/themes/daizy/,4.7,5.6
ferio,Ferio,5.7,5.5,https://downloads.wordpress.org/theme/ferio.5.7.zip,"2025-04-29 08:04:59",https://wordpress.org/themes/ferio/,4.7,5.6
fortify,Fortify,4.8,4.7,https://downloads.wordpress.org/theme/fortify.4.8.zip,"2025-04-29 07:45:06",https://wordpress.org/themes/fortify/,4.7,5.6
heropress,HeroPress,14.8,14.7,https://downloads.wordpress.org/theme/heropress.14.8.zip,"2025-04-29 07:44:35",https://wordpress.org/themes/heropress/,4.7,5.6
hstore,hstore,12.8,12.7,https://downloads.wordpress.org/theme/hstore.12.8.zip,"2025-04-29 07:43:10",https://wordpress.org/themes/hstore/,4.7,5.6
proficient,Proficient,14.7,14.6,https://downloads.wordpress.org/theme/proficient.14.7.zip,"2025-04-29 07:51:14",https://wordpress.org/themes/proficient/,4.7,5.6
spera,Spera,13.8,13.7,https://downloads.wordpress.org/theme/spera.13.8.zip,"2025-04-29 07:39:14",https://wordpress.org/themes/spera/,4.7,5.6
ashe,Ashe,2.256,2.255,https://downloads.wordpress.org/theme/ashe.2.256.zip,"2025-04-29 10:22:43",https://wordpress.org/themes/ashe/,4.7,5.2.4
architecture-firm,"Architecture Firm",0.0.4,0.0.3,https://downloads.wordpress.org/theme/architecture-firm.0.0.4.zip,"2025-04-29 11:11:25",https://wordpress.org/themes/architecture-firm/,5.0,5.6
consultant-agency,"Consultant Agency",0.0.6,0.0.5,https://downloads.wordpress.org/theme/consultant-agency.0.0.6.zip,"2025-04-29 11:11:39",https://wordpress.org/themes/consultant-agency/,5.0,5.6
ethical-hacking,"Ethical Hacking",0.0.7,0.0.6,https://downloads.wordpress.org/theme/ethical-hacking.0.0.7.zip,"2025-04-29 11:11:58",https://wordpress.org/themes/ethical-hacking/,5.0,5.6
fitness-trainer-elementor,"Fitness Trainer Elementor",0.0.5,0.0.4,https://downloads.wordpress.org/theme/fitness-trainer-elementor.0.0.5.zip,"2025-04-29 11:12:08",https://wordpress.org/themes/fitness-trainer-elementor/,5.0,5.6
kindergarten-elementor,"Kindergarten Elementor",0.0.7,0.0.6,https://downloads.wordpress.org/theme/kindergarten-elementor.0.0.7.zip,"2025-04-29 11:12:24",https://wordpress.org/themes/kindergarten-elementor/,5.0,5.6
live-music-band,"Live Music Band",0.0.4,0.0.3,https://downloads.wordpress.org/theme/live-music-band.0.0.4.zip,"2025-04-29 11:12:46",https://wordpress.org/themes/live-music-band/,5.0,5.6
photo-gallery,"Photo Gallery",0.0.6,0.0.5,https://downloads.wordpress.org/theme/photo-gallery.0.0.6.zip,"2025-04-29 11:12:56",https://wordpress.org/themes/photo-gallery/,5.0,5.6
tattoo-studio,"Tattoo Studio",0.0.4,0.0.3,https://downloads.wordpress.org/theme/tattoo-studio.0.0.4.zip,"2025-04-29 11:13:17",https://wordpress.org/themes/tattoo-studio/,5.0,5.6
tech-review-blog,"Tech Review Blog",0.0.5,0.0.4,https://downloads.wordpress.org/theme/tech-review-blog.0.0.5.zip,"2025-04-29 11:13:32",https://wordpress.org/themes/tech-review-blog/,5.0,5.6
airin-blog,"Airin Blog",1.7.11,1.7.10,https://downloads.wordpress.org/theme/airin-blog.1.7.11.zip,"2025-04-29 12:58:15",https://wordpress.org/themes/airin-blog/,6.0,7.1
auto-car-dealership,"Auto Car Dealership",1.5.3,1.5.2,https://downloads.wordpress.org/theme/auto-car-dealership.1.5.3.zip,"2025-04-29 11:48:24",https://wordpress.org/themes/auto-car-dealership/,5.9,7.2
automobile-car-shop,"Automobile Car Shop",1.4.2,1.4.1,https://downloads.wordpress.org/theme/automobile-car-shop.1.4.2.zip,"2025-04-29 11:52:24",https://wordpress.org/themes/automobile-car-shop/,5.9,5.6
babysitting-day-care,"Babysitting Day Care",0.9.6,0.9.5,https://downloads.wordpress.org/theme/babysitting-day-care.0.9.6.zip,"2025-04-29 11:56:04",https://wordpress.org/themes/babysitting-day-care/,5.0,7.2
business-card-resume,"Business Card Resume",0.5.5,0.5.4,https://downloads.wordpress.org/theme/business-card-resume.0.5.5.zip,"2025-04-29 11:54:37",https://wordpress.org/themes/business-card-resume/,5.0,7.2
car-repair-mechanic,"Car Repair Mechanic",0.6.1,0.6,https://downloads.wordpress.org/theme/car-repair-mechanic.0.6.1.zip,"2025-04-29 11:54:45",https://wordpress.org/themes/car-repair-mechanic/,5.0,7.4
caresoft,CareSoft,1.0.79,1.0.78,https://downloads.wordpress.org/theme/caresoft.1.0.79.zip,"2025-04-29 11:39:40",https://wordpress.org/themes/caresoft/,4.7,5.6
carpenter-service,"Carpenter Service",0.2.3,0.2.2,https://downloads.wordpress.org/theme/carpenter-service.0.2.3.zip,"2025-04-29 11:41:17",https://wordpress.org/themes/carpenter-service/,,5.6
classic-events,"Classic Events",0.6.8,0.6.7,https://downloads.wordpress.org/theme/classic-events.0.6.8.zip,"2025-04-29 12:51:20",https://wordpress.org/themes/classic-events/,5.0,5.6
classified-listings,"Classified Listings",1.3,1.2.9,https://downloads.wordpress.org/theme/classified-listings.1.3.zip,"2025-04-29 11:48:38",https://wordpress.org/themes/classified-listings/,5.9,5.6
cozysoft,CozySoft,1.0.96,1.0.95,https://downloads.wordpress.org/theme/cozysoft.1.0.96.zip,"2025-04-29 11:38:44",https://wordpress.org/themes/cozysoft/,4.7,5.6
easytech,EasyTech,1.0.69,1.0.68,https://downloads.wordpress.org/theme/easytech.1.0.69.zip,"2025-04-29 11:40:48",https://wordpress.org/themes/easytech/,4.7,5.6
grocery-ecommerce,"Grocery Ecommerce",0.7.4,0.7.3,https://downloads.wordpress.org/theme/grocery-ecommerce.0.7.4.zip,"2025-04-29 11:54:52",https://wordpress.org/themes/grocery-ecommerce/,5.0,7.2
industrial-manufacturing,"Industrial Manufacturing",0.6.2,0.6.1,https://downloads.wordpress.org/theme/industrial-manufacturing.0.6.2.zip,"2025-04-29 11:54:52",https://wordpress.org/themes/industrial-manufacturing/,5.0,7.2
medical-doctor,"Medical Doctor",0.8.4,0.8.3,https://downloads.wordpress.org/theme/medical-doctor.0.8.4.zip,"2025-04-29 11:55:18",https://wordpress.org/themes/medical-doctor/,5.0,7.2
modern-blogger,"Modern Blogger",0.5.7,0.5.6,https://downloads.wordpress.org/theme/modern-blogger.0.5.7.zip,"2025-04-29 11:55:19",https://wordpress.org/themes/modern-blogger/,5.0,7.4
multipurpose-portfolio,"Multipurpose Portfolio",1.1.4,1.1.3,https://downloads.wordpress.org/theme/multipurpose-portfolio.1.1.4.zip,"2025-04-29 11:55:18",https://wordpress.org/themes/multipurpose-portfolio/,5.0,7.2
newsblogger,NewsBlogger,0.2.5.5,0.2.5.4,https://downloads.wordpress.org/theme/newsblogger.0.2.5.5.zip,"2025-04-29 12:48:34",https://wordpress.org/themes/newsblogger/,4.5,5.6
newscrunch,Newscrunch,1.8.4.6,1.8.4.5,https://downloads.wordpress.org/theme/newscrunch.1.8.4.6.zip,"2025-04-29 12:48:05",https://wordpress.org/themes/newscrunch/,4.5,5.6
softinn,Softinn,1.0.95,1.0.94,https://downloads.wordpress.org/theme/softinn.1.0.95.zip,"2025-04-29 11:38:01",https://wordpress.org/themes/softinn/,4.7,5.6
softme,SoftMe,1.1.6,1.1.5,https://downloads.wordpress.org/theme/softme.1.1.6.zip,"2025-04-29 11:37:25",https://wordpress.org/themes/softme/,4.7,5.6
softmunch,SoftMunch,1.0.45,1.0.44,https://downloads.wordpress.org/theme/softmunch.1.0.45.zip,"2025-04-29 11:41:55",https://wordpress.org/themes/softmunch/,4.7,5.6
suntech,Suntech,1.0.73,1.0.72,https://downloads.wordpress.org/theme/suntech.1.0.73.zip,"2025-04-29 11:40:14",https://wordpress.org/themes/suntech/,4.7,5.6
supermarket-ecommerce-store,"Supermarket Ecommerce Store",0.2.4,0.2.3,https://downloads.wordpress.org/theme/supermarket-ecommerce-store.0.2.4.zip,"2025-04-29 11:42:03",https://wordpress.org/themes/supermarket-ecommerce-store/,,5.6
truesoft,TrueSoft,1.0.52,1.0.51,https://downloads.wordpress.org/theme/truesoft.1.0.52.zip,"2025-04-29 11:41:19",https://wordpress.org/themes/truesoft/,4.7,5.6
vw-bakery-blocks,"VW Bakery Blocks",1.4.4,1.4.3,https://downloads.wordpress.org/theme/vw-bakery-blocks.1.4.4.zip,"2025-04-29 11:49:02",https://wordpress.org/themes/vw-bakery-blocks/,5.9,7.2
vw-hair-salon,"VW Hair Salon",1.3.5,1.3.4,https://downloads.wordpress.org/theme/vw-hair-salon.1.3.5.zip,"2025-04-29 11:52:30",https://wordpress.org/themes/vw-hair-salon/,5.0,7.2
vw-school-education,"VW School Education",1.3.5,1.3.4,https://downloads.wordpress.org/theme/vw-school-education.1.3.5.zip,"2025-04-29 11:52:33",https://wordpress.org/themes/vw-school-education/,,7.2
vw-solar-energy,"VW Solar Energy",1.4.3,1.4.2,https://downloads.wordpress.org/theme/vw-solar-energy.1.4.3.zip,"2025-04-29 11:49:15",https://wordpress.org/themes/vw-solar-energy/,5.0,7.2
appointo,Appointo,12.8,12.7,https://downloads.wordpress.org/theme/appointo.12.8.zip,"2025-04-29 13:15:51",https://wordpress.org/themes/appointo/,4.7,5.6
medazin,Medazin,11.3,11.2,https://downloads.wordpress.org/theme/medazin.11.3.zip,"2025-04-29 13:20:57",https://wordpress.org/themes/medazin/,4.7,5.6
nexcraft,NexCraft,6.2,6.1,https://downloads.wordpress.org/theme/nexcraft.6.2.zip,"2025-04-29 13:20:14",https://wordpress.org/themes/nexcraft/,4.7,5.6
startkit,StartKit,15.8,15.7,https://downloads.wordpress.org/theme/startkit.15.8.zip,"2025-04-29 13:17:21",https://wordpress.org/themes/startkit/,4.7,5.6
villapress,VillaPress,4.6,4.5,https://downloads.wordpress.org/theme/villapress.4.6.zip,"2025-04-29 13:16:39",https://wordpress.org/themes/villapress/,,7.0
accron,Accron,1.8.7,1.8.6,https://downloads.wordpress.org/theme/accron.1.8.7.zip,"2025-04-29 14:01:46",https://wordpress.org/themes/accron/,4.7,5.6
aravalli,Aravalli,13.6,13.5,https://downloads.wordpress.org/theme/aravalli.13.6.zip,"2025-04-29 14:07:32",https://wordpress.org/themes/aravalli/,4.7,5.6
avril,Avril,13.9,13.8,https://downloads.wordpress.org/theme/avril.13.9.zip,"2025-04-29 14:00:58",https://wordpress.org/themes/avril/,4.7,5.6
boostify,Boostify,13.6,13.5,https://downloads.wordpress.org/theme/boostify.13.6.zip,"2025-04-29 14:06:39",https://wordpress.org/themes/boostify/,4.7,5.6
colorpress,ColorPress,13.2,13.1,https://downloads.wordpress.org/theme/colorpress.13.2.zip,"2025-04-29 14:00:03",https://wordpress.org/themes/colorpress/,4.7,5.6
colorsy,Colorsy,13.1,13.0,https://downloads.wordpress.org/theme/colorsy.13.1.zip,"2025-04-29 14:08:57",https://wordpress.org/themes/colorsy/,4.7,5.6
conceptly,Conceptly,14.5,14.4,https://downloads.wordpress.org/theme/conceptly.14.5.zip,"2025-04-29 13:59:14",https://wordpress.org/themes/conceptly/,4.7,5.6
convo,Convo,8.4,8.3,https://downloads.wordpress.org/theme/convo.8.4.zip,"2025-04-29 14:05:59",https://wordpress.org/themes/convo/,,7.0
corpex,Corpex,7.5,7.3,https://downloads.wordpress.org/theme/corpex.7.5.zip,"2025-04-29 13:55:19",https://wordpress.org/themes/corpex/,4.7,5.6
cosmics,Cosmics,13.1,13.0,https://downloads.wordpress.org/theme/cosmics.13.1.zip,"2025-04-29 14:07:58",https://wordpress.org/themes/cosmics/,4.7,5.6
eazyshop,EazyShop,0.4,0.2,https://downloads.wordpress.org/theme/eazyshop.0.4.zip,"2025-04-29 13:58:52",https://wordpress.org/themes/eazyshop/,4.7,5.6
eduvert,Eduvert,13.6,13.5,https://downloads.wordpress.org/theme/eduvert.13.6.zip,"2025-04-29 13:54:31",https://wordpress.org/themes/eduvert/,4.7,5.6
eventplus,EventPlus,12.8,12.7,https://downloads.wordpress.org/theme/eventplus.12.8.zip,"2025-04-29 14:11:37",https://wordpress.org/themes/eventplus/,4.7,5.6
evita,Evita,1.6.9,1.6.8,https://downloads.wordpress.org/theme/evita.1.6.9.zip,"2025-04-29 14:10:27",https://wordpress.org/themes/evita/,,5.6
exoplanet,Exoplanet,1.15,1.14,https://downloads.wordpress.org/theme/exoplanet.1.15.zip,"2025-04-29 14:17:19",https://wordpress.org/themes/exoplanet/,5.0,7.4
fiona-blog,"Fiona Blog",13.7,13.6,https://downloads.wordpress.org/theme/fiona-blog.13.7.zip,"2025-04-29 14:05:41",https://wordpress.org/themes/fiona-blog/,4.7,5.6
flavita,Flavita,13.3,13.2,https://downloads.wordpress.org/theme/flavita.13.3.zip,"2025-04-29 13:58:11",https://wordpress.org/themes/flavita/,4.7,5.6
gradiant,Gradiant,14.2,14.1,https://downloads.wordpress.org/theme/gradiant.14.2.zip,"2025-04-29 13:57:39",https://wordpress.org/themes/gradiant/,4.7,5.6
gradiantx,GradiantX,2.4,2.3,https://downloads.wordpress.org/theme/gradiantx.2.4.zip,"2025-04-29 14:05:07",https://wordpress.org/themes/gradiantx/,4.7,5.6
hantus,Hantus,14.6,14.5,https://downloads.wordpress.org/theme/hantus.14.6.zip,"2025-04-29 13:53:26",https://wordpress.org/themes/hantus/,4.7,5.6
metasoft,MetaSoft,13.6,13.5,https://downloads.wordpress.org/theme/metasoft.13.6.zip,"2025-04-29 14:04:41",https://wordpress.org/themes/metasoft/,4.7,5.6
minicart,MiniCart,1.0.9,1.0.7,https://downloads.wordpress.org/theme/minicart.1.0.9.zip,"2025-04-29 13:58:28",https://wordpress.org/themes/minicart/,4.7,5.6
renoval,Renoval,12.9,12.8,https://downloads.wordpress.org/theme/renoval.12.9.zip,"2025-04-29 14:09:55",https://wordpress.org/themes/renoval/,4.7,5.6
shopire,Shopire,1.0.18,1.0.16,https://downloads.wordpress.org/theme/shopire.1.0.18.zip,"2025-04-29 13:57:52",https://wordpress.org/themes/shopire/,4.7,5.6
startweb,StartWeb,13.4,13.3,https://downloads.wordpress.org/theme/startweb.13.4.zip,"2025-04-29 14:09:17",https://wordpress.org/themes/startweb/,4.7,5.6
trusted,Trusted,1.11.0,1.10.0,https://downloads.wordpress.org/theme/trusted.1.11.0.zip,"2025-04-29 13:57:34",https://wordpress.org/themes/trusted/,5.9,7.4
claremont,Claremont,1.9,1.8,https://downloads.wordpress.org/theme/claremont.1.9.zip,"2025-04-29 14:50:39",https://wordpress.org/themes/claremont/,5.0,7.4
azuma,Azuma,1.6,1.5.3,https://downloads.wordpress.org/theme/azuma.1.6.zip,"2025-04-29 15:46:59",https://wordpress.org/themes/azuma/,5.0,7.4
ignite,Ignite,1.84,1.83,https://downloads.wordpress.org/theme/ignite.1.84.zip,"2025-04-29 15:42:06",https://wordpress.org/themes/ignite/,,5.4
mission-news,"Mission News",1.64,1.63,https://downloads.wordpress.org/theme/mission-news.1.64.zip,"2025-04-29 15:34:20",https://wordpress.org/themes/mission-news/,,5.4
minimal-blog,"Minimal Blog",1.2.9,1.2.8,https://downloads.wordpress.org/theme/minimal-blog.1.2.9.zip,"2025-04-29 17:17:27",https://wordpress.org/themes/minimal-blog/,5.3,5.5
author-portfolio,"Author Portfolio",4.2.24,4.2.23,https://downloads.wordpress.org/theme/author-portfolio.4.2.24.zip,"2025-04-30 01:29:45",https://wordpress.org/themes/author-portfolio/,5.0,7.1
book-review-blog,"Book Review Blog",1.3.0,1.2.9,https://downloads.wordpress.org/theme/book-review-blog.1.3.0.zip,"2025-04-30 01:41:21",https://wordpress.org/themes/book-review-blog/,5.0,7.1
shopwell,Shopwell,1.0.2,,https://downloads.wordpress.org/theme/shopwell.1.0.2.zip,"2025-04-30 01:16:05",https://wordpress.org/themes/shopwell/,5.0,7.0
solarium,Solarium,1.0,,https://downloads.wordpress.org/theme/solarium.1.0.zip,"2025-04-30 01:16:20",https://wordpress.org/themes/solarium/,6.7,5.7
e-storefront,"E Storefront",1.2,1.1,https://downloads.wordpress.org/theme/e-storefront.1.2.zip,"2025-04-30 04:55:57",https://wordpress.org/themes/e-storefront/,5.0,7.2
ecology-nature,"Ecology Nature",5.5,5.4,https://downloads.wordpress.org/theme/ecology-nature.5.5.zip,"2025-04-30 04:55:40",https://wordpress.org/themes/ecology-nature/,5.0,7.2
green-environment,"Green Environment",4.6,4.5,https://downloads.wordpress.org/theme/green-environment.4.6.zip,"2025-04-30 04:56:25",https://wordpress.org/themes/green-environment/,5.0,7.2
lms-education,"LMS Education",7.3,7.2,https://downloads.wordpress.org/theme/lms-education.7.3.zip,"2025-04-30 04:57:02",https://wordpress.org/themes/lms-education/,5.0,7.2
bakers-bakery,"Bakers Bakery",0.7.6,0.7.5,https://downloads.wordpress.org/theme/bakers-bakery.0.7.6.zip,"2025-04-30 05:59:19",https://wordpress.org/themes/bakers-bakery/,,7.2
blogbd,BlogBD,1.2.9,1.2.8,https://downloads.wordpress.org/theme/blogbd.1.2.9.zip,"2025-04-30 06:00:36",https://wordpress.org/themes/blogbd/,4.4,7.0
blogread,Blogread,0.5,0.4,https://downloads.wordpress.org/theme/blogread.0.5.zip,"2025-04-30 06:11:52",https://wordpress.org/themes/blogread/,6.6,7.4
blogrift,Blogrift,0.9,0.7,https://downloads.wordpress.org/theme/blogrift.0.9.zip,"2025-04-30 06:02:06",https://wordpress.org/themes/blogrift/,6.6,7.4
boutique-garment-store,"Boutique Garment Store",0.8.8,0.8.7,https://downloads.wordpress.org/theme/boutique-garment-store.0.8.8.zip,"2025-04-30 06:00:55",https://wordpress.org/themes/boutique-garment-store/,,7.2
cosmetic-ecommerce-store,"Cosmetic Ecommerce Store",1.7.8,1.7.7,https://downloads.wordpress.org/theme/cosmetic-ecommerce-store.1.7.8.zip,"2025-04-30 06:01:25",https://wordpress.org/themes/cosmetic-ecommerce-store/,5.0,7.2
digital-storefront,"Digital Storefront",0.6.6,0.6.5,https://downloads.wordpress.org/theme/digital-storefront.0.6.6.zip,"2025-04-30 06:02:06",https://wordpress.org/themes/digital-storefront/,5.0,7.2
elearning-online-courses,"Elearning Online Courses",1.3.7,1.3.6,https://downloads.wordpress.org/theme/elearning-online-courses.1.3.7.zip,"2025-04-30 06:02:51",https://wordpress.org/themes/elearning-online-courses/,,7.2
electrical-home-gadget,"Electrical Home Gadget",0.8.6,0.8.5,https://downloads.wordpress.org/theme/electrical-home-gadget.0.8.6.zip,"2025-04-30 06:05:11",https://wordpress.org/themes/electrical-home-gadget/,,7.2
electronics-appliances,"Electronics Appliances",1.9.6,1.9.5,https://downloads.wordpress.org/theme/electronics-appliances.1.9.6.zip,"2025-04-30 06:05:49",https://wordpress.org/themes/electronics-appliances/,5.0,7.2
fashion-estore,"Fashion Estore",0.8.0,0.7.9,https://downloads.wordpress.org/theme/fashion-estore.0.8.0.zip,"2025-04-30 06:06:20",https://wordpress.org/themes/fashion-estore/,5.0,7.2
library-bookstore,"Library Bookstore",0.8.5,0.8.4,https://downloads.wordpress.org/theme/library-bookstore.0.8.5.zip,"2025-04-30 06:06:54",https://wordpress.org/themes/library-bookstore/,,7.2
newsair,Newsair,1.0.0.83,1.0.0.81,https://downloads.wordpress.org/theme/newsair.1.0.0.83.zip,"2025-04-30 05:57:43",https://wordpress.org/themes/newsair/,6.6,7.4
newspaperup,Newspaperup,1.2.5,1.2.3,https://downloads.wordpress.org/theme/newspaperup.1.2.5.zip,"2025-04-30 05:52:31",https://wordpress.org/themes/newspaperup/,6.6,7.4
newsxo,Newsxo,1.0.5,1.0.4,https://downloads.wordpress.org/theme/newsxo.1.0.5.zip,"2025-04-30 05:54:07",https://wordpress.org/themes/newsxo/,6.6,7.4
online-tutor,"Online Tutor",0.5.3,0.5.2,https://downloads.wordpress.org/theme/online-tutor.0.5.3.zip,"2025-04-30 06:07:35",https://wordpress.org/themes/online-tutor/,5.0,7.2
store-eshop,"Store Eshop",0.0.5,0.0.4,https://downloads.wordpress.org/theme/store-eshop.0.0.5.zip,"2025-04-30 06:09:45",https://wordpress.org/themes/store-eshop/,5.0,7.2
tour-operator-agency,"Tour Operator Agency",0.6.6,0.6.5,https://downloads.wordpress.org/theme/tour-operator-agency.0.6.6.zip,"2025-04-30 06:08:21",https://wordpress.org/themes/tour-operator-agency/,,7.2
virtual-yoga-sessions,"Virtual Yoga Sessions",0.0.4,0.0.3,https://downloads.wordpress.org/theme/virtual-yoga-sessions.0.0.4.zip,"2025-04-30 06:10:18",https://wordpress.org/themes/virtual-yoga-sessions/,5.0,7.2
warehouse-cargo,"Warehouse Cargo",2.5.2,2.5.1,https://downloads.wordpress.org/theme/warehouse-cargo.2.5.2.zip,"2025-04-30 06:11:05",https://wordpress.org/themes/warehouse-cargo/,5.0,7.2
water-delivery-services,"Water Delivery Services",0.0.7,0.0.6,https://downloads.wordpress.org/theme/water-delivery-services.0.0.7.zip,"2025-04-30 06:11:40",https://wordpress.org/themes/water-delivery-services/,5.0,7.2
aster-dental-clinic,"Aster Dental Clinic",2.6,2.5,https://downloads.wordpress.org/theme/aster-dental-clinic.2.6.zip,"2025-04-30 07:49:34",https://wordpress.org/themes/aster-dental-clinic/,,7.4
bike-workshop,"Bike Workshop",1.2,1.1,https://downloads.wordpress.org/theme/bike-workshop.1.2.zip,"2025-04-30 07:49:39",https://wordpress.org/themes/bike-workshop/,,7.4
bridal-jewelry-store,"Bridal Jewelry Store",2.2,2.1,https://downloads.wordpress.org/theme/bridal-jewelry-store.2.2.zip,"2025-04-30 07:51:00",https://wordpress.org/themes/bridal-jewelry-store/,,7.4
construction-engineer,"Construction Engineer",2.5,2.4,https://downloads.wordpress.org/theme/construction-engineer.2.5.zip,"2025-04-30 07:50:31",https://wordpress.org/themes/construction-engineer/,,7.4
doctor-physician,"Doctor Physician",2.1,2.0,https://downloads.wordpress.org/theme/doctor-physician.2.1.zip,"2025-04-30 07:51:12",https://wordpress.org/themes/doctor-physician/,,7.4
gamers-studio,"Gamers Studio",2.4,2.3,https://downloads.wordpress.org/theme/gamers-studio.2.4.zip,"2025-04-30 07:51:32",https://wordpress.org/themes/gamers-studio/,,7.4
home-decor-store,"Home Decor Store",2.7,2.6,https://downloads.wordpress.org/theme/home-decor-store.2.7.zip,"2025-04-30 07:51:55",https://wordpress.org/themes/home-decor-store/,,7.4
movie-theatre,"Movie Theatre",2.3,2.2,https://downloads.wordpress.org/theme/movie-theatre.2.3.zip,"2025-04-30 07:52:14",https://wordpress.org/themes/movie-theatre/,,7.4
retailer-bookstore,"Retailer Bookstore",1.4,1.3,https://downloads.wordpress.org/theme/retailer-bookstore.1.4.zip,"2025-04-30 07:52:45",https://wordpress.org/themes/retailer-bookstore/,,7.4
shopwell,Shopwell,1.0.3,1.0.2,https://downloads.wordpress.org/theme/shopwell.1.0.3.zip,"2025-04-30 07:48:39",https://wordpress.org/themes/shopwell/,5.0,7.0
water-sports-gear,"Water Sports Gear",2.4,2.3,https://downloads.wordpress.org/theme/water-sports-gear.2.4.zip,"2025-04-30 07:53:00",https://wordpress.org/themes/water-sports-gear/,,7.4
wedding-event-management,"Wedding Event Management",2.3,2.2,https://downloads.wordpress.org/theme/wedding-event-management.2.3.zip,"2025-04-30 07:53:40",https://wordpress.org/themes/wedding-event-management/,,7.4
wheel-alignment-service,"Wheel Alignment Service",1.2,1.1,https://downloads.wordpress.org/theme/wheel-alignment-service.1.2.zip,"2025-04-30 07:53:55",https://wordpress.org/themes/wheel-alignment-service/,,7.4
academic-institute,"Academic Institute",2.0.0,1.1.9,https://downloads.wordpress.org/theme/academic-institute.2.0.0.zip,"2025-04-30 08:58:22",https://wordpress.org/themes/academic-institute/,5.9,5.6
adventure-tour,"Adventure Tour",4.0,3.9,https://downloads.wordpress.org/theme/adventure-tour.4.0.zip,"2025-04-30 09:25:26",https://wordpress.org/themes/adventure-tour/,,5.6
adventure-trekking-camp,"Adventure Trekking Camp",4.3,4.2,https://downloads.wordpress.org/theme/adventure-trekking-camp.4.3.zip,"2025-04-30 09:25:05",https://wordpress.org/themes/adventure-trekking-camp/,5.0,5.6
apparel-ecommerce-store,"Apparel Ecommerce Store",3.0.1,3.0.0,https://downloads.wordpress.org/theme/apparel-ecommerce-store.3.0.1.zip,"2025-04-30 08:58:34",https://wordpress.org/themes/apparel-ecommerce-store/,5.9,5.6
catch-everest,"Catch Everest",3.6.5,3.6.4,https://downloads.wordpress.org/theme/catch-everest.3.6.5.zip,"2025-04-30 09:25:33",https://wordpress.org/themes/catch-everest/,5.6,5.6
elearning,eLearning,2.0.3,2.0.2,https://downloads.wordpress.org/theme/elearning.2.0.3.zip,"2025-04-30 09:07:32",https://wordpress.org/themes/elearning/,,7.4
fitness-insight,"Fitness Insight",7.7,7.6,https://downloads.wordpress.org/theme/fitness-insight.7.7.zip,"2025-04-30 09:26:33",https://wordpress.org/themes/fitness-insight/,5.0,5.6
fitness-life-coach,"Fitness Life Coach",3.0,2.9,https://downloads.wordpress.org/theme/fitness-life-coach.3.0.zip,"2025-04-30 09:26:59",https://wordpress.org/themes/fitness-life-coach/,,5.6
fse-baseball,"FSE Baseball",2.0.3,2.0.2,https://downloads.wordpress.org/theme/fse-baseball.2.0.3.zip,"2025-04-30 09:00:28",https://wordpress.org/themes/fse-baseball/,5.9,5.6
fse-education-school,"FSE Education School",2.0.9,2.0.8,https://downloads.wordpress.org/theme/fse-education-school.2.0.9.zip,"2025-04-30 09:00:39",https://wordpress.org/themes/fse-education-school/,5.9,5.6
fse-foodie-blog,"FSE Foodie Blog",2.1.5,2.1.4,https://downloads.wordpress.org/theme/fse-foodie-blog.2.1.5.zip,"2025-04-30 09:01:03",https://wordpress.org/themes/fse-foodie-blog/,5.9,5.6
fse-freelancer-portfolio,"FSE Freelancer Portfolio",3.0.1,3.0.0,https://downloads.wordpress.org/theme/fse-freelancer-portfolio.3.0.1.zip,"2025-04-30 09:01:18",https://wordpress.org/themes/fse-freelancer-portfolio/,5.9,5.6
martial-arts-training,"Martial Arts Training",4.2,4.1,https://downloads.wordpress.org/theme/martial-arts-training.4.2.zip,"2025-04-30 09:27:29",https://wordpress.org/themes/martial-arts-training/,5.0,5.6
personal-gym-trainer,"Personal Gym Trainer",5.3,5.2,https://downloads.wordpress.org/theme/personal-gym-trainer.5.3.zip,"2025-04-30 09:27:53",https://wordpress.org/themes/personal-gym-trainer/,5.0,5.6
shapely,Shapely,1.2.18,1.2.17,https://downloads.wordpress.org/theme/shapely.1.2.18.zip,"2025-04-30 08:53:06",https://wordpress.org/themes/shapely/,6.4,7.4
trekking-sports,"Trekking Sports",2.8,2.7,https://downloads.wordpress.org/theme/trekking-sports.2.8.zip,"2025-04-30 09:28:49",https://wordpress.org/themes/trekking-sports/,,5.6
yoga-coach,"Yoga Coach",6.1,6.0,https://downloads.wordpress.org/theme/yoga-coach.6.1.zip,"2025-04-30 09:29:46",https://wordpress.org/themes/yoga-coach/,5.0,5.6
yoga-meditation,"Yoga Meditation",4.4,4.3,https://downloads.wordpress.org/theme/yoga-meditation.4.4.zip,"2025-04-30 09:29:15",https://wordpress.org/themes/yoga-meditation/,5.0,5.6
yoga-studio,"Yoga Studio",6.7,6.6,https://downloads.wordpress.org/theme/yoga-studio.6.7.zip,"2025-04-30 09:30:35",https://wordpress.org/themes/yoga-studio/,5.0,5.6
chartered-accountant,"Chartered Accountant",0.2.1,0.2,https://downloads.wordpress.org/theme/chartered-accountant.0.2.1.zip,"2025-04-30 10:22:00",https://wordpress.org/themes/chartered-accountant/,5.0,7.2
herbal-ayurveda,"Herbal Ayurveda",0.7.1,0.7,https://downloads.wordpress.org/theme/herbal-ayurveda.0.7.1.zip,"2025-04-30 10:23:11",https://wordpress.org/themes/herbal-ayurveda/,5.0,7.2
honey-shop,"Honey Shop",0.2.4,0.2.3,https://downloads.wordpress.org/theme/honey-shop.0.2.4.zip,"2025-04-30 10:24:06",https://wordpress.org/themes/honey-shop/,5.0,7.2
immigration-consulting,"Immigration Consulting",0.2.3,0.2.2,https://downloads.wordpress.org/theme/immigration-consulting.0.2.3.zip,"2025-04-30 10:25:00",https://wordpress.org/themes/immigration-consulting/,5.0,7.2
retail,Retail,1.8,1.7,https://downloads.wordpress.org/theme/retail.1.8.zip,"2025-04-30 10:15:46",https://wordpress.org/themes/retail/,5.0,7.4
vw-automobile-lite,"VW Automobile Lite",2.1.5,2.1.4,https://downloads.wordpress.org/theme/vw-automobile-lite.2.1.5.zip,"2025-04-30 10:23:30",https://wordpress.org/themes/vw-automobile-lite/,5.0,7.2
vw-corporate-lite,"VW Corporate Lite",2.7.1,2.7,https://downloads.wordpress.org/theme/vw-corporate-lite.2.7.1.zip,"2025-04-30 10:25:52",https://wordpress.org/themes/vw-corporate-lite/,5.0,7.2
vw-education-lite,"VW Education Lite",2.0.9,2.0.8,https://downloads.wordpress.org/theme/vw-education-lite.2.0.9.zip,"2025-04-30 10:24:11",https://wordpress.org/themes/vw-education-lite/,5.0,7.2
vw-fitness,"VW Fitness",4.1.7,4.1.6,https://downloads.wordpress.org/theme/vw-fitness.4.1.7.zip,"2025-04-30 10:26:30",https://wordpress.org/themes/vw-fitness/,5.0,7.2
vw-hospital-lite,"VW Hospital Lite",2.0.8,2.0.7,https://downloads.wordpress.org/theme/vw-hospital-lite.2.0.8.zip,"2025-04-30 10:24:19",https://wordpress.org/themes/vw-hospital-lite/,5.0,7.2
vw-magazine,"VW Magazine",1.1.9,1.1.8,https://downloads.wordpress.org/theme/vw-magazine.1.1.9.zip,"2025-04-30 10:26:11",https://wordpress.org/themes/vw-magazine/,5.0,7.2
vw-pet-shop,"VW Pet Shop",1.3.5,1.3.4,https://downloads.wordpress.org/theme/vw-pet-shop.1.3.5.zip,"2025-04-30 10:27:20",https://wordpress.org/themes/vw-pet-shop/,5.0,7.2
vw-project-management,"VW Project Management",0.2,0.1.1,https://downloads.wordpress.org/theme/vw-project-management.0.2.zip,"2025-04-30 10:24:47",https://wordpress.org/themes/vw-project-management/,5.0,7.2
vw-spa-lite,"VW Spa Lite",2.5.3,2.5.2,https://downloads.wordpress.org/theme/vw-spa-lite.2.5.3.zip,"2025-04-30 10:28:08",https://wordpress.org/themes/vw-spa-lite/,5.0,7.2
vw-tour-lite,"VW Tour Lite",1.9.2,1.9.1,https://downloads.wordpress.org/theme/vw-tour-lite.1.9.2.zip,"2025-04-30 10:28:32",https://wordpress.org/themes/vw-tour-lite/,5.0,7.2
advance-blogging,"Advance Blogging",1.7.3,1.7.2,https://downloads.wordpress.org/theme/advance-blogging.1.7.3.zip,"2025-04-30 10:45:09",https://wordpress.org/themes/advance-blogging/,5.0,7.2
bb-wedding-bliss,"BB Wedding Bliss",2.0.3,2.0.2,https://downloads.wordpress.org/theme/bb-wedding-bliss.2.0.3.zip,"2025-04-30 10:38:37",https://wordpress.org/themes/bb-wedding-bliss/,5.0,7.2
furniture-interior,"Furniture Interior",3.4.4,3.4.3,https://downloads.wordpress.org/theme/furniture-interior.3.4.4.zip,"2025-04-30 10:46:22",https://wordpress.org/themes/furniture-interior/,5.0,7.2
interior-designs,"Interior Designs",1.6.3,1.6.2,https://downloads.wordpress.org/theme/interior-designs.1.6.3.zip,"2025-04-30 10:47:40",https://wordpress.org/themes/interior-designs/,,7.2
lorina,Lorina,1.5,1.4,https://downloads.wordpress.org/theme/lorina.1.5.zip,"2025-04-30 10:35:47",https://wordpress.org/themes/lorina/,5.0,7.4
medical-supplements-store,"Medical Supplements Store",1.3.2,1.3.1,https://downloads.wordpress.org/theme/medical-supplements-store.1.3.2.zip,"2025-04-30 10:48:33",https://wordpress.org/themes/medical-supplements-store/,5.0,7.2
multi-advance,"Multi Advance",1.0,0.9.9,https://downloads.wordpress.org/theme/multi-advance.1.0.zip,"2025-04-30 10:39:43",https://wordpress.org/themes/multi-advance/,5.0,7.2
organic-market,"Organic Market",0.5.9,0.5.8,https://downloads.wordpress.org/theme/organic-market.0.5.9.zip,"2025-04-30 10:40:17",https://wordpress.org/themes/organic-market/,5.0,7.2
perfect-blog,"Perfect Blog",1.2.8,1.2.7,https://downloads.wordpress.org/theme/perfect-blog.1.2.8.zip,"2025-04-30 10:41:32",https://wordpress.org/themes/perfect-blog/,5.0,7.2
pet-animal-store,"Pet Animal Store",1.3.2,1.3.1,https://downloads.wordpress.org/theme/pet-animal-store.1.3.2.zip,"2025-04-30 10:49:14",https://wordpress.org/themes/pet-animal-store/,5.0,7.2
sauna-lite,"Sauna Lite",2.3.1,2.3,https://downloads.wordpress.org/theme/sauna-lite.2.3.1.zip,"2025-04-30 10:49:46",https://wordpress.org/themes/sauna-lite/,5.0,7.2
seo-agency-lite,"SEO Agency Lite",1.4.9,1.4.8,https://downloads.wordpress.org/theme/seo-agency-lite.1.4.9.zip,"2025-04-30 10:50:08",https://wordpress.org/themes/seo-agency-lite/,5.0,5.6
stock-photos,"Stock Photos",0.6.8,0.6.7,https://downloads.wordpress.org/theme/stock-photos.0.6.8.zip,"2025-04-30 10:54:01",https://wordpress.org/themes/stock-photos/,5.0,7.2
tc-e-commerce-shop,"TC E-Commerce Shop",1.3.8,1.3.7,https://downloads.wordpress.org/theme/tc-e-commerce-shop.1.3.8.zip,"2025-04-30 10:54:23",https://wordpress.org/themes/tc-e-commerce-shop/,5.0,7.2
tech-software-company,"Tech Software Company",0.6.9,0.6.8,https://downloads.wordpress.org/theme/tech-software-company.0.6.9.zip,"2025-04-30 10:44:12",https://wordpress.org/themes/tech-software-company/,5.0,7.2
tech-startup,"Tech Startup",0.6.5,0.6.4,https://downloads.wordpress.org/theme/tech-startup.0.6.5.zip,"2025-04-30 10:44:53",https://wordpress.org/themes/tech-startup/,5.0,7.2
the-fashion-woocommerce,"The Fashion Woocommerce",0.4.2,0.4.1,https://downloads.wordpress.org/theme/the-fashion-woocommerce.0.4.2.zip,"2025-04-30 10:39:43",https://wordpress.org/themes/the-fashion-woocommerce/,5.0,7.2
tour-planner-ebooking,"Tour Planner eBooking",0.2.9,0.2.8,https://downloads.wordpress.org/theme/tour-planner-ebooking.0.2.9.zip,"2025-04-30 10:46:23",https://wordpress.org/themes/tour-planner-ebooking/,5.0,7.2
township-lite,"Township Lite",1.9.1,1.9,https://downloads.wordpress.org/theme/township-lite.1.9.1.zip,"2025-04-30 10:55:01",https://wordpress.org/themes/township-lite/,5.0,7.2
transportation-shipment,"Transportation Shipment",1.5.1,1.5,https://downloads.wordpress.org/theme/transportation-shipment.1.5.1.zip,"2025-04-30 10:53:16",https://wordpress.org/themes/transportation-shipment/,5.0,5.6
ts-charity,"TS Charity",1.1.6,1.1.5,https://downloads.wordpress.org/theme/ts-charity.1.1.6.zip,"2025-04-30 10:48:26",https://wordpress.org/themes/ts-charity/,5.0,7.2
ts-photography,"TS Photography",1.0.4,1.0.3,https://downloads.wordpress.org/theme/ts-photography.1.0.4.zip,"2025-04-30 10:47:33",https://wordpress.org/themes/ts-photography/,5.0,7.2
architect-designer,"Architect Designer",1.1.5,1.1.4,https://downloads.wordpress.org/theme/architect-designer.1.1.5.zip,"2025-04-30 12:22:00",https://wordpress.org/themes/architect-designer/,6.0,7.2
books-library,"Books Library",1.0.6,1.0.5,https://downloads.wordpress.org/theme/books-library.1.0.6.zip,"2025-04-30 12:21:22",https://wordpress.org/themes/books-library/,6.0,7.2
business-coach-blocks,"Business Coach Blocks",1.7.8,1.7.7,https://downloads.wordpress.org/theme/business-coach-blocks.1.7.8.zip,"2025-04-30 12:22:19",https://wordpress.org/themes/business-coach-blocks/,6.0,7.2
business-lounge,"Business Lounge",1.3.4,1.3.3,https://downloads.wordpress.org/theme/business-lounge.1.3.4.zip,"2025-04-30 12:22:48",https://wordpress.org/themes/business-lounge/,6.0,7.2
cctv-security-system,"CCTV Security System",1.3.1,1.3,https://downloads.wordpress.org/theme/cctv-security-system.1.3.1.zip,"2025-04-30 12:23:11",https://wordpress.org/themes/cctv-security-system/,6.0,7.2
corporate-blocks,"Corporate Blocks",1.3.5,1.3.4,https://downloads.wordpress.org/theme/corporate-blocks.1.3.5.zip,"2025-04-30 12:45:05",https://wordpress.org/themes/corporate-blocks/,6.0,7.2
grocery-supermarket-chain,"Grocery Supermarket Chain",1.5,1.4,https://downloads.wordpress.org/theme/grocery-supermarket-chain.1.5.zip,"2025-04-30 12:49:29",https://wordpress.org/themes/grocery-supermarket-chain/,,5.6
interactive-education,"Interactive Education",1.2,1.1,https://downloads.wordpress.org/theme/interactive-education.1.2.zip,"2025-04-30 12:50:15",https://wordpress.org/themes/interactive-education/,,5.6
medical-trauma-center,"Medical Trauma Center",1.3,1.2,https://downloads.wordpress.org/theme/medical-trauma-center.1.3.zip,"2025-04-30 12:50:33",https://wordpress.org/themes/medical-trauma-center/,,5.6
pixel-digital-marketing,"Pixel Digital Marketing",1.5,1.4,https://downloads.wordpress.org/theme/pixel-digital-marketing.1.5.zip,"2025-04-30 12:50:57",https://wordpress.org/themes/pixel-digital-marketing/,,5.6
pixel-ebook-store,"Pixel Ebook Store",1.1,1.0,https://downloads.wordpress.org/theme/pixel-ebook-store.1.1.zip,"2025-04-30 12:51:39",https://wordpress.org/themes/pixel-ebook-store/,,5.6
pixel-hair-spa,"Pixel Hair Spa",1.4,1.3,https://downloads.wordpress.org/theme/pixel-hair-spa.1.4.zip,"2025-04-30 12:51:50",https://wordpress.org/themes/pixel-hair-spa/,,5.6
radiant-blogger,"Radiant Blogger",1.3.7,1.3.6,https://downloads.wordpress.org/theme/radiant-blogger.1.3.7.zip,"2025-04-30 12:45:47",https://wordpress.org/themes/radiant-blogger/,6.0,7.2
shapely,Shapely,1.2.19,1.2.18,https://downloads.wordpress.org/theme/shapely.1.2.19.zip,"2025-04-30 11:53:20",https://wordpress.org/themes/shapely/,6.4,7.4
skincare-product-store,"Skincare Product Store",1.0.4,1.0.3,https://downloads.wordpress.org/theme/skincare-product-store.1.0.4.zip,"2025-04-30 12:46:18",https://wordpress.org/themes/skincare-product-store/,6.0,7.2
wedding-planner-blocks,"Wedding Planner Blocks",1.0.4,1.0.3,https://downloads.wordpress.org/theme/wedding-planner-blocks.1.0.4.zip,"2025-04-30 12:46:39",https://wordpress.org/themes/wedding-planner-blocks/,6.0,7.2
dhana,Dhana,1.0.0,,https://downloads.wordpress.org/theme/dhana.1.0.0.zip,"2025-04-30 12:16:02",https://wordpress.org/themes/dhana/,6.1,7.0
lite-blog,"Lite Blog",1.0.0,,https://downloads.wordpress.org/theme/lite-blog.1.0.0.zip,"2025-04-30 12:16:16",https://wordpress.org/themes/lite-blog/,5.0,7.4
acronix,Acronix,1.5.7,1.5.6,https://downloads.wordpress.org/theme/acronix.1.5.7.zip,"2025-04-30 13:14:50",https://wordpress.org/themes/acronix/,,5.6
aera,Aera,13.3,13.2,https://downloads.wordpress.org/theme/aera.13.3.zip,"2025-04-30 13:02:20",https://wordpress.org/themes/aera/,4.7,5.6
ameya,Ameya,13.2,13.1,https://downloads.wordpress.org/theme/ameya.13.2.zip,"2025-04-30 13:13:09",https://wordpress.org/themes/ameya/,4.7,5.6
arbuda,Arbuda,13.1,13.0,https://downloads.wordpress.org/theme/arbuda.13.1.zip,"2025-04-30 13:13:50",https://wordpress.org/themes/arbuda/,4.7,5.6
auto-car-care,"Auto Car Care",6.8,6.7,https://downloads.wordpress.org/theme/auto-car-care.6.8.zip,"2025-04-30 12:58:00",https://wordpress.org/themes/auto-car-care/,5.0,5.6
auto-dealer-lite,"Auto Dealer Lite",6.2,6.1,https://downloads.wordpress.org/theme/auto-dealer-lite.6.2.zip,"2025-04-30 12:58:37",https://wordpress.org/themes/auto-dealer-lite/,5.0,5.6
auto-motors,"Auto Motors",4.9,4.8,https://downloads.wordpress.org/theme/auto-motors.4.9.zip,"2025-04-30 12:59:30",https://wordpress.org/themes/auto-motors/,5.0,5.6
automobile-hub,"Automobile Hub",9.2,9.1,https://downloads.wordpress.org/theme/automobile-hub.9.2.zip,"2025-04-30 12:59:01",https://wordpress.org/themes/automobile-hub/,5.0,5.6
automotive-charging-station,"Automotive Charging Station",4.6,4.5,https://downloads.wordpress.org/theme/automotive-charging-station.4.6.zip,"2025-04-30 12:59:13",https://wordpress.org/themes/automotive-charging-station/,,5.6
belltech,Belltech,13.1,13.0,https://downloads.wordpress.org/theme/belltech.13.1.zip,"2025-04-30 13:07:08",https://wordpress.org/themes/belltech/,4.7,5.6
builderse,Builderse,11.5,11.4,https://downloads.wordpress.org/theme/builderse.11.5.zip,"2025-04-30 13:19:20",https://wordpress.org/themes/builderse/,4.7,5.6
car-mechanic,"Car Mechanic",5.0,4.9,https://downloads.wordpress.org/theme/car-mechanic.5.0.zip,"2025-04-30 12:59:45",https://wordpress.org/themes/car-mechanic/,5.0,5.6
car-paint-job,"Car Paint Job",2.5,2.4,https://downloads.wordpress.org/theme/car-paint-job.2.5.zip,"2025-04-30 13:00:27",https://wordpress.org/themes/car-paint-job/,5.0,5.6
car-rental-hub,"Car Rental Hub",4.9,4.8,https://downloads.wordpress.org/theme/car-rental-hub.4.9.zip,"2025-04-30 13:00:16",https://wordpress.org/themes/car-rental-hub/,5.0,5.6
car-repair,"Car Repair",6.7,6.6,https://downloads.wordpress.org/theme/car-repair.6.7.zip,"2025-04-30 13:00:56",https://wordpress.org/themes/car-repair/,5.0,5.6
car-wash-services,"Car Wash Services",4.8,4.7,https://downloads.wordpress.org/theme/car-wash-services.4.8.zip,"2025-04-30 13:01:17",https://wordpress.org/themes/car-wash-services/,5.0,5.6
colorflow,ColorFlow,2.5,2.4,https://downloads.wordpress.org/theme/colorflow.2.5.zip,"2025-04-30 13:04:42",https://wordpress.org/themes/colorflow/,4.7,5.6
doctor-general-physician,"Doctor General Physician",1.8,1.7,https://downloads.wordpress.org/theme/doctor-general-physician.1.8.zip,"2025-04-30 13:01:34",https://wordpress.org/themes/doctor-general-physician/,5.0,5.6
electronic-gadget-store,"Electronic Gadget Store",1.6,1.5,https://downloads.wordpress.org/theme/electronic-gadget-store.1.6.zip,"2025-04-30 13:01:53",https://wordpress.org/themes/electronic-gadget-store/,5.0,5.6
eractor,Eractor,11.1,11.0,https://downloads.wordpress.org/theme/eractor.11.1.zip,"2025-04-30 13:17:06",https://wordpress.org/themes/eractor/,4.7,5.6
fiona-food,"Fiona Food",13.3,13.2,https://downloads.wordpress.org/theme/fiona-food.13.3.zip,"2025-04-30 13:15:33",https://wordpress.org/themes/fiona-food/,4.7,5.6
startbiz,StartBiz,14.1,14.0,https://downloads.wordpress.org/theme/startbiz.14.1.zip,"2025-04-30 13:03:12",https://wordpress.org/themes/startbiz/,4.7,5.6
varuda,Varuda,13.2,13.1,https://downloads.wordpress.org/theme/varuda.13.2.zip,"2025-04-30 13:02:38",https://wordpress.org/themes/varuda/,4.7,5.6
broker-consultants,"Broker Consultants",1.0.4,1.0.3,https://downloads.wordpress.org/theme/broker-consultants.1.0.4.zip,"2025-04-30 13:57:29",https://wordpress.org/themes/broker-consultants/,5.0,5.6
building-contractor,"Building Contractor",1.3.3,1.3.2,https://downloads.wordpress.org/theme/building-contractor.1.3.3.zip,"2025-04-30 13:58:42",https://wordpress.org/themes/building-contractor/,5.0,5.6
business-school,"Business School",0.3.3,0.3.2,https://downloads.wordpress.org/theme/business-school.0.3.3.zip,"2025-04-30 13:59:14",https://wordpress.org/themes/business-school/,5.0,5.6
classic-barbershop,"Classic Barbershop",0.8.5,0.8.4,https://downloads.wordpress.org/theme/classic-barbershop.0.8.5.zip,"2025-04-30 13:59:46",https://wordpress.org/themes/classic-barbershop/,5.0,5.6
classic-cosmetics,"Classic Cosmetics",0.5.5,0.5.4,https://downloads.wordpress.org/theme/classic-cosmetics.0.5.5.zip,"2025-04-30 14:00:00",https://wordpress.org/themes/classic-cosmetics/,5.0,5.6
classic-coworking-space,"Classic Coworking Space",0.2.1,0.2,https://downloads.wordpress.org/theme/classic-coworking-space.0.2.1.zip,"2025-04-30 14:00:23",https://wordpress.org/themes/classic-coworking-space/,5.0,5.6
classic-industry,"Classic Industry",1.0.5,1.0.4,https://downloads.wordpress.org/theme/classic-industry.1.0.5.zip,"2025-04-30 14:00:42",https://wordpress.org/themes/classic-industry/,5.0,5.6
classic-tour-booking,"Classic Tour Booking",0.3.6,0.3.5,https://downloads.wordpress.org/theme/classic-tour-booking.0.3.6.zip,"2025-04-30 14:00:28",https://wordpress.org/themes/classic-tour-booking/,5.0,5.6
cordero,Cordero,1.4,1.3,https://downloads.wordpress.org/theme/cordero.1.4.zip,"2025-04-30 13:57:38",https://wordpress.org/themes/cordero/,5.5,7.4
ebooks-collection,"Ebooks Collection",1.0.5,1.0.4,https://downloads.wordpress.org/theme/ebooks-collection.1.0.5.zip,"2025-04-30 14:00:41",https://wordpress.org/themes/ebooks-collection/,5.0,5.6
solar-panels,"Solar Panels",1.4.4,1.4.3,https://downloads.wordpress.org/theme/solar-panels.1.4.4.zip,"2025-04-30 14:00:47",https://wordpress.org/themes/solar-panels/,5.0,5.6
solar-services,"Solar Services",2.4.2,2.4.1,https://downloads.wordpress.org/theme/solar-services.2.4.2.zip,"2025-04-30 14:01:58",https://wordpress.org/themes/solar-services/,5.0,5.6
videography-studio,"Videography Studio",0.7.4,0.7.3,https://downloads.wordpress.org/theme/videography-studio.0.7.4.zip,"2025-04-30 14:01:51",https://wordpress.org/themes/videography-studio/,5.0,5.6
bizboost,BizBoost,2.0.4,2.0.3,https://downloads.wordpress.org/theme/bizboost.2.0.4.zip,"2025-04-30 15:11:42",https://wordpress.org/themes/bizboost/,5.9,5.6
meditation,Meditation,1.1.10,1.1.9,https://downloads.wordpress.org/theme/meditation.1.1.10.zip,"2025-04-30 15:01:43",https://wordpress.org/themes/meditation/,,
advance-blog,"Advance Blog",1.3.1,1.3.0,https://downloads.wordpress.org/theme/advance-blog.1.3.1.zip,"2025-04-30 15:36:51",https://wordpress.org/themes/advance-blog/,5.3,5.5
blacknews,BlackNews,1.0.11,1.0.10,https://downloads.wordpress.org/theme/blacknews.1.0.11.zip,"2025-04-30 15:41:22",https://wordpress.org/themes/blacknews/,4.0,5.3
bluetooth-speaker,"Bluetooth Speaker",1.2,1.1,https://downloads.wordpress.org/theme/bluetooth-speaker.1.2.zip,"2025-04-30 15:42:04",https://wordpress.org/themes/bluetooth-speaker/,6.1,7.2
business-venture,"Business Venture",1.9,1.8,https://downloads.wordpress.org/theme/business-venture.1.9.zip,"2025-04-30 15:42:21",https://wordpress.org/themes/business-venture/,6.1,7.2
centralnews,CentralNews,2.0.49,2.0.48,https://downloads.wordpress.org/theme/centralnews.2.0.49.zip,"2025-04-30 15:43:36",https://wordpress.org/themes/centralnews/,4.0,5.3
cv-workfolio,"CV Workfolio",1.6,1.5,https://downloads.wordpress.org/theme/cv-workfolio.1.6.zip,"2025-04-30 15:42:59",https://wordpress.org/themes/cv-workfolio/,6.1,7.2
drinkify-lite,"Drinkify Lite",1.2.3,1.2.2,https://downloads.wordpress.org/theme/drinkify-lite.1.2.3.zip,"2025-04-30 15:52:19",https://wordpress.org/themes/drinkify-lite/,5.9,7.4
education-management,"Education Management",1.8,1.7,https://downloads.wordpress.org/theme/education-management.1.8.zip,"2025-04-30 15:43:18",https://wordpress.org/themes/education-management/,6.1,7.2
freelance-portfolio,"Freelance Portfolio",1.8,1.7,https://downloads.wordpress.org/theme/freelance-portfolio.1.8.zip,"2025-04-30 15:43:38",https://wordpress.org/themes/freelance-portfolio/,6.1,7.2
globalnews,GlobalNews,1.0.38,1.0.37,https://downloads.wordpress.org/theme/globalnews.1.0.38.zip,"2025-04-30 15:42:33",https://wordpress.org/themes/globalnews/,4.0,5.3
holistic-health-coach,"Holistic Health Coach",1.4,1.3,https://downloads.wordpress.org/theme/holistic-health-coach.1.4.zip,"2025-04-30 15:43:55",https://wordpress.org/themes/holistic-health-coach/,6.1,7.2
home-appliances-store,"Home Appliances Store",1.9,1.8,https://downloads.wordpress.org/theme/home-appliances-store.1.9.zip,"2025-04-30 15:44:26",https://wordpress.org/themes/home-appliances-store/,6.1,7.2
home-decoration-shop,"Home Decoration Shop",2.5,2.4,https://downloads.wordpress.org/theme/home-decoration-shop.2.5.zip,"2025-04-30 15:44:48",https://wordpress.org/themes/home-decoration-shop/,6.1,7.2
home-decorative-items,"Home Decorative Items",1.4,1.3,https://downloads.wordpress.org/theme/home-decorative-items.1.4.zip,"2025-04-30 15:46:10",https://wordpress.org/themes/home-decorative-items/,6.1,7.2
ibsen,Ibsen,1.3,1.2.1,https://downloads.wordpress.org/theme/ibsen.1.3.zip,"2025-04-30 15:33:23",https://wordpress.org/themes/ibsen/,5.5,7.4
it-services-management,"IT Services Management",1.6,1.5,https://downloads.wordpress.org/theme/it-services-management.1.6.zip,"2025-04-30 15:45:45",https://wordpress.org/themes/it-services-management/,6.1,7.2
kiddiemart-lite,"Kiddiemart Lite",1.0.4,1.0.3,https://downloads.wordpress.org/theme/kiddiemart-lite.1.0.4.zip,"2025-04-30 16:09:35",https://wordpress.org/themes/kiddiemart-lite/,5.9,7.4
lms-education-university,"LMS Education University",6.2,6.1,https://downloads.wordpress.org/theme/lms-education-university.6.2.zip,"2025-04-30 16:17:50",https://wordpress.org/themes/lms-education-university/,5.0,7.2
lms-training-institute,"LMS Training Institute",4.1,4.0,https://downloads.wordpress.org/theme/lms-training-institute.4.1.zip,"2025-04-30 16:18:08",https://wordpress.org/themes/lms-training-institute/,5.0,7.2
mechanic-car-repair,"Mechanic Car Repair",1.8,1.7,https://downloads.wordpress.org/theme/mechanic-car-repair.1.8.zip,"2025-04-30 15:46:25",https://wordpress.org/themes/mechanic-car-repair/,6.1,7.2
morenews,MoreNews,3.3.13,3.3.12,https://downloads.wordpress.org/theme/morenews.3.3.13.zip,"2025-04-30 15:57:27",https://wordpress.org/themes/morenews/,4.0,5.3
motorcycle-repair,"Motorcycle Repair",1.9,1.8,https://downloads.wordpress.org/theme/motorcycle-repair.1.9.zip,"2025-04-30 15:46:58",https://wordpress.org/themes/motorcycle-repair/,6.1,7.2
newsical,Newsical,1.0.26,1.0.25,https://downloads.wordpress.org/theme/newsical.1.0.26.zip,"2025-04-30 15:42:52",https://wordpress.org/themes/newsical/,4.0,5.3
newslight,NewsLight,1.0.3,1.0.2,https://downloads.wordpress.org/theme/newslight.1.0.3.zip,"2025-04-30 15:43:16",https://wordpress.org/themes/newslight/,4.0,5.3
newsmore,NewsMore,1.2.43,1.2.42,https://downloads.wordpress.org/theme/newsmore.1.2.43.zip,"2025-04-30 15:48:08",https://wordpress.org/themes/newsmore/,4.0,5.3
newsplace,NewsPlace,1.0.10,1.0.9,https://downloads.wordpress.org/theme/newsplace.1.0.10.zip,"2025-04-30 15:48:29",https://wordpress.org/themes/newsplace/,4.0,5.3
ngo-disaster-relief,"NGO Disaster Relief",1.2,1.1,https://downloads.wordpress.org/theme/ngo-disaster-relief.1.2.zip,"2025-04-30 16:19:01",https://wordpress.org/themes/ngo-disaster-relief/,5.0,7.2
online-sneaker-shop,"Online Sneaker Shop",1.3,1.2,https://downloads.wordpress.org/theme/online-sneaker-shop.1.3.zip,"2025-04-30 15:47:43",https://wordpress.org/themes/online-sneaker-shop/,6.1,7.2
oskar,Oskar,1.2,1.1,https://downloads.wordpress.org/theme/oskar.1.2.zip,"2025-04-30 16:24:40",https://wordpress.org/themes/oskar/,5.5,7.4
sidenews,SideNews,1.0.7,1.0.6,https://downloads.wordpress.org/theme/sidenews.1.0.7.zip,"2025-04-30 15:48:47",https://wordpress.org/themes/sidenews/,4.0,5.3
soccer-sports,"Soccer Sports",1.0.5,1.0.4,https://downloads.wordpress.org/theme/soccer-sports.1.0.5.zip,"2025-04-30 16:19:21",https://wordpress.org/themes/soccer-sports/,6.0,5.6
titan-branding-agency,"Titan Branding Agency",2.0,1.9,https://downloads.wordpress.org/theme/titan-branding-agency.2.0.zip,"2025-04-30 15:48:07",https://wordpress.org/themes/titan-branding-agency/,6.1,7.2
titan-business-agency,"Titan Business Agency",1.8,1.7,https://downloads.wordpress.org/theme/titan-business-agency.1.8.zip,"2025-04-30 15:49:10",https://wordpress.org/themes/titan-business-agency/,6.1,7.2
titan-elearning,"Titan Elearning",1.3,1.2,https://downloads.wordpress.org/theme/titan-elearning.1.3.zip,"2025-04-30 15:49:33",https://wordpress.org/themes/titan-elearning/,6.1,7.2
travel-influencer-blogs,"Travel Influencer Blogs",1.2,1.1,https://downloads.wordpress.org/theme/travel-influencer-blogs.1.2.zip,"2025-04-30 15:50:00",https://wordpress.org/themes/travel-influencer-blogs/,6.1,7.2
webinar-education,"Webinar Education",10.3,10.2,https://downloads.wordpress.org/theme/webinar-education.10.3.zip,"2025-04-30 16:19:32",https://wordpress.org/themes/webinar-education/,5.0,7.2
altiva,Altiva,1.0,,https://downloads.wordpress.org/theme/altiva.1.0.zip,"2025-04-30 16:01:11",https://wordpress.org/themes/altiva/,,5.4
lighting-fixtures,"Lighting Fixtures",3.0.2,3.0.1,https://downloads.wordpress.org/theme/lighting-fixtures.3.0.2.zip,"2025-04-30 16:37:16",https://wordpress.org/themes/lighting-fixtures/,5.9,5.6
seo-marketing-agency,"SEO Marketing Agency",3.0.6,3.0.5,https://downloads.wordpress.org/theme/seo-marketing-agency.3.0.6.zip,"2025-04-30 16:37:38",https://wordpress.org/themes/seo-marketing-agency/,5.9,5.6
tailor-stylist,"Tailor Stylist",3.0.1,3.0.0,https://downloads.wordpress.org/theme/tailor-stylist.3.0.1.zip,"2025-04-30 16:38:08",https://wordpress.org/themes/tailor-stylist/,5.9,5.6
tennis-club,"Tennis Club",1.1.3,1.1.2,https://downloads.wordpress.org/theme/tennis-club.1.1.3.zip,"2025-04-30 16:38:20",https://wordpress.org/themes/tennis-club/,,5.6
yoga-master,"Yoga Master",1.1.7,1.1.6,https://downloads.wordpress.org/theme/yoga-master.1.1.7.zip,"2025-04-30 16:38:55",https://wordpress.org/themes/yoga-master/,5.9,5.6
