Slug,Name,Version,"Previous Version","Download Link",Released,"WordPress.org URL","Required WP","Required PHP","Active Installs"
air-conditioning-services,"Air Conditioning Services",4.1,4.0,https://downloads.wordpress.org/theme/air-conditioning-services.4.1.zip,"2026-04-01 05:00:12",https://wordpress.org/themes/air-conditioning-services/,5.0,5.6,80
bootstrap-basic,"Bootstrap Basic",1.3.7,1.3.6,https://downloads.wordpress.org/theme/bootstrap-basic.1.3.7.zip,"2026-04-01 03:50:51",https://wordpress.org/themes/bootstrap-basic/,4.0,5.4,1000
bootstrap-basic4,"Bootstrap Basic4",1.3.9,1.3.8,https://downloads.wordpress.org/theme/bootstrap-basic4.1.3.9.zip,"2026-04-01 04:14:28",https://wordpress.org/themes/bootstrap-basic4/,5.0,5.5,1000
boutique-designer-shop,"Boutique Designer Shop",4.0,3.9,https://downloads.wordpress.org/theme/boutique-designer-shop.4.0.zip,"2026-04-01 04:59:32",https://wordpress.org/themes/boutique-designer-shop/,5.0,5.6,100
business-consulting-lite,"Business Consulting Lite",5.9,5.8,https://downloads.wordpress.org/theme/business-consulting-lite.5.9.zip,"2026-04-01 04:58:54",https://wordpress.org/themes/business-consulting-lite/,5.0,5.6,100
chiropractor-therapy,"Chiropractor Therapy",5.8,5.7,https://downloads.wordpress.org/theme/chiropractor-therapy.5.8.zip,"2026-04-01 04:58:16",https://wordpress.org/themes/chiropractor-therapy/,5.0,5.6,90
visionart,VisionArt,2.0,1.2.1,https://downloads.wordpress.org/theme/visionart.2.0.zip,"2026-04-01 05:21:10",https://wordpress.org/themes/visionart/,5.9,5.6,90
klaro,Klaro,2.1.7,,https://downloads.wordpress.org/theme/klaro.2.1.7.zip,"2026-04-01 05:16:14",https://wordpress.org/themes/klaro/,6.0,7.4,0
thryve-biz,"Thryve Biz",1.1,,https://downloads.wordpress.org/theme/thryve-biz.1.1.zip,"2026-04-01 05:01:13",https://wordpress.org/themes/thryve-biz/,6.5,7.0,0
expert-carpenter,"Expert Carpenter",0.7.6,0.7.5,https://downloads.wordpress.org/theme/expert-carpenter.0.7.6.zip,"2026-04-01 07:28:51",https://wordpress.org/themes/expert-carpenter/,,7.2,200
football-academy,"Football Academy",0.2.6,0.2.5,https://downloads.wordpress.org/theme/football-academy.0.2.6.zip,"2026-04-01 06:39:21",https://wordpress.org/themes/football-academy/,5.0,7.2,30
ice-cream-shop,"Ice Cream Shop",0.2.5,0.2.4,https://downloads.wordpress.org/theme/ice-cream-shop.0.2.5.zip,"2026-04-01 06:50:01",https://wordpress.org/themes/ice-cream-shop/,5.0,7.2,100
social-ngo,"Social NGO",0.2.6,0.2.5,https://downloads.wordpress.org/theme/social-ngo.0.2.6.zip,"2026-04-01 06:38:33",https://wordpress.org/themes/social-ngo/,5.0,7.2,60
the-pet-clinic,"The Pet Clinic",0.8.8,0.8.7,https://downloads.wordpress.org/theme/the-pet-clinic.0.8.8.zip,"2026-04-01 07:29:28",https://wordpress.org/themes/the-pet-clinic/,,7.2,100
artgallery,ArtGallery,1.5.7,1.5.6,https://downloads.wordpress.org/theme/artgallery.1.5.7.zip,"2026-04-01 08:41:09",https://wordpress.org/themes/artgallery/,6.2,7.0,100
ayaairport,AyaAirPort,1.5.0,1.4.9,https://downloads.wordpress.org/theme/ayaairport.1.5.0.zip,"2026-04-01 08:11:29",https://wordpress.org/themes/ayaairport/,6.2,7.0,10
ayabiostorelite,AyaBioStoreLite,1.4.1,1.4.0,https://downloads.wordpress.org/theme/ayabiostorelite.1.4.1.zip,"2026-04-01 08:13:32",https://wordpress.org/themes/ayabiostorelite/,6.2,7.0,0
ayablogging,AyaBlogging,1.5.2,1.5.1,https://downloads.wordpress.org/theme/ayablogging.1.5.2.zip,"2026-04-01 08:15:05",https://wordpress.org/themes/ayablogging/,6.2,7.0,0
ayabooks,AyaBooks,1.4.9,1.4.8,https://downloads.wordpress.org/theme/ayabooks.1.4.9.zip,"2026-04-01 08:16:39",https://wordpress.org/themes/ayabooks/,6.2,7.0,40
ayaclub,AyaClub,1.5.5,1.5.4,https://downloads.wordpress.org/theme/ayaclub.1.5.5.zip,"2026-04-01 08:19:31",https://wordpress.org/themes/ayaclub/,6.2,7.0,100
ayacoffeeshop,AyaCoffeeShop,1.4.9,1.4.8,https://downloads.wordpress.org/theme/ayacoffeeshop.1.4.9.zip,"2026-04-01 08:20:41",https://wordpress.org/themes/ayacoffeeshop/,6.2,7.0,20
ayaestate,AyaEstate,1.5.6,1.5.5,https://downloads.wordpress.org/theme/ayaestate.1.5.6.zip,"2026-04-01 08:21:37",https://wordpress.org/themes/ayaestate/,6.2,7.0,10
ayafreelance,AyaFreelance,1.6.0,1.5.9,https://downloads.wordpress.org/theme/ayafreelance.1.6.0.zip,"2026-04-01 08:22:35",https://wordpress.org/themes/ayafreelance/,6.2,7.0,10
ayageek,AyaGeek,1.5.2,1.5.1,https://downloads.wordpress.org/theme/ayageek.1.5.2.zip,"2026-04-01 08:24:57",https://wordpress.org/themes/ayageek/,6.2,7.0,70
ayagreen,AyaGreen,1.4.0,1.3.9,https://downloads.wordpress.org/theme/ayagreen.1.4.0.zip,"2026-04-01 08:26:52",https://wordpress.org/themes/ayagreen/,6.2,7.0,60
ayahairsalon,AyaHairSalon,1.3.8,1.3.7,https://downloads.wordpress.org/theme/ayahairsalon.1.3.8.zip,"2026-04-01 08:27:45",https://wordpress.org/themes/ayahairsalon/,6.2,7.0,40
ayahandmade,AyaHandmade,1.4.6,1.4.5,https://downloads.wordpress.org/theme/ayahandmade.1.4.6.zip,"2026-04-01 08:29:46",https://wordpress.org/themes/ayahandmade/,6.2,7.0,40
ayamagazine,AyaMagazine,1.5.1,1.5.0,https://downloads.wordpress.org/theme/ayamagazine.1.5.1.zip,"2026-04-01 08:30:56",https://wordpress.org/themes/ayamagazine/,6.2,7.0,0
ayamedicine,AyaMedicine,1.5.2,1.5.1,https://downloads.wordpress.org/theme/ayamedicine.1.5.2.zip,"2026-04-01 08:32:08",https://wordpress.org/themes/ayamedicine/,6.2,7.0,40
ayaphotography,AyaPhotography,1.5.2,1.5.1,https://downloads.wordpress.org/theme/ayaphotography.1.5.2.zip,"2026-04-01 08:33:01",https://wordpress.org/themes/ayaphotography/,6.2,7.0,20
ayaportfolio,AyaPortfolio,1.5.6,1.5.5,https://downloads.wordpress.org/theme/ayaportfolio.1.5.6.zip,"2026-04-01 08:33:54",https://wordpress.org/themes/ayaportfolio/,6.2,7.0,40
ayapsychology,AyaPsychology,1.5.2,1.5.1,https://downloads.wordpress.org/theme/ayapsychology.1.5.2.zip,"2026-04-01 08:34:49",https://wordpress.org/themes/ayapsychology/,6.2,7.0,70
ayaspirit,AyaSpirit,1.6.2,1.6.1,https://downloads.wordpress.org/theme/ayaspirit.1.6.2.zip,"2026-04-01 08:35:37",https://wordpress.org/themes/ayaspirit/,6.2,7.0,40
ayawild,AyaWild,1.4.9,1.4.8,https://downloads.wordpress.org/theme/ayawild.1.4.9.zip,"2026-04-01 08:36:20",https://wordpress.org/themes/ayawild/,6.2,7.0,20
cathedral,Cathedral,1.0.3,1.0.2,https://downloads.wordpress.org/theme/cathedral.1.0.3.zip,"2026-04-01 09:20:13",https://wordpress.org/themes/cathedral/,6.7,7.2,200
chemical-industry-lite,"Chemical Industry Lite",1.0.9,1.0.8,https://downloads.wordpress.org/theme/chemical-industry-lite.1.0.9.zip,"2026-04-01 08:55:27",https://wordpress.org/themes/chemical-industry-lite/,,7.0,10
computer,Computer,1.2.3,1.2.2,https://downloads.wordpress.org/theme/computer.1.2.3.zip,"2026-04-01 09:06:18",https://wordpress.org/themes/computer/,6.7,7.2,600
darkmusic-blog,"Darkmusic Blog",1.4.3,1.4.2,https://downloads.wordpress.org/theme/darkmusic-blog.1.4.3.zip,"2026-04-01 08:58:26",https://wordpress.org/themes/darkmusic-blog/,,7.0,90
datinglite,DatingLite,1.3.9,1.3.8,https://downloads.wordpress.org/theme/datinglite.1.3.9.zip,"2026-04-01 08:49:47",https://wordpress.org/themes/datinglite/,6.2,7.0,70
delish-blog,"Delish Blog",1.1.1,1.1.0,https://downloads.wordpress.org/theme/delish-blog.1.1.1.zip,"2026-04-01 09:11:01",https://wordpress.org/themes/delish-blog/,,7.0,90
designstudio,DesignStudio,1.5.5,1.5.4,https://downloads.wordpress.org/theme/designstudio.1.5.5.zip,"2026-04-01 08:50:41",https://wordpress.org/themes/designstudio/,6.2,7.0,40
farmlight,FarmLight,1.4.9,1.4.8,https://downloads.wordpress.org/theme/farmlight.1.4.9.zip,"2026-04-01 08:51:27",https://wordpress.org/themes/farmlight/,6.2,7.0,30
hospitallight,HospitalLight,1.5.0,1.4.9,https://downloads.wordpress.org/theme/hospitallight.1.5.0.zip,"2026-04-01 08:52:16",https://wordpress.org/themes/hospitallight/,6.2,7.0,10
jewelrify,Jewelrify,1.4.3,1.4.2,https://downloads.wordpress.org/theme/jewelrify.1.4.3.zip,"2026-04-01 08:53:09",https://wordpress.org/themes/jewelrify/,6.2,7.0,10
landshafting,Landshafting,1.6.3,1.6.2,https://downloads.wordpress.org/theme/landshafting.1.6.3.zip,"2026-04-01 08:37:10",https://wordpress.org/themes/landshafting/,6.2,7.0,100
motospeed,MotoSpeed,1.5.3,1.5.2,https://downloads.wordpress.org/theme/motospeed.1.5.3.zip,"2026-04-01 08:54:06",https://wordpress.org/themes/motospeed/,6.2,7.0,80
multisport,MultiSport,1.6.5,1.6.4,https://downloads.wordpress.org/theme/multisport.1.6.5.zip,"2026-04-01 08:55:06",https://wordpress.org/themes/multisport/,6.2,7.0,100
nightingale,Nightingale,2.7.11,2.7.10,https://downloads.wordpress.org/theme/nightingale.2.7.11.zip,"2026-04-01 08:53:47",https://wordpress.org/themes/nightingale/,5.0,8.0,300
tour,Tour,1.6.6,1.6.5,https://downloads.wordpress.org/theme/tour.1.6.6.zip,"2026-04-01 08:37:55",https://wordpress.org/themes/tour/,6.2,7.0,100
vegan,Vegan,1.7.2,1.7.1,https://downloads.wordpress.org/theme/vegan.1.7.2.zip,"2026-04-01 08:38:49",https://wordpress.org/themes/vegan/,6.2,7.0,100
woodcraft-lite,"Woodcraft Lite",1.0.3,1.0.2,https://downloads.wordpress.org/theme/woodcraft-lite.1.0.3.zip,"2026-04-01 09:14:31",https://wordpress.org/themes/woodcraft-lite/,6.7,7.2,100
xews-lite,"Xews Lite",1.1.2,1.1.1,https://downloads.wordpress.org/theme/xews-lite.1.1.2.zip,"2026-04-01 08:12:05",https://wordpress.org/themes/xews-lite/,,7.4,100
arzine,ARzine,1.8.9,1.8.8,https://downloads.wordpress.org/theme/arzine.1.8.9.zip,"2026-04-01 10:47:59",https://wordpress.org/themes/arzine/,4.7,5.4,100
bakers-bakery,"Bakers Bakery",0.8.6,0.8.5,https://downloads.wordpress.org/theme/bakers-bakery.0.8.6.zip,"2026-04-01 10:27:27",https://wordpress.org/themes/bakers-bakery/,,7.2,40
beauty-cosmetic-shop,"Beauty Cosmetic Shop",1.4.9,1.4.8,https://downloads.wordpress.org/theme/beauty-cosmetic-shop.1.4.9.zip,"2026-04-01 09:57:09",https://wordpress.org/themes/beauty-cosmetic-shop/,5.6,7.2,30
beauty-store,"Beauty Store",0.0.10,0.0.9,https://downloads.wordpress.org/theme/beauty-store.0.0.10.zip,"2026-04-01 10:24:17",https://wordpress.org/themes/beauty-store/,5.0,7.2,80
bookstore-exhibition,"Bookstore Exhibition",2.2.4,2.2.3,https://downloads.wordpress.org/theme/bookstore-exhibition.2.2.4.zip,"2026-04-01 09:56:08",https://wordpress.org/themes/bookstore-exhibition/,5.6,7.2,90
busicare,BusiCare,1.3.4.2,1.3.4.1,https://downloads.wordpress.org/theme/busicare.1.3.4.2.zip,"2026-04-01 10:51:59",https://wordpress.org/themes/busicare/,4.5,5.4,1000
busiprof-agency,"Busiprof Agency",1.3,1.2,https://downloads.wordpress.org/theme/busiprof-agency.1.3.zip,"2026-04-01 10:47:28",https://wordpress.org/themes/busiprof-agency/,4.5,5.4,30
busiprof,Busiprof,2.5.3,2.5.2,https://downloads.wordpress.org/theme/busiprof.2.5.3.zip,"2026-04-01 10:45:27",https://wordpress.org/themes/busiprof/,4.5,5.4,2000
cafe-alley,"Cafe Alley",1.1.0,1.0.0,https://downloads.wordpress.org/theme/cafe-alley.1.1.0.zip,"2026-04-01 09:49:56",https://wordpress.org/themes/cafe-alley/,5.3,7.2,30
cigma,Cigma,1.0.3,1.0.2,https://downloads.wordpress.org/theme/cigma.1.0.3.zip,"2026-04-01 09:25:38",https://wordpress.org/themes/cigma/,6.7,7.2,100
elearning-workshop,"Elearning Workshop",0.3,0.2,https://downloads.wordpress.org/theme/elearning-workshop.0.3.zip,"2026-04-01 10:23:44",https://wordpress.org/themes/elearning-workshop/,5.0,7.2,30
expert-videographer-studio,"Expert Videographer Studio",0.1.7,0.1.6,https://downloads.wordpress.org/theme/expert-videographer-studio.0.1.7.zip,"2026-04-01 09:49:21",https://wordpress.org/themes/expert-videographer-studio/,5.3,7.2,30
innofit,Innofit,1.5.7,1.5.6,https://downloads.wordpress.org/theme/innofit.1.5.7.zip,"2026-04-01 10:21:46",https://wordpress.org/themes/innofit/,4.5,5.4,500
lms-education-study,"LMS Education Study",0.4,0.3,https://downloads.wordpress.org/theme/lms-education-study.0.4.zip,"2026-04-01 10:23:00",https://wordpress.org/themes/lms-education-study/,5.0,7.2,100
magazinenp,MagazineNP,1.2.11,1.2.10,https://downloads.wordpress.org/theme/magazinenp.1.2.11.zip,"2026-04-01 10:03:39",https://wordpress.org/themes/magazinenp/,,5.6,2000
medical-clinic-center,"Medical Clinic Center",2.1.9,2.1.8,https://downloads.wordpress.org/theme/medical-clinic-center.2.1.9.zip,"2026-04-01 09:57:26",https://wordpress.org/themes/medical-clinic-center/,5.6,7.2,100
minimalio,Minimalio,1.4.44,1.4.43,https://downloads.wordpress.org/theme/minimalio.1.4.44.zip,"2026-04-01 11:02:48",https://wordpress.org/themes/minimalio/,,7.4,1000
newspare,NewSpare,3.1.1,3.1.0,https://downloads.wordpress.org/theme/newspare.3.1.1.zip,"2026-04-01 10:36:18",https://wordpress.org/themes/newspare/,5.0,5.0,100
online-educational-courses,"Online Educational Courses",0.1.10,0.1.9,https://downloads.wordpress.org/theme/online-educational-courses.0.1.10.zip,"2026-04-01 10:21:52",https://wordpress.org/themes/online-educational-courses/,5.0,7.2,80
personal-coach-lite,"Personal Coach Lite",0.2.3,0.2.2,https://downloads.wordpress.org/theme/personal-coach-lite.0.2.3.zip,"2026-04-01 10:21:23",https://wordpress.org/themes/personal-coach-lite/,5.0,7.2,10
photographer-magazine,"Photographer Magazine",2.0.7,2.0.6,https://downloads.wordpress.org/theme/photographer-magazine.2.0.7.zip,"2026-04-01 09:56:51",https://wordpress.org/themes/photographer-magazine/,5.6,7.2,50
school-education,"School Education",1.2.9,1.2.8,https://downloads.wordpress.org/theme/school-education.1.2.9.zip,"2026-04-01 09:57:35",https://wordpress.org/themes/school-education/,5.6,7.2,200
software-it-company,"Software IT Company",1.3.0,1.2.9,https://downloads.wordpress.org/theme/software-it-company.1.3.0.zip,"2026-04-01 09:57:00",https://wordpress.org/themes/software-it-company/,5.6,7.2,100
solar-panel-distributor,"Solar Panel Distributor",1.2.5,1.2.4,https://downloads.wordpress.org/theme/solar-panel-distributor.1.2.5.zip,"2026-04-01 09:57:47",https://wordpress.org/themes/solar-panel-distributor/,5.6,7.2,80
spice-software,"Spice Software",1.3.2,1.3.1,https://downloads.wordpress.org/theme/spice-software.1.3.2.zip,"2026-04-01 10:24:24",https://wordpress.org/themes/spice-software/,4.5,5.4,400
spiko,Spiko,1.1.9,1.1.8,https://downloads.wordpress.org/theme/spiko.1.1.9.zip,"2026-04-01 10:26:24",https://wordpress.org/themes/spiko/,4.5,5.4,400
study-abroad,"Study Abroad",0.0.9,0.0.8,https://downloads.wordpress.org/theme/study-abroad.0.0.9.zip,"2026-04-01 10:20:48",https://wordpress.org/themes/study-abroad/,5.0,7.2,50
the-perfume-shop,"The Perfume Shop",0.2.5,0.2.4,https://downloads.wordpress.org/theme/the-perfume-shop.0.2.5.zip,"2026-04-01 10:20:08",https://wordpress.org/themes/the-perfume-shop/,5.5,7.2,100
the-perfumist,"The Perfumist",0.0.6,0.0.5,https://downloads.wordpress.org/theme/the-perfumist.0.0.6.zip,"2026-04-01 10:19:25",https://wordpress.org/themes/the-perfumist/,5.0,7.2,40
tour-travel-package,"Tour Travel Package",2.2.4,2.2.3,https://downloads.wordpress.org/theme/tour-travel-package.2.2.4.zip,"2026-04-01 09:56:29",https://wordpress.org/themes/tour-travel-package/,5.6,7.2,100
unique-graphic-designer,"Unique Graphic Designer",1.5.3,1.5.2,https://downloads.wordpress.org/theme/unique-graphic-designer.1.5.3.zip,"2026-04-01 09:58:05",https://wordpress.org/themes/unique-graphic-designer/,5.6,7.2,40
unique-pizza-shop,"Unique Pizza Shop",2.2.4,2.2.3,https://downloads.wordpress.org/theme/unique-pizza-shop.2.2.4.zip,"2026-04-01 09:56:00",https://wordpress.org/themes/unique-pizza-shop/,5.6,7.2,80
unique-restaurant,"Unique Restaurant",2.4.2,2.4.1,https://downloads.wordpress.org/theme/unique-restaurant.2.4.2.zip,"2026-04-01 09:55:50",https://wordpress.org/themes/unique-restaurant/,5.6,7.2,60
unique-startup,"Unique Startup",2.2.2,2.2.1,https://downloads.wordpress.org/theme/unique-startup.2.2.2.zip,"2026-04-01 09:56:39",https://wordpress.org/themes/unique-startup/,5.6,7.2,30
urbanews,Urbanews,1.0.4,1.0.3,https://downloads.wordpress.org/theme/urbanews.1.0.4.zip,"2026-04-01 10:52:22",https://wordpress.org/themes/urbanews/,,5.3,100
vdequator,vdequator,1.2.6,1.2.5,https://downloads.wordpress.org/theme/vdequator.1.2.6.zip,"2026-04-01 10:46:25",https://wordpress.org/themes/vdequator/,4.5,5.4,300
vdperanto,vdperanto,2.1.9,2.1.8,https://downloads.wordpress.org/theme/vdperanto.2.1.9.zip,"2026-04-01 10:48:28",https://wordpress.org/themes/vdperanto/,4.5,5.4,400
video-blog,"Video Blog",1.8.7,1.8.6,https://downloads.wordpress.org/theme/video-blog.1.8.7.zip,"2026-04-01 09:56:33",https://wordpress.org/themes/video-blog/,5.0,7.2,100
vw-audio-podcast,"VW Audio Podcast",1.3.8,1.3.6,https://downloads.wordpress.org/theme/vw-audio-podcast.1.3.8.zip,"2026-04-01 09:58:02",https://wordpress.org/themes/vw-audio-podcast/,5.9,5.6,40
vw-cleaning-company,"VW Cleaning Company",1.3.7,1.3.6,https://downloads.wordpress.org/theme/vw-cleaning-company.1.3.7.zip,"2026-04-01 09:58:43",https://wordpress.org/themes/vw-cleaning-company/,5.0,7.2,200
vw-construction-estate,"VW Construction Estate",1.5.8,1.5.7,https://downloads.wordpress.org/theme/vw-construction-estate.1.5.8.zip,"2026-04-01 09:59:02",https://wordpress.org/themes/vw-construction-estate/,5.0,7.2,100
vw-food-corner,"VW Food Corner",1.0.5,1.0.4,https://downloads.wordpress.org/theme/vw-food-corner.1.0.5.zip,"2026-04-01 09:56:48",https://wordpress.org/themes/vw-food-corner/,5.0,7.2,100
vw-real-estate,"VW Real Estate",2.7.3,2.7.2,https://downloads.wordpress.org/theme/vw-real-estate.2.7.3.zip,"2026-04-01 09:59:46",https://wordpress.org/themes/vw-real-estate/,5.0,7.2,200
vw-restaurant-lite,"VW Restaurant Lite",2.5.6,2.5.5,https://downloads.wordpress.org/theme/vw-restaurant-lite.2.5.6.zip,"2026-04-01 10:00:11",https://wordpress.org/themes/vw-restaurant-lite/,5.0,7.2,200
wphester,WPHester,1.2.2,1.2.1,https://downloads.wordpress.org/theme/wphester.1.2.2.zip,"2026-04-01 10:27:38",https://wordpress.org/themes/wphester/,4.5,5.4,70
wpkites,WPKites,1.4.6.3,1.4.6.2,https://downloads.wordpress.org/theme/wpkites.1.4.6.3.zip,"2026-04-01 10:29:04",https://wordpress.org/themes/wpkites/,4.5,5.4,600
yoga-kriya,"Yoga Kriya",2.2.5,2.2.4,https://downloads.wordpress.org/theme/yoga-kriya.2.2.5.zip,"2026-04-01 09:56:16",https://wordpress.org/themes/yoga-kriya/,5.6,7.2,50
zenearth,ZenEarth,1.5.5,1.5.4,https://downloads.wordpress.org/theme/zenearth.1.5.5.zip,"2026-04-01 10:13:59",https://wordpress.org/themes/zenearth/,6.2,7.0,100
zenether,ZenEther,1.3.6,1.3.5,https://downloads.wordpress.org/theme/zenether.1.3.6.zip,"2026-04-01 10:14:53",https://wordpress.org/themes/zenether/,6.2,7.0,80
zenfire,ZenFire,1.5.3,1.5.2,https://downloads.wordpress.org/theme/zenfire.1.5.3.zip,"2026-04-01 10:15:53",https://wordpress.org/themes/zenfire/,6.2,7.0,10
zengardenwedding,ZenGardenWedding,1.4.5,1.4.4,https://downloads.wordpress.org/theme/zengardenwedding.1.4.5.zip,"2026-04-01 10:17:13",https://wordpress.org/themes/zengardenwedding/,6.2,7.0,0
zenlife,ZenLife,1.5.0,1.4.9,https://downloads.wordpress.org/theme/zenlife.1.5.0.zip,"2026-04-01 10:18:04",https://wordpress.org/themes/zenlife/,6.2,7.0,30
zenmacrame,ZenMacrame,1.3.9,1.3.8,https://downloads.wordpress.org/theme/zenmacrame.1.3.9.zip,"2026-04-01 10:19:02",https://wordpress.org/themes/zenmacrame/,6.2,7.0,100
zenoffice,ZenOffice,1.4.3,1.4.2,https://downloads.wordpress.org/theme/zenoffice.1.4.3.zip,"2026-04-01 10:20:24",https://wordpress.org/themes/zenoffice/,6.2,7.0,50
zensky,ZenSky,1.5.4,1.5.3,https://downloads.wordpress.org/theme/zensky.1.5.4.zip,"2026-04-01 10:21:28",https://wordpress.org/themes/zensky/,6.2,7.0,10
zenwater,ZenWater,1.5.2,1.5.1,https://downloads.wordpress.org/theme/zenwater.1.5.2.zip,"2026-04-01 10:22:33",https://wordpress.org/themes/zenwater/,6.2,7.0,80
zenwind,ZenWind,1.5.3,1.5.2,https://downloads.wordpress.org/theme/zenwind.1.5.3.zip,"2026-04-01 10:24:06",https://wordpress.org/themes/zenwind/,6.2,7.0,0
acronix,Acronix,2.0.5,2.0.4,https://downloads.wordpress.org/theme/acronix.2.0.5.zip,"2026-04-01 11:56:57",https://wordpress.org/themes/acronix/,,5.6,50
aera,Aera,18.1,18.0,https://downloads.wordpress.org/theme/aera.18.1.zip,"2026-04-01 11:57:24",https://wordpress.org/themes/aera/,4.7,5.6,400
ameya,Ameya,18.0,17.9,https://downloads.wordpress.org/theme/ameya.18.0.zip,"2026-04-01 11:58:15",https://wordpress.org/themes/ameya/,4.7,5.6,500
appointable,Appointable,17.8,17.7,https://downloads.wordpress.org/theme/appointable.17.8.zip,"2026-04-01 11:43:33",https://wordpress.org/themes/appointable/,4.7,5.6,50
arbuda,Arbuda,17.9,17.8,https://downloads.wordpress.org/theme/arbuda.17.9.zip,"2026-04-01 11:59:00",https://wordpress.org/themes/arbuda/,4.7,5.6,200
arkbiz,ArkBiz,17.8,17.7,https://downloads.wordpress.org/theme/arkbiz.17.8.zip,"2026-04-01 11:45:43",https://wordpress.org/themes/arkbiz/,4.7,5.6,60
belltech,Belltech,17.9,17.8,https://downloads.wordpress.org/theme/belltech.17.9.zip,"2026-04-01 11:59:26",https://wordpress.org/themes/belltech/,4.7,5.6,50
cosmetics-shop,"Cosmetics Shop",1.1.6,1.1.5,https://downloads.wordpress.org/theme/cosmetics-shop.1.1.6.zip,"2026-04-01 11:52:00",https://wordpress.org/themes/cosmetics-shop/,5.9,5.6,300
escape-room-game,"Escape Room Game",1.2.5,1.2.4,https://downloads.wordpress.org/theme/escape-room-game.1.2.5.zip,"2026-04-01 11:53:18",https://wordpress.org/themes/escape-room-game/,5.9,5.6,200
fortify,Fortify,9.8,9.7,https://downloads.wordpress.org/theme/fortify.9.8.zip,"2026-04-01 11:46:17",https://wordpress.org/themes/fortify/,4.7,5.6,40
heropress,HeroPress,19.8,19.7,https://downloads.wordpress.org/theme/heropress.19.8.zip,"2026-04-01 11:46:39",https://wordpress.org/themes/heropress/,4.7,5.6,300
hstore,hstore,17.8,17.7,https://downloads.wordpress.org/theme/hstore.17.8.zip,"2026-04-01 11:47:00",https://wordpress.org/themes/hstore/,4.7,5.6,20
proficient,Proficient,19.7,19.6,https://downloads.wordpress.org/theme/proficient.19.7.zip,"2026-04-01 11:47:23",https://wordpress.org/themes/proficient/,4.7,5.6,700
total,Total,2.2.2,2.2.1,https://downloads.wordpress.org/theme/total.2.2.2.zip,"2026-04-01 11:24:31",https://wordpress.org/themes/total/,,7.2,30000
viral-express,"Viral Express",1.1.0,1.0.9,https://downloads.wordpress.org/theme/viral-express.1.1.0.zip,"2026-04-01 11:29:43",https://wordpress.org/themes/viral-express/,,7.2,70
viral-mag,"Viral Mag",2.0.60,2.0.58,https://downloads.wordpress.org/theme/viral-mag.2.0.60.zip,"2026-04-01 11:39:24",https://wordpress.org/themes/viral-mag/,,7.2,1000
vw-photography,"VW Photography",1.4.1,1.4.0,https://downloads.wordpress.org/theme/vw-photography.1.4.1.zip,"2026-04-01 11:52:19",https://wordpress.org/themes/vw-photography/,5.0,7.2,100
art-portfolio,"Art Portfolio",1.0.8,1.0.7,https://downloads.wordpress.org/theme/art-portfolio.1.0.8.zip,"2026-04-01 13:22:56",https://wordpress.org/themes/art-portfolio/,,7.4,500
benevolent,Benevolent,1.4.1,1.4.0,https://downloads.wordpress.org/theme/benevolent.1.4.1.zip,"2026-04-01 12:05:23",https://wordpress.org/themes/benevolent/,6.2,7.4,1000
book-landing-page,"Book Landing Page",1.2.9,1.2.8,https://downloads.wordpress.org/theme/book-landing-page.1.2.9.zip,"2026-04-01 12:05:59",https://wordpress.org/themes/book-landing-page/,6.2,7.4,800
builderse,Builderse,16.3,16.2,https://downloads.wordpress.org/theme/builderse.16.3.zip,"2026-04-01 12:11:21",https://wordpress.org/themes/builderse/,4.7,5.6,100
colorflow,ColorFlow,7.3,7.2,https://downloads.wordpress.org/theme/colorflow.7.3.zip,"2026-04-01 12:14:44",https://wordpress.org/themes/colorflow/,4.7,5.6,40
construction-landing-page,"Construction Landing Page",1.4.3,1.4.2,https://downloads.wordpress.org/theme/construction-landing-page.1.4.3.zip,"2026-04-01 12:06:41",https://wordpress.org/themes/construction-landing-page/,6.2,7.4,1000
dance-master,"Dance Master",0.3.3,0.3.2,https://downloads.wordpress.org/theme/dance-master.0.3.3.zip,"2026-04-01 13:56:26",https://wordpress.org/themes/dance-master/,,5.6,40
eractor,Eractor,15.9,15.8,https://downloads.wordpress.org/theme/eractor.15.9.zip,"2026-04-01 12:15:31",https://wordpress.org/themes/eractor/,4.7,5.6,100
fiona-food,"Fiona Food",18.1,18.0,https://downloads.wordpress.org/theme/fiona-food.18.1.zip,"2026-04-01 13:00:27",https://wordpress.org/themes/fiona-food/,4.7,5.6,60
it-company-lite,"IT Company Lite",1.2.4,1.2.3,https://downloads.wordpress.org/theme/it-company-lite.1.2.4.zip,"2026-04-01 12:11:40",https://wordpress.org/themes/it-company-lite/,5.0,7.2,100
klaro,Klaro,2.2.0,2.1.7,https://downloads.wordpress.org/theme/klaro.2.2.0.zip,"2026-04-01 12:46:28",https://wordpress.org/themes/klaro/,6.0,7.4,0
lawyer-landing-page,"Lawyer Landing Page",1.2.9,1.2.8,https://downloads.wordpress.org/theme/lawyer-landing-page.1.2.9.zip,"2026-04-01 12:07:27",https://wordpress.org/themes/lawyer-landing-page/,6.2,7.4,1000
medisafe,Medisafe,2.4,2.3,https://downloads.wordpress.org/theme/medisafe.2.4.zip,"2026-04-01 13:01:02",https://wordpress.org/themes/medisafe/,4.7,5.6,30
metro-magazine,"Metro Magazine",1.4.3,1.4.2,https://downloads.wordpress.org/theme/metro-magazine.1.4.3.zip,"2026-04-01 12:08:07",https://wordpress.org/themes/metro-magazine/,6.2,7.4,1000
news25-prime,"News25 Prime",2.0,1.9,https://downloads.wordpress.org/theme/news25-prime.2.0.zip,"2026-04-01 13:01:24",https://wordpress.org/themes/news25-prime/,4.7,5.6,100
rara-academic,"Rara Academic",1.3.4,1.2.3,https://downloads.wordpress.org/theme/rara-academic.1.3.4.zip,"2026-04-01 12:10:22",https://wordpress.org/themes/rara-academic/,6.2,7.4,600
spa-and-salon,"Spa and Salon",1.3.4,1.3.3,https://downloads.wordpress.org/theme/spa-and-salon.1.3.4.zip,"2026-04-01 12:11:03",https://wordpress.org/themes/spa-and-salon/,6.2,7.4,800
startbiz,StartBiz,18.9,18.8,https://downloads.wordpress.org/theme/startbiz.18.9.zip,"2026-04-01 13:02:12",https://wordpress.org/themes/startbiz/,4.7,5.6,400
varuda,Varuda,18.0,17.9,https://downloads.wordpress.org/theme/varuda.18.0.zip,"2026-04-01 13:02:34",https://wordpress.org/themes/varuda/,4.7,5.6,200
vw-mobile-app,"VW Mobile App",1.5.7,1.5.6,https://downloads.wordpress.org/theme/vw-mobile-app.1.5.7.zip,"2026-04-01 12:26:01",https://wordpress.org/themes/vw-mobile-app/,5.0,7.2,300
vw-parallax,"VW Parallax",1.3.1,1.3.0,https://downloads.wordpress.org/theme/vw-parallax.1.3.1.zip,"2026-04-01 12:26:35",https://wordpress.org/themes/vw-parallax/,5.0,7.2,100
vw-portfolio,"VW Portfolio",1.3.7,1.3.5,https://downloads.wordpress.org/theme/vw-portfolio.1.3.7.zip,"2026-04-01 12:29:49",https://wordpress.org/themes/vw-portfolio/,5.0,7.2,100
vw-solar-energy,"VW Solar Energy",1.5.8,1.5.7,https://downloads.wordpress.org/theme/vw-solar-energy.1.5.8.zip,"2026-04-01 12:30:12",https://wordpress.org/themes/vw-solar-energy/,5.0,7.2,300
web-designer,"Web Designer",0.9.3,0.9.2,https://downloads.wordpress.org/theme/web-designer.0.9.3.zip,"2026-04-01 12:27:27",https://wordpress.org/themes/web-designer/,5.0,7.2,100
wine-shop,"Wine Shop",0.3.3,0.3.2,https://downloads.wordpress.org/theme/wine-shop.0.3.3.zip,"2026-04-01 13:57:16",https://wordpress.org/themes/wine-shop/,,5.6,70
godhuli,Godhuli,3.0.0,2.0.4,https://downloads.wordpress.org/theme/godhuli.3.0.0.zip,"2026-04-01 14:16:31",https://wordpress.org/themes/godhuli/,6.0,7.4,100
electromix-tech,"Electromix Tech",0.1,,https://downloads.wordpress.org/theme/electromix-tech.0.1.zip,"2026-04-01 15:16:15",https://wordpress.org/themes/electromix-tech/,,5.6,0
fitness-and-gym-wda,"Fitness and Gym WDA",1.0.0,,https://downloads.wordpress.org/theme/fitness-and-gym-wda.1.0.0.zip,"2026-04-01 15:01:10",https://wordpress.org/themes/fitness-and-gym-wda/,5.1,5.6,0
drento,Drento,1.7.0,1.6.9,https://downloads.wordpress.org/theme/drento.1.7.0.zip,"2026-04-01 15:49:33",https://wordpress.org/themes/drento/,,5.6,200
creativ-resort-fse,"Creativ Resort FSE",1.0.2,,https://downloads.wordpress.org/theme/creativ-resort-fse.1.0.2.zip,"2026-04-01 16:31:44",https://wordpress.org/themes/creativ-resort-fse/,6.4,7.4,0
airtheme,AirTheme,1.0.9,1.0.8,https://downloads.wordpress.org/theme/airtheme.1.0.9.zip,"2026-04-01 17:32:52",https://wordpress.org/themes/airtheme/,6.0,7.4,20
avik,Avik,3.1.1,3.0.0,https://downloads.wordpress.org/theme/avik.3.1.1.zip,"2026-04-01 17:16:34",https://wordpress.org/themes/avik/,,5.6,100
fitness-and-gym-wda,"Fitness and Gym WDA",1.0.2,1.0.0,https://downloads.wordpress.org/theme/fitness-and-gym-wda.1.0.2.zip,"2026-04-01 19:13:54",https://wordpress.org/themes/fitness-and-gym-wda/,5.1,5.6,0
cafeteria-elementor,"Cafeteria Elementor",1.1.0,1.0.9,https://downloads.wordpress.org/theme/cafeteria-elementor.1.1.0.zip,"2026-04-02 05:30:45",https://wordpress.org/themes/cafeteria-elementor/,5.6,7.2,100
charitable-trust,"Charitable Trust",1.1.5,1.1.4,https://downloads.wordpress.org/theme/charitable-trust.1.1.5.zip,"2026-04-02 05:30:35",https://wordpress.org/themes/charitable-trust/,5.6,7.2,60
clothing-brand-store,"Clothing Brand Store",0.3.4,0.3.3,https://downloads.wordpress.org/theme/clothing-brand-store.0.3.4.zip,"2026-04-02 05:31:15",https://wordpress.org/themes/clothing-brand-store/,5.6,7.2,100
cultural-festival,"Cultural Festival",1.2.4,1.2.3,https://downloads.wordpress.org/theme/cultural-festival.1.2.4.zip,"2026-04-02 05:29:26",https://wordpress.org/themes/cultural-festival/,5.6,7.2,60
ecommerce-store-elementor,"Ecommerce Store Elementor",1.5.3,1.5.2,https://downloads.wordpress.org/theme/ecommerce-store-elementor.1.5.3.zip,"2026-04-02 05:29:05",https://wordpress.org/themes/ecommerce-store-elementor/,5.6,7.2,300
elemento-startup,"Elemento Startup",0.6.4,0.6.3,https://downloads.wordpress.org/theme/elemento-startup.0.6.4.zip,"2026-04-02 05:35:10",https://wordpress.org/themes/elemento-startup/,5.0,5.6,10
florist-elementor,"Florist Elementor",1.2.5,1.2.4,https://downloads.wordpress.org/theme/florist-elementor.1.2.5.zip,"2026-04-02 05:30:21",https://wordpress.org/themes/florist-elementor/,5.6,7.2,50
mizan-real-estate,"Mizan Real Estate",1.6.8,1.6.7,https://downloads.wordpress.org/theme/mizan-real-estate.1.6.8.zip,"2026-04-02 05:29:18",https://wordpress.org/themes/mizan-real-estate/,5.6,7.2,60
morenews,MoreNews,3.9.6,3.9.5,https://downloads.wordpress.org/theme/morenews.3.9.6.zip,"2026-04-02 05:40:41",https://wordpress.org/themes/morenews/,4.0,5.0,6000
pastry-shop,"Pastry Shop",1.2.0,1.1.9,https://downloads.wordpress.org/theme/pastry-shop.1.2.0.zip,"2026-04-02 05:30:09",https://wordpress.org/themes/pastry-shop/,5.6,7.2,40
poultry-farm,"Poultry Farm",1.2.8,1.2.7,https://downloads.wordpress.org/theme/poultry-farm.1.2.8.zip,"2026-04-02 05:29:59",https://wordpress.org/themes/poultry-farm/,5.6,7.2,100
property-broker,"Property Broker",1.1.3,1.1.2,https://downloads.wordpress.org/theme/property-broker.1.1.3.zip,"2026-04-02 05:31:03",https://wordpress.org/themes/property-broker/,5.6,7.2,20
reviewnews,ReviewNews,1.4.3,1.4.2,https://downloads.wordpress.org/theme/reviewnews.1.4.3.zip,"2026-04-02 05:45:53",https://wordpress.org/themes/reviewnews/,4.0,5.0,1000
trendy-storefront,"Trendy Storefront",1.1,1.0,https://downloads.wordpress.org/theme/trendy-storefront.1.1.zip,"2026-04-02 05:39:15",https://wordpress.org/themes/trendy-storefront/,5.5,5.6,10
unique-blogger,"Unique Blogger",1.2.0,1.1.9,https://downloads.wordpress.org/theme/unique-blogger.1.2.0.zip,"2026-04-02 05:29:12",https://wordpress.org/themes/unique-blogger/,5.6,7.2,80
unique-freelancer-portfolio,"Unique Freelancer Portfolio",1.2.1,1.2.0,https://downloads.wordpress.org/theme/unique-freelancer-portfolio.1.2.1.zip,"2026-04-02 05:29:38",https://wordpress.org/themes/unique-freelancer-portfolio/,5.6,7.2,30
unique-fun-center,"Unique Fun Center",1.5.8,1.5.7,https://downloads.wordpress.org/theme/unique-fun-center.1.5.8.zip,"2026-04-02 05:29:47",https://wordpress.org/themes/unique-fun-center/,5.6,7.2,200
web-agency-elementor,"Web Agency Elementor",0.5.9,0.5.8,https://downloads.wordpress.org/theme/web-agency-elementor.0.5.9.zip,"2026-04-02 05:35:18",https://wordpress.org/themes/web-agency-elementor/,5.0,5.6,100
web-designer-elementor,"Web Designer Elementor",0.6.1,0.6.0,https://downloads.wordpress.org/theme/web-designer-elementor.0.6.1.zip,"2026-04-02 05:35:45",https://wordpress.org/themes/web-designer-elementor/,5.0,5.6,100
web-developer-elementor,"Web Developer Elementor",0.5.9,0.5.8,https://downloads.wordpress.org/theme/web-developer-elementor.0.5.9.zip,"2026-04-02 05:35:29",https://wordpress.org/themes/web-developer-elementor/,5.0,5.6,100
alpha-blocks,"Alpha Blocks",4.3,4.2,https://downloads.wordpress.org/theme/alpha-blocks.4.3.zip,"2026-04-02 06:59:16",https://wordpress.org/themes/alpha-blocks/,5.9,5.6,70
alpha-brunch-cafe,"Alpha Brunch Cafe",4.6,4.5,https://downloads.wordpress.org/theme/alpha-brunch-cafe.4.6.zip,"2026-04-02 06:58:40",https://wordpress.org/themes/alpha-brunch-cafe/,5.9,5.6,70
alpha-business-portfolio,"Alpha Business Portfolio",4.7,4.6,https://downloads.wordpress.org/theme/alpha-business-portfolio.4.7.zip,"2026-04-02 06:56:44",https://wordpress.org/themes/alpha-business-portfolio/,5.9,5.6,100
alpha-business-startup,"Alpha Business Startup",5.5,5.4,https://downloads.wordpress.org/theme/alpha-business-startup.5.5.zip,"2026-04-02 06:55:33",https://wordpress.org/themes/alpha-business-startup/,5.9,5.6,80
alpha-health-coach,"Alpha Health Coach",4.6,4.5,https://downloads.wordpress.org/theme/alpha-health-coach.4.6.zip,"2026-04-02 06:54:43",https://wordpress.org/themes/alpha-health-coach/,5.9,5.6,60
alpha-patterns,"Alpha Patterns",4.2,4.1,https://downloads.wordpress.org/theme/alpha-patterns.4.2.zip,"2026-04-02 06:53:58",https://wordpress.org/themes/alpha-patterns/,5.9,5.6,100
broadnews,BroadNews,5.1.0,5.0.5,https://downloads.wordpress.org/theme/broadnews.5.1.0.zip,"2026-04-02 06:28:18",https://wordpress.org/themes/broadnews/,4.0,5.0,500
business-one-page,"Business One Page",1.3.4,1.3.3,https://downloads.wordpress.org/theme/business-one-page.1.3.4.zip,"2026-04-02 06:02:09",https://wordpress.org/themes/business-one-page/,6.2,7.4,1000
chromenews,ChromeNews,6.1.0,6.0.6,https://downloads.wordpress.org/theme/chromenews.6.1.0.zip,"2026-04-02 06:27:39",https://wordpress.org/themes/chromenews/,4.0,5.0,6000
covernews,CoverNews,6.1.0,6.0.7,https://downloads.wordpress.org/theme/covernews.6.1.0.zip,"2026-04-02 06:26:55",https://wordpress.org/themes/covernews/,4.0,5.0,7000
darknews,DarkNews,3.4.0,3.3.10,https://downloads.wordpress.org/theme/darknews.3.4.0.zip,"2026-04-02 06:26:19",https://wordpress.org/themes/darknews/,4.0,5.0,1000
education-insight,"Education Insight",9.9,9.8,https://downloads.wordpress.org/theme/education-insight.9.9.zip,"2026-04-02 06:14:44",https://wordpress.org/themes/education-insight/,5.0,5.6,300
educator-academy,"Educator Academy",4.4,4.3,https://downloads.wordpress.org/theme/educator-academy.4.4.zip,"2026-04-02 06:52:54",https://wordpress.org/themes/educator-academy/,5.9,5.6,70
elegant-magazine,"Elegant Magazine",4.4.0,4.3.10,https://downloads.wordpress.org/theme/elegant-magazine.4.4.0.zip,"2026-04-02 06:25:39",https://wordpress.org/themes/elegant-magazine/,4.0,5.0,1000
elegant-pink,"Elegant Pink",1.3.5,1.3.4,https://downloads.wordpress.org/theme/elegant-pink.1.3.5.zip,"2026-04-02 06:03:14",https://wordpress.org/themes/elegant-pink/,6.2,7.4,800
english-speaking-classes,"English Speaking Classes",1.0.4,1.0.2,https://downloads.wordpress.org/theme/english-speaking-classes.1.0.4.zip,"2026-04-02 06:33:56",https://wordpress.org/themes/english-speaking-classes/,5.0,7.2,10
enternews,EnterNews,3.4.0,3.3.10,https://downloads.wordpress.org/theme/enternews.3.4.0.zip,"2026-04-02 06:25:05",https://wordpress.org/themes/enternews/,4.0,5.0,1000
expert-mechanic,"Expert Mechanic",0.5.6,0.5.5,https://downloads.wordpress.org/theme/expert-mechanic.0.5.6.zip,"2026-04-02 06:31:10",https://wordpress.org/themes/expert-mechanic/,,7.2,100
fitness-insight,"Fitness Insight",8.8,8.7,https://downloads.wordpress.org/theme/fitness-insight.8.8.zip,"2026-04-02 06:13:11",https://wordpress.org/themes/fitness-insight/,5.0,5.6,100
geschaft-business,"Geschaft Business",6.9,6.8,https://downloads.wordpress.org/theme/geschaft-business.6.9.zip,"2026-04-02 06:12:34",https://wordpress.org/themes/geschaft-business/,,5.6,80
heena-mehndi-artist,"Heena Mehndi Artist",1.0.4,1.0.3,https://downloads.wordpress.org/theme/heena-mehndi-artist.1.0.4.zip,"2026-04-02 06:32:34",https://wordpress.org/themes/heena-mehndi-artist/,5.0,7.2,10
kalon,Kalon,1.3.1,1.3.0,https://downloads.wordpress.org/theme/kalon.1.3.1.zip,"2026-04-02 06:04:07",https://wordpress.org/themes/kalon/,6.2,7.4,200
laundry-master,"Laundry Master",0.5.5,0.5.4,https://downloads.wordpress.org/theme/laundry-master.0.5.5.zip,"2026-04-02 06:31:49",https://wordpress.org/themes/laundry-master/,5.0,7.2,100
magazine-7,"Magazine 7",3.3.0,3.2.7,https://downloads.wordpress.org/theme/magazine-7.3.3.0.zip,"2026-04-02 06:24:28",https://wordpress.org/themes/magazine-7/,4.0,5.0,700
magnitude,Magnitude,3.3.0,3.2.9,https://downloads.wordpress.org/theme/magnitude.3.3.0.zip,"2026-04-02 06:23:51",https://wordpress.org/themes/magnitude/,4.0,5.0,900
medical-care,"Medical Care",11.0.0,10.9,https://downloads.wordpress.org/theme/medical-care.11.0.0.zip,"2026-04-02 06:11:56",https://wordpress.org/themes/medical-care/,5.0,5.6,400
modern-salon,"Modern Salon",1.1.5,1.1.4,https://downloads.wordpress.org/theme/modern-salon.1.1.5.zip,"2026-04-02 06:33:12",https://wordpress.org/themes/modern-salon/,5.0,7.2,0
morenews,MoreNews,3.9.7,3.9.6,https://downloads.wordpress.org/theme/morenews.3.9.7.zip,"2026-04-02 06:36:48",https://wordpress.org/themes/morenews/,4.0,5.0,6000
newscom,NewsCom,1.0.6,1.0.5,https://downloads.wordpress.org/theme/newscom.1.0.6.zip,"2026-04-02 06:40:24",https://wordpress.org/themes/newscom/,4.0,5.0,400
newsever,Newsever,4.4.0,4.3.10,https://downloads.wordpress.org/theme/newsever.4.4.0.zip,"2026-04-02 06:23:17",https://wordpress.org/themes/newsever/,4.0,5.0,1000
newsium,Newsium,4.3.0,4.2.9,https://downloads.wordpress.org/theme/newsium.4.3.0.zip,"2026-04-02 06:22:38",https://wordpress.org/themes/newsium/,4.0,5.0,1000
newsphere,Newsphere,4.5.0,4.4.11,https://downloads.wordpress.org/theme/newsphere.4.5.0.zip,"2026-04-02 06:22:03",https://wordpress.org/themes/newsphere/,4.0,5.0,2000
newsreview,NewsReview,1.0.12,1.0.11,https://downloads.wordpress.org/theme/newsreview.1.0.12.zip,"2026-04-02 06:41:21",https://wordpress.org/themes/newsreview/,4.0,5.0,800
nutrition-diet,"Nutrition Diet",6.8,6.7,https://downloads.wordpress.org/theme/nutrition-diet.6.8.zip,"2026-04-02 06:19:18",https://wordpress.org/themes/nutrition-diet/,5.0,5.6,70
one-login-business,"One Login Business",5.3,5.2,https://downloads.wordpress.org/theme/one-login-business.5.3.zip,"2026-04-02 06:11:21",https://wordpress.org/themes/one-login-business/,,5.6,100
organic-farm,"Organic Farm",3.8,3.7,https://downloads.wordpress.org/theme/organic-farm.3.8.zip,"2026-04-02 06:00:32",https://wordpress.org/themes/organic-farm/,5.0,5.6,600
ovation-blog,"Ovation Blog",9.1,8.9,https://downloads.wordpress.org/theme/ovation-blog.9.1.zip,"2026-04-02 05:58:58",https://wordpress.org/themes/ovation-blog/,5.0,5.6,100
personal-gym-trainer,"Personal Gym Trainer",6.4,6.3,https://downloads.wordpress.org/theme/personal-gym-trainer.6.4.zip,"2026-04-02 06:18:43",https://wordpress.org/themes/personal-gym-trainer/,5.0,5.6,20
posterity,Posterity,4.5,4.4,https://downloads.wordpress.org/theme/posterity.4.5.zip,"2026-04-02 07:09:57",https://wordpress.org/themes/posterity/,,5.6,2000
responsive-blogger,"Responsive Blogger",7.6,7.5,https://downloads.wordpress.org/theme/responsive-blogger.7.6.zip,"2026-04-02 05:58:17",https://wordpress.org/themes/responsive-blogger/,5.0,5.6,80
reviewmag,ReviewMag,1.0.10,1.0.9,https://downloads.wordpress.org/theme/reviewmag.1.0.10.zip,"2026-04-02 06:41:44",https://wordpress.org/themes/reviewmag/,4.0,5.0,300
reviewnews,ReviewNews,1.4.4,1.4.3,https://downloads.wordpress.org/theme/reviewnews.1.4.4.zip,"2026-04-02 06:37:31",https://wordpress.org/themes/reviewnews/,4.0,5.0,1000
shopical,Shopical,2.5.0,2.4.0,https://downloads.wordpress.org/theme/shopical.2.5.0.zip,"2026-04-02 06:21:16",https://wordpress.org/themes/shopical/,,5.0,400
social-care-charity,"Social Care Charity",4.4,4.3,https://downloads.wordpress.org/theme/social-care-charity.4.4.zip,"2026-04-02 07:04:10",https://wordpress.org/themes/social-care-charity/,5.9,5.6,100
the-minimal,"The Minimal",1.3.1,1.3.0,https://downloads.wordpress.org/theme/the-minimal.1.3.1.zip,"2026-04-02 06:05:03",https://wordpress.org/themes/the-minimal/,6.2,7.4,700
toy-storefront,"Toy Storefront",4.4,4.3,https://downloads.wordpress.org/theme/toy-storefront.4.4.zip,"2026-04-02 07:00:09",https://wordpress.org/themes/toy-storefront/,5.9,5.6,100
travel-diaries,"Travel Diaries",1.2.6,1.2.5,https://downloads.wordpress.org/theme/travel-diaries.1.2.6.zip,"2026-04-02 06:06:32",https://wordpress.org/themes/travel-diaries/,6.2,7.4,200
travel-holiday-spots,"Travel Holiday Spots",3.7,3.6,https://downloads.wordpress.org/theme/travel-holiday-spots.3.7.zip,"2026-04-02 07:01:16",https://wordpress.org/themes/travel-holiday-spots/,5.9,5.6,70
yoga-coach,"Yoga Coach",7.1,7.0,https://downloads.wordpress.org/theme/yoga-coach.7.1.zip,"2026-04-02 06:17:09",https://wordpress.org/themes/yoga-coach/,5.0,5.6,70
yoga-studio,"Yoga Studio",7.8,7.7,https://downloads.wordpress.org/theme/yoga-studio.7.8.zip,"2026-04-02 06:16:27",https://wordpress.org/themes/yoga-studio/,5.0,5.6,100
aster-gym-trainer,"Aster Gym Trainer",2.0,1.9,https://downloads.wordpress.org/theme/aster-gym-trainer.2.0.zip,"2026-04-02 09:22:57",https://wordpress.org/themes/aster-gym-trainer/,,7.2,20
aster-storefront,"Aster Storefront",5.4,5.3,https://downloads.wordpress.org/theme/aster-storefront.5.4.zip,"2026-04-02 09:22:20",https://wordpress.org/themes/aster-storefront/,,7.4,100
aster-vlogger,"Aster Vlogger",5.5,5.4,https://downloads.wordpress.org/theme/aster-vlogger.5.5.zip,"2026-04-02 09:19:45",https://wordpress.org/themes/aster-vlogger/,,7.2,50
coffee-bistro,"Coffee Bistro",5.3,5.2,https://downloads.wordpress.org/theme/coffee-bistro.5.3.zip,"2026-04-02 09:28:08",https://wordpress.org/themes/coffee-bistro/,,7.2,30
corporate-solutions,"Corporate Solutions",5.1,5.0,https://downloads.wordpress.org/theme/corporate-solutions.5.1.zip,"2026-04-02 09:27:33",https://wordpress.org/themes/corporate-solutions/,,7.2,20
dark-fitness,"Dark Fitness",2.1,2.0,https://downloads.wordpress.org/theme/dark-fitness.2.1.zip,"2026-04-02 09:21:30",https://wordpress.org/themes/dark-fitness/,,7.2,60
ecommerce-online-store,"Ecommerce Online Store",5.3,5.2,https://downloads.wordpress.org/theme/ecommerce-online-store.5.3.zip,"2026-04-02 09:26:57",https://wordpress.org/themes/ecommerce-online-store/,,7.2,90
electromix-tech,"Electromix Tech",0.2,0.1,https://downloads.wordpress.org/theme/electromix-tech.0.2.zip,"2026-04-02 09:40:07",https://wordpress.org/themes/electromix-tech/,,5.6,0
florist-bouquet,"Florist Bouquet",5.4,5.3,https://downloads.wordpress.org/theme/florist-bouquet.5.4.zip,"2026-04-02 09:29:10",https://wordpress.org/themes/florist-bouquet/,,7.2,50
home-renovation-expert,"Home Renovation Expert",0.1.2,0.1.1,https://downloads.wordpress.org/theme/home-renovation-expert.0.1.2.zip,"2026-04-02 09:24:13",https://wordpress.org/themes/home-renovation-expert/,5.3,7.2,10
miniworld-kindergarten,"Miniworld kindergarten",0.1.4,0.1.3,https://downloads.wordpress.org/theme/miniworld-kindergarten.0.1.4.zip,"2026-04-02 09:23:39",https://wordpress.org/themes/miniworld-kindergarten/,5.3,7.2,20
mirrors-interior,"Mirrors Interior",5.2,5.1,https://downloads.wordpress.org/theme/mirrors-interior.5.2.zip,"2026-04-02 09:25:22",https://wordpress.org/themes/mirrors-interior/,,7.2,20
recipes-blog,"Recipes Blog",5.5,5.4,https://downloads.wordpress.org/theme/recipes-blog.5.5.zip,"2026-04-02 09:28:39",https://wordpress.org/themes/recipes-blog/,,7.2,100
resort-motel,"Resort Motel",5.4,5.3,https://downloads.wordpress.org/theme/resort-motel.5.4.zip,"2026-04-02 09:23:33",https://wordpress.org/themes/resort-motel/,,7.2,40
social-blog,"Social Blog",5.2,5.1,https://downloads.wordpress.org/theme/social-blog.5.2.zip,"2026-04-02 09:24:26",https://wordpress.org/themes/social-blog/,,7.2,70
apparel-ecommerce-store,"Apparel Ecommerce Store",3.1.8,3.1.7,https://downloads.wordpress.org/theme/apparel-ecommerce-store.3.1.8.zip,"2026-04-02 10:20:08",https://wordpress.org/themes/apparel-ecommerce-store/,5.9,5.6,80
avenza,Avenza,2.0.8,2.0.7,https://downloads.wordpress.org/theme/avenza.2.0.8.zip,"2026-04-02 10:28:05",https://wordpress.org/themes/avenza/,,5.6,80
avitech,Avitech,17.9,17.8,https://downloads.wordpress.org/theme/avitech.17.9.zip,"2026-04-02 10:29:12",https://wordpress.org/themes/avitech/,4.7,5.6,200
avtari,Avtari,17.9,17.8,https://downloads.wordpress.org/theme/avtari.17.9.zip,"2026-04-02 10:29:39",https://wordpress.org/themes/avtari/,4.7,5.6,100
azwa,Azwa,18.0,17.9,https://downloads.wordpress.org/theme/azwa.18.0.zip,"2026-04-02 10:30:00",https://wordpress.org/themes/azwa/,4.7,5.6,200
cormex,Cormex,10.4,10.3,https://downloads.wordpress.org/theme/cormex.10.4.zip,"2026-04-02 10:30:35",https://wordpress.org/themes/cormex/,,5.6,30
digital-services-agency,"Digital Services Agency",3.2.1,3.2.0,https://downloads.wordpress.org/theme/digital-services-agency.3.2.1.zip,"2026-04-02 10:18:35",https://wordpress.org/themes/digital-services-agency/,5.9,5.6,100
dropshipping-shop,"Dropshipping Shop",1.4.5,1.4.4,https://downloads.wordpress.org/theme/dropshipping-shop.1.4.5.zip,"2026-04-02 10:41:24",https://wordpress.org/themes/dropshipping-shop/,5.9,5.6,100
envira,Envira,17.9,17.8,https://downloads.wordpress.org/theme/envira.17.9.zip,"2026-04-02 10:31:15",https://wordpress.org/themes/envira/,4.7,5.6,200
fiona-news,"Fiona News",18.1,18.0,https://downloads.wordpress.org/theme/fiona-news.18.1.zip,"2026-04-02 10:32:02",https://wordpress.org/themes/fiona-news/,4.7,5.6,60
fse-business,"FSE Business",4.1.4,4.1.3,https://downloads.wordpress.org/theme/fse-business.4.1.4.zip,"2026-04-02 10:19:20",https://wordpress.org/themes/fse-business/,5.9,5.6,100
fse-freelancer-portfolio,"FSE Freelancer Portfolio",3.1.8,3.1.7,https://downloads.wordpress.org/theme/fse-freelancer-portfolio.3.1.8.zip,"2026-04-02 10:16:51",https://wordpress.org/themes/fse-freelancer-portfolio/,5.9,5.6,100
legal-counselor,"Legal Counselor",1.3.5,1.3.4,https://downloads.wordpress.org/theme/legal-counselor.1.3.5.zip,"2026-04-02 10:23:18",https://wordpress.org/themes/legal-counselor/,5.9,5.6,100
lighting-fixtures,"Lighting Fixtures",3.1.9,3.1.8,https://downloads.wordpress.org/theme/lighting-fixtures.3.1.9.zip,"2026-04-02 10:17:52",https://wordpress.org/themes/lighting-fixtures/,5.9,5.6,90
mining-logistic,"Mining Logistic",1.2.2,1.2.1,https://downloads.wordpress.org/theme/mining-logistic.1.2.2.zip,"2026-04-02 10:42:29",https://wordpress.org/themes/mining-logistic/,5.9,5.6,500
news25-breaking,"News25 Breaking",2.1,2.0,https://downloads.wordpress.org/theme/news25-breaking.2.1.zip,"2026-04-02 10:32:31",https://wordpress.org/themes/news25-breaking/,4.7,5.6,100
novel-writer,"Novel Writer",2.2.2,2.2.1,https://downloads.wordpress.org/theme/novel-writer.2.2.2.zip,"2026-04-02 10:24:03",https://wordpress.org/themes/novel-writer/,5.9,5.6,100
online-documentation,"Online Documentation",2.0.4,2.0.3,https://downloads.wordpress.org/theme/online-documentation.2.0.4.zip,"2026-04-02 10:43:01",https://wordpress.org/themes/online-documentation/,5.9,5.6,300
physical-therapy,"Physical Therapy",2.2.0,2.1.9,https://downloads.wordpress.org/theme/physical-therapy.2.2.0.zip,"2026-04-02 10:21:39",https://wordpress.org/themes/physical-therapy/,5.9,5.6,90
profolio,Profolio,10.0,9.9,https://downloads.wordpress.org/theme/profolio.10.0.zip,"2026-04-02 10:32:51",https://wordpress.org/themes/profolio/,,5.6,70
resort-hotel-inn,"Resort Hotel Inn",3.2.0,3.1.9,https://downloads.wordpress.org/theme/resort-hotel-inn.3.2.0.zip,"2026-04-02 10:15:18",https://wordpress.org/themes/resort-hotel-inn/,5.9,5.6,100
sales-landing-page,"Sales Landing Page",1.1.6,1.1.5,https://downloads.wordpress.org/theme/sales-landing-page.1.1.6.zip,"2026-04-02 10:43:15",https://wordpress.org/themes/sales-landing-page/,5.9,5.6,200
seo-marketing-agency,"SEO Marketing Agency",3.2.3,3.2.2,https://downloads.wordpress.org/theme/seo-marketing-agency.3.2.3.zip,"2026-04-02 10:20:52",https://wordpress.org/themes/seo-marketing-agency/,5.9,5.6,40
signify-blocks,"Signify Blocks",3.0,2.0.1,https://downloads.wordpress.org/theme/signify-blocks.3.0.zip,"2026-04-02 10:28:31",https://wordpress.org/themes/signify-blocks/,5.9,5.6,200
tailor-stylist,"Tailor Stylist",3.1.6,3.1.5,https://downloads.wordpress.org/theme/tailor-stylist.3.1.6.zip,"2026-04-02 10:16:08",https://wordpress.org/themes/tailor-stylist/,5.9,5.6,60
techine,Techine,17.9,17.8,https://downloads.wordpress.org/theme/techine.17.9.zip,"2026-04-02 10:33:16",https://wordpress.org/themes/techine/,4.7,5.6,100
thai-spa,"Thai Spa",18.1,18.0,https://downloads.wordpress.org/theme/thai-spa.18.1.zip,"2026-04-02 10:33:37",https://wordpress.org/themes/thai-spa/,4.7,5.6,300
timeblog,TimeBlog,14.1,14.0,https://downloads.wordpress.org/theme/timeblog.14.1.zip,"2026-04-02 10:33:57",https://wordpress.org/themes/timeblog/,4.7,5.6,100
translation-service,"Translation Service",1.3.4,1.3.3,https://downloads.wordpress.org/theme/translation-service.1.3.4.zip,"2026-04-02 10:41:49",https://wordpress.org/themes/translation-service/,5.9,5.6,70
venture-capital-firm,"Venture Capital Firm",1.2.0,1.1.9,https://downloads.wordpress.org/theme/venture-capital-firm.1.2.0.zip,"2026-04-02 10:49:24",https://wordpress.org/themes/venture-capital-firm/,5.9,5.6,40
veterinary-hospital,"Veterinary Hospital",1.2.2,1.2.1,https://downloads.wordpress.org/theme/veterinary-hospital.1.2.2.zip,"2026-04-02 10:42:10",https://wordpress.org/themes/veterinary-hospital/,5.9,5.6,100
vw-cloud-kitchen,"VW Cloud Kitchen",1.3.5,1.3.4,https://downloads.wordpress.org/theme/vw-cloud-kitchen.1.3.5.zip,"2026-04-02 10:50:40",https://wordpress.org/themes/vw-cloud-kitchen/,5.9,5.6,100
webaura,WebAura,2.4,2.3,https://downloads.wordpress.org/theme/webaura.2.4.zip,"2026-04-02 10:35:16",https://wordpress.org/themes/webaura/,4.7,5.6,90
websy,Websy,4.1,4.0,https://downloads.wordpress.org/theme/websy.4.1.zip,"2026-04-02 10:35:37",https://wordpress.org/themes/websy/,4.7,5.6,200
yoga-master,"Yoga Master",1.3.4,1.3.3,https://downloads.wordpress.org/theme/yoga-master.1.3.4.zip,"2026-04-02 10:22:24",https://wordpress.org/themes/yoga-master/,5.9,5.6,70
newspare,NewSpare,3.1.2,3.1.1,https://downloads.wordpress.org/theme/newspare.3.1.2.zip,"2026-04-02 11:42:50",https://wordpress.org/themes/newspare/,5.0,5.0,100
vw-education-lite,"VW Education Lite",2.2.3,2.2.2,https://downloads.wordpress.org/theme/vw-education-lite.2.2.3.zip,"2026-04-02 11:32:36",https://wordpress.org/themes/vw-education-lite/,5.0,7.2,100
vw-fitness,"VW Fitness",4.3.7,4.3.6,https://downloads.wordpress.org/theme/vw-fitness.4.3.7.zip,"2026-04-02 11:32:36",https://wordpress.org/themes/vw-fitness/,5.0,7.2,100
ecommerce-bazaar,"Ecommerce Bazaar",3.4,3.3,https://downloads.wordpress.org/theme/ecommerce-bazaar.3.4.zip,"2026-04-02 13:06:40",https://wordpress.org/themes/ecommerce-bazaar/,5.5,5.6,90
lawyer-consultant,"Lawyer Consultant",3.3,3.2,https://downloads.wordpress.org/theme/lawyer-consultant.3.3.zip,"2026-04-02 13:07:33",https://wordpress.org/themes/lawyer-consultant/,5.5,5.6,90
legacy-book-club,"Legacy Book Club",3.5,3.4,https://downloads.wordpress.org/theme/legacy-book-club.3.5.zip,"2026-04-02 13:08:13",https://wordpress.org/themes/legacy-book-club/,5.5,5.6,70
legacy-medical-appointment,"Legacy Medical Appointment",3.4,3.3,https://downloads.wordpress.org/theme/legacy-medical-appointment.3.4.zip,"2026-04-02 13:08:55",https://wordpress.org/themes/legacy-medical-appointment/,5.5,5.6,30
online-education-classes,"Online Education Classes",2.7,2.6,https://downloads.wordpress.org/theme/online-education-classes.2.7.zip,"2026-04-02 13:09:30",https://wordpress.org/themes/online-education-classes/,5.5,5.6,200
quantic,Quantic,3.1,3.0,https://downloads.wordpress.org/theme/quantic.3.1.zip,"2026-04-02 13:10:54",https://wordpress.org/themes/quantic/,5.5,5.6,20
rufous,Rufous,1.0.69,1.0.49,https://downloads.wordpress.org/theme/rufous.1.0.69.zip,"2026-04-02 12:55:22",https://wordpress.org/themes/rufous/,5.8,7.1,10000
scholarsgate,ScholarsGate,3.0,2.9,https://downloads.wordpress.org/theme/scholarsgate.3.0.zip,"2026-04-02 13:12:03",https://wordpress.org/themes/scholarsgate/,5.5,5.6,20
technical-blogging,"Technical Blogging",3.2,3.1,https://downloads.wordpress.org/theme/technical-blogging.3.2.zip,"2026-04-02 13:12:50",https://wordpress.org/themes/technical-blogging/,5.5,5.6,100
ticket-booking,"Ticket Booking",3.0,2.9,https://downloads.wordpress.org/theme/ticket-booking.3.0.zip,"2026-04-02 13:13:39",https://wordpress.org/themes/ticket-booking/,5.5,5.6,80
unique-gift-shop,"Unique Gift Shop",2.7,2.6,https://downloads.wordpress.org/theme/unique-gift-shop.2.7.zip,"2026-04-02 13:14:24",https://wordpress.org/themes/unique-gift-shop/,5.5,5.6,100
animal-caretaker,"Animal Caretaker",3.8.2,3.8.1,https://downloads.wordpress.org/theme/animal-caretaker.3.8.2.zip,"2026-04-02 14:58:02",https://wordpress.org/themes/animal-caretaker/,,7.2,30
cargo-ships,"Cargo Ships",9.8.2,9.8.1,https://downloads.wordpress.org/theme/cargo-ships.9.8.2.zip,"2026-04-02 14:56:58",https://wordpress.org/themes/cargo-ships/,,7.2,60
education-skill-development,"Education Skill Development",9.7.2,9.7.1,https://downloads.wordpress.org/theme/education-skill-development.9.7.2.zip,"2026-04-02 14:55:52",https://wordpress.org/themes/education-skill-development/,,7.2,100
elite-construction-industry,"Elite Construction Industry",11.6.2,11.6.1,https://downloads.wordpress.org/theme/elite-construction-industry.11.6.2.zip,"2026-04-02 14:54:57",https://wordpress.org/themes/elite-construction-industry/,,7.2,30
elite-creative-agency,"Elite Creative Agency",4.2.2,4.2.1,https://downloads.wordpress.org/theme/elite-creative-agency.4.2.2.zip,"2026-04-02 14:53:18",https://wordpress.org/themes/elite-creative-agency/,,7.2,30
elite-security-guard,"Elite Security Guard",4.6.2,4.6.1,https://downloads.wordpress.org/theme/elite-security-guard.4.6.2.zip,"2026-04-02 14:52:29",https://wordpress.org/themes/elite-security-guard/,,7.2,80
flight-booking,"Flight Booking",7.9.2,7.9.1,https://downloads.wordpress.org/theme/flight-booking.7.9.2.zip,"2026-04-02 14:51:24",https://wordpress.org/themes/flight-booking/,,7.2,30
gym-workout,"Gym Workout",3.9.2,3.9.1,https://downloads.wordpress.org/theme/gym-workout.3.9.2.zip,"2026-04-02 14:50:25",https://wordpress.org/themes/gym-workout/,,7.2,40
home-decor-shop,"Home Decor Shop",4.5.2,4.5.1,https://downloads.wordpress.org/theme/home-decor-shop.4.5.2.zip,"2026-04-02 14:49:41",https://wordpress.org/themes/home-decor-shop/,,7.2,40
real-estate-property,"Real Estate Property",7.4.2,7.4.1,https://downloads.wordpress.org/theme/real-estate-property.7.4.2.zip,"2026-04-02 14:48:44",https://wordpress.org/themes/real-estate-property/,,7.2,100
simplehomepage,SimpleHomepage,7.41.1,7.40.0,https://downloads.wordpress.org/theme/simplehomepage.7.41.1.zip,"2026-04-02 14:30:45",https://wordpress.org/themes/simplehomepage/,,7.2,100
blogbull,BlogBull,1.1.1,1.1.0,https://downloads.wordpress.org/theme/blogbull.1.1.1.zip,"2026-04-02 16:00:21",https://wordpress.org/themes/blogbull/,5.9,5.6,100
garden-landscaping-coach,"Garden Landscaping Coach",0.3.3,0.3.2,https://downloads.wordpress.org/theme/garden-landscaping-coach.0.3.3.zip,"2026-04-02 16:00:11",https://wordpress.org/themes/garden-landscaping-coach/,,5.6,40
personal-lawyer,"Personal Lawyer",0.3,0.2.9,https://downloads.wordpress.org/theme/personal-lawyer.0.3.zip,"2026-04-02 16:02:36",https://wordpress.org/themes/personal-lawyer/,,5.6,40
curawell,CuraWell,1.0.2,1.0.1,https://downloads.wordpress.org/theme/curawell.1.0.2.zip,"2026-04-02 17:38:26",https://wordpress.org/themes/curawell/,6.4,7.4,10
education-reform,"Education Reform",1.4.0,1.3.9,https://downloads.wordpress.org/theme/education-reform.1.4.0.zip,"2026-04-02 17:31:54",https://wordpress.org/themes/education-reform/,5.3,7.2,90
medical-care-unit,"Medical Care Unit",1.4.1,1.4.0,https://downloads.wordpress.org/theme/medical-care-unit.1.4.1.zip,"2026-04-02 17:20:43",https://wordpress.org/themes/medical-care-unit/,5.3,7.2,90
omega-blogs,"Omega Blogs",1.4.9,1.4.8,https://downloads.wordpress.org/theme/omega-blogs.1.4.9.zip,"2026-04-02 17:19:52",https://wordpress.org/themes/omega-blogs/,5.3,7.2,70
omega-hair-salon,"Omega Hair Salon",1.2.9,1.2.8,https://downloads.wordpress.org/theme/omega-hair-salon.1.2.9.zip,"2026-04-02 17:30:59",https://wordpress.org/themes/omega-hair-salon/,5.3,7.2,20
omega-jewelry-store,"Omega Jewelry Store",1.4.0,1.3.9,https://downloads.wordpress.org/theme/omega-jewelry-store.1.4.0.zip,"2026-04-02 17:18:36",https://wordpress.org/themes/omega-jewelry-store/,5.3,7.2,200
omega-online-store,"Omega Online Store",1.3.0,1.2.9,https://downloads.wordpress.org/theme/omega-online-store.1.3.0.zip,"2026-04-02 17:26:09",https://wordpress.org/themes/omega-online-store/,5.3,7.2,100
packers-movers-company,"Packers Movers Company",1.4.1,1.4.0,https://downloads.wordpress.org/theme/packers-movers-company.1.4.1.zip,"2026-04-02 17:17:38",https://wordpress.org/themes/packers-movers-company/,5.3,7.2,70
restaurant-culinary,"Restaurant Culinary",1.2.8,1.2.7,https://downloads.wordpress.org/theme/restaurant-culinary.1.2.8.zip,"2026-04-02 17:27:42",https://wordpress.org/themes/restaurant-culinary/,5.3,5.6,100
skin-care-solutions,"Skin Care Solutions",1.3.2,1.3.1,https://downloads.wordpress.org/theme/skin-care-solutions.1.3.2.zip,"2026-04-02 17:29:41",https://wordpress.org/themes/skin-care-solutions/,5.3,5.6,80
solar-energy-engine,"Solar Energy Engine",1.3.9,1.3.8,https://downloads.wordpress.org/theme/solar-energy-engine.1.3.9.zip,"2026-04-02 17:16:34",https://wordpress.org/themes/solar-energy-engine/,5.4,7.2,70
storefront-eshop,"Storefront Eshop",1.3.9,1.3.8,https://downloads.wordpress.org/theme/storefront-eshop.1.3.9.zip,"2026-04-02 17:22:48",https://wordpress.org/themes/storefront-eshop/,5.3,5.6,80
trucking-company,"Trucking Company",1.3.2,1.3.1,https://downloads.wordpress.org/theme/trucking-company.1.3.2.zip,"2026-04-02 17:22:02",https://wordpress.org/themes/trucking-company/,5.3,5.6,80
vantage,Vantage,1.20.33,1.20.32,https://downloads.wordpress.org/theme/vantage.1.20.33.zip,"2026-04-02 19:53:00",https://wordpress.org/themes/vantage/,4.7,5.6.20,40000
simplehomepage,SimpleHomepage,7.41.2,7.41.1,https://downloads.wordpress.org/theme/simplehomepage.7.41.2.zip,"2026-04-03 01:38:27",https://wordpress.org/themes/simplehomepage/,,7.2,100
book-store-cart,"Book Store Cart",1.0.1,,https://downloads.wordpress.org/theme/book-store-cart.1.0.1.zip,"2026-04-03 02:32:01",https://wordpress.org/themes/book-store-cart/,5.9,8.3,0
laundry-cleaning,"Laundry Cleaning",1.0.0,,https://downloads.wordpress.org/theme/laundry-cleaning.1.0.0.zip,"2026-04-03 03:01:10",https://wordpress.org/themes/laundry-cleaning/,6.1,5.6,0
university-campus,"University Campus",1.0.5,,https://downloads.wordpress.org/theme/university-campus.1.0.5.zip,"2026-04-03 02:32:23",https://wordpress.org/themes/university-campus/,6.9,7.4,0
vw-locksmith,"VW Locksmith",0.1.1,,https://downloads.wordpress.org/theme/vw-locksmith.0.1.1.zip,"2026-04-03 03:16:05",https://wordpress.org/themes/vw-locksmith/,5.0,7.2,0
affiliate-store,"Affiliate Store",0.3.9,0.3.8,https://downloads.wordpress.org/theme/affiliate-store.0.3.9.zip,"2026-04-03 05:29:38",https://wordpress.org/themes/affiliate-store/,5.0,5.6,200
animal-clinic,"Animal Clinic",0.3.1,0.2,https://downloads.wordpress.org/theme/animal-clinic.0.3.1.zip,"2026-04-03 05:30:20",https://wordpress.org/themes/animal-clinic/,5.0,5.6,10
apartment-rental-services,"Apartment Rental Services",0.3.6,0.3.5,https://downloads.wordpress.org/theme/apartment-rental-services.0.3.6.zip,"2026-04-03 05:31:26",https://wordpress.org/themes/apartment-rental-services/,5.0,5.6,50
astronomy-store,"Astronomy Store",0.9.5,0.9.4,https://downloads.wordpress.org/theme/astronomy-store.0.9.5.zip,"2026-04-03 05:32:41",https://wordpress.org/themes/astronomy-store/,5.0,5.6,100
ayurvedic-medicine,"Ayurvedic Medicine",0.2.6,0.2.5,https://downloads.wordpress.org/theme/ayurvedic-medicine.0.2.6.zip,"2026-04-03 05:32:47",https://wordpress.org/themes/ayurvedic-medicine/,5.0,5.6,100
bicycle-repair-shop,"Bicycle Repair Shop",1.5.3,1.5.2,https://downloads.wordpress.org/theme/bicycle-repair-shop.1.5.3.zip,"2026-04-03 05:33:27",https://wordpress.org/themes/bicycle-repair-shop/,5.0,5.6,60
blood-donation-campaign,"Blood Donation Campaign",0.3.2,0.3.1,https://downloads.wordpress.org/theme/blood-donation-campaign.0.3.2.zip,"2026-04-03 05:34:40",https://wordpress.org/themes/blood-donation-campaign/,5.0,5.6,20
broker-consultants,"Broker Consultants",1.2.6,1.2.5,https://downloads.wordpress.org/theme/broker-consultants.1.2.6.zip,"2026-04-03 05:35:26",https://wordpress.org/themes/broker-consultants/,5.0,5.6,20
building-contractor,"Building Contractor",1.4.6,1.4.5,https://downloads.wordpress.org/theme/building-contractor.1.4.6.zip,"2026-04-03 05:36:15",https://wordpress.org/themes/building-contractor/,5.0,5.6,80
business-incubator,"Business Incubator",0.2.6,0.2.5,https://downloads.wordpress.org/theme/business-incubator.0.2.6.zip,"2026-04-03 05:36:35",https://wordpress.org/themes/business-incubator/,5.0,5.6,40
pizza-parlor,"Pizza Parlor",1.2.4,1.2.3,https://downloads.wordpress.org/theme/pizza-parlor.1.2.4.zip,"2026-04-03 03:59:37",https://wordpress.org/themes/pizza-parlor/,6.0,7.2,20
plumbing-services,"Plumbing Services",1.2.8,1.2.7,https://downloads.wordpress.org/theme/plumbing-services.1.2.8.zip,"2026-04-03 03:58:25",https://wordpress.org/themes/plumbing-services/,6.0,7.2,30
renovation-roofing,"Renovation Roofing",1.3.7,1.3.6,https://downloads.wordpress.org/theme/renovation-roofing.1.3.7.zip,"2026-04-03 03:57:25",https://wordpress.org/themes/renovation-roofing/,6.0,7.2,0
revolution-video-vlog,"Revolution Video Vlog",2.4.8,2.4.7,https://downloads.wordpress.org/theme/revolution-video-vlog.2.4.8.zip,"2026-04-03 03:56:50",https://wordpress.org/themes/revolution-video-vlog/,6.0,7.2,70
senior-care-charity,"Senior Care Charity",1.3.9,1.3.8,https://downloads.wordpress.org/theme/senior-care-charity.1.3.9.zip,"2026-04-03 03:56:01",https://wordpress.org/themes/senior-care-charity/,6.0,7.2,60
seo-specialist,"SEO Specialist",2.5.9,2.5.7,https://downloads.wordpress.org/theme/seo-specialist.2.5.9.zip,"2026-04-03 03:55:18",https://wordpress.org/themes/seo-specialist/,5.5,7.2,20
supermarket-store,"Supermarket Store",1.3.9,1.3.8,https://downloads.wordpress.org/theme/supermarket-store.1.3.9.zip,"2026-04-03 03:54:16",https://wordpress.org/themes/supermarket-store/,6.0,7.2,70
the-storefront-woocommerce,"The Storefront Woocommerce",2.0,1.9,https://downloads.wordpress.org/theme/the-storefront-woocommerce.2.0.zip,"2026-04-03 03:52:35",https://wordpress.org/themes/the-storefront-woocommerce/,5.5,5.6,400
vr-games,"VR Games",0.2.3,0.2.2,https://downloads.wordpress.org/theme/vr-games.0.2.3.zip,"2026-04-03 05:48:03",https://wordpress.org/themes/vr-games/,5.0,7.2,90
warehouse-cargo,"Warehouse Cargo",2.6.3,2.6.2,https://downloads.wordpress.org/theme/warehouse-cargo.2.6.3.zip,"2026-04-03 05:47:08",https://wordpress.org/themes/warehouse-cargo/,5.0,7.2,100
watch-store-shop,"Watch Store Shop",0.0.4,0.0.3,https://downloads.wordpress.org/theme/watch-store-shop.0.0.4.zip,"2026-04-03 05:45:48",https://wordpress.org/themes/watch-store-shop/,5.0,7.2,40
water-delivery-services,"Water Delivery Services",0.2.2,0.2.1,https://downloads.wordpress.org/theme/water-delivery-services.0.2.2.zip,"2026-04-03 05:45:06",https://wordpress.org/themes/water-delivery-services/,5.0,7.2,40
weight-loss-trainer,"Weight Loss Trainer",0.5,0.4.9,https://downloads.wordpress.org/theme/weight-loss-trainer.0.5.zip,"2026-04-03 05:44:10",https://wordpress.org/themes/weight-loss-trainer/,5.0,7.2,20
wooden-furniture,"Wooden Furniture",0.2.7,0.2.6,https://downloads.wordpress.org/theme/wooden-furniture.0.2.7.zip,"2026-04-03 05:43:16",https://wordpress.org/themes/wooden-furniture/,5.0,7.2,40
wp-fashion-storefront,"WP Fashion Storefront",2.1.0,2.0.9,https://downloads.wordpress.org/theme/wp-fashion-storefront.2.1.0.zip,"2026-04-03 03:52:03",https://wordpress.org/themes/wp-fashion-storefront/,6.0,7.2,30
wp-shop-woocommerce,"WP Shop Woocommerce",2.1.2,2.1.1,https://downloads.wordpress.org/theme/wp-shop-woocommerce.2.1.2.zip,"2026-04-03 03:50:28",https://wordpress.org/themes/wp-shop-woocommerce/,5.5,5.6,200
advance-blogging,"Advance Blogging",1.9.3,1.9.2,https://downloads.wordpress.org/theme/advance-blogging.1.9.3.zip,"2026-04-03 06:08:20",https://wordpress.org/themes/advance-blogging/,5.0,7.2,100
adventure-tourism,"Adventure Tourism",0.2.3,0.2.1,https://downloads.wordpress.org/theme/adventure-tourism.0.2.3.zip,"2026-04-03 05:56:21",https://wordpress.org/themes/adventure-tourism/,5.0,7.2,40
art-gallery-museum,"Art Gallery Museum",0.9.1,0.9.0,https://downloads.wordpress.org/theme/art-gallery-museum.0.9.1.zip,"2026-04-03 06:08:33",https://wordpress.org/themes/art-gallery-museum/,5.0,7.2,100
artist-art-gallery,"Artist Art Gallery",1.3.7,1.3.6,https://downloads.wordpress.org/theme/artist-art-gallery.1.3.7.zip,"2026-04-03 06:43:43",https://wordpress.org/themes/artist-art-gallery/,6.0,7.2,300
baker-shop,"Baker Shop",1.0.3,1.0.1,https://downloads.wordpress.org/theme/baker-shop.1.0.3.zip,"2026-04-03 06:36:39",https://wordpress.org/themes/baker-shop/,5.0,7.2,20
book-publisher,"Book Publisher",0.6.2,0.6.1,https://downloads.wordpress.org/theme/book-publisher.0.6.2.zip,"2026-04-03 05:55:35",https://wordpress.org/themes/book-publisher/,5.0,7.2,200
cargo-transport,"Cargo Transport",1.8.3,1.8.2,https://downloads.wordpress.org/theme/cargo-transport.1.8.3.zip,"2026-04-03 06:08:30",https://wordpress.org/themes/cargo-transport/,5.0,5.6,100
clothes-rental-services,"Clothes Rental Services",0.2.4,0.2.2,https://downloads.wordpress.org/theme/clothes-rental-services.0.2.4.zip,"2026-04-03 06:35:47",https://wordpress.org/themes/clothes-rental-services/,5.0,7.2,10
custom-print-shop,"Custom Print Shop",0.5.6,0.5.5,https://downloads.wordpress.org/theme/custom-print-shop.0.5.6.zip,"2026-04-03 06:09:42",https://wordpress.org/themes/custom-print-shop/,5.0,7.2,200
digital-advertising,"Digital Advertising",0.8.8,0.8.7,https://downloads.wordpress.org/theme/digital-advertising.0.8.8.zip,"2026-04-03 06:09:42",https://wordpress.org/themes/digital-advertising/,5.0,7.2,100
digital-storefront,"Digital Storefront",0.7.8,0.7.7,https://downloads.wordpress.org/theme/digital-storefront.0.7.8.zip,"2026-04-03 05:53:20",https://wordpress.org/themes/digital-storefront/,5.0,7.2,90
dog-breeder,"Dog Breeder",0.6.6,0.6.5,https://downloads.wordpress.org/theme/dog-breeder.0.6.6.zip,"2026-04-03 05:51:59",https://wordpress.org/themes/dog-breeder/,5.0,7.2,200
ecommerce-gadget-store,"Ecommerce Gadget Store",1.2.0,1.1.8,https://downloads.wordpress.org/theme/ecommerce-gadget-store.1.2.0.zip,"2026-04-03 06:44:30",https://wordpress.org/themes/ecommerce-gadget-store/,6.0,7.2,500
electronics-gadgets,"Electronics Gadgets",1.7.3,1.7.2,https://downloads.wordpress.org/theme/electronics-gadgets.1.7.3.zip,"2026-04-03 06:09:48",https://wordpress.org/themes/electronics-gadgets/,5.0,7.2,80
electronics-retail-shop,"Electronics Retail Shop",1.1.5,1.1.4,https://downloads.wordpress.org/theme/electronics-retail-shop.1.1.5.zip,"2026-04-03 06:45:23",https://wordpress.org/themes/electronics-retail-shop/,6.0,7.2,100
electronics-store,"Electronics Store",1.4.7,1.4.6,https://downloads.wordpress.org/theme/electronics-store.1.4.7.zip,"2026-04-03 06:10:04",https://wordpress.org/themes/electronics-store/,5.0,7.2,100
espresso-shop,"Espresso Shop",1.0.4,1.0.3,https://downloads.wordpress.org/theme/espresso-shop.1.0.4.zip,"2026-04-03 06:46:14",https://wordpress.org/themes/espresso-shop/,6.0,7.2,200
feminine-style-lite,"Feminine Style Lite",0.8.9,0.8.8,https://downloads.wordpress.org/theme/feminine-style-lite.0.8.9.zip,"2026-04-03 06:10:38",https://wordpress.org/themes/feminine-style-lite/,5.0,7.2,40
furniture-interior,"Furniture Interior",3.6.3,3.6.2,https://downloads.wordpress.org/theme/furniture-interior.3.6.3.zip,"2026-04-03 06:10:45",https://wordpress.org/themes/furniture-interior/,5.0,7.2,60
grocery-marketplace,"Grocery Marketplace",0.0.5,0.0.4,https://downloads.wordpress.org/theme/grocery-marketplace.0.0.5.zip,"2026-04-03 05:51:16",https://wordpress.org/themes/grocery-marketplace/,5.0,7.2,40
home-construction-company,"Home Construction Company",0.7.9,0.7.8,https://downloads.wordpress.org/theme/home-construction-company.0.7.9.zip,"2026-04-03 06:10:58",https://wordpress.org/themes/home-construction-company/,5.0,7.2,60
marketing-firm,"Marketing Firm",1.1.7,1.1.6,https://downloads.wordpress.org/theme/marketing-firm.1.1.7.zip,"2026-04-03 06:47:09",https://wordpress.org/themes/marketing-firm/,6.0,7.2,100
multi-sports,"Multi Sports",4.2.3,4.2.2,https://downloads.wordpress.org/theme/multi-sports.4.2.3.zip,"2026-04-03 06:54:48",https://wordpress.org/themes/multi-sports/,5.0,7.2,100
my-resume,"My Resume",2.5.2,2.5.1,https://downloads.wordpress.org/theme/my-resume.2.5.2.zip,"2026-04-03 06:55:51",https://wordpress.org/themes/my-resume/,5.0,7.2,100
nature-photography,"Nature Photography",1.1.7,1.1.6,https://downloads.wordpress.org/theme/nature-photography.1.1.7.zip,"2026-04-03 06:48:04",https://wordpress.org/themes/nature-photography/,6.0,7.2,100
personal-life-coach,"Personal Life Coach",1.1.6,1.1.4,https://downloads.wordpress.org/theme/personal-life-coach.1.1.6.zip,"2026-04-03 06:49:29",https://wordpress.org/themes/personal-life-coach/,6.0,7.2,100
professional-vlogger,"Professional Vlogger",1.2.5,1.2.3,https://downloads.wordpress.org/theme/professional-vlogger.1.2.5.zip,"2026-04-03 06:50:26",https://wordpress.org/themes/professional-vlogger/,6.0,7.2,70
psychotherapy,Psychotherapy,1.2.5,1.2.4,https://downloads.wordpress.org/theme/psychotherapy.1.2.5.zip,"2026-04-03 06:51:41",https://wordpress.org/themes/psychotherapy/,6.0,7.2,300
radiant-adventure-tour,"Radiant Adventure Tour",1.1.9,1.1.8,https://downloads.wordpress.org/theme/radiant-adventure-tour.1.1.9.zip,"2026-04-03 06:54:32",https://wordpress.org/themes/radiant-adventure-tour/,6.0,7.2,400
radiant-blogger,"Radiant Blogger",1.5.4,1.5.3,https://downloads.wordpress.org/theme/radiant-blogger.1.5.4.zip,"2026-04-03 06:55:32",https://wordpress.org/themes/radiant-blogger/,6.0,7.2,60
radiant-home-decor,"Radiant Home Decor",1.2.0,1.1.9,https://downloads.wordpress.org/theme/radiant-home-decor.1.2.0.zip,"2026-04-03 06:56:26",https://wordpress.org/themes/radiant-home-decor/,6.0,7.2,50
real-estate-services,"Real Estate Services",0.2.3,0.2.2,https://downloads.wordpress.org/theme/real-estate-services.0.2.3.zip,"2026-04-03 06:43:18",https://wordpress.org/themes/real-estate-services/,5.0,7.2,30
swimming-pool-service,"Swimming Pool Service",1.2.7,1.2.6,https://downloads.wordpress.org/theme/swimming-pool-service.1.2.7.zip,"2026-04-03 06:58:15",https://wordpress.org/themes/swimming-pool-service/,6.0,7.2,200
t-shirt-printing-shop,"T Shirt Printing Shop",1.1.4,1.1.3,https://downloads.wordpress.org/theme/t-shirt-printing-shop.1.1.4.zip,"2026-04-03 07:00:15",https://wordpress.org/themes/t-shirt-printing-shop/,6.0,7.2,300
villa-estate-zone,"Villa Estate Zone",0.4.7,0.4.6,https://downloads.wordpress.org/theme/villa-estate-zone.0.4.7.zip,"2026-04-03 05:58:10",https://wordpress.org/themes/villa-estate-zone/,5.0,7.2,20
viral-news-center,"Viral News Center",0.6.8,0.6.7,https://downloads.wordpress.org/theme/viral-news-center.0.6.8.zip,"2026-04-03 05:49:35",https://wordpress.org/themes/viral-news-center/,5.0,7.2,80
virtual-yoga-sessions,"Virtual Yoga Sessions",0.1.9,0.1.8,https://downloads.wordpress.org/theme/virtual-yoga-sessions.0.1.9.zip,"2026-04-03 05:57:18",https://wordpress.org/themes/virtual-yoga-sessions/,5.0,7.2,40
vlog-channel,"Vlog Channel",0.1.8,0.1.7,https://downloads.wordpress.org/theme/vlog-channel.0.1.8.zip,"2026-04-03 05:48:54",https://wordpress.org/themes/vlog-channel/,5.0,7.2,50
wardrobe-fashion-stylist,"Wardrobe Fashion Stylist",1.4.6,1.4.5,https://downloads.wordpress.org/theme/wardrobe-fashion-stylist.1.4.6.zip,"2026-04-03 07:01:19",https://wordpress.org/themes/wardrobe-fashion-stylist/,6.0,7.2,80
mine-educn,"Mine Educn",1.1.0,1.0.4,https://downloads.wordpress.org/theme/mine-educn.1.1.0.zip,"2026-04-03 08:50:27",https://wordpress.org/themes/mine-educn/,6.8,7.4,90
university-campus,"University Campus",1.0.6,1.0.5,https://downloads.wordpress.org/theme/university-campus.1.0.6.zip,"2026-04-03 08:16:52",https://wordpress.org/themes/university-campus/,6.9,7.4,0
urbanews,Urbanews,1.0.5,1.0.4,https://downloads.wordpress.org/theme/urbanews.1.0.5.zip,"2026-04-03 07:37:08",https://wordpress.org/themes/urbanews/,,5.3,100
avventura-lite,"Avventura Lite",1.7.9.8,1.7.9.7,https://downloads.wordpress.org/theme/avventura-lite.1.7.9.8.zip,"2026-04-03 09:33:09",https://wordpress.org/themes/avventura-lite/,,5.3,200
business-directory-elementor,"Business Directory Elementor",0.6.5,0.6.4,https://downloads.wordpress.org/theme/business-directory-elementor.0.6.5.zip,"2026-04-03 09:55:41",https://wordpress.org/themes/business-directory-elementor/,5.0,5.6,100
elemento-it-solutions,"Elemento IT Solutions",0.6.6,0.6.5,https://downloads.wordpress.org/theme/elemento-it-solutions.0.6.6.zip,"2026-04-03 09:55:20",https://wordpress.org/themes/elemento-it-solutions/,5.0,5.6,100
green-farm-elementor,"Green Farm Elementor",0.7.3,0.7.2,https://downloads.wordpress.org/theme/green-farm-elementor.0.7.3.zip,"2026-04-03 09:55:18",https://wordpress.org/themes/green-farm-elementor/,5.0,5.6,400
nifty-lite,"Nifty Lite",19.7,19.6,https://downloads.wordpress.org/theme/nifty-lite.19.7.zip,"2026-04-03 09:46:06",https://wordpress.org/themes/nifty-lite/,4.7,5.6,300
rockbiz,RockBiz,17.7,17.6,https://downloads.wordpress.org/theme/rockbiz.17.7.zip,"2026-04-03 09:48:52",https://wordpress.org/themes/rockbiz/,4.7,5.6,20
scelar,Scelar,17.7,17.6,https://downloads.wordpress.org/theme/scelar.17.7.zip,"2026-04-03 09:49:17",https://wordpress.org/themes/scelar/,4.7,5.6,40
spyropress,SpyroPress,19.7,19.6,https://downloads.wordpress.org/theme/spyropress.19.7.zip,"2026-04-03 09:51:13",https://wordpress.org/themes/spyropress/,4.7,5.6,100
ashe,Ashe,2.267,2.266,https://downloads.wordpress.org/theme/ashe.2.267.zip,"2026-04-03 10:51:59",https://wordpress.org/themes/ashe/,4.7,5.2.4,30000
baseball-sports-club,"Baseball Sports Club",1.0.22,1.0.21,https://downloads.wordpress.org/theme/baseball-sports-club.1.0.22.zip,"2026-04-03 10:57:31",https://wordpress.org/themes/baseball-sports-club/,,5.6,20
book-store-cart,"Book Store Cart",1.0.2,1.0.1,https://downloads.wordpress.org/theme/book-store-cart.1.0.2.zip,"2026-04-03 10:14:22",https://wordpress.org/themes/book-store-cart/,5.9,5.6,0
buddyx,BuddyX,5.0.2,5.0.1,https://downloads.wordpress.org/theme/buddyx.5.0.2.zip,"2026-04-03 10:51:23",https://wordpress.org/themes/buddyx/,4.8,7.4,3000
citypress,Citypress,1.0.9.4,1.0.9.3,https://downloads.wordpress.org/theme/citypress.1.0.9.4.zip,"2026-04-03 10:20:24",https://wordpress.org/themes/citypress/,,5.3,80
construction-architect,"Construction Architect",2.0.4,2.0.3,https://downloads.wordpress.org/theme/construction-architect.2.0.4.zip,"2026-04-03 10:16:21",https://wordpress.org/themes/construction-architect/,,5.6,200
ecommerce-gift-cart,"Ecommerce Gift Cart",1.5.4,1.5.3,https://downloads.wordpress.org/theme/ecommerce-gift-cart.1.5.4.zip,"2026-04-03 10:17:00",https://wordpress.org/themes/ecommerce-gift-cart/,,5.6,300
food-restaurant,"Food Restaurant",1.6.3,1.6.2,https://downloads.wordpress.org/theme/food-restaurant.1.6.3.zip,"2026-04-03 10:45:00",https://wordpress.org/themes/food-restaurant/,5.0,7.2,100
fse-church,"FSE Church",1.3.0,1.2.9,https://downloads.wordpress.org/theme/fse-church.1.3.0.zip,"2026-04-03 10:17:25",https://wordpress.org/themes/fse-church/,,5.6,200
fse-coaching-institute,"FSE Coaching Institute",1.3.2,1.3.1,https://downloads.wordpress.org/theme/fse-coaching-institute.1.3.2.zip,"2026-04-03 10:17:37",https://wordpress.org/themes/fse-coaching-institute/,,5.6,400
fse-political,"FSE Political",1.3.2,1.3.1,https://downloads.wordpress.org/theme/fse-political.1.3.2.zip,"2026-04-03 10:18:24",https://wordpress.org/themes/fse-political/,,5.6,400
fse-portfolio,"FSE Portfolio",1.3.3,1.3.2,https://downloads.wordpress.org/theme/fse-portfolio.1.3.3.zip,"2026-04-03 10:18:42",https://wordpress.org/themes/fse-portfolio/,,5.6,300
fse-solar-power,"FSE Solar Power",2.2,2.1,https://downloads.wordpress.org/theme/fse-solar-power.2.2.zip,"2026-04-03 10:20:21",https://wordpress.org/themes/fse-solar-power/,,5.6,600
hotel-resort,"Hotel Resort",1.3.1,1.3.0,https://downloads.wordpress.org/theme/hotel-resort.1.3.1.zip,"2026-04-03 10:03:11",https://wordpress.org/themes/hotel-resort/,,7.2,100
haley,Haley,1.0.9,1.0.8,https://downloads.wordpress.org/theme/haley.1.0.9.zip,"2026-04-03 11:35:51",https://wordpress.org/themes/haley/,,5.3,80
hotel-resort,"Hotel Resort",1.3.2,1.3.1,https://downloads.wordpress.org/theme/hotel-resort.1.3.2.zip,"2026-04-03 11:03:39",https://wordpress.org/themes/hotel-resort/,,7.2,100
mobile-app-launch,"Mobile App Launch",0.8.7,0.8.6,https://downloads.wordpress.org/theme/mobile-app-launch.0.8.7.zip,"2026-04-03 11:51:09",https://wordpress.org/themes/mobile-app-launch/,,7.2,50
online-education-academy,"Online Education Academy",1.5,1.4,https://downloads.wordpress.org/theme/online-education-academy.1.5.zip,"2026-04-03 11:49:17",https://wordpress.org/themes/online-education-academy/,5.9,5.6,200
pest-control-company,"Pest Control Company",2.2,2.1,https://downloads.wordpress.org/theme/pest-control-company.2.2.zip,"2026-04-03 11:48:16",https://wordpress.org/themes/pest-control-company/,5.9,5.6,70
seo-expert,"SEO Expert",2.0,1.9,https://downloads.wordpress.org/theme/seo-expert.2.0.zip,"2026-04-03 11:47:27",https://wordpress.org/themes/seo-expert/,5.9,5.6,50
vegan-cafe-restaurant,"Vegan Cafe Restaurant",0.9.7,0.9.6,https://downloads.wordpress.org/theme/vegan-cafe-restaurant.0.9.7.zip,"2026-04-03 11:46:40",https://wordpress.org/themes/vegan-cafe-restaurant/,,7.2,50
ampark,Ampark,17.9,17.8,https://downloads.wordpress.org/theme/ampark.17.9.zip,"2026-04-03 12:41:00",https://wordpress.org/themes/ampark/,4.7,5.6,100
arowana,Arowana,18.9,18.8,https://downloads.wordpress.org/theme/arowana.18.9.zip,"2026-04-03 12:42:16",https://wordpress.org/themes/arowana/,4.7,5.6,300
automobile-car-shop,"Automobile Car Shop",1.6.2,1.6.1,https://downloads.wordpress.org/theme/automobile-car-shop.1.6.2.zip,"2026-04-03 11:52:29",https://wordpress.org/themes/automobile-car-shop/,5.9,5.6,200
avail,Avail,17.8,17.7,https://downloads.wordpress.org/theme/avail.17.8.zip,"2026-04-03 12:42:45",https://wordpress.org/themes/avail/,4.7,5.6,200
aviser,Aviser,17.8,17.7,https://downloads.wordpress.org/theme/aviser.17.8.zip,"2026-04-03 12:43:52",https://wordpress.org/themes/aviser/,4.7,5.6,200
axtia,Axtia,17.8,17.7,https://downloads.wordpress.org/theme/axtia.17.8.zip,"2026-04-03 12:44:50",https://wordpress.org/themes/axtia/,4.7,5.6,100
cafe-cafeteria,"Cafe Cafeteria",1.8,1.7.9,https://downloads.wordpress.org/theme/cafe-cafeteria.1.8.zip,"2026-04-03 13:16:04",https://wordpress.org/themes/cafe-cafeteria/,5.0,7.2,70
cardiopress,CardioPress,10.3,10.2,https://downloads.wordpress.org/theme/cardiopress.10.3.zip,"2026-04-03 12:45:15",https://wordpress.org/themes/cardiopress/,4.7,5.6,100
classified-listings,"Classified Listings",1.5.2,1.5.1,https://downloads.wordpress.org/theme/classified-listings.1.5.2.zip,"2026-04-03 11:53:16",https://wordpress.org/themes/classified-listings/,5.9,5.6,100
comoxa,Comoxa,17.8,17.7,https://downloads.wordpress.org/theme/comoxa.17.8.zip,"2026-04-03 12:46:06",https://wordpress.org/themes/comoxa/,4.7,5.6,100
ecology-nature,"Ecology Nature",6.7,6.6,https://downloads.wordpress.org/theme/ecology-nature.6.7.zip,"2026-04-03 13:15:12",https://wordpress.org/themes/ecology-nature/,5.0,7.2,80
eventpress,EventPress,21.8,21.7,https://downloads.wordpress.org/theme/eventpress.21.8.zip,"2026-04-03 12:46:41",https://wordpress.org/themes/eventpress/,4.7,5.6,500
evion,Evion,8.4,8.3,https://downloads.wordpress.org/theme/evion.8.4.zip,"2026-04-03 12:47:23",https://wordpress.org/themes/evion/,4.7,5.6,10
fitness-coaching,"Fitness Coaching",6.7,6.6,https://downloads.wordpress.org/theme/fitness-coaching.6.7.zip,"2026-04-03 13:14:20",https://wordpress.org/themes/fitness-coaching/,5.0,7.2,90
gadget-shop,"Gadget Shop",1.0.8,1.0.7,https://downloads.wordpress.org/theme/gadget-shop.1.0.8.zip,"2026-04-03 11:56:38",https://wordpress.org/themes/gadget-shop/,,7.2,100
green-grocer,"Green Grocer",0.7,0.6,https://downloads.wordpress.org/theme/green-grocer.0.7.zip,"2026-04-03 11:55:46",https://wordpress.org/themes/green-grocer/,,7.2,80
home-accessories-shop,"Home Accessories Shop",1.4.7,1.4.6,https://downloads.wordpress.org/theme/home-accessories-shop.1.4.7.zip,"2026-04-03 11:54:16",https://wordpress.org/themes/home-accessories-shop/,5.9,5.6,60
interior-store,"Interior Store",1.7.6,1.7.5,https://downloads.wordpress.org/theme/interior-store.1.7.6.zip,"2026-04-03 12:18:30",https://wordpress.org/themes/interior-store/,5.9,5.6,100
islamic-trust,"Islamic Trust",0.7.7,0.7.6,https://downloads.wordpress.org/theme/islamic-trust.0.7.7.zip,"2026-04-03 11:54:05",https://wordpress.org/themes/islamic-trust/,,7.2,60
it-software-technology,"IT Software Technology",1.4,1.3,https://downloads.wordpress.org/theme/it-software-technology.1.4.zip,"2026-04-03 11:52:43",https://wordpress.org/themes/it-software-technology/,5.9,5.6,40
jewellery-boutique,"Jewellery Boutique",0.6.7,0.6.6,https://downloads.wordpress.org/theme/jewellery-boutique.0.6.7.zip,"2026-04-03 11:51:55",https://wordpress.org/themes/jewellery-boutique/,,7.2,40
kids-fashion,"Kids Fashion",6.7,6.6,https://downloads.wordpress.org/theme/kids-fashion.6.7.zip,"2026-04-03 13:13:09",https://wordpress.org/themes/kids-fashion/,5.0,7.2,50
lms-education-university,"LMS Education University",7.4,7.3,https://downloads.wordpress.org/theme/lms-education-university.7.4.zip,"2026-04-03 13:11:00",https://wordpress.org/themes/lms-education-university/,5.0,7.2,70
lms-education,"LMS Education",8.7,8.6,https://downloads.wordpress.org/theme/lms-education.8.7.zip,"2026-04-03 13:11:57",https://wordpress.org/themes/lms-education/,5.0,7.2,200
misbah-blog,"Misbah Blog",1.9.2,1.9.1,https://downloads.wordpress.org/theme/misbah-blog.1.9.2.zip,"2026-04-03 13:09:58",https://wordpress.org/themes/misbah-blog/,5.0,7.2,40
nexcraft-bpo,"Nexcraft BPO",8.8,8.7,https://downloads.wordpress.org/theme/nexcraft-bpo.8.8.zip,"2026-04-03 12:47:56",https://wordpress.org/themes/nexcraft-bpo/,,5.6,20
secretary-services,"Secretary Services",1.3.2,1.3.1,https://downloads.wordpress.org/theme/secretary-services.1.3.2.zip,"2026-04-03 11:55:59",https://wordpress.org/themes/secretary-services/,5.9,5.6,90
shadiant,Shadiant,6.9,6.8,https://downloads.wordpress.org/theme/shadiant.6.9.zip,"2026-04-03 12:48:34",https://wordpress.org/themes/shadiant/,4.7,5.6,20
software-agency,"Software Agency",1.0.9,1.0.8,https://downloads.wordpress.org/theme/software-agency.1.0.9.zip,"2026-04-03 11:57:46",https://wordpress.org/themes/software-agency/,5.0,7.2,90
spa-salon,"Spa Salon",7.5,7.4,https://downloads.wordpress.org/theme/spa-salon.7.5.zip,"2026-04-03 13:09:08",https://wordpress.org/themes/spa-salon/,5.0,7.2,100
the-travel-booking,"The Travel Booking",6.5,6.4,https://downloads.wordpress.org/theme/the-travel-booking.6.5.zip,"2026-04-03 13:08:08",https://wordpress.org/themes/the-travel-booking/,5.0,7.2,60
transport-solutions,"Transport Solutions",2.0,1.9,https://downloads.wordpress.org/theme/transport-solutions.2.0.zip,"2026-04-03 13:07:18",https://wordpress.org/themes/transport-solutions/,5.0,7.2,100
vw-automobile-lite,"VW Automobile Lite",2.3.0,2.2.9,https://downloads.wordpress.org/theme/vw-automobile-lite.2.3.0.zip,"2026-04-03 11:52:13",https://wordpress.org/themes/vw-automobile-lite/,5.0,7.2,800
vw-charity-ngo,"VW Charity NGO",1.4.6,1.4.5,https://downloads.wordpress.org/theme/vw-charity-ngo.1.4.6.zip,"2026-04-03 12:00:50",https://wordpress.org/themes/vw-charity-ngo/,5.0,7.2,200
vw-corporate-lite,"VW Corporate Lite",2.8.5,2.8.4,https://downloads.wordpress.org/theme/vw-corporate-lite.2.8.5.zip,"2026-04-03 12:08:21",https://wordpress.org/themes/vw-corporate-lite/,5.0,7.2,100
vw-ecommerce-shop,"VW Ecommerce Shop",1.4.3,1.4.2,https://downloads.wordpress.org/theme/vw-ecommerce-shop.1.4.3.zip,"2026-04-03 11:52:20",https://wordpress.org/themes/vw-ecommerce-shop/,5.0,7.2,200
vw-furniture-shop,"VW Furniture Shop",1.3.6,1.3.5,https://downloads.wordpress.org/theme/vw-furniture-shop.1.3.6.zip,"2026-04-03 12:09:52",https://wordpress.org/themes/vw-furniture-shop/,5.9,5.6,200
vw-magazine,"VW Magazine",1.3.3,1.3.2,https://downloads.wordpress.org/theme/vw-magazine.1.3.3.zip,"2026-04-03 12:10:24",https://wordpress.org/themes/vw-magazine/,5.0,7.2,100
vw-newspaper,"VW Newspaper",1.4.7,1.4.6,https://downloads.wordpress.org/theme/vw-newspaper.1.4.7.zip,"2026-04-03 12:11:12",https://wordpress.org/themes/vw-newspaper/,5.0,7.2,200
vw-pet-shop,"VW Pet Shop",1.5.0,1.4.9,https://downloads.wordpress.org/theme/vw-pet-shop.1.5.0.zip,"2026-04-03 12:11:55",https://wordpress.org/themes/vw-pet-shop/,5.0,7.2,100
vw-project-management,"VW Project Management",0.5.2,0.5.1,https://downloads.wordpress.org/theme/vw-project-management.0.5.2.zip,"2026-04-03 12:12:40",https://wordpress.org/themes/vw-project-management/,5.0,7.2,50
vw-school-education,"VW School Education",1.5.0,1.4.9,https://downloads.wordpress.org/theme/vw-school-education.1.5.0.zip,"2026-04-03 12:13:47",https://wordpress.org/themes/vw-school-education/,,7.2,100
vw-shopping-mall,"VW Shopping Mall",1.2.2,1.2.1,https://downloads.wordpress.org/theme/vw-shopping-mall.1.2.2.zip,"2026-04-03 12:16:31",https://wordpress.org/themes/vw-shopping-mall/,5.9,5.6,100
vw-startup,"VW Startup",1.4.4,1.4.3,https://downloads.wordpress.org/theme/vw-startup.1.4.4.zip,"2026-04-03 12:17:04",https://wordpress.org/themes/vw-startup/,5.0,7.2,200
vw-wedding,"VW Wedding",1.3.5,1.3.4,https://downloads.wordpress.org/theme/vw-wedding.1.3.5.zip,"2026-04-03 11:53:36",https://wordpress.org/themes/vw-wedding/,5.0,7.2,100
webora,Webora,4.1,4.0,https://downloads.wordpress.org/theme/webora.4.1.zip,"2026-04-03 12:49:10",https://wordpress.org/themes/webora/,4.7,5.6,100
freelancer-portfolio,"Freelancer Portfolio",0.3,0.2.9,https://downloads.wordpress.org/theme/freelancer-portfolio.0.3.zip,"2026-04-03 14:53:16",https://wordpress.org/themes/freelancer-portfolio/,,5.6,100
solar-system,"Solar System",0.2.6,0.2.5,https://downloads.wordpress.org/theme/solar-system.0.2.6.zip,"2026-04-03 14:54:09",https://wordpress.org/themes/solar-system/,,5.6,50
bluetooth-speaker,"Bluetooth Speaker",3.2,3.1,https://downloads.wordpress.org/theme/bluetooth-speaker.3.2.zip,"2026-04-03 18:17:09",https://wordpress.org/themes/bluetooth-speaker/,6.1,7.2,40
business-venture,"Business Venture",3.4,3.3,https://downloads.wordpress.org/theme/business-venture.3.4.zip,"2026-04-03 18:17:56",https://wordpress.org/themes/business-venture/,6.1,7.2,90
cv-workfolio,"CV Workfolio",3.4,3.3,https://downloads.wordpress.org/theme/cv-workfolio.3.4.zip,"2026-04-03 18:18:48",https://wordpress.org/themes/cv-workfolio/,6.1,7.2,70
digital-online-courses,"Digital Online Courses",3.8,3.7,https://downloads.wordpress.org/theme/digital-online-courses.3.8.zip,"2026-04-03 18:19:25",https://wordpress.org/themes/digital-online-courses/,6.1,7.2,100
freelance-portfolio,"Freelance Portfolio",3.3,3.2,https://downloads.wordpress.org/theme/freelance-portfolio.3.3.zip,"2026-04-03 18:15:49",https://wordpress.org/themes/freelance-portfolio/,6.1,7.2,100
holistic-health-coach,"Holistic Health Coach",3.0,2.9,https://downloads.wordpress.org/theme/holistic-health-coach.3.0.zip,"2026-04-03 18:14:58",https://wordpress.org/themes/holistic-health-coach/,6.1,7.2,100
home-appliances-store,"Home Appliances Store",3.3,3.2,https://downloads.wordpress.org/theme/home-appliances-store.3.3.zip,"2026-04-03 18:21:48",https://wordpress.org/themes/home-appliances-store/,6.1,7.2,70
digital-marketing-elementor,"Digital Marketing Elementor",0.6.3,0.6.2,https://downloads.wordpress.org/theme/digital-marketing-elementor.0.6.3.zip,"2026-04-04 06:42:58",https://wordpress.org/themes/digital-marketing-elementor/,5.0,5.6,80
elemento-business,"Elemento Business",0.6.8,0.6.7,https://downloads.wordpress.org/theme/elemento-business.0.6.8.zip,"2026-04-04 06:42:27",https://wordpress.org/themes/elemento-business/,5.0,5.6,60
elemento-conference,"Elemento Conference",0.6.6,0.6.5,https://downloads.wordpress.org/theme/elemento-conference.0.6.6.zip,"2026-04-04 06:42:51",https://wordpress.org/themes/elemento-conference/,5.0,5.6,100
medical-healthcare-elementor,"Medical Healthcare Elementor",0.5.7,0.5.6,https://downloads.wordpress.org/theme/medical-healthcare-elementor.0.5.7.zip,"2026-04-04 06:43:17",https://wordpress.org/themes/medical-healthcare-elementor/,5.0,5.6,200
software-company-elementor,"Software Company Elementor",0.6.1,0.6.0,https://downloads.wordpress.org/theme/software-company-elementor.0.6.1.zip,"2026-04-04 06:43:10",https://wordpress.org/themes/software-company-elementor/,5.0,5.6,100
car-service-center,"Car Service Center",3.9,3.8,https://downloads.wordpress.org/theme/car-service-center.3.9.zip,"2026-04-04 08:30:17",https://wordpress.org/themes/car-service-center/,,5.6,40
grocery-supermarket-chain,"Grocery Supermarket Chain",3.8,3.6,https://downloads.wordpress.org/theme/grocery-supermarket-chain.3.8.zip,"2026-04-04 08:32:20",https://wordpress.org/themes/grocery-supermarket-chain/,,5.6,40
interactive-education,"Interactive Education",3.5,3.4,https://downloads.wordpress.org/theme/interactive-education.3.5.zip,"2026-04-04 08:37:03",https://wordpress.org/themes/interactive-education/,,5.6,40
law-justice,"Law Justice",1.3,1.2.9,https://downloads.wordpress.org/theme/law-justice.1.3.zip,"2026-04-04 08:28:42",https://wordpress.org/themes/law-justice/,,5.6,40
marketr,Marketr,1.2.3,1.2.2,https://downloads.wordpress.org/theme/marketr.1.2.3.zip,"2026-04-04 08:16:51",https://wordpress.org/themes/marketr/,,5.6,10
medical-trauma-center,"Medical Trauma Center",3.6,3.4,https://downloads.wordpress.org/theme/medical-trauma-center.3.6.zip,"2026-04-04 08:34:58",https://wordpress.org/themes/medical-trauma-center/,,5.6,50
medo-pixel,"Medo Pixel",1.2.5,1.2.4,https://downloads.wordpress.org/theme/medo-pixel.1.2.5.zip,"2026-04-04 08:22:39",https://wordpress.org/themes/medo-pixel/,,5.6,10
pixel-digital-marketing,"Pixel Digital Marketing",3.9,3.7,https://downloads.wordpress.org/theme/pixel-digital-marketing.3.9.zip,"2026-04-04 08:34:11",https://wordpress.org/themes/pixel-digital-marketing/,,5.6,50
pixel-hair-spa,"Pixel Hair Spa",3.7,3.6,https://downloads.wordpress.org/theme/pixel-hair-spa.3.7.zip,"2026-04-04 08:35:48",https://wordpress.org/themes/pixel-hair-spa/,,5.6,40
pixel-photography,"Pixel Photography",1.2.9,1.2.8,https://downloads.wordpress.org/theme/pixel-photography.1.2.9.zip,"2026-04-04 08:26:43",https://wordpress.org/themes/pixel-photography/,,5.6,30
pixel-transport,"Pixel Transport",1.3.1,1.3,https://downloads.wordpress.org/theme/pixel-transport.1.3.1.zip,"2026-04-04 08:23:25",https://wordpress.org/themes/pixel-transport/,,5.6,40
spa-skincare,"Spa Skincare",1.2.9,1.2.8,https://downloads.wordpress.org/theme/spa-skincare.1.2.9.zip,"2026-04-04 08:24:17",https://wordpress.org/themes/spa-skincare/,,5.6,20
architect-decor,"Architect Decor",15.6,15.5,https://downloads.wordpress.org/theme/architect-decor.15.6.zip,"2026-04-04 10:13:34",https://wordpress.org/themes/architect-decor/,,5.6,100
architect-house,"Architect House",4.1,4.0,https://downloads.wordpress.org/theme/architect-house.4.1.zip,"2026-04-04 10:14:06",https://wordpress.org/themes/architect-house/,,5.6,200
architects,Architects,14.7,14.6,https://downloads.wordpress.org/theme/architects.14.7.zip,"2026-04-04 10:14:38",https://wordpress.org/themes/architects/,,5.6,100
atlanta-blog,"Atlanta Blog",6.7,6.6,https://downloads.wordpress.org/theme/atlanta-blog.6.7.zip,"2026-04-04 10:15:03",https://wordpress.org/themes/atlanta-blog/,,5.6,100
beautycare,BeautyCare,5.1,5.0,https://downloads.wordpress.org/theme/beautycare.5.1.zip,"2026-04-04 10:15:32",https://wordpress.org/themes/beautycare/,,5.6,200
business-model,"Business Model",2.9,2.8,https://downloads.wordpress.org/theme/business-model.2.9.zip,"2026-04-04 10:16:06",https://wordpress.org/themes/business-model/,,5.6,100
creationwp,CreationWP,3.4,3.3,https://downloads.wordpress.org/theme/creationwp.3.4.zip,"2026-04-04 10:16:28",https://wordpress.org/themes/creationwp/,,5.6,100
designarch,Designarch,1.8,1.7,https://downloads.wordpress.org/theme/designarch.1.8.zip,"2026-04-04 10:17:01",https://wordpress.org/themes/designarch/,,5.6,100
designexo,Designexo,18.0.1,18.0.0,https://downloads.wordpress.org/theme/designexo.18.0.1.zip,"2026-04-04 10:18:14",https://wordpress.org/themes/designexo/,,5.6,1000
designtech,DesignTech,9.9,9.8,https://downloads.wordpress.org/theme/designtech.9.9.zip,"2026-04-04 10:18:40",https://wordpress.org/themes/designtech/,,5.6,300
elevora-dark,"Elevora Dark",2.0,1.9,https://downloads.wordpress.org/theme/elevora-dark.2.0.zip,"2026-04-04 10:19:21",https://wordpress.org/themes/elevora-dark/,,5.6,100
empresa,Empresa,3.5.2,3.5.1,https://downloads.wordpress.org/theme/empresa.3.5.2.zip,"2026-04-04 10:20:01",https://wordpress.org/themes/empresa/,,5.6,300
fitnessgo,Fitnessgo,3.8,3.7,https://downloads.wordpress.org/theme/fitnessgo.3.8.zip,"2026-04-04 10:20:28",https://wordpress.org/themes/fitnessgo/,,5.6,80
flex-blogging,"Flex Blogging",1.0.8,1.0.7,https://downloads.wordpress.org/theme/flex-blogging.1.0.8.zip,"2026-04-04 10:36:34",https://wordpress.org/themes/flex-blogging/,,5.6,200
flex-charity,"Flex Charity",1.1.4,1.1.3,https://downloads.wordpress.org/theme/flex-charity.1.1.4.zip,"2026-04-04 10:35:49",https://wordpress.org/themes/flex-charity/,,5.6,20
flex-ecommerce-store,"Flex Ecommerce Store",1.3.8,1.3.7,https://downloads.wordpress.org/theme/flex-ecommerce-store.1.3.8.zip,"2026-04-04 10:34:55",https://wordpress.org/themes/flex-ecommerce-store/,,5.6,200
flex-education,"Flex Education",1.2.8,1.2.7,https://downloads.wordpress.org/theme/flex-education.1.2.8.zip,"2026-04-04 10:33:24",https://wordpress.org/themes/flex-education/,,5.6,30
flex-fast-food,"Flex Fast Food",1.1.7,1.1.6,https://downloads.wordpress.org/theme/flex-fast-food.1.1.7.zip,"2026-04-04 10:32:38",https://wordpress.org/themes/flex-fast-food/,,5.6,100
flex-home-decor,"Flex Home Decor",1.1.3,1.1.1,https://downloads.wordpress.org/theme/flex-home-decor.1.1.3.zip,"2026-04-04 10:32:04",https://wordpress.org/themes/flex-home-decor/,,5.6,40
flex-kindergarten,"Flex Kindergarten",1.1.0,1.0.9,https://downloads.wordpress.org/theme/flex-kindergarten.1.1.0.zip,"2026-04-04 10:31:35",https://wordpress.org/themes/flex-kindergarten/,,5.6,0
flex-medical,"Flex Medical",1.2.8,1.2.7,https://downloads.wordpress.org/theme/flex-medical.1.2.8.zip,"2026-04-04 10:31:09",https://wordpress.org/themes/flex-medical/,,5.6,50
flex-multi-business,"Flex Multi Business",1.8.6,1.8.5,https://downloads.wordpress.org/theme/flex-multi-business.1.8.6.zip,"2026-04-04 10:30:20",https://wordpress.org/themes/flex-multi-business/,,5.6,90
flex-real-estate,"Flex Real Estate",1.1.1,1.1.0,https://downloads.wordpress.org/theme/flex-real-estate.1.1.1.zip,"2026-04-04 10:29:33",https://wordpress.org/themes/flex-real-estate/,,5.6,50
flex-restaurant,"Flex Restaurant",1.1.1,1.1.0,https://downloads.wordpress.org/theme/flex-restaurant.1.1.1.zip,"2026-04-04 10:28:59",https://wordpress.org/themes/flex-restaurant/,,5.6,20
flex-travel,"Flex Travel",1.0.5,1.0.4,https://downloads.wordpress.org/theme/flex-travel.1.0.5.zip,"2026-04-04 10:28:29",https://wordpress.org/themes/flex-travel/,,5.6,70
intecopress,IntecoPress,14.3,14.2,https://downloads.wordpress.org/theme/intecopress.14.3.zip,"2026-04-04 10:20:55",https://wordpress.org/themes/intecopress/,,5.6,100
interior-dark,"Interior Dark",12.2,12.1,https://downloads.wordpress.org/theme/interior-dark.12.2.zip,"2026-04-04 10:21:20",https://wordpress.org/themes/interior-dark/,,5.6,100
interior-decor,"Interior Decor",7.4,7.3,https://downloads.wordpress.org/theme/interior-decor.7.4.zip,"2026-04-04 10:21:48",https://wordpress.org/themes/interior-decor/,,5.6,70
interior-house,"Interior House",5.8,5.7,https://downloads.wordpress.org/theme/interior-house.5.8.zip,"2026-04-04 10:22:12",https://wordpress.org/themes/interior-house/,,5.6,100
interior-portfolio,"Interior Portfolio",1.7,1.6,https://downloads.wordpress.org/theme/interior-portfolio.1.7.zip,"2026-04-04 10:22:49",https://wordpress.org/themes/interior-portfolio/,,5.6,100
interior-trends,"Interior Trends",3.2,3.1,https://downloads.wordpress.org/theme/interior-trends.3.2.zip,"2026-04-04 10:23:20",https://wordpress.org/themes/interior-trends/,,5.6,80
interiorwp,InteriorWP,16.2,16.1,https://downloads.wordpress.org/theme/interiorwp.16.2.zip,"2026-04-04 10:23:54",https://wordpress.org/themes/interiorwp/,,5.6,200
interiorx,InteriorX,9.2,9.1,https://downloads.wordpress.org/theme/interiorx.9.2.zip,"2026-04-04 10:24:38",https://wordpress.org/themes/interiorx/,,5.6,100
legal-notary-firm,"Legal Notary Firm",1.0.2,1.0.1,https://downloads.wordpress.org/theme/legal-notary-firm.1.0.2.zip,"2026-04-04 10:27:50",https://wordpress.org/themes/legal-notary-firm/,,5.6,10
monster-dark,"Monster Dark",13.6,13.5,https://downloads.wordpress.org/theme/monster-dark.13.6.zip,"2026-04-04 10:25:06",https://wordpress.org/themes/monster-dark/,,5.6,400
newsmedia,NewsMedia,14.4,14.3,https://downloads.wordpress.org/theme/newsmedia.14.4.zip,"2026-04-04 10:25:33",https://wordpress.org/themes/newsmedia/,,5.6,200
prime-home-renovation,"Prime Home Renovation",1.0.17,1.0.16,https://downloads.wordpress.org/theme/prime-home-renovation.1.0.17.zip,"2026-04-04 10:06:56",https://wordpress.org/themes/prime-home-renovation/,,5.6,0
spicemag,SpiceMag,11.5,11.4,https://downloads.wordpress.org/theme/spicemag.11.5.zip,"2026-04-04 10:26:01",https://wordpress.org/themes/spicemag/,,5.6,70
technoex,Technoex,8.4,8.3,https://downloads.wordpress.org/theme/technoex.8.4.zip,"2026-04-04 10:26:31",https://wordpress.org/themes/technoex/,,5.6,100
urbamag,Urbamag,1.0.4,1.0.3,https://downloads.wordpress.org/theme/urbamag.1.0.4.zip,"2026-04-04 10:51:30",https://wordpress.org/themes/urbamag/,,5.3,60
food-blog-fse,"Food Blog FSE",1.0.1,1.0.0,https://downloads.wordpress.org/theme/food-blog-fse.1.0.1.zip,"2026-04-04 11:39:16",https://wordpress.org/themes/food-blog-fse/,6.7,7.2,90
green-market,"Green Market",1.7.4,1.7.3,https://downloads.wordpress.org/theme/green-market.1.7.4.zip,"2026-04-04 11:41:01",https://wordpress.org/themes/green-market/,,5.6,200
home-styling-interior,"Home Styling Interior",2.2.2,2.2.1,https://downloads.wordpress.org/theme/home-styling-interior.2.2.2.zip,"2026-04-04 11:41:26",https://wordpress.org/themes/home-styling-interior/,,7.2,300
montessori-kindergarten,"Montessori Kindergarten",2.2.3,2.2.2,https://downloads.wordpress.org/theme/montessori-kindergarten.2.2.3.zip,"2026-04-04 11:41:38",https://wordpress.org/themes/montessori-kindergarten/,,5.6,200
aagaz-startup,"Aagaz Startup",1.2.3,1.2.2,https://downloads.wordpress.org/theme/aagaz-startup.1.2.3.zip,"2026-04-04 11:47:17",https://wordpress.org/themes/aagaz-startup/,5.0,7.2,100
adventure-camping,"Adventure Camping",0.4.7,0.4.6,https://downloads.wordpress.org/theme/adventure-camping.0.4.7.zip,"2026-04-04 12:36:33",https://wordpress.org/themes/adventure-camping/,5.0,7.2,300
animal-wildlife,"Animal Wildlife",0.6.1,0.6.0,https://downloads.wordpress.org/theme/animal-wildlife.0.6.1.zip,"2026-04-04 11:47:43",https://wordpress.org/themes/animal-wildlife/,5.0,7.2,40
archaeology-museums,"Archaeology Museums",0.4.5,0.4.4,https://downloads.wordpress.org/theme/archaeology-museums.0.4.5.zip,"2026-04-04 12:36:31",https://wordpress.org/themes/archaeology-museums/,5.0,7.2,200
chartered-accountant,"Chartered Accountant",0.4.4,0.4.3,https://downloads.wordpress.org/theme/chartered-accountant.0.4.4.zip,"2026-04-04 12:36:54",https://wordpress.org/themes/chartered-accountant/,5.0,7.2,100
eco-energy,"Eco Energy",1.6.1,1.6.0,https://downloads.wordpress.org/theme/eco-energy.1.6.1.zip,"2026-04-04 11:47:51",https://wordpress.org/themes/eco-energy/,5.4,5.6,40
finance-accounting,"Finance Accounting",1.2.9,1.2.8,https://downloads.wordpress.org/theme/finance-accounting.1.2.9.zip,"2026-04-04 11:48:04",https://wordpress.org/themes/finance-accounting/,5.0,7.2,300
fitness-gymhouse,"Fitness Gymhouse",1.1,1.0.9,https://downloads.wordpress.org/theme/fitness-gymhouse.1.1.zip,"2026-04-04 11:48:17",https://wordpress.org/themes/fitness-gymhouse/,5.0,7.2,100
foster-charity,"Foster Charity",1.5.2,1.5.1,https://downloads.wordpress.org/theme/foster-charity.1.5.2.zip,"2026-04-04 11:48:31",https://wordpress.org/themes/foster-charity/,5.0,7.2,50
honey-shop,"Honey Shop",0.4.8,0.4.7,https://downloads.wordpress.org/theme/honey-shop.0.4.8.zip,"2026-04-04 12:36:55",https://wordpress.org/themes/honey-shop/,5.0,7.2,200
immigration-consulting,"Immigration Consulting",0.4.7,0.4.6,https://downloads.wordpress.org/theme/immigration-consulting.0.4.7.zip,"2026-04-04 12:36:57",https://wordpress.org/themes/immigration-consulting/,5.0,7.2,200
iqra-education,"Iqra Education",1.2.5,1.2.4,https://downloads.wordpress.org/theme/iqra-education.1.2.5.zip,"2026-04-04 11:48:42",https://wordpress.org/themes/iqra-education/,5.0,7.2,100
katib-writers,"Katib Writers",1.3.2,1.3.1,https://downloads.wordpress.org/theme/katib-writers.1.3.2.zip,"2026-04-04 11:48:53",https://wordpress.org/themes/katib-writers/,5.0,7.2,60
manufacturing-plant,"Manufacturing Plant",0.4.4,0.4.3,https://downloads.wordpress.org/theme/manufacturing-plant.0.4.4.zip,"2026-04-04 12:36:58",https://wordpress.org/themes/manufacturing-plant/,5.0,7.2,100
multipurpose-ecommerce,"Multipurpose Ecommerce",1.1.7,1.1.6,https://downloads.wordpress.org/theme/multipurpose-ecommerce.1.1.7.zip,"2026-04-04 11:49:09",https://wordpress.org/themes/multipurpose-ecommerce/,5.0,7.2,50
nikah-wedding,"Nikah Wedding",1.0.8,1.0.7,https://downloads.wordpress.org/theme/nikah-wedding.1.0.8.zip,"2026-04-04 11:49:23",https://wordpress.org/themes/nikah-wedding/,5.0,7.2,30
plant-nursery,"Plant Nursery",1.6.2,1.6.1,https://downloads.wordpress.org/theme/plant-nursery.1.6.2.zip,"2026-04-04 11:42:09",https://wordpress.org/themes/plant-nursery/,,5.6,200
preschool-nursery,"Preschool Nursery",0.8.3,0.8.2,https://downloads.wordpress.org/theme/preschool-nursery.0.8.3.zip,"2026-04-04 11:49:36",https://wordpress.org/themes/preschool-nursery/,5.0,7.2,20
repair-shop,"Repair Shop",0.5.5,0.5.4,https://downloads.wordpress.org/theme/repair-shop.0.5.5.zip,"2026-04-04 12:37:00",https://wordpress.org/themes/repair-shop/,5.0,7.2,300
safha-one-page,"Safha One Page",1.3,1.2.9,https://downloads.wordpress.org/theme/safha-one-page.1.3.zip,"2026-04-04 11:50:02",https://wordpress.org/themes/safha-one-page/,5.0,7.2,200
sayara-automotive,"Sayara Automotive",1.2.9,1.2.8,https://downloads.wordpress.org/theme/sayara-automotive.1.2.9.zip,"2026-04-04 11:50:13",https://wordpress.org/themes/sayara-automotive/,5.0,7.2,200
shams-solar,"Shams Solar",8.5.2,8.5.1,https://downloads.wordpress.org/theme/shams-solar.8.5.2.zip,"2026-04-04 11:50:32",https://wordpress.org/themes/shams-solar/,5.0,7.2,100
startup-consultant,"Startup Consultant",1.1.6,1.1.5,https://downloads.wordpress.org/theme/startup-consultant.1.1.6.zip,"2026-04-04 11:42:24",https://wordpress.org/themes/startup-consultant/,,5.6,400
summer-fashion-store,"Summer Fashion Store",2.0.0,1.9.9,https://downloads.wordpress.org/theme/summer-fashion-store.2.0.0.zip,"2026-04-04 11:42:50",https://wordpress.org/themes/summer-fashion-store/,,7.2,100
tabib-hospital,"Tabib Hospital",0.6.8,0.6.7,https://downloads.wordpress.org/theme/tabib-hospital.0.6.8.zip,"2026-04-04 11:52:29",https://wordpress.org/themes/tabib-hospital/,5.0,7.2,80
tafri-travel-blog,"Tafri Travel Blog",0.4.4,0.4.3,https://downloads.wordpress.org/theme/tafri-travel-blog.0.4.4.zip,"2026-04-04 11:51:52",https://wordpress.org/themes/tafri-travel-blog/,5.0,7.2,70
tafri-travel,"Tafri Travel",1.1.7,1.1.6,https://downloads.wordpress.org/theme/tafri-travel.1.1.7.zip,"2026-04-04 11:52:11",https://wordpress.org/themes/tafri-travel/,5.0,7.2,100
tameer-construction,"Tameer Construction",1.1.9,1.1.8,https://downloads.wordpress.org/theme/tameer-construction.1.1.9.zip,"2026-04-04 11:51:37",https://wordpress.org/themes/tameer-construction/,5.0,7.2,100
tanawul-bakery,"Tanawul Bakery",1.4.2,1.4.1,https://downloads.wordpress.org/theme/tanawul-bakery.1.4.2.zip,"2026-04-04 11:51:25",https://wordpress.org/themes/tanawul-bakery/,5.0,7.2,60
the-writers-blog,"The Writers Blog",1.0.9,1.0.8,https://downloads.wordpress.org/theme/the-writers-blog.1.0.9.zip,"2026-04-04 11:51:12",https://wordpress.org/themes/the-writers-blog/,5.0,7.2,80
tijarat-business,"Tijarat Business",1.0.7,1.0.6,https://downloads.wordpress.org/theme/tijarat-business.1.0.7.zip,"2026-04-04 11:50:55",https://wordpress.org/themes/tijarat-business/,5.0,7.2,20
tour-traveler,"Tour Traveler",1.5.3,1.5.2,https://downloads.wordpress.org/theme/tour-traveler.1.5.3.zip,"2026-04-04 11:50:41",https://wordpress.org/themes/tour-traveler/,5.4,7.2,60
virtual-assistant,"Virtual Assistant",0.4.8,0.4.7,https://downloads.wordpress.org/theme/virtual-assistant.0.4.8.zip,"2026-04-04 12:37:26",https://wordpress.org/themes/virtual-assistant/,5.0,7.2,100
vw-hair-salon,"VW Hair Salon",1.5.0,1.4.9,https://downloads.wordpress.org/theme/vw-hair-salon.1.5.0.zip,"2026-04-04 12:37:31",https://wordpress.org/themes/vw-hair-salon/,5.0,7.2,200
vw-hotel,"VW Hotel",1.3.7,1.3.6,https://downloads.wordpress.org/theme/vw-hotel.1.3.7.zip,"2026-04-04 12:37:28",https://wordpress.org/themes/vw-hotel/,5.0,7.2,200
vw-interior-designs,"VW Interior Designs",1.3.5,1.3.4,https://downloads.wordpress.org/theme/vw-interior-designs.1.3.5.zip,"2026-04-04 12:37:28",https://wordpress.org/themes/vw-interior-designs/,5.0,7.2,100
vw-lifestyle-blog,"VW Lifestyle Blog",0.4.6,0.4.5,https://downloads.wordpress.org/theme/vw-lifestyle-blog.0.4.6.zip,"2026-04-04 12:37:10",https://wordpress.org/themes/vw-lifestyle-blog/,5.0,7.2,300
crowdfunding-nonprofit,"Crowdfunding Nonprofit",1.8,1.7,https://downloads.wordpress.org/theme/crowdfunding-nonprofit.1.8.zip,"2026-04-04 14:06:33",https://wordpress.org/themes/crowdfunding-nonprofit/,5.0,5.6,20
curamedix,CuraMedix,1.2.5,1.2.4,https://downloads.wordpress.org/theme/curamedix.1.2.5.zip,"2026-04-04 13:36:36",https://wordpress.org/themes/curamedix/,6.4,7.4,30
destination-hotel-booking,"Destination Hotel Booking",2.2,2.1,https://downloads.wordpress.org/theme/destination-hotel-booking.2.2.zip,"2026-04-04 14:05:43",https://wordpress.org/themes/destination-hotel-booking/,5.0,5.6,100
estate-brokerage-services,"Estate Brokerage Services",1.4,1.3,https://downloads.wordpress.org/theme/estate-brokerage-services.1.4.zip,"2026-04-04 14:05:06",https://wordpress.org/themes/estate-brokerage-services/,5.0,5.6,30
farming-store,"Farming Store",2.4,2.3,https://downloads.wordpress.org/theme/farming-store.2.4.zip,"2026-04-04 14:04:28",https://wordpress.org/themes/farming-store/,5.0,5.6,60
fm-radio-station,"FM Radio Station",1.7,1.6,https://downloads.wordpress.org/theme/fm-radio-station.1.7.zip,"2026-04-04 14:03:40",https://wordpress.org/themes/fm-radio-station/,5.0,5.6,70
food-grocery-hub,"Food Grocery Hub",2.0,1.9,https://downloads.wordpress.org/theme/food-grocery-hub.2.0.zip,"2026-04-04 14:02:51",https://wordpress.org/themes/food-grocery-hub/,5.0,5.6,100
gym-coach,"Gym Coach",1.8,1.7,https://downloads.wordpress.org/theme/gym-coach.1.8.zip,"2026-04-04 14:01:37",https://wordpress.org/themes/gym-coach/,5.0,5.6,40
hr-services,"HR Services",1.5,1.4,https://downloads.wordpress.org/theme/hr-services.1.5.zip,"2026-04-04 13:58:53",https://wordpress.org/themes/hr-services/,5.0,5.6,40
industrial-hub,"Industrial Hub",2.0,1.9,https://downloads.wordpress.org/theme/industrial-hub.2.0.zip,"2026-04-04 13:58:00",https://wordpress.org/themes/industrial-hub/,5.0,5.6,90
logistics-provider,"Logistics Provider",1.8,1.7,https://downloads.wordpress.org/theme/logistics-provider.1.8.zip,"2026-04-04 13:57:10",https://wordpress.org/themes/logistics-provider/,5.0,5.6,100
manufacturing-hub,"Manufacturing Hub",2.5,2.4,https://downloads.wordpress.org/theme/manufacturing-hub.2.5.zip,"2026-04-04 13:56:25",https://wordpress.org/themes/manufacturing-hub/,5.0,5.6,60
marketing-campaigns,"Marketing Campaigns",2.5,2.4,https://downloads.wordpress.org/theme/marketing-campaigns.2.5.zip,"2026-04-04 13:54:18",https://wordpress.org/themes/marketing-campaigns/,5.0,5.6,60
medicare-clinic,"Medicare Clinic",2.5,2.4,https://downloads.wordpress.org/theme/medicare-clinic.2.5.zip,"2026-04-04 13:52:53",https://wordpress.org/themes/medicare-clinic/,5.0,5.6,70
modern-fashion-store,"Modern Fashion Store",2.3,2.2,https://downloads.wordpress.org/theme/modern-fashion-store.2.3.zip,"2026-04-04 13:52:08",https://wordpress.org/themes/modern-fashion-store/,5.0,5.6,200
multipurpose-sports-club,"Multipurpose Sports Club",1.9,1.8,https://downloads.wordpress.org/theme/multipurpose-sports-club.1.9.zip,"2026-04-04 13:50:41",https://wordpress.org/themes/multipurpose-sports-club/,5.0,5.6,100
fresh-blog-lite,"Fresh Blog Lite",2.0.4,2.0.3,https://downloads.wordpress.org/theme/fresh-blog-lite.2.0.4.zip,"2026-04-04 18:39:17",https://wordpress.org/themes/fresh-blog-lite/,6.7,7.2,600
toocheke,Toocheke,1.2.8,1.2.6,https://downloads.wordpress.org/theme/toocheke.1.2.8.zip,"2026-04-04 18:53:35",https://wordpress.org/themes/toocheke/,,7.4,900
second-coming,"Second Coming",1.3.0,1.2.9,https://downloads.wordpress.org/theme/second-coming.1.3.0.zip,"2026-04-05 01:46:26",https://wordpress.org/themes/second-coming/,6.0,7.4,10
beauty-salon-lite,"Beauty Salon Lite",1.0.2,1.0.1,https://downloads.wordpress.org/theme/beauty-salon-lite.1.0.2.zip,"2026-04-05 04:16:36",https://wordpress.org/themes/beauty-salon-lite/,6.2,7.4,600
blossom-ecommerce,"Blossom eCommerce",1.0.3,1.0.2,https://downloads.wordpress.org/theme/blossom-ecommerce.1.0.3.zip,"2026-04-05 04:39:21",https://wordpress.org/themes/blossom-ecommerce/,6.2,7.4,100
blossom-floral,"Blossom Floral",1.1.2,1.1.1,https://downloads.wordpress.org/theme/blossom-floral.1.1.2.zip,"2026-04-05 04:40:13",https://wordpress.org/themes/blossom-floral/,6.2,7.4,300
blossom-magazine,"Blossom Magazine",1.1.2,1.1.1,https://downloads.wordpress.org/theme/blossom-magazine.1.1.2.zip,"2026-04-05 04:22:02",https://wordpress.org/themes/blossom-magazine/,6.2,7.4,900
blossom-studio,"Blossom Studio",1.1.1,1.1.0,https://downloads.wordpress.org/theme/blossom-studio.1.1.1.zip,"2026-04-05 04:33:58",https://wordpress.org/themes/blossom-studio/,6.2,7.4,100
blossom-wedding,"Blossom Wedding",1.1.6,1.1.5,https://downloads.wordpress.org/theme/blossom-wedding.1.1.6.zip,"2026-04-05 04:14:11",https://wordpress.org/themes/blossom-wedding/,6.2,7.4,400
business-coach,"Business Coach",1.0.3,1.0.2,https://downloads.wordpress.org/theme/business-coach.1.0.3.zip,"2026-04-05 04:20:14",https://wordpress.org/themes/business-coach/,6.2,7.4,100
career-coach,"Career Coach",1.0.5,1.0.4,https://downloads.wordpress.org/theme/career-coach.1.0.5.zip,"2026-04-05 04:41:40",https://wordpress.org/themes/career-coach/,6.2,7.4,100
coachpress-health,"CoachPress Health",1.0.6,1.0.5,https://downloads.wordpress.org/theme/coachpress-health.1.0.6.zip,"2026-04-05 04:34:22",https://wordpress.org/themes/coachpress-health/,6.2,7.4,100
coachpress-lite,"CoachPress Lite",1.2.6,1.2.5,https://downloads.wordpress.org/theme/coachpress-lite.1.2.6.zip,"2026-04-05 04:30:44",https://wordpress.org/themes/coachpress-lite/,6.2,7.4,600
cook-recipe,"Cook Recipe",1.0.4,1.0.3,https://downloads.wordpress.org/theme/cook-recipe.1.0.4.zip,"2026-04-05 04:45:08",https://wordpress.org/themes/cook-recipe/,6.2,7.4,300
cookery-lite,"Cookery Lite",1.1.7,1.1.6,https://downloads.wordpress.org/theme/cookery-lite.1.1.7.zip,"2026-04-05 04:31:44",https://wordpress.org/themes/cookery-lite/,6.2,7.4,500
elegant-travel,"Elegant Travel",1.0.3,1.0.2,https://downloads.wordpress.org/theme/elegant-travel.1.0.3.zip,"2026-04-05 04:20:54",https://wordpress.org/themes/elegant-travel/,6.2,7.4,100
fashion-lite,"Fashion Lite",1.0.3,1.0.2,https://downloads.wordpress.org/theme/fashion-lite.1.0.3.zip,"2026-04-05 04:39:00",https://wordpress.org/themes/fashion-lite/,6.2,7.4,500
fashion-pin,"Fashion Pin",1.0.3,1.0.2,https://downloads.wordpress.org/theme/fashion-pin.1.0.3.zip,"2026-04-05 04:37:55",https://wordpress.org/themes/fashion-pin/,6.2,7.4,100
fashionable-lite,"Fashionable Lite",1.0.2,1.0.1,https://downloads.wordpress.org/theme/fashionable-lite.1.0.2.zip,"2026-04-05 04:11:13",https://wordpress.org/themes/fashionable-lite/,6.2,7.4,500
hello-fashion,"Hello Fashion",1.0.4,1.0.3,https://downloads.wordpress.org/theme/hello-fashion.1.0.4.zip,"2026-04-05 04:33:04",https://wordpress.org/themes/hello-fashion/,6.2,7.4,1000
hello-travel,"Hello Travel",1.0.3,1.0.2,https://downloads.wordpress.org/theme/hello-travel.1.0.3.zip,"2026-04-05 04:42:59",https://wordpress.org/themes/hello-travel/,6.2,7.4,200
leadership-coach,"Leadership Coach",1.0.2,1.0.1,https://downloads.wordpress.org/theme/leadership-coach.1.0.2.zip,"2026-04-05 04:10:32",https://wordpress.org/themes/leadership-coach/,6.2,7.4,300
meditation-coach,"Meditation Coach",1.0.5,1.0.4,https://downloads.wordpress.org/theme/meditation-coach.1.0.5.zip,"2026-04-05 04:38:17",https://wordpress.org/themes/meditation-coach/,6.2,7.4,200
minimal-travel,"Minimal Travel",1.0.3,1.0.2,https://downloads.wordpress.org/theme/minimal-travel.1.0.3.zip,"2026-04-05 04:45:33",https://wordpress.org/themes/minimal-travel/,6.2,7.4,600
perfect-coach,"Perfect Coach",1.0.6,1.0.5,https://downloads.wordpress.org/theme/perfect-coach.1.0.6.zip,"2026-04-05 04:40:51",https://wordpress.org/themes/perfect-coach/,6.2,7.4,100
recipe-delights,"Recipe Delights",1.0.2,1.0.1,https://downloads.wordpress.org/theme/recipe-delights.1.0.2.zip,"2026-04-05 04:08:36",https://wordpress.org/themes/recipe-delights/,6.2,7.4,90
roofing-flooring,"Roofing Flooring",0.2.4,0.2.3,https://downloads.wordpress.org/theme/roofing-flooring.0.2.4.zip,"2026-04-05 04:41:33",https://wordpress.org/themes/roofing-flooring/,5.0,7.2,20
sarada-lite,"Sarada Lite",1.1.7,1.1.5,https://downloads.wordpress.org/theme/sarada-lite.1.1.7.zip,"2026-04-05 04:12:18",https://wordpress.org/themes/sarada-lite/,6.2,7.4,600
seva-business,"Seva Business",1.0.6,1.0.5,https://downloads.wordpress.org/theme/seva-business.1.0.6.zip,"2026-04-05 04:45:55",https://wordpress.org/themes/seva-business/,6.2,7.4,90
seva-lite,"Seva Lite",1.2.0,1.1.9,https://downloads.wordpress.org/theme/seva-lite.1.2.0.zip,"2026-04-05 04:44:25",https://wordpress.org/themes/seva-lite/,6.2,7.4,200
shopexcel,Shopexcel,1.1.0,1.0.8,https://downloads.wordpress.org/theme/shopexcel.1.1.0.zip,"2026-04-05 04:09:35",https://wordpress.org/themes/shopexcel/,6.2,7.4,200
skin-care-products,"Skin Care Products",0.2.4,0.2.3,https://downloads.wordpress.org/theme/skin-care-products.0.2.4.zip,"2026-04-05 04:40:52",https://wordpress.org/themes/skin-care-products/,5.0,7.2,50
smart-cleaning-company,"Smart Cleaning Company",2.4.7,2.4.6,https://downloads.wordpress.org/theme/smart-cleaning-company.2.4.7.zip,"2026-04-05 04:37:27",https://wordpress.org/themes/smart-cleaning-company/,5.0,7.2,80
smart-cleaning,"Smart Cleaning",4.8,4.7.9,https://downloads.wordpress.org/theme/smart-cleaning.4.8.zip,"2026-04-05 04:38:34",https://wordpress.org/themes/smart-cleaning/,5.0,7.2,100
smart-tech-blog,"Smart Tech Blog",0.5.9,0.5.8,https://downloads.wordpress.org/theme/smart-tech-blog.0.5.9.zip,"2026-04-05 04:36:11",https://wordpress.org/themes/smart-tech-blog/,5.0,7.2,100
soccer-football,"Soccer Football",1.9.5,1.9.4,https://downloads.wordpress.org/theme/soccer-football.1.9.5.zip,"2026-04-05 04:35:28",https://wordpress.org/themes/soccer-football/,5.0,7.2,100
social-media-marketing,"Social Media Marketing",0.1.9,0.1.8,https://downloads.wordpress.org/theme/social-media-marketing.0.1.9.zip,"2026-04-05 04:32:33",https://wordpress.org/themes/social-media-marketing/,5.0,7.2,70
spa-sauna,"Spa Sauna",0.1.9,0.1.8,https://downloads.wordpress.org/theme/spa-sauna.0.1.9.zip,"2026-04-05 04:30:31",https://wordpress.org/themes/spa-sauna/,5.0,7.2,30
spicy-recipe,"Spicy Recipe",1.0.4,1.0.3,https://downloads.wordpress.org/theme/spicy-recipe.1.0.4.zip,"2026-04-05 04:38:39",https://wordpress.org/themes/spicy-recipe/,6.2,7.4,400
store-eshop,"Store Eshop",0.1.8,0.1.7,https://downloads.wordpress.org/theme/store-eshop.0.1.8.zip,"2026-04-05 04:28:35",https://wordpress.org/themes/store-eshop/,5.0,7.2,100
stylish-fashion-shop,"Stylish Fashion Shop",1.5.1,1.5.0,https://downloads.wordpress.org/theme/stylish-fashion-shop.1.5.1.zip,"2026-04-05 04:27:15",https://wordpress.org/themes/stylish-fashion-shop/,5.0,7.2,60
supermarket-zone,"Supermarket Zone",2.4.8,2.4.7,https://downloads.wordpress.org/theme/supermarket-zone.2.4.8.zip,"2026-04-05 04:26:22",https://wordpress.org/themes/supermarket-zone/,5.0,7.2,60
timber-work,"Timber Work",0.0.3,0.0.2,https://downloads.wordpress.org/theme/timber-work.0.0.3.zip,"2026-04-05 04:23:32",https://wordpress.org/themes/timber-work/,5.0,7.2,10
tour-operator-agency,"Tour Operator Agency",0.7.7,0.7.6,https://downloads.wordpress.org/theme/tour-operator-agency.0.7.7.zip,"2026-04-05 04:21:46",https://wordpress.org/themes/tour-operator-agency/,,7.2,30
travel-diary,"Travel Diary",1.0.2,1.0.1,https://downloads.wordpress.org/theme/travel-diary.1.0.2.zip,"2026-04-05 04:10:03",https://wordpress.org/themes/travel-diary/,6.2,7.4,300
travel-nomad,"Travel Nomad",1.0.5,1.0.4,https://downloads.wordpress.org/theme/travel-nomad.1.0.5.zip,"2026-04-05 04:32:13",https://wordpress.org/themes/travel-nomad/,,7.4,800
traveller-agency,"Traveller Agency",2.0.8,2.0.6,https://downloads.wordpress.org/theme/traveller-agency.2.0.8.zip,"2026-04-05 04:18:55",https://wordpress.org/themes/traveller-agency/,5.0,7.2,100
tutor-academy,"Tutor Academy",2.4.9,2.4.8,https://downloads.wordpress.org/theme/tutor-academy.2.4.9.zip,"2026-04-05 04:17:46",https://wordpress.org/themes/tutor-academy/,5.0,7.2,40
vandana-lite,"Vandana Lite",1.2.4,1.2.3,https://downloads.wordpress.org/theme/vandana-lite.1.2.4.zip,"2026-04-05 04:13:12",https://wordpress.org/themes/vandana-lite/,6.2,7.4,600
vedic-spa,"Vedic Spa",1.0.3,1.0.2,https://downloads.wordpress.org/theme/vedic-spa.1.0.3.zip,"2026-04-05 04:41:16",https://wordpress.org/themes/vedic-spa/,6.2,7.4,800
wellness-coach-lite,"Wellness Coach Lite",1.1.4,1.1.3,https://downloads.wordpress.org/theme/wellness-coach-lite.1.1.4.zip,"2026-04-05 04:42:36",https://wordpress.org/themes/wellness-coach-lite/,6.2,7.4,70
yoga-fitness,"Yoga Fitness",1.0.4,1.0.3,https://downloads.wordpress.org/theme/yoga-fitness.1.0.4.zip,"2026-04-05 04:43:34",https://wordpress.org/themes/yoga-fitness/,6.2,7.4,400
yummy-recipe,"Yummy Recipe",1.0.3,1.0.2,https://downloads.wordpress.org/theme/yummy-recipe.1.0.3.zip,"2026-04-05 04:32:38",https://wordpress.org/themes/yummy-recipe/,6.2,7.4,2000
pet-care-store,"Pet Care Store",1.0,,https://downloads.wordpress.org/theme/pet-care-store.1.0.zip,"2026-04-05 04:46:09",https://wordpress.org/themes/pet-care-store/,5.9,5.6,0
upeo-magazine,"Upeo Magazine",1.0.0,,https://downloads.wordpress.org/theme/upeo-magazine.1.0.0.zip,"2026-04-05 03:46:00",https://wordpress.org/themes/upeo-magazine/,5.0,5.6,0
jewelry-market,"Jewelry Market",1.0.3,,https://downloads.wordpress.org/theme/jewelry-market.1.0.3.zip,"2026-04-05 07:16:10",https://wordpress.org/themes/jewelry-market/,6.0,7.2,0
lei,Lei,1.0.0,,https://downloads.wordpress.org/theme/lei.1.0.0.zip,"2026-04-05 06:01:16",https://wordpress.org/themes/lei/,6.5,7.4,0
online-mobile-accessories,"Online Mobile Accessories",1.0,,https://downloads.wordpress.org/theme/online-mobile-accessories.1.0.zip,"2026-04-05 07:16:19",https://wordpress.org/themes/online-mobile-accessories/,,7.0,0
strakture,Strakture,1.0.4,,https://downloads.wordpress.org/theme/strakture.1.0.4.zip,"2026-04-05 06:16:14",https://wordpress.org/themes/strakture/,5.8,7.0,0
kelsey,Kelsey,3.0,2.0.1,https://downloads.wordpress.org/theme/kelsey.3.0.zip,"2026-04-05 08:59:08",https://wordpress.org/themes/kelsey/,,5.6,100
creative-photography,"Creative Photography",1.0.0,,https://downloads.wordpress.org/theme/creative-photography.1.0.0.zip,"2026-04-05 08:16:09",https://wordpress.org/themes/creative-photography/,5.3,5.6,0
finix-investment-firm,"Finix Investment Firm",0.2,,https://downloads.wordpress.org/theme/finix-investment-firm.0.2.zip,"2026-04-05 07:31:57",https://wordpress.org/themes/finix-investment-firm/,5.0,5.6,0
gigantic-marketing,"Gigantic Marketing",1.0.1,,https://downloads.wordpress.org/theme/gigantic-marketing.1.0.1.zip,"2026-04-05 08:46:14",https://wordpress.org/themes/gigantic-marketing/,6.0,5.6,0
blockskit-portfolio,"Blockskit Portfolio",1.0.0,,https://downloads.wordpress.org/theme/blockskit-portfolio.1.0.0.zip,"2026-04-05 09:31:56",https://wordpress.org/themes/blockskit-portfolio/,6.0,5.6,0
coffee-espresso,"Coffee Espresso",1.0.0,,https://downloads.wordpress.org/theme/coffee-espresso.1.0.0.zip,"2026-04-05 09:46:04",https://wordpress.org/themes/coffee-espresso/,,7.4,0
marble-st,"Marble St",1.0.0,,https://downloads.wordpress.org/theme/marble-st.1.0.0.zip,"2026-04-05 09:32:04",https://wordpress.org/themes/marble-st/,6.4,7.4,0
strategica,Strategica,1.0.0,,https://downloads.wordpress.org/theme/strategica.1.0.0.zip,"2026-04-05 09:16:11",https://wordpress.org/themes/strategica/,5.9,7.4,0
feminine-blog-fse,"Feminine Blog FSE",1.0.4,1.0.3,https://downloads.wordpress.org/theme/feminine-blog-fse.1.0.4.zip,"2026-04-05 10:51:08",https://wordpress.org/themes/feminine-blog-fse/,6.7,7.2,100
globetrotter,Globetrotter,3.0,2.0.1,https://downloads.wordpress.org/theme/globetrotter.3.0.zip,"2026-04-05 10:08:31",https://wordpress.org/themes/globetrotter/,5.9,5.6,100
vintuna,Vintuna,1.0.3,1.0.2,https://downloads.wordpress.org/theme/vintuna.1.0.3.zip,"2026-04-05 10:23:37",https://wordpress.org/themes/vintuna/,5.9,5.6,60
personal-tutor,"Personal Tutor",0.0.2,,https://downloads.wordpress.org/theme/personal-tutor.0.0.2.zip,"2026-04-05 10:46:04",https://wordpress.org/themes/personal-tutor/,5.0,7.2,0
business-coach-blocks,"Business Coach Blocks",1.9.5,1.9.4,https://downloads.wordpress.org/theme/business-coach-blocks.1.9.5.zip,"2026-04-05 10:58:38",https://wordpress.org/themes/business-coach-blocks/,6.0,7.2,100
business-lounge,"Business Lounge",1.5.9,1.5.8,https://downloads.wordpress.org/theme/business-lounge.1.5.9.zip,"2026-04-05 11:00:19",https://wordpress.org/themes/business-lounge/,6.0,7.2,10
cctv-security-system,"CCTV Security System",1.4.8,1.4.7,https://downloads.wordpress.org/theme/cctv-security-system.1.4.8.zip,"2026-04-05 11:01:28",https://wordpress.org/themes/cctv-security-system/,6.0,7.2,200
corporate-blocks,"Corporate Blocks",1.5.2,1.5.1,https://downloads.wordpress.org/theme/corporate-blocks.1.5.2.zip,"2026-04-05 11:02:29",https://wordpress.org/themes/corporate-blocks/,6.0,7.2,400
fitness-blocks,"Fitness Blocks",1.4.2,1.4.1,https://downloads.wordpress.org/theme/fitness-blocks.1.4.2.zip,"2026-04-05 11:03:33",https://wordpress.org/themes/fitness-blocks/,6.0,7.2,20
landscape-farm,"Landscape Farm",1.4.9,1.4.8,https://downloads.wordpress.org/theme/landscape-farm.1.4.9.zip,"2026-04-05 11:05:30",https://wordpress.org/themes/landscape-farm/,6.0,7.2,100
lifestyle-blogger,"Lifestyle Blogger",1.4.8,1.4.7,https://downloads.wordpress.org/theme/lifestyle-blogger.1.4.8.zip,"2026-04-05 11:06:51",https://wordpress.org/themes/lifestyle-blogger/,6.0,7.2,50
luxury-watches,"Luxury Watches",1.4.9,1.4.8,https://downloads.wordpress.org/theme/luxury-watches.1.4.9.zip,"2026-04-05 11:07:54",https://wordpress.org/themes/luxury-watches/,6.0,7.2,100
movie-cinema-blocks,"Movie Cinema Blocks",1.5.0,1.4.9,https://downloads.wordpress.org/theme/movie-cinema-blocks.1.5.0.zip,"2026-04-05 11:09:15",https://wordpress.org/themes/movie-cinema-blocks/,6.0,7.2,100
physiotherapy-clinic,"Physiotherapy Clinic",1.4.2,1.4.1,https://downloads.wordpress.org/theme/physiotherapy-clinic.1.4.2.zip,"2026-04-05 11:10:15",https://wordpress.org/themes/physiotherapy-clinic/,6.0,7.2,100
plumber-works,"Plumber Works",1.4.9,1.4.8,https://downloads.wordpress.org/theme/plumber-works.1.4.9.zip,"2026-04-05 11:12:37",https://wordpress.org/themes/plumber-works/,6.0,7.2,100
radiant-mega-shop,"Radiant Mega Shop",1.4.4,1.4.3,https://downloads.wordpress.org/theme/radiant-mega-shop.1.4.4.zip,"2026-04-05 11:13:37",https://wordpress.org/themes/radiant-mega-shop/,6.0,7.2,70
rt-education-school,"RT Education School",1.3.3,1.3.2,https://downloads.wordpress.org/theme/rt-education-school.1.3.3.zip,"2026-04-05 11:14:54",https://wordpress.org/themes/rt-education-school/,6.0,7.2,200
soccer-club,"Soccer Club",1.4.2,1.4.1,https://downloads.wordpress.org/theme/soccer-club.1.4.2.zip,"2026-04-05 11:15:59",https://wordpress.org/themes/soccer-club/,6.0,7.2,100
software-cms,"Software CMS",1.3.2,1.3.1,https://downloads.wordpress.org/theme/software-cms.1.3.2.zip,"2026-04-05 11:17:19",https://wordpress.org/themes/software-cms/,6.0,5.6,60
strakture,Strakture,1.0.5,1.0.4,https://downloads.wordpress.org/theme/strakture.1.0.5.zip,"2026-04-05 11:27:00",https://wordpress.org/themes/strakture/,5.8,7.0,0
strategica,Strategica,1.0.1,1.0.0,https://downloads.wordpress.org/theme/strategica.1.0.1.zip,"2026-04-05 12:46:17",https://wordpress.org/themes/strategica/,5.9,7.4,0
adas-portfolio,"Adas Portfolio",1.6.1,1.6,https://downloads.wordpress.org/theme/adas-portfolio.1.6.1.zip,"2026-04-05 14:12:26",https://wordpress.org/themes/adas-portfolio/,,7.4,50
magazine-fse,"Magazine FSE",1.0.3,1.0.2,https://downloads.wordpress.org/theme/magazine-fse.1.0.3.zip,"2026-04-05 13:37:07",https://wordpress.org/themes/magazine-fse/,6.7,7.2,200
newspare,NewSpare,3.1.3,3.1.2,https://downloads.wordpress.org/theme/newspare.3.1.3.zip,"2026-04-05 16:49:34",https://wordpress.org/themes/newspare/,5.0,5.0,100
salecraft-ecommerce,"SaleCraft Ecommerce",1.0.1,,https://downloads.wordpress.org/theme/salecraft-ecommerce.1.0.1.zip,"2026-04-05 16:31:47",https://wordpress.org/themes/salecraft-ecommerce/,6.1,7.2,0
architect-contractor,"Architect Contractor",1.3.8,1.3.7,https://downloads.wordpress.org/theme/architect-contractor.1.3.8.zip,"2026-04-05 17:01:41",https://wordpress.org/themes/architect-contractor/,5.3,7.2,20
carpenter-shop,"Carpenter Shop",1.2.8,1.2.7,https://downloads.wordpress.org/theme/carpenter-shop.1.2.8.zip,"2026-04-05 17:05:02",https://wordpress.org/themes/carpenter-shop/,5.3,5.6,20
cleaning-maintenance,"Cleaning Maintenance",1.3.2,1.3.1,https://downloads.wordpress.org/theme/cleaning-maintenance.1.3.2.zip,"2026-04-05 17:02:50",https://wordpress.org/themes/cleaning-maintenance/,5.3,7.2,20
electronics-storefront,"Electronics Storefront",1.3.0,1.2.9,https://downloads.wordpress.org/theme/electronics-storefront.1.3.0.zip,"2026-04-05 16:59:56",https://wordpress.org/themes/electronics-storefront/,5.3,7.2,100
grocery-shopping-store,"Grocery Shopping Store",1.2.6,1.2.5,https://downloads.wordpress.org/theme/grocery-shopping-store.1.2.6.zip,"2026-04-05 16:57:57",https://wordpress.org/themes/grocery-shopping-store/,5.5,7.2,900
listdomer,Listdomer,4.3.0,4.2.0,https://downloads.wordpress.org/theme/listdomer.4.3.0.zip,"2026-04-05 17:29:14",https://wordpress.org/themes/listdomer/,5.3,7.4,500
omega-blogger,"Omega Blogger",1.3.0,1.2.9,https://downloads.wordpress.org/theme/omega-blogger.1.3.0.zip,"2026-04-05 16:59:02",https://wordpress.org/themes/omega-blogger/,5.3,7.2,60
omega-storefront,"Omega Storefront",1.2.6,1.2.5,https://downloads.wordpress.org/theme/omega-storefront.1.2.6.zip,"2026-04-05 17:11:44",https://wordpress.org/themes/omega-storefront/,5.3,7.2,70
omega-travel-agents,"Omega Travel Agents",1.2.4,1.2.3,https://downloads.wordpress.org/theme/omega-travel-agents.1.2.4.zip,"2026-04-05 17:13:15",https://wordpress.org/themes/omega-travel-agents/,5.3,7.2,40
ott-vlogger,"OTT Vlogger",1.2.7,1.2.6,https://downloads.wordpress.org/theme/ott-vlogger.1.2.7.zip,"2026-04-05 17:06:22",https://wordpress.org/themes/ott-vlogger/,5.3,7.2,20
plumbing-technician,"Plumbing Technician",1.2.7,1.2.6,https://downloads.wordpress.org/theme/plumbing-technician.1.2.7.zip,"2026-04-05 17:09:44",https://wordpress.org/themes/plumbing-technician/,5.5,7.2,20
sneakers-sports-shoes,"Sneakers Sports Shoes",1.2.4,1.2.3,https://downloads.wordpress.org/theme/sneakers-sports-shoes.1.2.4.zip,"2026-04-05 17:08:19",https://wordpress.org/themes/sneakers-sports-shoes/,5.3,7.2,80
training-institute-academy,"Training Institute Academy",1.2.7,1.2.6,https://downloads.wordpress.org/theme/training-institute-academy.1.2.7.zip,"2026-04-05 17:07:17",https://wordpress.org/themes/training-institute-academy/,5.5,7.2,20
newspaper-fse,"Newspaper FSE",1.0.2,1.0.1,https://downloads.wordpress.org/theme/newspaper-fse.1.0.2.zip,"2026-04-05 18:39:36",https://wordpress.org/themes/newspaper-fse/,6.7,7.2,100
minimal-blog-nova,"Minimal Blog Nova",1.0.7,1.0.6,https://downloads.wordpress.org/theme/minimal-blog-nova.1.0.7.zip,"2026-04-05 19:40:36",https://wordpress.org/themes/minimal-blog-nova/,6.7,7.2,100
strakture,Strakture,1.0.6,1.0.5,https://downloads.wordpress.org/theme/strakture.1.0.6.zip,"2026-04-06 03:12:50",https://wordpress.org/themes/strakture/,5.8,7.0,0
book-review-blog,"Book Review Blog",1.4.2,1.4.1,https://downloads.wordpress.org/theme/book-review-blog.1.4.2.zip,"2026-04-06 05:58:43",https://wordpress.org/themes/book-review-blog/,5.0,8.0,400
business-school,"Business School",0.4.6,0.4.5,https://downloads.wordpress.org/theme/business-school.0.4.6.zip,"2026-04-06 04:57:30",https://wordpress.org/themes/business-school/,5.0,5.6,60
car-exhibition,"Car Exhibition",0.1.7,0.1.5,https://downloads.wordpress.org/theme/car-exhibition.0.1.7.zip,"2026-04-06 04:57:16",https://wordpress.org/themes/car-exhibition/,5.0,5.6,100
car-service,"Car Service",6.4.0,6.3.9,https://downloads.wordpress.org/theme/car-service.6.4.0.zip,"2026-04-06 04:56:58",https://wordpress.org/themes/car-service/,5.0,5.6,100
car-services-center,"Car Services Center",2.3.8,2.3.7,https://downloads.wordpress.org/theme/car-services-center.2.3.8.zip,"2026-04-06 04:56:45",https://wordpress.org/themes/car-services-center/,5.0,5.6,40
christmas-event,"Christmas Event",0.3.4,0.3.3,https://downloads.wordpress.org/theme/christmas-event.0.3.4.zip,"2026-04-06 04:56:34",https://wordpress.org/themes/christmas-event/,5.0,5.6,20
classic-artificial-intelligence,"Classic Artificial Intelligence",0.3.9,0.3.8,https://downloads.wordpress.org/theme/classic-artificial-intelligence.0.3.9.zip,"2026-04-06 04:56:29",https://wordpress.org/themes/classic-artificial-intelligence/,5.0,5.6,50
classic-attorney,"Classic Attorney",0.2.9,0.2.8,https://downloads.wordpress.org/theme/classic-attorney.0.2.9.zip,"2026-04-06 04:56:20",https://wordpress.org/themes/classic-attorney/,5.0,5.6,30
classic-bakery,"Classic Bakery",1.4.6,1.4.5,https://downloads.wordpress.org/theme/classic-bakery.1.4.6.zip,"2026-04-06 04:56:07",https://wordpress.org/themes/classic-bakery/,5.0,5.6,100
classic-barbershop,"Classic Barbershop",0.9.8,0.9.7,https://downloads.wordpress.org/theme/classic-barbershop.0.9.8.zip,"2026-04-06 04:55:53",https://wordpress.org/themes/classic-barbershop/,5.0,5.6,50
classic-beauty-parlour,"Classic Beauty Parlour",2.2.2,2.2.1,https://downloads.wordpress.org/theme/classic-beauty-parlour.2.2.2.zip,"2026-04-06 04:55:34",https://wordpress.org/themes/classic-beauty-parlour/,5.0,5.6,30
clothing-store,"Clothing Store",6.5,6.4,https://downloads.wordpress.org/theme/clothing-store.6.5.zip,"2026-04-06 03:55:54",https://wordpress.org/themes/clothing-store/,5.0,5.6,100
dental-insight,"Dental Insight",8.3,8.2,https://downloads.wordpress.org/theme/dental-insight.8.3.zip,"2026-04-06 03:55:08",https://wordpress.org/themes/dental-insight/,5.0,5.6,100
fitness-instructor,"Fitness Instructor",1.0.2,1.0.1,https://downloads.wordpress.org/theme/fitness-instructor.1.0.2.zip,"2026-04-06 06:02:24",https://wordpress.org/themes/fitness-instructor/,5.9,7.2,10
green-farm,"Green Farm",7.0,6.9,https://downloads.wordpress.org/theme/green-farm.7.0.zip,"2026-04-06 03:54:32",https://wordpress.org/themes/green-farm/,5.0,5.6,300
lyna,Lyna,2.0,1.2.3,https://downloads.wordpress.org/theme/lyna.2.0.zip,"2026-04-06 04:12:32",https://wordpress.org/themes/lyna/,5.9,5.6,200
medical-insight,"Medical Insight",7.6,7.5,https://downloads.wordpress.org/theme/medical-insight.7.6.zip,"2026-04-06 03:53:49",https://wordpress.org/themes/medical-insight/,5.0,5.6,80
minimal-education,"Minimal Education",7.9,7.8,https://downloads.wordpress.org/theme/minimal-education.7.9.zip,"2026-04-06 03:53:17",https://wordpress.org/themes/minimal-education/,5.0,5.6,100
modern-ecommerce,"Modern Ecommerce",8.9,8.8,https://downloads.wordpress.org/theme/modern-ecommerce.8.9.zip,"2026-04-06 03:52:45",https://wordpress.org/themes/modern-ecommerce/,5.0,5.6,100
motivational-speaker,"Motivational Speaker",6.4,6.3,https://downloads.wordpress.org/theme/motivational-speaker.6.4.zip,"2026-04-06 03:52:02",https://wordpress.org/themes/motivational-speaker/,5.0,5.6,30
ngo-charity-donation,"NGO Charity Donation",9.5,9.4,https://downloads.wordpress.org/theme/ngo-charity-donation.9.5.zip,"2026-04-06 03:51:14",https://wordpress.org/themes/ngo-charity-donation/,5.0,5.6,100
pc-gaming,"PC Gaming",4.5,4.4,https://downloads.wordpress.org/theme/pc-gaming.4.5.zip,"2026-04-06 06:04:04",https://wordpress.org/themes/pc-gaming/,5.9,5.6,70
real-estate-valuation,"Real Estate Valuation",4.1,4.0,https://downloads.wordpress.org/theme/real-estate-valuation.4.1.zip,"2026-04-06 06:03:11",https://wordpress.org/themes/real-estate-valuation/,5.9,5.6,90
recycling-energy,"Recycling Energy",5.9,5.8,https://downloads.wordpress.org/theme/recycling-energy.5.9.zip,"2026-04-06 03:50:03",https://wordpress.org/themes/recycling-energy/,5.0,5.6,100
senior-care-lite,"Senior Care Lite",5.8,5.7,https://downloads.wordpress.org/theme/senior-care-lite.5.8.zip,"2026-04-06 03:49:10",https://wordpress.org/themes/senior-care-lite/,5.0,5.6,200
shopper-ecommerce,"Shopper Ecommerce",6.8,6.7,https://downloads.wordpress.org/theme/shopper-ecommerce.6.8.zip,"2026-04-06 03:48:13",https://wordpress.org/themes/shopper-ecommerce/,5.0,5.6,100
t-shirt-clothing,"T-Shirt Clothing",5.9,5.8,https://downloads.wordpress.org/theme/t-shirt-clothing.5.9.zip,"2026-04-06 03:47:40",https://wordpress.org/themes/t-shirt-clothing/,5.0,5.6,100
fundraiser-nonprofit,"Fundraiser Nonprofit",1.0.1,,https://downloads.wordpress.org/theme/fundraiser-nonprofit.1.0.1.zip,"2026-04-06 05:16:15",https://wordpress.org/themes/fundraiser-nonprofit/,6.0,5.6,0
agency-firm,"Agency Firm",3.2,3.1,https://downloads.wordpress.org/theme/agency-firm.3.2.zip,"2026-04-06 07:26:22",https://wordpress.org/themes/agency-firm/,,5.6,100
agency-street,"Agency Street",7.6,7.5,https://downloads.wordpress.org/theme/agency-street.7.6.zip,"2026-04-06 07:26:45",https://wordpress.org/themes/agency-street/,,5.6,100
alberta,Alberta,11.4,11.3,https://downloads.wordpress.org/theme/alberta.11.4.zip,"2026-04-06 07:27:13",https://wordpress.org/themes/alberta/,,5.6,100
architect-design,"Architect Design",3.7.0,3.6.9,https://downloads.wordpress.org/theme/architect-design.3.7.0.zip,"2026-04-06 07:27:46",https://wordpress.org/themes/architect-design/,,5.6,300
architecto,Architecto,10.2,10.1,https://downloads.wordpress.org/theme/architecto.10.2.zip,"2026-04-06 07:28:21",https://wordpress.org/themes/architecto/,,5.6,100
arilewp,ArileWP,3.14.8,3.14.7,https://downloads.wordpress.org/theme/arilewp.3.14.8.zip,"2026-04-06 07:28:56",https://wordpress.org/themes/arilewp/,,5.6,1000
aromatic,Aromatic,26.4,26.3,https://downloads.wordpress.org/theme/aromatic.26.4.zip,"2026-04-06 06:53:03",https://wordpress.org/themes/aromatic/,4.7,5.6,100
ayroma,Ayroma,25.7,25.6,https://downloads.wordpress.org/theme/ayroma.25.7.zip,"2026-04-06 06:53:40",https://wordpress.org/themes/ayroma/,4.7,5.6,100
blogmarks,BlogMarks,1.1.1,1.1.0,https://downloads.wordpress.org/theme/blogmarks.1.1.1.zip,"2026-04-06 06:36:14",https://wordpress.org/themes/blogmarks/,5.3,5.6,200
business-street,"Business Street",3.3.1,3.3.0,https://downloads.wordpress.org/theme/business-street.3.3.1.zip,"2026-04-06 07:29:21",https://wordpress.org/themes/business-street/,,5.6,200
carpet-store,"Carpet Store",4.6,4.5,https://downloads.wordpress.org/theme/carpet-store.4.6.zip,"2026-04-06 06:09:34",https://wordpress.org/themes/carpet-store/,5.9,5.6,30
daily-mart,"Daily Mart",4.7,4.6,https://downloads.wordpress.org/theme/daily-mart.4.7.zip,"2026-04-06 06:54:41",https://wordpress.org/themes/daily-mart/,,5.6,30
decorpress,DecorPress,3.2.6,3.2.5,https://downloads.wordpress.org/theme/decorpress.3.2.6.zip,"2026-04-06 07:29:50",https://wordpress.org/themes/decorpress/,,5.6,100
designhub,DesignHub,12.6,12.5,https://downloads.wordpress.org/theme/designhub.12.6.zip,"2026-04-06 07:30:49",https://wordpress.org/themes/designhub/,,5.6,100
eco-green,"Eco Green",4.8,4.7,https://downloads.wordpress.org/theme/eco-green.4.8.zip,"2026-04-06 06:07:43",https://wordpress.org/themes/eco-green/,5.9,5.6,200
eco-solar-energy,"Eco Solar Energy",1.0.40,1.0.39,https://downloads.wordpress.org/theme/eco-solar-energy.1.0.40.zip,"2026-04-06 07:01:19",https://wordpress.org/themes/eco-solar-energy/,,7.4,10
electromix-digital,"Electromix Digital",1.1,1.0,https://downloads.wordpress.org/theme/electromix-digital.1.1.zip,"2026-04-06 07:02:51",https://wordpress.org/themes/electromix-digital/,,5.6,20
electromix-tech,"Electromix Tech",1.0,0.2,https://downloads.wordpress.org/theme/electromix-tech.1.0.zip,"2026-04-06 07:03:25",https://wordpress.org/themes/electromix-tech/,,5.6,20
electromix,Electromix,1.7,1.6,https://downloads.wordpress.org/theme/electromix.1.7.zip,"2026-04-06 07:00:40",https://wordpress.org/themes/electromix/,4.7,5.6,60
elmira,Elmira,1.6,1.5,https://downloads.wordpress.org/theme/elmira.1.6.zip,"2026-04-06 07:31:54",https://wordpress.org/themes/elmira/,,5.6,100
etowah,Etowah,6.4,6.3,https://downloads.wordpress.org/theme/etowah.6.4.zip,"2026-04-06 07:32:23",https://wordpress.org/themes/etowah/,,5.6,80
express-store,"Express Store",21.8,21.7,https://downloads.wordpress.org/theme/express-store.21.8.zip,"2026-04-06 07:03:51",https://wordpress.org/themes/express-store/,,5.6,40
feauty,Feauty,25.6,25.5,https://downloads.wordpress.org/theme/feauty.25.6.zip,"2026-04-06 07:04:51",https://wordpress.org/themes/feauty/,4.7,5.6,100
flexi-mart,"Flexi Mart",12.8,12.7,https://downloads.wordpress.org/theme/flexi-mart.12.8.zip,"2026-04-06 07:05:17",https://wordpress.org/themes/flexi-mart/,,5.6,10
flossy,Flossy,18.2,18.1,https://downloads.wordpress.org/theme/flossy.18.2.zip,"2026-04-06 07:05:52",https://wordpress.org/themes/flossy/,4.7,5.6,40
flow-store,"Flow Store",13.9,13.8,https://downloads.wordpress.org/theme/flow-store.13.9.zip,"2026-04-06 07:06:13",https://wordpress.org/themes/flow-store/,,5.6,20
fresno,Fresno,13.7,13.6,https://downloads.wordpress.org/theme/fresno.13.7.zip,"2026-04-06 07:33:13",https://wordpress.org/themes/fresno/,,5.6,300
grocerly,Grocerly,4.1,4.0,https://downloads.wordpress.org/theme/grocerly.4.1.zip,"2026-04-06 07:06:53",https://wordpress.org/themes/grocerly/,,5.6,80
hague-firm,"Hague Firm",2.4,2.3,https://downloads.wordpress.org/theme/hague-firm.2.4.zip,"2026-04-06 07:33:40",https://wordpress.org/themes/hague-firm/,,5.6,80
innopress,InnoPress,8.0,7.9,https://downloads.wordpress.org/theme/innopress.8.0.zip,"2026-04-06 07:34:05",https://wordpress.org/themes/innopress/,,5.6,100
interior-craft,"Interior Craft",2.1,2.0,https://downloads.wordpress.org/theme/interior-craft.2.1.zip,"2026-04-06 07:34:40",https://wordpress.org/themes/interior-craft/,,5.6,100
interior-space,"Interior Space",3.0,2.9,https://downloads.wordpress.org/theme/interior-space.3.0.zip,"2026-04-06 07:35:45",https://wordpress.org/themes/interior-space/,,5.6,200
interior-startup,"Interior Startup",4.3,4.2,https://downloads.wordpress.org/theme/interior-startup.4.3.zip,"2026-04-06 07:36:19",https://wordpress.org/themes/interior-startup/,,5.6,200
interiorpress,InteriorPress,2.9.3,2.9.2,https://downloads.wordpress.org/theme/interiorpress.2.9.3.zip,"2026-04-06 07:35:16",https://wordpress.org/themes/interiorpress/,,5.6,700
kindergarten-learning,"Kindergarten Learning",3.8,3.7,https://downloads.wordpress.org/theme/kindergarten-learning.3.8.zip,"2026-04-06 06:08:31",https://wordpress.org/themes/kindergarten-learning/,5.9,5.6,30
mega-mart,"Mega Mart",4.4,4.3,https://downloads.wordpress.org/theme/mega-mart.4.4.zip,"2026-04-06 07:07:34",https://wordpress.org/themes/mega-mart/,4.7,5.6,60
newyork-city,"NewYork City",3.2.5,3.2.4,https://downloads.wordpress.org/theme/newyork-city.3.2.5.zip,"2026-04-06 07:36:56",https://wordpress.org/themes/newyork-city/,,5.6,100
outdoor-restaurant,"Outdoor Restaurant",4.6,4.5,https://downloads.wordpress.org/theme/outdoor-restaurant.4.6.zip,"2026-04-06 06:06:56",https://wordpress.org/themes/outdoor-restaurant/,5.9,5.6,300
paw-bazaar,"Paw Bazaar",9.6,9.5,https://downloads.wordpress.org/theme/paw-bazaar.9.6.zip,"2026-04-06 07:09:17",https://wordpress.org/themes/paw-bazaar/,,5.6,10
pet-bazaar,"Pet Bazaar",10.4,10.3,https://downloads.wordpress.org/theme/pet-bazaar.10.4.zip,"2026-04-06 07:09:57",https://wordpress.org/themes/pet-bazaar/,4.7,5.6,80
pet-store,"Pet Store",9.2,9.1,https://downloads.wordpress.org/theme/pet-store.9.2.zip,"2026-04-06 07:10:18",https://wordpress.org/themes/pet-store/,,5.6,80
retailsy,Retailsy,25.7,25.6,https://downloads.wordpress.org/theme/retailsy.25.7.zip,"2026-04-06 07:10:50",https://wordpress.org/themes/retailsy/,4.7,5.6,400
roseville-blog,"Roseville Blog",5.6,5.5,https://downloads.wordpress.org/theme/roseville-blog.5.6.zip,"2026-04-06 07:37:45",https://wordpress.org/themes/roseville-blog/,,5.6,70
sayre,Sayre,3.4,3.3,https://downloads.wordpress.org/theme/sayre.3.4.zip,"2026-04-06 07:38:10",https://wordpress.org/themes/sayre/,,5.6,50
shopient,Shopient,25.6,25.5,https://downloads.wordpress.org/theme/shopient.25.6.zip,"2026-04-06 07:11:14",https://wordpress.org/themes/shopient/,4.7,5.6,1000
shopiva,Shopiva,25.6,25.5,https://downloads.wordpress.org/theme/shopiva.25.6.zip,"2026-04-06 07:12:15",https://wordpress.org/themes/shopiva/,4.7,5.6,200
shoply,Shoply,25.7,25.6,https://downloads.wordpress.org/theme/shoply.25.7.zip,"2026-04-06 07:13:08",https://wordpress.org/themes/shoply/,4.7,5.6,400
silverstorm,Silverstorm,1.0.30,1.0.17,https://downloads.wordpress.org/theme/silverstorm.1.0.30.zip,"2026-04-06 08:00:36",https://wordpress.org/themes/silverstorm/,,5.8,8000
simplehomepage,SimpleHomepage,7.42.0,7.41.2,https://downloads.wordpress.org/theme/simplehomepage.7.42.0.zip,"2026-04-06 07:38:39",https://wordpress.org/themes/simplehomepage/,,7.2,100
storefit,Storefit,20.3,20.2,https://downloads.wordpress.org/theme/storefit.20.3.zip,"2026-04-06 07:14:05",https://wordpress.org/themes/storefit/,,5.6,20
storely,Storely,26.2,26.1,https://downloads.wordpress.org/theme/storely.26.2.zip,"2026-04-06 07:14:53",https://wordpress.org/themes/storely/,4.7,5.6,1000
storess,Storess,25.6,25.5,https://downloads.wordpress.org/theme/storess.25.6.zip,"2026-04-06 07:15:19",https://wordpress.org/themes/storess/,4.7,5.6,300
storezia,Storezia,25.7,25.6,https://downloads.wordpress.org/theme/storezia.25.7.zip,"2026-04-06 07:15:44",https://wordpress.org/themes/storezia/,4.7,5.6,400
strangerwp,StrangerWP,3.3.0,3.2.9,https://downloads.wordpress.org/theme/strangerwp.3.3.0.zip,"2026-04-06 07:38:42",https://wordpress.org/themes/strangerwp/,,5.6,200
super-mart,"Super Mart",4.2,4.1,https://downloads.wordpress.org/theme/super-mart.4.2.zip,"2026-04-06 07:16:15",https://wordpress.org/themes/super-mart/,,5.6,40
university-campus,"University Campus",1.0.7,1.0.6,https://downloads.wordpress.org/theme/university-campus.1.0.7.zip,"2026-04-06 07:32:58",https://wordpress.org/themes/university-campus/,6.9,7.4,0
vw-locksmith,"VW Locksmith",0.1.2,0.1.1,https://downloads.wordpress.org/theme/vw-locksmith.0.1.2.zip,"2026-04-06 06:53:41",https://wordpress.org/themes/vw-locksmith/,5.0,7.2,0
zervin,Zervin,5.1,5.0,https://downloads.wordpress.org/theme/zervin.5.1.zip,"2026-04-06 07:39:28",https://wordpress.org/themes/zervin/,,5.6,40
academic-institute,"Academic Institute",2.1.6,2.1.5,https://downloads.wordpress.org/theme/academic-institute.2.1.6.zip,"2026-04-06 08:19:39",https://wordpress.org/themes/academic-institute/,5.9,5.6,100
fse-agency,"FSE Agency",2.2.2,2.2.1,https://downloads.wordpress.org/theme/fse-agency.2.2.2.zip,"2026-04-06 08:17:41",https://wordpress.org/themes/fse-agency/,5.9,5.6,40
fse-baseball,"FSE Baseball",2.2.0,2.1.9,https://downloads.wordpress.org/theme/fse-baseball.2.2.0.zip,"2026-04-06 08:18:55",https://wordpress.org/themes/fse-baseball/,5.9,5.6,90
fse-education-school,"FSE Education School",3.1.6,3.1.5,https://downloads.wordpress.org/theme/fse-education-school.3.1.6.zip,"2026-04-06 08:15:49",https://wordpress.org/themes/fse-education-school/,5.9,5.6,100
fse-foodie-blog,"FSE Foodie Blog",2.3.2,2.3.1,https://downloads.wordpress.org/theme/fse-foodie-blog.2.3.2.zip,"2026-04-06 08:14:40",https://wordpress.org/themes/fse-foodie-blog/,5.9,5.6,200
fse-sports-arena,"FSE Sports Arena",1.2.6,1.2.5,https://downloads.wordpress.org/theme/fse-sports-arena.1.2.6.zip,"2026-04-06 08:25:24",https://wordpress.org/themes/fse-sports-arena/,5.9,5.6,100
fse-travel-agent,"FSE Travel Agent",1.3.1,1.3.0,https://downloads.wordpress.org/theme/fse-travel-agent.1.3.1.zip,"2026-04-06 08:23:01",https://wordpress.org/themes/fse-travel-agent/,5.9,5.6,20
garden-plant-shop,"Garden Plant Shop",2.1.7,2.1.6,https://downloads.wordpress.org/theme/garden-plant-shop.2.1.7.zip,"2026-04-06 08:06:58",https://wordpress.org/themes/garden-plant-shop/,5.9,5.6,200
lawn-care,"Lawn Care",0.4.8,0.4.7,https://downloads.wordpress.org/theme/lawn-care.0.4.8.zip,"2026-04-06 09:05:48",https://wordpress.org/themes/lawn-care/,5.0,7.2,400
outdoor-kitchen,"Outdoor Kitchen",1.2.9,1.2.8,https://downloads.wordpress.org/theme/outdoor-kitchen.1.2.9.zip,"2026-04-06 08:24:37",https://wordpress.org/themes/outdoor-kitchen/,,5.6,100
scary-halloween,"Scary Halloween",0.4.8,0.4.7,https://downloads.wordpress.org/theme/scary-halloween.0.4.8.zip,"2026-04-06 09:07:03",https://wordpress.org/themes/scary-halloween/,5.0,7.2,100
shoes-store,"Shoes Store",0.5.0,0.4.9,https://downloads.wordpress.org/theme/shoes-store.0.5.0.zip,"2026-04-06 09:07:53",https://wordpress.org/themes/shoes-store/,5.0,7.2,300
tennis-club,"Tennis Club",1.2.9,1.2.8,https://downloads.wordpress.org/theme/tennis-club.1.2.9.zip,"2026-04-06 08:21:25",https://wordpress.org/themes/tennis-club/,,5.6,100
toy-store-fse,"Toy Store FSE",1.2.9,1.2.8,https://downloads.wordpress.org/theme/toy-store-fse.1.2.9.zip,"2026-04-06 08:22:10",https://wordpress.org/themes/toy-store-fse/,5.9,5.6,100
vw-bakers,"VW Bakers",0.5.0,0.4.9,https://downloads.wordpress.org/theme/vw-bakers.0.5.0.zip,"2026-04-06 09:08:14",https://wordpress.org/themes/vw-bakers/,5.0,7.2,400
vw-car-rental,"VW Car Rental",1.4.7,1.4.6,https://downloads.wordpress.org/theme/vw-car-rental.1.4.7.zip,"2026-04-06 09:08:53",https://wordpress.org/themes/vw-car-rental/,5.0,7.2,200
vw-coaching-institute,"VW Coaching Institute",0.4.8,0.4.7,https://downloads.wordpress.org/theme/vw-coaching-institute.0.4.8.zip,"2026-04-06 09:09:06",https://wordpress.org/themes/vw-coaching-institute/,5.0,7.2,300
vw-gift-shop,"VW Gift Shop",0.6.1,0.6.0,https://downloads.wordpress.org/theme/vw-gift-shop.0.6.1.zip,"2026-04-06 09:06:10",https://wordpress.org/themes/vw-gift-shop/,5.0,7.2,100
vw-personal-trainer,"VW Personal Trainer",1.3.8,1.3.7,https://downloads.wordpress.org/theme/vw-personal-trainer.1.3.8.zip,"2026-04-06 09:06:18",https://wordpress.org/themes/vw-personal-trainer/,5.0,7.2,80
vw-portfolio,"VW Portfolio",1.3.8,1.3.7,https://downloads.wordpress.org/theme/vw-portfolio.1.3.8.zip,"2026-04-06 09:04:02",https://wordpress.org/themes/vw-portfolio/,5.0,7.2,100
vw-radio-station,"VW Radio Station",0.4.7,0.4.6,https://downloads.wordpress.org/theme/vw-radio-station.0.4.7.zip,"2026-04-06 08:12:04",https://wordpress.org/themes/vw-radio-station/,5.0,7.2,300
vw-security-guard,"VW Security Guard",1.3.5,1.3.3,https://downloads.wordpress.org/theme/vw-security-guard.1.3.5.zip,"2026-04-06 08:13:40",https://wordpress.org/themes/vw-security-guard/,5.0,7.2,200
vw-wholesaler,"VW Wholesaler",0.5.5,0.5.4,https://downloads.wordpress.org/theme/vw-wholesaler.0.5.5.zip,"2026-04-06 09:06:35",https://wordpress.org/themes/vw-wholesaler/,5.0,7.2,400
vw-writer-blog,"VW Writer Blog",1.4.1,1.4.0,https://downloads.wordpress.org/theme/vw-writer-blog.1.4.1.zip,"2026-04-06 09:02:12",https://wordpress.org/themes/vw-writer-blog/,5.0,7.2,300
academic-education,"Academic Education",0.7.2,0.7.1,https://downloads.wordpress.org/theme/academic-education.0.7.2.zip,"2026-04-06 09:41:22",https://wordpress.org/themes/academic-education/,5.0,7.2,100
accron,Accron,2.5.0,2.4.9,https://downloads.wordpress.org/theme/accron.2.5.0.zip,"2026-04-06 10:09:42",https://wordpress.org/themes/accron/,4.7,5.6,100
anavo,Anavo,3.2,3.1,https://downloads.wordpress.org/theme/anavo.3.2.zip,"2026-04-06 09:31:23",https://wordpress.org/themes/anavo/,4.7,5.6,30
appointo,Appointo,17.7,17.6,https://downloads.wordpress.org/theme/appointo.17.7.zip,"2026-04-06 10:10:34",https://wordpress.org/themes/appointo/,4.7,5.6,400
avira,Avira,19.9,19.8,https://downloads.wordpress.org/theme/avira.19.9.zip,"2026-04-06 09:32:21",https://wordpress.org/themes/avira/,4.7,5.6,600
avril,Avril,20.2,20.1,https://downloads.wordpress.org/theme/avril.20.2.zip,"2026-04-06 10:11:07",https://wordpress.org/themes/avril/,4.7,5.6,4000
benzer,Benzer,19.9,19.8,https://downloads.wordpress.org/theme/benzer.19.9.zip,"2026-04-06 09:32:40",https://wordpress.org/themes/benzer/,4.7,5.6,800
centrum,Centrum,2.3,2.2,https://downloads.wordpress.org/theme/centrum.2.3.zip,"2026-04-06 09:39:47",https://wordpress.org/themes/centrum/,4.7,5.6,80
colorpress,ColorPress,18.1,18.0,https://downloads.wordpress.org/theme/colorpress.18.1.zip,"2026-04-06 10:11:51",https://wordpress.org/themes/colorpress/,4.7,5.6,1000
conceptly,Conceptly,20.8,20.7,https://downloads.wordpress.org/theme/conceptly.20.8.zip,"2026-04-06 10:12:52",https://wordpress.org/themes/conceptly/,4.7,5.6,1000
contry,Contry,2.9,2.8,https://downloads.wordpress.org/theme/contry.2.9.zip,"2026-04-06 09:40:08",https://wordpress.org/themes/contry/,4.7,5.6,30
corpex,Corpex,13.8,13.7,https://downloads.wordpress.org/theme/corpex.13.8.zip,"2026-04-06 10:13:55",https://wordpress.org/themes/corpex/,4.7,5.6,100
cosmetic-store,"Cosmetic Store",6.4,6.3,https://downloads.wordpress.org/theme/cosmetic-store.6.4.zip,"2026-04-06 09:55:06",https://wordpress.org/themes/cosmetic-store/,5.0,7.2,70
daily-journal-dicot,"Daily Journal Dicot",1.0.2,1.0.1,https://downloads.wordpress.org/theme/daily-journal-dicot.1.0.2.zip,"2026-04-06 11:02:47",https://wordpress.org/themes/daily-journal-dicot/,6.7,7.2,100
ecommerce-mega-store,"Ecommerce Mega Store",6.0,5.9,https://downloads.wordpress.org/theme/ecommerce-mega-store.6.0.zip,"2026-04-06 09:54:18",https://wordpress.org/themes/ecommerce-mega-store/,5.0,7.2,100
eduvert,Eduvert,19.9,19.8,https://downloads.wordpress.org/theme/eduvert.19.9.zip,"2026-04-06 10:14:42",https://wordpress.org/themes/eduvert/,4.7,5.6,500
elementic,Elementic,1.1.0,1.0.3,https://downloads.wordpress.org/theme/elementic.1.1.0.zip,"2026-04-06 09:59:42",https://wordpress.org/themes/elementic/,6.5,8.0,200
envitech,Envitech,11.4,11.3,https://downloads.wordpress.org/theme/envitech.11.4.zip,"2026-04-06 09:41:01",https://wordpress.org/themes/envitech/,,7.0,50
excavator,Excavator,0.2.1,0.2.0,https://downloads.wordpress.org/theme/excavator.0.2.1.zip,"2026-04-06 09:38:40",https://wordpress.org/themes/excavator/,5.0,7.2,30
exnova,Exnova,9.2,9.1,https://downloads.wordpress.org/theme/exnova.9.2.zip,"2026-04-06 09:41:23",https://wordpress.org/themes/exnova/,4.7,5.6,50
fabify,Fabify,19.9,19.8,https://downloads.wordpress.org/theme/fabify.19.9.zip,"2026-04-06 09:42:02",https://wordpress.org/themes/fabify/,4.7,5.6,800
flavita,Flavita,18.3,18.2,https://downloads.wordpress.org/theme/flavita.18.3.zip,"2026-04-06 10:15:02",https://wordpress.org/themes/flavita/,4.7,5.6,2000
gaming-lite,"Gaming Lite",6.3,6.2,https://downloads.wordpress.org/theme/gaming-lite.6.3.zip,"2026-04-06 09:53:34",https://wordpress.org/themes/gaming-lite/,5.0,7.2,100
gradiant,Gradiant,20.7,20.6,https://downloads.wordpress.org/theme/gradiant.20.7.zip,"2026-04-06 10:15:43",https://wordpress.org/themes/gradiant/,4.7,5.6,2000
hantus,Hantus,20.9,20.8,https://downloads.wordpress.org/theme/hantus.20.9.zip,"2026-04-06 10:16:32",https://wordpress.org/themes/hantus/,4.7,5.6,1000
medazin,Medazin,17.7,17.6,https://downloads.wordpress.org/theme/medazin.17.7.zip,"2026-04-06 10:17:14",https://wordpress.org/themes/medazin/,4.7,5.6,300
medical-clinic-lite,"Medical Clinic Lite",1.7.2,1.7.1,https://downloads.wordpress.org/theme/medical-clinic-lite.1.7.2.zip,"2026-04-06 09:52:30",https://wordpress.org/themes/medical-clinic-lite/,5.0,7.2,100
modern-architecture,"Modern Architecture",0.6.0,0.5.9,https://downloads.wordpress.org/theme/modern-architecture.0.6.0.zip,"2026-04-06 09:36:41",https://wordpress.org/themes/modern-architecture/,5.0,7.2,100
news-25,"News 25",2.7,2.6,https://downloads.wordpress.org/theme/news-25.2.7.zip,"2026-04-06 10:19:21",https://wordpress.org/themes/news-25/,4.7,5.6,200
nexcraft,NexCraft,12.5,12.4,https://downloads.wordpress.org/theme/nexcraft.12.5.zip,"2026-04-06 10:22:13",https://wordpress.org/themes/nexcraft/,4.7,5.6,90
nexter,Nexter,4.2.7,4.2.6,https://downloads.wordpress.org/theme/nexter.4.2.7.zip,"2026-04-06 11:05:27",https://wordpress.org/themes/nexter/,4.7,5.6,2000
photographer-elementor,"Photographer Elementor",0.6.2,0.6.1,https://downloads.wordpress.org/theme/photographer-elementor.0.6.2.zip,"2026-04-06 09:24:32",https://wordpress.org/themes/photographer-elementor/,5.0,5.6,100
printing-press,"Printing Press",0.5.3,0.5.2,https://downloads.wordpress.org/theme/printing-press.0.5.3.zip,"2026-04-06 09:25:01",https://wordpress.org/themes/printing-press/,5.0,5.6,80
restaurant-food-delivery,"Restaurant Food Delivery",6.2,6.1,https://downloads.wordpress.org/theme/restaurant-food-delivery.6.2.zip,"2026-04-06 09:51:39",https://wordpress.org/themes/restaurant-food-delivery/,5.0,7.2,100
retail-hardware-store,"Retail Hardware Store",1.0.2,1.0.1,https://downloads.wordpress.org/theme/retail-hardware-store.1.0.2.zip,"2026-04-06 09:38:00",https://wordpress.org/themes/retail-hardware-store/,5.0,7.2,40
scolax,Scolax,19.0,18.9,https://downloads.wordpress.org/theme/scolax.19.0.zip,"2026-04-06 09:43:57",https://wordpress.org/themes/scolax/,4.7,5.6,90
scuba-diving-sport,"Scuba Diving Sport",0.5.8,0.5.7,https://downloads.wordpress.org/theme/scuba-diving-sport.0.5.8.zip,"2026-04-06 09:25:09",https://wordpress.org/themes/scuba-diving-sport/,5.0,5.6,90
shoes-store-elementor,"Shoes Store Elementor",0.5.6,0.5.5,https://downloads.wordpress.org/theme/shoes-store-elementor.0.5.6.zip,"2026-04-06 09:24:41",https://wordpress.org/themes/shoes-store-elementor/,5.0,5.6,100
social-media-expert,"Social Media Expert",6.2,6.1,https://downloads.wordpress.org/theme/social-media-expert.6.2.zip,"2026-04-06 09:50:47",https://wordpress.org/themes/social-media-expert/,5.0,7.2,70
specia,Specia,20.5,20.4,https://downloads.wordpress.org/theme/specia.20.5.zip,"2026-04-06 09:44:28",https://wordpress.org/themes/specia/,4.7,5.6,2000
startkit,StartKit,22.1,22.0,https://downloads.wordpress.org/theme/startkit.22.1.zip,"2026-04-06 10:22:49",https://wordpress.org/themes/startkit/,4.7,5.6,900
travel-hiking,"Travel Hiking",0.5.3,0.5.2,https://downloads.wordpress.org/theme/travel-hiking.0.5.3.zip,"2026-04-06 09:24:25",https://wordpress.org/themes/travel-hiking/,5.0,5.6,100
ultimate-ecommerce-shop,"Ultimate Ecommerce Shop",0.8.0,0.7.9,https://downloads.wordpress.org/theme/ultimate-ecommerce-shop.0.8.0.zip,"2026-04-06 09:42:02",https://wordpress.org/themes/ultimate-ecommerce-shop/,5.0,7.2,40
villapress,VillaPress,9.5,9.4,https://downloads.wordpress.org/theme/villapress.9.5.zip,"2026-04-06 10:23:16",https://wordpress.org/themes/villapress/,,7.0,100
water-sports-club,"Water Sports Club",0.6.4,0.6.3,https://downloads.wordpress.org/theme/water-sports-club.0.6.4.zip,"2026-04-06 09:37:13",https://wordpress.org/themes/water-sports-club/,5.0,7.2,200
webinar-education,"Webinar Education",11.4,11.3,https://downloads.wordpress.org/theme/webinar-education.11.4.zip,"2026-04-06 09:49:57",https://wordpress.org/themes/webinar-education/,5.0,7.2,30
webique,Webique,6.0,5.9,https://downloads.wordpress.org/theme/webique.6.0.zip,"2026-04-06 10:26:23",https://wordpress.org/themes/webique/,4.7,5.6,300
wine-store,"Wine Store",0.2.1,0.2.0,https://downloads.wordpress.org/theme/wine-store.0.2.1.zip,"2026-04-06 09:39:14",https://wordpress.org/themes/wine-store/,5.0,7.2,70
woodworking-carpenter,"Woodworking Carpenter",6.3,6.2,https://downloads.wordpress.org/theme/woodworking-carpenter.6.3.zip,"2026-04-06 09:49:13",https://wordpress.org/themes/woodworking-carpenter/,5.0,7.2,70
zestoria,Zestoria,3.2,3.1,https://downloads.wordpress.org/theme/zestoria.3.2.zip,"2026-04-06 09:44:55",https://wordpress.org/themes/zestoria/,4.7,5.6,40
kubio,Kubio,1.0.92,1.0.66,https://downloads.wordpress.org/theme/kubio.1.0.92.zip,"2026-04-06 11:38:09",https://wordpress.org/themes/kubio/,5.8.3,7.1,40000
strakture,Strakture,1.0.7,1.0.6,https://downloads.wordpress.org/theme/strakture.1.0.7.zip,"2026-04-06 11:30:48",https://wordpress.org/themes/strakture/,5.8,7.0,0
aviation-industry,"Aviation Industry",1.2.6,1.2.5,https://downloads.wordpress.org/theme/aviation-industry.1.2.6.zip,"2026-04-06 12:23:42",https://wordpress.org/themes/aviation-industry/,5.5,7.2,100
chocolate-cake,"Chocolate Cake",1.2.7,1.2.6,https://downloads.wordpress.org/theme/chocolate-cake.1.2.7.zip,"2026-04-06 12:21:16",https://wordpress.org/themes/chocolate-cake/,5.5,7.2,70
fruits-farming,"Fruits Farming",1.2.9,1.2.8,https://downloads.wordpress.org/theme/fruits-farming.1.2.9.zip,"2026-04-06 12:22:09",https://wordpress.org/themes/fruits-farming/,5.5,7.2,60
home-construction-builder,"Home Construction Builder",1.2.7,1.2.6,https://downloads.wordpress.org/theme/home-construction-builder.1.2.7.zip,"2026-04-06 12:20:20",https://wordpress.org/themes/home-construction-builder/,5.5,7.2,30
kindergarten-toys,"Kindergarten Toys",1.2.4,1.2.3,https://downloads.wordpress.org/theme/kindergarten-toys.1.2.4.zip,"2026-04-06 12:18:35",https://wordpress.org/themes/kindergarten-toys/,5.3,7.2,30
lifestyle-blog-arcane,"Lifestyle Blog Arcane",1.0.3,1.0.1,https://downloads.wordpress.org/theme/lifestyle-blog-arcane.1.0.3.zip,"2026-04-06 13:18:28",https://wordpress.org/themes/lifestyle-blog-arcane/,6.7,7.2,300
omega-design-agency,"Omega Design Agency",1.2.4,1.2.3,https://downloads.wordpress.org/theme/omega-design-agency.1.2.4.zip,"2026-04-06 12:19:27",https://wordpress.org/themes/omega-design-agency/,5.3,7.2,20
omega-digital-store,"Omega Digital Store",1.1.9,1.1.8,https://downloads.wordpress.org/theme/omega-digital-store.1.1.9.zip,"2026-04-06 12:31:08",https://wordpress.org/themes/omega-digital-store/,5.3,5.6,80
omega-food-delivery,"Omega Food Delivery",1.1.9,1.1.8,https://downloads.wordpress.org/theme/omega-food-delivery.1.1.9.zip,"2026-04-06 12:30:05",https://wordpress.org/themes/omega-food-delivery/,5.3,7.2,50
omega-refrigeration,"Omega Refrigeration",1.2.1,1.2.0,https://downloads.wordpress.org/theme/omega-refrigeration.1.2.1.zip,"2026-04-06 12:27:56",https://wordpress.org/themes/omega-refrigeration/,5.3,7.2,10
online-bakery-shop,"Online Bakery Shop",1.1.8,1.1.7,https://downloads.wordpress.org/theme/online-bakery-shop.1.1.8.zip,"2026-04-06 12:28:41",https://wordpress.org/themes/online-bakery-shop/,5.5,7.2,100
travel-destination,"Travel Destination",1.2.0,1.1.9,https://downloads.wordpress.org/theme/travel-destination.1.2.0.zip,"2026-04-06 12:25:58",https://wordpress.org/themes/travel-destination/,5.3,7.2,60
wind-energy,"Wind Energy",2.3.0,2.2.9,https://downloads.wordpress.org/theme/wind-energy.2.3.0.zip,"2026-04-06 12:24:48",https://wordpress.org/themes/wind-energy/,5.4,7.2,20
baseball-club,"Baseball Club",0.2.8,0.2.7,https://downloads.wordpress.org/theme/baseball-club.0.2.8.zip,"2026-04-06 14:19:26",https://wordpress.org/themes/baseball-club/,,5.6,60
digital-software-company,"Digital Software Company",0.2.5,0.2.4,https://downloads.wordpress.org/theme/digital-software-company.0.2.5.zip,"2026-04-06 14:18:32",https://wordpress.org/themes/digital-software-company/,,5.6,40
marble-st,"Marble St",1.0.2,1.0.0,https://downloads.wordpress.org/theme/marble-st.1.0.2.zip,"2026-04-06 15:37:46",https://wordpress.org/themes/marble-st/,6.4,7.4,0
allele,Allele,2.0.2,2.0.1,https://downloads.wordpress.org/theme/allele.2.0.2.zip,"2026-04-06 18:24:26",https://wordpress.org/themes/allele/,6.7,7.2,100
ovation-health-blog,"Ovation Health Blog",7.2,7.1,https://downloads.wordpress.org/theme/ovation-health-blog.7.2.zip,"2026-04-07 03:29:42",https://wordpress.org/themes/ovation-health-blog/,5.0,5.6,100
author-personal-blog,"Author Personal Blog",3.2.55,3.2.54,https://downloads.wordpress.org/theme/author-personal-blog.3.2.55.zip,"2026-04-07 04:55:02",https://wordpress.org/themes/author-personal-blog/,4.9,8.0,200
beauty-hair-salon,"Beauty Hair Salon",5.7,5.6,https://downloads.wordpress.org/theme/beauty-hair-salon.5.7.zip,"2026-04-07 03:46:29",https://wordpress.org/themes/beauty-hair-salon/,5.0,5.6,100
beauty-salon-spa,"Beauty Salon Spa",7.2,7.1,https://downloads.wordpress.org/theme/beauty-salon-spa.7.2.zip,"2026-04-07 03:45:31",https://wordpress.org/themes/beauty-salon-spa/,5.0,5.6,100
building-construction-lite,"Building Construction Lite",6.1,6.0,https://downloads.wordpress.org/theme/building-construction-lite.6.1.zip,"2026-04-07 03:44:19",https://wordpress.org/themes/building-construction-lite/,5.0,5.6,70
business-consulting-lite,"Business Consulting Lite",6.1,5.9,https://downloads.wordpress.org/theme/business-consulting-lite.6.1.zip,"2026-04-07 03:43:13",https://wordpress.org/themes/business-consulting-lite/,5.0,5.6,100
charity-foundation,"Charity Foundation",6.0,5.9,https://downloads.wordpress.org/theme/charity-foundation.6.0.zip,"2026-04-07 03:42:20",https://wordpress.org/themes/charity-foundation/,5.0,5.6,1000
education-academy-coach,"Education Academy Coach",5.9,5.8,https://downloads.wordpress.org/theme/education-academy-coach.5.9.zip,"2026-04-07 03:41:41",https://wordpress.org/themes/education-academy-coach/,5.0,5.6,200
educational-institute,"Educational Institute",5.9,5.8,https://downloads.wordpress.org/theme/educational-institute.5.9.zip,"2026-04-07 05:55:10",https://wordpress.org/themes/educational-institute/,5.0,5.6,100
elayne,Elayne,3.8.0,3.7.4,https://downloads.wordpress.org/theme/elayne.3.8.0.zip,"2026-04-07 03:50:20",https://wordpress.org/themes/elayne/,6.6,8.0,30
elearning-academy-education,"Elearning Academy Education",5.4,5.3,https://downloads.wordpress.org/theme/elearning-academy-education.5.4.zip,"2026-04-07 05:54:04",https://wordpress.org/themes/elearning-academy-education/,5.0,5.6,200
elearning-education,"eLearning Education",2.5,2.4,https://downloads.wordpress.org/theme/elearning-education.2.5.zip,"2026-04-07 05:52:44",https://wordpress.org/themes/elearning-education/,5.0,5.6,300
electronic-supermarket,"Electronic Supermarket",4.2,4.1,https://downloads.wordpress.org/theme/electronic-supermarket.4.2.zip,"2026-04-07 05:51:42",https://wordpress.org/themes/electronic-supermarket/,5.0,5.6,100
fashion-designer-studio,"Fashion Designer Studio",5.8,5.7,https://downloads.wordpress.org/theme/fashion-designer-studio.5.8.zip,"2026-04-07 03:40:53",https://wordpress.org/themes/fashion-designer-studio/,5.0,5.6,70
feminine-style-coach,"Feminine Style Coach",3.7,3.6,https://downloads.wordpress.org/theme/feminine-style-coach.3.7.zip,"2026-04-07 05:49:59",https://wordpress.org/themes/feminine-style-coach/,5.0,5.6,30
finix-investment-firm,"Finix Investment Firm",0.3,0.2,https://downloads.wordpress.org/theme/finix-investment-firm.0.3.zip,"2026-04-07 05:42:18",https://wordpress.org/themes/finix-investment-firm/,5.0,5.6,0
fitmeal-dietitian,"Fitmeal Dietitian",6.0,5.9,https://downloads.wordpress.org/theme/fitmeal-dietitian.6.0.zip,"2026-04-07 03:39:20",https://wordpress.org/themes/fitmeal-dietitian/,5.0,5.6,80
forest-nature,"Forest Nature",5.7,5.6,https://downloads.wordpress.org/theme/forest-nature.5.7.zip,"2026-04-07 03:38:32",https://wordpress.org/themes/forest-nature/,5.0,5.6,80
hardware-store-hub,"Hardware Store Hub",4.1,4.0,https://downloads.wordpress.org/theme/hardware-store-hub.4.1.zip,"2026-04-07 05:48:57",https://wordpress.org/themes/hardware-store-hub/,5.0,5.6,90
healthcare-clinic,"Healthcare Clinic",6.0,5.9,https://downloads.wordpress.org/theme/healthcare-clinic.6.0.zip,"2026-04-07 03:37:31",https://wordpress.org/themes/healthcare-clinic/,5.0,5.6,100
home-renovation,"Home Renovation",5.6,5.5,https://downloads.wordpress.org/theme/home-renovation.5.6.zip,"2026-04-07 03:36:54",https://wordpress.org/themes/home-renovation/,5.0,5.6,50
lifestyle-blogging,"Lifestyle Blogging",5.8,5.7,https://downloads.wordpress.org/theme/lifestyle-blogging.5.8.zip,"2026-04-07 03:36:20",https://wordpress.org/themes/lifestyle-blogging/,5.0,5.6,60
luxury-hotels,"Luxury Hotels",4.4,4.3,https://downloads.wordpress.org/theme/luxury-hotels.4.4.zip,"2026-04-07 05:47:41",https://wordpress.org/themes/luxury-hotels/,5.0,5.6,100
newspare,NewSpare,3.2.0,3.1.3,https://downloads.wordpress.org/theme/newspare.3.2.0.zip,"2026-04-07 04:52:57",https://wordpress.org/themes/newspare/,5.0,5.0,100
nursery-kindergarten,"Nursery Kindergarten",5.9,5.8,https://downloads.wordpress.org/theme/nursery-kindergarten.5.9.zip,"2026-04-07 03:33:40",https://wordpress.org/themes/nursery-kindergarten/,5.0,5.6,60
online-courses-hub,"Online Courses Hub",5.9,5.8,https://downloads.wordpress.org/theme/online-courses-hub.5.9.zip,"2026-04-07 05:47:00",https://wordpress.org/themes/online-courses-hub/,5.0,5.6,100
organic-grocery,"Organic Grocery",6.3,6.2,https://downloads.wordpress.org/theme/organic-grocery.6.3.zip,"2026-04-07 03:32:57",https://wordpress.org/themes/organic-grocery/,5.0,5.6,100
restaurant-fast-food,"Restaurant Fast Food",4.1,4.0,https://downloads.wordpress.org/theme/restaurant-fast-food.4.1.zip,"2026-04-07 05:46:03",https://wordpress.org/themes/restaurant-fast-food/,5.0,5.6,70
stylish-blog,"Stylish Blog",3.9,3.6,https://downloads.wordpress.org/theme/stylish-blog.3.9.zip,"2026-04-07 05:45:21",https://wordpress.org/themes/stylish-blog/,5.0,5.6,100
travel-booking,"Travel Booking",1.4.1,1.4.0,https://downloads.wordpress.org/theme/travel-booking.1.4.1.zip,"2026-04-07 04:13:07",https://wordpress.org/themes/travel-booking/,6.2,7.4,1000
travel-muni,"Travel Muni",1.1.6,1.1.5,https://downloads.wordpress.org/theme/travel-muni.1.1.6.zip,"2026-04-07 04:14:04",https://wordpress.org/themes/travel-muni/,6.2,7.4,100
university-education-hub,"University Education Hub",5.4,5.3,https://downloads.wordpress.org/theme/university-education-hub.5.4.zip,"2026-04-07 05:44:20",https://wordpress.org/themes/university-education-hub/,5.0,5.6,100
wildlife-travel,"Wildlife Travel",1.0.4,1.0.3,https://downloads.wordpress.org/theme/wildlife-travel.1.0.4.zip,"2026-04-07 04:14:35",https://wordpress.org/themes/wildlife-travel/,6.2,7.4,200
blacknews,BlackNews,1.1.29,1.1.28,https://downloads.wordpress.org/theme/blacknews.1.1.29.zip,"2026-04-07 06:38:12",https://wordpress.org/themes/blacknews/,4.0,5.0,600
bootstrap-basic,"Bootstrap Basic",1.3.8,1.3.7,https://downloads.wordpress.org/theme/bootstrap-basic.1.3.8.zip,"2026-04-07 07:40:23",https://wordpress.org/themes/bootstrap-basic/,4.0,5.4,1000
breevia,Breevia,1.0.21,1.0.13,https://downloads.wordpress.org/theme/breevia.1.0.21.zip,"2026-04-07 07:34:22",https://wordpress.org/themes/breevia/,5.8,7.1,2000
cabin-travel-blog,"Cabin Travel Blog",1.0.9,1.0.8,https://downloads.wordpress.org/theme/cabin-travel-blog.1.0.9.zip,"2026-04-07 06:53:21",https://wordpress.org/themes/cabin-travel-blog/,6.7,7.2,100
celebnews,CelebNews,1.1.28,1.1.27,https://downloads.wordpress.org/theme/celebnews.1.1.28.zip,"2026-04-07 06:37:49",https://wordpress.org/themes/celebnews/,4.0,5.0,1000
centralnews,CentralNews,2.1.27,2.1.26,https://downloads.wordpress.org/theme/centralnews.2.1.27.zip,"2026-04-07 06:37:27",https://wordpress.org/themes/centralnews/,4.0,5.0,2000
colibri-wp,"Colibri WP",1.0.162,1.0.161,https://downloads.wordpress.org/theme/colibri-wp.1.0.162.zip,"2026-04-07 06:24:27",https://wordpress.org/themes/colibri-wp/,,5.6,50000
corpnews,CorpNews,1.0.24,1.0.23,https://downloads.wordpress.org/theme/corpnews.1.0.24.zip,"2026-04-07 06:37:03",https://wordpress.org/themes/corpnews/,4.0,5.0,1000
cpa-accountant,"Cpa Accountant",0.1.8,0.1.7,https://downloads.wordpress.org/theme/cpa-accountant.0.1.8.zip,"2026-04-07 06:33:39",https://wordpress.org/themes/cpa-accountant/,5.0,7.2,40
dacnis,Dacnis,1.0.42,1.0.32,https://downloads.wordpress.org/theme/dacnis.1.0.42.zip,"2026-04-07 07:35:27",https://wordpress.org/themes/dacnis/,5.8,7.1,5000
ecliptica,Ecliptica,1.0.21,1.0.15,https://downloads.wordpress.org/theme/ecliptica.1.0.21.zip,"2026-04-07 06:25:31",https://wordpress.org/themes/ecliptica/,,5.8,500
expert-blogger,"Expert Blogger",1.0.1,1.0.0,https://downloads.wordpress.org/theme/expert-blogger.1.0.1.zip,"2026-04-07 06:32:23",https://wordpress.org/themes/expert-blogger/,5.0,7.2,70
expert-handyman,"Expert Handyman",0.1.8,0.1.7,https://downloads.wordpress.org/theme/expert-handyman.0.1.8.zip,"2026-04-07 06:33:05",https://wordpress.org/themes/expert-handyman/,5.0,7.2,40
expert-plumber,"Expert Plumber",0.6.0,0.5.9,https://downloads.wordpress.org/theme/expert-plumber.0.6.0.zip,"2026-04-07 06:31:38",https://wordpress.org/themes/expert-plumber/,5.0,7.2,100
gamernews,GamerNews,1.1.27,1.1.26,https://downloads.wordpress.org/theme/gamernews.1.1.27.zip,"2026-04-07 06:36:40",https://wordpress.org/themes/gamernews/,4.0,5.0,1000
general-news,"General News",1.1.27,1.1.26,https://downloads.wordpress.org/theme/general-news.1.1.27.zip,"2026-04-07 06:36:16",https://wordpress.org/themes/general-news/,4.0,5.0,1000
globalnews,GlobalNews,1.1.28,1.1.27,https://downloads.wordpress.org/theme/globalnews.1.1.28.zip,"2026-04-07 06:35:53",https://wordpress.org/themes/globalnews/,4.0,5.0,700
mistify,Mistify,1.0.22,1.0.15,https://downloads.wordpress.org/theme/mistify.1.0.22.zip,"2026-04-07 07:36:20",https://wordpress.org/themes/mistify/,5.8,7.1,4000
moreblog,MoreBlog,1.1.27,1.1.26,https://downloads.wordpress.org/theme/moreblog.1.1.27.zip,"2026-04-07 06:35:28",https://wordpress.org/themes/moreblog/,4.0,5.0,900
moremag,MoreMag,1.3.27,1.3.26,https://downloads.wordpress.org/theme/moremag.1.3.27.zip,"2026-04-07 06:35:06",https://wordpress.org/themes/moremag/,4.0,5.0,1000
newscorp,NewsCorp,1.1.27,1.1.26,https://downloads.wordpress.org/theme/newscorp.1.1.27.zip,"2026-04-07 06:34:42",https://wordpress.org/themes/newscorp/,4.0,5.0,1000
newsday,NewsDay,1.1.27,1.1.26,https://downloads.wordpress.org/theme/newsday.1.1.27.zip,"2026-04-07 06:34:18",https://wordpress.org/themes/newsday/,4.0,5.0,900
newsgame,NewsGame,1.0.26,1.0.25,https://downloads.wordpress.org/theme/newsgame.1.0.26.zip,"2026-04-07 06:33:55",https://wordpress.org/themes/newsgame/,4.0,5.0,900
newsical,Newsical,1.1.28,1.1.27,https://downloads.wordpress.org/theme/newsical.1.1.28.zip,"2026-04-07 06:33:30",https://wordpress.org/themes/newsical/,4.0,5.0,500
newslight,NewsLight,1.1.27,1.1.26,https://downloads.wordpress.org/theme/newslight.1.1.27.zip,"2026-04-07 06:33:05",https://wordpress.org/themes/newslight/,4.0,5.0,1000
newsmore,NewsMore,1.3.28,1.3.27,https://downloads.wordpress.org/theme/newsmore.1.3.28.zip,"2026-04-07 06:32:41",https://wordpress.org/themes/newsmore/,4.0,5.0,1000
newsplace,NewsPlace,1.1.28,1.1.27,https://downloads.wordpress.org/theme/newsplace.1.1.28.zip,"2026-04-07 06:32:13",https://wordpress.org/themes/newsplace/,4.0,5.0,700
peregrine,Peregrine,1.0.34,1.0.28,https://downloads.wordpress.org/theme/peregrine.1.0.34.zip,"2026-04-07 06:26:34",https://wordpress.org/themes/peregrine/,,5.8,1000
private-tutor,"Private Tutor",3.1.4,3.1.3,https://downloads.wordpress.org/theme/private-tutor.3.1.4.zip,"2026-04-07 06:31:08",https://wordpress.org/themes/private-tutor/,5.0,7.2,70
sidenews,SideNews,1.1.27,1.1.26,https://downloads.wordpress.org/theme/sidenews.1.1.27.zip,"2026-04-07 06:31:49",https://wordpress.org/themes/sidenews/,4.0,5.0,600
vertice,Vertice,1.0.91,1.0.82,https://downloads.wordpress.org/theme/vertice.1.0.91.zip,"2026-04-07 07:33:12",https://wordpress.org/themes/vertice/,5.8,7.1,8000
app-development-company,"App Development Company",1.3.8,1.3.6,https://downloads.wordpress.org/theme/app-development-company.1.3.8.zip,"2026-04-07 07:59:21",https://wordpress.org/themes/app-development-company/,6.0,7.2,100
architect-construction,"Architect Construction",1.3.8,1.3.6,https://downloads.wordpress.org/theme/architect-construction.1.3.8.zip,"2026-04-07 08:00:52",https://wordpress.org/themes/architect-construction/,6.0,7.2,100
basketball-club,"Basketball Club",1.5.0,1.4.8,https://downloads.wordpress.org/theme/basketball-club.1.5.0.zip,"2026-04-07 08:01:49",https://wordpress.org/themes/basketball-club/,6.0,7.2,100
blogger-blocks,"Blogger Blocks",1.3.5,1.3.4,https://downloads.wordpress.org/theme/blogger-blocks.1.3.5.zip,"2026-04-07 08:03:35",https://wordpress.org/themes/blogger-blocks/,6.0,7.2,40
cleaning-equipment,"Cleaning Equipment",1.4.0,1.3.8,https://downloads.wordpress.org/theme/cleaning-equipment.1.4.0.zip,"2026-04-07 08:06:33",https://wordpress.org/themes/cleaning-equipment/,6.0,7.2,200
cv-portfolio-blocks,"CV Portfolio Blocks",1.4.2,1.4,https://downloads.wordpress.org/theme/cv-portfolio-blocks.1.4.2.zip,"2026-04-07 08:07:32",https://wordpress.org/themes/cv-portfolio-blocks/,6.0,7.2,100
frosty-cake,"Frosty Cake",1.3.3,1.3.2,https://downloads.wordpress.org/theme/frosty-cake.1.3.3.zip,"2026-04-07 08:12:11",https://wordpress.org/themes/frosty-cake/,6.0,7.2,200
fundraiser-nonprofit,"Fundraiser Nonprofit",1.0.2,1.0.1,https://downloads.wordpress.org/theme/fundraiser-nonprofit.1.0.2.zip,"2026-04-07 09:14:19",https://wordpress.org/themes/fundraiser-nonprofit/,6.0,5.6,0
hotel-suite,"Hotel Suite",1.3.7,1.3.6,https://downloads.wordpress.org/theme/hotel-suite.1.3.7.zip,"2026-04-07 08:13:16",https://wordpress.org/themes/hotel-suite/,6.0,7.2,100
productive-business,"Productive Business",1.1.92,1.1.91,https://downloads.wordpress.org/theme/productive-business.1.1.92.zip,"2026-04-07 09:16:05",https://wordpress.org/themes/productive-business/,5.4,7.0,20
productive-ecommerce,"Productive eCommerce",1.1.92,1.1.91,https://downloads.wordpress.org/theme/productive-ecommerce.1.1.92.zip,"2026-04-07 09:17:08",https://wordpress.org/themes/productive-ecommerce/,5.4,7.0,70
property-management-company,"Property Management Company",1.2.8,1.2.7,https://downloads.wordpress.org/theme/property-management-company.1.2.8.zip,"2026-04-07 08:14:52",https://wordpress.org/themes/property-management-company/,6.0,7.2,200
smart-home-automation,"Smart Home Automation",1.4.0,1.3.9,https://downloads.wordpress.org/theme/smart-home-automation.1.4.0.zip,"2026-04-07 08:16:46",https://wordpress.org/themes/smart-home-automation/,6.0,7.2,100
spoken-english-classes,"Spoken English Classes",1.3.3,1.3.2,https://downloads.wordpress.org/theme/spoken-english-classes.1.3.3.zip,"2026-04-07 08:20:00",https://wordpress.org/themes/spoken-english-classes/,6.0,7.2,60
stockist-mini,"Stockist Mini",1.1.92,1.1.91,https://downloads.wordpress.org/theme/stockist-mini.1.1.92.zip,"2026-04-07 09:18:14",https://wordpress.org/themes/stockist-mini/,5.4,7.0,10
stockist,Stockist,1.1.92,1.1.91,https://downloads.wordpress.org/theme/stockist.1.1.92.zip,"2026-04-07 09:17:50",https://wordpress.org/themes/stockist/,5.4,7.0,10
transact,Transact,1.1.92,1.1.91,https://downloads.wordpress.org/theme/transact.1.1.92.zip,"2026-04-07 09:18:49",https://wordpress.org/themes/transact/,5.4,7.0,10
travel-booking-solutions,"Travel Booking Solutions",1.2.8,1.2.7,https://downloads.wordpress.org/theme/travel-booking-solutions.1.2.8.zip,"2026-04-07 08:21:37",https://wordpress.org/themes/travel-booking-solutions/,6.0,7.2,100
tutor-elearning,"Tutor Elearning",2.2.2,2.2.1,https://downloads.wordpress.org/theme/tutor-elearning.2.2.2.zip,"2026-04-07 08:22:28",https://wordpress.org/themes/tutor-elearning/,6.0,7.2,100
veterinary-services,"Veterinary Services",1.2.6,1.2.5,https://downloads.wordpress.org/theme/veterinary-services.1.2.6.zip,"2026-04-07 08:23:28",https://wordpress.org/themes/veterinary-services/,6.0,7.2,40
advancea,Advancea,1.0.39,1.0.38,https://downloads.wordpress.org/theme/advancea.1.0.39.zip,"2026-04-07 10:15:00",https://wordpress.org/themes/advancea/,4.7,5.6,200
alpha-accounting,"Alpha Accounting",4.5,4.4,https://downloads.wordpress.org/theme/alpha-accounting.4.5.zip,"2026-04-07 10:51:47",https://wordpress.org/themes/alpha-accounting/,5.9,5.6,70
alpha-digital-agency,"Alpha Digital Agency",4.6,4.5,https://downloads.wordpress.org/theme/alpha-digital-agency.4.6.zip,"2026-04-07 10:45:11",https://wordpress.org/themes/alpha-digital-agency/,5.9,5.6,60
alpha-travel-vacations,"Alpha Travel Vacations",4.6,4.5,https://downloads.wordpress.org/theme/alpha-travel-vacations.4.6.zip,"2026-04-07 10:43:25",https://wordpress.org/themes/alpha-travel-vacations/,5.9,5.6,100
anynews,AnyNews,1.0.33,1.0.32,https://downloads.wordpress.org/theme/anynews.1.0.33.zip,"2026-04-07 10:07:52",https://wordpress.org/themes/anynews/,4.7,7.0,800
avanta,Avanta,1.0.36,1.0.35,https://downloads.wordpress.org/theme/avanta.1.0.36.zip,"2026-04-07 10:15:29",https://wordpress.org/themes/avanta/,4.7,5.6,400
chromax,Chromax,1.0.32,1.0.31,https://downloads.wordpress.org/theme/chromax.1.0.32.zip,"2026-04-07 10:17:32",https://wordpress.org/themes/chromax/,4.7,5.6,800
chromica,Chromica,1.0.18,1.0.17,https://downloads.wordpress.org/theme/chromica.1.0.18.zip,"2026-04-07 10:18:39",https://wordpress.org/themes/chromica/,4.7,5.6,600
chrowix,Chrowix,1.0.24,1.0.23,https://downloads.wordpress.org/theme/chrowix.1.0.24.zip,"2026-04-07 10:18:10",https://wordpress.org/themes/chrowix/,4.7,5.6,200
city-town,"City Town",1.0.4,1.0.3,https://downloads.wordpress.org/theme/city-town.1.0.4.zip,"2026-04-07 10:45:11",https://wordpress.org/themes/city-town/,6.7,7.2,200
corpiva,Corpiva,1.1.4,1.1.3,https://downloads.wordpress.org/theme/corpiva.1.1.4.zip,"2026-04-07 10:13:30",https://wordpress.org/themes/corpiva/,4.7,5.6,2000
corvia,Corvia,1.0.68,1.0.67,https://downloads.wordpress.org/theme/corvia.1.0.68.zip,"2026-04-07 10:14:31",https://wordpress.org/themes/corvia/,4.7,5.6,200
corvine,Corvine,1.0.30,1.0.29,https://downloads.wordpress.org/theme/corvine.1.0.30.zip,"2026-04-07 10:16:23",https://wordpress.org/themes/corvine/,4.7,5.6,200
corvita,Corvita,1.0.78,1.0.77,https://downloads.wordpress.org/theme/corvita.1.0.78.zip,"2026-04-07 10:14:01",https://wordpress.org/themes/corvita/,4.7,5.6,600
corvix,Corvix,0.4,0.3,https://downloads.wordpress.org/theme/corvix.0.4.zip,"2026-04-07 10:19:12",https://wordpress.org/themes/corvix/,4.7,5.6,30
coviant,Coviant,0.7,0.6,https://downloads.wordpress.org/theme/coviant.0.7.zip,"2026-04-07 10:16:55",https://wordpress.org/themes/coviant/,4.7,5.6,80
daystory,DayStory,1.1.24,1.1.23,https://downloads.wordpress.org/theme/daystory.1.1.24.zip,"2026-04-07 10:06:21",https://wordpress.org/themes/daystory/,4.7,7.0,100
elite-florist,"Elite florist",5.0.2,5.0.1,https://downloads.wordpress.org/theme/elite-florist.5.0.2.zip,"2026-04-07 09:50:28",https://wordpress.org/themes/elite-florist/,,7.2,50
elite-soccer-club,"Elite Soccer Club",1.7.2,1.7.1,https://downloads.wordpress.org/theme/elite-soccer-club.1.7.2.zip,"2026-04-07 09:51:19",https://wordpress.org/themes/elite-soccer-club/,,7.2,90
eyepress,Eyepress,1.3.0,1.2.15,https://downloads.wordpress.org/theme/eyepress.1.3.0.zip,"2026-04-07 10:10:02",https://wordpress.org/themes/eyepress/,,5.6,70
film-celebrity,"Film Celebrity",6.7.2,6.7.1,https://downloads.wordpress.org/theme/film-celebrity.6.7.2.zip,"2026-04-07 09:48:36",https://wordpress.org/themes/film-celebrity/,,7.2,50
medical-coach,"Medical Coach",3.8.2,3.8.1,https://downloads.wordpress.org/theme/medical-coach.3.8.2.zip,"2026-04-07 09:47:37",https://wordpress.org/themes/medical-coach/,,7.2,60
multipurpose-corporate,"Multipurpose Corporate",0.9.3,0.9.2,https://downloads.wordpress.org/theme/multipurpose-corporate.0.9.3.zip,"2026-04-07 09:45:16",https://wordpress.org/themes/multipurpose-corporate/,,7.2,40
neovantage,NEOVANTAGE,2.0.7,2.0.5,https://downloads.wordpress.org/theme/neovantage.2.0.7.zip,"2026-04-07 10:38:13",https://wordpress.org/themes/neovantage/,,8.0,0
newsalert,NewsAlert,1.0.73,1.0.72,https://downloads.wordpress.org/theme/newsalert.1.0.73.zip,"2026-04-07 10:09:36",https://wordpress.org/themes/newsalert/,4.7,7.0,1000
newsalt,NewsAlt,1.1.4,1.1.3,https://downloads.wordpress.org/theme/newsalt.1.1.4.zip,"2026-04-07 10:06:52",https://wordpress.org/themes/newsalt/,4.7,7.0,300
newsblogy,NewsBlogy,1.0.47,1.0.46,https://downloads.wordpress.org/theme/newsblogy.1.0.47.zip,"2026-04-07 10:10:07",https://wordpress.org/themes/newsblogy/,4.7,7.0,1000
newsdaily,NewsDaily,1.1.26,1.1.25,https://downloads.wordpress.org/theme/newsdaily.1.1.26.zip,"2026-04-07 10:05:48",https://wordpress.org/themes/newsdaily/,4.7,7.0,900
newshours,NewsHours,1.0.97,1.0.96,https://downloads.wordpress.org/theme/newshours.1.0.97.zip,"2026-04-07 10:07:20",https://wordpress.org/themes/newshours/,4.7,7.0,200
newsmash,NewsMash,1.1.42,1.1.41,https://downloads.wordpress.org/theme/newsmash.1.1.42.zip,"2026-04-07 10:05:18",https://wordpress.org/themes/newsmash/,4.7,7.0,700
newsmemo,NewsMemo,1.0.2,1.0.1,https://downloads.wordpress.org/theme/newsmemo.1.0.2.zip,"2026-04-07 10:10:35",https://wordpress.org/themes/newsmemo/,4.7,7.0,700
newsmunch,NewsMunch,1.1.5,1.1.4,https://downloads.wordpress.org/theme/newsmunch.1.1.5.zip,"2026-04-07 10:08:35",https://wordpress.org/themes/newsmunch/,4.7,7.0,1000
newstick,NewsTick,1.1.2,1.1.1,https://downloads.wordpress.org/theme/newstick.1.1.2.zip,"2026-04-07 10:09:04",https://wordpress.org/themes/newstick/,4.7,7.0,1000
one-elementor,"One Elementor",1.1.9,1.1.8,https://downloads.wordpress.org/theme/one-elementor.1.1.9.zip,"2026-04-07 09:46:29",https://wordpress.org/themes/one-elementor/,,8.1,600
party-rental,"Party Rental",1.4.2,1.4.1,https://downloads.wordpress.org/theme/party-rental.1.4.2.zip,"2026-04-07 09:45:55",https://wordpress.org/themes/party-rental/,,7.2,60
personal-tutor,"Personal Tutor",0.0.3,0.0.2,https://downloads.wordpress.org/theme/personal-tutor.0.0.3.zip,"2026-04-07 09:58:17",https://wordpress.org/themes/personal-tutor/,5.0,7.2,10
pet-care-store,"Pet Care Store",1.0.1,1.0,https://downloads.wordpress.org/theme/pet-care-store.1.0.1.zip,"2026-04-07 10:25:56",https://wordpress.org/themes/pet-care-store/,5.9,5.6,0
photography-album,"Photography Album",3.5.2,3.5.1,https://downloads.wordpress.org/theme/photography-album.3.5.2.zip,"2026-04-07 09:43:41",https://wordpress.org/themes/photography-album/,,7.2,60
podcast-streaming,"Podcast Streaming",1.7.2,1.7.1,https://downloads.wordpress.org/theme/podcast-streaming.1.7.2.zip,"2026-04-07 09:42:14",https://wordpress.org/themes/podcast-streaming/,,7.2,50
relief-medical-hospital,"Relief Medical Hospital",0.8.1,0.8.0,https://downloads.wordpress.org/theme/relief-medical-hospital.0.8.1.zip,"2026-04-07 09:46:21",https://wordpress.org/themes/relief-medical-hospital/,,7.2,40
spa-treatment,"Spa Treatment",3.5,3.4,https://downloads.wordpress.org/theme/spa-treatment.3.5.zip,"2026-04-07 11:01:27",https://wordpress.org/themes/spa-treatment/,5.9,5.6,60
stylish-brand-shop,"Stylish Brand Shop",3.5,3.4,https://downloads.wordpress.org/theme/stylish-brand-shop.3.5.zip,"2026-04-07 10:58:31",https://wordpress.org/themes/stylish-brand-shop/,5.9,5.6,100
teta-lite,"teta lite",2.12.10,2.12.9,https://downloads.wordpress.org/theme/teta-lite.2.12.10.zip,"2026-04-07 09:44:53",https://wordpress.org/themes/teta-lite/,6.6,7.4,10
the-business-blocks,"The Business Blocks",1.3,1.2,https://downloads.wordpress.org/theme/the-business-blocks.1.3.zip,"2026-04-07 10:59:57",https://wordpress.org/themes/the-business-blocks/,5.9,5.6,60
trendy-fashion-outfits,"Trendy Fashion Outfits",3.4,3.3,https://downloads.wordpress.org/theme/trendy-fashion-outfits.3.4.zip,"2026-04-07 10:56:29",https://wordpress.org/themes/trendy-fashion-outfits/,5.9,5.6,100
vaccination-center,"Vaccination Center",3.1,3.0,https://downloads.wordpress.org/theme/vaccination-center.3.1.zip,"2026-04-07 10:53:55",https://wordpress.org/themes/vaccination-center/,5.9,5.6,40
neovantage,NEOVANTAGE,2.0.8,2.0.7,https://downloads.wordpress.org/theme/neovantage.2.0.8.zip,"2026-04-07 11:58:25",https://wordpress.org/themes/neovantage/,,8.0,0
personal-eye,"Personal Eye",1.1.3,1.1.2,https://downloads.wordpress.org/theme/personal-eye.1.1.3.zip,"2026-04-07 11:42:49",https://wordpress.org/themes/personal-eye/,,5.6,50
anamio,Anamio,19.0,18.8,https://downloads.wordpress.org/theme/anamio.19.0.zip,"2026-04-07 12:35:50",https://wordpress.org/themes/anamio/,4.7,5.6,30
appointable,Appointable,17.9,17.8,https://downloads.wordpress.org/theme/appointable.17.9.zip,"2026-04-07 12:14:00",https://wordpress.org/themes/appointable/,4.7,5.6,50
arkbiz,ArkBiz,17.9,17.8,https://downloads.wordpress.org/theme/arkbiz.17.9.zip,"2026-04-07 12:31:40",https://wordpress.org/themes/arkbiz/,4.7,5.6,60
aster-ebooks,"Aster Ebooks",5.0,4.9,https://downloads.wordpress.org/theme/aster-ebooks.5.0.zip,"2026-04-07 12:28:54",https://wordpress.org/themes/aster-ebooks/,,7.4,80
aster-it-solutions,"Aster IT Solutions",5.6,5.5,https://downloads.wordpress.org/theme/aster-it-solutions.5.6.zip,"2026-04-07 12:29:37",https://wordpress.org/themes/aster-it-solutions/,,7.2,40
auto-mechanic,"Auto Mechanic",4.8,4.7,https://downloads.wordpress.org/theme/auto-mechanic.4.8.zip,"2026-04-07 12:31:59",https://wordpress.org/themes/auto-mechanic/,,7.2,50
cartable,Cartable,17.9,17.8,https://downloads.wordpress.org/theme/cartable.17.9.zip,"2026-04-07 12:13:29",https://wordpress.org/themes/cartable/,4.7,5.6,100
chocolate-ice-cream,"Chocolate Ice Cream",5.2,5.1,https://downloads.wordpress.org/theme/chocolate-ice-cream.5.2.zip,"2026-04-07 12:30:44",https://wordpress.org/themes/chocolate-ice-cream/,,7.2,20
coffee-espresso,"Coffee Espresso",1.1,1.0.0,https://downloads.wordpress.org/theme/coffee-espresso.1.1.zip,"2026-04-07 12:27:04",https://wordpress.org/themes/coffee-espresso/,,7.4,0
construction-engineer,"Construction Engineer",4.2,4.1,https://downloads.wordpress.org/theme/construction-engineer.4.2.zip,"2026-04-07 12:36:19",https://wordpress.org/themes/construction-engineer/,,7.4,30
daizy,Daizy,17.8,17.6,https://downloads.wordpress.org/theme/daizy.17.8.zip,"2026-04-07 12:35:23",https://wordpress.org/themes/daizy/,4.7,5.6,100
doctor-physician,"Doctor Physician",3.8,3.7,https://downloads.wordpress.org/theme/doctor-physician.3.8.zip,"2026-04-07 12:43:37",https://wordpress.org/themes/doctor-physician/,,7.4,30
dog-pet-house,"Dog Pet House",4.4,4.3,https://downloads.wordpress.org/theme/dog-pet-house.4.4.zip,"2026-04-07 12:42:50",https://wordpress.org/themes/dog-pet-house/,,7.4,50
eyepress-lite,"Eyepress Lite",1.2.1,1.2.0,https://downloads.wordpress.org/theme/eyepress-lite.1.2.1.zip,"2026-04-07 12:06:16",https://wordpress.org/themes/eyepress-lite/,,7.4,20
ferio,Ferio,10.8,10.6,https://downloads.wordpress.org/theme/ferio.10.8.zip,"2026-04-07 12:34:39",https://wordpress.org/themes/ferio/,4.7,5.6,30
fortify,Fortify,9.9,9.8,https://downloads.wordpress.org/theme/fortify.9.9.zip,"2026-04-07 12:31:11",https://wordpress.org/themes/fortify/,4.7,5.6,40
gamers-studio,"Gamers Studio",4.1,4.0,https://downloads.wordpress.org/theme/gamers-studio.4.1.zip,"2026-04-07 12:41:13",https://wordpress.org/themes/gamers-studio/,,7.4,100
gruj,Gruj,18.9,18.7,https://downloads.wordpress.org/theme/gruj.18.9.zip,"2026-04-07 12:34:12",https://wordpress.org/themes/gruj/,4.7,5.6,30
heropress,HeroPress,19.9,19.8,https://downloads.wordpress.org/theme/heropress.19.9.zip,"2026-04-07 12:30:17",https://wordpress.org/themes/heropress/,4.7,5.6,300
home-decor-store,"Home Decor Store",4.4,4.3,https://downloads.wordpress.org/theme/home-decor-store.4.4.zip,"2026-04-07 12:39:57",https://wordpress.org/themes/home-decor-store/,,7.4,20
hstore,hstore,17.9,17.8,https://downloads.wordpress.org/theme/hstore.17.9.zip,"2026-04-07 12:28:28",https://wordpress.org/themes/hstore/,4.7,5.6,20
ideate,Ideate,17.9,17.8,https://downloads.wordpress.org/theme/ideate.17.9.zip,"2026-04-07 12:12:33",https://wordpress.org/themes/ideate/,4.7,5.6,50
laxity,Laxity,17.9,17.8,https://downloads.wordpress.org/theme/laxity.17.9.zip,"2026-04-07 12:29:12",https://wordpress.org/themes/laxity/,4.7,5.6,60
magzee,MagZee,19.9,19.8,https://downloads.wordpress.org/theme/magzee.19.9.zip,"2026-04-07 12:24:50",https://wordpress.org/themes/magzee/,4.7,5.6,600
movie-theatre,"Movie Theatre",4.1,4.0,https://downloads.wordpress.org/theme/movie-theatre.4.1.zip,"2026-04-07 12:37:37",https://wordpress.org/themes/movie-theatre/,,7.4,50
neek,Neek,17.9,17.8,https://downloads.wordpress.org/theme/neek.17.9.zip,"2026-04-07 12:21:58",https://wordpress.org/themes/neek/,4.7,5.6,80
nifty-lite,"Nifty Lite",19.8,19.7,https://downloads.wordpress.org/theme/nifty-lite.19.8.zip,"2026-04-07 12:09:44",https://wordpress.org/themes/nifty-lite/,4.7,5.6,300
proficient,Proficient,19.8,19.7,https://downloads.wordpress.org/theme/proficient.19.8.zip,"2026-04-07 12:24:09",https://wordpress.org/themes/proficient/,4.7,5.6,700
scelar,Scelar,17.8,17.7,https://downloads.wordpress.org/theme/scelar.17.8.zip,"2026-04-07 12:12:09",https://wordpress.org/themes/scelar/,4.7,5.6,40
soga,Soga,18.5,18.3,https://downloads.wordpress.org/theme/soga.18.5.zip,"2026-04-07 12:33:28",https://wordpress.org/themes/soga/,4.7,5.6,50
spera,Spera,18.9,18.7,https://downloads.wordpress.org/theme/spera.18.9.zip,"2026-04-07 12:32:24",https://wordpress.org/themes/spera/,4.7,5.6,100
spyropress,SpyroPress,19.8,19.7,https://downloads.wordpress.org/theme/spyropress.19.8.zip,"2026-04-07 12:11:37",https://wordpress.org/themes/spyropress/,4.7,5.6,100
travel-vacation,"Travel Vacation",4.6,4.5,https://downloads.wordpress.org/theme/travel-vacation.4.6.zip,"2026-04-07 12:38:45",https://wordpress.org/themes/travel-vacation/,,7.4,30
voltmaster-electrician,"Voltmaster Electrician",13.0,12.0,https://downloads.wordpress.org/theme/voltmaster-electrician.13.0.zip,"2026-04-07 12:15:25",https://wordpress.org/themes/voltmaster-electrician/,,7.4,40
water-sports-gear,"Water Sports Gear",4.2,4.1,https://downloads.wordpress.org/theme/water-sports-gear.4.2.zip,"2026-04-07 12:34:49",https://wordpress.org/themes/water-sports-gear/,,7.4,60
webstrap,Webstrap,19.8,19.6,https://downloads.wordpress.org/theme/webstrap.19.8.zip,"2026-04-07 12:11:04",https://wordpress.org/themes/webstrap/,4.7,5.6,100
wedding-event-management,"Wedding Event Management",4.1,4.0,https://downloads.wordpress.org/theme/wedding-event-management.4.1.zip,"2026-04-07 12:33:21",https://wordpress.org/themes/wedding-event-management/,,7.4,30
carpenter-service,"Carpenter Service",0.2.9,0.2.7,https://downloads.wordpress.org/theme/carpenter-service.0.2.9.zip,"2026-04-07 15:19:17",https://wordpress.org/themes/carpenter-service/,,5.6,40
electronic-store,"Electronic Store",1.0.7,1.0.6,https://downloads.wordpress.org/theme/electronic-store.1.0.7.zip,"2026-04-07 14:12:35",https://wordpress.org/themes/electronic-store/,5.0,7.1,50
supermarket-ecommerce-store,"Supermarket Ecommerce Store",0.3,0.2.9,https://downloads.wordpress.org/theme/supermarket-ecommerce-store.0.3.zip,"2026-04-07 15:18:34",https://wordpress.org/themes/supermarket-ecommerce-store/,,5.6,100
ampark,Ampark,18.0,17.9,https://downloads.wordpress.org/theme/ampark.18.0.zip,"2026-04-07 16:26:54",https://wordpress.org/themes/ampark/,4.7,5.6,100
arowana,Arowana,19.0,18.9,https://downloads.wordpress.org/theme/arowana.19.0.zip,"2026-04-07 16:26:29",https://wordpress.org/themes/arowana/,4.7,5.6,300
avail,Avail,17.9,17.8,https://downloads.wordpress.org/theme/avail.17.9.zip,"2026-04-07 16:26:05",https://wordpress.org/themes/avail/,4.7,5.6,200
avenza,Avenza,2.0.9,2.0.8,https://downloads.wordpress.org/theme/avenza.2.0.9.zip,"2026-04-07 16:16:17",https://wordpress.org/themes/avenza/,,5.6,80
aviser,Aviser,17.9,17.8,https://downloads.wordpress.org/theme/aviser.17.9.zip,"2026-04-07 16:25:33",https://wordpress.org/themes/aviser/,4.7,5.6,200
avitech,Avitech,18.0,17.9,https://downloads.wordpress.org/theme/avitech.18.0.zip,"2026-04-07 16:15:46",https://wordpress.org/themes/avitech/,4.7,5.6,200
avtari,Avtari,18.0,17.9,https://downloads.wordpress.org/theme/avtari.18.0.zip,"2026-04-07 16:14:35",https://wordpress.org/themes/avtari/,4.7,5.6,100
axtia,Axtia,17.9,17.8,https://downloads.wordpress.org/theme/axtia.17.9.zip,"2026-04-07 16:24:24",https://wordpress.org/themes/axtia/,4.7,5.6,100
azwa,Azwa,18.1,18.0,https://downloads.wordpress.org/theme/azwa.18.1.zip,"2026-04-07 16:13:52",https://wordpress.org/themes/azwa/,4.7,5.6,200
cardiopress,CardioPress,10.4,10.3,https://downloads.wordpress.org/theme/cardiopress.10.4.zip,"2026-04-07 16:23:12",https://wordpress.org/themes/cardiopress/,4.7,5.6,100
comoxa,Comoxa,17.9,17.8,https://downloads.wordpress.org/theme/comoxa.17.9.zip,"2026-04-07 16:22:45",https://wordpress.org/themes/comoxa/,4.7,5.6,100
cormex,Cormex,10.5,10.4,https://downloads.wordpress.org/theme/cormex.10.5.zip,"2026-04-07 16:20:31",https://wordpress.org/themes/cormex/,,5.6,30
envira,Envira,18.0,17.9,https://downloads.wordpress.org/theme/envira.18.0.zip,"2026-04-07 16:19:59",https://wordpress.org/themes/envira/,4.7,5.6,200
eventpress,EventPress,21.9,21.8,https://downloads.wordpress.org/theme/eventpress.21.9.zip,"2026-04-07 16:22:19",https://wordpress.org/themes/eventpress/,4.7,5.6,500
evion,Evion,8.5,8.4,https://downloads.wordpress.org/theme/evion.8.5.zip,"2026-04-07 16:21:44",https://wordpress.org/themes/evion/,4.7,5.6,10
fiona-news,"Fiona News",18.2,18.1,https://downloads.wordpress.org/theme/fiona-news.18.2.zip,"2026-04-07 16:19:36",https://wordpress.org/themes/fiona-news/,4.7,5.6,60
news25-breaking,"News25 Breaking",2.2,2.1,https://downloads.wordpress.org/theme/news25-breaking.2.2.zip,"2026-04-07 16:19:14",https://wordpress.org/themes/news25-breaking/,4.7,5.6,100
nexcraft-bpo,"Nexcraft BPO",8.9,8.8,https://downloads.wordpress.org/theme/nexcraft-bpo.8.9.zip,"2026-04-07 16:20:55",https://wordpress.org/themes/nexcraft-bpo/,,5.6,20
profolio,Profolio,10.1,10.0,https://downloads.wordpress.org/theme/profolio.10.1.zip,"2026-04-07 16:18:52",https://wordpress.org/themes/profolio/,,5.6,70
shadiant,Shadiant,7.0,6.9,https://downloads.wordpress.org/theme/shadiant.7.0.zip,"2026-04-07 16:25:12",https://wordpress.org/themes/shadiant/,4.7,5.6,20
techine,Techine,18.0,17.9,https://downloads.wordpress.org/theme/techine.18.0.zip,"2026-04-07 16:17:33",https://wordpress.org/themes/techine/,4.7,5.6,100
thai-spa,"Thai Spa",18.2,18.1,https://downloads.wordpress.org/theme/thai-spa.18.2.zip,"2026-04-07 16:14:14",https://wordpress.org/themes/thai-spa/,4.7,5.6,300
timeblog,TimeBlog,14.2,14.1,https://downloads.wordpress.org/theme/timeblog.14.2.zip,"2026-04-07 16:18:10",https://wordpress.org/themes/timeblog/,4.7,5.6,100
webaura,WebAura,2.5,2.4,https://downloads.wordpress.org/theme/webaura.2.5.zip,"2026-04-07 16:17:05",https://wordpress.org/themes/webaura/,4.7,5.6,90
webora,Webora,4.2,4.1,https://downloads.wordpress.org/theme/webora.4.2.zip,"2026-04-07 16:23:38",https://wordpress.org/themes/webora/,4.7,5.6,100
websy,Websy,4.2,4.1,https://downloads.wordpress.org/theme/websy.4.2.zip,"2026-04-07 16:15:04",https://wordpress.org/themes/websy/,4.7,5.6,200
razorcuts-fse,"RazorCuts FSE",1.1,,https://downloads.wordpress.org/theme/razorcuts-fse.1.1.zip,"2026-04-07 17:01:07",https://wordpress.org/themes/razorcuts-fse/,,5.6,0
roofing-company,"Roofing Company",0.1.2,,https://downloads.wordpress.org/theme/roofing-company.0.1.2.zip,"2026-04-07 16:01:15",https://wordpress.org/themes/roofing-company/,,5.6,0
barbecue-cafeteria,"Barbecue Cafeteria",0.5.1,0.5.0,https://downloads.wordpress.org/theme/barbecue-cafeteria.0.5.1.zip,"2026-04-07 17:58:24",https://wordpress.org/themes/barbecue-cafeteria/,5.0,7.2,40
carpenter-master,"Carpenter Master",1.0.5,1.0.4,https://downloads.wordpress.org/theme/carpenter-master.1.0.5.zip,"2026-04-07 17:53:17",https://wordpress.org/themes/carpenter-master/,6.7,7.2,100
digi-restaurant,"Digi Restaurant",0.7.8,0.7.7,https://downloads.wordpress.org/theme/digi-restaurant.0.7.8.zip,"2026-04-07 17:57:39",https://wordpress.org/themes/digi-restaurant/,5.0,7.2,60
pest-control-services,"Pest Control Services",0.4.7,0.4.6,https://downloads.wordpress.org/theme/pest-control-services.0.4.7.zip,"2026-04-07 17:56:23",https://wordpress.org/themes/pest-control-services/,5.0,7.2,20
pet-accessory-store,"Pet Accessory Store",0.2.1,0.2.0,https://downloads.wordpress.org/theme/pet-accessory-store.0.2.1.zip,"2026-04-07 17:54:04",https://wordpress.org/themes/pet-accessory-store/,5.0,7.2,50
pet-care-zone,"Pet Care Zone",4.9.3,4.9.2,https://downloads.wordpress.org/theme/pet-care-zone.4.9.3.zip,"2026-04-07 17:52:51",https://wordpress.org/themes/pet-care-zone/,5.0,7.2,200
preschool-classes,"Preschool Classes",0.1.0,0.0.9,https://downloads.wordpress.org/theme/preschool-classes.0.1.0.zip,"2026-04-07 17:51:45",https://wordpress.org/themes/preschool-classes/,5.0,7.2,40
product-affiliate,"Product Affiliate",0.5.5,0.5.4,https://downloads.wordpress.org/theme/product-affiliate.0.5.5.zip,"2026-04-07 17:49:59",https://wordpress.org/themes/product-affiliate/,5.0,7.2,80
real-estate-builder,"Real Estate Builder",0.8.6,0.8.5,https://downloads.wordpress.org/theme/real-estate-builder.0.8.6.zip,"2026-04-07 17:48:33",https://wordpress.org/themes/real-estate-builder/,5.0,7.2,40
real-estate-escrow,"Real Estate Escrow",0.6.6,0.6.5,https://downloads.wordpress.org/theme/real-estate-escrow.0.6.6.zip,"2026-04-07 17:46:29",https://wordpress.org/themes/real-estate-escrow/,5.0,7.2,50
real-estate-management,"Real Estate Management",2.4.6,2.4.4,https://downloads.wordpress.org/theme/real-estate-management.2.4.6.zip,"2026-04-07 17:45:49",https://wordpress.org/themes/real-estate-management/,5.0,7.2,200
recipe-maker,"Recipe Maker",0.2,0.1.9,https://downloads.wordpress.org/theme/recipe-maker.0.2.zip,"2026-04-07 17:36:48",https://wordpress.org/themes/recipe-maker/,5.0,7.2,60
restaurant-zone,"Restaurant Zone",0.7.9,0.7.8,https://downloads.wordpress.org/theme/restaurant-zone.0.7.9.zip,"2026-04-07 17:33:41",https://wordpress.org/themes/restaurant-zone/,5.0,7.2,200
retailer-market,"Retailer Market",2.4.4,2.4.3,https://downloads.wordpress.org/theme/retailer-market.2.4.4.zip,"2026-04-07 17:31:32",https://wordpress.org/themes/retailer-market/,5.0,7.2,10
royal-jewellery,"Royal Jewellery",0.5.4,0.5.2,https://downloads.wordpress.org/theme/royal-jewellery.0.5.4.zip,"2026-04-07 17:30:22",https://wordpress.org/themes/royal-jewellery/,5.0,7.2,80
saas-software,"SAAS Software",0.1.0,0.0.9,https://downloads.wordpress.org/theme/saas-software.0.1.0.zip,"2026-04-07 17:25:31",https://wordpress.org/themes/saas-software/,5.0,7.2,40
alante-eshop,"Alante eShop",1.0.1,,https://downloads.wordpress.org/theme/alante-eshop.1.0.1.zip,"2026-04-07 17:32:04",https://wordpress.org/themes/alante-eshop/,5.0,7.0,0
flex-interior-design,"Flex Interior Design",1.0.0,,https://downloads.wordpress.org/theme/flex-interior-design.1.0.0.zip,"2026-04-07 17:31:56",https://wordpress.org/themes/flex-interior-design/,,5.6,0
enjoy-blog,"Enjoy Blog",0.0.2,,https://downloads.wordpress.org/theme/enjoy-blog.0.0.2.zip,"2026-04-07 18:31:50",https://wordpress.org/themes/enjoy-blog/,6.0,5.7,0
pawfect,Pawfect,1.0.9,,https://downloads.wordpress.org/theme/pawfect.1.0.9.zip,"2026-04-07 18:46:11",https://wordpress.org/themes/pawfect/,5.0,7.4,0
uptown,upTown,2.0.0,1.4.5,https://downloads.wordpress.org/theme/uptown.2.0.0.zip,"2026-04-07 19:40:32",https://wordpress.org/themes/uptown/,5.0,7.4,200
blog-over,"Blog Over",0.0.3,,https://downloads.wordpress.org/theme/blog-over.0.0.3.zip,"2026-04-07 19:31:54",https://wordpress.org/themes/blog-over/,,7.4,0
newspare,NewSpare,3.2.1,3.2.0,https://downloads.wordpress.org/theme/newspare.3.2.1.zip,"2026-04-08 02:12:57",https://wordpress.org/themes/newspare/,5.0,5.0,100
onepress,OnePress,2.3.17,2.3.16,https://downloads.wordpress.org/theme/onepress.2.3.17.zip,"2026-04-08 01:00:32",https://wordpress.org/themes/onepress/,,7.4,60000
abhavana,Abhavana,1.0.0,,https://downloads.wordpress.org/theme/abhavana.1.0.0.zip,"2026-04-08 02:46:25",https://wordpress.org/themes/abhavana/,6.1,7.0,0
biz-growth-hub-lite,"Biz Growth Hub Lite",0.4,,https://downloads.wordpress.org/theme/biz-growth-hub-lite.0.4.zip,"2026-04-08 02:16:10",https://wordpress.org/themes/biz-growth-hub-lite/,5.0,7.4,0
business-enterprise,"Business Enterprise",1.0.2,,https://downloads.wordpress.org/theme/business-enterprise.1.0.2.zip,"2026-04-08 02:16:35",https://wordpress.org/themes/business-enterprise/,6.0,5.6,0
carpets-and-rugs,"Carpets and Rugs",1.0.0,,https://downloads.wordpress.org/theme/carpets-and-rugs.1.0.0.zip,"2026-04-08 03:16:23",https://wordpress.org/themes/carpets-and-rugs/,5.5,7.2,0
digital-services-company,"Digital Services Company",1.0.3,,https://downloads.wordpress.org/theme/digital-services-company.1.0.3.zip,"2026-04-08 03:01:14",https://wordpress.org/themes/digital-services-company/,6.1,7.2,0
pass-max,"Pass Max",0.0.4,,https://downloads.wordpress.org/theme/pass-max.0.0.4.zip,"2026-04-08 02:46:17",https://wordpress.org/themes/pass-max/,5.4,7.0,0
profolio-fse,"Profolio Fse",1.2,,https://downloads.wordpress.org/theme/profolio-fse.1.2.zip,"2026-04-08 03:16:15",https://wordpress.org/themes/profolio-fse/,6.0,7.0,0
sen-education,"Sen Education",1.0.1,,https://downloads.wordpress.org/theme/sen-education.1.0.1.zip,"2026-04-08 03:01:23",https://wordpress.org/themes/sen-education/,,5.6,0
shanti,Shanti,1.0.2,,https://downloads.wordpress.org/theme/shanti.1.0.2.zip,"2026-04-08 02:16:19",https://wordpress.org/themes/shanti/,6.7,7.4,0
st-laundry-services,"ST Laundry Services",1.2,,https://downloads.wordpress.org/theme/st-laundry-services.1.2.zip,"2026-04-08 02:16:27",https://wordpress.org/themes/st-laundry-services/,4.7,5.2,0
accepta,Accepta,1.0.4,1.0.3,https://downloads.wordpress.org/theme/accepta.1.0.4.zip,"2026-04-08 05:55:29",https://wordpress.org/themes/accepta/,5.0,7.4,100
auto-repair-center,"Auto Repair Center",1.3.0,1.2.9,https://downloads.wordpress.org/theme/auto-repair-center.1.3.0.zip,"2026-04-08 04:02:17",https://wordpress.org/themes/auto-repair-center/,6.0,7.2,100
consulting-blocks,"Consulting Blocks",1.3.2,1.3.1,https://downloads.wordpress.org/theme/consulting-blocks.1.3.2.zip,"2026-04-08 04:03:35",https://wordpress.org/themes/consulting-blocks/,6.0,7.2,50
cricket-club-league,"Cricket Club League",1.2.9,1.2.8,https://downloads.wordpress.org/theme/cricket-club-league.1.2.9.zip,"2026-04-08 04:04:28",https://wordpress.org/themes/cricket-club-league/,6.0,7.2,100
eco-renewable-energy,"Eco Renewable Energy",1.2.4,1.2.3,https://downloads.wordpress.org/theme/eco-renewable-energy.1.2.4.zip,"2026-04-08 04:05:32",https://wordpress.org/themes/eco-renewable-energy/,6.0,7.2,100
event-management-blocks,"Event Management Blocks",1.2.7,1.2.6,https://downloads.wordpress.org/theme/event-management-blocks.1.2.7.zip,"2026-04-08 04:06:22",https://wordpress.org/themes/event-management-blocks/,6.0,7.2,200
furniture-shop-blocks,"Furniture Shop Blocks",1.3.4,1.3.3,https://downloads.wordpress.org/theme/furniture-shop-blocks.1.3.4.zip,"2026-04-08 04:07:37",https://wordpress.org/themes/furniture-shop-blocks/,6.0,7.2,100
general-food-store,"General Food Store",1.2.2,1.2.1,https://downloads.wordpress.org/theme/general-food-store.1.2.2.zip,"2026-04-08 04:08:23",https://wordpress.org/themes/general-food-store/,6.0,7.2,200
illustrator-designer,"Illustrator Designer",1.2.0,1.1.9,https://downloads.wordpress.org/theme/illustrator-designer.1.2.0.zip,"2026-04-08 04:09:27",https://wordpress.org/themes/illustrator-designer/,6.0,7.2,100
landscape-designer,"Landscape Designer",1.2.9,1.2.8,https://downloads.wordpress.org/theme/landscape-designer.1.2.9.zip,"2026-04-08 04:11:21",https://wordpress.org/themes/landscape-designer/,6.0,7.2,100
personal-bodyguard,"Personal Bodyguard",1.2.4,1.2.2,https://downloads.wordpress.org/theme/personal-bodyguard.1.2.4.zip,"2026-04-08 04:12:31",https://wordpress.org/themes/personal-bodyguard/,6.0,7.2,50
profolio-fse,"Profolio Fse",1.3,1.2,https://downloads.wordpress.org/theme/profolio-fse.1.3.zip,"2026-04-08 03:49:31",https://wordpress.org/themes/profolio-fse/,6.0,7.0,0
radiant-portfolio,"Radiant Portfolio",1.2.4,1.2.3,https://downloads.wordpress.org/theme/radiant-portfolio.1.2.4.zip,"2026-04-08 04:13:23",https://wordpress.org/themes/radiant-portfolio/,6.0,7.2,100
skincare-product-store,"Skincare Product Store",1.2.1,1.2.0,https://downloads.wordpress.org/theme/skincare-product-store.1.2.1.zip,"2026-04-08 04:14:43",https://wordpress.org/themes/skincare-product-store/,6.0,7.2,100
startup-blocks,"Startup Blocks",1.2.3,1.2.2,https://downloads.wordpress.org/theme/startup-blocks.1.2.3.zip,"2026-04-08 04:16:27",https://wordpress.org/themes/startup-blocks/,6.0,7.2,100
trendy-storefront,"Trendy Storefront",1.2,1.1,https://downloads.wordpress.org/theme/trendy-storefront.1.2.zip,"2026-04-08 04:45:22",https://wordpress.org/themes/trendy-storefront/,5.5,5.6,30
wedding-planner-blocks,"Wedding Planner Blocks",1.2.1,1.2.0,https://downloads.wordpress.org/theme/wedding-planner-blocks.1.2.1.zip,"2026-04-08 04:17:45",https://wordpress.org/themes/wedding-planner-blocks/,6.0,7.2,40
animal-pet-store,"Animal Pet Store",4.0,3.9,https://downloads.wordpress.org/theme/animal-pet-store.4.0.zip,"2026-04-08 07:29:14",https://wordpress.org/themes/animal-pet-store/,5.0,5.6,100
buycart,BuyCart,1.0.3,1.0.2,https://downloads.wordpress.org/theme/buycart.1.0.3.zip,"2026-04-08 07:20:25",https://wordpress.org/themes/buycart/,4.7,5.6,300
easybuy,EasyBuy,1.0.33,1.0.32,https://downloads.wordpress.org/theme/easybuy.1.0.33.zip,"2026-04-08 07:19:34",https://wordpress.org/themes/easybuy/,4.7,5.6,400
eazyshop,EazyShop,1.0.44,1.0.43,https://downloads.wordpress.org/theme/eazyshop.1.0.44.zip,"2026-04-08 07:18:48",https://wordpress.org/themes/eazyshop/,4.7,5.6,500
ekart,eKart,1.0.28,1.0.27,https://downloads.wordpress.org/theme/ekart.1.0.28.zip,"2026-04-08 07:17:32",https://wordpress.org/themes/ekart/,4.7,5.6,400
fashion-shop-storefront,"Fashion Shop Storefront",0.5.6,0.5.5,https://downloads.wordpress.org/theme/fashion-shop-storefront.0.5.6.zip,"2026-04-08 06:44:30",https://wordpress.org/themes/fashion-shop-storefront/,5.0,5.6,10
fitness-elementor,"Fitness Elementor",0.5.3,0.5.2,https://downloads.wordpress.org/theme/fitness-elementor.0.5.3.zip,"2026-04-08 06:44:03",https://wordpress.org/themes/fitness-elementor/,5.0,5.6,1000
hair-spa-salon,"Hair Spa Salon",2.9,2.7,https://downloads.wordpress.org/theme/hair-spa-salon.2.9.zip,"2026-04-08 07:28:12",https://wordpress.org/themes/hair-spa-salon/,5.0,5.6,50
hillstar,Hillstar,1.0.40,1.0.35,https://downloads.wordpress.org/theme/hillstar.1.0.40.zip,"2026-04-08 06:38:14",https://wordpress.org/themes/hillstar/,,5.8,1000
holiday-vacation,"Holiday Vacation",4.0,3.9,https://downloads.wordpress.org/theme/holiday-vacation.4.0.zip,"2026-04-08 07:26:17",https://wordpress.org/themes/holiday-vacation/,5.0,5.6,100
industrial-services-elementor,"Industrial Services Elementor",0.6.2,0.6.1,https://downloads.wordpress.org/theme/industrial-services-elementor.0.6.2.zip,"2026-04-08 06:44:12",https://wordpress.org/themes/industrial-services-elementor/,5.0,5.6,300
logistic-hub,"Logistic Hub",1.0.6,1.0.5,https://downloads.wordpress.org/theme/logistic-hub.1.0.6.zip,"2026-04-08 07:12:01",https://wordpress.org/themes/logistic-hub/,6.7,7.2,300
minicart,MiniCart,1.0.58,1.0.57,https://downloads.wordpress.org/theme/minicart.1.0.58.zip,"2026-04-08 07:16:54",https://wordpress.org/themes/minicart/,4.7,5.6,400
moneymind-finance-advisor,"Moneymind Finance Advisor",0.1.7,0.1.6,https://downloads.wordpress.org/theme/moneymind-finance-advisor.0.1.7.zip,"2026-04-08 06:49:13",https://wordpress.org/themes/moneymind-finance-advisor/,5.0,7.2,80
pass-max,"Pass Max",1.0.0,0.0.4,https://downloads.wordpress.org/theme/pass-max.1.0.0.zip,"2026-04-08 07:06:22",https://wordpress.org/themes/pass-max/,5.4,7.0,0
pharmacy-shop,"Pharmacy Shop",4.7,4.6,https://downloads.wordpress.org/theme/pharmacy-shop.4.7.zip,"2026-04-08 07:25:14",https://wordpress.org/themes/pharmacy-shop/,5.0,5.6,60
preventive-maintenance,"Preventive Maintenance",4.7,4.6,https://downloads.wordpress.org/theme/preventive-maintenance.4.7.zip,"2026-04-08 07:21:44",https://wordpress.org/themes/preventive-maintenance/,5.0,5.6,100
real-estate-hub,"Real Estate Hub",5.0,4.9,https://downloads.wordpress.org/theme/real-estate-hub.5.0.zip,"2026-04-08 07:20:13",https://wordpress.org/themes/real-estate-hub/,5.0,5.6,100
resort-hotel-booking,"Resort Hotel Booking",6.1,6.0,https://downloads.wordpress.org/theme/resort-hotel-booking.6.1.zip,"2026-04-08 07:19:16",https://wordpress.org/themes/resort-hotel-booking/,5.0,5.6,100
shopire,Shopire,1.0.72,1.0.71,https://downloads.wordpress.org/theme/shopire.1.0.72.zip,"2026-04-08 07:16:19",https://wordpress.org/themes/shopire/,4.7,5.6,900
shopway,ShopWay,1.0.15,1.0.14,https://downloads.wordpress.org/theme/shopway.1.0.15.zip,"2026-04-08 07:15:37",https://wordpress.org/themes/shopway/,4.7,5.6,800
skylink,Skylink,1.0.17,1.0.12,https://downloads.wordpress.org/theme/skylink.1.0.17.zip,"2026-04-08 06:39:08",https://wordpress.org/themes/skylink/,,5.8,600
synclet,Synclet,1.0.21,1.0.16,https://downloads.wordpress.org/theme/synclet.1.0.21.zip,"2026-04-08 06:37:22",https://wordpress.org/themes/synclet/,,5.8,300
teluro,Teluro,1.0.70,1.0.64,https://downloads.wordpress.org/theme/teluro.1.0.70.zip,"2026-04-08 06:36:23",https://wordpress.org/themes/teluro/,,5.6,4000
the-tour-operator,"The Tour Operator",8.0,7.9,https://downloads.wordpress.org/theme/the-tour-operator.8.0.zip,"2026-04-08 07:18:18",https://wordpress.org/themes/the-tour-operator/,5.0,5.6,60
tourism-guide,"Tourism Guide",5.7,5.6,https://downloads.wordpress.org/theme/tourism-guide.5.7.zip,"2026-04-08 07:17:34",https://wordpress.org/themes/tourism-guide/,5.0,5.6,100
travel-agent,"Travel Agent",6.6,6.5,https://downloads.wordpress.org/theme/travel-agent.6.6.zip,"2026-04-08 07:16:24",https://wordpress.org/themes/travel-agent/,5.0,5.6,100
travel-hub,"Travel Hub",8.1,8.0,https://downloads.wordpress.org/theme/travel-hub.8.1.zip,"2026-04-08 07:14:07",https://wordpress.org/themes/travel-hub/,5.0,5.6,100
travel-vlogger,"Travel Vlogger",6.1,6.0,https://downloads.wordpress.org/theme/travel-vlogger.6.1.zip,"2026-04-08 07:12:14",https://wordpress.org/themes/travel-vlogger/,5.0,5.6,90
true-check-verification,"True Check Verification",0.1.4,0.1.3,https://downloads.wordpress.org/theme/true-check-verification.0.1.4.zip,"2026-04-08 06:58:12",https://wordpress.org/themes/true-check-verification/,5.0,7.2,0
business-article-ship,"Business Article Ship",3.5,3.4,https://downloads.wordpress.org/theme/business-article-ship.3.5.zip,"2026-04-08 08:46:12",https://wordpress.org/themes/business-article-ship/,5.5,5.6,60
caresoft,CareSoft,1.1.25,1.1.24,https://downloads.wordpress.org/theme/caresoft.1.1.25.zip,"2026-04-08 09:17:06",https://wordpress.org/themes/caresoft/,4.7,5.6,100
cleaning-specialist,"Cleaning Specialist",2.9,2.8,https://downloads.wordpress.org/theme/cleaning-specialist.2.9.zip,"2026-04-08 08:47:38",https://wordpress.org/themes/cleaning-specialist/,5.5,5.6,60
context-blog,"Context Blog",1.3.4,1.3.3,https://downloads.wordpress.org/theme/context-blog.1.3.4.zip,"2026-04-08 08:55:19",https://wordpress.org/themes/context-blog/,4.5,5.6,1000
cozysoft,CozySoft,1.1.42,1.1.41,https://downloads.wordpress.org/theme/cozysoft.1.1.42.zip,"2026-04-08 09:16:39",https://wordpress.org/themes/cozysoft/,4.7,5.6,80
creamy-bakery,"Creamy Bakery",2.9,2.8,https://downloads.wordpress.org/theme/creamy-bakery.2.9.zip,"2026-04-08 08:49:49",https://wordpress.org/themes/creamy-bakery/,5.5,5.6,100
dazel,Dazel,1.0.20,1.0.13,https://downloads.wordpress.org/theme/dazel.1.0.20.zip,"2026-04-08 08:26:20",https://wordpress.org/themes/dazel/,5.8,7.1,900
easytech,EasyTech,1.1.14,1.1.13,https://downloads.wordpress.org/theme/easytech.1.1.14.zip,"2026-04-08 09:18:06",https://wordpress.org/themes/easytech/,4.7,5.6,1000
eco-landscaping,"Eco Landscaping",2.8,2.7,https://downloads.wordpress.org/theme/eco-landscaping.2.8.zip,"2026-04-08 08:50:47",https://wordpress.org/themes/eco-landscaping/,5.5,5.6,300
editor-news,"Editor News",2.2,2.1,https://downloads.wordpress.org/theme/editor-news.2.2.zip,"2026-04-08 08:49:19",https://wordpress.org/themes/editor-news/,,5.6,800
frankfurt-news,"Frankfurt News",1.7,1.6,https://downloads.wordpress.org/theme/frankfurt-news.1.7.zip,"2026-04-08 08:49:43",https://wordpress.org/themes/frankfurt-news/,,5.6,700
home-shifting-services,"Home Shifting Services",2.9,2.7,https://downloads.wordpress.org/theme/home-shifting-services.2.9.zip,"2026-04-08 08:51:29",https://wordpress.org/themes/home-shifting-services/,5.5,5.6,40
iris-wp,"Iris WP",1.0.46,1.0.37,https://downloads.wordpress.org/theme/iris-wp.1.0.46.zip,"2026-04-08 08:27:22",https://wordpress.org/themes/iris-wp/,5.8,7.1,3000
irvine-news,"Irvine News",2.6,2.5,https://downloads.wordpress.org/theme/irvine-news.2.6.zip,"2026-04-08 08:50:09",https://wordpress.org/themes/irvine-news/,,5.6,700
jungle-eco-tours,"Jungle Eco Tours",2.6,2.5,https://downloads.wordpress.org/theme/jungle-eco-tours.2.6.zip,"2026-04-08 08:52:10",https://wordpress.org/themes/jungle-eco-tours/,5.5,5.6,300
kindergarten-art-school,"Kindergarten Art School",2.9,2.8,https://downloads.wordpress.org/theme/kindergarten-art-school.2.9.zip,"2026-04-08 08:52:58",https://wordpress.org/themes/kindergarten-art-school/,5.5,5.6,100
medford-news,"Medford News",2.2,2.1,https://downloads.wordpress.org/theme/medford-news.2.2.zip,"2026-04-08 08:50:45",https://wordpress.org/themes/medford-news/,,5.6,400
news-digest,"News Digest",5.5,5.4,https://downloads.wordpress.org/theme/news-digest.5.5.zip,"2026-04-08 08:51:50",https://wordpress.org/themes/news-digest/,,5.6,400
news-gadgets,"News Gadgets",3.0,2.9,https://downloads.wordpress.org/theme/news-gadgets.3.0.zip,"2026-04-08 08:56:13",https://wordpress.org/themes/news-gadgets/,,5.6,500
news-mart,"News Mart",1.3,1.2,https://downloads.wordpress.org/theme/news-mart.1.3.zip,"2026-04-08 08:53:57",https://wordpress.org/themes/news-mart/,,5.6,200
newscorn,NewsCorn,4.4,4.3,https://downloads.wordpress.org/theme/newscorn.4.4.zip,"2026-04-08 08:51:13",https://wordpress.org/themes/newscorn/,,5.6,200
newsexo,NewsExo,7.2,7.1,https://downloads.wordpress.org/theme/newsexo.7.2.zip,"2026-04-08 08:52:29",https://wordpress.org/themes/newsexo/,,5.6,2000
newsio,Newsio,5.9,5.8,https://downloads.wordpress.org/theme/newsio.5.9.zip,"2026-04-08 08:52:54",https://wordpress.org/themes/newsio/,,5.6,700
oblixar,Oblixar,1.0.30,1.0.22,https://downloads.wordpress.org/theme/oblixar.1.0.30.zip,"2026-04-08 08:28:27",https://wordpress.org/themes/oblixar/,5.8,7.1,700
online-courier-services,"Online Courier Services",0.0.3,0.0.2,https://downloads.wordpress.org/theme/online-courier-services.0.0.3.zip,"2026-04-08 08:54:09",https://wordpress.org/themes/online-courier-services/,6.2,7.2,30
pedicure-makeup-store,"Pedicure Makeup Store",2.4,2.3,https://downloads.wordpress.org/theme/pedicure-makeup-store.2.4.zip,"2026-04-08 08:54:56",https://wordpress.org/themes/pedicure-makeup-store/,5.5,5.6,90
prime-software-company,"Prime Software Company",12.0,11.0,https://downloads.wordpress.org/theme/prime-software-company.12.0.zip,"2026-04-08 08:15:25",https://wordpress.org/themes/prime-software-company/,,7.4,0
prismal,Prismal,1.0.25,1.0.17,https://downloads.wordpress.org/theme/prismal.1.0.25.zip,"2026-04-08 08:29:27",https://wordpress.org/themes/prismal/,5.8,7.1,1000
provo-news,"Provo News",3.9,3.8,https://downloads.wordpress.org/theme/provo-news.3.9.zip,"2026-04-08 08:54:55",https://wordpress.org/themes/provo-news/,,5.6,500
seattle-news,"Seattle News",3.6,3.5,https://downloads.wordpress.org/theme/seattle-news.3.6.zip,"2026-04-08 08:55:18",https://wordpress.org/themes/seattle-news/,,5.6,1000
softinn,Softinn,1.1.40,1.1.39,https://downloads.wordpress.org/theme/softinn.1.1.40.zip,"2026-04-08 09:16:09",https://wordpress.org/themes/softinn/,4.7,5.6,100
softme,SoftMe,1.1.51,1.1.50,https://downloads.wordpress.org/theme/softme.1.1.51.zip,"2026-04-08 09:15:38",https://wordpress.org/themes/softme/,4.7,5.6,800
sunbrake,Sunbrake,1.0.33,1.0.24,https://downloads.wordpress.org/theme/sunbrake.1.0.33.zip,"2026-04-08 08:30:25",https://wordpress.org/themes/sunbrake/,5.8,7.1,1000
suntech,Suntech,1.1.18,1.1.17,https://downloads.wordpress.org/theme/suntech.1.1.18.zip,"2026-04-08 09:17:33",https://wordpress.org/themes/suntech/,4.7,5.6,200
techlauncher,TechLauncher,1.1.0,1.0.9,https://downloads.wordpress.org/theme/techlauncher.1.1.0.zip,"2026-04-08 08:22:02",https://wordpress.org/themes/techlauncher/,6.0,7.4,70
woostify,Woostify,2.5.0,2.4.9,https://downloads.wordpress.org/theme/woostify.2.5.0.zip,"2026-04-08 07:57:35",https://wordpress.org/themes/woostify/,4.7,7.3,50000
wuppi,Wuppi,1.0.6,1.0.5,https://downloads.wordpress.org/theme/wuppi.1.0.6.zip,"2026-04-08 08:01:32",https://wordpress.org/themes/wuppi/,6.5,8.0,10
anime-stream,"Anime Stream",0.4.0,0.3.8,https://downloads.wordpress.org/theme/anime-stream.0.4.0.zip,"2026-04-08 10:46:59",https://wordpress.org/themes/anime-stream/,5.0,7.2,100
astra,Astra,4.12.7,4.12.6,https://downloads.wordpress.org/theme/astra.4.12.7.zip,"2026-04-08 10:31:26",https://wordpress.org/themes/astra/,5.3,5.3,1000000
child-care-kindergarten,"Child Care Kindergarten",3.1.1,3.1.0,https://downloads.wordpress.org/theme/child-care-kindergarten.3.1.1.zip,"2026-04-08 10:36:09",https://wordpress.org/themes/child-care-kindergarten/,5.0,7.2,70
commercial-automation-services,"Commercial Automation Services",0.4.3,0.4.2,https://downloads.wordpress.org/theme/commercial-automation-services.0.4.3.zip,"2026-04-08 10:48:14",https://wordpress.org/themes/commercial-automation-services/,5.0,7.2,100
digital-services-company,"Digital Services Company",1.0.5,1.0.3,https://downloads.wordpress.org/theme/digital-services-company.1.0.5.zip,"2026-04-08 10:57:18",https://wordpress.org/themes/digital-services-company/,6.1,7.2,0
electromix-digital,"Electromix Digital",1.2,1.1,https://downloads.wordpress.org/theme/electromix-digital.1.2.zip,"2026-04-08 10:06:33",https://wordpress.org/themes/electromix-digital/,,5.6,20
electromix-tech,"Electromix Tech",1.1,1.0,https://downloads.wordpress.org/theme/electromix-tech.1.1.zip,"2026-04-08 10:09:37",https://wordpress.org/themes/electromix-tech/,,5.6,30
electromix,Electromix,1.8,1.7,https://downloads.wordpress.org/theme/electromix.1.8.zip,"2026-04-08 10:05:58",https://wordpress.org/themes/electromix/,4.7,5.6,80
electronics-retailer,"Electronics Retailer",0.4.8,0.4.7,https://downloads.wordpress.org/theme/electronics-retailer.0.4.8.zip,"2026-04-08 10:48:51",https://wordpress.org/themes/electronics-retailer/,5.0,7.2,200
expert-electrician,"Expert Electrician",4.1.0,4.0.9,https://downloads.wordpress.org/theme/expert-electrician.4.1.0.zip,"2026-04-08 10:35:29",https://wordpress.org/themes/expert-electrician/,5.0,7.2,100
home-decorative-items,"Home Decorative Items",3.1,3.0,https://downloads.wordpress.org/theme/home-decorative-items.3.1.zip,"2026-04-08 10:56:31",https://wordpress.org/themes/home-decorative-items/,6.1,7.2,100
it-company-lite,"IT Company Lite",1.2.5,1.2.4,https://downloads.wordpress.org/theme/it-company-lite.1.2.5.zip,"2026-04-08 10:39:34",https://wordpress.org/themes/it-company-lite/,5.0,7.2,100
it-services-management,"IT Services Management",3.3,3.2,https://downloads.wordpress.org/theme/it-services-management.3.3.zip,"2026-04-08 10:55:51",https://wordpress.org/themes/it-services-management/,6.1,7.2,200
lzrestaurant,lzrestaurant,2.0.9,2.0.8,https://downloads.wordpress.org/theme/lzrestaurant.2.0.9.zip,"2026-04-08 10:37:00",https://wordpress.org/themes/lzrestaurant/,,7.2,100
mechanic-car-repair,"Mechanic Car Repair",3.5,3.4,https://downloads.wordpress.org/theme/mechanic-car-repair.3.5.zip,"2026-04-08 10:55:10",https://wordpress.org/themes/mechanic-car-repair/,6.1,7.2,200
mining-industry,"Mining Industry",0.5.2,0.5.1,https://downloads.wordpress.org/theme/mining-industry.0.5.2.zip,"2026-04-08 10:49:47",https://wordpress.org/themes/mining-industry/,5.0,7.2,100
motorcycle-repair,"Motorcycle Repair",3.3,3.2,https://downloads.wordpress.org/theme/motorcycle-repair.3.3.zip,"2026-04-08 10:54:32",https://wordpress.org/themes/motorcycle-repair/,6.1,7.2,100
online-sneaker-shop,"Online Sneaker Shop",3.1,3.0,https://downloads.wordpress.org/theme/online-sneaker-shop.3.1.zip,"2026-04-08 10:53:55",https://wordpress.org/themes/online-sneaker-shop/,6.1,7.2,90
pest-control-treatment,"Pest Control Treatment",0.4.6,0.4.5,https://downloads.wordpress.org/theme/pest-control-treatment.0.4.6.zip,"2026-04-08 10:49:31",https://wordpress.org/themes/pest-control-treatment/,5.0,7.2,100
photobrust,PhotoBrust,3.0,2.0.1,https://downloads.wordpress.org/theme/photobrust.3.0.zip,"2026-04-08 10:28:48",https://wordpress.org/themes/photobrust/,,5.6,500
professional-portfolio,"Professional Portfolio",0.5.2,0.5.1,https://downloads.wordpress.org/theme/professional-portfolio.0.5.2.zip,"2026-04-08 10:47:17",https://wordpress.org/themes/professional-portfolio/,5.0,7.2,50
real-estate-development,"Real Estate Development",3.7,3.6,https://downloads.wordpress.org/theme/real-estate-development.3.7.zip,"2026-04-08 10:51:21",https://wordpress.org/themes/real-estate-development/,6.1,7.2,70
reseller-store,"Reseller Store",0.4.8,0.4.7,https://downloads.wordpress.org/theme/reseller-store.0.4.8.zip,"2026-04-08 10:50:42",https://wordpress.org/themes/reseller-store/,5.0,7.2,90
salecraft-ecommerce,"SaleCraft Ecommerce",1.0.2,1.0.1,https://downloads.wordpress.org/theme/salecraft-ecommerce.1.0.2.zip,"2026-04-08 10:46:49",https://wordpress.org/themes/salecraft-ecommerce/,6.1,7.2,30
sirat,Sirat,1.7,1.6.9,https://downloads.wordpress.org/theme/sirat.1.7.zip,"2026-04-08 10:50:41",https://wordpress.org/themes/sirat/,5.0,7.2,1000
softalt,SoftAlt,1.0.69,1.0.68,https://downloads.wordpress.org/theme/softalt.1.0.69.zip,"2026-04-08 09:19:33",https://wordpress.org/themes/softalt/,4.7,5.6,100
softica,Softica,1.0.4,1.0.3,https://downloads.wordpress.org/theme/softica.1.0.4.zip,"2026-04-08 09:20:01",https://wordpress.org/themes/softica/,4.7,5.6,100
softmunch,SoftMunch,1.0.90,1.0.89,https://downloads.wordpress.org/theme/softmunch.1.0.90.zip,"2026-04-08 09:19:04",https://wordpress.org/themes/softmunch/,4.7,5.6,200
solar-power,"Solar Power",0.5.2,0.5.1,https://downloads.wordpress.org/theme/solar-power.0.5.2.zip,"2026-04-08 10:33:03",https://wordpress.org/themes/solar-power/,,7.2,80
truesoft,TrueSoft,1.0.97,1.0.96,https://downloads.wordpress.org/theme/truesoft.1.0.97.zip,"2026-04-08 09:18:34",https://wordpress.org/themes/truesoft/,4.7,5.6,200
vw-business-lounge,"VW Business Lounge",0.5.4,0.5.3,https://downloads.wordpress.org/theme/vw-business-lounge.0.5.4.zip,"2026-04-08 10:51:23",https://wordpress.org/themes/vw-business-lounge/,5.0,7.2,30
vw-driving-school,"VW Driving School",1.4.3,1.4.2,https://downloads.wordpress.org/theme/vw-driving-school.1.4.3.zip,"2026-04-08 10:40:03",https://wordpress.org/themes/vw-driving-school/,5.0,7.2,100
vw-ecommerce-store,"VW Ecommerce Store",1.5.9,1.5.8,https://downloads.wordpress.org/theme/vw-ecommerce-store.1.5.9.zip,"2026-04-08 10:51:22",https://wordpress.org/themes/vw-ecommerce-store/,5.0,7.2,400
vw-education-academy,"VW Education Academy",1.5.3,1.5.2,https://downloads.wordpress.org/theme/vw-education-academy.1.5.3.zip,"2026-04-08 10:40:19",https://wordpress.org/themes/vw-education-academy/,5.0,7.2,300
vw-event-planner,"VW Event Planner",1.4.9,1.4.8,https://downloads.wordpress.org/theme/vw-event-planner.1.4.9.zip,"2026-04-08 10:40:55",https://wordpress.org/themes/vw-event-planner/,5.0,7.2,200
vw-furniture-carpenter,"VW Furniture Carpenter",1.4.7,1.4.6,https://downloads.wordpress.org/theme/vw-furniture-carpenter.1.4.7.zip,"2026-04-08 10:52:31",https://wordpress.org/themes/vw-furniture-carpenter/,5.0,7.2,200
vw-machine-learning,"VW Machine Learning",0.4.3,0.4.2,https://downloads.wordpress.org/theme/vw-machine-learning.0.4.3.zip,"2026-04-08 10:53:28",https://wordpress.org/themes/vw-machine-learning/,5.0,7.2,500
vw-maintenance-services,"VW Maintenance Services",1.6.0,1.5.9,https://downloads.wordpress.org/theme/vw-maintenance-services.1.6.0.zip,"2026-04-08 10:53:49",https://wordpress.org/themes/vw-maintenance-services/,5.0,7.2,300
vw-medical-care,"VW Medical Care",1.4.9,1.4.8,https://downloads.wordpress.org/theme/vw-medical-care.1.4.9.zip,"2026-04-08 10:42:07",https://wordpress.org/themes/vw-medical-care/,5.0,7.2,400
vw-parallax,"VW Parallax",1.3.2,1.3.1,https://downloads.wordpress.org/theme/vw-parallax.1.3.2.zip,"2026-04-08 10:42:17",https://wordpress.org/themes/vw-parallax/,5.0,7.2,100
vw-stock-images,"VW Stock Images",0.5.5,0.5.4,https://downloads.wordpress.org/theme/vw-stock-images.0.5.5.zip,"2026-04-08 10:43:28",https://wordpress.org/themes/vw-stock-images/,5.0,7.2,300
vw-transport-cargo,"VW Transport Cargo",1.3.3,1.3.2,https://downloads.wordpress.org/theme/vw-transport-cargo.1.3.3.zip,"2026-04-08 10:43:14",https://wordpress.org/themes/vw-transport-cargo/,5.0,7.2,100
vw-yoga-fitness,"VW Yoga Fitness",2.3.3,2.3.2,https://downloads.wordpress.org/theme/vw-yoga-fitness.2.3.3.zip,"2026-04-08 10:43:58",https://wordpress.org/themes/vw-yoga-fitness/,5.0,7.2,300
watch-store,"Watch Store",0.7.1,0.7.0,https://downloads.wordpress.org/theme/watch-store.0.7.1.zip,"2026-04-08 10:32:27",https://wordpress.org/themes/watch-store/,5.0,7.2,50
acronix,Acronix,2.0.6,2.0.5,https://downloads.wordpress.org/theme/acronix.2.0.6.zip,"2026-04-08 11:56:49",https://wordpress.org/themes/acronix/,,5.6,50
aera,Aera,18.2,18.1,https://downloads.wordpress.org/theme/aera.18.2.zip,"2026-04-08 11:57:24",https://wordpress.org/themes/aera/,4.7,5.6,400
ameya,Ameya,18.1,18.0,https://downloads.wordpress.org/theme/ameya.18.1.zip,"2026-04-08 11:57:43",https://wordpress.org/themes/ameya/,4.7,5.6,500
aravalli,Aravalli,19.9,19.8,https://downloads.wordpress.org/theme/aravalli.19.9.zip,"2026-04-08 11:58:32",https://wordpress.org/themes/aravalli/,4.7,5.6,600
arbuda,Arbuda,18.0,17.9,https://downloads.wordpress.org/theme/arbuda.18.0.zip,"2026-04-08 11:59:06",https://wordpress.org/themes/arbuda/,4.7,5.6,200
belltech,Belltech,18.0,17.9,https://downloads.wordpress.org/theme/belltech.18.0.zip,"2026-04-08 11:59:49",https://wordpress.org/themes/belltech/,4.7,5.6,50
bloglex,BlogLex,1.1.7,1.1.6,https://downloads.wordpress.org/theme/bloglex.1.1.7.zip,"2026-04-08 11:38:57",https://wordpress.org/themes/bloglex/,5.9,5.6,100
boostify,Boostify,19.9,19.8,https://downloads.wordpress.org/theme/boostify.19.9.zip,"2026-04-08 12:00:21",https://wordpress.org/themes/boostify/,4.7,5.6,100
builderse,Builderse,16.4,16.3,https://downloads.wordpress.org/theme/builderse.16.4.zip,"2026-04-08 12:01:36",https://wordpress.org/themes/builderse/,4.7,5.6,100
colorflow,ColorFlow,7.4,7.3,https://downloads.wordpress.org/theme/colorflow.7.4.zip,"2026-04-08 12:02:23",https://wordpress.org/themes/colorflow/,4.7,5.6,50
colorsy,Colorsy,18.0,17.9,https://downloads.wordpress.org/theme/colorsy.18.0.zip,"2026-04-08 12:03:12",https://wordpress.org/themes/colorsy/,4.7,5.6,100
mindscape,Mindscape,1.0.58,1.0.48,https://downloads.wordpress.org/theme/mindscape.1.0.58.zip,"2026-04-08 11:45:57",https://wordpress.org/themes/mindscape/,5.8,7.1,3000
moontopia,Moontopia,1.0.28,1.0.19,https://downloads.wordpress.org/theme/moontopia.1.0.28.zip,"2026-04-08 11:46:58",https://wordpress.org/themes/moontopia/,5.8,7.1,2000
newsarc,NewsArc,1.1.7,1.1.6,https://downloads.wordpress.org/theme/newsarc.1.1.7.zip,"2026-04-08 11:50:06",https://wordpress.org/themes/newsarc/,5.9,5.6,100
newsberry,NewsBerry,1.1.8,1.1.7,https://downloads.wordpress.org/theme/newsberry.1.1.8.zip,"2026-04-08 11:30:21",https://wordpress.org/themes/newsberry/,5.9,5.6,200
newscurve,NewsCurve,1.1.5,1.1.4,https://downloads.wordpress.org/theme/newscurve.1.1.5.zip,"2026-04-08 11:33:18",https://wordpress.org/themes/newscurve/,5.9,5.6,100
pixelize,Pixelize,1.0.25,1.0.15,https://downloads.wordpress.org/theme/pixelize.1.0.25.zip,"2026-04-08 11:47:51",https://wordpress.org/themes/pixelize/,5.8,7.1,500
truthnews,TruthNews,1.1.6,1.1.5,https://downloads.wordpress.org/theme/truthnews.1.1.6.zip,"2026-04-08 11:44:15",https://wordpress.org/themes/truthnews/,5.9,5.6,200
vireo,Vireo,1.0.32,1.0.24,https://downloads.wordpress.org/theme/vireo.1.0.32.zip,"2026-04-08 11:48:51",https://wordpress.org/themes/vireo/,5.8,7.1,1000
blog-over,"Blog Over",0.0.4,0.0.3,https://downloads.wordpress.org/theme/blog-over.0.0.4.zip,"2026-04-08 12:34:04",https://wordpress.org/themes/blog-over/,,7.4,0
bluehost-blueprint,"Bluehost Blueprint",1.0.1,1.0.0,https://downloads.wordpress.org/theme/bluehost-blueprint.1.0.1.zip,"2026-04-08 13:41:15",https://wordpress.org/themes/bluehost-blueprint/,6.6,7.2,30000
convo,Convo,13.3,13.2,https://downloads.wordpress.org/theme/convo.13.3.zip,"2026-04-08 12:04:16",https://wordpress.org/themes/convo/,,7.0,100
cosmics,Cosmics,18.0,17.9,https://downloads.wordpress.org/theme/cosmics.18.0.zip,"2026-04-08 12:04:35",https://wordpress.org/themes/cosmics/,4.7,5.6,400
eractor,Eractor,16.0,15.9,https://downloads.wordpress.org/theme/eractor.16.0.zip,"2026-04-08 12:05:29",https://wordpress.org/themes/eractor/,4.7,5.6,100
ev-bike-shop,"EV Bike Shop",0.5.1,0.5.0,https://downloads.wordpress.org/theme/ev-bike-shop.0.5.1.zip,"2026-04-08 12:26:34",https://wordpress.org/themes/ev-bike-shop/,5.0,5.6,200
event-organizer-elemento,"Event Organizer Elemento",0.4.0,0.3.9,https://downloads.wordpress.org/theme/event-organizer-elemento.0.4.0.zip,"2026-04-08 12:26:44",https://wordpress.org/themes/event-organizer-elemento/,5.0,5.6,40
eventplus,EventPlus,17.7,17.6,https://downloads.wordpress.org/theme/eventplus.17.7.zip,"2026-04-08 12:06:53",https://wordpress.org/themes/eventplus/,4.7,5.6,200
evita,Evita,5.2,5.1,https://downloads.wordpress.org/theme/evita.5.2.zip,"2026-04-08 12:07:38",https://wordpress.org/themes/evita/,,5.6,200
fiona-blog,"Fiona Blog",20.0,19.9,https://downloads.wordpress.org/theme/fiona-blog.20.0.zip,"2026-04-08 12:10:00",https://wordpress.org/themes/fiona-blog/,4.7,5.6,500
fiona-food,"Fiona Food",18.2,18.1,https://downloads.wordpress.org/theme/fiona-food.18.2.zip,"2026-04-08 12:10:48",https://wordpress.org/themes/fiona-food/,4.7,5.6,60
fse-fashion-designer,"FSE Fashion Designer",1.3.1,1.3.0,https://downloads.wordpress.org/theme/fse-fashion-designer.1.3.1.zip,"2026-04-08 13:55:15",https://wordpress.org/themes/fse-fashion-designer/,,5.6,20
fse-photography,"FSE Photography",1.3.0,1.2.9,https://downloads.wordpress.org/theme/fse-photography.1.3.0.zip,"2026-04-08 13:54:29",https://wordpress.org/themes/fse-photography/,,5.6,90
fse-real-estate,"FSE Real Estate",1.3.4,1.3.3,https://downloads.wordpress.org/theme/fse-real-estate.1.3.4.zip,"2026-04-08 13:52:44",https://wordpress.org/themes/fse-real-estate/,5.9,5.6,100
fse-sem-agency,"FSE SEM Agency",2.1.6,2.1.5,https://downloads.wordpress.org/theme/fse-sem-agency.2.1.6.zip,"2026-04-08 13:53:30",https://wordpress.org/themes/fse-sem-agency/,5.9,5.6,20
gradiantx,GradiantX,7.3,7.2,https://downloads.wordpress.org/theme/gradiantx.7.3.zip,"2026-04-08 12:11:44",https://wordpress.org/themes/gradiantx/,4.7,5.6,100
hairstylist-salon,"Hairstylist Salon",0.4.5,0.4.4,https://downloads.wordpress.org/theme/hairstylist-salon.0.4.5.zip,"2026-04-08 12:26:27",https://wordpress.org/themes/hairstylist-salon/,5.0,5.6,20
house-cleaning,"House Cleaning",0.4.5,0.4.4,https://downloads.wordpress.org/theme/house-cleaning.0.4.5.zip,"2026-04-08 12:26:20",https://wordpress.org/themes/house-cleaning/,5.0,5.6,30
jewelry-market,"Jewelry Market",1.0.4,1.0.3,https://downloads.wordpress.org/theme/jewelry-market.1.0.4.zip,"2026-04-08 12:50:50",https://wordpress.org/themes/jewelry-market/,6.0,7.2,0
medisafe,Medisafe,2.5,2.4,https://downloads.wordpress.org/theme/medisafe.2.5.zip,"2026-04-08 12:12:07",https://wordpress.org/themes/medisafe/,4.7,5.6,30
metasoft,MetaSoft,19.9,19.8,https://downloads.wordpress.org/theme/metasoft.19.9.zip,"2026-04-08 12:12:54",https://wordpress.org/themes/metasoft/,4.7,5.6,300
news25-live,"News25 Live",2.4,2.3,https://downloads.wordpress.org/theme/news25-live.2.4.zip,"2026-04-08 12:13:51",https://wordpress.org/themes/news25-live/,4.7,5.6,80
news25-prime,"News25 Prime",2.1,2.0,https://downloads.wordpress.org/theme/news25-prime.2.1.zip,"2026-04-08 12:14:18",https://wordpress.org/themes/news25-prime/,4.7,5.6,100
renoval,Renoval,19.2,19.1,https://downloads.wordpress.org/theme/renoval.19.2.zip,"2026-04-08 12:14:54",https://wordpress.org/themes/renoval/,4.7,5.6,600
seo-digital-agency,"SEO Digital Agency",0.5.1,0.5.0,https://downloads.wordpress.org/theme/seo-digital-agency.0.5.1.zip,"2026-04-08 12:26:47",https://wordpress.org/themes/seo-digital-agency/,5.0,5.6,30
startbiz,StartBiz,19.0,18.9,https://downloads.wordpress.org/theme/startbiz.19.0.zip,"2026-04-08 12:15:21",https://wordpress.org/themes/startbiz/,4.7,5.6,400
travel-tour,"Travel Tour",3.5.0,3.4.0,https://downloads.wordpress.org/theme/travel-tour.3.5.0.zip,"2026-04-08 13:00:53",https://wordpress.org/themes/travel-tour/,5.0.0,7.4,200
varuda,Varuda,18.1,18.0,https://downloads.wordpress.org/theme/varuda.18.1.zip,"2026-04-08 12:17:00",https://wordpress.org/themes/varuda/,4.7,5.6,200
bexplore,BExplore,1.2.4,1.2.3,https://downloads.wordpress.org/theme/bexplore.1.2.4.zip,"2026-04-08 15:37:59",https://wordpress.org/themes/bexplore/,,5.6,0
bootstrap-blog,"Bootstrap Blog",10.7.0,10.6.3,https://downloads.wordpress.org/theme/bootstrap-blog.10.7.0.zip,"2026-04-08 15:15:14",https://wordpress.org/themes/bootstrap-blog/,,7.4,200
cafe-eatery,"Cafe Eatery",1.3.4,1.3.3,https://downloads.wordpress.org/theme/cafe-eatery.1.3.4.zip,"2026-04-08 14:26:58",https://wordpress.org/themes/cafe-eatery/,,5.6,100
fse-book-store,"FSE Book Store",1.2.5,1.2.4,https://downloads.wordpress.org/theme/fse-book-store.1.2.5.zip,"2026-04-08 14:34:08",https://wordpress.org/themes/fse-book-store/,5.9,5.6,200
fse-cloths-rental,"FSE Cloths Rental",1.2.8,1.2.7,https://downloads.wordpress.org/theme/fse-cloths-rental.1.2.8.zip,"2026-04-08 14:28:52",https://wordpress.org/themes/fse-cloths-rental/,5.9,5.6,90
fse-fashion-store,"FSE Fashion Store",1.2.8,1.2.7,https://downloads.wordpress.org/theme/fse-fashion-store.1.2.8.zip,"2026-04-08 14:25:55",https://wordpress.org/themes/fse-fashion-store/,5.9,5.6,100
fse-gym-trainer,"FSE Gym Trainer",1.2.7,1.2.6,https://downloads.wordpress.org/theme/fse-gym-trainer.1.2.7.zip,"2026-04-08 14:34:50",https://wordpress.org/themes/fse-gym-trainer/,,5.6,40
fse-photographs,"FSE Photographs",1.2.4,1.2.3,https://downloads.wordpress.org/theme/fse-photographs.1.2.4.zip,"2026-04-08 14:35:31",https://wordpress.org/themes/fse-photographs/,5.9,5.6,100
fse-soccer-league,"FSE Soccer League",1.2.7,1.2.6,https://downloads.wordpress.org/theme/fse-soccer-league.1.2.7.zip,"2026-04-08 14:32:24",https://wordpress.org/themes/fse-soccer-league/,5.9,5.6,100
fse-social-ngo,"FSE Social NGO",1.2.7,1.2.6,https://downloads.wordpress.org/theme/fse-social-ngo.1.2.7.zip,"2026-04-08 14:33:26",https://wordpress.org/themes/fse-social-ngo/,,5.6,100
fse-tour-booking,"FSE Tour Booking",1.2.4,1.2.3,https://downloads.wordpress.org/theme/fse-tour-booking.1.2.4.zip,"2026-04-08 14:31:31",https://wordpress.org/themes/fse-tour-booking/,5.9,5.6,100
lontano,Lontano,1.6.6,1.6.4,https://downloads.wordpress.org/theme/lontano.1.6.6.zip,"2026-04-08 14:31:44",https://wordpress.org/themes/lontano/,,5.6,100
machine-learning,"Machine Learning",1.2.4,1.2.3,https://downloads.wordpress.org/theme/machine-learning.1.2.4.zip,"2026-04-08 14:29:48",https://wordpress.org/themes/machine-learning/,,5.6,100
maglink,MagLink,1.0.9,1.0.8,https://downloads.wordpress.org/theme/maglink.1.0.9.zip,"2026-04-08 14:17:24",https://wordpress.org/themes/maglink/,5.9,5.6,70
newspanda,NewsPanda,1.1.1,1.1.0,https://downloads.wordpress.org/theme/newspanda.1.1.1.zip,"2026-04-08 14:19:01",https://wordpress.org/themes/newspanda/,5.9,5.6,300
vegetable-gardening,"Vegetable Gardening",1.2.5,1.2.4,https://downloads.wordpress.org/theme/vegetable-gardening.1.2.5.zip,"2026-04-08 14:30:39",https://wordpress.org/themes/vegetable-gardening/,5.9,5.6,100
air-light,Air-light,10.1.1,10.1.0,https://downloads.wordpress.org/theme/air-light.10.1.1.zip,"2026-04-08 15:42:23",https://wordpress.org/themes/air-light/,,8.3,100
bexplore,BExplore,1.2.6,1.2.4,https://downloads.wordpress.org/theme/bexplore.1.2.6.zip,"2026-04-08 16:23:42",https://wordpress.org/themes/bexplore/,,5.6,0
smart-electrician,"Smart Electrician",0.2.8,0.2.7,https://downloads.wordpress.org/theme/smart-electrician.0.2.8.zip,"2026-04-08 15:57:49",https://wordpress.org/themes/smart-electrician/,,5.6,60
tattoo-artist,"Tattoo Artist",0.2.8,0.2.7,https://downloads.wordpress.org/theme/tattoo-artist.0.2.8.zip,"2026-04-08 15:56:56",https://wordpress.org/themes/tattoo-artist/,,5.6,40
architecture-building,"Architecture Building",5.7,5.6,https://downloads.wordpress.org/theme/architecture-building.5.7.zip,"2026-04-08 18:53:01",https://wordpress.org/themes/architecture-building/,5.0,5.6,100
barbershop-nail-salon,"Barbershop Nail Salon",5.4,5.3,https://downloads.wordpress.org/theme/barbershop-nail-salon.5.4.zip,"2026-04-08 18:52:11",https://wordpress.org/themes/barbershop-nail-salon/,5.0,5.6,100
bootstrap-basic,"Bootstrap Basic",1.3.9,1.3.8,https://downloads.wordpress.org/theme/bootstrap-basic.1.3.9.zip,"2026-04-08 17:31:49",https://wordpress.org/themes/bootstrap-basic/,4.0,5.4,1000
bootstrap-basic4,"Bootstrap Basic4",1.3.10,1.3.9,https://downloads.wordpress.org/theme/bootstrap-basic4.1.3.10.zip,"2026-04-08 17:43:51",https://wordpress.org/themes/bootstrap-basic4/,5.0,5.5,1000
chiropractor-therapy,"Chiropractor Therapy",6.0,5.8,https://downloads.wordpress.org/theme/chiropractor-therapy.6.0.zip,"2026-04-08 18:51:33",https://wordpress.org/themes/chiropractor-therapy/,5.0,5.6,90
cyber-security-services,"Cyber Security Services",5.9,5.8,https://downloads.wordpress.org/theme/cyber-security-services.5.9.zip,"2026-04-08 18:50:28",https://wordpress.org/themes/cyber-security-services/,5.0,5.6,200
dentistry-clinic,"Dentistry Clinic",5.6,5.5,https://downloads.wordpress.org/theme/dentistry-clinic.5.6.zip,"2026-04-08 18:49:41",https://wordpress.org/themes/dentistry-clinic/,5.0,5.6,200
electrician-services,"Electrician Services",5.7,5.6,https://downloads.wordpress.org/theme/electrician-services.5.7.zip,"2026-04-08 18:49:00",https://wordpress.org/themes/electrician-services/,5.0,5.6,100
fundraising-charity-campaign,"Fundraising Charity Campaign",5.3,5.2,https://downloads.wordpress.org/theme/fundraising-charity-campaign.5.3.zip,"2026-04-08 18:48:17",https://wordpress.org/themes/fundraising-charity-campaign/,5.0,5.6,90
home-maintenance-services,"Home Maintenance Services",5.3,5.2,https://downloads.wordpress.org/theme/home-maintenance-services.5.3.zip,"2026-04-08 18:47:36",https://wordpress.org/themes/home-maintenance-services/,,5.6,70
laundry-cleaning,"Laundry Cleaning",1.0.1,1.0.0,https://downloads.wordpress.org/theme/laundry-cleaning.1.0.1.zip,"2026-04-08 18:39:29",https://wordpress.org/themes/laundry-cleaning/,6.1,5.6,20
martial-arts-training,"Martial Arts Training",5.2,5.1,https://downloads.wordpress.org/theme/martial-arts-training.5.2.zip,"2026-04-08 18:46:29",https://wordpress.org/themes/martial-arts-training/,5.0,5.6,200
seo-digital-marketing,"SEO Digital Marketing",5.3,5.2,https://downloads.wordpress.org/theme/seo-digital-marketing.5.3.zip,"2026-04-08 18:45:40",https://wordpress.org/themes/seo-digital-marketing/,5.0,5.6,100
solar-renewable-energy,"Solar Renewable Energy",5.4,5.3,https://downloads.wordpress.org/theme/solar-renewable-energy.5.4.zip,"2026-04-08 18:44:31",https://wordpress.org/themes/solar-renewable-energy/,5.0,5.6,100
storefront-ecommerce-shop,"Storefront Ecommerce Shop",5.3,5.2,https://downloads.wordpress.org/theme/storefront-ecommerce-shop.5.3.zip,"2026-04-08 18:43:36",https://wordpress.org/themes/storefront-ecommerce-shop/,5.0,5.6,100
tv-channel-insight,"TV Channel Insight",5.1,5.0,https://downloads.wordpress.org/theme/tv-channel-insight.5.1.zip,"2026-04-08 18:42:07",https://wordpress.org/themes/tv-channel-insight/,5.0,5.6,100
wuppi,Wuppi,1.0.7,1.0.6,https://downloads.wordpress.org/theme/wuppi.1.0.7.zip,"2026-04-08 19:20:29",https://wordpress.org/themes/wuppi/,6.5,8.0,10
yoga-meditation,"Yoga Meditation",5.4,5.3,https://downloads.wordpress.org/theme/yoga-meditation.5.4.zip,"2026-04-08 18:41:28",https://wordpress.org/themes/yoga-meditation/,5.0,5.6,60
extendable,Extendable,2.1.4,2.1.3,https://downloads.wordpress.org/theme/extendable.2.1.4.zip,"2026-04-08 19:40:31",https://wordpress.org/themes/extendable/,6.6,7.4,200000
blog-x,"Blog X",1.1.3,1.1.2,https://downloads.wordpress.org/theme/blog-x.1.1.3.zip,"2026-04-09 02:55:40",https://wordpress.org/themes/blog-x/,,5.6,200
x-blog-color,"X Blog color",1.1.0,1.0.14,https://downloads.wordpress.org/theme/x-blog-color.1.1.0.zip,"2026-04-09 02:34:20",https://wordpress.org/themes/x-blog-color/,,5.6,80
x-blog-lite,"X Blog Lite",1.1.6,1.1.5,https://downloads.wordpress.org/theme/x-blog-lite.1.1.6.zip,"2026-04-09 03:24:48",https://wordpress.org/themes/x-blog-lite/,,7.4,70
x-blog-plus,"X Blog Plus",1.2.6,1.2.5,https://downloads.wordpress.org/theme/x-blog-plus.1.2.6.zip,"2026-04-09 03:09:42",https://wordpress.org/themes/x-blog-plus/,,5.6,300
x-blog,"X Blog",1.3.33,1.3.32,https://downloads.wordpress.org/theme/x-blog.1.3.33.zip,"2026-04-09 01:51:09",https://wordpress.org/themes/x-blog/,,7.4,500
charity-zone,"Charity Zone",1.1.2,1.1.1,https://downloads.wordpress.org/theme/charity-zone.1.1.2.zip,"2026-04-09 04:17:36",https://wordpress.org/themes/charity-zone/,5.0,7.2,100
event-planning-management,"Event Planning Management",4.1,4.0,https://downloads.wordpress.org/theme/event-planning-management.4.1.zip,"2026-04-09 05:56:53",https://wordpress.org/themes/event-planning-management/,5.0,7.2,40
jeweller-store,"Jeweller Store",4.1,4.0,https://downloads.wordpress.org/theme/jeweller-store.4.1.zip,"2026-04-09 05:55:53",https://wordpress.org/themes/jeweller-store/,5.0,7.2,70
kindergarten-playschool,"Kindergarten Playschool",0.2.8,0.2.7,https://downloads.wordpress.org/theme/kindergarten-playschool.0.2.8.zip,"2026-04-09 04:15:27",https://wordpress.org/themes/kindergarten-playschool/,5.0,7.2,100
kitchen-interior-design,"Kitchen Interior Design",0.2.5,0.2.4,https://downloads.wordpress.org/theme/kitchen-interior-design.0.2.5.zip,"2026-04-09 04:14:38",https://wordpress.org/themes/kitchen-interior-design/,5.0,7.2,70
medical-appointment,"Medical Appointment",1.5.6,1.5.5,https://downloads.wordpress.org/theme/medical-appointment.1.5.6.zip,"2026-04-09 04:13:17",https://wordpress.org/themes/medical-appointment/,5.0,7.2,100
misbah-one-page,"Misbah One Page",4.1,4.0,https://downloads.wordpress.org/theme/misbah-one-page.4.1.zip,"2026-04-09 05:54:46",https://wordpress.org/themes/misbah-one-page/,,7.2,10
mobile-repair-services,"Mobile Repair Services",2.4,2.3.9,https://downloads.wordpress.org/theme/mobile-repair-services.2.4.zip,"2026-04-09 04:10:58",https://wordpress.org/themes/mobile-repair-services/,5.0,7.2,50
mobile-repair-zone,"Mobile Repair Zone",2.4.9,2.4.8,https://downloads.wordpress.org/theme/mobile-repair-zone.2.4.9.zip,"2026-04-09 04:10:06",https://wordpress.org/themes/mobile-repair-zone/,5.0,7.2,50
modular-kitchen,"Modular Kitchen",1.6.1,1.5,https://downloads.wordpress.org/theme/modular-kitchen.1.6.1.zip,"2026-04-09 04:09:19",https://wordpress.org/themes/modular-kitchen/,5.0,7.2,50
motivational-life-coach,"Motivational Life Coach",0.5.4,0.5.2,https://downloads.wordpress.org/theme/motivational-life-coach.0.5.4.zip,"2026-04-09 04:08:32",https://wordpress.org/themes/motivational-life-coach/,5.0,7.2,40
moviemaker,Moviemaker,0.2.1,0.2.0,https://downloads.wordpress.org/theme/moviemaker.0.2.1.zip,"2026-04-09 04:07:48",https://wordpress.org/themes/moviemaker/,5.0,7.2,50
newspare,NewSpare,3.3.0,3.2.1,https://downloads.wordpress.org/theme/newspare.3.3.0.zip,"2026-04-09 05:32:59",https://wordpress.org/themes/newspare/,5.0,5.0,100
ngo-fundraiser,"NGO Fundraiser",0.4.8,0.4.7,https://downloads.wordpress.org/theme/ngo-fundraiser.0.4.8.zip,"2026-04-09 04:07:09",https://wordpress.org/themes/ngo-fundraiser/,5.0,7.2,80
ngo-non-profit,"NGO Non Profit",2.4.6,2.4.5,https://downloads.wordpress.org/theme/ngo-non-profit.2.4.6.zip,"2026-04-09 04:06:05",https://wordpress.org/themes/ngo-non-profit/,5.0,7.2,100
ngo-social-services,"NGO Social Services",0.6.2,0.6.1,https://downloads.wordpress.org/theme/ngo-social-services.0.6.2.zip,"2026-04-09 04:05:30",https://wordpress.org/themes/ngo-social-services/,5.0,7.2,70
nonprofit-foundation,"Nonprofit Foundation",0.5.6,0.5.5,https://downloads.wordpress.org/theme/nonprofit-foundation.0.5.6.zip,"2026-04-09 04:04:55",https://wordpress.org/themes/nonprofit-foundation/,,7.2,80
online-tutor,"Online Tutor",0.6.6,0.6.5,https://downloads.wordpress.org/theme/online-tutor.0.6.6.zip,"2026-04-09 04:04:18",https://wordpress.org/themes/online-tutor/,5.0,7.2,70
pastry-bakers,"Pastry Bakers",0.6,0.5.9,https://downloads.wordpress.org/theme/pastry-bakers.0.6.zip,"2026-04-09 04:02:24",https://wordpress.org/themes/pastry-bakers/,5.0,7.2,50
shushi-cafeteria,"Shushi Cafeteria",4.2,4.1,https://downloads.wordpress.org/theme/shushi-cafeteria.4.2.zip,"2026-04-09 05:52:05",https://wordpress.org/themes/shushi-cafeteria/,5.0,7.2,40
volleyball-coach,"Volleyball Coach",4.3,4.2,https://downloads.wordpress.org/theme/volleyball-coach.4.3.zip,"2026-04-09 05:50:18",https://wordpress.org/themes/volleyball-coach/,5.0,7.2,70
watch-collection,"Watch Collection",4.2,4.1,https://downloads.wordpress.org/theme/watch-collection.4.2.zip,"2026-04-09 05:49:20",https://wordpress.org/themes/watch-collection/,5.0,7.2,30
wedding-planner-lite,"Wedding Planner Lite",4.1,4.0,https://downloads.wordpress.org/theme/wedding-planner-lite.4.1.zip,"2026-04-09 05:47:54",https://wordpress.org/themes/wedding-planner-lite/,5.0,7.2,0
x-blog-free,"X Blog Free",1.2.1,1.2.0,https://downloads.wordpress.org/theme/x-blog-free.1.2.1.zip,"2026-04-09 03:45:45",https://wordpress.org/themes/x-blog-free/,,7.4,100
x-magazine,"X Magazine",1.0.17,1.0.16,https://downloads.wordpress.org/theme/x-magazine.1.0.17.zip,"2026-04-09 04:04:06",https://wordpress.org/themes/x-magazine/,,7.4,200
akhada-fitness-gym,"Akhada Fitness Gym",0.7.9,0.7.8,https://downloads.wordpress.org/theme/akhada-fitness-gym.0.7.9.zip,"2026-04-09 06:36:01",https://wordpress.org/themes/akhada-fitness-gym/,,7.2,50
althea-wp,"Althea WP",1.0.52,1.0.43,https://downloads.wordpress.org/theme/althea-wp.1.0.52.zip,"2026-04-09 06:25:06",https://wordpress.org/themes/althea-wp/,,5.8,2000
blog-over,"Blog Over",0.0.5,0.0.4,https://downloads.wordpress.org/theme/blog-over.0.0.5.zip,"2026-04-09 06:18:22",https://wordpress.org/themes/blog-over/,,7.4,10
books-printing,"Books Printing",0.4.7,0.4.6,https://downloads.wordpress.org/theme/books-printing.0.4.7.zip,"2026-04-09 06:59:10",https://wordpress.org/themes/books-printing/,5.0,5.6,90
brightly,Brightly,1.0.26,1.0.18,https://downloads.wordpress.org/theme/brightly.1.0.26.zip,"2026-04-09 06:26:08",https://wordpress.org/themes/brightly/,5.8,7.1,900
brite,Brite,1.0.53,1.0.44,https://downloads.wordpress.org/theme/brite.1.0.53.zip,"2026-04-09 06:27:00",https://wordpress.org/themes/brite/,,5.6,4000
business-assistant,"Business Assistant",4.3,4.2,https://downloads.wordpress.org/theme/business-assistant.4.3.zip,"2026-04-09 05:59:53",https://wordpress.org/themes/business-assistant/,5.0,7.2,10
carpets-and-rugs,"Carpets and Rugs",1.0.1,1.0.0,https://downloads.wordpress.org/theme/carpets-and-rugs.1.0.1.zip,"2026-04-09 07:00:49",https://wordpress.org/themes/carpets-and-rugs/,5.5,7.2,0
cinematico,Cinematico,1.0.29,1.0.22,https://downloads.wordpress.org/theme/cinematico.1.0.29.zip,"2026-04-09 06:28:02",https://wordpress.org/themes/cinematico/,5.8,7.1,1000
cloth-rental-shop,"Cloth Rental Shop",4.0,3.9,https://downloads.wordpress.org/theme/cloth-rental-shop.4.0.zip,"2026-04-09 05:58:48",https://wordpress.org/themes/cloth-rental-shop/,5.0,7.2,20
digital-marketer,"Digital Marketer",1.3.5,1.3.4,https://downloads.wordpress.org/theme/digital-marketer.1.3.5.zip,"2026-04-09 07:15:42",https://wordpress.org/themes/digital-marketer/,6.0,7.2,40
digitala,Digitala,1.0.25,1.0.18,https://downloads.wordpress.org/theme/digitala.1.0.25.zip,"2026-04-09 06:29:00",https://wordpress.org/themes/digitala/,,5.8,400
diy-tutorials,"DIY Tutorials",0.4.8,0.4.7,https://downloads.wordpress.org/theme/diy-tutorials.0.4.8.zip,"2026-04-09 06:59:06",https://wordpress.org/themes/diy-tutorials/,5.0,5.6,90
dropshipping-storefront,"Dropshipping Storefront",1.0.2,1.0.1,https://downloads.wordpress.org/theme/dropshipping-storefront.1.0.2.zip,"2026-04-09 07:13:47",https://wordpress.org/themes/dropshipping-storefront/,5.5,5.6,70
ecommece-marketplace,"Ecommece Marketplace",4.6,4.5,https://downloads.wordpress.org/theme/ecommece-marketplace.4.6.zip,"2026-04-09 05:57:55",https://wordpress.org/themes/ecommece-marketplace/,5.0,7.2,60
editorial-news-agency,"Editorial News Agency",0.5.3,0.5.2,https://downloads.wordpress.org/theme/editorial-news-agency.0.5.3.zip,"2026-04-09 06:58:48",https://wordpress.org/themes/editorial-news-agency/,5.0,5.6,20
equipment-rental,"Equipment Rental",0.4.6,0.4.5,https://downloads.wordpress.org/theme/equipment-rental.0.4.6.zip,"2026-04-09 06:58:38",https://wordpress.org/themes/equipment-rental/,5.0,5.6,100
estate-rental-listings,"Estate Rental Listings",2.5.9,2.5.8,https://downloads.wordpress.org/theme/estate-rental-listings.2.5.9.zip,"2026-04-09 07:12:57",https://wordpress.org/themes/estate-rental-listings/,5.5,7.2,40
excavation-contractor,"Excavation Contractor",1.0.3,1.0.2,https://downloads.wordpress.org/theme/excavation-contractor.1.0.3.zip,"2026-04-09 07:11:27",https://wordpress.org/themes/excavation-contractor/,5.5,5.6,40
fashion-outfit,"Fashion Outfit",2.5.9,2.5.8,https://downloads.wordpress.org/theme/fashion-outfit.2.5.9.zip,"2026-04-09 07:10:43",https://wordpress.org/themes/fashion-outfit/,5.5,7.2,90
flex-interior-design,"Flex Interior Design",1.0.1,1.0.0,https://downloads.wordpress.org/theme/flex-interior-design.1.0.1.zip,"2026-04-09 06:42:18",https://wordpress.org/themes/flex-interior-design/,,5.6,0
forest-safari,"Forest Safari",1.3.7,1.3.6,https://downloads.wordpress.org/theme/forest-safari.1.3.7.zip,"2026-04-09 07:09:22",https://wordpress.org/themes/forest-safari/,6.0,7.2,90
gurukul-education,"Gurukul Education",0.6.3,0.6.2,https://downloads.wordpress.org/theme/gurukul-education.0.6.3.zip,"2026-04-09 06:35:21",https://wordpress.org/themes/gurukul-education/,,7.2,200
health-coach-services,"Health Coach Services",2.7,2.6.8,https://downloads.wordpress.org/theme/health-coach-services.2.7.zip,"2026-04-09 07:06:09",https://wordpress.org/themes/health-coach-services/,5.5,7.2,20
hugo-wp,"Hugo WP",1.0.40,1.0.32,https://downloads.wordpress.org/theme/hugo-wp.1.0.40.zip,"2026-04-09 06:30:03",https://wordpress.org/themes/hugo-wp/,,5.8,1000
interior-designer-studio,"Interior Designer Studio",1.2.5,1.2.4,https://downloads.wordpress.org/theme/interior-designer-studio.1.2.5.zip,"2026-04-09 07:05:25",https://wordpress.org/themes/interior-designer-studio/,6.0,7.2,30
land-excavator,"Land Excavator",2.6.2,2.6.0,https://downloads.wordpress.org/theme/land-excavator.2.6.2.zip,"2026-04-09 07:04:27",https://wordpress.org/themes/land-excavator/,5.5,7.2,80
lawn-gardner,"Lawn Gardner",1.3.7,1.3.6,https://downloads.wordpress.org/theme/lawn-gardner.1.3.7.zip,"2026-04-09 07:02:41",https://wordpress.org/themes/lawn-gardner/,6.4,7.2,70
magazine-news-agency,"Magazine News Agency",0.3.9,0.3.8,https://downloads.wordpress.org/theme/magazine-news-agency.0.3.9.zip,"2026-04-09 06:58:27",https://wordpress.org/themes/magazine-news-agency/,5.0,5.6,70
magenta-plus,"Magenta Plus",1.1.7,1.1.6,https://downloads.wordpress.org/theme/magenta-plus.1.1.7.zip,"2026-04-09 07:02:07",https://wordpress.org/themes/magenta-plus/,6.0,7.2,20
manufacturing-industry,"Manufacturing Industry",3.8,3.7,https://downloads.wordpress.org/theme/manufacturing-industry.3.8.zip,"2026-04-09 06:31:06",https://wordpress.org/themes/manufacturing-industry/,5.0,7.2,100
momota,Momota,1.0.23,1.0.16,https://downloads.wordpress.org/theme/momota.1.0.23.zip,"2026-04-09 06:52:15",https://wordpress.org/themes/momota/,5.8,7.1,1000
pathway,Pathway,1.0.45,1.0.37,https://downloads.wordpress.org/theme/pathway.1.0.45.zip,"2026-04-09 06:53:01",https://wordpress.org/themes/pathway/,5.8.3,7.1,3000
perfect-ecommerce-store,"Perfect Ecommerce Store",0.8.7,0.8.6,https://downloads.wordpress.org/theme/perfect-ecommerce-store.0.8.7.zip,"2026-04-09 06:34:45",https://wordpress.org/themes/perfect-ecommerce-store/,,7.2,30
prime-industry,"Prime Industry",1.0.16,1.0.15,https://downloads.wordpress.org/theme/prime-industry.1.0.16.zip,"2026-04-09 07:40:15",https://wordpress.org/themes/prime-industry/,,5.6,10
rayforce,Rayforce,1.0.19,1.0.11,https://downloads.wordpress.org/theme/rayforce.1.0.19.zip,"2026-04-09 06:53:52",https://wordpress.org/themes/rayforce/,5.8,7.1,800
stormea,Stormea,1.0.24,1.0.17,https://downloads.wordpress.org/theme/stormea.1.0.24.zip,"2026-04-09 06:54:53",https://wordpress.org/themes/stormea/,5.8,7.1,500
wedding-hall,"Wedding Hall",0.4.6,0.4.5,https://downloads.wordpress.org/theme/wedding-hall.0.4.6.zip,"2026-04-09 06:31:43",https://wordpress.org/themes/wedding-hall/,5.0,7.2,60
bootstrap-fitness,"Bootstrap Fitness",1.10.1,1.9.2,https://downloads.wordpress.org/theme/bootstrap-fitness.1.10.1.zip,"2026-04-09 08:55:07",https://wordpress.org/themes/bootstrap-fitness/,,7.4,100
cityline,Cityline,1.0.27,1.0.19,https://downloads.wordpress.org/theme/cityline.1.0.27.zip,"2026-04-09 08:12:42",https://wordpress.org/themes/cityline/,5.8,7.1,600
elevate-wp,"Elevate WP",1.0.52,1.0.32,https://downloads.wordpress.org/theme/elevate-wp.1.0.52.zip,"2026-04-09 08:13:37",https://wordpress.org/themes/elevate-wp/,5.8,7.1,2000
opensky,Opensky,1.0.27,1.0.20,https://downloads.wordpress.org/theme/opensky.1.0.27.zip,"2026-04-09 08:14:33",https://wordpress.org/themes/opensky/,5.8,7.1,500
vw-dentist,"VW Dentist",1.5.3,1.5.2,https://downloads.wordpress.org/theme/vw-dentist.1.5.3.zip,"2026-04-09 08:36:19",https://wordpress.org/themes/vw-dentist/,5.0,7.2,300
vw-eco-nature,"VW Eco Nature",1.5.1,1.5.0,https://downloads.wordpress.org/theme/vw-eco-nature.1.5.1.zip,"2026-04-09 08:37:43",https://wordpress.org/themes/vw-eco-nature/,5.0,7.2,500
vw-landing-page,"VW Landing Page",1.4.7,1.4.6,https://downloads.wordpress.org/theme/vw-landing-page.1.4.7.zip,"2026-04-09 08:37:53",https://wordpress.org/themes/vw-landing-page/,5.0,7.2,200
vw-painter,"VW Painter",1.4.5,1.4.4,https://downloads.wordpress.org/theme/vw-painter.1.4.5.zip,"2026-04-09 08:38:42",https://wordpress.org/themes/vw-painter/,5.0,7.2,100
vw-solar-energy,"VW Solar Energy",1.5.9,1.5.8,https://downloads.wordpress.org/theme/vw-solar-energy.1.5.9.zip,"2026-04-09 08:36:49",https://wordpress.org/themes/vw-solar-energy/,5.0,7.2,300
vw-tourism,"VW Tourism",0.4.2,0.4.1,https://downloads.wordpress.org/theme/vw-tourism.0.4.2.zip,"2026-04-09 08:37:16",https://wordpress.org/themes/vw-tourism/,5.0,7.2,300
vw-travel,"VW Travel",1.4.6,1.4.5,https://downloads.wordpress.org/theme/vw-travel.1.4.6.zip,"2026-04-09 08:37:46",https://wordpress.org/themes/vw-travel/,5.0,7.2,300
altra,Altra,1.1.44,1.1.43,https://downloads.wordpress.org/theme/altra.1.1.44.zip,"2026-04-09 10:22:02",https://wordpress.org/themes/altra/,4.7,5.6,100
atrux,Atrux,1.1.27,1.1.26,https://downloads.wordpress.org/theme/atrux.1.1.27.zip,"2026-04-09 10:24:21",https://wordpress.org/themes/atrux/,4.7,5.6,70
atua,Atua,1.1.59,1.1.58,https://downloads.wordpress.org/theme/atua.1.1.59.zip,"2026-04-09 10:21:13",https://wordpress.org/themes/atua/,4.7,5.6,500
atus,Atus,1.1.39,1.1.38,https://downloads.wordpress.org/theme/atus.1.1.39.zip,"2026-04-09 10:23:25",https://wordpress.org/themes/atus/,4.7,5.6,100
atuvi,Atuvi,1.0.89,1.0.88,https://downloads.wordpress.org/theme/atuvi.1.0.89.zip,"2026-04-09 10:25:54",https://wordpress.org/themes/atuvi/,4.7,5.6,100
atuxa,Atuxa,1.0.94,1.0.93,https://downloads.wordpress.org/theme/atuxa.1.0.94.zip,"2026-04-09 10:25:20",https://wordpress.org/themes/atuxa/,4.7,5.6,70
avvy,Avvy,1.1.41,1.1.40,https://downloads.wordpress.org/theme/avvy.1.1.41.zip,"2026-04-09 10:22:59",https://wordpress.org/themes/avvy/,4.7,5.6,60
bootstrap-coach,"Bootstrap Coach",1.9.0,1.8.3,https://downloads.wordpress.org/theme/bootstrap-coach.1.9.0.zip,"2026-04-09 10:13:18",https://wordpress.org/themes/bootstrap-coach/,,7.4,100
drinkify-lite,"Drinkify Lite",3.0,2.3,https://downloads.wordpress.org/theme/drinkify-lite.3.0.zip,"2026-04-09 10:06:47",https://wordpress.org/themes/drinkify-lite/,5.9,7.4,200
flexea,Flexea,1.1.29,1.1.28,https://downloads.wordpress.org/theme/flexea.1.1.29.zip,"2026-04-09 10:23:51",https://wordpress.org/themes/flexea/,4.7,5.6,200
flexeo,Flexeo,1.1.48,1.1.47,https://downloads.wordpress.org/theme/flexeo.1.1.48.zip,"2026-04-09 10:22:31",https://wordpress.org/themes/flexeo/,4.7,5.6,90
flexina,Flexina,1.0.85,1.0.84,https://downloads.wordpress.org/theme/flexina.1.0.85.zip,"2026-04-09 10:26:24",https://wordpress.org/themes/flexina/,4.7,5.6,100
flexiva,Flexiva,1.0.39,1.0.38,https://downloads.wordpress.org/theme/flexiva.1.0.39.zip,"2026-04-09 10:26:53",https://wordpress.org/themes/flexiva/,4.7,5.6,200
fluxa,Fluxa,1.1.13,1.1.12,https://downloads.wordpress.org/theme/fluxa.1.1.13.zip,"2026-04-09 10:24:49",https://wordpress.org/themes/fluxa/,4.7,5.6,200
high-life,"High Life",2.0,1.2,https://downloads.wordpress.org/theme/high-life.2.0.zip,"2026-04-09 10:07:50",https://wordpress.org/themes/high-life/,5.9,7.4,50
intuitive,Intuitive,2.0.2,2.0.1,https://downloads.wordpress.org/theme/intuitive.2.0.2.zip,"2026-04-09 10:08:28",https://wordpress.org/themes/intuitive/,5.9,5.6,300
lighting-store,"Lighting Store",0.4.9,0.4.8,https://downloads.wordpress.org/theme/lighting-store.0.4.9.zip,"2026-04-09 10:08:25",https://wordpress.org/themes/lighting-store/,,7.2,70
plumber-services,"Plumber Services",2.1.9,2.1.8,https://downloads.wordpress.org/theme/plumber-services.2.1.9.zip,"2026-04-09 10:09:15",https://wordpress.org/themes/plumber-services/,,7.2,200
very-simple-portfolio,"Very Simple Portfolio",1.0.4,1.0.3,https://downloads.wordpress.org/theme/very-simple-portfolio.1.0.4.zip,"2026-04-09 10:02:55",https://wordpress.org/themes/very-simple-portfolio/,,7.4,200
zinify,Zinify,1.0.12,1.0.11,https://downloads.wordpress.org/theme/zinify.1.0.12.zip,"2026-04-09 10:27:19",https://wordpress.org/themes/zinify/,4.7,5.6,100
ac-repairing-services,"AC Repairing Services",0.4.9,0.4.8,https://downloads.wordpress.org/theme/ac-repairing-services.0.4.9.zip,"2026-04-09 12:13:48",https://wordpress.org/themes/ac-repairing-services/,5.0,7.2,90
automotive-centre,"Automotive Centre",1.5.2,1.5.1,https://downloads.wordpress.org/theme/automotive-centre.1.5.2.zip,"2026-04-09 12:23:37",https://wordpress.org/themes/automotive-centre/,,7.2,300
bexplore,BExplore,1.2.9,1.2.6,https://downloads.wordpress.org/theme/bexplore.1.2.9.zip,"2026-04-09 12:15:27",https://wordpress.org/themes/bexplore/,,5.6,0
book-publisher-agency,"Book Publisher Agency",0.5.0,0.4.9,https://downloads.wordpress.org/theme/book-publisher-agency.0.5.0.zip,"2026-04-09 12:24:25",https://wordpress.org/themes/book-publisher-agency/,5.0,7.2,100
botiga,Botiga,2.4.3,2.4.2,https://downloads.wordpress.org/theme/botiga.2.4.3.zip,"2026-04-09 13:51:43",https://wordpress.org/themes/botiga/,,7.0,10000
chic-lifestyle,"Chic Lifestyle",11.2.0,11.1.0,https://downloads.wordpress.org/theme/chic-lifestyle.11.2.0.zip,"2026-04-09 13:42:22",https://wordpress.org/themes/chic-lifestyle/,,7.4,70
courier-services,"Courier Services",0.4.8,0.4.7,https://downloads.wordpress.org/theme/courier-services.0.4.8.zip,"2026-04-09 12:27:22",https://wordpress.org/themes/courier-services/,5.0,7.2,100
fashion-designer,"Fashion Designer",1.4.6,1.4.5,https://downloads.wordpress.org/theme/fashion-designer.1.4.6.zip,"2026-04-09 11:44:42",https://wordpress.org/themes/fashion-designer/,5.0,7.2,300
forest-jungle-safari,"Forest Jungle Safari",0.4.3,0.4.2,https://downloads.wordpress.org/theme/forest-jungle-safari.0.4.3.zip,"2026-04-09 11:55:17",https://wordpress.org/themes/forest-jungle-safari/,5.0,7.2,90
industrial-lite,"Industrial Lite",1.2.7,1.2.6,https://downloads.wordpress.org/theme/industrial-lite.1.2.7.zip,"2026-04-09 12:09:56",https://wordpress.org/themes/industrial-lite/,5.0,7.2,500
jewellery-lite,"Jewellery Lite",1.4.7,1.4.6,https://downloads.wordpress.org/theme/jewellery-lite.1.4.7.zip,"2026-04-09 12:10:05",https://wordpress.org/themes/jewellery-lite/,5.0,7.2,200
law-firm-lite,"Law Firm Lite",1.3.8,1.3.7,https://downloads.wordpress.org/theme/law-firm-lite.1.3.8.zip,"2026-04-09 12:10:14",https://wordpress.org/themes/law-firm-lite/,5.0,7.2,200
moving-company-lite,"Moving Company Lite",1.4.3,1.4.2,https://downloads.wordpress.org/theme/moving-company-lite.1.4.3.zip,"2026-04-09 12:10:56",https://wordpress.org/themes/moving-company-lite/,5.0,7.2,200
pool-services-lite,"Pool Services Lite",1.1.1,1.1.0,https://downloads.wordpress.org/theme/pool-services-lite.1.1.1.zip,"2026-04-09 12:10:32",https://wordpress.org/themes/pool-services-lite/,5.0,7.2,100
real-estate-developer,"Real Estate Developer",0.4.1,0.4.0,https://downloads.wordpress.org/theme/real-estate-developer.0.4.1.zip,"2026-04-09 12:11:07",https://wordpress.org/themes/real-estate-developer/,5.0,7.2,100
summer-camp,"Summer Camp",0.5.0,0.4.8,https://downloads.wordpress.org/theme/summer-camp.0.5.0.zip,"2026-04-09 12:12:28",https://wordpress.org/themes/summer-camp/,5.0,7.2,100
the-computer-repair,"The Computer Repair",1.6.3,1.6.2,https://downloads.wordpress.org/theme/the-computer-repair.1.6.3.zip,"2026-04-09 12:13:04",https://wordpress.org/themes/the-computer-repair/,5.0,7.2,300
vw-business-consulting,"VW Business Consulting",0.5.4,0.5.3,https://downloads.wordpress.org/theme/vw-business-consulting.0.5.4.zip,"2026-04-09 12:13:42",https://wordpress.org/themes/vw-business-consulting/,5.0,7.2,50
vw-cleaning-company,"VW Cleaning Company",1.3.8,1.3.7,https://downloads.wordpress.org/theme/vw-cleaning-company.1.3.8.zip,"2026-04-09 12:22:18",https://wordpress.org/themes/vw-cleaning-company/,5.0,7.2,200
vw-consulting,"VW Consulting",1.0.5,1.0.4,https://downloads.wordpress.org/theme/vw-consulting.1.0.5.zip,"2026-04-09 12:22:53",https://wordpress.org/themes/vw-consulting/,5.0,7.2,200
vw-home-renovation,"VW Home Renovation",0.6.9,0.6.8,https://downloads.wordpress.org/theme/vw-home-renovation.0.6.9.zip,"2026-04-09 12:23:49",https://wordpress.org/themes/vw-home-renovation/,5.0,7.2,90
vw-pet-care,"VW Pet Care",0.5.5,0.5.4,https://downloads.wordpress.org/theme/vw-pet-care.0.5.5.zip,"2026-04-09 12:24:38",https://wordpress.org/themes/vw-pet-care/,5.0,7.2,50
building-renovation,"Building Renovation",1.2.5,1.2.4,https://downloads.wordpress.org/theme/building-renovation.1.2.5.zip,"2026-04-09 15:24:33",https://wordpress.org/themes/building-renovation/,5.9,5.6,100
charity-organization,"Charity Organization",1.2.5,1.2.4,https://downloads.wordpress.org/theme/charity-organization.1.2.5.zip,"2026-04-09 15:25:35",https://wordpress.org/themes/charity-organization/,5.9,5.6,300
circus-fair,"Circus Fair",2.1.6,2.1.5,https://downloads.wordpress.org/theme/circus-fair.2.1.6.zip,"2026-04-09 15:22:05",https://wordpress.org/themes/circus-fair/,5.9,5.6,90
data-science-specialist,"Data Science Specialist",1.2.6,1.2.5,https://downloads.wordpress.org/theme/data-science-specialist.1.2.6.zip,"2026-04-09 15:23:45",https://wordpress.org/themes/data-science-specialist/,,5.6,400
fse-cleaning-services,"FSE Cleaning Services",1.1.8,1.1.7,https://downloads.wordpress.org/theme/fse-cleaning-services.1.1.8.zip,"2026-04-09 15:42:24",https://wordpress.org/themes/fse-cleaning-services/,5.9,5.6,200
fse-lawyer-firm,"FSE Lawyer Firm",1.2.1,1.2.0,https://downloads.wordpress.org/theme/fse-lawyer-firm.1.2.1.zip,"2026-04-09 15:43:38",https://wordpress.org/themes/fse-lawyer-firm/,5.9,5.6,500
fse-medical-clinic,"FSE Medical Clinic",1.2.3,1.2.2,https://downloads.wordpress.org/theme/fse-medical-clinic.1.2.3.zip,"2026-04-09 15:36:29",https://wordpress.org/themes/fse-medical-clinic/,5.9,5.6,100
fse-nonprofit-ngo,"FSE Nonprofit NGO",1.1.9,1.1.8,https://downloads.wordpress.org/theme/fse-nonprofit-ngo.1.1.9.zip,"2026-04-09 15:33:52",https://wordpress.org/themes/fse-nonprofit-ngo/,5.9,5.6,300
fse-travel-blog,"FSE Travel Blog",1.2.2,1.2.1,https://downloads.wordpress.org/theme/fse-travel-blog.1.2.2.zip,"2026-04-09 15:35:12",https://wordpress.org/themes/fse-travel-blog/,,5.6,100
gemstone-jewelry,"Gemstone Jewelry",1.2.9,1.2.8,https://downloads.wordpress.org/theme/gemstone-jewelry.1.2.9.zip,"2026-04-09 15:29:44",https://wordpress.org/themes/gemstone-jewelry/,5.9,5.6,50
healthy-food-blogger,"Healthy Food Blogger",1.2.9,1.2.8,https://downloads.wordpress.org/theme/healthy-food-blogger.1.2.9.zip,"2026-04-09 15:32:28",https://wordpress.org/themes/healthy-food-blogger/,5.9,5.6,100
kindergarten-preschool,"Kindergarten Preschool",1.2.2,1.2.1,https://downloads.wordpress.org/theme/kindergarten-preschool.1.2.2.zip,"2026-04-09 15:27:43",https://wordpress.org/themes/kindergarten-preschool/,5.9,5.6,100
medical-pharmacy,"Medical Pharmacy",1.2.3,1.2.2,https://downloads.wordpress.org/theme/medical-pharmacy.1.2.3.zip,"2026-04-09 15:28:55",https://wordpress.org/themes/medical-pharmacy/,5.9,5.6,100
yoga-trainer,"Yoga Trainer",1.2.1,1.2.0,https://downloads.wordpress.org/theme/yoga-trainer.1.2.1.zip,"2026-04-09 15:26:49",https://wordpress.org/themes/yoga-trainer/,5.9,5.6,60
blocksy,Blocksy,2.1.38,2.1.37,https://downloads.wordpress.org/theme/blocksy.2.1.38.zip,"2026-04-09 16:55:25",https://wordpress.org/themes/blocksy/,6.5,7.0,300000
architect-designer,"Architect Designer",1.3.2,1.3,https://downloads.wordpress.org/theme/architect-designer.1.3.2.zip,"2026-04-09 18:51:33",https://wordpress.org/themes/architect-designer/,6.0,7.2,50
books-library,"Books Library",1.2.4,1.2.3,https://downloads.wordpress.org/theme/books-library.1.2.4.zip,"2026-04-09 18:52:49",https://wordpress.org/themes/books-library/,6.0,7.2,100
cafe-coffee-blocks,"Cafe Coffee Blocks",1.2.3,1.2.2,https://downloads.wordpress.org/theme/cafe-coffee-blocks.1.2.3.zip,"2026-04-09 18:55:18",https://wordpress.org/themes/cafe-coffee-blocks/,6.0,7.2,50
cloud-kitchen,"Cloud Kitchen",1.2.3,1.2.2,https://downloads.wordpress.org/theme/cloud-kitchen.1.2.3.zip,"2026-04-09 18:56:39",https://wordpress.org/themes/cloud-kitchen/,6.0,7.2,40
herbal-products-shop,"Herbal Products Shop",1.0.9,1.0.8,https://downloads.wordpress.org/theme/herbal-products-shop.1.0.9.zip,"2026-04-09 18:57:40",https://wordpress.org/themes/herbal-products-shop/,6.0,7.2,600
human-resources,"Human Resources",1.0.6,1.0.5,https://downloads.wordpress.org/theme/human-resources.1.0.6.zip,"2026-04-09 18:59:38",https://wordpress.org/themes/human-resources/,6.0,7.2,500
import-export-company,"Import Export Company",1.0.7,1.0.6,https://downloads.wordpress.org/theme/import-export-company.1.0.7.zip,"2026-04-09 19:00:50",https://wordpress.org/themes/import-export-company/,6.0,7.2,300
kids-toys-store,"Kids Toys Store",1.1.0,1.0.9,https://downloads.wordpress.org/theme/kids-toys-store.1.1.0.zip,"2026-04-09 19:02:35",https://wordpress.org/themes/kids-toys-store/,6.0,7.2,100
music-event-artist,"Music Event Artist",1.0.8,1.0.7,https://downloads.wordpress.org/theme/music-event-artist.1.0.8.zip,"2026-04-09 19:04:36",https://wordpress.org/themes/music-event-artist/,6.0,7.2,300
production-factory,"Production Factory",1.1.1,1.1.0,https://downloads.wordpress.org/theme/production-factory.1.1.1.zip,"2026-04-09 19:05:49",https://wordpress.org/themes/production-factory/,6.0,7.2,600
raw-industry,"Raw Industry",0.2.8,0.2.7,https://downloads.wordpress.org/theme/raw-industry.0.2.8.zip,"2026-04-09 18:37:22",https://wordpress.org/themes/raw-industry/,,5.6,30
royal-photography,"Royal Photography",0.2.8,0.2.7,https://downloads.wordpress.org/theme/royal-photography.0.2.8.zip,"2026-04-09 18:38:11",https://wordpress.org/themes/royal-photography/,,5.6,60
abiz,Abiz,1.0.42,1.0.41,https://downloads.wordpress.org/theme/abiz.1.0.42.zip,"2026-04-10 04:12:58",https://wordpress.org/themes/abiz/,,5.4,600
alexia,Alexia,1.1.1,1.1,https://downloads.wordpress.org/theme/alexia.1.1.1.zip,"2026-04-10 03:57:32",https://wordpress.org/themes/alexia/,,5.4,200
altiva,Altiva,1.0.30,1.0.29,https://downloads.wordpress.org/theme/altiva.1.0.30.zip,"2026-04-10 04:13:56",https://wordpress.org/themes/altiva/,,5.4,100
alvert,Alvert,1.0.63,1.0.62,https://downloads.wordpress.org/theme/alvert.1.0.63.zip,"2026-04-10 04:06:43",https://wordpress.org/themes/alvert/,,5.4,200
arvila,Arvila,1.0.96,1.0.95,https://downloads.wordpress.org/theme/arvila.1.0.96.zip,"2026-04-10 03:58:25",https://wordpress.org/themes/arvila/,,5.4,100
arvina,Arvina,1.0.19,1.0.18,https://downloads.wordpress.org/theme/arvina.1.0.19.zip,"2026-04-10 04:17:47",https://wordpress.org/themes/arvina/,,5.4,400
auto-car-repair,"Auto Car Repair",0.3.5,0.3.4,https://downloads.wordpress.org/theme/auto-car-repair.0.3.5.zip,"2026-04-10 05:35:05",https://wordpress.org/themes/auto-car-repair/,5.0,5.6,90
avine,Avine,1.0.90,1.0.89,https://downloads.wordpress.org/theme/avine.1.0.90.zip,"2026-04-10 04:00:00",https://wordpress.org/themes/avine/,,5.4,100
avinex,Avinex,1.0.24,1.0.23,https://downloads.wordpress.org/theme/avinex.1.0.24.zip,"2026-04-10 04:15:52",https://wordpress.org/themes/avinex/,,5.4,300
avinza,Avinza,1.0.54,1.0.53,https://downloads.wordpress.org/theme/avinza.1.0.54.zip,"2026-04-10 04:08:51",https://wordpress.org/themes/avinza/,,5.4,200
avire,Avire,1.0.80,1.0.79,https://downloads.wordpress.org/theme/avire.1.0.80.zip,"2026-04-10 04:01:44",https://wordpress.org/themes/avire/,,5.4,200
babysitting-day-care,"Babysitting Day Care",2.0.7,2.0.6,https://downloads.wordpress.org/theme/babysitting-day-care.2.0.7.zip,"2026-04-10 06:06:35",https://wordpress.org/themes/babysitting-day-care/,5.0,7.2,70
bizvita,BizVita,1.0.5,1.0.4,https://downloads.wordpress.org/theme/bizvita.1.0.5.zip,"2026-04-10 04:21:14",https://wordpress.org/themes/bizvita/,,5.4,70
britely,Britely,1.0.47,1.0.46,https://downloads.wordpress.org/theme/britely.1.0.47.zip,"2026-04-10 04:11:51",https://wordpress.org/themes/britely/,,5.4,100
enovia,Enovia,1.0.88,1.0.87,https://downloads.wordpress.org/theme/enovia.1.0.88.zip,"2026-04-10 04:01:06",https://wordpress.org/themes/enovia/,,5.4,100
flectine,Flectine,1.0.47,1.0.46,https://downloads.wordpress.org/theme/flectine.1.0.47.zip,"2026-04-10 04:10:03",https://wordpress.org/themes/flectine/,,5.4,300
flecto,Flecto,1.0.75,1.0.74,https://downloads.wordpress.org/theme/flecto.1.0.75.zip,"2026-04-10 04:03:50",https://wordpress.org/themes/flecto/,,5.4,300
flixicart,FlixiCart,1.1.8,1.1.7,https://downloads.wordpress.org/theme/flixicart.1.1.8.zip,"2026-04-10 03:56:29",https://wordpress.org/themes/flixicart/,,5.4,100
flixify,Flixify,1.0.78,1.0.77,https://downloads.wordpress.org/theme/flixify.1.0.78.zip,"2026-04-10 04:02:17",https://wordpress.org/themes/flixify/,,5.4,300
flixita,Flixita,1.1.36,1.1.35,https://downloads.wordpress.org/theme/flixita.1.1.36.zip,"2026-04-10 03:55:46",https://wordpress.org/themes/flixita/,,5.4,1000
flixona,Flixona,1.0.20,1.0.19,https://downloads.wordpress.org/theme/flixona.1.0.20.zip,"2026-04-10 04:16:39",https://wordpress.org/themes/flixona/,,5.4,300
multibiz,MultiBiz,1.0.93,1.0.92,https://downloads.wordpress.org/theme/multibiz.1.0.93.zip,"2026-04-10 03:59:19",https://wordpress.org/themes/multibiz/,,5.4,300
newspaper-eye-lite,"Newspaper Eye Lite",1.1.0,1.0.7,https://downloads.wordpress.org/theme/newspaper-eye-lite.1.1.0.zip,"2026-04-10 05:46:36",https://wordpress.org/themes/newspaper-eye-lite/,,5.6,90
newspaper-eye,"Newspaper Eye",1.1.3,1.1.2,https://downloads.wordpress.org/theme/newspaper-eye.1.1.3.zip,"2026-04-10 05:28:10",https://wordpress.org/themes/newspaper-eye/,5.0,5.6,400
newspare,NewSpare,3.3.1,3.3.0,https://downloads.wordpress.org/theme/newspare.3.3.1.zip,"2026-04-10 05:18:03",https://wordpress.org/themes/newspare/,5.0,5.0,100
online-mobile-accessories,"Online Mobile Accessories",1.1,1.0,https://downloads.wordpress.org/theme/online-mobile-accessories.1.1.zip,"2026-04-10 05:56:09",https://wordpress.org/themes/online-mobile-accessories/,,7.0,0
pizzeria-online-delivery,"Pizzeria Online Delivery",1.4,1.3,https://downloads.wordpress.org/theme/pizzeria-online-delivery.1.4.zip,"2026-04-10 05:59:46",https://wordpress.org/themes/pizzeria-online-delivery/,,7.0,10
property-listing-elementor,"Property Listing Elementor",0.3.3,0.3.2,https://downloads.wordpress.org/theme/property-listing-elementor.0.3.3.zip,"2026-04-10 05:35:26",https://wordpress.org/themes/property-listing-elementor/,5.0,5.6,100
quickbiz,QuickBiz,1.0.70,1.0.69,https://downloads.wordpress.org/theme/quickbiz.1.0.70.zip,"2026-04-10 04:04:25",https://wordpress.org/themes/quickbiz/,,5.4,300
quickify,Quickify,1.0.58,1.0.57,https://downloads.wordpress.org/theme/quickify.1.0.58.zip,"2026-04-10 04:07:56",https://wordpress.org/themes/quickify/,,5.4,200
quicksy,Quicksy,1.0.15,1.0.14,https://downloads.wordpress.org/theme/quicksy.1.0.15.zip,"2026-04-10 04:18:52",https://wordpress.org/themes/quicksy/,,5.4,100
rc-drone,"RC Drone",1.3.4,1.3.3,https://downloads.wordpress.org/theme/rc-drone.1.3.4.zip,"2026-04-10 05:35:11",https://wordpress.org/themes/rc-drone/,5.0,5.6,70
security-services-elementor,"Security Services Elementor",0.2.7,0.2.6,https://downloads.wordpress.org/theme/security-services-elementor.0.2.7.zip,"2026-04-10 05:35:19",https://wordpress.org/themes/security-services-elementor/,5.0,5.6,100
skincare-shop,"Skincare Shop",1.9,1.8,https://downloads.wordpress.org/theme/skincare-shop.1.9.zip,"2026-04-10 05:58:32",https://wordpress.org/themes/skincare-shop/,,7.0,50
travel-planning,"Travel Planning",1.5,1.4,https://downloads.wordpress.org/theme/travel-planning.1.5.zip,"2026-04-10 05:57:16",https://wordpress.org/themes/travel-planning/,,7.0,50
zestify,Zestify,1.0.10,1.0.9,https://downloads.wordpress.org/theme/zestify.1.0.10.zip,"2026-04-10 04:20:13",https://wordpress.org/themes/zestify/,,5.4,100
adventure-tour,"Adventure Tour",5.1,5.0,https://downloads.wordpress.org/theme/adventure-tour.5.1.zip,"2026-04-10 06:40:25",https://wordpress.org/themes/adventure-tour/,,5.6,60
adventure-trekking-camp,"Adventure Trekking Camp",5.4,5.3,https://downloads.wordpress.org/theme/adventure-trekking-camp.5.4.zip,"2026-04-10 06:38:58",https://wordpress.org/themes/adventure-trekking-camp/,5.0,5.6,100
agriculture-farming,"Agriculture Farming",5.9,5.8,https://downloads.wordpress.org/theme/agriculture-farming.5.9.zip,"2026-04-10 06:38:14",https://wordpress.org/themes/agriculture-farming/,5.0,5.6,200
air-conditioning-services,"Air Conditioning Services",4.2,4.1,https://downloads.wordpress.org/theme/air-conditioning-services.4.2.zip,"2026-04-10 06:37:32",https://wordpress.org/themes/air-conditioning-services/,5.0,5.6,80
architect-civil-engineer,"Architect Civil Engineer",5.1,5.0,https://downloads.wordpress.org/theme/architect-civil-engineer.5.1.zip,"2026-04-10 06:35:56",https://wordpress.org/themes/architect-civil-engineer/,5.0,5.6,40
boutique-designer-shop,"Boutique Designer Shop",4.1,4.0,https://downloads.wordpress.org/theme/boutique-designer-shop.4.1.zip,"2026-04-10 06:34:48",https://wordpress.org/themes/boutique-designer-shop/,5.0,5.6,100
builder-and-developer,"Builder And Developer",1.3.0,1.2.9,https://downloads.wordpress.org/theme/builder-and-developer.1.3.0.zip,"2026-04-10 06:13:38",https://wordpress.org/themes/builder-and-developer/,5.9,5.6,200
business-card-resume,"Business Card Resume",0.7.4,0.7.3,https://downloads.wordpress.org/theme/business-card-resume.0.7.4.zip,"2026-04-10 06:07:14",https://wordpress.org/themes/business-card-resume/,5.0,7.2,70
car-repair-mechanic,"Car Repair Mechanic",0.8.1,0.8,https://downloads.wordpress.org/theme/car-repair-mechanic.0.8.1.zip,"2026-04-10 06:07:56",https://wordpress.org/themes/car-repair-mechanic/,5.0,7.4,100
catering-lite,"Catering Lite",0.8.4,0.8.3,https://downloads.wordpress.org/theme/catering-lite.0.8.4.zip,"2026-04-10 06:07:53",https://wordpress.org/themes/catering-lite/,5.0,7.2,40
charity-welfare-funds,"Charity Welfare Funds",0.4.4,0.4.3,https://downloads.wordpress.org/theme/charity-welfare-funds.0.4.4.zip,"2026-04-10 06:14:11",https://wordpress.org/themes/charity-welfare-funds/,5.0,7.2,100
civil-engineering,"Civil Engineering",5.3,5.2,https://downloads.wordpress.org/theme/civil-engineering.5.3.zip,"2026-04-10 06:34:02",https://wordpress.org/themes/civil-engineering/,5.0,5.6,100
educate-training-coach,"Educate Training Coach",5.4,5.3,https://downloads.wordpress.org/theme/educate-training-coach.5.4.zip,"2026-04-10 06:45:14",https://wordpress.org/themes/educate-training-coach/,5.0,5.6,100
fitness-club-gym,"Fitness Club Gym",0.4.6,0.4.5,https://downloads.wordpress.org/theme/fitness-club-gym.0.4.6.zip,"2026-04-10 06:40:13",https://wordpress.org/themes/fitness-club-gym/,5.0,7.2,80
fitness-life-coach,"Fitness Life Coach",4.0,3.9,https://downloads.wordpress.org/theme/fitness-life-coach.4.0.zip,"2026-04-10 06:33:24",https://wordpress.org/themes/fitness-life-coach/,,5.6,40
food-truck-lite,"Food Truck Lite",1.0.6,1.0.5,https://downloads.wordpress.org/theme/food-truck-lite.1.0.6.zip,"2026-04-10 06:08:19",https://wordpress.org/themes/food-truck-lite/,5.0,7.2,70
golf-landscape,"Golf Landscape",0.4.7,0.4.6,https://downloads.wordpress.org/theme/golf-landscape.0.4.7.zip,"2026-04-10 06:14:20",https://wordpress.org/themes/golf-landscape/,5.0,7.2,50
grocery-ecommerce,"Grocery Ecommerce",0.9.4,0.9.3,https://downloads.wordpress.org/theme/grocery-ecommerce.0.9.4.zip,"2026-04-10 06:09:29",https://wordpress.org/themes/grocery-ecommerce/,5.0,7.2,100
history-museum,"History Museum",5.1,5.0,https://downloads.wordpress.org/theme/history-museum.5.1.zip,"2026-04-10 06:32:42",https://wordpress.org/themes/history-museum/,6.1,5.6,200
home-tutor,"Home Tutor",0.7,0.6,https://downloads.wordpress.org/theme/home-tutor.0.7.zip,"2026-04-10 06:14:37",https://wordpress.org/themes/home-tutor/,5.0,7.2,10
industrial-manufacturing,"Industrial Manufacturing",0.8.2,0.8.1,https://downloads.wordpress.org/theme/industrial-manufacturing.0.8.2.zip,"2026-04-10 06:09:33",https://wordpress.org/themes/industrial-manufacturing/,5.0,7.2,70
it-company,"IT Company",1.6.3,1.6.2,https://downloads.wordpress.org/theme/it-company.1.6.3.zip,"2026-04-10 06:09:51",https://wordpress.org/themes/it-company/,5.0,7.2,200
it-services,"IT Services",1.1.1,1.1,https://downloads.wordpress.org/theme/it-services.1.1.1.zip,"2026-04-10 06:09:47",https://wordpress.org/themes/it-services/,5.0,7.2,100
jungle-safari,"Jungle Safari",0.2.5,0.2.4,https://downloads.wordpress.org/theme/jungle-safari.0.2.5.zip,"2026-04-10 06:14:57",https://wordpress.org/themes/jungle-safari/,5.0,7.2,40
lz-real-blog,"LZ Real Blog",0.6.8,0.6.7,https://downloads.wordpress.org/theme/lz-real-blog.0.6.8.zip,"2026-04-10 06:44:48",https://wordpress.org/themes/lz-real-blog/,,7.2,40
master-study-lite,"Master Study Lite",0.3.3,0.3.2,https://downloads.wordpress.org/theme/master-study-lite.0.3.3.zip,"2026-04-10 06:14:56",https://wordpress.org/themes/master-study-lite/,5.0,7.2,80
mattress-shop,"Mattress Shop",1.1.3,1.1.2,https://downloads.wordpress.org/theme/mattress-shop.1.1.3.zip,"2026-04-10 06:15:21",https://wordpress.org/themes/mattress-shop/,5.9,5.6,200
medical-doctor,"Medical Doctor",1.0.4,1.0.3,https://downloads.wordpress.org/theme/medical-doctor.1.0.4.zip,"2026-04-10 06:10:10",https://wordpress.org/themes/medical-doctor/,5.0,7.2,90
modern-blogger,"Modern Blogger",0.7.6,0.7.5,https://downloads.wordpress.org/theme/modern-blogger.0.7.6.zip,"2026-04-10 06:10:17",https://wordpress.org/themes/modern-blogger/,5.0,7.4,60
multipurpose-photography,"Multipurpose Photography",1.3.0,1.2.9,https://downloads.wordpress.org/theme/multipurpose-photography.1.3.0.zip,"2026-04-10 06:11:19",https://wordpress.org/themes/multipurpose-photography/,5.0,7.2,80
multipurpose-portfolio,"Multipurpose Portfolio",1.3.3,1.3.2,https://downloads.wordpress.org/theme/multipurpose-portfolio.1.3.3.zip,"2026-04-10 06:11:16",https://wordpress.org/themes/multipurpose-portfolio/,5.0,7.2,90
play-school-kindergarten,"Play School Kindergarten",0.7.1,0.7.0,https://downloads.wordpress.org/theme/play-school-kindergarten.0.7.1.zip,"2026-04-10 06:44:16",https://wordpress.org/themes/play-school-kindergarten/,,7.2,100
ppc-specialist,"PPC Specialist",5.5,5.4,https://downloads.wordpress.org/theme/ppc-specialist.5.5.zip,"2026-04-10 06:31:36",https://wordpress.org/themes/ppc-specialist/,5.0,5.6,50
print-on-demand-shop,"Print On Demand Shop",0.2.7,0.2.6,https://downloads.wordpress.org/theme/print-on-demand-shop.0.2.7.zip,"2026-04-10 06:15:29",https://wordpress.org/themes/print-on-demand-shop/,5.0,7.2,80
rest-house,"Rest House",1.2.3,1.2.2,https://downloads.wordpress.org/theme/rest-house.1.2.3.zip,"2026-04-10 06:15:32",https://wordpress.org/themes/rest-house/,5.9,5.6,100
roofing-services,"Roofing Services",0.4.4,0.4.3,https://downloads.wordpress.org/theme/roofing-services.0.4.4.zip,"2026-04-10 06:41:53",https://wordpress.org/themes/roofing-services/,5.0,7.2,50
security-camera,"Security Camera",5.0,4.9,https://downloads.wordpress.org/theme/security-camera.5.0.zip,"2026-04-10 06:30:27",https://wordpress.org/themes/security-camera/,,5.6,70
soccer-academy,"Soccer Academy",4.4,4.3,https://downloads.wordpress.org/theme/soccer-academy.4.4.zip,"2026-04-10 06:29:18",https://wordpress.org/themes/soccer-academy/,5.0,5.6,70
stylish-fashion-designer,"Stylish Fashion Designer",0.3.5,0.3.4,https://downloads.wordpress.org/theme/stylish-fashion-designer.0.3.5.zip,"2026-04-10 06:15:43",https://wordpress.org/themes/stylish-fashion-designer/,,7.2,100
suraksha-security-guard,"Suraksha Security Guard",0.7.7,0.7.6,https://downloads.wordpress.org/theme/suraksha-security-guard.0.7.7.zip,"2026-04-10 06:43:30",https://wordpress.org/themes/suraksha-security-guard/,,7.2,100
trekking-sports,"Trekking Sports",3.9,3.8,https://downloads.wordpress.org/theme/trekking-sports.3.9.zip,"2026-04-10 06:28:32",https://wordpress.org/themes/trekking-sports/,,5.6,100
bexplore,BExplore,1.3.0,1.2.9,https://downloads.wordpress.org/theme/bexplore.1.3.0.zip,"2026-04-10 09:24:32",https://wordpress.org/themes/bexplore/,,5.6,0
binsight,BInsight,1.0.6,1.0.5,https://downloads.wordpress.org/theme/binsight.1.0.6.zip,"2026-04-10 09:18:14",https://wordpress.org/themes/binsight/,,5.6,20
carpenter-wood-works,"Carpenter Wood Works",13.0,12.0,https://downloads.wordpress.org/theme/carpenter-wood-works.13.0.zip,"2026-04-10 09:19:42",https://wordpress.org/themes/carpenter-wood-works/,,7.4,10
luxury-shop,"Luxury Shop",1.7,1.6,https://downloads.wordpress.org/theme/luxury-shop.1.7.zip,"2026-04-10 09:37:45",https://wordpress.org/themes/luxury-shop/,,7.0,100
multi-blogger,"Multi Blogger",2.3,2.2,https://downloads.wordpress.org/theme/multi-blogger.2.3.zip,"2026-04-10 09:36:30",https://wordpress.org/themes/multi-blogger/,,7.0,100
museum-exhibition,"Museum Exhibition",1.6,1.5,https://downloads.wordpress.org/theme/museum-exhibition.1.6.zip,"2026-04-10 09:34:16",https://wordpress.org/themes/museum-exhibition/,,7.0,30
online-mobile-accessories,"Online Mobile Accessories",1.2,1.1,https://downloads.wordpress.org/theme/online-mobile-accessories.1.2.zip,"2026-04-10 09:32:34",https://wordpress.org/themes/online-mobile-accessories/,,7.0,0
aahana,Aahana,1.0.99,1.0.98,https://downloads.wordpress.org/theme/aahana.1.0.99.zip,"2026-04-10 10:57:01",https://wordpress.org/themes/aahana/,4.7,5.6,100
artist-painter,"Artist Painter",2.0,1.9,https://downloads.wordpress.org/theme/artist-painter.2.0.zip,"2026-04-10 09:49:27",https://wordpress.org/themes/artist-painter/,,7.0,40
arvana,Arvana,1.1.22,1.1.21,https://downloads.wordpress.org/theme/arvana.1.1.22.zip,"2026-04-10 10:56:04",https://wordpress.org/themes/arvana/,4.7,5.6,100
arvita,Arvita,1.0.50,1.0.49,https://downloads.wordpress.org/theme/arvita.1.0.50.zip,"2026-04-10 10:58:40",https://wordpress.org/themes/arvita/,4.7,5.6,100
auru,Auru,1.1.19,1.1.18,https://downloads.wordpress.org/theme/auru.1.1.19.zip,"2026-04-10 10:56:31",https://wordpress.org/themes/auru/,4.7,5.6,200
binsight,BInsight,1.0.7,1.0.6,https://downloads.wordpress.org/theme/binsight.1.0.7.zip,"2026-04-10 10:36:44",https://wordpress.org/themes/binsight/,,5.6,20
celexo,Celexo,1.1.65,1.1.64,https://downloads.wordpress.org/theme/celexo.1.1.65.zip,"2026-04-10 10:52:15",https://wordpress.org/themes/celexo/,4.7,5.6,70
chemical-laboratory,"Chemical Laboratory",2.1,2.0,https://downloads.wordpress.org/theme/chemical-laboratory.2.1.zip,"2026-04-10 09:48:17",https://wordpress.org/themes/chemical-laboratory/,,7.0,80
chitvi,Chitvi,1.1.63,1.1.62,https://downloads.wordpress.org/theme/chitvi.1.1.63.zip,"2026-04-10 10:52:44",https://wordpress.org/themes/chitvi/,4.7,5.6,100
cosmobit,Cosmobit,2.0.77,2.0.76,https://downloads.wordpress.org/theme/cosmobit.2.0.77.zip,"2026-04-10 10:51:44",https://wordpress.org/themes/cosmobit/,4.7,5.6,300
crombit,Crombit,1.0.73,1.0.72,https://downloads.wordpress.org/theme/crombit.1.0.73.zip,"2026-04-10 10:58:06",https://wordpress.org/themes/crombit/,4.7,5.6,60
easywiz,EasyWiz,1.1.52,1.1.51,https://downloads.wordpress.org/theme/easywiz.1.1.52.zip,"2026-04-10 10:54:09",https://wordpress.org/themes/easywiz/,4.7,5.6,40
eco-store,"Eco Store",2.5,2.3,https://downloads.wordpress.org/theme/eco-store.2.5.zip,"2026-04-10 09:47:16",https://wordpress.org/themes/eco-store/,,7.0,20
esports-blog,"Esports Blog",2.4,2.3,https://downloads.wordpress.org/theme/esports-blog.2.4.zip,"2026-04-10 09:46:22",https://wordpress.org/themes/esports-blog/,,7.0,100
fastica,Fastica,1.1.57,1.1.56,https://downloads.wordpress.org/theme/fastica.1.1.57.zip,"2026-04-10 10:55:06",https://wordpress.org/themes/fastica/,4.7,5.6,100
flexora,Flexora,1.1.58,1.1.57,https://downloads.wordpress.org/theme/flexora.1.1.58.zip,"2026-04-10 10:53:13",https://wordpress.org/themes/flexora/,4.7,5.6,500
fresh-bakers-shop,"Fresh Bakers Shop",1.8,1.7,https://downloads.wordpress.org/theme/fresh-bakers-shop.1.8.zip,"2026-04-10 09:41:41",https://wordpress.org/themes/fresh-bakers-shop/,,7.0,100
graphic-design-portfolio,"Graphic Design Portfolio",2.4,2.3,https://downloads.wordpress.org/theme/graphic-design-portfolio.2.4.zip,"2026-04-10 09:38:45",https://wordpress.org/themes/graphic-design-portfolio/,,7.0,70
lazypress,LazyPress,1.1.51,1.1.50,https://downloads.wordpress.org/theme/lazypress.1.1.51.zip,"2026-04-10 10:54:37",https://wordpress.org/themes/lazypress/,4.7,5.6,100
mobile-repair-shop,"Mobile Repair Shop",2.2.8,2.2.7,https://downloads.wordpress.org/theme/mobile-repair-shop.2.2.8.zip,"2026-04-10 09:40:29",https://wordpress.org/themes/mobile-repair-shop/,5.0,7.2,90
news-axis,"News Axis",1.0.7,1.0.6,https://downloads.wordpress.org/theme/news-axis.1.0.7.zip,"2026-04-10 10:48:03",https://wordpress.org/themes/news-axis/,,5.6,40
paws-and-care,"Paws and Care",0.1.2,0.1.1,https://downloads.wordpress.org/theme/paws-and-care.0.1.2.zip,"2026-04-10 10:07:13",https://wordpress.org/themes/paws-and-care/,6.0,7.4,30
print-shop,"Print Shop",0.4.7,0.4.6,https://downloads.wordpress.org/theme/print-shop.0.4.7.zip,"2026-04-10 09:41:37",https://wordpress.org/themes/print-shop/,5.0,7.2,100
thinity,Thinity,1.1.57,1.1.56,https://downloads.wordpress.org/theme/thinity.1.1.57.zip,"2026-04-10 10:53:41",https://wordpress.org/themes/thinity/,4.7,5.6,100
titan-branding-agency,"Titan Branding Agency",3.4,3.3,https://downloads.wordpress.org/theme/titan-branding-agency.3.4.zip,"2026-04-10 11:10:57",https://wordpress.org/themes/titan-branding-agency/,6.1,7.2,20
titan-business-agency,"Titan Business Agency",3.4,3.3,https://downloads.wordpress.org/theme/titan-business-agency.3.4.zip,"2026-04-10 11:08:51",https://wordpress.org/themes/titan-business-agency/,6.1,7.2,80
titan-elearning,"Titan Elearning",2.7,2.6,https://downloads.wordpress.org/theme/titan-elearning.2.7.zip,"2026-04-10 11:06:46",https://wordpress.org/themes/titan-elearning/,6.1,7.2,100
transportation-agency,"Transportation Agency",3.7,3.6,https://downloads.wordpress.org/theme/transportation-agency.3.7.zip,"2026-04-10 11:05:48",https://wordpress.org/themes/transportation-agency/,6.1,7.2,200
travel-influencer-blogs,"Travel Influencer Blogs",2.9,2.8,https://downloads.wordpress.org/theme/travel-influencer-blogs.2.9.zip,"2026-04-10 11:04:37",https://wordpress.org/themes/travel-influencer-blogs/,6.1,7.2,200
traveler-booking,"Traveler Booking",3.9,3.8,https://downloads.wordpress.org/theme/traveler-booking.3.9.zip,"2026-04-10 11:05:12",https://wordpress.org/themes/traveler-booking/,6.1,7.2,100
fse-gamer,"FSE Gamer",1.1.9,1.1.5,https://downloads.wordpress.org/theme/fse-gamer.1.1.9.zip,"2026-04-10 11:48:28",https://wordpress.org/themes/fse-gamer/,,5.6,200
news-axis-plus,"News Axis Plus",1.0.2,1.0.1,https://downloads.wordpress.org/theme/news-axis-plus.1.0.2.zip,"2026-04-10 11:50:48",https://wordpress.org/themes/news-axis-plus/,,5.6,100
travel-cart,"Travel Cart",2.1.2,2.0.8,https://downloads.wordpress.org/theme/travel-cart.2.1.2.zip,"2026-04-10 11:49:40",https://wordpress.org/themes/travel-cart/,,5.6,100
uptown,upTown,2.0.1,2.0.0,https://downloads.wordpress.org/theme/uptown.2.0.1.zip,"2026-04-10 11:35:33",https://wordpress.org/themes/uptown/,5.0,7.4,200
call-center-bpo,"Call Center BPO",6.2,6.1,https://downloads.wordpress.org/theme/call-center-bpo.6.2.zip,"2026-04-10 13:09:32",https://wordpress.org/themes/call-center-bpo/,5.0,7.2,50
creative-portfolio-lite,"Creative Portfolio Lite",6.3,6.2,https://downloads.wordpress.org/theme/creative-portfolio-lite.6.3.zip,"2026-04-10 13:08:02",https://wordpress.org/themes/creative-portfolio-lite/,5.0,7.2,30
designer-services,"Designer Services",6.1,6.0,https://downloads.wordpress.org/theme/designer-services.6.1.zip,"2026-04-10 13:07:10",https://wordpress.org/themes/designer-services/,5.0,7.2,40
digital-advertising-agency,"Digital Advertising Agency",4.2,4.1,https://downloads.wordpress.org/theme/digital-advertising-agency.4.2.zip,"2026-04-10 13:06:18",https://wordpress.org/themes/digital-advertising-agency/,5.0,7.2,90
fashion-boutique,"Fashion Boutique",6.2,6.1,https://downloads.wordpress.org/theme/fashion-boutique.6.2.zip,"2026-04-10 13:04:59",https://wordpress.org/themes/fashion-boutique/,5.0,7.2,30
green-environment,"Green Environment",5.7,5.6,https://downloads.wordpress.org/theme/green-environment.5.7.zip,"2026-04-10 13:03:39",https://wordpress.org/themes/green-environment/,5.0,7.2,60
hairstyle-salon,"Hairstyle Salon",5.5,5.4,https://downloads.wordpress.org/theme/hairstyle-salon.5.5.zip,"2026-04-10 13:02:29",https://wordpress.org/themes/hairstyle-salon/,5.0,7.2,50
home-automation,"Home Automation",6.1,6.0,https://downloads.wordpress.org/theme/home-automation.6.1.zip,"2026-04-10 13:01:04",https://wordpress.org/themes/home-automation/,5.0,7.2,60
online-video-games,"Online Video Games",6.2,6.1,https://downloads.wordpress.org/theme/online-video-games.6.2.zip,"2026-04-10 12:59:49",https://wordpress.org/themes/online-video-games/,5.0,7.2,100
professional-video-vlogger,"Professional Video Vlogger",5.9,5.8,https://downloads.wordpress.org/theme/professional-video-vlogger.5.9.zip,"2026-04-10 12:58:36",https://wordpress.org/themes/professional-video-vlogger/,5.0,7.2,90
radio-station,"Radio Station",6.2,6.1,https://downloads.wordpress.org/theme/radio-station.6.2.zip,"2026-04-10 12:54:57",https://wordpress.org/themes/radio-station/,5.0,7.2,200
transcargo-transportation,"Transcargo Transportation",5.9,5.8,https://downloads.wordpress.org/theme/transcargo-transportation.5.9.zip,"2026-04-10 12:53:19",https://wordpress.org/themes/transcargo-transportation/,5.0,7.2,80
zenzero,Zenzero,1.9.0,1.8.9,https://downloads.wordpress.org/theme/zenzero.1.9.0.zip,"2026-04-10 13:01:47",https://wordpress.org/themes/zenzero/,,5.6,100
btravel,BTravel,1.2.4,1.2.3,https://downloads.wordpress.org/theme/btravel.1.2.4.zip,"2026-04-10 14:50:50",https://wordpress.org/themes/btravel/,,5.6,40
business-landing-page,"Business Landing Page",0.6.1,0.6.0,https://downloads.wordpress.org/theme/business-landing-page.0.6.1.zip,"2026-04-10 14:16:06",https://wordpress.org/themes/business-landing-page/,5.0,7.2,100
cafe-coffee-shop,"Cafe Coffee Shop",2.4.6,2.4.5,https://downloads.wordpress.org/theme/cafe-coffee-shop.2.4.6.zip,"2026-04-10 14:16:36",https://wordpress.org/themes/cafe-coffee-shop/,5.0,7.2,200
cinematic-videography,"Cinematic Videography",0.2.7,0.2.6,https://downloads.wordpress.org/theme/cinematic-videography.0.2.7.zip,"2026-04-10 14:55:14",https://wordpress.org/themes/cinematic-videography/,,5.6,90
digital-agency-lite,"Digital Agency Lite",1.5.9,1.5.8,https://downloads.wordpress.org/theme/digital-agency-lite.1.5.9.zip,"2026-04-10 14:18:09",https://wordpress.org/themes/digital-agency-lite/,5.0,7.2,100
ecommerce-landing-page,"Ecommerce Landing Page",0.7.4,0.7.3,https://downloads.wordpress.org/theme/ecommerce-landing-page.0.7.4.zip,"2026-04-10 14:18:44",https://wordpress.org/themes/ecommerce-landing-page/,5.0,7.2,100
educational-landing-page,"Educational Landing Page",0.5.0,0.4.9,https://downloads.wordpress.org/theme/educational-landing-page.0.5.0.zip,"2026-04-10 14:18:42",https://wordpress.org/themes/educational-landing-page/,5.0,7.2,200
equestrian-center,"Equestrian Center",0.2.4,0.2.3,https://downloads.wordpress.org/theme/equestrian-center.0.2.4.zip,"2026-04-10 14:56:21",https://wordpress.org/themes/equestrian-center/,,5.6,50
influencer-agency,"Influencer Agency",1.3.7,1.3.6,https://downloads.wordpress.org/theme/influencer-agency.1.3.7.zip,"2026-04-10 14:19:27",https://wordpress.org/themes/influencer-agency/,5.9,5.6,70
marketing-agency,"Marketing Agency",1.0.6,1.0.5,https://downloads.wordpress.org/theme/marketing-agency.1.0.6.zip,"2026-04-10 14:19:45",https://wordpress.org/themes/marketing-agency/,5.0,7.2,100
medical-landing-page,"Medical Landing Page",0.5.1,0.5.0,https://downloads.wordpress.org/theme/medical-landing-page.0.5.1.zip,"2026-04-10 14:16:56",https://wordpress.org/themes/medical-landing-page/,5.0,7.2,100
physiotherapy-lite,"Physiotherapy Lite",1.9.5,1.9.4,https://downloads.wordpress.org/theme/physiotherapy-lite.1.9.5.zip,"2026-04-10 14:21:52",https://wordpress.org/themes/physiotherapy-lite/,5.0,7.2,100
services-landing-page,"Services Landing Page",0.4.9,0.4.8,https://downloads.wordpress.org/theme/services-landing-page.0.4.9.zip,"2026-04-10 14:19:16",https://wordpress.org/themes/services-landing-page/,5.0,7.2,100
travel-tourism,"Travel Tourism",1.1.3,1.1.2,https://downloads.wordpress.org/theme/travel-tourism.1.1.3.zip,"2026-04-10 14:21:30",https://wordpress.org/themes/travel-tourism/,5.0,7.2,100
vw-audio-podcast,"VW Audio Podcast",1.3.9,1.3.8,https://downloads.wordpress.org/theme/vw-audio-podcast.1.3.9.zip,"2026-04-10 14:17:22",https://wordpress.org/themes/vw-audio-podcast/,5.9,5.6,40
vw-bakery,"VW Bakery",1.9.6,1.9.5,https://downloads.wordpress.org/theme/vw-bakery.1.9.6.zip,"2026-04-10 14:19:30",https://wordpress.org/themes/vw-bakery/,5.0,7.2,200
vw-clothing-store,"VW Clothing Store",0.6.3,0.6.2,https://downloads.wordpress.org/theme/vw-clothing-store.0.6.3.zip,"2026-04-10 14:23:06",https://wordpress.org/themes/vw-clothing-store/,5.0,7.2,200
vw-construction-estate,"VW Construction Estate",1.5.9,1.5.8,https://downloads.wordpress.org/theme/vw-construction-estate.1.5.9.zip,"2026-04-10 14:17:43",https://wordpress.org/themes/vw-construction-estate/,5.0,7.2,100
vw-minimalist,"VW Minimalist",1.1.3,1.1.2,https://downloads.wordpress.org/theme/vw-minimalist.1.1.3.zip,"2026-04-10 14:24:33",https://wordpress.org/themes/vw-minimalist/,5.0,7.2,400
vw-real-estate,"VW Real Estate",2.7.4,2.7.3,https://downloads.wordpress.org/theme/vw-real-estate.2.7.4.zip,"2026-04-10 14:25:08",https://wordpress.org/themes/vw-real-estate/,5.0,7.2,200
vw-saas-services,"VW SAAS Services",0.5.8,0.5.7,https://downloads.wordpress.org/theme/vw-saas-services.0.5.8.zip,"2026-04-10 14:17:58",https://wordpress.org/themes/vw-saas-services/,5.0,7.2,200
vw-storefront,"VW Storefront",1.1.7,1.1.6,https://downloads.wordpress.org/theme/vw-storefront.1.1.7.zip,"2026-04-10 14:19:49",https://wordpress.org/themes/vw-storefront/,5.0,7.2,300
dance-studio-lite,"Dance Studio Lite",0.5,0.4,https://downloads.wordpress.org/theme/dance-studio-lite.0.5.zip,"2026-04-10 21:41:23",https://wordpress.org/themes/dance-studio-lite/,5.0,5.2,50
fgymclub-fitness-lite,"FGymClub Fitness Lite",0.3,0.2,https://downloads.wordpress.org/theme/fgymclub-fitness-lite.0.3.zip,"2026-04-10 21:55:44",https://wordpress.org/themes/fgymclub-fitness-lite/,5.0,5.2,50
fhotel-food-lite,"FHotel Food Lite",0.6,0.5,https://downloads.wordpress.org/theme/fhotel-food-lite.0.6.zip,"2026-04-10 22:06:59",https://wordpress.org/themes/fhotel-food-lite/,5.0,5.2,100
fsars-medical,"FSars Medical",1.6,1.5,https://downloads.wordpress.org/theme/fsars-medical.1.6.zip,"2026-04-10 22:01:33",https://wordpress.org/themes/fsars-medical/,5.0,5.2,100
ftravel-holiday-lite,"FTravel Holiday Lite",0.5,0.4,https://downloads.wordpress.org/theme/ftravel-holiday-lite.0.5.zip,"2026-04-10 22:38:21",https://wordpress.org/themes/ftravel-holiday-lite/,5.0,5.2,70
launching-soon-lite,"Launching Soon Lite",0.5,0.4,https://downloads.wordpress.org/theme/launching-soon-lite.0.5.zip,"2026-04-10 22:32:02",https://wordpress.org/themes/launching-soon-lite/,4.0,5.2,200
study-education-lite,"Study Education Lite",0.5,0.4,https://downloads.wordpress.org/theme/study-education-lite.0.5.zip,"2026-04-10 22:12:48",https://wordpress.org/themes/study-education-lite/,5.0,5.2,80
blogbd,BlogBD,1.3.2,1.3.1,https://downloads.wordpress.org/theme/blogbd.1.3.2.zip,"2026-04-11 02:08:52",https://wordpress.org/themes/blogbd/,6.0,7.4,200
building-architect,"Building Architect",1.2.4,1.2.3,https://downloads.wordpress.org/theme/building-architect.1.2.4.zip,"2026-04-11 03:18:12",https://wordpress.org/themes/building-architect/,5.9,5.6,70
business-consulting-agency,"Business Consulting Agency",1.2.4,1.2.3,https://downloads.wordpress.org/theme/business-consulting-agency.1.2.4.zip,"2026-04-11 03:17:21",https://wordpress.org/themes/business-consulting-agency/,5.9,5.6,200
newspare,NewSpare,4.0.0,3.3.1,https://downloads.wordpress.org/theme/newspare.4.0.0.zip,"2026-04-11 02:00:36",https://wordpress.org/themes/newspare/,5.0,5.0,100
vimart-minimal-market,"VIMart - Minimal Market",1.4.1,1.3,https://downloads.wordpress.org/theme/vimart-minimal-market.1.4.1.zip,"2026-04-11 03:03:19",https://wordpress.org/themes/vimart-minimal-market/,6.7,7.2,60
business-cover-lite,"Business Cover Lite",1.2,1.1,https://downloads.wordpress.org/theme/business-cover-lite.1.2.zip,"2026-04-11 05:15:38",https://wordpress.org/themes/business-cover-lite/,4.0,5.2,100
business-multi-lite,"Business Multi Lite",1.6,1.5,https://downloads.wordpress.org/theme/business-multi-lite.1.6.zip,"2026-04-11 05:38:55",https://wordpress.org/themes/business-multi-lite/,4.0,5.2,80
car-dealer-shop,"Car Dealer Shop",1.1.8,1.1.7,https://downloads.wordpress.org/theme/car-dealer-shop.1.1.8.zip,"2026-04-11 03:25:51",https://wordpress.org/themes/car-dealer-shop/,5.9,5.6,300
creative-design-agency,"Creative Design Agency",1.1.3,1.1.2,https://downloads.wordpress.org/theme/creative-design-agency.1.1.3.zip,"2026-04-11 03:26:32",https://wordpress.org/themes/creative-design-agency/,5.9,5.6,400
cyber-security-elementor,"Cyber Security Elementor",0.3.5,0.3.4,https://downloads.wordpress.org/theme/cyber-security-elementor.0.3.5.zip,"2026-04-11 05:15:11",https://wordpress.org/themes/cyber-security-elementor/,5.0,5.6,400
fast-food-delivery,"Fast Food Delivery",0.3.5,0.3.4,https://downloads.wordpress.org/theme/fast-food-delivery.0.3.5.zip,"2026-04-11 05:15:36",https://wordpress.org/themes/fast-food-delivery/,5.0,5.6,100
fbizz-consult-lite,"FBizz Consult Lite",0.9,0.8,https://downloads.wordpress.org/theme/fbizz-consult-lite.0.9.zip,"2026-04-11 04:24:47",https://wordpress.org/themes/fbizz-consult-lite/,4.0,5.2,60
fitness-health-coach,"Fitness Health Coach",1.1.6,1.1.5,https://downloads.wordpress.org/theme/fitness-health-coach.1.1.6.zip,"2026-04-11 03:27:17",https://wordpress.org/themes/fitness-health-coach/,5.9,5.6,100
flower-shop-elementor,"Flower Shop Elementor",0.3.0,0.2.9,https://downloads.wordpress.org/theme/flower-shop-elementor.0.3.0.zip,"2026-04-11 05:15:02",https://wordpress.org/themes/flower-shop-elementor/,5.0,5.6,200
food-restaurant-elementor,"Food Restaurant Elementor",0.2.9,0.2.8,https://downloads.wordpress.org/theme/food-restaurant-elementor.0.2.9.zip,"2026-04-11 05:15:46",https://wordpress.org/themes/food-restaurant-elementor/,5.0,5.6,90
fphoto-snap-lite,"FPhoto Snap Lite",0.4,0.3,https://downloads.wordpress.org/theme/fphoto-snap-lite.0.4.zip,"2026-04-11 04:00:17",https://wordpress.org/themes/fphoto-snap-lite/,4.0,5.2,40
fse-band-artist,"FSE Band Artist",1.1.9,1.1.8,https://downloads.wordpress.org/theme/fse-band-artist.1.1.9.zip,"2026-04-11 03:25:05",https://wordpress.org/themes/fse-band-artist/,5.9,5.6,300
fse-barber-shop,"FSE Barber Shop",1.1.6,1.1.5,https://downloads.wordpress.org/theme/fse-barber-shop.1.1.6.zip,"2026-04-11 03:24:19",https://wordpress.org/themes/fse-barber-shop/,5.9,5.6,100
fse-home-decor,"FSE Home Decor",1.1.8,1.1.7,https://downloads.wordpress.org/theme/fse-home-decor.1.1.8.zip,"2026-04-11 03:21:00",https://wordpress.org/themes/fse-home-decor/,,5.6,100
fse-renovation-services,"FSE Renovation Services",1.1.3,1.1.2,https://downloads.wordpress.org/theme/fse-renovation-services.1.1.3.zip,"2026-04-11 03:22:36",https://wordpress.org/themes/fse-renovation-services/,5.9,5.6,100
hardware-dealer,"Hardware Dealer",0.2.9,0.2.8,https://downloads.wordpress.org/theme/hardware-dealer.0.2.9.zip,"2026-04-11 05:15:31",https://wordpress.org/themes/hardware-dealer/,5.0,5.6,100
online-electro-store,"Online Electro Store",1.1.8,1.1.7,https://downloads.wordpress.org/theme/online-electro-store.1.1.8.zip,"2026-04-11 03:23:26",https://wordpress.org/themes/online-electro-store/,5.9,5.6,100
shanti,Shanti,1.0.3,1.0.2,https://downloads.wordpress.org/theme/shanti.1.0.3.zip,"2026-04-11 04:50:57",https://wordpress.org/themes/shanti/,6.7,7.4,60
web-security-services,"Web Security Services",1.1.7,1.1.6,https://downloads.wordpress.org/theme/web-security-services.1.1.7.zip,"2026-04-11 03:19:02",https://wordpress.org/themes/web-security-services/,,5.6,200
wedding-planner-firm,"Wedding Planner Firm",1.1.2,1.1.1,https://downloads.wordpress.org/theme/wedding-planner-firm.1.1.2.zip,"2026-04-11 03:20:03",https://wordpress.org/themes/wedding-planner-firm/,5.9,5.6,100
banquet-wedding-hall,"Banquet Wedding Hall",1.1.3,1.1.2,https://downloads.wordpress.org/theme/banquet-wedding-hall.1.1.3.zip,"2026-04-11 06:45:08",https://wordpress.org/themes/banquet-wedding-hall/,6.0,7.2,200
bike-repair-garage,"Bike Repair Garage",1.0.7,1.0.6,https://downloads.wordpress.org/theme/bike-repair-garage.1.0.7.zip,"2026-04-11 06:46:08",https://wordpress.org/themes/bike-repair-garage/,6.0,7.2,400
carpet-washing,"Carpet Washing",1.0.2,1.0.1,https://downloads.wordpress.org/theme/carpet-washing.1.0.2.zip,"2026-04-11 06:47:01",https://wordpress.org/themes/carpet-washing/,6.0,7.2,100
cfashionstore-lite,"CFashionStore Lite",1.8,1.7,https://downloads.wordpress.org/theme/cfashionstore-lite.1.8.zip,"2026-04-11 05:53:00",https://wordpress.org/themes/cfashionstore-lite/,,5.2,20
chocolate-house,"Chocolate House",1.1.8,1.1.7,https://downloads.wordpress.org/theme/chocolate-house.1.1.8.zip,"2026-04-11 06:47:57",https://wordpress.org/themes/chocolate-house/,6.0,7.2,100
cphotopic-lite,"CPhotoPic Lite",0.9,0.8,https://downloads.wordpress.org/theme/cphotopic-lite.0.9.zip,"2026-04-11 06:23:58",https://wordpress.org/themes/cphotopic-lite/,4.0,5.2,50
day-camp,"Day Camp",1.0.5,1.0.4,https://downloads.wordpress.org/theme/day-camp.1.0.5.zip,"2026-04-11 06:48:52",https://wordpress.org/themes/day-camp/,6.0,7.2,100
animal-sanctuary,"Animal Sanctuary",1.0,0.9,https://downloads.wordpress.org/theme/animal-sanctuary.1.0.zip,"2026-04-11 07:55:25",https://wordpress.org/themes/animal-sanctuary/,5.5,5.6,20
bakery-treats,"Bakery Treats",3.5,3.4,https://downloads.wordpress.org/theme/bakery-treats.3.5.zip,"2026-04-11 07:54:16",https://wordpress.org/themes/bakery-treats/,5.5,7.2,30
bike-rental-services,"Bike Rental Services",2.2.9,2.2.8,https://downloads.wordpress.org/theme/bike-rental-services.2.2.9.zip,"2026-04-11 07:53:08",https://wordpress.org/themes/bike-rental-services/,6.0,7.2,20
business-development-coaching,"Business Development Coaching",1.2.4,1.2.3,https://downloads.wordpress.org/theme/business-development-coaching.1.2.4.zip,"2026-04-11 07:52:29",https://wordpress.org/themes/business-development-coaching/,6.0,7.2,50
business-revolution,"Business Revolution",1.3,1.2.9,https://downloads.wordpress.org/theme/business-revolution.1.3.zip,"2026-04-11 07:51:46",https://wordpress.org/themes/business-revolution/,6.0,7.2,10
cab-booking,"Cab Booking",1.3.1,1.3.0,https://downloads.wordpress.org/theme/cab-booking.1.3.1.zip,"2026-04-11 07:51:11",https://wordpress.org/themes/cab-booking/,6.0,7.2,60
cbusiness-consult-lite,"CBusiness Consult Lite",1.0,0.9,https://downloads.wordpress.org/theme/cbusiness-consult-lite.1.0.zip,"2026-04-11 07:42:01",https://wordpress.org/themes/cbusiness-consult-lite/,4.0,5.2,80
charity-support,"Charity Support",1.1.7,1.1.6,https://downloads.wordpress.org/theme/charity-support.1.1.7.zip,"2026-04-11 07:50:40",https://wordpress.org/themes/charity-support/,5.5,5.6,30
computer-repair-solutions,"Computer Repair Solutions",10.0,9.0,https://downloads.wordpress.org/theme/computer-repair-solutions.10.0.zip,"2026-04-11 07:30:36",https://wordpress.org/themes/computer-repair-solutions/,,7.4,0
continental-restaurant,"Continental Restaurant",3.5,3.4,https://downloads.wordpress.org/theme/continental-restaurant.3.5.zip,"2026-04-11 07:50:01",https://wordpress.org/themes/continental-restaurant/,5.5,7.2,100
ctravel-adven-lite,"CTravel Adven Lite",1.6,1.5,https://downloads.wordpress.org/theme/ctravel-adven-lite.1.6.zip,"2026-04-11 07:49:59",https://wordpress.org/themes/ctravel-adven-lite/,4.0,5.2,100
dairy-farming,"Dairy Farming",1.3.4,1.3.3,https://downloads.wordpress.org/theme/dairy-farming.1.3.4.zip,"2026-04-11 07:49:26",https://wordpress.org/themes/dairy-farming/,6.0,7.2,50
bakery-pastry-lite,"Bakery Pastry Lite",0.5,0.4,https://downloads.wordpress.org/theme/bakery-pastry-lite.0.5.zip,"2026-04-11 08:44:11",https://wordpress.org/themes/bakery-pastry-lite/,4.0,5.2,80
cbusiness-investment,"CBusiness Investment",1.0,0.9,https://downloads.wordpress.org/theme/cbusiness-investment.1.0.zip,"2026-04-11 07:58:48",https://wordpress.org/themes/cbusiness-investment/,4.0,5.2,100
ccovid-medical-lite,"CCovid Medical Lite",0.8,0.7,https://downloads.wordpress.org/theme/ccovid-medical-lite.0.8.zip,"2026-04-11 08:14:13",https://wordpress.org/themes/ccovid-medical-lite/,4.0,5.2,60
cgym-hub-lite,"CGym Hub Lite",0.4,0.3,https://downloads.wordpress.org/theme/cgym-hub-lite.0.4.zip,"2026-04-11 08:30:38",https://wordpress.org/themes/cgym-hub-lite/,4.0,5.2,20
crest-beauty-spa-lite,"CRest Beauty Spa Lite",0.8,0.7,https://downloads.wordpress.org/theme/crest-beauty-spa-lite.0.8.zip,"2026-04-11 08:38:18",https://wordpress.org/themes/crest-beauty-spa-lite/,4.0,5.2,100
market-bizz,"Market Bizz",0.8,0.7,https://downloads.wordpress.org/theme/market-bizz.0.8.zip,"2026-04-11 08:21:42",https://wordpress.org/themes/market-bizz/,4.0,5.2,80
opening-shortly-lite,"Opening Shortly Lite",0.3,0.2,https://downloads.wordpress.org/theme/opening-shortly-lite.0.3.zip,"2026-04-11 08:49:26",https://wordpress.org/themes/opening-shortly-lite/,4.0,5.2,80
school-education-lite,"School Education Lite",0.2,0.1,https://downloads.wordpress.org/theme/school-education-lite.0.2.zip,"2026-04-11 08:56:33",https://wordpress.org/themes/school-education-lite/,4.0,5.2,100
under-construction-lite,"Under Construction Lite",1.0,0.9,https://downloads.wordpress.org/theme/under-construction-lite.1.0.zip,"2026-04-11 08:04:45",https://wordpress.org/themes/under-construction-lite/,4.0,5.2,700
charity-trust,"Charity Trust",1.3,1.2,https://downloads.wordpress.org/theme/charity-trust.1.3.zip,"2026-04-11 09:44:45",https://wordpress.org/themes/charity-trust/,5.9,5.6,50
deals-store,"Deals Store",1.3,1.2,https://downloads.wordpress.org/theme/deals-store.1.3.zip,"2026-04-11 09:43:12",https://wordpress.org/themes/deals-store/,5.9,5.6,100
fitness-gym-coach,"Fitness Gym Coach",2.4,2.3,https://downloads.wordpress.org/theme/fitness-gym-coach.2.4.zip,"2026-04-11 09:39:40",https://wordpress.org/themes/fitness-gym-coach/,5.9,5.6,30
glam-fashion-blog,"Glam Fashion Blog",2.9,2.8,https://downloads.wordpress.org/theme/glam-fashion-blog.2.9.zip,"2026-04-11 09:32:15",https://wordpress.org/themes/glam-fashion-blog/,5.9,5.6,90
ice-cream-dish,"Ice Cream Dish",3.5,3.4,https://downloads.wordpress.org/theme/ice-cream-dish.3.5.zip,"2026-04-11 09:34:16",https://wordpress.org/themes/ice-cream-dish/,5.9,5.6,30
school-classroom,"School Classroom",3.6,3.5,https://downloads.wordpress.org/theme/school-classroom.3.6.zip,"2026-04-11 09:29:57",https://wordpress.org/themes/school-classroom/,5.9,5.6,200
appointment-booking,"Appointment Booking",1.3.6,1.3.5,https://downloads.wordpress.org/theme/appointment-booking.1.3.6.zip,"2026-04-11 10:13:58",https://wordpress.org/themes/appointment-booking/,,7.2,100
auction-bidding,"Auction Bidding",0.8.1,0.8.0,https://downloads.wordpress.org/theme/auction-bidding.0.8.1.zip,"2026-04-11 10:15:16",https://wordpress.org/themes/auction-bidding/,5.0,7.2,100
bharat-ai-marketing,"Bharat AI Marketing",1.0.4,1.0.2,https://downloads.wordpress.org/theme/bharat-ai-marketing.1.0.4.zip,"2026-04-11 10:40:22",https://wordpress.org/themes/bharat-ai-marketing/,6.4,7.4,40
blinds-curtains,"Blinds Curtains",0.2.6,0.2.5,https://downloads.wordpress.org/theme/blinds-curtains.0.2.6.zip,"2026-04-11 09:58:40",https://wordpress.org/themes/blinds-curtains/,,5.6,20
ecommerce-watch-store,"Ecommerce Watch Store",0.6.1,0.6.0,https://downloads.wordpress.org/theme/ecommerce-watch-store.0.6.1.zip,"2026-04-11 10:15:37",https://wordpress.org/themes/ecommerce-watch-store/,5.0,7.2,200
factory-lite,"Factory Lite",1.3.8,1.3.7,https://downloads.wordpress.org/theme/factory-lite.1.3.8.zip,"2026-04-11 10:17:12",https://wordpress.org/themes/factory-lite/,5.0,7.2,100
florist-flower-shop,"Florist Flower Shop",1.1.0,1.0.9,https://downloads.wordpress.org/theme/florist-flower-shop.1.1.0.zip,"2026-04-11 10:18:08",https://wordpress.org/themes/florist-flower-shop/,5.0,7.2,100
food-grocery-store,"Food Grocery Store",1.3.1,1.3.0,https://downloads.wordpress.org/theme/food-grocery-store.1.3.1.zip,"2026-04-11 10:18:45",https://wordpress.org/themes/food-grocery-store/,5.0,7.2,300
garden-landscaping,"Garden Landscaping",2.8.1,2.8.0,https://downloads.wordpress.org/theme/garden-landscaping.2.8.1.zip,"2026-04-11 10:18:44",https://wordpress.org/themes/garden-landscaping/,5.0,7.2,100
halloween-shop,"Halloween Shop",0.2.7,0.2.6,https://downloads.wordpress.org/theme/halloween-shop.0.2.7.zip,"2026-04-11 09:59:46",https://wordpress.org/themes/halloween-shop/,,5.6,20
hr-management-consultancy,"HR Management Consultancy",0.7.6,0.7.5,https://downloads.wordpress.org/theme/hr-management-consultancy.0.7.6.zip,"2026-04-11 10:32:13",https://wordpress.org/themes/hr-management-consultancy/,5.0,7.2,100
islamic-center-mosque,"Islamic Center Mosque",0.8.4,0.8.3,https://downloads.wordpress.org/theme/islamic-center-mosque.0.8.4.zip,"2026-04-11 10:40:55",https://wordpress.org/themes/islamic-center-mosque/,5.0,7.2,100
knowledge-base-lite,"Knowledge Base Lite",0.9.1,0.9.0,https://downloads.wordpress.org/theme/knowledge-base-lite.0.9.1.zip,"2026-04-11 10:41:19",https://wordpress.org/themes/knowledge-base-lite/,5.0,7.2,200
movie-critic-review,"Movie Critic Review",0.7.9,0.7.8,https://downloads.wordpress.org/theme/movie-critic-review.0.7.9.zip,"2026-04-11 10:42:03",https://wordpress.org/themes/movie-critic-review/,5.0,7.2,100
online-grocery-mart,"Online Grocery Mart",3.0,2.9.8,https://downloads.wordpress.org/theme/online-grocery-mart.3.0.zip,"2026-04-11 10:46:08",https://wordpress.org/themes/online-grocery-mart/,5.0,7.2,100
optical-lens-shop,"Optical Lens Shop",0.8.5,0.8.4,https://downloads.wordpress.org/theme/optical-lens-shop.0.8.5.zip,"2026-04-11 10:47:10",https://wordpress.org/themes/optical-lens-shop/,5.0,7.2,200
perfume-store-fse,"Perfume Store FSE",1.0.4,1.0.3,https://downloads.wordpress.org/theme/perfume-store-fse.1.0.4.zip,"2026-04-11 10:28:42",https://wordpress.org/themes/perfume-store-fse/,6.7,7.2,200
product-comparison-woocommerce,"Product Comparison Woocommerce",0.6.7,0.6.6,https://downloads.wordpress.org/theme/product-comparison-woocommerce.0.6.7.zip,"2026-04-11 10:47:20",https://wordpress.org/themes/product-comparison-woocommerce/,5.0,7.2,200
psychology-therapist,"Psychology Therapist",0.8.1,0.8.0,https://downloads.wordpress.org/theme/psychology-therapist.0.8.1.zip,"2026-04-11 10:50:24",https://wordpress.org/themes/psychology-therapist/,5.0,7.2,100
vw-gardening-landscaping,"VW Gardening Landscaping",1.8.0,1.7.9,https://downloads.wordpress.org/theme/vw-gardening-landscaping.1.8.0.zip,"2026-04-11 10:51:09",https://wordpress.org/themes/vw-gardening-landscaping/,5.0,7.2,800
vw-hosting-services,"VW Hosting Services",0.6.2,0.6.1,https://downloads.wordpress.org/theme/vw-hosting-services.0.6.2.zip,"2026-04-11 10:51:39",https://wordpress.org/themes/vw-hosting-services/,5.0,7.2,300
vw-life-coach,"VW Life Coach",1.2.0,1.1.9,https://downloads.wordpress.org/theme/vw-life-coach.1.2.0.zip,"2026-04-11 10:52:09",https://wordpress.org/themes/vw-life-coach/,5.0,7.2,200
vw-sports,"VW Sports",1.2.0,1.1.9,https://downloads.wordpress.org/theme/vw-sports.1.2.0.zip,"2026-04-11 10:52:26",https://wordpress.org/themes/vw-sports/,5.0,7.2,400
wall-decor-wallpaper,"Wall Decor Wallpaper",0.9.3,0.9.2,https://downloads.wordpress.org/theme/wall-decor-wallpaper.0.9.3.zip,"2026-04-11 10:53:57",https://wordpress.org/themes/wall-decor-wallpaper/,5.0,7.2,80
aster-dental-clinic,"Aster Dental Clinic",4.3,4.2,https://downloads.wordpress.org/theme/aster-dental-clinic.4.3.zip,"2026-04-11 11:35:48",https://wordpress.org/themes/aster-dental-clinic/,,7.4,40
bakery-confectionery,"Bakery Confectionery",4.4,4.3,https://downloads.wordpress.org/theme/bakery-confectionery.4.4.zip,"2026-04-11 11:37:01",https://wordpress.org/themes/bakery-confectionery/,,7.4,30
bridal-jewelry-store,"Bridal Jewelry Store",3.8,3.7,https://downloads.wordpress.org/theme/bridal-jewelry-store.3.8.zip,"2026-04-11 11:35:01",https://wordpress.org/themes/bridal-jewelry-store/,,7.4,40
cleaning-services-agent,"Cleaning Services Agent",2.3,2.2,https://downloads.wordpress.org/theme/cleaning-services-agent.2.3.zip,"2026-04-11 11:41:10",https://wordpress.org/themes/cleaning-services-agent/,,7.4,60
ecommerce-clothing,"Ecommerce Clothing",3.8,3.7,https://downloads.wordpress.org/theme/ecommerce-clothing.3.8.zip,"2026-04-11 11:37:38",https://wordpress.org/themes/ecommerce-clothing/,,7.4,200
fast-food-joint,"Fast Food Joint",1.9,1.8,https://downloads.wordpress.org/theme/fast-food-joint.1.9.zip,"2026-04-11 11:38:44",https://wordpress.org/themes/fast-food-joint/,,7.2,100
moving-truck-rental,"Moving Truck Rental",3.7,3.6,https://downloads.wordpress.org/theme/moving-truck-rental.3.7.zip,"2026-04-11 11:40:18",https://wordpress.org/themes/moving-truck-rental/,,7.4,70
salecraft-ecommerce,"SaleCraft Ecommerce",1.0.3,1.0.2,https://downloads.wordpress.org/theme/salecraft-ecommerce.1.0.3.zip,"2026-04-11 11:19:28",https://wordpress.org/themes/salecraft-ecommerce/,6.1,7.2,60
sports-nutritionist,"Sports Nutritionist",2.4,2.3,https://downloads.wordpress.org/theme/sports-nutritionist.2.4.zip,"2026-04-11 11:38:13",https://wordpress.org/themes/sports-nutritionist/,,7.4,20
wedding-ceremony,"Wedding Ceremony",2.8,2.7,https://downloads.wordpress.org/theme/wedding-ceremony.2.8.zip,"2026-04-11 11:39:18",https://wordpress.org/themes/wedding-ceremony/,,7.2,40
aster-portfolio,"Aster Portfolio",1.5,1.4,https://downloads.wordpress.org/theme/aster-portfolio.1.5.zip,"2026-04-11 11:49:06",https://wordpress.org/themes/aster-portfolio/,,7.4,70
book-store-lite,"Book Store Lite",1.0.3,1.0.2,https://downloads.wordpress.org/theme/book-store-lite.1.0.3.zip,"2026-04-11 13:15:30",https://wordpress.org/themes/book-store-lite/,6.7,7.2,200
burger-joint,"Burger Joint",2.4,2.3,https://downloads.wordpress.org/theme/burger-joint.2.4.zip,"2026-04-11 11:48:18",https://wordpress.org/themes/burger-joint/,,7.2,50
cat-groomer,"Cat Groomer",3.2,3.1,https://downloads.wordpress.org/theme/cat-groomer.3.2.zip,"2026-04-11 11:47:23",https://wordpress.org/themes/cat-groomer/,,7.4,30
expert-bakers-shop,"Expert Bakers Shop",0.9.6,0.9.5,https://downloads.wordpress.org/theme/expert-bakers-shop.0.9.6.zip,"2026-04-11 12:16:56",https://wordpress.org/themes/expert-bakers-shop/,,7.2,40
expert-carpenter-shop,"Expert Carpenter Shop",1.8.9,1.8.8,https://downloads.wordpress.org/theme/expert-carpenter-shop.1.8.9.zip,"2026-04-11 12:16:18",https://wordpress.org/themes/expert-carpenter-shop/,,7.2,30
expert-cleaning,"Expert Cleaning",1.9,1.8,https://downloads.wordpress.org/theme/expert-cleaning.1.9.zip,"2026-04-11 12:15:52",https://wordpress.org/themes/expert-cleaning/,5.9,5.6,100
expert-construction-company,"Expert Construction Company",1.2,1.1,https://downloads.wordpress.org/theme/expert-construction-company.1.2.zip,"2026-04-11 12:15:05",https://wordpress.org/themes/expert-construction-company/,,7.2,100
expert-dental-specialist,"Expert Dental Specialist",0.3.6,0.3.5,https://downloads.wordpress.org/theme/expert-dental-specialist.0.3.6.zip,"2026-04-11 12:14:25",https://wordpress.org/themes/expert-dental-specialist/,,7.2,60
expert-estate-manager,"Expert Estate Manager",0.9.7,0.9.6,https://downloads.wordpress.org/theme/expert-estate-manager.0.9.7.zip,"2026-04-11 12:13:41",https://wordpress.org/themes/expert-estate-manager/,,7.2,30
expert-finance-manager,"Expert Finance Manager",0.5.7,0.5.6,https://downloads.wordpress.org/theme/expert-finance-manager.0.5.7.zip,"2026-04-11 12:13:07",https://wordpress.org/themes/expert-finance-manager/,,7.2,30
expert-gardener,"Expert Gardener",1.0.8,1.0.7,https://downloads.wordpress.org/theme/expert-gardener.1.0.8.zip,"2026-04-11 12:11:57",https://wordpress.org/themes/expert-gardener/,,7.2,70
expert-influencer-agency,"Expert Influencer Agency",1.7,1.6,https://downloads.wordpress.org/theme/expert-influencer-agency.1.7.zip,"2026-04-11 12:10:36",https://wordpress.org/themes/expert-influencer-agency/,5.9,5.6,30
expert-nurses,"Expert Nurses",0.5,0.4.0,https://downloads.wordpress.org/theme/expert-nurses.0.5.zip,"2026-04-11 12:09:51",https://wordpress.org/themes/expert-nurses/,,7.2,20
expert-travel-agent,"Expert Travel Agent",2.2,2.1,https://downloads.wordpress.org/theme/expert-travel-agent.2.2.zip,"2026-04-11 12:09:11",https://wordpress.org/themes/expert-travel-agent/,5.9,5.6,200
food-critic-blogs,"Food Critic Blogs",0.6.7,0.6.6,https://downloads.wordpress.org/theme/food-critic-blogs.0.6.7.zip,"2026-04-11 12:08:26",https://wordpress.org/themes/food-critic-blogs/,,7.2,200
neovantage,NEOVANTAGE,2.0.9,2.0.8,https://downloads.wordpress.org/theme/neovantage.2.0.9.zip,"2026-04-11 12:21:29",https://wordpress.org/themes/neovantage/,,8.0,0
roof-water-proofing,"Roof Water Proofing",3.5,3.4,https://downloads.wordpress.org/theme/roof-water-proofing.3.5.zip,"2026-04-11 11:46:50",https://wordpress.org/themes/roof-water-proofing/,,7.4,20
squash-personal-coach,"Squash Personal Coach",1.0.2,1.0.1,https://downloads.wordpress.org/theme/squash-personal-coach.1.0.2.zip,"2026-04-11 11:54:47",https://wordpress.org/themes/squash-personal-coach/,6.7,7.2,100
uptown,upTown,2.1.0,2.0.1,https://downloads.wordpress.org/theme/uptown.2.1.0.zip,"2026-04-11 12:01:46",https://wordpress.org/themes/uptown/,5.0,7.4,200
bharat-ai-marketing,"Bharat AI Marketing",1.0.5,1.0.4,https://downloads.wordpress.org/theme/bharat-ai-marketing.1.0.5.zip,"2026-04-11 13:46:20",https://wordpress.org/themes/bharat-ai-marketing/,6.4,7.4,40
food-recipe-blog,"Food Recipe Blog",2.9.6,2.9.5,https://downloads.wordpress.org/theme/food-recipe-blog.2.9.6.zip,"2026-04-11 13:46:13",https://wordpress.org/themes/food-recipe-blog/,5.0,7.2,100
food-restro-zone,"Food Restro Zone",0.1.7,0.1.6,https://downloads.wordpress.org/theme/food-restro-zone.0.1.7.zip,"2026-04-11 13:45:26",https://wordpress.org/themes/food-restro-zone/,5.0,7.2,40
football-sports-club,"Football Sports Club",0.5.7,0.5.6,https://downloads.wordpress.org/theme/football-sports-club.0.5.7.zip,"2026-04-11 13:44:36",https://wordpress.org/themes/football-sports-club/,5.0,7.2,200
futuristic-architecture,"Futuristic Architecture",0.1.9,0.1.8,https://downloads.wordpress.org/theme/futuristic-architecture.0.1.9.zip,"2026-04-11 13:43:50",https://wordpress.org/themes/futuristic-architecture/,5.0,7.2,20
gardener-lite,"Gardener Lite",0.5.8,0.5.7,https://downloads.wordpress.org/theme/gardener-lite.0.5.8.zip,"2026-04-11 13:42:40",https://wordpress.org/themes/gardener-lite/,5.0,7.2,60
grocery-supermarket,"Grocery Supermarket",1.5.6,1.5.5,https://downloads.wordpress.org/theme/grocery-supermarket.1.5.6.zip,"2026-04-11 13:41:42",https://wordpress.org/themes/grocery-supermarket/,5.0,7.2,200
gym-nutrition-shop,"Gym Nutrition Shop",0.1.1,0.1.0,https://downloads.wordpress.org/theme/gym-nutrition-shop.0.1.1.zip,"2026-04-11 13:40:09",https://wordpress.org/themes/gym-nutrition-shop/,5.0,7.2,80
handyman-cleaning-service,"Handyman Cleaning Service",2.4.5,2.4.4,https://downloads.wordpress.org/theme/handyman-cleaning-service.2.4.5.zip,"2026-04-11 13:38:36",https://wordpress.org/themes/handyman-cleaning-service/,5.0,7.2,50
holiday-travel-cruise,"Holiday Travel Cruise",0.1.6,0.1.5,https://downloads.wordpress.org/theme/holiday-travel-cruise.0.1.6.zip,"2026-04-11 13:38:01",https://wordpress.org/themes/holiday-travel-cruise/,5.0,7.2,30
hospital-management,"Hospital Management",0.4.9,0.4.8,https://downloads.wordpress.org/theme/hospital-management.0.4.9.zip,"2026-04-11 13:25:42",https://wordpress.org/themes/hospital-management/,5.0,7.2,100
hotel-booking-lite,"Hotel Booking Lite",2.4.1,2.4,https://downloads.wordpress.org/theme/hotel-booking-lite.2.4.1.zip,"2026-04-11 13:24:57",https://wordpress.org/themes/hotel-booking-lite/,5.0,7.2,100
indoor-sports-zone,"Indoor Sports Zone",0.4.7,0.4.6,https://downloads.wordpress.org/theme/indoor-sports-zone.0.4.7.zip,"2026-04-11 13:24:13",https://wordpress.org/themes/indoor-sports-zone/,5.0,7.2,50
interior-decor-studio,"Interior Decor Studio",0.5.1,0.5.0,https://downloads.wordpress.org/theme/interior-decor-studio.0.5.1.zip,"2026-04-11 13:23:20",https://wordpress.org/themes/interior-decor-studio/,5.0,7.2,20
kids-gift-shop,"Kids Gift Shop",0.5.5,0.5.4,https://downloads.wordpress.org/theme/kids-gift-shop.0.5.5.zip,"2026-04-11 13:22:38",https://wordpress.org/themes/kids-gift-shop/,5.0,7.2,90
kids-online-store,"Kids Online Store",0.9.0,0.8.9,https://downloads.wordpress.org/theme/kids-online-store.0.9.0.zip,"2026-04-11 13:21:56",https://wordpress.org/themes/kids-online-store/,5.0,7.2,100
chocolate-store,"Chocolate Store",1.9.2,1.9.1,https://downloads.wordpress.org/theme/chocolate-store.1.9.2.zip,"2026-04-11 15:36:43",https://wordpress.org/themes/chocolate-store/,,7.2,90
coupon-flash-deals,"Coupon Flash Deals",1.3.2,1.3.1,https://downloads.wordpress.org/theme/coupon-flash-deals.1.3.2.zip,"2026-04-11 15:35:08",https://wordpress.org/themes/coupon-flash-deals/,,7.2,60
eco-ngo,"Eco NGO",1.9.2,1.9.1,https://downloads.wordpress.org/theme/eco-ngo.1.9.2.zip,"2026-04-11 15:34:00",https://wordpress.org/themes/eco-ngo/,,7.2,40
elearning-school,"Elearning School",1.6.2,1.6.1,https://downloads.wordpress.org/theme/elearning-school.1.6.2.zip,"2026-04-11 15:31:42",https://wordpress.org/themes/elearning-school/,,7.2,500
elite-fashion-shop,"Elite Fashion Shop",5.8.2,5.8.1,https://downloads.wordpress.org/theme/elite-fashion-shop.5.8.2.zip,"2026-04-11 15:30:56",https://wordpress.org/themes/elite-fashion-shop/,,7.2,30
terminal-news,"Terminal News",1.0.1,1.0.0,https://downloads.wordpress.org/theme/terminal-news.1.0.1.zip,"2026-04-11 15:58:05",https://wordpress.org/themes/terminal-news/,5.0,7.4,100
book-author-blog,"Book Author Blog",5.2.32,5.2.31,https://downloads.wordpress.org/theme/book-author-blog.5.2.32.zip,"2026-04-11 17:36:37",https://wordpress.org/themes/book-author-blog/,5.0,8.0,100
newsmarks,NewsMarks,1.1.8,1.1.7,https://downloads.wordpress.org/theme/newsmarks.1.1.8.zip,"2026-04-11 17:04:39",https://wordpress.org/themes/newsmarks/,5.9,5.6,100
newsmass,NewsMass,1.1.7,1.1.6,https://downloads.wordpress.org/theme/newsmass.1.1.7.zip,"2026-04-11 17:03:20",https://wordpress.org/themes/newsmass/,5.9,5.6,90
rhythmic,Rhythmic,2.1,2.0,https://downloads.wordpress.org/theme/rhythmic.2.1.zip,"2026-04-11 17:36:57",https://wordpress.org/themes/rhythmic/,5.9,5.6,200
shopwell,Shopwell,1.0.13,1.0.12,https://downloads.wordpress.org/theme/shopwell.1.0.13.zip,"2026-04-11 17:01:57",https://wordpress.org/themes/shopwell/,5.0,7.0,1000
sportsx,SportsX,1.1.9,1.1.8,https://downloads.wordpress.org/theme/sportsx.1.1.9.zip,"2026-04-11 17:00:49",https://wordpress.org/themes/sportsx/,5.9,5.6,100
demolition-contractor,"Demolition Contractor",1.7,1.6,https://downloads.wordpress.org/theme/demolition-contractor.1.7.zip,"2026-04-11 18:32:22",https://wordpress.org/themes/demolition-contractor/,5.5,5.6,100
financial-advisor,"Financial Advisor",1.7,1.6,https://downloads.wordpress.org/theme/financial-advisor.1.7.zip,"2026-04-11 18:33:13",https://wordpress.org/themes/financial-advisor/,5.5,5.6,80
kindergarten-toddler,"Kindergarten Toddler",2.5,2.4,https://downloads.wordpress.org/theme/kindergarten-toddler.2.5.zip,"2026-04-11 18:33:53",https://wordpress.org/themes/kindergarten-toddler/,5.5,5.6,70
legacy-beauty-center,"Legacy Beauty Center",1.7,1.6,https://downloads.wordpress.org/theme/legacy-beauty-center.1.7.zip,"2026-04-11 18:34:46",https://wordpress.org/themes/legacy-beauty-center/,5.5,5.6,100
legacy-cleaning-company,"Legacy Cleaning Company",0.0.4,0.0.3,https://downloads.wordpress.org/theme/legacy-cleaning-company.0.0.4.zip,"2026-04-11 18:36:07",https://wordpress.org/themes/legacy-cleaning-company/,6.2,7.2,40
legacy-preschool-kindergarten,"Legacy Preschool Kindergarten",0.0.8,0.0.7,https://downloads.wordpress.org/theme/legacy-preschool-kindergarten.0.0.8.zip,"2026-04-11 18:37:22",https://wordpress.org/themes/legacy-preschool-kindergarten/,6.2,7.2,70
legacy-real-estate,"Legacy Real Estate",1.6,1.5,https://downloads.wordpress.org/theme/legacy-real-estate.1.6.zip,"2026-04-11 18:38:37",https://wordpress.org/themes/legacy-real-estate/,5.5,5.6,100
legacy-videography,"Legacy Videography",2.1,1.9,https://downloads.wordpress.org/theme/legacy-videography.2.1.zip,"2026-04-11 18:40:44",https://wordpress.org/themes/legacy-videography/,5.5,5.6,30
apartment-blocks,"Apartment Blocks",5.3,5.2,https://downloads.wordpress.org/theme/apartment-blocks.5.3.zip,"2026-04-12 07:31:29",https://wordpress.org/themes/apartment-blocks/,6.1,5.6,200
buildz,BuildZ,0.5,0.4,https://downloads.wordpress.org/theme/buildz.0.5.zip,"2026-04-12 06:17:52",https://wordpress.org/themes/buildz/,4.0,5.2,40
charity-blocks,"Charity Blocks",4.7,4.6,https://downloads.wordpress.org/theme/charity-blocks.4.7.zip,"2026-04-12 07:30:25",https://wordpress.org/themes/charity-blocks/,6.1,5.6,100
clickpic,ClickPic,0.7,0.6,https://downloads.wordpress.org/theme/clickpic.0.7.zip,"2026-04-12 07:38:20",https://wordpress.org/themes/clickpic/,4.0,5.2,30
clothing-apparel-shop,"Clothing Apparel Shop",5.1,5.0,https://downloads.wordpress.org/theme/clothing-apparel-shop.5.1.zip,"2026-04-12 07:29:44",https://wordpress.org/themes/clothing-apparel-shop/,6.1,5.6,100
construction-blocks,"Construction Blocks",4.4,4.3,https://downloads.wordpress.org/theme/construction-blocks.4.4.zip,"2026-04-12 07:29:05",https://wordpress.org/themes/construction-blocks/,6.1,5.6,300
coolrestx,coolrestx,1.4,1.03,https://downloads.wordpress.org/theme/coolrestx.1.4.zip,"2026-04-12 06:28:53",https://wordpress.org/themes/coolrestx/,4.0,5.2,10
cyber-security-blocks,"Cyber Security Blocks",4.8,4.7,https://downloads.wordpress.org/theme/cyber-security-blocks.4.8.zip,"2026-04-12 07:27:19",https://wordpress.org/themes/cyber-security-blocks/,6.1,5.6,900
dental-blocks,"Dental Blocks",4.5,4.4,https://downloads.wordpress.org/theme/dental-blocks.4.5.zip,"2026-04-12 07:24:51",https://wordpress.org/themes/dental-blocks/,6.1,5.6,100
gymzone-fitness,"Gymzone Fitness",1.3,1.2,https://downloads.wordpress.org/theme/gymzone-fitness.1.3.zip,"2026-04-12 07:01:53",https://wordpress.org/themes/gymzone-fitness/,4.0,5.2,40
home-services-blocks,"Home Services Blocks",4.1,4.0,https://downloads.wordpress.org/theme/home-services-blocks.4.1.zip,"2026-04-12 07:23:39",https://wordpress.org/themes/home-services-blocks/,6.1,5.6,200
lawyer-firm-blocks,"Lawyer Firm Blocks",4.7,4.6,https://downloads.wordpress.org/theme/lawyer-firm-blocks.4.7.zip,"2026-04-12 07:18:37",https://wordpress.org/themes/lawyer-firm-blocks/,6.1,5.6,200
lifestyle-store,"Lifestyle Store",4.6,4.5,https://downloads.wordpress.org/theme/lifestyle-store.4.6.zip,"2026-04-12 07:17:52",https://wordpress.org/themes/lifestyle-store/,6.1,5.6,60
one-business-blocks,"One Business Blocks",4.6,4.5,https://downloads.wordpress.org/theme/one-business-blocks.4.6.zip,"2026-04-12 07:14:28",https://wordpress.org/themes/one-business-blocks/,6.1,5.6,2000
one-page-blocks,"One Page Blocks",4.0,3.9,https://downloads.wordpress.org/theme/one-page-blocks.4.0.zip,"2026-04-12 07:13:35",https://wordpress.org/themes/one-page-blocks/,6.1,5.6,100
organic-green-blocks,"Organic Green Blocks",4.7,4.6,https://downloads.wordpress.org/theme/organic-green-blocks.4.7.zip,"2026-04-12 07:12:49",https://wordpress.org/themes/organic-green-blocks/,6.1,5.6,200
ovation-spa-blocks,"Ovation Spa Blocks",4.0,3.9,https://downloads.wordpress.org/theme/ovation-spa-blocks.4.0.zip,"2026-04-12 07:11:30",https://wordpress.org/themes/ovation-spa-blocks/,6.1,5.6,60
restaurant-chef,"Restaurant Chef",4.2,4.1,https://downloads.wordpress.org/theme/restaurant-chef.4.2.zip,"2026-04-12 07:09:58",https://wordpress.org/themes/restaurant-chef/,6.1,5.6,100
takecare,TakeCare,0.5,0.4,https://downloads.wordpress.org/theme/takecare.0.5.zip,"2026-04-12 07:33:00",https://wordpress.org/themes/takecare/,5.0,5.2,10
trekking-blocks,"Trekking Blocks",4.3,4.2,https://downloads.wordpress.org/theme/trekking-blocks.4.3.zip,"2026-04-12 07:09:11",https://wordpress.org/themes/trekking-blocks/,6.1,5.6,100
truthmag,TruthMag,1.1.0,1.0.9,https://downloads.wordpress.org/theme/truthmag.1.1.0.zip,"2026-04-12 07:14:02",https://wordpress.org/themes/truthmag/,5.9,5.6,60
unschool,UnSchool,1.0,0.8,https://downloads.wordpress.org/theme/unschool.1.0.zip,"2026-04-12 06:50:49",https://wordpress.org/themes/unschool/,4.0,5.2,100
biztt,BizTT,0.7,0.6,https://downloads.wordpress.org/theme/biztt.0.7.zip,"2026-04-12 08:44:25",https://wordpress.org/themes/biztt/,4.0,5.2,40
blognest,BlogNest,1.1.5,1.1.4,https://downloads.wordpress.org/theme/blognest.1.1.5.zip,"2026-04-12 08:24:13",https://wordpress.org/themes/blognest/,5.9,5.6,100
bz-multisatilet,"BZ MultiSatilet",0.5,0.4,https://downloads.wordpress.org/theme/bz-multisatilet.0.5.zip,"2026-04-12 07:43:46",https://wordpress.org/themes/bz-multisatilet/,5.0,5.2,0
colorvibe,ColorVibe,1.1.2,1.1.1,https://downloads.wordpress.org/theme/colorvibe.1.1.2.zip,"2026-04-12 07:53:41",https://wordpress.org/themes/colorvibe/,5.9,5.6,50
vstart,VStart,0.7,0.6,https://downloads.wordpress.org/theme/vstart.0.7.zip,"2026-04-12 08:55:27",https://wordpress.org/themes/vstart/,5.0,5.2,0
all-rounder,"All Rounder",1.8,1.7,https://downloads.wordpress.org/theme/all-rounder.1.8.zip,"2026-04-12 09:52:48",https://wordpress.org/themes/all-rounder/,4.0,5.2,70
eatingplace,EatingPlace,1.1,1.0,https://downloads.wordpress.org/theme/eatingplace.1.1.zip,"2026-04-12 09:19:38",https://wordpress.org/themes/eatingplace/,4.0,5.2,10
laventa,LaVenta,2.7,2.6,https://downloads.wordpress.org/theme/laventa.2.7.zip,"2026-04-12 09:43:49",https://wordpress.org/themes/laventa/,5.9,5.6,300
onedream,OneDream,1.4,1.3,https://downloads.wordpress.org/theme/onedream.1.4.zip,"2026-04-12 09:44:43",https://wordpress.org/themes/onedream/,4.0,5.2,0
outwit-lite,"OutWit Lite",3.1,3.0.1,https://downloads.wordpress.org/theme/outwit-lite.3.1.zip,"2026-04-12 09:36:55",https://wordpress.org/themes/outwit-lite/,5.9,5.6,90
pawscentral,PawsCentral,2.4,2.3,https://downloads.wordpress.org/theme/pawscentral.2.4.zip,"2026-04-12 09:33:37",https://wordpress.org/themes/pawscentral/,5.9,5.6,60
pentatonic,Pentatonic,2.3,2.2,https://downloads.wordpress.org/theme/pentatonic.2.3.zip,"2026-04-12 09:34:32",https://wordpress.org/themes/pentatonic/,5.9,5.6,700
styleisharya,StyleishArya,1.3,1.2,https://downloads.wordpress.org/theme/styleisharya.1.3.zip,"2026-04-12 09:29:43",https://wordpress.org/themes/styleisharya/,5.0,5.2,0
adventure-travelling,"Adventure Travelling",6.2,6.1,https://downloads.wordpress.org/theme/adventure-travelling.6.2.zip,"2026-04-12 10:15:12",https://wordpress.org/themes/adventure-travelling/,5.0,5.6,300
aero-fse,"Aero FSE",1.0.2,1.0.1,https://downloads.wordpress.org/theme/aero-fse.1.0.2.zip,"2026-04-12 10:56:37",https://wordpress.org/themes/aero-fse/,6.7,7.4,100
buildora-architect,"Buildora Architect",1.4,1.3,https://downloads.wordpress.org/theme/buildora-architect.1.4.zip,"2026-04-12 10:14:19",https://wordpress.org/themes/buildora-architect/,5.0,5.6,30
business-classified-ads,"Business Classified Ads",1.1.8,1.1.7,https://downloads.wordpress.org/theme/business-classified-ads.1.1.8.zip,"2026-04-12 10:57:17",https://wordpress.org/themes/business-classified-ads/,5.3,7.2,60
carpenter-workshop,"Carpenter Workshop",3.7,3.6,https://downloads.wordpress.org/theme/carpenter-workshop.3.7.zip,"2026-04-12 10:13:32",https://wordpress.org/themes/carpenter-workshop/,5.0,5.6,20
carpentry-contractor,"Carpentry Contractor",1.9,1.8,https://downloads.wordpress.org/theme/carpentry-contractor.1.9.zip,"2026-04-12 10:12:22",https://wordpress.org/themes/carpentry-contractor/,5.0,5.6,50
crockery-store,"Crockery Store",1.9,1.8,https://downloads.wordpress.org/theme/crockery-store.1.9.zip,"2026-04-12 10:11:33",https://wordpress.org/themes/crockery-store/,5.0,5.6,100
digital-media,"Digital Media",1.2.3,1.2.2,https://downloads.wordpress.org/theme/digital-media.1.2.3.zip,"2026-04-12 10:58:07",https://wordpress.org/themes/digital-media/,5.3,7.2,30
fitness-supplement-store,"Fitness Supplement Store",3.6,3.5,https://downloads.wordpress.org/theme/fitness-supplement-store.3.6.zip,"2026-04-12 10:10:49",https://wordpress.org/themes/fitness-supplement-store/,5.0,5.6,90
forest-eco-nature,"Forest Eco Nature",3.5,3.3,https://downloads.wordpress.org/theme/forest-eco-nature.3.5.zip,"2026-04-12 10:10:00",https://wordpress.org/themes/forest-eco-nature/,5.0,5.6,80
healio-magazine,"Healio Magazine",1.0.3,1.0.2,https://downloads.wordpress.org/theme/healio-magazine.1.0.3.zip,"2026-04-12 10:56:09",https://wordpress.org/themes/healio-magazine/,6.4,7.4,300
health-care-center,"Health Care Center",1.2.0,1.1.9,https://downloads.wordpress.org/theme/health-care-center.1.2.0.zip,"2026-04-12 10:56:32",https://wordpress.org/themes/health-care-center/,5.3,7.2,0
inkora-blog,"Inkora Blog",1.0.1,1.0.0,https://downloads.wordpress.org/theme/inkora-blog.1.0.1.zip,"2026-04-12 10:55:25",https://wordpress.org/themes/inkora-blog/,6.7,7.4,100
multi-sports-club,"Multi Sports Club",1.1.8,1.1.7,https://downloads.wordpress.org/theme/multi-sports-club.1.1.8.zip,"2026-04-12 10:54:46",https://wordpress.org/themes/multi-sports-club/,5.3,7.2,100
news-channel,"News Channel",1.2.0,1.1.9,https://downloads.wordpress.org/theme/news-channel.1.2.0.zip,"2026-04-12 10:55:39",https://wordpress.org/themes/news-channel/,5.3,7.2,60
newscastle,NewsCastle,1.1.6,1.1.5,https://downloads.wordpress.org/theme/newscastle.1.1.6.zip,"2026-04-12 10:43:05",https://wordpress.org/themes/newscastle/,5.9,5.6,100
newsmaster,NewsMaster,1.1.1,1.1.0,https://downloads.wordpress.org/theme/newsmaster.1.1.1.zip,"2026-04-12 10:39:31",https://wordpress.org/themes/newsmaster/,5.9,5.6,500
newspaper-magazine-blog,"Newspaper Magazine Blog",2.4,2.3,https://downloads.wordpress.org/theme/newspaper-magazine-blog.2.4.zip,"2026-04-12 10:09:06",https://wordpress.org/themes/newspaper-magazine-blog/,5.0,5.6,300
nexal,Nexal,1.0.2,1.0.0,https://downloads.wordpress.org/theme/nexal.1.0.2.zip,"2026-04-12 10:53:34",https://wordpress.org/themes/nexal/,6.4,7.4,700
notary-services,"Notary Services",2.5,2.4,https://downloads.wordpress.org/theme/notary-services.2.5.zip,"2026-04-12 10:07:47",https://wordpress.org/themes/notary-services/,5.0,5.6,50
online-education-lms,"Online Education LMS",1.8,1.7,https://downloads.wordpress.org/theme/online-education-lms.1.8.zip,"2026-04-12 10:06:55",https://wordpress.org/themes/online-education-lms/,5.0,5.6,100
online-startup-agency,"Online Startup Agency",2.0,1.9,https://downloads.wordpress.org/theme/online-startup-agency.2.0.zip,"2026-04-12 10:05:43",https://wordpress.org/themes/online-startup-agency/,5.0,5.6,30
plover,Plover,1.4.3,1.4.2,https://downloads.wordpress.org/theme/plover.1.4.3.zip,"2026-04-12 10:52:19",https://wordpress.org/themes/plover/,6.4,7.4,600
portfolio-expert-lite,"Portfolio Expert Lite",1.0.2,1.0.1,https://downloads.wordpress.org/theme/portfolio-expert-lite.1.0.2.zip,"2026-04-12 10:33:14",https://wordpress.org/themes/portfolio-expert-lite/,,5.6,60
portfolio-expert,"Portfolio Expert",1.1.0,1.0.5,https://downloads.wordpress.org/theme/portfolio-expert.1.1.0.zip,"2026-04-12 10:24:41",https://wordpress.org/themes/portfolio-expert/,5.0,7.4,100
product-review,"Product Review",2.2,2.1,https://downloads.wordpress.org/theme/product-review.2.2.zip,"2026-04-12 10:03:54",https://wordpress.org/themes/product-review/,5.0,5.6,100
pulse-folio,"Pulse Folio",1.0.3,1.0.2,https://downloads.wordpress.org/theme/pulse-folio.1.0.3.zip,"2026-04-12 10:58:20",https://wordpress.org/themes/pulse-folio/,6.7,7.4,100
royce,Royce,1.0.1,1.0.0,https://downloads.wordpress.org/theme/royce.1.0.1.zip,"2026-04-12 10:54:53",https://wordpress.org/themes/royce/,6.7,7.4,100
saas-agency,"SAAS Agency",2.3,2.2,https://downloads.wordpress.org/theme/saas-agency.2.3.zip,"2026-04-12 10:03:07",https://wordpress.org/themes/saas-agency/,5.0,5.6,20
seo-enterprise,"SEO Enterprise",1.9,1.8,https://downloads.wordpress.org/theme/seo-enterprise.1.9.zip,"2026-04-12 10:02:12",https://wordpress.org/themes/seo-enterprise/,5.0,5.6,60
swift-fse,"Swift FSE",1.0.3,1.0.2,https://downloads.wordpress.org/theme/swift-fse.1.0.3.zip,"2026-04-12 10:57:00",https://wordpress.org/themes/swift-fse/,6.6,7.4,800
travel-booking-offers,"Travel Booking Offers",1.7,1.6,https://downloads.wordpress.org/theme/travel-booking-offers.1.7.zip,"2026-04-12 10:01:31",https://wordpress.org/themes/travel-booking-offers/,5.0,5.6,200
trendingnews,TrendingNews,1.0.7,1.0.6,https://downloads.wordpress.org/theme/trendingnews.1.0.7.zip,"2026-04-12 10:36:33",https://wordpress.org/themes/trendingnews/,5.9,5.6,300
vene,Vene,1.0.2,1.0.1,https://downloads.wordpress.org/theme/vene.1.0.2.zip,"2026-04-12 10:55:44",https://wordpress.org/themes/vene/,6.7,7.4,500
vexis,Vexis,1.0.5,1.0.4,https://downloads.wordpress.org/theme/vexis.1.0.5.zip,"2026-04-12 10:57:24",https://wordpress.org/themes/vexis/,6.7,7.4,300
zyo,Zyo,1.0.3,1.0.2,https://downloads.wordpress.org/theme/zyo.1.0.3.zip,"2026-04-12 10:57:58",https://wordpress.org/themes/zyo/,6.7,7.4,200
aerial-drone,"Aerial Drone",1.2.3,1.2.2,https://downloads.wordpress.org/theme/aerial-drone.1.2.3.zip,"2026-04-12 10:59:03",https://wordpress.org/themes/aerial-drone/,5.3,7.2,60
akita-blog,"Akita Blog",1.0.2,1.0.1,https://downloads.wordpress.org/theme/akita-blog.1.0.2.zip,"2026-04-12 11:02:20",https://wordpress.org/themes/akita-blog/,6.4,7.4,200
car-booking,"Car Booking",3.3.2,3.3.1,https://downloads.wordpress.org/theme/car-booking.3.3.2.zip,"2026-04-12 11:09:33",https://wordpress.org/themes/car-booking/,5.3,5.6,90
car-rental-service,"Car Rental Service",1.1.7,1.1.6,https://downloads.wordpress.org/theme/car-rental-service.1.1.7.zip,"2026-04-12 11:08:34",https://wordpress.org/themes/car-rental-service/,5.3,5.6,50
charity-nonprofit,"Charity Nonprofit",1.1.8,1.1.7,https://downloads.wordpress.org/theme/charity-nonprofit.1.1.8.zip,"2026-04-12 11:04:41",https://wordpress.org/themes/charity-nonprofit/,5.5,7.2,50
consultancy-firm,"Consultancy Firm",1.3.3,1.3.2,https://downloads.wordpress.org/theme/consultancy-firm.1.3.3.zip,"2026-04-12 11:05:34",https://wordpress.org/themes/consultancy-firm/,5.3,7.2,20
electrician-company,"Electrician Company",1.1.5,1.1.4,https://downloads.wordpress.org/theme/electrician-company.1.1.5.zip,"2026-04-12 11:06:51",https://wordpress.org/themes/electrician-company/,5.5,7.2,50
event-decorations,"Event Decorations",1.1.7,1.1.6,https://downloads.wordpress.org/theme/event-decorations.1.1.7.zip,"2026-04-12 11:03:50",https://wordpress.org/themes/event-decorations/,5.5,7.2,60
modern-architecture-design,"Modern Architecture Design",1.1.6,1.1.5,https://downloads.wordpress.org/theme/modern-architecture-design.1.1.6.zip,"2026-04-12 11:02:56",https://wordpress.org/themes/modern-architecture-design/,5.5,7.2,50
modern-art-gallery,"Modern Art Gallery",1.1.5,1.1.4,https://downloads.wordpress.org/theme/modern-art-gallery.1.1.5.zip,"2026-04-12 11:01:43",https://wordpress.org/themes/modern-art-gallery/,5.3,5.6,50
nox-blog,"Nox Blog",1.0.1,1.0.0,https://downloads.wordpress.org/theme/nox-blog.1.0.1.zip,"2026-04-12 10:59:07",https://wordpress.org/themes/nox-blog/,6.7,7.4,70
outdoor-adventure,"Outdoor Adventure",1.1.7,1.1.6,https://downloads.wordpress.org/theme/outdoor-adventure.1.1.7.zip,"2026-04-12 11:00:26",https://wordpress.org/themes/outdoor-adventure/,5.3,5.6,30
versana,Versana,1.0.8,1.0.6,https://downloads.wordpress.org/theme/versana.1.0.8.zip,"2026-04-12 11:31:00",https://wordpress.org/themes/versana/,6.0,7.4,20
aster-bike-rental,"Aster Bike Rental",3.5,3.4,https://downloads.wordpress.org/theme/aster-bike-rental.3.5.zip,"2026-04-12 12:57:17",https://wordpress.org/themes/aster-bike-rental/,,7.4,30
aster-photography,"Aster Photography",3.6,3.5,https://downloads.wordpress.org/theme/aster-photography.3.6.zip,"2026-04-12 12:59:37",https://wordpress.org/themes/aster-photography/,,7.4,30
aster-startup,"Aster Startup",3.3,3.2,https://downloads.wordpress.org/theme/aster-startup.3.3.zip,"2026-04-12 12:58:59",https://wordpress.org/themes/aster-startup/,,7.4,10
italian-house-restaurant,"Italian House Restaurant",2.6,2.5,https://downloads.wordpress.org/theme/italian-house-restaurant.2.6.zip,"2026-04-12 13:04:50",https://wordpress.org/themes/italian-house-restaurant/,,7.4,50
landscape-gardening,"Landscape Gardening",2.9,2.8,https://downloads.wordpress.org/theme/landscape-gardening.2.9.zip,"2026-04-12 13:00:36",https://wordpress.org/themes/landscape-gardening/,,7.4,70
retailer-bookstore,"Retailer Bookstore",2.5,2.4,https://downloads.wordpress.org/theme/retailer-bookstore.2.5.zip,"2026-04-12 13:04:00",https://wordpress.org/themes/retailer-bookstore/,,7.4,80
simplehomepage,SimpleHomepage,7.43.0,7.42.0,https://downloads.wordpress.org/theme/simplehomepage.7.43.0.zip,"2026-04-12 12:47:39",https://wordpress.org/themes/simplehomepage/,,7.2,100
sports-accessories,"Sports Accessories",2.8,2.7,https://downloads.wordpress.org/theme/sports-accessories.2.8.zip,"2026-04-12 13:03:15",https://wordpress.org/themes/sports-accessories/,,7.4,40
st-laundry-services,"ST Laundry Services",1.3,1.2,https://downloads.wordpress.org/theme/st-laundry-services.1.3.zip,"2026-04-12 13:29:13",https://wordpress.org/themes/st-laundry-services/,4.7,5.2,0
veterinary-pet-wellness,"Veterinary Pet Wellness",2.4,2.3,https://downloads.wordpress.org/theme/veterinary-pet-wellness.2.4.zip,"2026-04-12 13:02:35",https://wordpress.org/themes/veterinary-pet-wellness/,,7.4,50
wheel-alignment-service,"Wheel Alignment Service",2.2,2.1,https://downloads.wordpress.org/theme/wheel-alignment-service.2.2.zip,"2026-04-12 13:05:31",https://wordpress.org/themes/wheel-alignment-service/,,7.4,20
business-guidance-coach,"Business Guidance Coach",5.1,5.0,https://downloads.wordpress.org/theme/business-guidance-coach.5.1.zip,"2026-04-12 18:33:32",https://wordpress.org/themes/business-guidance-coach/,5.0,7.2,20
dentist-dental-care,"Dentist Dental Care",5.6,5.5,https://downloads.wordpress.org/theme/dentist-dental-care.5.6.zip,"2026-04-12 18:31:40",https://wordpress.org/themes/dentist-dental-care/,5.0,7.2,60
fashion-designer-mart,"Fashion Designer Mart",5.7,5.6,https://downloads.wordpress.org/theme/fashion-designer-mart.5.7.zip,"2026-04-12 18:30:28",https://wordpress.org/themes/fashion-designer-mart/,5.0,7.2,40
home-interior-designer,"Home Interior Designer",5.2,5.1,https://downloads.wordpress.org/theme/home-interior-designer.5.2.zip,"2026-04-12 18:28:20",https://wordpress.org/themes/home-interior-designer/,5.0,7.2,80
plant-garden,"Plant Garden",5.7,5.6,https://downloads.wordpress.org/theme/plant-garden.5.7.zip,"2026-04-12 18:27:25",https://wordpress.org/themes/plant-garden/,5.0,7.2,80
professional-blogger,"Professional Blogger",5.1,5.0,https://downloads.wordpress.org/theme/professional-blogger.5.1.zip,"2026-04-12 18:25:16",https://wordpress.org/themes/professional-blogger/,5.0,7.2,90
elina-lite-portfolio-gallery,"Elina Lite Portfolio Gallery",1.3.3,1.3.2,https://downloads.wordpress.org/theme/elina-lite-portfolio-gallery.1.3.3.zip,"2026-04-12 22:25:55",https://wordpress.org/themes/elina-lite-portfolio-gallery/,,5.6,100
beauty-makeup-stylist,"Beauty Makeup Stylist",1.1.8,1.1.7,https://downloads.wordpress.org/theme/beauty-makeup-stylist.1.1.8.zip,"2026-04-13 03:31:33",https://wordpress.org/themes/beauty-makeup-stylist/,5.9,5.6,30
bio-energy,"Bio Energy",1.1.6,1.1.5,https://downloads.wordpress.org/theme/bio-energy.1.1.6.zip,"2026-04-13 03:30:51",https://wordpress.org/themes/bio-energy/,5.9,5.6,200
blogarise,BlogArise,1.6.0,1.5.9,https://downloads.wordpress.org/theme/blogarise.1.6.0.zip,"2026-04-13 02:04:30",https://wordpress.org/themes/blogarise/,6.7,7.4,4000
blogdata,BlogData,1.7.8,1.7.7,https://downloads.wordpress.org/theme/blogdata.1.7.8.zip,"2026-04-13 02:05:11",https://wordpress.org/themes/blogdata/,6.7,7.4,2000
blogus,Blogus,2.9.2,2.9.1,https://downloads.wordpress.org/theme/blogus.2.9.2.zip,"2026-04-13 02:01:13",https://wordpress.org/themes/blogus/,6.7,7.4,10000
fse-pet-shop,"FSE Pet Shop",1.1.2,1.1.0,https://downloads.wordpress.org/theme/fse-pet-shop.1.1.2.zip,"2026-04-13 03:36:49",https://wordpress.org/themes/fse-pet-shop/,5.9,5.6,100
fse-transportation-company,"FSE Transportation Company",1.0.6,1.0.5,https://downloads.wordpress.org/theme/fse-transportation-company.1.0.6.zip,"2026-04-13 03:37:42",https://wordpress.org/themes/fse-transportation-company/,5.9,5.6,100
futuristic-vision,"Futuristic Vision",1.0.4,1.0.3,https://downloads.wordpress.org/theme/futuristic-vision.1.0.4.zip,"2026-04-13 03:38:26",https://wordpress.org/themes/futuristic-vision/,5.9,5.6,100
grocerymart,Grocerymart,1.0.3,1.0.2,https://downloads.wordpress.org/theme/grocerymart.1.0.3.zip,"2026-04-13 03:32:20",https://wordpress.org/themes/grocerymart/,5.9,5.6,100
newsair,Newsair,2.2.1,2.2.0,https://downloads.wordpress.org/theme/newsair.2.2.1.zip,"2026-04-13 02:06:01",https://wordpress.org/themes/newsair/,6.7,7.4,1000
newses,Newses,2.0.0.74,2.0.0.73,https://downloads.wordpress.org/theme/newses.2.0.0.74.zip,"2026-04-13 02:03:09",https://wordpress.org/themes/newses/,6.6,7.4,2000
newspaperup,Newspaperup,1.7.0,1.6.9,https://downloads.wordpress.org/theme/newspaperup.1.7.0.zip,"2026-04-13 02:03:51",https://wordpress.org/themes/newspaperup/,6.7,7.4,1000
newsup,Newsup,5.3.4,5.3.3,https://downloads.wordpress.org/theme/newsup.5.3.4.zip,"2026-04-13 01:59:15",https://wordpress.org/themes/newsup/,6.7,7.4,10000
outdoor-camping,"Outdoor Camping",1.1.3,1.1.2,https://downloads.wordpress.org/theme/outdoor-camping.1.1.3.zip,"2026-04-13 03:33:08",https://wordpress.org/themes/outdoor-camping/,5.9,5.6,60
quantum-computing,"Quantum Computing",1.1.8,1.1.7,https://downloads.wordpress.org/theme/quantum-computing.1.1.8.zip,"2026-04-13 03:34:16",https://wordpress.org/themes/quantum-computing/,5.9,5.6,400
tech-software,"Tech Software",1.1.2,1.1.1,https://downloads.wordpress.org/theme/tech-software.1.1.2.zip,"2026-04-13 03:35:04",https://wordpress.org/themes/tech-software/,5.9,5.6,200
veterinary-dogcare,"Veterinary Dogcare",1.1.2,1.1.1,https://downloads.wordpress.org/theme/veterinary-dogcare.1.1.2.zip,"2026-04-13 03:35:51",https://wordpress.org/themes/veterinary-dogcare/,5.9,5.6,50
blogaura,BlogAura,1.0.6,1.0.5,https://downloads.wordpress.org/theme/blogaura.1.0.6.zip,"2026-04-13 05:54:51",https://wordpress.org/themes/blogaura/,5.9,5.6,100
blogsky,BlogSky,1.0.7,1.0.6,https://downloads.wordpress.org/theme/blogsky.1.0.7.zip,"2026-04-13 05:56:26",https://wordpress.org/themes/blogsky/,5.9,5.6,300
anavo,Anavo,3.3,3.2,https://downloads.wordpress.org/theme/anavo.3.3.zip,"2026-04-13 06:38:33",https://wordpress.org/themes/anavo/,4.7,5.6,30
avira,Avira,20.0,19.9,https://downloads.wordpress.org/theme/avira.20.0.zip,"2026-04-13 06:41:48",https://wordpress.org/themes/avira/,4.7,5.6,600
benzer,Benzer,20.0,19.9,https://downloads.wordpress.org/theme/benzer.20.0.zip,"2026-04-13 07:26:46",https://wordpress.org/themes/benzer/,4.7,5.6,800
centrum,Centrum,2.4,2.3,https://downloads.wordpress.org/theme/centrum.2.4.zip,"2026-04-13 07:27:45",https://wordpress.org/themes/centrum/,4.7,5.6,80
computer-repair-shop,"Computer Repair Shop",0.4.4,0.4.3,https://downloads.wordpress.org/theme/computer-repair-shop.0.4.4.zip,"2026-04-13 07:08:43",https://wordpress.org/themes/computer-repair-shop/,5.0,7.2,100
contry,Contry,3.0,2.9,https://downloads.wordpress.org/theme/contry.3.0.zip,"2026-04-13 07:35:45",https://wordpress.org/themes/contry/,4.7,5.6,20
elayne,Elayne,3.9.0,3.8.0,https://downloads.wordpress.org/theme/elayne.3.9.0.zip,"2026-04-13 06:35:10",https://wordpress.org/themes/elayne/,6.6,8.0,30
envitech,Envitech,11.5,11.4,https://downloads.wordpress.org/theme/envitech.11.5.zip,"2026-04-13 07:36:19",https://wordpress.org/themes/envitech/,,7.0,50
lz-interior-decor,"LZ Interior Decor",0.7.6,0.7.5,https://downloads.wordpress.org/theme/lz-interior-decor.0.7.6.zip,"2026-04-13 07:12:01",https://wordpress.org/themes/lz-interior-decor/,,7.2,60
movers-and-packers,"Movers and Packers",0.7.1,0.7.0,https://downloads.wordpress.org/theme/movers-and-packers.0.7.1.zip,"2026-04-13 07:09:49",https://wordpress.org/themes/movers-and-packers/,5.0,7.2,100
newsmachine,NewsMachine,1.0.7,1.0.6,https://downloads.wordpress.org/theme/newsmachine.1.0.7.zip,"2026-04-13 07:02:44",https://wordpress.org/themes/newsmachine/,5.9,5.6,100
newspare,NewSpare,4.0.1,4.0.0,https://downloads.wordpress.org/theme/newspare.4.0.1.zip,"2026-04-13 08:45:07",https://wordpress.org/themes/newspare/,5.0,5.0,200
urja-solar-energy,"Urja Solar Energy",0.7.8,0.7.7,https://downloads.wordpress.org/theme/urja-solar-energy.0.7.8.zip,"2026-04-13 07:12:40",https://wordpress.org/themes/urja-solar-energy/,5.0,7.2,200
vivah-royal-wedding,"Vivah Royal Wedding",0.7.7,0.7.6,https://downloads.wordpress.org/theme/vivah-royal-wedding.0.7.7.zip,"2026-04-13 07:11:22",https://wordpress.org/themes/vivah-royal-wedding/,,7.2,40
blacknews,BlackNews,1.1.30,1.1.29,https://downloads.wordpress.org/theme/blacknews.1.1.30.zip,"2026-04-13 09:50:24",https://wordpress.org/themes/blacknews/,4.0,5.0,600
broadnews,BroadNews,5.1.1,5.1.0,https://downloads.wordpress.org/theme/broadnews.5.1.1.zip,"2026-04-13 10:32:48",https://wordpress.org/themes/broadnews/,4.0,5.0,500
cake-bakery,"Cake Bakery",0.4.4,0.4.3,https://downloads.wordpress.org/theme/cake-bakery.0.4.4.zip,"2026-04-13 09:35:46",https://wordpress.org/themes/cake-bakery/,5.0,7.2,200
celebnews,CelebNews,1.1.29,1.1.28,https://downloads.wordpress.org/theme/celebnews.1.1.29.zip,"2026-04-13 09:50:48",https://wordpress.org/themes/celebnews/,4.0,5.0,1000
centralnews,CentralNews,2.1.28,2.1.27,https://downloads.wordpress.org/theme/centralnews.2.1.28.zip,"2026-04-13 09:51:19",https://wordpress.org/themes/centralnews/,4.0,5.0,2000
chromenews,ChromeNews,6.1.1,6.1.0,https://downloads.wordpress.org/theme/chromenews.6.1.1.zip,"2026-04-13 10:17:59",https://wordpress.org/themes/chromenews/,4.0,5.0,6000
corpnews,CorpNews,1.0.25,1.0.24,https://downloads.wordpress.org/theme/corpnews.1.0.25.zip,"2026-04-13 09:51:44",https://wordpress.org/themes/corpnews/,4.0,5.0,1000
covernews,CoverNews,6.1.1,6.1.0,https://downloads.wordpress.org/theme/covernews.6.1.1.zip,"2026-04-13 10:20:28",https://wordpress.org/themes/covernews/,4.0,5.0,7000
darknews,DarkNews,3.4.1,3.4.0,https://downloads.wordpress.org/theme/darknews.3.4.1.zip,"2026-04-13 10:32:06",https://wordpress.org/themes/darknews/,4.0,5.0,1000
elegant-magazine,"Elegant Magazine",4.4.1,4.4.0,https://downloads.wordpress.org/theme/elegant-magazine.4.4.1.zip,"2026-04-13 10:19:27",https://wordpress.org/themes/elegant-magazine/,4.0,5.0,1000
enternews,EnterNews,3.4.1,3.4.0,https://downloads.wordpress.org/theme/enternews.3.4.1.zip,"2026-04-13 10:21:33",https://wordpress.org/themes/enternews/,4.0,5.0,1000
exnova,Exnova,9.3,9.2,https://downloads.wordpress.org/theme/exnova.9.3.zip,"2026-04-13 09:28:08",https://wordpress.org/themes/exnova/,4.7,5.6,50
fabify,Fabify,20.0,19.9,https://downloads.wordpress.org/theme/fabify.20.0.zip,"2026-04-13 09:30:32",https://wordpress.org/themes/fabify/,4.7,5.6,800
fashion-estore,"Fashion Estore",0.9.2,0.9.1,https://downloads.wordpress.org/theme/fashion-estore.0.9.2.zip,"2026-04-13 10:55:48",https://wordpress.org/themes/fashion-estore/,5.0,7.2,200
fashion-photography,"Fashion Photography",1.1.3,1.1.2,https://downloads.wordpress.org/theme/fashion-photography.1.1.3.zip,"2026-04-13 10:55:02",https://wordpress.org/themes/fashion-photography/,5.0,7.2,100
flower-delivery-shop,"Flower Delivery Shop",0.5.4,0.5.3,https://downloads.wordpress.org/theme/flower-delivery-shop.0.5.4.zip,"2026-04-13 10:54:01",https://wordpress.org/themes/flower-delivery-shop/,5.0,7.2,30
gamernews,GamerNews,1.1.28,1.1.27,https://downloads.wordpress.org/theme/gamernews.1.1.28.zip,"2026-04-13 09:52:07",https://wordpress.org/themes/gamernews/,4.0,5.0,1000
general-news,"General News",1.1.28,1.1.27,https://downloads.wordpress.org/theme/general-news.1.1.28.zip,"2026-04-13 09:52:31",https://wordpress.org/themes/general-news/,4.0,5.0,1000
globalnews,GlobalNews,1.1.29,1.1.28,https://downloads.wordpress.org/theme/globalnews.1.1.29.zip,"2026-04-13 09:52:53",https://wordpress.org/themes/globalnews/,4.0,5.0,700
jolity-blog,"Jolity Blog",1.0.3,1.0.2,https://downloads.wordpress.org/theme/jolity-blog.1.0.3.zip,"2026-04-13 10:19:01",https://wordpress.org/themes/jolity-blog/,,5.6,70
magazine-7,"Magazine 7",3.3.1,3.3.0,https://downloads.wordpress.org/theme/magazine-7.3.3.1.zip,"2026-04-13 10:22:09",https://wordpress.org/themes/magazine-7/,4.0,5.0,700
magnitude,Magnitude,3.3.1,3.3.0,https://downloads.wordpress.org/theme/magnitude.3.3.1.zip,"2026-04-13 10:22:48",https://wordpress.org/themes/magnitude/,4.0,5.0,900
minimal-blog,"Minimal Blog",1.3.6,1.3.4,https://downloads.wordpress.org/theme/minimal-blog.1.3.6.zip,"2026-04-13 10:34:51",https://wordpress.org/themes/minimal-blog/,5.3,5.5,400
moreblog,MoreBlog,1.1.28,1.1.27,https://downloads.wordpress.org/theme/moreblog.1.1.28.zip,"2026-04-13 09:53:16",https://wordpress.org/themes/moreblog/,4.0,5.0,900
moremag,MoreMag,1.3.28,1.3.27,https://downloads.wordpress.org/theme/moremag.1.3.28.zip,"2026-04-13 09:53:40",https://wordpress.org/themes/moremag/,4.0,5.0,1000
morenews,MoreNews,3.9.8,3.9.7,https://downloads.wordpress.org/theme/morenews.3.9.8.zip,"2026-04-13 10:08:55",https://wordpress.org/themes/morenews/,4.0,5.0,6000
newscom,NewsCom,1.0.7,1.0.6,https://downloads.wordpress.org/theme/newscom.1.0.7.zip,"2026-04-13 09:54:03",https://wordpress.org/themes/newscom/,4.0,5.0,500
newscorp,NewsCorp,1.1.28,1.1.27,https://downloads.wordpress.org/theme/newscorp.1.1.28.zip,"2026-04-13 09:54:27",https://wordpress.org/themes/newscorp/,4.0,5.0,1000
newsday,NewsDay,1.1.28,1.1.27,https://downloads.wordpress.org/theme/newsday.1.1.28.zip,"2026-04-13 09:54:50",https://wordpress.org/themes/newsday/,4.0,5.0,900
newsever,Newsever,4.4.1,4.4.0,https://downloads.wordpress.org/theme/newsever.4.4.1.zip,"2026-04-13 10:23:26",https://wordpress.org/themes/newsever/,4.0,5.0,1000
newsgame,NewsGame,1.0.27,1.0.26,https://downloads.wordpress.org/theme/newsgame.1.0.27.zip,"2026-04-13 09:55:15",https://wordpress.org/themes/newsgame/,4.0,5.0,900
newsical,Newsical,1.1.29,1.1.28,https://downloads.wordpress.org/theme/newsical.1.1.29.zip,"2026-04-13 09:55:37",https://wordpress.org/themes/newsical/,4.0,5.0,500
newsium,Newsium,4.3.1,4.3.0,https://downloads.wordpress.org/theme/newsium.4.3.1.zip,"2026-04-13 10:24:11",https://wordpress.org/themes/newsium/,4.0,5.0,1000
newslight,NewsLight,1.1.28,1.1.27,https://downloads.wordpress.org/theme/newslight.1.1.28.zip,"2026-04-13 09:55:58",https://wordpress.org/themes/newslight/,4.0,5.0,1000
newsmore,NewsMore,1.3.29,1.3.28,https://downloads.wordpress.org/theme/newsmore.1.3.29.zip,"2026-04-13 09:56:22",https://wordpress.org/themes/newsmore/,4.0,5.0,1000
newsphere,Newsphere,4.5.1,4.5.0,https://downloads.wordpress.org/theme/newsphere.4.5.1.zip,"2026-04-13 10:24:58",https://wordpress.org/themes/newsphere/,4.0,5.0,2000
newsplace,NewsPlace,1.1.29,1.1.28,https://downloads.wordpress.org/theme/newsplace.1.1.29.zip,"2026-04-13 09:56:44",https://wordpress.org/themes/newsplace/,4.0,5.0,700
newsreview,NewsReview,1.0.13,1.0.12,https://downloads.wordpress.org/theme/newsreview.1.0.13.zip,"2026-04-13 09:57:08",https://wordpress.org/themes/newsreview/,4.0,5.0,900
nursery-school,"Nursery School",1.3.4,1.3.3,https://downloads.wordpress.org/theme/nursery-school.1.3.4.zip,"2026-04-13 09:31:48",https://wordpress.org/themes/nursery-school/,5.0,7.2,100
page-builder-framework,"Page Builder Framework",2.11.10,2.11.9,https://downloads.wordpress.org/theme/page-builder-framework.2.11.10.zip,"2026-04-13 10:17:19",https://wordpress.org/themes/page-builder-framework/,,5.6,10000
pass-max,"Pass Max",1.0.1,1.0.0,https://downloads.wordpress.org/theme/pass-max.1.0.1.zip,"2026-04-13 10:18:37",https://wordpress.org/themes/pass-max/,5.4,7.0,10
productive-business,"Productive Business",1.1.93,1.1.92,https://downloads.wordpress.org/theme/productive-business.1.1.93.zip,"2026-04-13 10:19:25",https://wordpress.org/themes/productive-business/,5.4,7.0,20
productive-ecommerce,"Productive eCommerce",1.1.93,1.1.92,https://downloads.wordpress.org/theme/productive-ecommerce.1.1.93.zip,"2026-04-13 10:20:06",https://wordpress.org/themes/productive-ecommerce/,5.4,7.0,70
reviewmag,ReviewMag,1.0.11,1.0.10,https://downloads.wordpress.org/theme/reviewmag.1.0.11.zip,"2026-04-13 09:57:32",https://wordpress.org/themes/reviewmag/,4.0,5.0,300
reviewnews,ReviewNews,1.4.5,1.4.4,https://downloads.wordpress.org/theme/reviewnews.1.4.5.zip,"2026-04-13 10:09:47",https://wordpress.org/themes/reviewnews/,4.0,5.0,1000
scolax,Scolax,19.1,19.0,https://downloads.wordpress.org/theme/scolax.19.1.zip,"2026-04-13 09:44:26",https://wordpress.org/themes/scolax/,4.7,5.6,90
shopical,Shopical,2.5.1,2.5.0,https://downloads.wordpress.org/theme/shopical.2.5.1.zip,"2026-04-13 10:25:39",https://wordpress.org/themes/shopical/,,5.0,400
sidenews,SideNews,1.1.28,1.1.27,https://downloads.wordpress.org/theme/sidenews.1.1.28.zip,"2026-04-13 09:57:57",https://wordpress.org/themes/sidenews/,4.0,5.0,400
specia,Specia,20.6,20.5,https://downloads.wordpress.org/theme/specia.20.6.zip,"2026-04-13 09:45:10",https://wordpress.org/themes/specia/,4.7,5.6,2000
stockist-mini,"Stockist Mini",1.1.93,1.1.92,https://downloads.wordpress.org/theme/stockist-mini.1.1.93.zip,"2026-04-13 10:21:14",https://wordpress.org/themes/stockist-mini/,5.4,7.0,10
stockist,Stockist,1.1.93,1.1.92,https://downloads.wordpress.org/theme/stockist.1.1.93.zip,"2026-04-13 10:20:46",https://wordpress.org/themes/stockist/,5.4,7.0,10
transact,Transact,1.1.93,1.1.92,https://downloads.wordpress.org/theme/transact.1.1.93.zip,"2026-04-13 10:21:39",https://wordpress.org/themes/transact/,5.4,7.0,10
zestoria,Zestoria,3.3,3.2,https://downloads.wordpress.org/theme/zestoria.3.3.zip,"2026-04-13 09:47:06",https://wordpress.org/themes/zestoria/,4.7,5.6,30
aromatic,Aromatic,26.5,26.4,https://downloads.wordpress.org/theme/aromatic.26.5.zip,"2026-04-13 11:20:37",https://wordpress.org/themes/aromatic/,4.7,5.6,100
automobile-repair-blocks,"Automobile Repair Blocks",4.1,4.0,https://downloads.wordpress.org/theme/automobile-repair-blocks.4.1.zip,"2026-04-13 11:45:21",https://wordpress.org/themes/automobile-repair-blocks/,6.1,5.6,200
ayroma,Ayroma,25.8,25.7,https://downloads.wordpress.org/theme/ayroma.25.8.zip,"2026-04-13 11:22:44",https://wordpress.org/themes/ayroma/,4.7,5.6,100
car-repair-blocks,"Car Repair Blocks",3.9,3.8,https://downloads.wordpress.org/theme/car-repair-blocks.3.9.zip,"2026-04-13 11:44:02",https://wordpress.org/themes/car-repair-blocks/,6.1,5.6,500
cl-classified,"CL Classified",2.0.4,2.0.3,https://downloads.wordpress.org/theme/cl-classified.2.0.4.zip,"2026-04-13 12:01:53",https://wordpress.org/themes/cl-classified/,5.5,7.4,800
clothing-store-blocks,"Clothing Store Blocks",4.1,4.0,https://downloads.wordpress.org/theme/clothing-store-blocks.4.1.zip,"2026-04-13 11:43:15",https://wordpress.org/themes/clothing-store-blocks/,6.1,5.6,200
cosmetic-ecommerce-store,"Cosmetic Ecommerce Store",1.8.9,1.8.8,https://downloads.wordpress.org/theme/cosmetic-ecommerce-store.1.8.9.zip,"2026-04-13 11:07:49",https://wordpress.org/themes/cosmetic-ecommerce-store/,5.0,7.2,100
daily-mart,"Daily Mart",4.8,4.7,https://downloads.wordpress.org/theme/daily-mart.4.8.zip,"2026-04-13 11:23:04",https://wordpress.org/themes/daily-mart/,,5.6,30
eauto-repair,"Eauto Repair",0.1.5,0.1.4,https://downloads.wordpress.org/theme/eauto-repair.0.1.5.zip,"2026-04-13 11:07:08",https://wordpress.org/themes/eauto-repair/,5.0,7.2,20
eco-nature-zone,"Eco Nature Zone",0.2.2,0.2.1,https://downloads.wordpress.org/theme/eco-nature-zone.0.2.2.zip,"2026-04-13 11:05:44",https://wordpress.org/themes/eco-nature-zone/,5.0,7.2,100
ecommerce-center,"Ecommerce Center",0.7.1,0.7,https://downloads.wordpress.org/theme/ecommerce-center.0.7.1.zip,"2026-04-13 11:04:58",https://wordpress.org/themes/ecommerce-center/,5.0,7.2,50
ecommerce-zone,"Ecommerce Zone",0.9.8,0.9.7,https://downloads.wordpress.org/theme/ecommerce-zone.0.9.8.zip,"2026-04-13 11:04:21",https://wordpress.org/themes/ecommerce-zone/,5.0,7.2,200
educational-blocks,"Educational Blocks",4.4,4.3,https://downloads.wordpress.org/theme/educational-blocks.4.4.zip,"2026-04-13 11:42:28",https://wordpress.org/themes/educational-blocks/,6.1,5.6,1000
electrical-home-gadget,"Electrical Home Gadget",0.9.6,0.9.5,https://downloads.wordpress.org/theme/electrical-home-gadget.0.9.6.zip,"2026-04-13 11:03:32",https://wordpress.org/themes/electrical-home-gadget/,,7.2,40
electromix-digital,"Electromix Digital",1.3,1.2,https://downloads.wordpress.org/theme/electromix-digital.1.3.zip,"2026-04-13 11:41:41",https://wordpress.org/themes/electromix-digital/,,5.6,20
electromix-tech,"Electromix Tech",1.2,1.1,https://downloads.wordpress.org/theme/electromix-tech.1.2.zip,"2026-04-13 11:41:10",https://wordpress.org/themes/electromix-tech/,,5.6,40
electromix,Electromix,1.9,1.8,https://downloads.wordpress.org/theme/electromix.1.9.zip,"2026-04-13 11:40:46",https://wordpress.org/themes/electromix/,4.7,5.6,90
electronics-appliances,"Electronics Appliances",2.0.7,2.0.6,https://downloads.wordpress.org/theme/electronics-appliances.2.0.7.zip,"2026-04-13 11:01:53",https://wordpress.org/themes/electronics-appliances/,5.0,7.2,40
estore-woocommerce,"Estore Woocommerce",1.5.7,1.5.6,https://downloads.wordpress.org/theme/estore-woocommerce.1.5.7.zip,"2026-04-13 11:00:43",https://wordpress.org/themes/estore-woocommerce/,5.0,7.2,400
event-conference,"Event Conference",0.5.2,0.5.1,https://downloads.wordpress.org/theme/event-conference.0.5.2.zip,"2026-04-13 10:59:32",https://wordpress.org/themes/event-conference/,5.0,7.2,50
event-dining-catering,"Event Dining Catering",0.1.6,0.1.5,https://downloads.wordpress.org/theme/event-dining-catering.0.1.6.zip,"2026-04-13 10:58:48",https://wordpress.org/themes/event-dining-catering/,5.0,7.2,30
express-store,"Express Store",21.9,21.8,https://downloads.wordpress.org/theme/express-store.21.9.zip,"2026-04-13 11:23:56",https://wordpress.org/themes/express-store/,,5.6,40
fashion-blogs,"Fashion Blogs",0.5.5,0.5.4,https://downloads.wordpress.org/theme/fashion-blogs.0.5.5.zip,"2026-04-13 10:57:59",https://wordpress.org/themes/fashion-blogs/,5.0,7.2,80
fashion-ecommerce-zone,"Fashion Ecommerce Zone",2.4.6,2.4.5,https://downloads.wordpress.org/theme/fashion-ecommerce-zone.2.4.6.zip,"2026-04-13 10:57:13",https://wordpress.org/themes/fashion-ecommerce-zone/,5.0,7.2,100
feauty,Feauty,25.7,25.6,https://downloads.wordpress.org/theme/feauty.25.7.zip,"2026-04-13 11:24:32",https://wordpress.org/themes/feauty/,4.7,5.6,100
flexi-mart,"Flexi Mart",12.9,12.8,https://downloads.wordpress.org/theme/flexi-mart.12.9.zip,"2026-04-13 11:25:12",https://wordpress.org/themes/flexi-mart/,,5.6,10
flossy,Flossy,18.3,18.2,https://downloads.wordpress.org/theme/flossy.18.3.zip,"2026-04-13 11:25:52",https://wordpress.org/themes/flossy/,4.7,5.6,40
flow-store,"Flow Store",14.0,13.9,https://downloads.wordpress.org/theme/flow-store.14.0.zip,"2026-04-13 11:26:14",https://wordpress.org/themes/flow-store/,,5.6,20
football-coach-club,"Football Coach Club",3.9,3.8,https://downloads.wordpress.org/theme/football-coach-club.3.9.zip,"2026-04-13 11:40:57",https://wordpress.org/themes/football-coach-club/,6.1,5.6,100
garden-lawn-care,"Garden Lawn Care",3.7,3.6,https://downloads.wordpress.org/theme/garden-lawn-care.3.7.zip,"2026-04-13 11:40:00",https://wordpress.org/themes/garden-lawn-care/,6.1,5.6,300
golf-country-club,"Golf Country Club",4.0,3.9,https://downloads.wordpress.org/theme/golf-country-club.4.0.zip,"2026-04-13 11:39:15",https://wordpress.org/themes/golf-country-club/,,5.6,50
grocerly,Grocerly,4.2,4.1,https://downloads.wordpress.org/theme/grocerly.4.2.zip,"2026-04-13 11:26:50",https://wordpress.org/themes/grocerly/,,5.6,80
hardware-tools-store,"Hardware Tools Store",3.5,3.4,https://downloads.wordpress.org/theme/hardware-tools-store.3.5.zip,"2026-04-13 11:38:24",https://wordpress.org/themes/hardware-tools-store/,6.1,5.6,200
medical-hospital-blocks,"Medical Hospital Blocks",3.6,3.5,https://downloads.wordpress.org/theme/medical-hospital-blocks.3.6.zip,"2026-04-13 11:37:38",https://wordpress.org/themes/medical-hospital-blocks/,6.1,5.6,100
mega-mart,"Mega Mart",4.5,4.4,https://downloads.wordpress.org/theme/mega-mart.4.5.zip,"2026-04-13 11:27:33",https://wordpress.org/themes/mega-mart/,4.7,5.6,60
nexter,Nexter,4.2.8,4.2.7,https://downloads.wordpress.org/theme/nexter.4.2.8.zip,"2026-04-13 11:17:19",https://wordpress.org/themes/nexter/,4.7,5.6,2000
paw-bazaar,"Paw Bazaar",9.7,9.6,https://downloads.wordpress.org/theme/paw-bazaar.9.7.zip,"2026-04-13 11:27:53",https://wordpress.org/themes/paw-bazaar/,,5.6,10
pet-bazaar,"Pet Bazaar",10.5,10.4,https://downloads.wordpress.org/theme/pet-bazaar.10.5.zip,"2026-04-13 11:28:25",https://wordpress.org/themes/pet-bazaar/,4.7,5.6,80
pet-store,"Pet Store",9.3,9.2,https://downloads.wordpress.org/theme/pet-store.9.3.zip,"2026-04-13 11:28:52",https://wordpress.org/themes/pet-store/,,5.6,80
retailsy,Retailsy,25.8,25.7,https://downloads.wordpress.org/theme/retailsy.25.8.zip,"2026-04-13 11:29:25",https://wordpress.org/themes/retailsy/,4.7,5.6,400
security-officer,"Security Officer",3.2,3.1,https://downloads.wordpress.org/theme/security-officer.3.2.zip,"2026-04-13 11:37:00",https://wordpress.org/themes/security-officer/,6.1,5.6,100
shopient,Shopient,25.7,25.6,https://downloads.wordpress.org/theme/shopient.25.7.zip,"2026-04-13 11:29:58",https://wordpress.org/themes/shopient/,4.7,5.6,1000
shopiva,Shopiva,25.7,25.6,https://downloads.wordpress.org/theme/shopiva.25.7.zip,"2026-04-13 11:30:26",https://wordpress.org/themes/shopiva/,4.7,5.6,200
shoply,Shoply,25.8,25.7,https://downloads.wordpress.org/theme/shoply.25.8.zip,"2026-04-13 11:30:49",https://wordpress.org/themes/shoply/,4.7,5.6,400
skating-routines,"Skating Routines",3.5,3.4,https://downloads.wordpress.org/theme/skating-routines.3.5.zip,"2026-04-13 11:36:17",https://wordpress.org/themes/skating-routines/,6.1,5.6,20
solar-power-energy,"Solar Power Energy",3.3,3.2,https://downloads.wordpress.org/theme/solar-power-energy.3.3.zip,"2026-04-13 11:35:34",https://wordpress.org/themes/solar-power-energy/,6.1,5.6,200
storefit,Storefit,20.4,20.3,https://downloads.wordpress.org/theme/storefit.20.4.zip,"2026-04-13 11:31:10",https://wordpress.org/themes/storefit/,,5.6,20
storely,Storely,26.3,26.2,https://downloads.wordpress.org/theme/storely.26.3.zip,"2026-04-13 11:31:41",https://wordpress.org/themes/storely/,4.7,5.6,1000
storess,Storess,25.7,25.6,https://downloads.wordpress.org/theme/storess.25.7.zip,"2026-04-13 11:32:10",https://wordpress.org/themes/storess/,4.7,5.6,300
storezia,Storezia,25.8,25.7,https://downloads.wordpress.org/theme/storezia.25.8.zip,"2026-04-13 11:32:33",https://wordpress.org/themes/storezia/,4.7,5.6,400
super-mart,"Super Mart",4.3,4.2,https://downloads.wordpress.org/theme/super-mart.4.3.zip,"2026-04-13 11:32:53",https://wordpress.org/themes/super-mart/,,5.6,40
tailor-suits,"Tailor Suits",3.4,3.3,https://downloads.wordpress.org/theme/tailor-suits.3.4.zip,"2026-04-13 11:34:14",https://wordpress.org/themes/tailor-suits/,6.1,5.6,60
travel-agent-blocks,"Travel Agent Blocks",3.4,3.3,https://downloads.wordpress.org/theme/travel-agent-blocks.3.4.zip,"2026-04-13 11:32:49",https://wordpress.org/themes/travel-agent-blocks/,6.1,5.6,200
water-sports-rental,"Water Sports Rental",3.3,3.2,https://downloads.wordpress.org/theme/water-sports-rental.3.3.zip,"2026-04-13 11:32:05",https://wordpress.org/themes/water-sports-rental/,6.1,5.6,200
accron,Accron,2.5.1,2.5.0,https://downloads.wordpress.org/theme/accron.2.5.1.zip,"2026-04-13 12:47:25",https://wordpress.org/themes/accron/,4.7,5.6,100
appointo,Appointo,17.8,17.7,https://downloads.wordpress.org/theme/appointo.17.8.zip,"2026-04-13 12:48:32",https://wordpress.org/themes/appointo/,4.7,5.6,400
avril,Avril,20.3,20.2,https://downloads.wordpress.org/theme/avril.20.3.zip,"2026-04-13 12:49:15",https://wordpress.org/themes/avril/,4.7,5.6,4000
biography,Biography,1.3.0,1.2.9,https://downloads.wordpress.org/theme/biography.1.3.0.zip,"2026-04-13 13:36:42",https://wordpress.org/themes/biography/,4.0,5.6,300
colorpress,ColorPress,18.2,18.1,https://downloads.wordpress.org/theme/colorpress.18.2.zip,"2026-04-13 12:49:50",https://wordpress.org/themes/colorpress/,4.7,5.6,1000
conceptly,Conceptly,20.9,20.8,https://downloads.wordpress.org/theme/conceptly.20.9.zip,"2026-04-13 12:50:54",https://wordpress.org/themes/conceptly/,4.7,5.6,1000
corpex,Corpex,13.9,13.8,https://downloads.wordpress.org/theme/corpex.13.9.zip,"2026-04-13 12:51:42",https://wordpress.org/themes/corpex/,4.7,5.6,100
eduvert,Eduvert,20.0,19.9,https://downloads.wordpress.org/theme/eduvert.20.0.zip,"2026-04-13 12:52:25",https://wordpress.org/themes/eduvert/,4.7,5.6,400
flavita,Flavita,18.4,18.3,https://downloads.wordpress.org/theme/flavita.18.4.zip,"2026-04-13 12:54:40",https://wordpress.org/themes/flavita/,4.7,5.6,2000
gradiant,Gradiant,20.8,20.7,https://downloads.wordpress.org/theme/gradiant.20.8.zip,"2026-04-13 12:55:25",https://wordpress.org/themes/gradiant/,4.7,5.6,2000
hantus,Hantus,21.0,20.9,https://downloads.wordpress.org/theme/hantus.21.0.zip,"2026-04-13 12:56:28",https://wordpress.org/themes/hantus/,4.7,5.6,1000
hello-commerce,"Hello Commerce",1.0.2,1.0.1,https://downloads.wordpress.org/theme/hello-commerce.1.0.2.zip,"2026-04-13 13:40:29",https://wordpress.org/themes/hello-commerce/,6.0,7.4,2000
medazin,Medazin,17.8,17.7,https://downloads.wordpress.org/theme/medazin.17.8.zip,"2026-04-13 12:57:55",https://wordpress.org/themes/medazin/,4.7,5.6,300
news-25,"News 25",2.8,2.7,https://downloads.wordpress.org/theme/news-25.2.8.zip,"2026-04-13 12:58:25",https://wordpress.org/themes/news-25/,4.7,5.6,200
nexcraft,NexCraft,12.6,12.5,https://downloads.wordpress.org/theme/nexcraft.12.6.zip,"2026-04-13 13:00:32",https://wordpress.org/themes/nexcraft/,4.7,5.6,90
shoppingcart,ShoppingCart,1.2.7,1.2.6,https://downloads.wordpress.org/theme/shoppingcart.1.2.7.zip,"2026-04-13 13:55:44",https://wordpress.org/themes/shoppingcart/,6.9,5.6,3000
startkit,StartKit,22.2,22.1,https://downloads.wordpress.org/theme/startkit.22.2.zip,"2026-04-13 13:01:10",https://wordpress.org/themes/startkit/,4.7,5.6,900
villapress,VillaPress,9.6,9.5,https://downloads.wordpress.org/theme/villapress.9.6.zip,"2026-04-13 13:01:35",https://wordpress.org/themes/villapress/,,7.0,100
webique,Webique,6.1,6.0,https://downloads.wordpress.org/theme/webique.6.1.zip,"2026-04-13 13:02:38",https://wordpress.org/themes/webique/,4.7,5.6,300
appointment-management,"Appointment Management",3.0,2.9,https://downloads.wordpress.org/theme/appointment-management.3.0.zip,"2026-04-13 14:42:22",https://wordpress.org/themes/appointment-management/,,7.4,30
aster-it-courses,"Aster IT Courses",2.4,2.3,https://downloads.wordpress.org/theme/aster-it-courses.2.4.zip,"2026-04-13 14:39:28",https://wordpress.org/themes/aster-it-courses/,,7.4,50
aster-travel-blog,"Aster Travel Blog",2.2,2.1,https://downloads.wordpress.org/theme/aster-travel-blog.2.2.zip,"2026-04-13 14:41:32",https://wordpress.org/themes/aster-travel-blog/,,7.4,100
bike-workshop,"Bike Workshop",2.2,2.1,https://downloads.wordpress.org/theme/bike-workshop.2.2.zip,"2026-04-13 14:40:14",https://wordpress.org/themes/bike-workshop/,,7.4,40
bridal-dresses,"Bridal Dresses",2.8,2.7,https://downloads.wordpress.org/theme/bridal-dresses.2.8.zip,"2026-04-13 14:38:36",https://wordpress.org/themes/bridal-dresses/,,7.4,80
docupress,DocuPress,1.5.3,1.5.2,https://downloads.wordpress.org/theme/docupress.1.5.3.zip,"2026-04-13 14:16:50",https://wordpress.org/themes/docupress/,,7.2,20
dog-house,"Dog House",1.5.7,1.5.6,https://downloads.wordpress.org/theme/dog-house.1.5.7.zip,"2026-04-13 14:20:55",https://wordpress.org/themes/dog-house/,,7.0,40
dogcare-hub,"Dogcare Hub",1.1.2,1.1.1,https://downloads.wordpress.org/theme/dogcare-hub.1.1.2.zip,"2026-04-13 14:18:55",https://wordpress.org/themes/dogcare-hub/,,7.0,70
eco-solar,"Eco Solar",1.4.7,1.4.6,https://downloads.wordpress.org/theme/eco-solar.1.4.7.zip,"2026-04-13 14:27:18",https://wordpress.org/themes/eco-solar/,,7.0,20
electrical-repair,"Electrical Repair",2.5,2.4,https://downloads.wordpress.org/theme/electrical-repair.2.5.zip,"2026-04-13 14:37:54",https://wordpress.org/themes/electrical-repair/,,7.4,20
estate-vista,"Estate Vista",1.5.0,1.4.9,https://downloads.wordpress.org/theme/estate-vista.1.5.0.zip,"2026-04-13 14:29:55",https://wordpress.org/themes/estate-vista/,,7.0,20
everafter-wedding,"Everafter Wedding",1.4.2,1.4.1,https://downloads.wordpress.org/theme/everafter-wedding.1.4.2.zip,"2026-04-13 14:31:48",https://wordpress.org/themes/everafter-wedding/,,7.0,30
flora-flowershop,"Flora Flowershop",1.3.8,1.3.7,https://downloads.wordpress.org/theme/flora-flowershop.1.3.8.zip,"2026-04-13 14:45:25",https://wordpress.org/themes/flora-flowershop/,,7.0,30
gardening-landscape-aura,"Gardening Landscape Aura",1.4.9,1.4.8,https://downloads.wordpress.org/theme/gardening-landscape-aura.1.4.9.zip,"2026-04-13 14:48:13",https://wordpress.org/themes/gardening-landscape-aura/,,7.0,30
glam-hair-salon,"Glam Hair Salon",1.2.5,1.2.4,https://downloads.wordpress.org/theme/glam-hair-salon.1.2.5.zip,"2026-04-13 14:49:40",https://wordpress.org/themes/glam-hair-salon/,,7.0,40
glimpse-blog,"Glimpse Blog",1.2.1,1.2.0,https://downloads.wordpress.org/theme/glimpse-blog.1.2.1.zip,"2026-04-13 14:51:19",https://wordpress.org/themes/glimpse-blog/,,7.0,100
home-decor-blog,"Home Decor Blog",1.4.4,1.4.3,https://downloads.wordpress.org/theme/home-decor-blog.1.4.4.zip,"2026-04-13 14:57:16",https://wordpress.org/themes/home-decor-blog/,,7.0,50
lawyer-consultant-firm,"Lawyer Consultant Firm",1.8,1.7,https://downloads.wordpress.org/theme/lawyer-consultant-firm.1.8.zip,"2026-04-13 14:43:55",https://wordpress.org/themes/lawyer-consultant-firm/,,7.4,60
legal-justice,"Legal Justice",1.1.9,1.1.8,https://downloads.wordpress.org/theme/legal-justice.1.1.9.zip,"2026-04-13 14:59:53",https://wordpress.org/themes/legal-justice/,,7.0,40
lifeline-hospital,"Lifeline Hospital",1.1.2,1.1.1,https://downloads.wordpress.org/theme/lifeline-hospital.1.1.2.zip,"2026-04-13 15:03:51",https://wordpress.org/themes/lifeline-hospital/,,7.0,40
logistics-express,"Logistics Express",1.2.0,1.0.9,https://downloads.wordpress.org/theme/logistics-express.1.2.0.zip,"2026-04-13 15:24:19",https://wordpress.org/themes/logistics-express/,,7.0,30
online-school-courses,"Online School Courses",2.2,2.1,https://downloads.wordpress.org/theme/online-school-courses.2.2.zip,"2026-04-13 14:43:08",https://wordpress.org/themes/online-school-courses/,,7.4,80
plumbing-handyman,"Plumbing Handyman",1.5,1.4,https://downloads.wordpress.org/theme/plumbing-handyman.1.5.zip,"2026-04-13 14:46:50",https://wordpress.org/themes/plumbing-handyman/,,7.4,30
property-dealer,"Property Dealer",1.6,1.5,https://downloads.wordpress.org/theme/property-dealer.1.6.zip,"2026-04-13 14:46:10",https://wordpress.org/themes/property-dealer/,,7.4,40
restaurant-brunch,"Restaurant Brunch",2.4,2.3,https://downloads.wordpress.org/theme/restaurant-brunch.2.4.zip,"2026-04-13 14:44:37",https://wordpress.org/themes/restaurant-brunch/,,7.4,80
yoga-fitness-studio,"Yoga Fitness Studio",1.2,1.1,https://downloads.wordpress.org/theme/yoga-fitness-studio.1.2.zip,"2026-04-13 14:45:21",https://wordpress.org/themes/yoga-fitness-studio/,,7.2,0
advance-blog,"Advance Blog",1.3.3,1.3.2,https://downloads.wordpress.org/theme/advance-blog.1.3.3.zip,"2026-04-13 16:37:22",https://wordpress.org/themes/advance-blog/,5.3,5.5,200
cooking-master,"Cooking Master",0.2.2,0.2,https://downloads.wordpress.org/theme/cooking-master.0.2.2.zip,"2026-04-13 16:18:56",https://wordpress.org/themes/cooking-master/,,5.6,30
retro-blog,"Retro Blog",1.3.0,1.2.9,https://downloads.wordpress.org/theme/retro-blog.1.3.0.zip,"2026-04-13 16:36:00",https://wordpress.org/themes/retro-blog/,5.3,5.5,100
star-hotel,"Star Hotel",0.2.7,0.2.6,https://downloads.wordpress.org/theme/star-hotel.0.2.7.zip,"2026-04-13 16:18:08",https://wordpress.org/themes/star-hotel/,,5.6,50
starter-blog,"Starter Blog",2.1.4,2.1.3,https://downloads.wordpress.org/theme/starter-blog.2.1.4.zip,"2026-04-13 16:12:15",https://wordpress.org/themes/starter-blog/,,7.4,200
agriculture-farm-lite,"Agriculture Farm Lite",3.3.2,3.3.1,https://downloads.wordpress.org/theme/agriculture-farm-lite.3.3.2.zip,"2026-04-13 18:43:26",https://wordpress.org/themes/agriculture-farm-lite/,5.3,5.6,80
air-ticket-booking,"Air Ticket Booking",1.0.2,1.0.1,https://downloads.wordpress.org/theme/air-ticket-booking.1.0.2.zip,"2026-04-13 18:59:33",https://wordpress.org/themes/air-ticket-booking/,5.3,5.6,10
beauty-parlour-salon,"Beauty Parlour Salon",3.3.2,3.3.1,https://downloads.wordpress.org/theme/beauty-parlour-salon.3.3.2.zip,"2026-04-13 18:42:28",https://wordpress.org/themes/beauty-parlour-salon/,5.5,7.2,60
board-games,"Board Games",1.1.6,1.1.5,https://downloads.wordpress.org/theme/board-games.1.1.6.zip,"2026-04-13 18:41:05",https://wordpress.org/themes/board-games/,5.5,7.2,100
boat-rental,"Boat Rental",1.1.3,1.1.2,https://downloads.wordpress.org/theme/boat-rental.1.1.3.zip,"2026-04-13 18:58:35",https://wordpress.org/themes/boat-rental/,5.3,5.6,60
cargo-and-shipping-company,"Cargo And Shipping Company",1.1.1,1.1.0,https://downloads.wordpress.org/theme/cargo-and-shipping-company.1.1.1.zip,"2026-04-13 18:53:00",https://wordpress.org/themes/cargo-and-shipping-company/,5.5,7.2,70
clothing-store-lite,"Clothing Store Lite",1.0.8,1.0.7,https://downloads.wordpress.org/theme/clothing-store-lite.1.0.8.zip,"2026-04-13 18:54:31",https://wordpress.org/themes/clothing-store-lite/,5.3,5.6,100
cv-resume-portfolio,"CV Resume Portfolio",1.0.7,1.0.6,https://downloads.wordpress.org/theme/cv-resume-portfolio.1.0.7.zip,"2026-04-13 18:52:04",https://wordpress.org/themes/cv-resume-portfolio/,5.3,5.6,100
fishery-services,"Fishery Services",1.0.9,1.0.8,https://downloads.wordpress.org/theme/fishery-services.1.0.9.zip,"2026-04-13 18:53:54",https://wordpress.org/themes/fishery-services/,5.3,5.6,20
maintenance-works,"Maintenance Works",1.0.4,1.0.3,https://downloads.wordpress.org/theme/maintenance-works.1.0.4.zip,"2026-04-13 18:50:24",https://wordpress.org/themes/maintenance-works/,5.3,7.2,30
online-clothing-store,"Online clothing store",1.1.0,1.0.9,https://downloads.wordpress.org/theme/online-clothing-store.1.1.0.zip,"2026-04-13 18:48:36",https://wordpress.org/themes/online-clothing-store/,5.3,5.6,100
online-learning-lms,"Online Learning LMS",1.1.0,1.0.9,https://downloads.wordpress.org/theme/online-learning-lms.1.1.0.zip,"2026-04-13 18:49:30",https://wordpress.org/themes/online-learning-lms/,5.5,7.2,80
promptless,Promptless,1.0.8,1.0.7,https://downloads.wordpress.org/theme/promptless.1.0.8.zip,"2026-04-13 18:33:18",https://wordpress.org/themes/promptless/,6.0,7.4,30
responsive-landing-page,"Responsive Landing Page",1.0.6,1.0.5,https://downloads.wordpress.org/theme/responsive-landing-page.1.0.6.zip,"2026-04-13 18:44:22",https://wordpress.org/themes/responsive-landing-page/,5.3,5.6,20
spa-parlor,"Spa Parlor",1.0.2,1.0.1,https://downloads.wordpress.org/theme/spa-parlor.1.0.2.zip,"2026-04-13 18:45:47",https://wordpress.org/themes/spa-parlor/,5.3,5.6,10
vacation-rental-booking,"Vacation Rental Booking",1.1.4,1.1.3,https://downloads.wordpress.org/theme/vacation-rental-booking.1.1.4.zip,"2026-04-13 18:46:48",https://wordpress.org/themes/vacation-rental-booking/,5.3,7.2,100
pawfect,Pawfect,1.1.0,1.0.9,https://downloads.wordpress.org/theme/pawfect.1.1.0.zip,"2026-04-13 21:09:46",https://wordpress.org/themes/pawfect/,5.0,7.4,10
coffee-shop-bistro,"Coffee Shop Bistro",1.1.9,1.1.8,https://downloads.wordpress.org/theme/coffee-shop-bistro.1.1.9.zip,"2026-04-14 03:36:20",https://wordpress.org/themes/coffee-shop-bistro/,5.9,5.6,60
exercise-workout-studio,"Exercise Workout Studio",1.0.4,1.0.3,https://downloads.wordpress.org/theme/exercise-workout-studio.1.0.4.zip,"2026-04-14 03:37:29",https://wordpress.org/themes/exercise-workout-studio/,5.9,5.6,50
fse-dental-clinic,"FSE Dental Clinic",1.1.0,1.0.9,https://downloads.wordpress.org/theme/fse-dental-clinic.1.1.0.zip,"2026-04-14 03:33:31",https://wordpress.org/themes/fse-dental-clinic/,5.9,5.6,100
fse-personal-blog,"FSE Personal Blog",1.1.1,1.1.0,https://downloads.wordpress.org/theme/fse-personal-blog.1.1.1.zip,"2026-04-14 03:35:08",https://wordpress.org/themes/fse-personal-blog/,5.9,5.6,100
aari,Aari,4.0.0,3.0.3,https://downloads.wordpress.org/theme/aari.4.0.0.zip,"2026-04-14 06:32:46",https://wordpress.org/themes/aari/,,7.0,100
aster-portfolio,"Aster Portfolio",1.6,1.5,https://downloads.wordpress.org/theme/aster-portfolio.1.6.zip,"2026-04-14 07:34:07",https://wordpress.org/themes/aster-portfolio/,,7.4,70
aster-real-estate,"Aster Real Estate",2.1,1.9,https://downloads.wordpress.org/theme/aster-real-estate.2.1.zip,"2026-04-14 07:23:10",https://wordpress.org/themes/aster-real-estate/,,7.4,70
chalak-driving-school,"Chalak Driving School",0.6.9,0.6.8,https://downloads.wordpress.org/theme/chalak-driving-school.0.6.9.zip,"2026-04-14 06:43:20",https://wordpress.org/themes/chalak-driving-school/,,7.2,100
charitable-funds,"Charitable Funds",1.8,1.6,https://downloads.wordpress.org/theme/charitable-funds.1.8.zip,"2026-04-14 07:24:09",https://wordpress.org/themes/charitable-funds/,,7.4,30
coffee-espresso,"Coffee Espresso",1.2,1.1,https://downloads.wordpress.org/theme/coffee-espresso.1.2.zip,"2026-04-14 07:35:37",https://wordpress.org/themes/coffee-espresso/,,7.4,10
freelancer-resume,"Freelancer Resume",16.0,15.0,https://downloads.wordpress.org/theme/freelancer-resume.16.0.zip,"2026-04-14 06:50:00",https://wordpress.org/themes/freelancer-resume/,,7.4,10
interior-services,"Interior Services",1.5,1.3,https://downloads.wordpress.org/theme/interior-services.1.5.zip,"2026-04-14 07:25:23",https://wordpress.org/themes/interior-services/,,7.4,30
jeweler-shop,"Jeweler Shop",2.3,2.1,https://downloads.wordpress.org/theme/jeweler-shop.2.3.zip,"2026-04-14 07:21:23",https://wordpress.org/themes/jeweler-shop/,,7.4,50
jewelry-accessories,"Jewelry Accessories",1.9,1.7,https://downloads.wordpress.org/theme/jewelry-accessories.1.9.zip,"2026-04-14 07:22:11",https://wordpress.org/themes/jewelry-accessories/,,7.4,50
lawyer-consultant-firm,"Lawyer Consultant Firm",1.9,1.8,https://downloads.wordpress.org/theme/lawyer-consultant-firm.1.9.zip,"2026-04-14 07:26:43",https://wordpress.org/themes/lawyer-consultant-firm/,,7.4,60
lz-charity-welfare,"LZ Charity Welfare",0.6.7,0.6.6,https://downloads.wordpress.org/theme/lz-charity-welfare.0.6.7.zip,"2026-04-14 06:33:10",https://wordpress.org/themes/lz-charity-welfare/,,7.2,40
lz-fashion-ecommerce,"LZ Fashion Ecommerce",0.7.7,0.7.6,https://downloads.wordpress.org/theme/lz-fashion-ecommerce.0.7.7.zip,"2026-04-14 06:42:39",https://wordpress.org/themes/lz-fashion-ecommerce/,,7.2,50
online-school-courses,"Online School Courses",2.3,2.2,https://downloads.wordpress.org/theme/online-school-courses.2.3.zip,"2026-04-14 07:29:31",https://wordpress.org/themes/online-school-courses/,,7.4,80
plumbing-handyman,"Plumbing Handyman",1.6,1.5,https://downloads.wordpress.org/theme/plumbing-handyman.1.6.zip,"2026-04-14 07:30:13",https://wordpress.org/themes/plumbing-handyman/,,7.4,30
product-industry,"Product Industry",0.4.1,0.4.0,https://downloads.wordpress.org/theme/product-industry.0.4.1.zip,"2026-04-14 06:32:22",https://wordpress.org/themes/product-industry/,5.0,7.2,200
property-dealer,"Property Dealer",1.7,1.6,https://downloads.wordpress.org/theme/property-dealer.1.7.zip,"2026-04-14 07:31:05",https://wordpress.org/themes/property-dealer/,,7.4,40
refrigerator-repair,"Refrigerator Repair",0.4.3,0.4.2,https://downloads.wordpress.org/theme/refrigerator-repair.0.4.3.zip,"2026-04-14 06:31:15",https://wordpress.org/themes/refrigerator-repair/,5.0,7.2,60
yoga-fitness-studio,"Yoga Fitness Studio",1.3,1.2,https://downloads.wordpress.org/theme/yoga-fitness-studio.1.3.zip,"2026-04-14 07:31:59",https://wordpress.org/themes/yoga-fitness-studio/,,7.2,0
anamio,Anamio,19.1,19.0,https://downloads.wordpress.org/theme/anamio.19.1.zip,"2026-04-14 09:12:33",https://wordpress.org/themes/anamio/,4.7,5.6,30
anexa,Anexa,1.1.23,1.1.22,https://downloads.wordpress.org/theme/anexa.1.1.23.zip,"2026-04-14 08:07:19",https://wordpress.org/themes/anexa/,,5.6,80
appetizer,Appetizer,1.1.24,1.1.23,https://downloads.wordpress.org/theme/appetizer.1.1.24.zip,"2026-04-14 08:10:58",https://wordpress.org/themes/appetizer/,,5.6,600
astrocare,Astrocare,1.0.15,1.0.14,https://downloads.wordpress.org/theme/astrocare.1.0.15.zip,"2026-04-14 08:12:54",https://wordpress.org/themes/astrocare/,,5.6,200
bakery-patisserie-shop,"Bakery Patisserie Shop",2.0,1.8,https://downloads.wordpress.org/theme/bakery-patisserie-shop.2.0.zip,"2026-04-14 08:51:04",https://wordpress.org/themes/bakery-patisserie-shop/,5.0,5.6,100
burgertech,Burgertech,1.27,1.26,https://downloads.wordpress.org/theme/burgertech.1.27.zip,"2026-04-14 08:14:23",https://wordpress.org/themes/burgertech/,,5.6,80
corapress,CoraPress,1.16,1.15,https://downloads.wordpress.org/theme/corapress.1.16.zip,"2026-04-14 08:16:14",https://wordpress.org/themes/corapress/,,5.6,10
cozibee,CoziBee,1.0.29,1.0.28,https://downloads.wordpress.org/theme/cozibee.1.0.29.zip,"2026-04-14 08:21:37",https://wordpress.org/themes/cozibee/,,5.6,100
cozigo,Cozigo,1.0.21,1.0.20,https://downloads.wordpress.org/theme/cozigo.1.0.21.zip,"2026-04-14 08:23:34",https://wordpress.org/themes/cozigo/,,5.6,20
coziplus,CoziPlus,1.0.32,1.0.31,https://downloads.wordpress.org/theme/coziplus.1.0.32.zip,"2026-04-14 08:24:42",https://wordpress.org/themes/coziplus/,,5.6,100
cozipress,CoziPress,1.0.46,1.0.45,https://downloads.wordpress.org/theme/cozipress.1.0.46.zip,"2026-04-14 08:26:58",https://wordpress.org/themes/cozipress/,,5.6,900
coziweb,CoziWeb,1.0.32,1.0.31,https://downloads.wordpress.org/theme/coziweb.1.0.32.zip,"2026-04-14 08:28:07",https://wordpress.org/themes/coziweb/,,5.6,200
crowdfunding-nonprofit,"Crowdfunding Nonprofit",1.9,1.8,https://downloads.wordpress.org/theme/crowdfunding-nonprofit.1.9.zip,"2026-04-14 08:51:58",https://wordpress.org/themes/crowdfunding-nonprofit/,5.0,5.6,20
crowl,Crowl,1.0.31,1.0.30,https://downloads.wordpress.org/theme/crowl.1.0.31.zip,"2026-04-14 08:29:32",https://wordpress.org/themes/crowl/,,5.6,100
daizy,Daizy,17.9,17.8,https://downloads.wordpress.org/theme/daizy.17.9.zip,"2026-04-14 09:12:52",https://wordpress.org/themes/daizy/,4.7,5.6,100
decorme,DecorMe,1.0.33,1.0.32,https://downloads.wordpress.org/theme/decorme.1.0.33.zip,"2026-04-14 08:31:59",https://wordpress.org/themes/decorme/,,5.6,100
digipress,DigiPress,1.0.29,1.0.28,https://downloads.wordpress.org/theme/digipress.1.0.29.zip,"2026-04-14 08:34:40",https://wordpress.org/themes/digipress/,,5.6,80
estate-brokerage-services,"Estate Brokerage Services",1.5,1.4,https://downloads.wordpress.org/theme/estate-brokerage-services.1.5.zip,"2026-04-14 08:53:17",https://wordpress.org/themes/estate-brokerage-services/,5.0,5.6,30
ferio,Ferio,10.9,10.8,https://downloads.wordpress.org/theme/ferio.10.9.zip,"2026-04-14 09:21:18",https://wordpress.org/themes/ferio/,4.7,5.6,30
fitness-exercise-hub,"Fitness Exercise Hub",5.8,5.7,https://downloads.wordpress.org/theme/fitness-exercise-hub.5.8.zip,"2026-04-14 08:54:05",https://wordpress.org/themes/fitness-exercise-hub/,5.0,5.6,600
fm-radio-station,"FM Radio Station",1.8,1.7,https://downloads.wordpress.org/theme/fm-radio-station.1.8.zip,"2026-04-14 08:49:54",https://wordpress.org/themes/fm-radio-station/,5.0,5.6,80
gamers-hub,"Gamers Hub",4.7,4.6,https://downloads.wordpress.org/theme/gamers-hub.4.7.zip,"2026-04-14 08:48:24",https://wordpress.org/themes/gamers-hub/,5.0,5.6,200
golf-course,"Golf Course",2.9,2.8,https://downloads.wordpress.org/theme/golf-course.2.9.zip,"2026-04-14 08:47:03",https://wordpress.org/themes/golf-course/,5.0,5.6,90
gruj,Gruj,19.0,18.9,https://downloads.wordpress.org/theme/gruj.19.0.zip,"2026-04-14 09:21:52",https://wordpress.org/themes/gruj/,4.7,5.6,30
hotel-galaxy,"Hotel Galaxy",4.4.41,4.4.40,https://downloads.wordpress.org/theme/hotel-galaxy.4.4.41.zip,"2026-04-14 08:39:15",https://wordpress.org/themes/hotel-galaxy/,5.0,7.2,700
hotelpress,HotelPress,1.15,1.14,https://downloads.wordpress.org/theme/hotelpress.1.15.zip,"2026-04-14 08:43:31",https://wordpress.org/themes/hotelpress/,,5.6,100
hr-services,"HR Services",1.6,1.5,https://downloads.wordpress.org/theme/hr-services.1.6.zip,"2026-04-14 08:46:08",https://wordpress.org/themes/hr-services/,5.0,5.6,40
interio,Interio,1.15,1.14,https://downloads.wordpress.org/theme/interio.1.15.zip,"2026-04-14 08:50:21",https://wordpress.org/themes/interio/,,5.6,100
itpress,ITpress,1.0.46,1.0.45,https://downloads.wordpress.org/theme/itpress.1.0.46.zip,"2026-04-14 09:02:53",https://wordpress.org/themes/itpress/,,5.6,400
kitepress,KitePress,1.1.23,1.1.22,https://downloads.wordpress.org/theme/kitepress.1.1.23.zip,"2026-04-14 09:06:33",https://wordpress.org/themes/kitepress/,,5.6,50
kundoo,Kundoo,1.16,1.15,https://downloads.wordpress.org/theme/kundoo.1.16.zip,"2026-04-14 09:08:40",https://wordpress.org/themes/kundoo/,,5.6,40
maxtech,Maxtech,1.16,1.15,https://downloads.wordpress.org/theme/maxtech.1.16.zip,"2026-04-14 09:27:42",https://wordpress.org/themes/maxtech/,,5.6,60
modern-furniture-store,"Modern Furniture Store",3.6,3.5,https://downloads.wordpress.org/theme/modern-furniture-store.3.6.zip,"2026-04-14 08:45:06",https://wordpress.org/themes/modern-furniture-store/,5.0,5.6,50
multipurpose-sports-club,"Multipurpose Sports Club",2.0,1.9,https://downloads.wordpress.org/theme/multipurpose-sports-club.2.0.zip,"2026-04-14 08:44:02",https://wordpress.org/themes/multipurpose-sports-club/,5.0,5.6,100
ngo-organization,"NGO Organization",3.0,2.9,https://downloads.wordpress.org/theme/ngo-organization.3.0.zip,"2026-04-14 08:43:04",https://wordpress.org/themes/ngo-organization/,5.0,5.6,200
numerology,Numerology,1.0.10,1.0.9,https://downloads.wordpress.org/theme/numerology.1.0.10.zip,"2026-04-14 09:29:20",https://wordpress.org/themes/numerology/,,8.2.4,40
online-education-lms,"Online Education LMS",1.9,1.8,https://downloads.wordpress.org/theme/online-education-lms.1.9.zip,"2026-04-14 08:42:00",https://wordpress.org/themes/online-education-lms/,5.0,5.6,100
online-startup-agency,"Online Startup Agency",2.1,2.0,https://downloads.wordpress.org/theme/online-startup-agency.2.1.zip,"2026-04-14 08:41:07",https://wordpress.org/themes/online-startup-agency/,5.0,5.6,30
owlpress,OwlPress,1.0.33,1.0.32,https://downloads.wordpress.org/theme/owlpress.1.0.33.zip,"2026-04-14 09:31:19",https://wordpress.org/themes/owlpress/,,5.6,400
rasam,Rasam,1.0.30,1.0.29,https://downloads.wordpress.org/theme/rasam.1.0.30.zip,"2026-04-14 09:39:30",https://wordpress.org/themes/rasam/,,5.6,400
seokart,SeoKart,1.0.38,1.0.37,https://downloads.wordpress.org/theme/seokart.1.0.38.zip,"2026-04-14 09:42:57",https://wordpress.org/themes/seokart/,,5.6,200
setto,Setto,1.0.32,1.0.31,https://downloads.wordpress.org/theme/setto.1.0.32.zip,"2026-04-14 09:48:29",https://wordpress.org/themes/setto/,,5.6,200
shopping-cart-woocommerce,"Shopping Cart Woocommerce",5.3,5.2,https://downloads.wordpress.org/theme/shopping-cart-woocommerce.5.3.zip,"2026-04-14 08:40:01",https://wordpress.org/themes/shopping-cart-woocommerce/,5.0,5.6,200
soga,Soga,18.6,18.5,https://downloads.wordpress.org/theme/soga.18.6.zip,"2026-04-14 09:22:15",https://wordpress.org/themes/soga/,4.7,5.6,50
spera,Spera,19.0,18.9,https://downloads.wordpress.org/theme/spera.19.0.zip,"2026-04-14 09:22:36",https://wordpress.org/themes/spera/,4.7,5.6,100
advancea,Advancea,1.0.40,1.0.39,https://downloads.wordpress.org/theme/advancea.1.0.40.zip,"2026-04-14 11:13:02",https://wordpress.org/themes/advancea/,4.7,5.6,200
anynews,AnyNews,1.0.34,1.0.33,https://downloads.wordpress.org/theme/anynews.1.0.34.zip,"2026-04-14 11:06:01",https://wordpress.org/themes/anynews/,4.7,7.0,800
avanta,Avanta,1.0.37,1.0.36,https://downloads.wordpress.org/theme/avanta.1.0.37.zip,"2026-04-14 11:13:30",https://wordpress.org/themes/avanta/,4.7,5.6,400
business-startup-expert,"Business Startup Expert",2.8,2.6,https://downloads.wordpress.org/theme/business-startup-expert.2.8.zip,"2026-04-14 10:43:11",https://wordpress.org/themes/business-startup-expert/,,7.2,20
cafe-coffee-charm,"Cafe Coffee Charm",0.9,0.8.0,https://downloads.wordpress.org/theme/cafe-coffee-charm.0.9.zip,"2026-04-14 10:49:59",https://wordpress.org/themes/cafe-coffee-charm/,,7.2,80
chromax,Chromax,1.0.33,1.0.32,https://downloads.wordpress.org/theme/chromax.1.0.33.zip,"2026-04-14 11:15:14",https://wordpress.org/themes/chromax/,4.7,5.6,800
chromica,Chromica,1.0.19,1.0.18,https://downloads.wordpress.org/theme/chromica.1.0.19.zip,"2026-04-14 11:16:11",https://wordpress.org/themes/chromica/,4.7,5.6,600
chrowix,Chrowix,1.0.25,1.0.24,https://downloads.wordpress.org/theme/chrowix.1.0.25.zip,"2026-04-14 11:15:42",https://wordpress.org/themes/chrowix/,4.7,5.6,200
corpiva,Corpiva,1.1.5,1.1.4,https://downloads.wordpress.org/theme/corpiva.1.1.5.zip,"2026-04-14 11:11:32",https://wordpress.org/themes/corpiva/,4.7,5.6,2000
corvia,Corvia,1.0.69,1.0.68,https://downloads.wordpress.org/theme/corvia.1.0.69.zip,"2026-04-14 11:12:34",https://wordpress.org/themes/corvia/,4.7,5.6,200
corvine,Corvine,1.0.31,1.0.30,https://downloads.wordpress.org/theme/corvine.1.0.31.zip,"2026-04-14 11:13:59",https://wordpress.org/themes/corvine/,4.7,5.6,200
corvita,Corvita,1.0.79,1.0.78,https://downloads.wordpress.org/theme/corvita.1.0.79.zip,"2026-04-14 11:12:01",https://wordpress.org/themes/corvita/,4.7,5.6,600
corvix,Corvix,0.5,0.4,https://downloads.wordpress.org/theme/corvix.0.5.zip,"2026-04-14 11:16:38",https://wordpress.org/themes/corvix/,4.7,5.6,50
coviant,Coviant,0.8,0.7,https://downloads.wordpress.org/theme/coviant.0.8.zip,"2026-04-14 11:14:29",https://wordpress.org/themes/coviant/,4.7,5.6,100
daystory,DayStory,1.1.25,1.1.24,https://downloads.wordpress.org/theme/daystory.1.1.25.zip,"2026-04-14 11:04:34",https://wordpress.org/themes/daystory/,4.7,7.0,100
expert-author,"Expert Author",11.7,11.6,https://downloads.wordpress.org/theme/expert-author.11.7.zip,"2026-04-14 10:41:02",https://wordpress.org/themes/expert-author/,,7.2,40
expert-business-advisor,"Expert Business Advisor",3.3,3.2,https://downloads.wordpress.org/theme/expert-business-advisor.3.3.zip,"2026-04-14 10:44:05",https://wordpress.org/themes/expert-business-advisor/,,7.2,60
expert-carpenter-shop,"Expert Carpenter Shop",1.9,1.8.9,https://downloads.wordpress.org/theme/expert-carpenter-shop.1.9.zip,"2026-04-14 10:44:41",https://wordpress.org/themes/expert-carpenter-shop/,,7.2,30
expert-hotel-booking,"Expert Hotel Booking",4.3,4.2,https://downloads.wordpress.org/theme/expert-hotel-booking.4.3.zip,"2026-04-14 10:47:50",https://wordpress.org/themes/expert-hotel-booking/,,7.2,60
green-grocer,"Green Grocer",0.8,0.7,https://downloads.wordpress.org/theme/green-grocer.0.8.zip,"2026-04-14 10:46:05",https://wordpress.org/themes/green-grocer/,,7.2,80
laundry-services,"Laundry Services",0.4.2,0.4.1,https://downloads.wordpress.org/theme/laundry-services.0.4.2.zip,"2026-04-14 09:56:30",https://wordpress.org/themes/laundry-services/,5.0,7.2,20
medicine-shop,"Medicine Shop",6.2,6.1,https://downloads.wordpress.org/theme/medicine-shop.6.2.zip,"2026-04-14 10:42:41",https://wordpress.org/themes/medicine-shop/,,7.2,90
newsalert,NewsAlert,1.0.74,1.0.73,https://downloads.wordpress.org/theme/newsalert.1.0.74.zip,"2026-04-14 11:07:37",https://wordpress.org/themes/newsalert/,4.7,7.0,1000
newsalt,NewsAlt,1.1.5,1.1.4,https://downloads.wordpress.org/theme/newsalt.1.1.5.zip,"2026-04-14 11:05:03",https://wordpress.org/themes/newsalt/,4.7,7.0,300
newsblogy,NewsBlogy,1.0.48,1.0.47,https://downloads.wordpress.org/theme/newsblogy.1.0.48.zip,"2026-04-14 11:08:05",https://wordpress.org/themes/newsblogy/,4.7,7.0,1000
newsdaily,NewsDaily,1.1.27,1.1.26,https://downloads.wordpress.org/theme/newsdaily.1.1.27.zip,"2026-04-14 11:04:02",https://wordpress.org/themes/newsdaily/,4.7,7.0,900
newshours,NewsHours,1.0.98,1.0.97,https://downloads.wordpress.org/theme/newshours.1.0.98.zip,"2026-04-14 11:05:30",https://wordpress.org/themes/newshours/,4.7,7.0,200
newsmash,NewsMash,1.1.43,1.1.42,https://downloads.wordpress.org/theme/newsmash.1.1.43.zip,"2026-04-14 11:03:28",https://wordpress.org/themes/newsmash/,4.7,7.0,700
newsmemo,NewsMemo,1.0.3,1.0.2,https://downloads.wordpress.org/theme/newsmemo.1.0.3.zip,"2026-04-14 11:08:33",https://wordpress.org/themes/newsmemo/,4.7,7.0,700
newsmunch,NewsMunch,1.1.6,1.1.5,https://downloads.wordpress.org/theme/newsmunch.1.1.6.zip,"2026-04-14 11:06:39",https://wordpress.org/themes/newsmunch/,4.7,7.0,1000
newstick,NewsTick,1.1.3,1.1.2,https://downloads.wordpress.org/theme/newstick.1.1.3.zip,"2026-04-14 11:07:08",https://wordpress.org/themes/newstick/,4.7,7.0,1000
roofing-solutions,"Roofing Solutions",1.3.1,1.3.0,https://downloads.wordpress.org/theme/roofing-solutions.1.3.1.zip,"2026-04-14 09:55:31",https://wordpress.org/themes/roofing-solutions/,5.0,7.2,50
setto-lifestyle,"Setto Lifestyle",1.0.28,1.0.27,https://downloads.wordpress.org/theme/setto-lifestyle.1.0.28.zip,"2026-04-14 09:50:56",https://wordpress.org/themes/setto-lifestyle/,,5.6,200
shopmax,ShopMax,1.1.23,1.1.22,https://downloads.wordpress.org/theme/shopmax.1.1.23.zip,"2026-04-14 09:55:26",https://wordpress.org/themes/shopmax/,,5.6,200
sipri,Sipri,1.0.37,1.0.36,https://downloads.wordpress.org/theme/sipri.1.0.37.zip,"2026-04-14 09:58:31",https://wordpress.org/themes/sipri/,,5.6,300
softura,Softura,1.10,1.9,https://downloads.wordpress.org/theme/softura.1.10.zip,"2026-04-14 10:01:37",https://wordpress.org/themes/softura/,,5.6,30
spabiz,SpaBiz,1.0.29,1.0.28,https://downloads.wordpress.org/theme/spabiz.1.0.29.zip,"2026-04-14 10:04:16",https://wordpress.org/themes/spabiz/,,5.6,200
spacare,SpaCare,1.28,1.27,https://downloads.wordpress.org/theme/spacare.1.28.zip,"2026-04-14 10:16:06",https://wordpress.org/themes/spacare/,,5.6,10
spinsoft,SpinSoft,1.0.28,1.0.27,https://downloads.wordpress.org/theme/spinsoft.1.0.28.zip,"2026-04-14 10:20:04",https://wordpress.org/themes/spinsoft/,,5.6,20
spintech,Spintech,1.0.67,1.0.66,https://downloads.wordpress.org/theme/spintech.1.0.67.zip,"2026-04-14 10:21:34",https://wordpress.org/themes/spintech/,,5.6,1000
storebiz,StoreBiz,1.0.43,1.0.42,https://downloads.wordpress.org/theme/storebiz.1.0.43.zip,"2026-04-14 10:24:58",https://wordpress.org/themes/storebiz/,,5.6,300
supermarket-shopping,"Supermarket Shopping",3.6,3.5,https://downloads.wordpress.org/theme/supermarket-shopping.3.6.zip,"2026-04-14 10:46:52",https://wordpress.org/themes/supermarket-shopping/,,7.2,100
vacation-rental-expert,"Vacation Rental Expert",11.7,11.6,https://downloads.wordpress.org/theme/vacation-rental-expert.11.7.zip,"2026-04-14 10:49:21",https://wordpress.org/themes/vacation-rental-expert/,,7.2,30
woodworking-workshop,"Woodworking Workshop",8.3,8.2,https://downloads.wordpress.org/theme/woodworking-workshop.8.3.zip,"2026-04-14 10:45:31",https://wordpress.org/themes/woodworking-workshop/,,7.2,40
aravalli,Aravalli,20.0,19.9,https://downloads.wordpress.org/theme/aravalli.20.0.zip,"2026-04-14 12:13:26",https://wordpress.org/themes/aravalli/,4.7,5.6,600
author-book-writer,"Author Book Writer",3.7,3.6,https://downloads.wordpress.org/theme/author-book-writer.3.7.zip,"2026-04-14 13:01:44",https://wordpress.org/themes/author-book-writer/,6.1,5.6,100
boostify,Boostify,20.0,19.9,https://downloads.wordpress.org/theme/boostify.20.0.zip,"2026-04-14 12:13:51",https://wordpress.org/themes/boostify/,4.7,5.6,100
brandy,Brandy,1.5.5,1.5.4,https://downloads.wordpress.org/theme/brandy.1.5.5.zip,"2026-04-14 11:40:37",https://wordpress.org/themes/brandy/,5.0,5.3,100
coaching-classes,"Coaching Classes",0.5.1,0.5.0,https://downloads.wordpress.org/theme/coaching-classes.0.5.1.zip,"2026-04-14 12:00:09",https://wordpress.org/themes/coaching-classes/,,7.2,20
colorsy,Colorsy,18.1,18.0,https://downloads.wordpress.org/theme/colorsy.18.1.zip,"2026-04-14 12:14:30",https://wordpress.org/themes/colorsy/,4.7,5.6,100
computer-repair-services,"Computer Repair Services",2.4.6,2.4.5,https://downloads.wordpress.org/theme/computer-repair-services.2.4.6.zip,"2026-04-14 11:58:00",https://wordpress.org/themes/computer-repair-services/,5.0,7.2,90
computer-repair-store,"Computer Repair Store",0.6.6,0.6.5,https://downloads.wordpress.org/theme/computer-repair-store.0.6.6.zip,"2026-04-14 11:57:12",https://wordpress.org/themes/computer-repair-store/,5.0,7.2,60
construction-demolition-services,"Construction Demolition Services",0.2.4,0.2.3,https://downloads.wordpress.org/theme/construction-demolition-services.0.2.4.zip,"2026-04-14 11:48:32",https://wordpress.org/themes/construction-demolition-services/,5.0,7.2,80
convo,Convo,13.4,13.3,https://downloads.wordpress.org/theme/convo.13.4.zip,"2026-04-14 12:14:51",https://wordpress.org/themes/convo/,,7.0,100
cooking-food-blogger,"Cooking Food Blogger",2.0.6,2.0.5,https://downloads.wordpress.org/theme/cooking-food-blogger.2.0.6.zip,"2026-04-14 11:47:43",https://wordpress.org/themes/cooking-food-blogger/,5.0,7.2,70
cosmics,Cosmics,18.1,18.0,https://downloads.wordpress.org/theme/cosmics.18.1.zip,"2026-04-14 12:15:18",https://wordpress.org/themes/cosmics/,4.7,5.6,400
crowdfunding-donation,"Crowdfunding Donation",0.7.3,0.7.2,https://downloads.wordpress.org/theme/crowdfunding-donation.0.7.3.zip,"2026-04-14 11:43:24",https://wordpress.org/themes/crowdfunding-donation/,5.0,7.2,40
cupcake-shop,"Cupcake Shop",0.1.8,0.1.6,https://downloads.wordpress.org/theme/cupcake-shop.0.1.8.zip,"2026-04-14 11:42:33",https://wordpress.org/themes/cupcake-shop/,5.0,7.2,90
curtains-fabric,"Curtains Fabric",0.5.4,0.5.3,https://downloads.wordpress.org/theme/curtains-fabric.0.5.4.zip,"2026-04-14 11:41:44",https://wordpress.org/themes/curtains-fabric/,5.0,7.2,20
decor-shop,"Decor Shop",0.0.3,0.0.2,https://downloads.wordpress.org/theme/decor-shop.0.0.3.zip,"2026-04-14 11:40:44",https://wordpress.org/themes/decor-shop/,6.2,7.2,10
deep-cleaning,"Deep Cleaning",0.2.0,0.1.8,https://downloads.wordpress.org/theme/deep-cleaning.0.2.0.zip,"2026-04-14 11:39:58",https://wordpress.org/themes/deep-cleaning/,5.0,7.2,40
diet-consultant,"Diet Consultant",0.4.8,0.4.7,https://downloads.wordpress.org/theme/diet-consultant.0.4.8.zip,"2026-04-14 11:38:51",https://wordpress.org/themes/diet-consultant/,5.0,7.2,0
digital-books,"Digital Books",0.8,0.7.9,https://downloads.wordpress.org/theme/digital-books.0.8.zip,"2026-04-14 11:37:55",https://wordpress.org/themes/digital-books/,5.0,7.2,200
eventplus,EventPlus,17.8,17.7,https://downloads.wordpress.org/theme/eventplus.17.8.zip,"2026-04-14 12:15:47",https://wordpress.org/themes/eventplus/,4.7,5.6,200
evita,Evita,5.3,5.2,https://downloads.wordpress.org/theme/evita.5.3.zip,"2026-04-14 12:16:41",https://wordpress.org/themes/evita/,,5.6,200
fiona-blog,"Fiona Blog",20.1,20.0,https://downloads.wordpress.org/theme/fiona-blog.20.1.zip,"2026-04-14 12:17:05",https://wordpress.org/themes/fiona-blog/,4.7,5.6,500
gradiantx,GradiantX,7.4,7.3,https://downloads.wordpress.org/theme/gradiantx.7.4.zip,"2026-04-14 12:17:23",https://wordpress.org/themes/gradiantx/,4.7,5.6,100
hr-management,"HR Management",3.0,2.9,https://downloads.wordpress.org/theme/hr-management.3.0.zip,"2026-04-14 13:00:57",https://wordpress.org/themes/hr-management/,6.1,5.6,300
jewelry-blocks,"Jewelry Blocks",3.1,3.0,https://downloads.wordpress.org/theme/jewelry-blocks.3.1.zip,"2026-04-14 13:00:05",https://wordpress.org/themes/jewelry-blocks/,6.1,5.6,100
kids-learning-toys,"Kids Learning Toys",3.3,3.2,https://downloads.wordpress.org/theme/kids-learning-toys.3.3.zip,"2026-04-14 12:59:06",https://wordpress.org/themes/kids-learning-toys/,6.1,5.6,100
metasoft,MetaSoft,20.0,19.9,https://downloads.wordpress.org/theme/metasoft.20.0.zip,"2026-04-14 12:17:53",https://wordpress.org/themes/metasoft/,4.7,5.6,300
news25-live,"News25 Live",2.5,2.4,https://downloads.wordpress.org/theme/news25-live.2.5.zip,"2026-04-14 12:18:13",https://wordpress.org/themes/news25-live/,4.7,5.6,80
online-magazine,"Online Magazine",3.0,2.9,https://downloads.wordpress.org/theme/online-magazine.3.0.zip,"2026-04-14 12:58:10",https://wordpress.org/themes/online-magazine/,6.1,5.6,100
online-retailer,"Online Retailer",3.0,2.9,https://downloads.wordpress.org/theme/online-retailer.3.0.zip,"2026-04-14 12:56:29",https://wordpress.org/themes/online-retailer/,6.1,5.6,80
ovation-bookstore,"Ovation Bookstore",3.3,3.2,https://downloads.wordpress.org/theme/ovation-bookstore.3.3.zip,"2026-04-14 12:55:33",https://wordpress.org/themes/ovation-bookstore/,6.1,5.6,100
ovation-car-wash,"Ovation Car Wash",3.4,3.3,https://downloads.wordpress.org/theme/ovation-car-wash.3.4.zip,"2026-04-14 12:54:41",https://wordpress.org/themes/ovation-car-wash/,6.1,5.6,100
real-estate-deals,"Real Estate Deals",3.5,3.4,https://downloads.wordpress.org/theme/real-estate-deals.3.5.zip,"2026-04-14 12:53:21",https://wordpress.org/themes/real-estate-deals/,6.1,5.6,200
recipe-blogs,"Recipe Blogs",3.0,2.9,https://downloads.wordpress.org/theme/recipe-blogs.3.0.zip,"2026-04-14 12:52:10",https://wordpress.org/themes/recipe-blogs/,6.1,5.6,100
renoval,Renoval,19.3,19.2,https://downloads.wordpress.org/theme/renoval.19.3.zip,"2026-04-14 12:19:15",https://wordpress.org/themes/renoval/,4.7,5.6,600
saas-company,"SAAS Company",3.0,2.9,https://downloads.wordpress.org/theme/saas-company.3.0.zip,"2026-04-14 12:50:54",https://wordpress.org/themes/saas-company/,6.1,5.6,200
scholarship-school,"Scholarship School",3.3,3.2,https://downloads.wordpress.org/theme/scholarship-school.3.3.zip,"2026-04-14 12:49:58",https://wordpress.org/themes/scholarship-school/,6.1,5.6,100
coffee-station,"Coffee Station",0.2.4,0.2.3,https://downloads.wordpress.org/theme/coffee-station.0.2.4.zip,"2026-04-14 14:29:54",https://wordpress.org/themes/coffee-station/,,5.6,30
drilling-services,"Drilling Services",0.2.4,0.2.2,https://downloads.wordpress.org/theme/drilling-services.0.2.4.zip,"2026-04-14 14:28:47",https://wordpress.org/themes/drilling-services/,,5.6,10
amberd-online-store,"AmBerd - Online Store",2.5.4,2.5.3,https://downloads.wordpress.org/theme/amberd-online-store.2.5.4.zip,"2026-04-14 15:57:32",https://wordpress.org/themes/amberd-online-store/,5.1,5.6,50
amstore,AmStore,1.3.3,1.3.2,https://downloads.wordpress.org/theme/amstore.1.3.3.zip,"2026-04-14 16:15:03",https://wordpress.org/themes/amstore/,5.1,5.6,20
astrostar,AstroStar,1.3.1,1.3.0,https://downloads.wordpress.org/theme/astrostar.1.3.1.zip,"2026-04-14 17:18:18",https://wordpress.org/themes/astrostar/,5.1,5.6,200
barbershop-barber,"Barbershop: Barber",1.6.8,1.6.7,https://downloads.wordpress.org/theme/barbershop-barber.1.6.8.zip,"2026-04-14 16:16:02",https://wordpress.org/themes/barbershop-barber/,5.1,5.6,30
book-shop,"Book Shop",2.4.8,2.4.7,https://downloads.wordpress.org/theme/book-shop.2.4.8.zip,"2026-04-14 15:58:44",https://wordpress.org/themes/book-shop/,5.1,5.6,100
cake-shop,"Cake Shop",2.5.8,2.5.7,https://downloads.wordpress.org/theme/cake-shop.2.5.8.zip,"2026-04-14 16:06:08",https://wordpress.org/themes/cake-shop/,5.1,5.6,30
clothing,Clothing,2.5.8,2.5.7,https://downloads.wordpress.org/theme/clothing.2.5.8.zip,"2026-04-14 16:07:03",https://wordpress.org/themes/clothing/,5.1,5.6,50
coffee-shop-cafe,"Coffee Shop: Cafe",1.5.7,1.5.6,https://downloads.wordpress.org/theme/coffee-shop-cafe.1.5.7.zip,"2026-04-14 16:16:54",https://wordpress.org/themes/coffee-shop-cafe/,5.1,5.6,100
construction-company-wda,"Construction Company WDA",1.2.5,1.2.4,https://downloads.wordpress.org/theme/construction-company-wda.1.2.5.zip,"2026-04-14 17:19:00",https://wordpress.org/themes/construction-company-wda/,5.1,5.6,100
consulting-services-wda,"Consulting Services WDA",1.1.8,1.1.7,https://downloads.wordpress.org/theme/consulting-services-wda.1.1.8.zip,"2026-04-14 17:20:38",https://wordpress.org/themes/consulting-services-wda/,5.1,5.6,70
ecommerce-modern-store,"Ecommerce Modern Store",2.8.9,2.8.8,https://downloads.wordpress.org/theme/ecommerce-modern-store.2.8.9.zip,"2026-04-14 16:14:07",https://wordpress.org/themes/ecommerce-modern-store/,5.1,5.6,100
electrostore,ElectroStore,1.4.7,1.4.6,https://downloads.wordpress.org/theme/electrostore.1.4.7.zip,"2026-04-14 16:17:22",https://wordpress.org/themes/electrostore/,5.1,5.6,20
fashion-shop,"Fashion Shop",2.4.9,2.4.8,https://downloads.wordpress.org/theme/fashion-shop.2.4.9.zip,"2026-04-14 16:08:04",https://wordpress.org/themes/fashion-shop/,5.1,5.6,80
flower-shop-florist,"Flower Shop: Florist",2.5.8,2.5.7,https://downloads.wordpress.org/theme/flower-shop-florist.2.5.8.zip,"2026-04-14 16:09:24",https://wordpress.org/themes/flower-shop-florist/,5.1,5.6,100
furniture-store,"Furniture Store",2.4.7,2.4.6,https://downloads.wordpress.org/theme/furniture-store.2.4.7.zip,"2026-04-14 16:00:42",https://wordpress.org/themes/furniture-store/,5.1,5.6,70
jewelry-shop,"Jewelry Shop",2.4.7,2.4.6,https://downloads.wordpress.org/theme/jewelry-shop.2.4.7.zip,"2026-04-14 16:02:45",https://wordpress.org/themes/jewelry-shop/,5.1,5.6,60
jewstore,JewStore,1.5.4,1.5.3,https://downloads.wordpress.org/theme/jewstore.1.5.4.zip,"2026-04-14 16:18:34",https://wordpress.org/themes/jewstore/,5.1,5.6,80
megastore-wda,"MegaStore WDA",1.3.6,1.3.5,https://downloads.wordpress.org/theme/megastore-wda.1.3.6.zip,"2026-04-14 16:19:06",https://wordpress.org/themes/megastore-wda/,5.1,5.6,40
pet-shop,"Pet Shop",2.4.7,2.4.6,https://downloads.wordpress.org/theme/pet-shop.2.4.7.zip,"2026-04-14 16:03:06",https://wordpress.org/themes/pet-shop/,5.1,5.6,60
promptless,Promptless,1.0.9,1.0.8,https://downloads.wordpress.org/theme/promptless.1.0.9.zip,"2026-04-14 16:53:01",https://wordpress.org/themes/promptless/,6.0,7.4,40
the-business-wp,"The Business WP",1.7.2,1.7.1,https://downloads.wordpress.org/theme/the-business-wp.1.7.2.zip,"2026-04-14 16:39:09",https://wordpress.org/themes/the-business-wp/,,7.4,70
tistore,TiStore,1.3.6,1.3.5,https://downloads.wordpress.org/theme/tistore.1.3.6.zip,"2026-04-14 16:19:39",https://wordpress.org/themes/tistore/,5.1,5.6,30
wedding-photography,"Wedding Photography",2.6.8,2.6.7,https://downloads.wordpress.org/theme/wedding-photography.2.6.8.zip,"2026-04-14 16:10:51",https://wordpress.org/themes/wedding-photography/,5.1,5.6,40
wedding-planner-event-management,"Wedding Planner: Event Management",2.4.8,2.4.7,https://downloads.wordpress.org/theme/wedding-planner-event-management.2.4.8.zip,"2026-04-14 16:12:10",https://wordpress.org/themes/wedding-planner-event-management/,5.1,5.6,100
ai-and-saas-agency-wda,"AI and SaaS Agency WDA",1.0.6,1.0.5,https://downloads.wordpress.org/theme/ai-and-saas-agency-wda.1.0.6.zip,"2026-04-14 17:27:24",https://wordpress.org/themes/ai-and-saas-agency-wda/,5.1,5.6,40
author-writer-wda,"Author: Writer WDA",1.1.4,1.1.3,https://downloads.wordpress.org/theme/author-writer-wda.1.1.4.zip,"2026-04-14 17:29:06",https://wordpress.org/themes/author-writer-wda/,5.1,5.6,0
buycart,BuyCart,1.0.4,1.0.3,https://downloads.wordpress.org/theme/buycart.1.0.4.zip,"2026-04-14 19:39:26",https://wordpress.org/themes/buycart/,4.7,5.6,300
car-rental-wda,"Car Rental WDA",1.1.6,1.1.5,https://downloads.wordpress.org/theme/car-rental-wda.1.1.6.zip,"2026-04-14 17:29:46",https://wordpress.org/themes/car-rental-wda/,5.1,5.6,100
church-wda,"Church WDA",1.1.4,1.1.3,https://downloads.wordpress.org/theme/church-wda.1.1.4.zip,"2026-04-14 17:31:57",https://wordpress.org/themes/church-wda/,5.1,5.6,100
corporate-wda,"Corporate WDA",1.1.7,1.1.6,https://downloads.wordpress.org/theme/corporate-wda.1.1.7.zip,"2026-04-14 17:22:30",https://wordpress.org/themes/corporate-wda/,5.1,5.6,50
easybuy,EasyBuy,1.0.34,1.0.33,https://downloads.wordpress.org/theme/easybuy.1.0.34.zip,"2026-04-14 19:37:59",https://wordpress.org/themes/easybuy/,4.7,5.6,400
eazyshop,EazyShop,1.0.45,1.0.44,https://downloads.wordpress.org/theme/eazyshop.1.0.45.zip,"2026-04-14 19:37:27",https://wordpress.org/themes/eazyshop/,4.7,5.6,500
education-wda,"Education WDA",1.2.0,1.1.9,https://downloads.wordpress.org/theme/education-wda.1.2.0.zip,"2026-04-14 17:34:05",https://wordpress.org/themes/education-wda/,5.1,5.6,100
ekart,eKart,1.0.29,1.0.28,https://downloads.wordpress.org/theme/ekart.1.0.29.zip,"2026-04-14 19:36:18",https://wordpress.org/themes/ekart/,4.7,5.6,400
fitness-and-gym-wda,"Fitness and Gym WDA",1.0.3,1.0.2,https://downloads.wordpress.org/theme/fitness-and-gym-wda.1.0.3.zip,"2026-04-14 17:34:39",https://wordpress.org/themes/fitness-and-gym-wda/,5.1,5.6,20
gaming-wda,"Gaming WDA",1.0.8,1.0.7,https://downloads.wordpress.org/theme/gaming-wda.1.0.8.zip,"2026-04-14 17:35:48",https://wordpress.org/themes/gaming-wda/,5.1,5.6,100
hotel-booking-wda,"Hotel Booking WDA",1.2.8,1.2.7,https://downloads.wordpress.org/theme/hotel-booking-wda.1.2.8.zip,"2026-04-14 17:23:28",https://wordpress.org/themes/hotel-booking-wda/,5.1,5.6,200
interior-design-wda,"Interior Design WDA",1.1.7,1.1.6,https://downloads.wordpress.org/theme/interior-design-wda.1.1.7.zip,"2026-04-14 17:37:09",https://wordpress.org/themes/interior-design-wda/,5.1,5.6,100
minicart,MiniCart,1.0.59,1.0.58,https://downloads.wordpress.org/theme/minicart.1.0.59.zip,"2026-04-14 19:35:41",https://wordpress.org/themes/minicart/,4.7,5.6,400
realty-real-estate-wda,"Realty: Real Estate WDA",1.2.1,1.2.0,https://downloads.wordpress.org/theme/realty-real-estate-wda.1.2.1.zip,"2026-04-14 17:24:21",https://wordpress.org/themes/realty-real-estate-wda/,5.1,5.6,200
restaurant-wda,"Restaurant WDA",1.2.7,1.2.6,https://downloads.wordpress.org/theme/restaurant-wda.1.2.7.zip,"2026-04-14 17:25:05",https://wordpress.org/themes/restaurant-wda/,5.1,5.6,200
shopire,Shopire,1.0.73,1.0.72,https://downloads.wordpress.org/theme/shopire.1.0.73.zip,"2026-04-14 19:35:06",https://wordpress.org/themes/shopire/,4.7,5.6,900
shopway,ShopWay,1.0.16,1.0.15,https://downloads.wordpress.org/theme/shopway.1.0.16.zip,"2026-04-14 19:34:14",https://wordpress.org/themes/shopway/,4.7,5.6,800
travel-agency-wda,"Travel Agency WDA",1.2.0,1.1.9,https://downloads.wordpress.org/theme/travel-agency-wda.1.2.0.zip,"2026-04-14 17:25:42",https://wordpress.org/themes/travel-agency-wda/,5.1,5.6,100
online-learning-lms,"Online Learning LMS",1.1.1,1.1.0,https://downloads.wordpress.org/theme/online-learning-lms.1.1.1.zip,"2026-04-15 03:37:19",https://wordpress.org/themes/online-learning-lms/,5.5,7.2,80
responsive-landing-page,"Responsive Landing Page",1.0.7,1.0.6,https://downloads.wordpress.org/theme/responsive-landing-page.1.0.7.zip,"2026-04-15 03:36:28",https://wordpress.org/themes/responsive-landing-page/,5.3,5.6,20
spa-parlor,"Spa Parlor",1.0.3,1.0.2,https://downloads.wordpress.org/theme/spa-parlor.1.0.3.zip,"2026-04-15 03:35:22",https://wordpress.org/themes/spa-parlor/,5.3,5.6,10
cargo-and-shipping-company,"Cargo And Shipping Company",1.1.2,1.1.1,https://downloads.wordpress.org/theme/cargo-and-shipping-company.1.1.2.zip,"2026-04-15 03:44:46",https://wordpress.org/themes/cargo-and-shipping-company/,5.5,7.2,70
clothing-store-lite,"Clothing Store Lite",1.0.9,1.0.8,https://downloads.wordpress.org/theme/clothing-store-lite.1.0.9.zip,"2026-04-15 03:43:53",https://wordpress.org/themes/clothing-store-lite/,5.3,5.6,100
creative-photography,"Creative Photography",1.0.2,1.0.0,https://downloads.wordpress.org/theme/creative-photography.1.0.2.zip,"2026-04-15 03:43:09",https://wordpress.org/themes/creative-photography/,5.3,5.6,10
cv-resume-portfolio,"CV Resume Portfolio",1.0.8,1.0.7,https://downloads.wordpress.org/theme/cv-resume-portfolio.1.0.8.zip,"2026-04-15 03:42:07",https://wordpress.org/themes/cv-resume-portfolio/,5.3,5.6,100
fishery-services,"Fishery Services",1.1.0,1.0.9,https://downloads.wordpress.org/theme/fishery-services.1.1.0.zip,"2026-04-15 03:40:45",https://wordpress.org/themes/fishery-services/,5.3,5.6,20
maintenance-works,"Maintenance Works",1.0.5,1.0.4,https://downloads.wordpress.org/theme/maintenance-works.1.0.5.zip,"2026-04-15 03:39:51",https://wordpress.org/themes/maintenance-works/,5.3,7.2,30
online-clothing-store,"Online clothing store",1.1.1,1.1.0,https://downloads.wordpress.org/theme/online-clothing-store.1.1.1.zip,"2026-04-15 03:38:13",https://wordpress.org/themes/online-clothing-store/,5.3,5.6,100
prespa,Prespa,1.7.7,1.7.6,https://downloads.wordpress.org/theme/prespa.1.7.7.zip,"2026-04-15 05:45:26",https://wordpress.org/themes/prespa/,6.1,5.6,9000
ai-automation,"AI Automation",2.0,1.9,https://downloads.wordpress.org/theme/ai-automation.2.0.zip,"2026-04-15 07:48:06",https://wordpress.org/themes/ai-automation/,5.0,5.6,100
air-condition-repair,"Air Condition Repair",2.2,2.1,https://downloads.wordpress.org/theme/air-condition-repair.2.2.zip,"2026-04-15 07:47:11",https://wordpress.org/themes/air-condition-repair/,5.0,5.6,30
appliance-ecommerce-store,"Appliance Ecommerce Store",2.1,2.0,https://downloads.wordpress.org/theme/appliance-ecommerce-store.2.1.zip,"2026-04-15 07:46:15",https://wordpress.org/themes/appliance-ecommerce-store/,5.0,5.6,300
architecture-firm,"Architecture Firm",0.2.0,0.1.9,https://downloads.wordpress.org/theme/architecture-firm.0.2.0.zip,"2026-04-15 07:01:03",https://wordpress.org/themes/architecture-firm/,5.0,5.6,30
auto-car-care,"Auto Car Care",8.6,8.5,https://downloads.wordpress.org/theme/auto-car-care.8.6.zip,"2026-04-15 07:45:21",https://wordpress.org/themes/auto-car-care/,5.0,5.6,100
auto-motors,"Auto Motors",6.6,6.5,https://downloads.wordpress.org/theme/auto-motors.6.6.zip,"2026-04-15 07:44:08",https://wordpress.org/themes/auto-motors/,5.0,5.6,100
automobile-hub,"Automobile Hub",10.1,10.0,https://downloads.wordpress.org/theme/automobile-hub.10.1.zip,"2026-04-15 07:41:02",https://wordpress.org/themes/automobile-hub/,5.0,5.6,800
automotive-charging-station,"Automotive Charging Station",6.3,6.2,https://downloads.wordpress.org/theme/automotive-charging-station.6.3.zip,"2026-04-15 07:39:40",https://wordpress.org/themes/automotive-charging-station/,,5.6,30
calliope,Calliope,1.0.63,1.0.54,https://downloads.wordpress.org/theme/calliope.1.0.63.zip,"2026-04-15 07:59:22",https://wordpress.org/themes/calliope/,,5.6,5000
car-mechanic,"Car Mechanic",6.7,6.6,https://downloads.wordpress.org/theme/car-mechanic.6.7.zip,"2026-04-15 07:38:53",https://wordpress.org/themes/car-mechanic/,5.0,5.6,100
car-paint-job,"Car Paint Job",4.2,4.1,https://downloads.wordpress.org/theme/car-paint-job.4.2.zip,"2026-04-15 07:37:22",https://wordpress.org/themes/car-paint-job/,5.0,5.6,50
car-rental-hub,"Car Rental Hub",6.6,6.5,https://downloads.wordpress.org/theme/car-rental-hub.6.6.zip,"2026-04-15 07:36:40",https://wordpress.org/themes/car-rental-hub/,5.0,5.6,200
car-repair,"Car Repair",8.4,8.3,https://downloads.wordpress.org/theme/car-repair.8.4.zip,"2026-04-15 07:35:35",https://wordpress.org/themes/car-repair/,5.0,5.6,100
car-wash-services,"Car Wash Services",6.5,6.4,https://downloads.wordpress.org/theme/car-wash-services.6.5.zip,"2026-04-15 07:34:06",https://wordpress.org/themes/car-wash-services/,5.0,5.6,80
car-washing-center,"Car Washing Center",0.3.2,0.3.1,https://downloads.wordpress.org/theme/car-washing-center.0.3.2.zip,"2026-04-15 06:58:04",https://wordpress.org/themes/car-washing-center/,5.0,5.6,60
classic-business,"Classic Business",4.4.2,4.4.1,https://downloads.wordpress.org/theme/classic-business.4.4.2.zip,"2026-04-15 07:13:54",https://wordpress.org/themes/classic-business/,5.0,5.6,40
classic-charity-ngo,"Classic Charity NGO",0.4.5,0.4.4,https://downloads.wordpress.org/theme/classic-charity-ngo.0.4.5.zip,"2026-04-15 07:13:54",https://wordpress.org/themes/classic-charity-ngo/,5.0,5.6,90
classic-coffee-shop,"Classic Coffee Shop",3.7.2,3.7.1,https://downloads.wordpress.org/theme/classic-coffee-shop.3.7.2.zip,"2026-04-15 07:13:45",https://wordpress.org/themes/classic-coffee-shop/,5.0,5.6,100
classic-corporate,"Classic Corporate",1.4.5,1.4.4,https://downloads.wordpress.org/theme/classic-corporate.1.4.5.zip,"2026-04-15 07:13:30",https://wordpress.org/themes/classic-corporate/,5.0,5.6,50
classic-cosmetics,"Classic Cosmetics",0.6.8,0.6.7,https://downloads.wordpress.org/theme/classic-cosmetics.0.6.8.zip,"2026-04-15 07:13:18",https://wordpress.org/themes/classic-cosmetics/,5.0,5.6,90
classic-coworking-space,"Classic Coworking Space",0.4.1,0.4.0,https://downloads.wordpress.org/theme/classic-coworking-space.0.4.1.zip,"2026-04-15 07:13:01",https://wordpress.org/themes/classic-coworking-space/,5.0,5.6,40
classic-dentist-clinic,"Classic Dentist Clinic",0.4.2,0.4.1,https://downloads.wordpress.org/theme/classic-dentist-clinic.0.4.2.zip,"2026-04-15 07:12:40",https://wordpress.org/themes/classic-dentist-clinic/,5.0,5.6,60
classic-digital-marketing,"Classic Digital Marketing",0.7.8,0.7.7,https://downloads.wordpress.org/theme/classic-digital-marketing.0.7.8.zip,"2026-04-15 07:12:33",https://wordpress.org/themes/classic-digital-marketing/,5.0,5.6,50
classic-dog-breeder,"Classic Dog Breeder",0.3.2,0.3.1,https://downloads.wordpress.org/theme/classic-dog-breeder.0.3.2.zip,"2026-04-15 07:12:23",https://wordpress.org/themes/classic-dog-breeder/,5.0,5.6,90
classic-ecommerce,"Classic Ecommerce",1.5.4,1.5.3,https://downloads.wordpress.org/theme/classic-ecommerce.1.5.4.zip,"2026-04-15 07:12:10",https://wordpress.org/themes/classic-ecommerce/,5.0,5.6,300
classic-events,"Classic Events",0.8.3,0.8.2,https://downloads.wordpress.org/theme/classic-events.0.8.3.zip,"2026-04-15 07:11:59",https://wordpress.org/themes/classic-events/,5.0,5.6,40
classic-fashion-blog,"Classic Fashion Blog",0.4.2,0.4.1,https://downloads.wordpress.org/theme/classic-fashion-blog.0.4.2.zip,"2026-04-15 07:11:34",https://wordpress.org/themes/classic-fashion-blog/,5.0,5.6,40
colibri-wp,"Colibri WP",1.0.164,1.0.162,https://downloads.wordpress.org/theme/colibri-wp.1.0.164.zip,"2026-04-15 07:58:26",https://wordpress.org/themes/colibri-wp/,,5.6,50000
coming-soon-shortly,"Coming Soon Shortly",0.3.4,0.3.3,https://downloads.wordpress.org/theme/coming-soon-shortly.0.3.4.zip,"2026-04-15 06:58:14",https://wordpress.org/themes/coming-soon-shortly/,5.0,5.6,1000
construction-contractor,"Construction Contractor",0.2.6,0.2.5,https://downloads.wordpress.org/theme/construction-contractor.0.2.6.zip,"2026-04-15 06:59:41",https://wordpress.org/themes/construction-contractor/,5.0,5.6,60
consultant-agency,"Consultant Agency",0.2.4,0.2.3,https://downloads.wordpress.org/theme/consultant-agency.0.2.4.zip,"2026-04-15 07:01:14",https://wordpress.org/themes/consultant-agency/,5.0,5.6,60
cricket-tournament,"Cricket Tournament",2.7,2.6,https://downloads.wordpress.org/theme/cricket-tournament.2.7.zip,"2026-04-15 07:33:25",https://wordpress.org/themes/cricket-tournament/,5.0,5.6,60
designer-boutique-shop,"Designer Boutique Shop",0.3.2,0.3.1,https://downloads.wordpress.org/theme/designer-boutique-shop.0.3.2.zip,"2026-04-15 06:57:55",https://wordpress.org/themes/designer-boutique-shop/,5.0,5.6,40
ecommerce-store-elementor,"Ecommerce Store Elementor",1.5.4,1.5.3,https://downloads.wordpress.org/theme/ecommerce-store-elementor.1.5.4.zip,"2026-04-15 07:34:04",https://wordpress.org/themes/ecommerce-store-elementor/,5.6,7.2,300
ethical-hacking,"Ethical Hacking",0.2.5,0.2.4,https://downloads.wordpress.org/theme/ethical-hacking.0.2.5.zip,"2026-04-15 07:01:22",https://wordpress.org/themes/ethical-hacking/,5.0,5.6,50
fitness-trainer-elementor,"Fitness Trainer Elementor",0.2.3,0.2.2,https://downloads.wordpress.org/theme/fitness-trainer-elementor.0.2.3.zip,"2026-04-15 07:00:41",https://wordpress.org/themes/fitness-trainer-elementor/,5.0,5.6,100
green-agro-landscaping,"Green Agro Landscaping",2.9,2.8,https://downloads.wordpress.org/theme/green-agro-landscaping.2.9.zip,"2026-04-15 07:31:41",https://wordpress.org/themes/green-agro-landscaping/,5.0,5.6,100
grocery-supermarket-elementor,"Grocery Supermarket Elementor",0.3.0,0.2.9,https://downloads.wordpress.org/theme/grocery-supermarket-elementor.0.3.0.zip,"2026-04-15 06:58:06",https://wordpress.org/themes/grocery-supermarket-elementor/,5.0,5.6,100
kindergarten-elementor,"Kindergarten Elementor",0.2.4,0.2.3,https://downloads.wordpress.org/theme/kindergarten-elementor.0.2.4.zip,"2026-04-15 07:00:14",https://wordpress.org/themes/kindergarten-elementor/,5.0,5.6,70
mizan-real-estate,"Mizan Real Estate",1.6.9,1.6.8,https://downloads.wordpress.org/theme/mizan-real-estate.1.6.9.zip,"2026-04-15 07:34:21",https://wordpress.org/themes/mizan-real-estate/,5.6,7.2,60
museum-artifact,"Museum Artifact",0.2.5,0.2.4,https://downloads.wordpress.org/theme/museum-artifact.0.2.5.zip,"2026-04-15 06:59:58",https://wordpress.org/themes/museum-artifact/,5.0,5.6,40
old-age-home,"Old Age Home",0.2.7,0.2.6,https://downloads.wordpress.org/theme/old-age-home.0.2.7.zip,"2026-04-15 06:58:57",https://wordpress.org/themes/old-age-home/,5.0,5.6,50
photo-gallery,"Photo Gallery",0.2.2,0.2.1,https://downloads.wordpress.org/theme/photo-gallery.0.2.2.zip,"2026-04-15 06:58:30",https://wordpress.org/themes/photo-gallery/,5.0,5.6,100
skyline-wp,"Skyline WP",1.0.40,1.0.33,https://downloads.wordpress.org/theme/skyline-wp.1.0.40.zip,"2026-04-15 07:59:45",https://wordpress.org/themes/skyline-wp/,,5.6,3000
solar-panel-distributor,"Solar Panel Distributor",1.2.6,1.2.5,https://downloads.wordpress.org/theme/solar-panel-distributor.1.2.6.zip,"2026-04-15 07:33:45",https://wordpress.org/themes/solar-panel-distributor/,5.6,7.2,70
tech-review-blog,"Tech Review Blog",0.2.3,0.2.2,https://downloads.wordpress.org/theme/tech-review-blog.0.2.3.zip,"2026-04-15 06:59:26",https://wordpress.org/themes/tech-review-blog/,5.0,5.6,200
the-corporate-business,"The Corporate Business",1.0.17,1.0.16,https://downloads.wordpress.org/theme/the-corporate-business.1.0.17.zip,"2026-04-15 07:59:26",https://wordpress.org/themes/the-corporate-business/,,5.6,0
unique-blogger,"Unique Blogger",1.2.1,1.2.0,https://downloads.wordpress.org/theme/unique-blogger.1.2.1.zip,"2026-04-15 07:34:09",https://wordpress.org/themes/unique-blogger/,5.6,7.2,70
unique-graphic-designer,"Unique Graphic Designer",1.5.4,1.5.3,https://downloads.wordpress.org/theme/unique-graphic-designer.1.5.4.zip,"2026-04-15 07:33:53",https://wordpress.org/themes/unique-graphic-designer/,5.6,7.2,40
veterinary-shop,"Veterinary Shop",0.2.6,0.2.5,https://downloads.wordpress.org/theme/veterinary-shop.0.2.6.zip,"2026-04-15 06:59:12",https://wordpress.org/themes/veterinary-shop/,5.0,5.6,10
accommodation-rental,"Accommodation Rental",0.7.3,0.7.2,https://downloads.wordpress.org/theme/accommodation-rental.0.7.3.zip,"2026-04-15 09:42:52",https://wordpress.org/themes/accommodation-rental/,5.0,7.2,200
adventure-blog,"Adventure Blog",1.2.6,1.2.5,https://downloads.wordpress.org/theme/adventure-blog.1.2.6.zip,"2026-04-15 11:58:43",https://wordpress.org/themes/adventure-blog/,5.3,5.6,100
almighty,Almighty,1.3.3,1.3.2,https://downloads.wordpress.org/theme/almighty.1.3.3.zip,"2026-04-15 11:28:18",https://wordpress.org/themes/almighty/,5.3,5.6,100
aromatic,Aromatic,26.6,26.5,https://downloads.wordpress.org/theme/aromatic.26.6.zip,"2026-04-15 11:49:58",https://wordpress.org/themes/aromatic/,4.7,5.6,100
ayroma,Ayroma,25.9,25.8,https://downloads.wordpress.org/theme/ayroma.25.9.zip,"2026-04-15 11:51:00",https://wordpress.org/themes/ayroma/,4.7,5.6,100
caresoft,CareSoft,1.1.26,1.1.25,https://downloads.wordpress.org/theme/caresoft.1.1.26.zip,"2026-04-15 10:42:44",https://wordpress.org/themes/caresoft/,4.7,5.6,100
classic-blog,"Classic Blog",1.2.9,1.2.8,https://downloads.wordpress.org/theme/classic-blog.1.2.9.zip,"2026-04-15 11:26:42",https://wordpress.org/themes/classic-blog/,5.3,5.6,100
cozysoft,CozySoft,1.1.43,1.1.42,https://downloads.wordpress.org/theme/cozysoft.1.1.43.zip,"2026-04-15 10:42:16",https://wordpress.org/themes/cozysoft/,4.7,5.6,80
daily-mart,"Daily Mart",4.9,4.8,https://downloads.wordpress.org/theme/daily-mart.4.9.zip,"2026-04-15 11:51:34",https://wordpress.org/themes/daily-mart/,,5.6,30
diner-restaurant,"Diner Restaurant",1.7.4,1.7.3,https://downloads.wordpress.org/theme/diner-restaurant.1.7.4.zip,"2026-04-15 09:52:19",https://wordpress.org/themes/diner-restaurant/,5.0,7.2,100
easytech,EasyTech,1.1.15,1.1.14,https://downloads.wordpress.org/theme/easytech.1.1.15.zip,"2026-04-15 10:43:36",https://wordpress.org/themes/easytech/,4.7,5.6,1000
ebook-store,"Ebook Store",0.8.5,0.8.4,https://downloads.wordpress.org/theme/ebook-store.0.8.5.zip,"2026-04-15 09:53:14",https://wordpress.org/themes/ebook-store/,5.0,7.2,200
express-store,"Express Store",22.0,21.9,https://downloads.wordpress.org/theme/express-store.22.0.zip,"2026-04-15 11:52:10",https://wordpress.org/themes/express-store/,,5.6,40
feauty,Feauty,25.8,25.7,https://downloads.wordpress.org/theme/feauty.25.8.zip,"2026-04-15 11:52:56",https://wordpress.org/themes/feauty/,4.7,5.6,100
fitness-crossfit,"Fitness Crossfit",1.8.3,1.8.2,https://downloads.wordpress.org/theme/fitness-crossfit.1.8.3.zip,"2026-04-15 09:54:17",https://wordpress.org/themes/fitness-crossfit/,5.0,7.2,80
flash-blog,"Flash Blog",1.3.9,1.3.8,https://downloads.wordpress.org/theme/flash-blog.1.3.9.zip,"2026-04-15 11:34:54",https://wordpress.org/themes/flash-blog/,5.3,5.5,900
flexi-mart,"Flexi Mart",13.0,12.9,https://downloads.wordpress.org/theme/flexi-mart.13.0.zip,"2026-04-15 11:53:24",https://wordpress.org/themes/flexi-mart/,,5.6,10
flossy,Flossy,18.4,18.3,https://downloads.wordpress.org/theme/flossy.18.4.zip,"2026-04-15 11:54:15",https://wordpress.org/themes/flossy/,4.7,5.6,40
flow-store,"Flow Store",14.1,14.0,https://downloads.wordpress.org/theme/flow-store.14.1.zip,"2026-04-15 11:54:59",https://wordpress.org/themes/flow-store/,,5.6,20
grocerly,Grocerly,4.3,4.2,https://downloads.wordpress.org/theme/grocerly.4.3.zip,"2026-04-15 11:56:12",https://wordpress.org/themes/grocerly/,,5.6,80
hemila,Hemila,1.1.2,1.1.1,https://downloads.wordpress.org/theme/hemila.1.1.2.zip,"2026-04-15 11:19:19",https://wordpress.org/themes/hemila/,,7.4,100
lms-education-courses,"LMS Education Courses",0.6.0,0.5.9,https://downloads.wordpress.org/theme/lms-education-courses.0.6.0.zip,"2026-04-15 09:54:55",https://wordpress.org/themes/lms-education-courses/,5.0,7.2,200
mega-mart,"Mega Mart",4.6,4.5,https://downloads.wordpress.org/theme/mega-mart.4.6.zip,"2026-04-15 11:56:48",https://wordpress.org/themes/mega-mart/,4.7,5.6,60
paw-bazaar,"Paw Bazaar",9.8,9.7,https://downloads.wordpress.org/theme/paw-bazaar.9.8.zip,"2026-04-15 11:57:08",https://wordpress.org/themes/paw-bazaar/,,5.6,20
pet-bazaar,"Pet Bazaar",10.6,10.5,https://downloads.wordpress.org/theme/pet-bazaar.10.6.zip,"2026-04-15 11:59:05",https://wordpress.org/themes/pet-bazaar/,4.7,5.6,90
pet-store,"Pet Store",9.4,9.3,https://downloads.wordpress.org/theme/pet-store.9.4.zip,"2026-04-15 11:59:34",https://wordpress.org/themes/pet-store/,,5.6,80
retailsy,Retailsy,25.9,25.8,https://downloads.wordpress.org/theme/retailsy.25.9.zip,"2026-04-15 12:00:19",https://wordpress.org/themes/retailsy/,4.7,5.6,400
shopient,Shopient,25.8,25.7,https://downloads.wordpress.org/theme/shopient.25.8.zip,"2026-04-15 12:01:15",https://wordpress.org/themes/shopient/,4.7,5.6,1000
shopiva,Shopiva,25.8,25.7,https://downloads.wordpress.org/theme/shopiva.25.8.zip,"2026-04-15 12:02:47",https://wordpress.org/themes/shopiva/,4.7,5.6,200
shoply,Shoply,25.9,25.8,https://downloads.wordpress.org/theme/shoply.25.9.zip,"2026-04-15 12:03:51",https://wordpress.org/themes/shoply/,4.7,5.6,400
softalt,SoftAlt,1.0.70,1.0.69,https://downloads.wordpress.org/theme/softalt.1.0.70.zip,"2026-04-15 10:45:00",https://wordpress.org/themes/softalt/,4.7,5.6,100
softica,Softica,1.0.5,1.0.4,https://downloads.wordpress.org/theme/softica.1.0.5.zip,"2026-04-15 10:45:28",https://wordpress.org/themes/softica/,4.7,5.6,100
softinn,Softinn,1.1.41,1.1.40,https://downloads.wordpress.org/theme/softinn.1.1.41.zip,"2026-04-15 10:41:48",https://wordpress.org/themes/softinn/,4.7,5.6,100
softme,SoftMe,1.1.52,1.1.51,https://downloads.wordpress.org/theme/softme.1.1.52.zip,"2026-04-15 10:41:14",https://wordpress.org/themes/softme/,4.7,5.6,800
softmunch,SoftMunch,1.0.91,1.0.90,https://downloads.wordpress.org/theme/softmunch.1.0.91.zip,"2026-04-15 10:44:32",https://wordpress.org/themes/softmunch/,4.7,5.6,200
sports-blog,"Sports Blog",1.3.1,1.3.0,https://downloads.wordpress.org/theme/sports-blog.1.3.1.zip,"2026-04-15 11:42:05",https://wordpress.org/themes/sports-blog/,5.3,5.6,200
starter-gazette,"Starter Gazette",1.2.7,1.2.6,https://downloads.wordpress.org/theme/starter-gazette.1.2.7.zip,"2026-04-15 11:52:28",https://wordpress.org/themes/starter-gazette/,5.3,5.5,100
storefit,Storefit,20.5,20.4,https://downloads.wordpress.org/theme/storefit.20.5.zip,"2026-04-15 12:06:13",https://wordpress.org/themes/storefit/,,5.6,20
street-food-truck,"Street Food Truck",0.4.5,0.4.4,https://downloads.wordpress.org/theme/street-food-truck.0.4.5.zip,"2026-04-15 09:51:15",https://wordpress.org/themes/street-food-truck/,5.0,7.2,200
suntech,Suntech,1.1.19,1.1.18,https://downloads.wordpress.org/theme/suntech.1.1.19.zip,"2026-04-15 10:43:09",https://wordpress.org/themes/suntech/,4.7,5.6,200
truesoft,TrueSoft,1.0.98,1.0.97,https://downloads.wordpress.org/theme/truesoft.1.0.98.zip,"2026-04-15 10:44:03",https://wordpress.org/themes/truesoft/,4.7,5.6,200
video-podcasting,"Video Podcasting",1.1.3,1.1.2,https://downloads.wordpress.org/theme/video-podcasting.1.1.3.zip,"2026-04-15 09:51:17",https://wordpress.org/themes/video-podcasting/,5.0,7.2,100
vw-book-store,"VW Book Store",1.7.3,1.7.2,https://downloads.wordpress.org/theme/vw-book-store.1.7.3.zip,"2026-04-15 09:52:48",https://wordpress.org/themes/vw-book-store/,5.0,7.2,300
vw-fitness-gym,"VW Fitness Gym",1.4.3,1.4.2,https://downloads.wordpress.org/theme/vw-fitness-gym.1.4.3.zip,"2026-04-15 09:45:35",https://wordpress.org/themes/vw-fitness-gym/,5.0,7.2,200
vw-food-corner,"VW Food Corner",1.0.6,1.0.5,https://downloads.wordpress.org/theme/vw-food-corner.1.0.6.zip,"2026-04-15 09:47:11",https://wordpress.org/themes/vw-food-corner/,5.0,7.2,100
vw-health-coaching,"VW Health Coaching",1.8.1,1.8.0,https://downloads.wordpress.org/theme/vw-health-coaching.1.8.1.zip,"2026-04-15 09:46:22",https://wordpress.org/themes/vw-health-coaching/,5.0,7.2,200
vw-healthcare,"VW Healthcare",1.4.6,1.4.5,https://downloads.wordpress.org/theme/vw-healthcare.1.4.6.zip,"2026-04-15 09:44:47",https://wordpress.org/themes/vw-healthcare/,5.0,7.2,300
vw-kids-store,"VW Kids Store",1.9.5,1.9.4,https://downloads.wordpress.org/theme/vw-kids-store.1.9.5.zip,"2026-04-15 09:44:09",https://wordpress.org/themes/vw-kids-store/,5.0,7.2,100
vw-kids,"VW Kids",1.6.6,1.6.5,https://downloads.wordpress.org/theme/vw-kids.1.6.6.zip,"2026-04-15 09:43:52",https://wordpress.org/themes/vw-kids/,5.0,7.2,500
vw-nutritionist-coach,"VW Nutritionist Coach",1.7.3,1.7.2,https://downloads.wordpress.org/theme/vw-nutritionist-coach.1.7.3.zip,"2026-04-15 09:56:28",https://wordpress.org/themes/vw-nutritionist-coach/,5.0,7.2,200
vw-restaurant-lite,"VW Restaurant Lite",2.5.7,2.5.6,https://downloads.wordpress.org/theme/vw-restaurant-lite.2.5.7.zip,"2026-04-15 09:44:27",https://wordpress.org/themes/vw-restaurant-lite/,5.0,7.2,200
vw-wellness-coach,"VW Wellness Coach",2.2.3,2.2.2,https://downloads.wordpress.org/theme/vw-wellness-coach.2.2.3.zip,"2026-04-15 09:47:04",https://wordpress.org/themes/vw-wellness-coach/,5.0,7.2,200
web-designer,"Web Designer",0.9.4,0.9.3,https://downloads.wordpress.org/theme/web-designer.0.9.4.zip,"2026-04-15 09:50:30",https://wordpress.org/themes/web-designer/,5.0,7.2,100
acronix,Acronix,2.0.7,2.0.6,https://downloads.wordpress.org/theme/acronix.2.0.7.zip,"2026-04-15 12:34:36",https://wordpress.org/themes/acronix/,,5.6,50
aera,Aera,18.3,18.2,https://downloads.wordpress.org/theme/aera.18.3.zip,"2026-04-15 12:35:49",https://wordpress.org/themes/aera/,4.7,5.6,400
ameya,Ameya,18.2,18.1,https://downloads.wordpress.org/theme/ameya.18.2.zip,"2026-04-15 12:36:48",https://wordpress.org/themes/ameya/,4.7,5.6,500
arbuda,Arbuda,18.1,18.0,https://downloads.wordpress.org/theme/arbuda.18.1.zip,"2026-04-15 12:37:11",https://wordpress.org/themes/arbuda/,4.7,5.6,200
belltech,Belltech,18.1,18.0,https://downloads.wordpress.org/theme/belltech.18.1.zip,"2026-04-15 12:38:30",https://wordpress.org/themes/belltech/,4.7,5.6,50
builderse,Builderse,16.5,16.4,https://downloads.wordpress.org/theme/builderse.16.5.zip,"2026-04-15 12:38:49",https://wordpress.org/themes/builderse/,4.7,5.6,100
colorflow,ColorFlow,7.5,7.4,https://downloads.wordpress.org/theme/colorflow.7.5.zip,"2026-04-15 12:41:48",https://wordpress.org/themes/colorflow/,4.7,5.6,50
construction-service,"Construction Service",1.6.2,1.6.1,https://downloads.wordpress.org/theme/construction-service.1.6.2.zip,"2026-04-15 13:02:18",https://wordpress.org/themes/construction-service/,,7.2,100
creative-blog-writer,"Creative Blog Writer",2.5,2.4,https://downloads.wordpress.org/theme/creative-blog-writer.2.5.zip,"2026-04-15 13:01:24",https://wordpress.org/themes/creative-blog-writer/,,7.2,70
demolition-services,"Demolition Services",1.6.2,1.6.1,https://downloads.wordpress.org/theme/demolition-services.1.6.2.zip,"2026-04-15 13:00:36",https://wordpress.org/themes/demolition-services/,,7.2,30
eractor,Eractor,16.1,16.0,https://downloads.wordpress.org/theme/eractor.16.1.zip,"2026-04-15 12:47:01",https://wordpress.org/themes/eractor/,4.7,5.6,100
event-caterer,"Event Caterer",2.1,2.0,https://downloads.wordpress.org/theme/event-caterer.2.1.zip,"2026-04-15 13:00:02",https://wordpress.org/themes/event-caterer/,5.9,5.6,70
expert-ac-repair,"Expert AC Repair",0.4.6,0.4.5,https://downloads.wordpress.org/theme/expert-ac-repair.0.4.6.zip,"2026-04-15 12:59:15",https://wordpress.org/themes/expert-ac-repair/,,7.2,50
expert-travel-agent,"Expert Travel Agent",2.3,2.2,https://downloads.wordpress.org/theme/expert-travel-agent.2.3.zip,"2026-04-15 12:55:25",https://wordpress.org/themes/expert-travel-agent/,5.9,5.6,200
expert-travel-vlogger,"Expert Travel Vlogger",11.7,11.6,https://downloads.wordpress.org/theme/expert-travel-vlogger.11.7.zip,"2026-04-15 12:54:42",https://wordpress.org/themes/expert-travel-vlogger/,,7.2,70
fiona-food,"Fiona Food",18.3,18.2,https://downloads.wordpress.org/theme/fiona-food.18.3.zip,"2026-04-15 12:47:31",https://wordpress.org/themes/fiona-food/,4.7,5.6,60
gadget-shop,"Gadget Shop",1.0.9,1.0.8,https://downloads.wordpress.org/theme/gadget-shop.1.0.9.zip,"2026-04-15 12:57:17",https://wordpress.org/themes/gadget-shop/,,7.2,100
gadget-store,"Gadget Store",11.0.5,11.0.4,https://downloads.wordpress.org/theme/gadget-store.11.0.5.zip,"2026-04-15 12:58:11",https://wordpress.org/themes/gadget-store/,,7.2,90
medisafe,Medisafe,2.6,2.5,https://downloads.wordpress.org/theme/medisafe.2.6.zip,"2026-04-15 12:47:57",https://wordpress.org/themes/medisafe/,4.7,5.6,30
news25-prime,"News25 Prime",2.2,2.1,https://downloads.wordpress.org/theme/news25-prime.2.2.zip,"2026-04-15 12:51:16",https://wordpress.org/themes/news25-prime/,4.7,5.6,100
photography-blog,"Photography Blog",1.3.2,1.3.1,https://downloads.wordpress.org/theme/photography-blog.1.3.2.zip,"2026-04-15 12:07:41",https://wordpress.org/themes/photography-blog/,5.3,5.6,100
startbiz,StartBiz,19.1,19.0,https://downloads.wordpress.org/theme/startbiz.19.1.zip,"2026-04-15 12:52:01",https://wordpress.org/themes/startbiz/,4.7,5.6,400
storely,Storely,26.4,26.3,https://downloads.wordpress.org/theme/storely.26.4.zip,"2026-04-15 12:10:39",https://wordpress.org/themes/storely/,4.7,5.6,1000
storess,Storess,25.8,25.7,https://downloads.wordpress.org/theme/storess.25.8.zip,"2026-04-15 12:16:17",https://wordpress.org/themes/storess/,4.7,5.6,300
storezia,Storezia,25.9,25.8,https://downloads.wordpress.org/theme/storezia.25.9.zip,"2026-04-15 12:16:46",https://wordpress.org/themes/storezia/,4.7,5.6,400
super-mart,"Super Mart",4.4,4.3,https://downloads.wordpress.org/theme/super-mart.4.4.zip,"2026-04-15 12:17:13",https://wordpress.org/themes/super-mart/,,5.6,40
travel-booking-expert,"Travel Booking Expert",11.7,11.6,https://downloads.wordpress.org/theme/travel-booking-expert.11.7.zip,"2026-04-15 12:56:33",https://wordpress.org/themes/travel-booking-expert/,,7.2,50
varuda,Varuda,18.2,18.1,https://downloads.wordpress.org/theme/varuda.18.2.zip,"2026-04-15 12:52:38",https://wordpress.org/themes/varuda/,4.7,5.6,200
author-portfolio,"Author Portfolio",4.2.50,4.2.49,https://downloads.wordpress.org/theme/author-portfolio.4.2.50.zip,"2026-04-15 14:43:14",https://wordpress.org/themes/author-portfolio/,5.0,8.0,200
lighting-shop,"Lighting Shop",0.2.5,0.2.4,https://downloads.wordpress.org/theme/lighting-shop.0.2.5.zip,"2026-04-15 14:51:15",https://wordpress.org/themes/lighting-shop/,,5.6,30
royal-watch-store,"Royal Watch Store",0.2.6,0.2.5,https://downloads.wordpress.org/theme/royal-watch-store.0.2.6.zip,"2026-04-15 14:50:22",https://wordpress.org/themes/royal-watch-store/,,5.6,30
threadwears,Threadwears,2.4,2.3,https://downloads.wordpress.org/theme/threadwears.2.4.zip,"2026-04-15 15:14:24",https://wordpress.org/themes/threadwears/,5.9,5.6,100
grshop-grocery,"GrShop Grocery",1.0.4,1.0.3,https://downloads.wordpress.org/theme/grshop-grocery.1.0.4.zip,"2026-04-15 16:40:09",https://wordpress.org/themes/grshop-grocery/,,7.4,50
promptless,Promptless,1.1.0,1.0.9,https://downloads.wordpress.org/theme/promptless.1.1.0.zip,"2026-04-15 16:43:46",https://wordpress.org/themes/promptless/,6.0,7.4,40
article-blog-writer,"Article Blog Writer",0.1.0,0.0.9,https://downloads.wordpress.org/theme/article-blog-writer.0.1.0.zip,"2026-04-15 17:49:54",https://wordpress.org/themes/article-blog-writer/,5.0,7.2,100
audio-player,"Audio Player",1.5.5,1.5.4,https://downloads.wordpress.org/theme/audio-player.1.5.5.zip,"2026-04-15 17:49:08",https://wordpress.org/themes/audio-player/,5.0,7.2,60
automobile-detailing-shop,"Automobile Detailing Shop",0.1.4,0.1.3,https://downloads.wordpress.org/theme/automobile-detailing-shop.0.1.4.zip,"2026-04-15 17:47:35",https://wordpress.org/themes/automobile-detailing-shop/,5.0,7.2,40
barista-coffee-shop,"Barista Coffee Shop",2.4.5,2.4.4,https://downloads.wordpress.org/theme/barista-coffee-shop.2.4.5.zip,"2026-04-15 17:46:45",https://wordpress.org/themes/barista-coffee-shop/,5.0,7.2,100
bike-rental-shop,"Bike Rental Shop",2.0.7,2.0.6,https://downloads.wordpress.org/theme/bike-rental-shop.2.0.7.zip,"2026-04-15 17:45:59",https://wordpress.org/themes/bike-rental-shop/,5.0,7.2,200
bookseller-publication,"Bookseller Publication",0.5.3,0.5.2,https://downloads.wordpress.org/theme/bookseller-publication.0.5.3.zip,"2026-04-15 17:44:02",https://wordpress.org/themes/bookseller-publication/,,7.2,80
business-lawyer-firm,"Business Lawyer Firm",0.6.6,0.6.5,https://downloads.wordpress.org/theme/business-lawyer-firm.0.6.6.zip,"2026-04-15 17:43:22",https://wordpress.org/themes/business-lawyer-firm/,5.0,7.2,60
cake-shop-bakery,"Cake Shop Bakery",2.4.5,2.4.4,https://downloads.wordpress.org/theme/cake-shop-bakery.2.4.5.zip,"2026-04-15 17:42:38",https://wordpress.org/themes/cake-shop-bakery/,5.0,7.2,100
camping-zone,"Camping Zone",0.2.7,0.2.6,https://downloads.wordpress.org/theme/camping-zone.0.2.7.zip,"2026-04-15 17:41:52",https://wordpress.org/themes/camping-zone/,5.0,7.2,30
cat-walking,"Cat Walking",0.1.0,0.0.9,https://downloads.wordpress.org/theme/cat-walking.0.1.0.zip,"2026-04-15 17:41:05",https://wordpress.org/themes/cat-walking/,5.0,7.2,30
cinematic-videos,"Cinematic Videos",0.2.7,0.2.6,https://downloads.wordpress.org/theme/cinematic-videos.0.2.7.zip,"2026-04-15 17:40:24",https://wordpress.org/themes/cinematic-videos/,5.0,7.2,90
cooking-master-class,"Cooking Master Class",0.7.4,0.7.3,https://downloads.wordpress.org/theme/cooking-master-class.0.7.4.zip,"2026-04-15 17:39:33",https://wordpress.org/themes/cooking-master-class/,5.0,7.2,40
corporate-office,"Corporate Office",0.4.8,0.4.7,https://downloads.wordpress.org/theme/corporate-office.0.4.8.zip,"2026-04-15 17:38:29",https://wordpress.org/themes/corporate-office/,5.0,7.2,40
cosmetics-salon,"Cosmetics Salon",0.5.6,0.5.5,https://downloads.wordpress.org/theme/cosmetics-salon.0.5.6.zip,"2026-04-15 17:37:42",https://wordpress.org/themes/cosmetics-salon/,5.0,7.2,70
art-and-craft,"Art And Craft",2.9,2.8,https://downloads.wordpress.org/theme/art-and-craft.2.9.zip,"2026-04-16 05:41:32",https://wordpress.org/themes/art-and-craft/,6.1,5.6,400
call-center-services,"Call Center Services",2.9,2.8,https://downloads.wordpress.org/theme/call-center-services.2.9.zip,"2026-04-16 05:40:53",https://wordpress.org/themes/call-center-services/,6.1,5.6,100
camera-rental,"Camera Rental",2.9,2.8,https://downloads.wordpress.org/theme/camera-rental.2.9.zip,"2026-04-16 05:38:34",https://wordpress.org/themes/camera-rental/,6.1,5.6,100
church-community,"Church Community",1.2,1.1,https://downloads.wordpress.org/theme/church-community.1.2.zip,"2026-04-16 05:21:12",https://wordpress.org/themes/church-community/,6.1,5.6,30
cinema-house,"Cinema House",3.0,2.9,https://downloads.wordpress.org/theme/cinema-house.3.0.zip,"2026-04-16 05:36:49",https://wordpress.org/themes/cinema-house/,6.1,5.6,200
classic-gaming,"Classic Gaming",0.3.3,0.3.2,https://downloads.wordpress.org/theme/classic-gaming.0.3.3.zip,"2026-04-16 05:15:50",https://wordpress.org/themes/classic-gaming/,5.0,5.6,100
classic-industry,"Classic Industry",1.2.6,1.2.5,https://downloads.wordpress.org/theme/classic-industry.1.2.6.zip,"2026-04-16 05:15:46",https://wordpress.org/themes/classic-industry/,5.0,5.6,40
classic-interior,"Classic Interior",3.1.1,3.1,https://downloads.wordpress.org/theme/classic-interior.3.1.1.zip,"2026-04-16 05:15:25",https://wordpress.org/themes/classic-interior/,5.0,7.2,40
classic-internet-services,"Classic Internet Services",1.4.4,1.4.3,https://downloads.wordpress.org/theme/classic-internet-services.1.4.4.zip,"2026-04-16 05:15:15",https://wordpress.org/themes/classic-internet-services/,5.0,5.6,100
classic-kids-store,"Classic Kids Store",3.2.2,3.2.1,https://downloads.wordpress.org/theme/classic-kids-store.3.2.2.zip,"2026-04-16 05:14:46",https://wordpress.org/themes/classic-kids-store/,5.0,5.6,60
classic-kindergarten,"Classic Kindergarten",2.5.2,2.5.1,https://downloads.wordpress.org/theme/classic-kindergarten.2.5.2.zip,"2026-04-16 05:14:32",https://wordpress.org/themes/classic-kindergarten/,5.0,5.6,40
classic-landing-page,"Classic Landing Page",1.8.1,1.8,https://downloads.wordpress.org/theme/classic-landing-page.1.8.1.zip,"2026-04-16 05:14:45",https://wordpress.org/themes/classic-landing-page/,5.5,5.6,90
classic-law-firm,"Classic Law Firm",0.3.6,0.3.5,https://downloads.wordpress.org/theme/classic-law-firm.0.3.6.zip,"2026-04-16 05:14:28",https://wordpress.org/themes/classic-law-firm/,5.0,5.6,40
classic-marketing-agency,"Classic Marketing Agency",0.3.7,0.3.6,https://downloads.wordpress.org/theme/classic-marketing-agency.0.3.7.zip,"2026-04-16 05:14:09",https://wordpress.org/themes/classic-marketing-agency/,5.0,5.6,20
classic-plumbing-services,"Classic Plumbing Services",0.3.8,0.3.7,https://downloads.wordpress.org/theme/classic-plumbing-services.0.3.8.zip,"2026-04-16 05:13:50",https://wordpress.org/themes/classic-plumbing-services/,5.0,5.6,60
classic-portfolio,"Classic Portfolio",0.3.9,0.3.8,https://downloads.wordpress.org/theme/classic-portfolio.0.3.9.zip,"2026-04-16 05:13:45",https://wordpress.org/themes/classic-portfolio/,5.0,5.6,100
classic-real-estate,"Classic Real Estate",1.1.1,1.1,https://downloads.wordpress.org/theme/classic-real-estate.1.1.1.zip,"2026-04-16 05:13:43",https://wordpress.org/themes/classic-real-estate/,5.0,5.6,100
fire-fighter,"Fire Fighter",2.8,2.7,https://downloads.wordpress.org/theme/fire-fighter.2.8.zip,"2026-04-16 05:35:50",https://wordpress.org/themes/fire-fighter/,6.1,5.6,200
green-vegetable-store,"Green Vegetable Store",2.8,2.7,https://downloads.wordpress.org/theme/green-vegetable-store.2.8.zip,"2026-04-16 05:35:10",https://wordpress.org/themes/green-vegetable-store/,6.1,5.6,100
home-internet-provider,"Home Internet Provider",2.9,2.8,https://downloads.wordpress.org/theme/home-internet-provider.2.9.zip,"2026-04-16 05:33:50",https://wordpress.org/themes/home-internet-provider/,6.1,5.6,200
interior-design-firm,"Interior Design Firm",3.0,2.9,https://downloads.wordpress.org/theme/interior-design-firm.3.0.zip,"2026-04-16 05:33:02",https://wordpress.org/themes/interior-design-firm/,6.1,5.6,200
pizza-delivery,"Pizza Delivery",2.8,2.7,https://downloads.wordpress.org/theme/pizza-delivery.2.8.zip,"2026-04-16 05:32:07",https://wordpress.org/themes/pizza-delivery/,6.1,5.6,80
radio-shows,"Radio Shows",2.8,2.7,https://downloads.wordpress.org/theme/radio-shows.2.8.zip,"2026-04-16 05:30:59",https://wordpress.org/themes/radio-shows/,6.1,5.6,300
transport-services,"Transport Services",2.7,2.6,https://downloads.wordpress.org/theme/transport-services.2.7.zip,"2026-04-16 05:30:05",https://wordpress.org/themes/transport-services/,6.1,5.6,300
waste-management-firm,"Waste Management Firm",2.2,2.1,https://downloads.wordpress.org/theme/waste-management-firm.2.2.zip,"2026-04-16 05:29:16",https://wordpress.org/themes/waste-management-firm/,6.1,5.6,200
waterproofing-services,"Waterproofing Services",2.7,2.6,https://downloads.wordpress.org/theme/waterproofing-services.2.7.zip,"2026-04-16 05:24:22",https://wordpress.org/themes/waterproofing-services/,6.1,5.6,70
web-designer-portfolio,"Web Designer Portfolio",2.8,2.7,https://downloads.wordpress.org/theme/web-designer-portfolio.2.8.zip,"2026-04-16 05:23:04",https://wordpress.org/themes/web-designer-portfolio/,6.1,5.6,200
driftor,Driftor,1.0,,https://downloads.wordpress.org/theme/driftor.1.0.zip,"2026-04-16 04:31:53",https://wordpress.org/themes/driftor/,6.7,7.2,0
bosa,Bosa,1.6.4,1.6.3,https://downloads.wordpress.org/theme/bosa.1.6.4.zip,"2026-04-16 06:52:49",https://wordpress.org/themes/bosa/,,5.6,8000
construction-equipments,"Construction Equipments",1.1,0.1,https://downloads.wordpress.org/theme/construction-equipments.1.1.zip,"2026-04-16 07:17:27",https://wordpress.org/themes/construction-equipments/,5.5,5.6,20
empowerwp,EmpowerWP,1.0.58,1.0.55,https://downloads.wordpress.org/theme/empowerwp.1.0.58.zip,"2026-04-16 06:24:43",https://wordpress.org/themes/empowerwp/,,5.6,4000
express-movers,"Express Movers",22.0,21.0,https://downloads.wordpress.org/theme/express-movers.22.0.zip,"2026-04-16 07:12:51",https://wordpress.org/themes/express-movers/,,7.4,30
feminine-shop,"Feminine Shop",1.1.4,1.1.3,https://downloads.wordpress.org/theme/feminine-shop.1.1.4.zip,"2026-04-16 07:04:07",https://wordpress.org/themes/feminine-shop/,5.0,7.2,100
halloween-party,"Halloween Party",0.8.2,0.8.1,https://downloads.wordpress.org/theme/halloween-party.0.8.2.zip,"2026-04-16 07:05:40",https://wordpress.org/themes/halloween-party/,5.0,7.2,100
highlight,Highlight,1.0.66,1.0.63,https://downloads.wordpress.org/theme/highlight.1.0.66.zip,"2026-04-16 06:25:13",https://wordpress.org/themes/highlight/,,5.6,9000
land-excavator,"Land Excavator",2.6.3,2.6.2,https://downloads.wordpress.org/theme/land-excavator.2.6.3.zip,"2026-04-16 07:16:58",https://wordpress.org/themes/land-excavator/,5.5,7.2,80
makeup-artist,"Makeup Artist",1.0.8,1.0.7,https://downloads.wordpress.org/theme/makeup-artist.1.0.8.zip,"2026-04-16 07:07:34",https://wordpress.org/themes/makeup-artist/,5.0,7.2,60
mesmerize,Mesmerize,1.6.184,1.6.180,https://downloads.wordpress.org/theme/mesmerize.1.6.184.zip,"2026-04-16 06:24:08",https://wordpress.org/themes/mesmerize/,,5.6,20000
music-recording-studio,"Music Recording Studio",1.0.7,1.0.6,https://downloads.wordpress.org/theme/music-recording-studio.1.0.7.zip,"2026-04-16 07:08:20",https://wordpress.org/themes/music-recording-studio/,5.0,7.2,200
musician-band-artist,"Musician Band Artist",0.7.3,0.7.2,https://downloads.wordpress.org/theme/musician-band-artist.0.7.3.zip,"2026-04-16 07:10:02",https://wordpress.org/themes/musician-band-artist/,5.0,7.2,100
plastic-surgery-clinic,"Plastic Surgery Clinic",0.7.5,0.7.4,https://downloads.wordpress.org/theme/plastic-surgery-clinic.0.7.5.zip,"2026-04-16 07:04:40",https://wordpress.org/themes/plastic-surgery-clinic/,5.0,7.2,100
podcaster-radio,"Podcaster Radio",0.7.6,0.7.5,https://downloads.wordpress.org/theme/podcaster-radio.0.7.6.zip,"2026-04-16 07:05:16",https://wordpress.org/themes/podcaster-radio/,5.0,7.2,300
vw-dark,"VW Dark",0.9.7,0.9.6,https://downloads.wordpress.org/theme/vw-dark.0.9.7.zip,"2026-04-16 07:13:58",https://wordpress.org/themes/vw-dark/,5.0,7.2,100
vw-job-board,"VW Job Board",0.9.5,0.9.4,https://downloads.wordpress.org/theme/vw-job-board.0.9.5.zip,"2026-04-16 07:05:39",https://wordpress.org/themes/vw-job-board/,5.0,7.2,300
authorpro,AuthorPro,1.0.4,,https://downloads.wordpress.org/theme/authorpro.1.0.4.zip,"2026-04-16 07:20:58",https://wordpress.org/themes/authorpro/,6.0,7.4,0
bridal-store,"Bridal Store",2.6,2.5,https://downloads.wordpress.org/theme/bridal-store.2.6.zip,"2026-04-16 09:01:32",https://wordpress.org/themes/bridal-store/,6.1,7.2,40
broker-agency,"Broker Agency",1.7,1.6,https://downloads.wordpress.org/theme/broker-agency.1.7.zip,"2026-04-16 09:00:36",https://wordpress.org/themes/broker-agency/,6.1,7.2,100
digital-growth-strategist,"Digital Growth Strategist",2.4,2.3,https://downloads.wordpress.org/theme/digital-growth-strategist.2.4.zip,"2026-04-16 08:59:54",https://wordpress.org/themes/digital-growth-strategist/,6.1,7.2,50
digital-services-company,"Digital Services Company",1.0.6,1.0.5,https://downloads.wordpress.org/theme/digital-services-company.1.0.6.zip,"2026-04-16 08:59:15",https://wordpress.org/themes/digital-services-company/,6.1,7.2,40
dogcare-grooming,"Dogcare Grooming",2.4,2.3,https://downloads.wordpress.org/theme/dogcare-grooming.2.4.zip,"2026-04-16 08:58:13",https://wordpress.org/themes/dogcare-grooming/,6.1,7.2,30
ecommerce-trendy-outfits,"Ecommerce Trendy Outfits",2.3,2.2,https://downloads.wordpress.org/theme/ecommerce-trendy-outfits.2.3.zip,"2026-04-16 08:57:28",https://wordpress.org/themes/ecommerce-trendy-outfits/,6.1,7.2,200
family-photographer,"Family Photographer",2.3,2.2,https://downloads.wordpress.org/theme/family-photographer.2.3.zip,"2026-04-16 08:56:43",https://wordpress.org/themes/family-photographer/,6.1,7.2,100
florist-blocks,"Florist Blocks",1.8,1.7,https://downloads.wordpress.org/theme/florist-blocks.1.8.zip,"2026-04-16 08:53:08",https://wordpress.org/themes/florist-blocks/,6.1,7.2,30
fse-green,"FSE Green",1.5,1.4,https://downloads.wordpress.org/theme/fse-green.1.5.zip,"2026-04-16 08:52:33",https://wordpress.org/themes/fse-green/,6.1,7.2,100
home-theatre,"Home Theatre",2.6,2.5,https://downloads.wordpress.org/theme/home-theatre.2.6.zip,"2026-04-16 08:51:57",https://wordpress.org/themes/home-theatre/,6.1,7.2,60
luxestay-hotel,"Luxestay Hotel",1.3.6,1.3.5,https://downloads.wordpress.org/theme/luxestay-hotel.1.3.6.zip,"2026-04-16 08:36:13",https://wordpress.org/themes/luxestay-hotel/,,7.0,10
minimal-muse,"Minimal Muse",1.6.6,1.6.5,https://downloads.wordpress.org/theme/minimal-muse.1.6.6.zip,"2026-04-16 08:38:10",https://wordpress.org/themes/minimal-muse/,,7.0,80
mono-portfolio,"Mono Portfolio",1.1.0,1.0.9,https://downloads.wordpress.org/theme/mono-portfolio.1.1.0.zip,"2026-04-16 08:39:59",https://wordpress.org/themes/mono-portfolio/,,7.0,20
moonlit-dark,"Moonlit Dark",1.6.4,1.6.3,https://downloads.wordpress.org/theme/moonlit-dark.1.6.4.zip,"2026-04-16 08:41:30",https://wordpress.org/themes/moonlit-dark/,,7.0,50
organica-store,"Organica Store",1.0.8,1.0.7,https://downloads.wordpress.org/theme/organica-store.1.0.8.zip,"2026-04-16 08:43:16",https://wordpress.org/themes/organica-store/,,7.0,30
pawprints-blog,"Pawprints Blog",1.5.0,1.4.9,https://downloads.wordpress.org/theme/pawprints-blog.1.5.0.zip,"2026-04-16 08:45:15",https://wordpress.org/themes/pawprints-blog/,,7.0,60
plant-nest,"Plant Nest",1.0.6,1.0.5,https://downloads.wordpress.org/theme/plant-nest.1.0.6.zip,"2026-04-16 08:47:00",https://wordpress.org/themes/plant-nest/,,7.0,40
quest-blog,"Quest Blog",1.2.3,1.2.2,https://downloads.wordpress.org/theme/quest-blog.1.2.3.zip,"2026-04-16 08:48:38",https://wordpress.org/themes/quest-blog/,,7.0,200
recipe-realm-blog,"Recipe Realm Blog",1.5.6,1.5.5,https://downloads.wordpress.org/theme/recipe-realm-blog.1.5.6.zip,"2026-04-16 08:50:42",https://wordpress.org/themes/recipe-realm-blog/,,7.0,20
spa-serenity,"Spa Serenity",1.4.4,1.4.3,https://downloads.wordpress.org/theme/spa-serenity.1.4.4.zip,"2026-04-16 08:52:24",https://wordpress.org/themes/spa-serenity/,,7.0,30
spectra-one,"Spectra One",1.2.0,1.1.8,https://downloads.wordpress.org/theme/spectra-one.1.2.0.zip,"2026-04-16 08:12:03",https://wordpress.org/themes/spectra-one/,6.1,7.4,8000
spotless-cleaning,"Spotless Cleaning",1.3.5,1.3.4,https://downloads.wordpress.org/theme/spotless-cleaning.1.3.5.zip,"2026-04-16 08:54:01",https://wordpress.org/themes/spotless-cleaning/,,7.2,20
storyline-blog,"Storyline Blog",1.1.3,1.1.2,https://downloads.wordpress.org/theme/storyline-blog.1.1.3.zip,"2026-04-16 08:55:58",https://wordpress.org/themes/storyline-blog/,,7.0,40
urban-restaurant,"Urban Restaurant",1.2.3,1.2.2,https://downloads.wordpress.org/theme/urban-restaurant.1.2.3.zip,"2026-04-16 08:57:36",https://wordpress.org/themes/urban-restaurant/,,7.0,10
vitality-blog,"Vitality Blog",1.5.0,1.4.9,https://downloads.wordpress.org/theme/vitality-blog.1.5.0.zip,"2026-04-16 08:59:23",https://wordpress.org/themes/vitality-blog/,,7.0,70
vogue-blog,"Vogue Blog",1.4.6,1.4.5,https://downloads.wordpress.org/theme/vogue-blog.1.4.6.zip,"2026-04-16 09:00:48",https://wordpress.org/themes/vogue-blog/,,7.0,20
vortexnews,VortexNews,2.4.6,2.4.5,https://downloads.wordpress.org/theme/vortexnews.2.4.6.zip,"2026-04-16 09:02:15",https://wordpress.org/themes/vortexnews/,,7.0,200
zenflow-yoga,"Zenflow Yoga",1.2.8,1.2.7,https://downloads.wordpress.org/theme/zenflow-yoga.1.2.8.zip,"2026-04-16 09:03:59",https://wordpress.org/themes/zenflow-yoga/,,7.0,70
appointable,Appointable,18.0,17.9,https://downloads.wordpress.org/theme/appointable.18.0.zip,"2026-04-16 10:42:55",https://wordpress.org/themes/appointable/,4.7,5.6,50
arkbiz,ArkBiz,18.0,17.9,https://downloads.wordpress.org/theme/arkbiz.18.0.zip,"2026-04-16 10:50:02",https://wordpress.org/themes/arkbiz/,4.7,5.6,60
astra,Astra,4.13.0,4.12.7,https://downloads.wordpress.org/theme/astra.4.13.0.zip,"2026-04-16 11:17:20",https://wordpress.org/themes/astra/,5.3,5.3,1000000
biographyn,Biographyn,1.0.5,1.0.4,https://downloads.wordpress.org/theme/biographyn.1.0.5.zip,"2026-04-16 10:01:29",https://wordpress.org/themes/biographyn/,5.0,5.6,50
cartable,Cartable,18.0,17.9,https://downloads.wordpress.org/theme/cartable.18.0.zip,"2026-04-16 10:40:23",https://wordpress.org/themes/cartable/,4.7,5.6,100
fortify,Fortify,10.0,9.9,https://downloads.wordpress.org/theme/fortify.10.0.zip,"2026-04-16 10:47:17",https://wordpress.org/themes/fortify/,4.7,5.6,40
heropress,HeroPress,20.0,19.9,https://downloads.wordpress.org/theme/heropress.20.0.zip,"2026-04-16 10:46:11",https://wordpress.org/themes/heropress/,4.7,5.6,300
hodophile,Hodophile,1.0.5,1.0.4,https://downloads.wordpress.org/theme/hodophile.1.0.5.zip,"2026-04-16 10:00:14",https://wordpress.org/themes/hodophile/,5.0,7.4,30
hstore,hstore,18.0,17.9,https://downloads.wordpress.org/theme/hstore.18.0.zip,"2026-04-16 10:44:43",https://wordpress.org/themes/hstore/,4.7,5.6,20
ideate,Ideate,18.0,17.9,https://downloads.wordpress.org/theme/ideate.18.0.zip,"2026-04-16 10:37:33",https://wordpress.org/themes/ideate/,4.7,5.6,50
laxity,Laxity,18.0,17.9,https://downloads.wordpress.org/theme/laxity.18.0.zip,"2026-04-16 10:37:11",https://wordpress.org/themes/laxity/,4.7,5.6,60
magzee,MagZee,20.0,19.9,https://downloads.wordpress.org/theme/magzee.20.0.zip,"2026-04-16 10:34:27",https://wordpress.org/themes/magzee/,4.7,5.6,600
neek,Neek,18.0,17.9,https://downloads.wordpress.org/theme/neek.18.0.zip,"2026-04-16 10:34:01",https://wordpress.org/themes/neek/,4.7,5.6,80
newzpaper,Newzpaper,1.0.3,1.0.2,https://downloads.wordpress.org/theme/newzpaper.1.0.3.zip,"2026-04-16 10:00:52",https://wordpress.org/themes/newzpaper/,5.0,5.6,30
online-pharmacy,"Online Pharmacy",6.9,6.8,https://downloads.wordpress.org/theme/online-pharmacy.6.9.zip,"2026-04-16 11:19:29",https://wordpress.org/themes/online-pharmacy/,5.0.1,5.6,200
product-review,"Product Review",2.3,2.2,https://downloads.wordpress.org/theme/product-review.2.3.zip,"2026-04-16 11:18:32",https://wordpress.org/themes/product-review/,5.0,5.6,100
proficient,Proficient,19.9,19.8,https://downloads.wordpress.org/theme/proficient.19.9.zip,"2026-04-16 10:44:08",https://wordpress.org/themes/proficient/,4.7,5.6,700
stationary-bookstore,"Stationary Bookstore",5.2,5.1,https://downloads.wordpress.org/theme/stationary-bookstore.5.2.zip,"2026-04-16 11:17:22",https://wordpress.org/themes/stationary-bookstore/,5.0,5.6,80
whole,Whole,1.0.4,1.0.3,https://downloads.wordpress.org/theme/whole.1.0.4.zip,"2026-04-16 10:02:44",https://wordpress.org/themes/whole/,5.0,5.6,40
woostify,Woostify,2.5.1,2.5.0,https://downloads.wordpress.org/theme/woostify.2.5.1.zip,"2026-04-16 09:52:19",https://wordpress.org/themes/woostify/,4.7,7.3,50000
air-condition-repair,"Air Condition Repair",2.3,2.2,https://downloads.wordpress.org/theme/air-condition-repair.2.3.zip,"2026-04-16 11:37:33",https://wordpress.org/themes/air-condition-repair/,5.0,5.6,30
airtheme,AirTheme,1.0.10,1.0.9,https://downloads.wordpress.org/theme/airtheme.1.0.10.zip,"2026-04-16 12:25:29",https://wordpress.org/themes/airtheme/,6.0,7.4,30
appliance-ecommerce-store,"Appliance Ecommerce Store",2.2,2.1,https://downloads.wordpress.org/theme/appliance-ecommerce-store.2.2.zip,"2026-04-16 11:36:18",https://wordpress.org/themes/appliance-ecommerce-store/,5.0,5.6,300
author-writer,"Author Writer",4.6,4.5,https://downloads.wordpress.org/theme/author-writer.4.6.zip,"2026-04-16 11:35:25",https://wordpress.org/themes/author-writer/,5.0,5.6,200
avenza,Avenza,2.1.0,2.0.9,https://downloads.wordpress.org/theme/avenza.2.1.0.zip,"2026-04-16 12:27:40",https://wordpress.org/themes/avenza/,,5.6,80
avitech,Avitech,18.1,18.0,https://downloads.wordpress.org/theme/avitech.18.1.zip,"2026-04-16 12:55:20",https://wordpress.org/themes/avitech/,4.7,5.6,200
avtari,Avtari,18.1,18.0,https://downloads.wordpress.org/theme/avtari.18.1.zip,"2026-04-16 12:52:23",https://wordpress.org/themes/avtari/,4.7,5.6,100
azwa,Azwa,18.2,18.1,https://downloads.wordpress.org/theme/azwa.18.2.zip,"2026-04-16 12:39:19",https://wordpress.org/themes/azwa/,4.7,5.6,200
bakery-elementor,"Bakery Elementor",0.2.8,0.2.7,https://downloads.wordpress.org/theme/bakery-elementor.0.2.8.zip,"2026-04-16 13:19:36",https://wordpress.org/themes/bakery-elementor/,5.0,5.6,100
bookstore-library,"Bookstore Library",2.5,2.4,https://downloads.wordpress.org/theme/bookstore-library.2.5.zip,"2026-04-16 11:34:01",https://wordpress.org/themes/bookstore-library/,5.0,5.6,70
cormex,Cormex,10.6,10.5,https://downloads.wordpress.org/theme/cormex.10.6.zip,"2026-04-16 12:38:22",https://wordpress.org/themes/cormex/,,5.6,30
cultural-festival,"Cultural Festival",1.2.5,1.2.4,https://downloads.wordpress.org/theme/cultural-festival.1.2.5.zip,"2026-04-16 13:23:24",https://wordpress.org/themes/cultural-festival/,5.6,7.2,60
destination-hotel-booking,"Destination Hotel Booking",2.3,2.2,https://downloads.wordpress.org/theme/destination-hotel-booking.2.3.zip,"2026-04-16 11:33:11",https://wordpress.org/themes/destination-hotel-booking/,5.0,5.6,100
ecommerce-bookshop,"Ecommerce Bookshop",5.2,5.1,https://downloads.wordpress.org/theme/ecommerce-bookshop.5.2.zip,"2026-04-16 11:24:25",https://wordpress.org/themes/ecommerce-bookshop/,5.0,5.6,200
envira,Envira,18.1,18.0,https://downloads.wordpress.org/theme/envira.18.1.zip,"2026-04-16 12:37:00",https://wordpress.org/themes/envira/,4.7,5.6,200
fiona-news,"Fiona News",18.3,18.2,https://downloads.wordpress.org/theme/fiona-news.18.3.zip,"2026-04-16 12:34:32",https://wordpress.org/themes/fiona-news/,4.7,5.6,60
health-care-hospital,"Health Care Hospital",5.8,5.7,https://downloads.wordpress.org/theme/health-care-hospital.5.8.zip,"2026-04-16 11:23:03",https://wordpress.org/themes/health-care-hospital/,5.0,5.6,100
healthcare-medicine,"Healthcare Medicine",5.5,5.4,https://downloads.wordpress.org/theme/healthcare-medicine.5.5.zip,"2026-04-16 11:22:10",https://wordpress.org/themes/healthcare-medicine/,5.0,5.6,100
laboratory-pharmacy-store,"Laboratory Pharmacy Store",5.9,5.8,https://downloads.wordpress.org/theme/laboratory-pharmacy-store.5.9.zip,"2026-04-16 11:21:09",https://wordpress.org/themes/laboratory-pharmacy-store/,5.0,5.6,100
medical-medicare,"Medical Medicare",5.5,5.4,https://downloads.wordpress.org/theme/medical-medicare.5.5.zip,"2026-04-16 11:20:13",https://wordpress.org/themes/medical-medicare/,5.0,5.6,100
news25-breaking,"News25 Breaking",2.3,2.2,https://downloads.wordpress.org/theme/news25-breaking.2.3.zip,"2026-04-16 12:31:15",https://wordpress.org/themes/news25-breaking/,4.7,5.6,100
pastry-shop,"Pastry Shop",1.2.1,1.2.0,https://downloads.wordpress.org/theme/pastry-shop.1.2.1.zip,"2026-04-16 13:24:00",https://wordpress.org/themes/pastry-shop/,5.6,7.2,40
poultry-farm,"Poultry Farm",1.2.9,1.2.8,https://downloads.wordpress.org/theme/poultry-farm.1.2.9.zip,"2026-04-16 13:23:54",https://wordpress.org/themes/poultry-farm/,5.6,7.2,100
production-industry,"Production Industry",0.1.4,0.1.3,https://downloads.wordpress.org/theme/production-industry.0.1.4.zip,"2026-04-16 13:19:55",https://wordpress.org/themes/production-industry/,5.0,7.2,60
profolio,Profolio,10.2,10.1,https://downloads.wordpress.org/theme/profolio.10.2.zip,"2026-04-16 12:29:52",https://wordpress.org/themes/profolio/,,5.6,70
sports-agency,"Sports Agency",0.1.6,0.1.5,https://downloads.wordpress.org/theme/sports-agency.0.1.6.zip,"2026-04-16 13:20:01",https://wordpress.org/themes/sports-agency/,5.0,7.2,100
techine,Techine,18.1,18.0,https://downloads.wordpress.org/theme/techine.18.1.zip,"2026-04-16 12:27:59",https://wordpress.org/themes/techine/,4.7,5.6,100
thai-spa,"Thai Spa",18.3,18.2,https://downloads.wordpress.org/theme/thai-spa.18.3.zip,"2026-04-16 12:37:40",https://wordpress.org/themes/thai-spa/,4.7,5.6,300
timeblog,TimeBlog,14.3,14.2,https://downloads.wordpress.org/theme/timeblog.14.3.zip,"2026-04-16 12:35:42",https://wordpress.org/themes/timeblog/,4.7,5.6,100
unique-freelancer-portfolio,"Unique Freelancer Portfolio",1.2.2,1.2.1,https://downloads.wordpress.org/theme/unique-freelancer-portfolio.1.2.2.zip,"2026-04-16 13:23:33",https://wordpress.org/themes/unique-freelancer-portfolio/,5.6,7.2,30
unique-fun-center,"Unique Fun Center",1.5.9,1.5.8,https://downloads.wordpress.org/theme/unique-fun-center.1.5.9.zip,"2026-04-16 13:23:41",https://wordpress.org/themes/unique-fun-center/,5.6,7.2,200
vertical-gardening,"Vertical Gardening",0.1.3,0.1.2,https://downloads.wordpress.org/theme/vertical-gardening.0.1.3.zip,"2026-04-16 13:20:12",https://wordpress.org/themes/vertical-gardening/,5.0,7.2,30
webaura,WebAura,2.6,2.5,https://downloads.wordpress.org/theme/webaura.2.6.zip,"2026-04-16 12:31:59",https://wordpress.org/themes/webaura/,4.7,5.6,90
websy,Websy,4.3,4.2,https://downloads.wordpress.org/theme/websy.4.3.zip,"2026-04-16 12:30:14",https://wordpress.org/themes/websy/,4.7,5.6,200
writers-portfolio,"Writers Portfolio",1.2.9,1.2.8,https://downloads.wordpress.org/theme/writers-portfolio.1.2.9.zip,"2026-04-16 12:19:04",https://wordpress.org/themes/writers-portfolio/,5.0,7.1,60
xews-lite,"Xews Lite",1.1.3,1.1.2,https://downloads.wordpress.org/theme/xews-lite.1.1.3.zip,"2026-04-16 14:06:41",https://wordpress.org/themes/xews-lite/,,7.4,100
yoga-center,"Yoga Center",0.1.7,0.1.6,https://downloads.wordpress.org/theme/yoga-center.0.1.7.zip,"2026-04-16 13:19:46",https://wordpress.org/themes/yoga-center/,5.0,5.6,40
brandy,Brandy,1.5.6,1.5.5,https://downloads.wordpress.org/theme/brandy.1.5.6.zip,"2026-04-16 14:16:55",https://wordpress.org/themes/brandy/,5.0,5.3,100
careers,Careers,1.4.0,1.3.3,https://downloads.wordpress.org/theme/careers.1.4.0.zip,"2026-04-16 14:46:50",https://wordpress.org/themes/careers/,6.6,7.4,80
st-laundry-services,"ST Laundry Services",1.4,1.3,https://downloads.wordpress.org/theme/st-laundry-services.1.4.zip,"2026-04-16 14:24:52",https://wordpress.org/themes/st-laundry-services/,4.7,5.2,0
versana,Versana,1.0.9,1.0.8,https://downloads.wordpress.org/theme/versana.1.0.9.zip,"2026-04-16 14:46:32",https://wordpress.org/themes/versana/,6.0,7.4,20
newspare,NewSpare,4.0.2,4.0.1,https://downloads.wordpress.org/theme/newspare.4.0.2.zip,"2026-04-16 17:19:14",https://wordpress.org/themes/newspare/,5.0,5.0,200
movers-agency,"Movers Agency",3.8,3.6,https://downloads.wordpress.org/theme/movers-agency.3.8.zip,"2026-04-16 18:32:07",https://wordpress.org/themes/movers-agency/,,7.2,20
organic-gardening,"Organic Gardening",2.7,2.6,https://downloads.wordpress.org/theme/organic-gardening.2.7.zip,"2026-04-16 18:30:59",https://wordpress.org/themes/organic-gardening/,,7.0,30
ott-tv-shows,"OTT TV Shows",3.2,3.1,https://downloads.wordpress.org/theme/ott-tv-shows.3.2.zip,"2026-04-16 18:28:25",https://wordpress.org/themes/ott-tv-shows/,,7.0,40
packers-agency,"Packers Agency",3.0,2.9,https://downloads.wordpress.org/theme/packers-agency.3.0.zip,"2026-04-16 18:26:34",https://wordpress.org/themes/packers-agency/,,7.0,30
prime-cyber-security,"Prime Cyber Security",2.8,2.6,https://downloads.wordpress.org/theme/prime-cyber-security.2.8.zip,"2026-04-16 18:25:25",https://wordpress.org/themes/prime-cyber-security/,,7.0,30
prime-education-learning,"Prime Education Learning",3.5,3.4,https://downloads.wordpress.org/theme/prime-education-learning.3.5.zip,"2026-04-16 18:24:06",https://wordpress.org/themes/prime-education-learning/,,7.0,60
prime-fashion,"Prime Fashion",2.8,2.5,https://downloads.wordpress.org/theme/prime-fashion.2.8.zip,"2026-04-16 18:23:06",https://wordpress.org/themes/prime-fashion/,,7.0,40
prime-tutor-academy,"Prime Tutor Academy",2.9,2.7,https://downloads.wordpress.org/theme/prime-tutor-academy.2.9.zip,"2026-04-16 18:21:48",https://wordpress.org/themes/prime-tutor-academy/,,7.0,50
psychologist-counselor,"Psychologist Counselor",2.5,2.4,https://downloads.wordpress.org/theme/psychologist-counselor.2.5.zip,"2026-04-16 18:20:35",https://wordpress.org/themes/psychologist-counselor/,,7.0,30
seo-consultant,"SEO Consultant",2.9,2.8,https://downloads.wordpress.org/theme/seo-consultant.2.9.zip,"2026-04-16 18:19:30",https://wordpress.org/themes/seo-consultant/,,7.0,20
minimind,Minimind,1.1.0,1.0.3,https://downloads.wordpress.org/theme/minimind.1.1.0.zip,"2026-04-16 23:37:52",https://wordpress.org/themes/minimind/,6.9,7.2,70
organic-honey,"Organic Honey",1.7,1.6,https://downloads.wordpress.org/theme/organic-honey.1.7.zip,"2026-04-17 01:33:24",https://wordpress.org/themes/organic-honey/,6.1,7.2,60
organic-store,"Organic Store",2.4,2.3,https://downloads.wordpress.org/theme/organic-store.2.4.zip,"2026-04-17 01:32:47",https://wordpress.org/themes/organic-store/,6.1,7.2,100
readers-digest,"Readers Digest",1.9,1.8,https://downloads.wordpress.org/theme/readers-digest.1.9.zip,"2026-04-17 01:32:13",https://wordpress.org/themes/readers-digest/,6.1,7.2,20
skincues-lite,"Skincues Lite",2.2,2.1.1,https://downloads.wordpress.org/theme/skincues-lite.2.2.zip,"2026-04-17 01:54:47",https://wordpress.org/themes/skincues-lite/,5.9,7.4,50
titan-tools-center,"Titan Tools center",2.0,1.9,https://downloads.wordpress.org/theme/titan-tools-center.2.0.zip,"2026-04-17 01:31:03",https://wordpress.org/themes/titan-tools-center/,6.1,7.2,100
vacation-booking,"Vacation Booking",2.5,2.4,https://downloads.wordpress.org/theme/vacation-booking.2.5.zip,"2026-04-17 01:30:25",https://wordpress.org/themes/vacation-booking/,6.1,7.2,100
web-designer-blocks,"Web Designer Blocks",1.4,1.3,https://downloads.wordpress.org/theme/web-designer-blocks.1.4.zip,"2026-04-17 01:29:47",https://wordpress.org/themes/web-designer-blocks/,6.1,7.2,60
web-designer-courses,"Web Designer Courses",1.4,1.3,https://downloads.wordpress.org/theme/web-designer-courses.1.4.zip,"2026-04-17 01:29:10",https://wordpress.org/themes/web-designer-courses/,6.1,7.2,30
cafeteria-elementor,"Cafeteria Elementor",1.1.1,1.1.0,https://downloads.wordpress.org/theme/cafeteria-elementor.1.1.1.zip,"2026-04-17 05:21:31",https://wordpress.org/themes/cafeteria-elementor/,5.6,7.2,100
charitable-trust,"Charitable Trust",1.1.6,1.1.5,https://downloads.wordpress.org/theme/charitable-trust.1.1.6.zip,"2026-04-17 05:21:22",https://wordpress.org/themes/charitable-trust/,5.6,7.2,60
circle-photography,"Circle Photography",1.0.3,1.0.2,https://downloads.wordpress.org/theme/circle-photography.1.0.3.zip,"2026-04-17 05:16:01",https://wordpress.org/themes/circle-photography/,5.9,7.0,500
clothing-brand-store,"Clothing Brand Store",0.3.5,0.3.4,https://downloads.wordpress.org/theme/clothing-brand-store.0.3.5.zip,"2026-04-17 05:24:36",https://wordpress.org/themes/clothing-brand-store/,5.6,7.2,100
florist-elementor,"Florist Elementor",1.2.6,1.2.5,https://downloads.wordpress.org/theme/florist-elementor.1.2.6.zip,"2026-04-17 05:21:13",https://wordpress.org/themes/florist-elementor/,5.6,7.2,60
live-music-band,"Live Music Band",0.1.9,0.1.8,https://downloads.wordpress.org/theme/live-music-band.0.1.9.zip,"2026-04-17 05:14:22",https://wordpress.org/themes/live-music-band/,5.0,5.6,100
luxury-watch-store,"Luxury Watch Store",0.1.6,0.1.5,https://downloads.wordpress.org/theme/luxury-watch-store.0.1.6.zip,"2026-04-17 05:14:32",https://wordpress.org/themes/luxury-watch-store/,5.0,7.2,80
medical-store,"Medical Store",0.1.6,0.1.5,https://downloads.wordpress.org/theme/medical-store.0.1.6.zip,"2026-04-17 05:14:10",https://wordpress.org/themes/medical-store/,5.0,7.2,100
nexter,Nexter,4.2.9,4.2.8,https://downloads.wordpress.org/theme/nexter.4.2.9.zip,"2026-04-17 05:55:26",https://wordpress.org/themes/nexter/,4.7,5.6,2000
property-broker,"Property Broker",1.1.4,1.1.3,https://downloads.wordpress.org/theme/property-broker.1.1.4.zip,"2026-04-17 05:21:40",https://wordpress.org/themes/property-broker/,5.6,7.2,20
tattoo-studio,"Tattoo Studio",0.2.0,0.1.9,https://downloads.wordpress.org/theme/tattoo-studio.0.2.0.zip,"2026-04-17 05:13:52",https://wordpress.org/themes/tattoo-studio/,5.0,5.6,90
tour-booking-agency,"Tour booking Agency",0.1.5,0.1.4,https://downloads.wordpress.org/theme/tour-booking-agency.0.1.5.zip,"2026-04-17 05:14:01",https://wordpress.org/themes/tour-booking-agency/,5.0,7.2,70
blogging-hub,"Blogging Hub",1.0,,https://downloads.wordpress.org/theme/blogging-hub.1.0.zip,"2026-04-17 06:01:22",https://wordpress.org/themes/blogging-hub/,5.5,5.6,0
blogmode,Blogmode,0.2,,https://downloads.wordpress.org/theme/blogmode.0.2.zip,"2026-04-17 06:01:12",https://wordpress.org/themes/blogmode/,6.6,7.4,0
general-insurance-agency,"General Insurance Agency",1.3.0,1.2.9,https://downloads.wordpress.org/theme/general-insurance-agency.1.3.0.zip,"2026-04-17 06:39:56",https://wordpress.org/themes/general-insurance-agency/,5.0,7.2,70
lz-toy-store,"LZ Toy Store",0.7.7,0.7.6,https://downloads.wordpress.org/theme/lz-toy-store.0.7.7.zip,"2026-04-17 06:41:08",https://wordpress.org/themes/lz-toy-store/,,7.2,40
multicolor-business,"Multicolor Business",0.6.7,0.6.6,https://downloads.wordpress.org/theme/multicolor-business.0.6.7.zip,"2026-04-17 06:40:35",https://wordpress.org/themes/multicolor-business/,,7.2,30
nikhar-spa-salon,"Nikhar Spa Salon",0.6.7,0.6.6,https://downloads.wordpress.org/theme/nikhar-spa-salon.0.6.7.zip,"2026-04-17 06:41:39",https://wordpress.org/themes/nikhar-spa-salon/,,7.2,80
royal-luxury-hotel,"Royal Luxury Hotel",1.3.1,1.3.0,https://downloads.wordpress.org/theme/royal-luxury-hotel.1.3.1.zip,"2026-04-17 06:36:36",https://wordpress.org/themes/royal-luxury-hotel/,5.0,7.2,100
strakture,Strakture,1.0.8,1.0.7,https://downloads.wordpress.org/theme/strakture.1.0.8.zip,"2026-04-17 08:02:40",https://wordpress.org/themes/strakture/,5.8,7.0,30
it-company-lite,"IT Company Lite",1.2.6,1.2.5,https://downloads.wordpress.org/theme/it-company-lite.1.2.6.zip,"2026-04-17 09:38:16",https://wordpress.org/themes/it-company-lite/,5.0,7.2,100
laundry-business,"Laundry Business",0.2.2,0.2.1,https://downloads.wordpress.org/theme/laundry-business.0.2.2.zip,"2026-04-17 09:40:29",https://wordpress.org/themes/laundry-business/,5.0,7.2,10
law-advocate,"Law Advocate",0.6.8,0.6.7,https://downloads.wordpress.org/theme/law-advocate.0.6.8.zip,"2026-04-17 09:41:15",https://wordpress.org/themes/law-advocate/,5.0,7.2,70
voice-over-studio,"Voice Over Studio",1.3.7,1.3.6,https://downloads.wordpress.org/theme/voice-over-studio.1.3.7.zip,"2026-04-17 09:42:26",https://wordpress.org/themes/voice-over-studio/,5.9,5.6,100
vw-lawyer-attorney,"VW Lawyer Attorney",2.2.8,2.2.7,https://downloads.wordpress.org/theme/vw-lawyer-attorney.2.2.8.zip,"2026-04-17 09:42:34",https://wordpress.org/themes/vw-lawyer-attorney/,5.0,7.2,300
vw-logistics-shipping,"VW Logistics Shipping",0.6.5,0.6.4,https://downloads.wordpress.org/theme/vw-logistics-shipping.0.6.5.zip,"2026-04-17 09:43:50",https://wordpress.org/themes/vw-logistics-shipping/,5.0,7.2,200
vw-mobile-app,"VW Mobile App",1.5.8,1.5.7,https://downloads.wordpress.org/theme/vw-mobile-app.1.5.8.zip,"2026-04-17 09:40:06",https://wordpress.org/themes/vw-mobile-app/,5.0,7.2,300
vw-parallax,"VW Parallax",1.3.3,1.3.2,https://downloads.wordpress.org/theme/vw-parallax.1.3.3.zip,"2026-04-17 09:45:34",https://wordpress.org/themes/vw-parallax/,5.0,7.2,100
advance-automobile,"Advance Automobile",1.4.4,1.4.3,https://downloads.wordpress.org/theme/advance-automobile.1.4.4.zip,"2026-04-17 10:01:35",https://wordpress.org/themes/advance-automobile/,5.0,7.2,200
advance-business,"Advance Business",1.5.0,1.4.9,https://downloads.wordpress.org/theme/advance-business.1.5.0.zip,"2026-04-17 10:01:54",https://wordpress.org/themes/advance-business/,5.0,7.2,50
advance-coaching,"Advance Coaching",1.4.3,1.4.2,https://downloads.wordpress.org/theme/advance-coaching.1.4.3.zip,"2026-04-17 10:02:05",https://wordpress.org/themes/advance-coaching/,5.0,7.2,100
advance-consultancy,"Advance Consultancy",0.7.7,0.7.6,https://downloads.wordpress.org/theme/advance-consultancy.0.7.7.zip,"2026-04-17 10:02:01",https://wordpress.org/themes/advance-consultancy/,5.0,7.2,60
advance-ecommerce-store,"Advance Ecommerce Store",1.6.5,1.6.4,https://downloads.wordpress.org/theme/advance-ecommerce-store.1.6.5.zip,"2026-04-17 10:02:24",https://wordpress.org/themes/advance-ecommerce-store/,5.0,7.2,200
advance-education,"Advance Education",1.3.5,1.3.4,https://downloads.wordpress.org/theme/advance-education.1.3.5.zip,"2026-04-17 10:02:43",https://wordpress.org/themes/advance-education/,,7.2,100
advance-fitness-gym,"Advance Fitness Gym",1.4.2,1.4.1,https://downloads.wordpress.org/theme/advance-fitness-gym.1.4.2.zip,"2026-04-17 10:02:46",https://wordpress.org/themes/advance-fitness-gym/,5.0,7.2,90
advance-it-company,"Advance IT Company",1.4.3,1.4.2,https://downloads.wordpress.org/theme/advance-it-company.1.4.3.zip,"2026-04-17 10:03:25",https://wordpress.org/themes/advance-it-company/,5.0,7.2,100
affiliate-marketing-business,"Affiliate Marketing Business",0.4.7,0.4.6,https://downloads.wordpress.org/theme/affiliate-marketing-business.0.4.7.zip,"2026-04-17 09:55:41",https://wordpress.org/themes/affiliate-marketing-business/,5.0,7.2,100
artist-portfolio,"Artist Portfolio",0.9.0,0.8.9,https://downloads.wordpress.org/theme/artist-portfolio.0.9.0.zip,"2026-04-17 09:55:51",https://wordpress.org/themes/artist-portfolio/,5.0,7.2,300
career-counseling,"Career Counseling",0.1.4,0.1.3,https://downloads.wordpress.org/theme/career-counseling.0.1.4.zip,"2026-04-17 10:19:18",https://wordpress.org/themes/career-counseling/,5.0,7.2,50
carpenter-services,"Carpenter Services",0.0.9,0.0.8,https://downloads.wordpress.org/theme/carpenter-services.0.0.9.zip,"2026-04-17 10:22:32",https://wordpress.org/themes/carpenter-services/,5.0,7.2,80
cleaning-business,"Cleaning Business",0.4.3,0.4.2,https://downloads.wordpress.org/theme/cleaning-business.0.4.3.zip,"2026-04-17 10:16:08",https://wordpress.org/themes/cleaning-business/,5.0,7.2,60
comic-ebook,"Comic ebook",0.1.7,0.1.6,https://downloads.wordpress.org/theme/comic-ebook.0.1.7.zip,"2026-04-17 10:19:01",https://wordpress.org/themes/comic-ebook/,5.0,7.2,100
dentistry-hospital,"Dentistry Hospital",0.0.9,0.0.8,https://downloads.wordpress.org/theme/dentistry-hospital.0.0.9.zip,"2026-04-17 10:21:02",https://wordpress.org/themes/dentistry-hospital/,5.0,7.2,40
ecommerce-solution,"Ecommerce Solution",1.7.8,1.7.7,https://downloads.wordpress.org/theme/ecommerce-solution.1.7.8.zip,"2026-04-17 09:56:05",https://wordpress.org/themes/ecommerce-solution/,5.0,7.2,300
election-campaign,"Election Campaign",0.5.5,0.5.4,https://downloads.wordpress.org/theme/election-campaign.0.5.5.zip,"2026-04-17 09:56:30",https://wordpress.org/themes/election-campaign/,5.0,7.2,80
electronics-marketplace,"Electronics Marketplace",0.8.9,0.8.8,https://downloads.wordpress.org/theme/electronics-marketplace.0.8.9.zip,"2026-04-17 09:56:34",https://wordpress.org/themes/electronics-marketplace/,5.0,7.2,40
event-band-services,"Event Band Services",0.0.9,0.0.8,https://downloads.wordpress.org/theme/event-band-services.0.0.9.zip,"2026-04-17 10:21:52",https://wordpress.org/themes/event-band-services/,5.0,7.2,100
fast-food-truck,"Fast Food Truck",0.4.9,0.4.8,https://downloads.wordpress.org/theme/fast-food-truck.0.4.9.zip,"2026-04-17 09:56:57",https://wordpress.org/themes/fast-food-truck/,5.0,7.2,50
gym-training-coach,"Gym Training Coach",0.8.4,0.8.3,https://downloads.wordpress.org/theme/gym-training-coach.0.8.4.zip,"2026-04-17 09:56:59",https://wordpress.org/themes/gym-training-coach/,5.0,7.2,40
halloween-store,"Halloween Store",0.1.3,0.1.2,https://downloads.wordpress.org/theme/halloween-store.0.1.3.zip,"2026-04-17 10:20:29",https://wordpress.org/themes/halloween-store/,5.0,7.2,40
handyman-cleaner,"Handyman Cleaner",0.6.0,0.5.8,https://downloads.wordpress.org/theme/handyman-cleaner.0.6.0.zip,"2026-04-17 09:51:52",https://wordpress.org/themes/handyman-cleaner/,5.0,7.2,50
home-control-system,"Home Control System",0.0.4,0.0.3,https://downloads.wordpress.org/theme/home-control-system.0.0.4.zip,"2026-04-17 10:19:59",https://wordpress.org/themes/home-control-system/,5.0,7.2,40
home-gadget,"Home Gadget",0.1.0,0.0.9,https://downloads.wordpress.org/theme/home-gadget.0.1.0.zip,"2026-04-17 10:19:50",https://wordpress.org/themes/home-gadget/,5.0,7.2,100
jewelry-outlet,"Jewelry Outlet",0.0.6,0.0.5,https://downloads.wordpress.org/theme/jewelry-outlet.0.0.6.zip,"2026-04-17 10:20:10",https://wordpress.org/themes/jewelry-outlet/,5.0,7.2,90
job-forum,"Job Forum",0.0.3,0.0.2,https://downloads.wordpress.org/theme/job-forum.0.0.3.zip,"2026-04-17 10:22:18",https://wordpress.org/themes/job-forum/,5.0,7.2,60
law-office-lite,"Law Office Lite",0.1.5,0.1.4,https://downloads.wordpress.org/theme/law-office-lite.0.1.5.zip,"2026-04-17 10:19:03",https://wordpress.org/themes/law-office-lite/,5.0,7.2,80
massage-parlor,"Massage Parlor",0.0.9,0.0.8,https://downloads.wordpress.org/theme/massage-parlor.0.0.9.zip,"2026-04-17 10:21:20",https://wordpress.org/themes/massage-parlor/,5.0,7.2,60
online-food-delivery,"Online Food Delivery",0.8.3,0.8.2,https://downloads.wordpress.org/theme/online-food-delivery.0.8.3.zip,"2026-04-17 10:05:15",https://wordpress.org/themes/online-food-delivery/,5.0,7.2,200
pet-rescue-lite,"Pet Rescue Lite",1.1.4,1.1.3,https://downloads.wordpress.org/theme/pet-rescue-lite.1.1.4.zip,"2026-04-17 09:52:38",https://wordpress.org/themes/pet-rescue-lite/,5.0,7.2,100
politics-candidate,"Politics Candidate",0.6.1,0.6.0,https://downloads.wordpress.org/theme/politics-candidate.0.6.1.zip,"2026-04-17 11:05:32",https://wordpress.org/themes/politics-candidate/,,7.2,90
real-estate-broker,"Real Estate Broker",0.8.9,0.8.8,https://downloads.wordpress.org/theme/real-estate-broker.0.8.9.zip,"2026-04-17 09:53:14",https://wordpress.org/themes/real-estate-broker/,5.0,7.2,70
real-estate-realtor,"Real Estate Realtor",1.0.6,1.0.5,https://downloads.wordpress.org/theme/real-estate-realtor.1.0.6.zip,"2026-04-17 09:53:37",https://wordpress.org/themes/real-estate-realtor/,5.0,7.2,200
real-industry,"Real Industry",0.4.0,0.3.9,https://downloads.wordpress.org/theme/real-industry.0.4.0.zip,"2026-04-17 10:15:03",https://wordpress.org/themes/real-industry/,5.0,7.2,30
renewable-energy-lite,"Renewable Energy Lite",0.0.5,0.0.4,https://downloads.wordpress.org/theme/renewable-energy-lite.0.0.5.zip,"2026-04-17 10:19:40",https://wordpress.org/themes/renewable-energy-lite/,5.0,7.2,30
saas-software-technology,"SAAS Software Technology",0.9.0,0.8.9,https://downloads.wordpress.org/theme/saas-software-technology.0.9.0.zip,"2026-04-17 11:06:06",https://wordpress.org/themes/saas-software-technology/,5.0,7.2,100
seo-agency-lite,"SEO Agency Lite",1.7.1,1.7.0,https://downloads.wordpress.org/theme/seo-agency-lite.1.7.1.zip,"2026-04-17 11:07:09",https://wordpress.org/themes/seo-agency-lite/,5.0,5.6,20
shopping-solution,"Shopping Solution",0.9.3,0.9.2,https://downloads.wordpress.org/theme/shopping-solution.0.9.3.zip,"2026-04-17 09:57:16",https://wordpress.org/themes/shopping-solution/,5.0,7.2,100
sports-league,"Sports League",0.8.3,0.8.2,https://downloads.wordpress.org/theme/sports-league.0.8.3.zip,"2026-04-17 09:57:36",https://wordpress.org/themes/sports-league/,5.0,7.2,200
startup-solutions,"Startup Solutions",0.5.7,0.5.5,https://downloads.wordpress.org/theme/startup-solutions.0.5.7.zip,"2026-04-17 09:53:41",https://wordpress.org/themes/startup-solutions/,5.0,7.2,70
swimming-pool-cleaning,"Swimming Pool Cleaning",0.8.2,0.8.1,https://downloads.wordpress.org/theme/swimming-pool-cleaning.0.8.2.zip,"2026-04-17 09:57:42",https://wordpress.org/themes/swimming-pool-cleaning/,5.0,7.2,50
township-house-villa,"Township House Villa",0.8.0,0.7.7,https://downloads.wordpress.org/theme/township-house-villa.0.8.0.zip,"2026-04-17 09:53:54",https://wordpress.org/themes/township-house-villa/,5.0,7.2,40
transportation-shipment,"Transportation Shipment",1.7.1,1.6.9,https://downloads.wordpress.org/theme/transportation-shipment.1.7.1.zip,"2026-04-17 11:07:18",https://wordpress.org/themes/transportation-shipment/,5.0,5.6,100
travel-booking-agency,"Travel Booking Agency",0.7.9,0.7.8,https://downloads.wordpress.org/theme/travel-booking-agency.0.7.9.zip,"2026-04-17 11:07:41",https://wordpress.org/themes/travel-booking-agency/,5.0,7.2,80
ultimate-audio-streaming,"Ultimate Audio Streaming",0.7.8,0.7.5,https://downloads.wordpress.org/theme/ultimate-audio-streaming.0.7.8.zip,"2026-04-17 09:54:15",https://wordpress.org/themes/ultimate-audio-streaming/,5.0,7.2,200
video-streaming,"Video Streaming",1.0.2,1.0.1,https://downloads.wordpress.org/theme/video-streaming.1.0.2.zip,"2026-04-17 09:54:10",https://wordpress.org/themes/video-streaming/,,7.2,100
videography-filmmaker,"Videography Filmmaker",0.8.0,0.7.9,https://downloads.wordpress.org/theme/videography-filmmaker.0.8.0.zip,"2026-04-17 11:10:01",https://wordpress.org/themes/videography-filmmaker/,5.0,7.2,90
vw-photography,"VW Photography",1.4.2,1.4.1,https://downloads.wordpress.org/theme/vw-photography.1.4.2.zip,"2026-04-17 09:46:02",https://wordpress.org/themes/vw-photography/,5.0,7.2,100
vw-portfolio,"VW Portfolio",1.3.9,1.3.8,https://downloads.wordpress.org/theme/vw-portfolio.1.3.9.zip,"2026-04-17 09:46:20",https://wordpress.org/themes/vw-portfolio/,5.0,7.2,100
vw-solar-energy,"VW Solar Energy",1.6.0,1.5.9,https://downloads.wordpress.org/theme/vw-solar-energy.1.6.0.zip,"2026-04-17 09:48:29",https://wordpress.org/themes/vw-solar-energy/,5.0,7.2,300
vw-spa-lite,"VW Spa Lite",2.6.7,2.6.6,https://downloads.wordpress.org/theme/vw-spa-lite.2.6.7.zip,"2026-04-17 09:54:47",https://wordpress.org/themes/vw-spa-lite/,5.0,7.2,200
vw-taxi-booking,"VW Taxi Booking",1.2.7,1.2.6,https://downloads.wordpress.org/theme/vw-taxi-booking.1.2.7.zip,"2026-04-17 09:51:24",https://wordpress.org/themes/vw-taxi-booking/,5.9,5.6,200
vw-tour-lite,"VW Tour Lite",2.0.6,2.0.5,https://downloads.wordpress.org/theme/vw-tour-lite.2.0.6.zip,"2026-04-17 09:54:43",https://wordpress.org/themes/vw-tour-lite/,5.0,7.2,200
water-filter,"Water Filter",1.2.4,1.2.3,https://downloads.wordpress.org/theme/water-filter.1.2.4.zip,"2026-04-17 11:07:57",https://wordpress.org/themes/water-filter/,5.9,5.6,100
zoo-safari,"Zoo Safari",0.1.1,0.1.0,https://downloads.wordpress.org/theme/zoo-safari.0.1.1.zip,"2026-04-17 10:19:29",https://wordpress.org/themes/zoo-safari/,5.0,7.2,30
automotive-services,"Automotive Services",2.8,2.7,https://downloads.wordpress.org/theme/automotive-services.2.8.zip,"2026-04-17 11:37:19",https://wordpress.org/themes/automotive-services/,,7.2,60
business-networking-conference,"Business Networking Conference",2.9,2.7,https://downloads.wordpress.org/theme/business-networking-conference.2.9.zip,"2026-04-17 11:24:27",https://wordpress.org/themes/business-networking-conference/,,7.0,50
business-solutions,"Business Solutions",2.5,2.3,https://downloads.wordpress.org/theme/business-solutions.2.5.zip,"2026-04-17 11:24:09",https://wordpress.org/themes/business-solutions/,,7.0,50
coffee-tea,"Coffee Tea",6.3,6.2,https://downloads.wordpress.org/theme/coffee-tea.6.3.zip,"2026-04-17 11:38:29",https://wordpress.org/themes/coffee-tea/,,7.2,50
content-marketing,"Content Marketing",2.6,2.4,https://downloads.wordpress.org/theme/content-marketing.2.6.zip,"2026-04-17 11:23:56",https://wordpress.org/themes/content-marketing/,,7.0,30
designer-dresses,"Designer Dresses",3.2,3.1,https://downloads.wordpress.org/theme/designer-dresses.3.2.zip,"2026-04-17 11:23:49",https://wordpress.org/themes/designer-dresses/,,7.0,10
expert-business-consultant,"Expert Business Consultant",11.7,11.6,https://downloads.wordpress.org/theme/expert-business-consultant.11.7.zip,"2026-04-17 11:38:04",https://wordpress.org/themes/expert-business-consultant/,,7.2,50
expert-digital-agency,"Expert Digital Agency",11.7,11.6,https://downloads.wordpress.org/theme/expert-digital-agency.11.7.zip,"2026-04-17 11:38:11",https://wordpress.org/themes/expert-digital-agency/,,7.2,30
expert-fitness-trainer,"Expert Fitness Trainer",4.3,4.2,https://downloads.wordpress.org/theme/expert-fitness-trainer.4.3.zip,"2026-04-17 11:39:35",https://wordpress.org/themes/expert-fitness-trainer/,,7.2,40
expert-makeup-stylist,"Expert Makeup Stylist",7.9,7.7,https://downloads.wordpress.org/theme/expert-makeup-stylist.7.9.zip,"2026-04-17 11:37:48",https://wordpress.org/themes/expert-makeup-stylist/,,7.2,10
expert-sports-coach,"Expert Sports Coach",6.2,6.1,https://downloads.wordpress.org/theme/expert-sports-coach.6.2.zip,"2026-04-17 11:39:11",https://wordpress.org/themes/expert-sports-coach/,,7.2,60
expert-videographer,"Expert Videographer",6.1,6.0,https://downloads.wordpress.org/theme/expert-videographer.6.1.zip,"2026-04-17 11:36:39",https://wordpress.org/themes/expert-videographer/,,7.2,20
farm-adventure-resort,"Farm Adventure Resort",2.9,2.7,https://downloads.wordpress.org/theme/farm-adventure-resort.2.9.zip,"2026-04-17 11:23:39",https://wordpress.org/themes/farm-adventure-resort/,,7.0,30
house-rental,"House Rental",3.0,2.8,https://downloads.wordpress.org/theme/house-rental.3.0.zip,"2026-04-17 11:23:30",https://wordpress.org/themes/house-rental/,,7.0,40
kids-birthday-party,"Kids Birthday Party",2.6,2.5,https://downloads.wordpress.org/theme/kids-birthday-party.2.6.zip,"2026-04-17 11:23:24",https://wordpress.org/themes/kids-birthday-party/,,7.0,30
nifty-lite,"Nifty Lite",19.9,19.8,https://downloads.wordpress.org/theme/nifty-lite.19.9.zip,"2026-04-17 11:18:53",https://wordpress.org/themes/nifty-lite/,4.7,5.6,300
pet-house,"Pet House",3.6,3.5,https://downloads.wordpress.org/theme/pet-house.3.6.zip,"2026-04-17 11:37:05",https://wordpress.org/themes/pet-house/,,7.2,50
promptless,Promptless,1.1.1,1.1.0,https://downloads.wordpress.org/theme/promptless.1.1.1.zip,"2026-04-17 11:55:32",https://wordpress.org/themes/promptless/,6.0,7.4,40
rockbiz,RockBiz,17.9,17.7,https://downloads.wordpress.org/theme/rockbiz.17.9.zip,"2026-04-17 11:27:19",https://wordpress.org/themes/rockbiz/,4.7,5.6,20
scelar,Scelar,17.9,17.8,https://downloads.wordpress.org/theme/scelar.17.9.zip,"2026-04-17 11:26:47",https://wordpress.org/themes/scelar/,4.7,5.6,40
solar-system-company,"Solar System Company",4.3,4.2,https://downloads.wordpress.org/theme/solar-system-company.4.3.zip,"2026-04-17 11:39:18",https://wordpress.org/themes/solar-system-company/,,7.2,20
space-exploration,"Space Exploration",2.2,2.1,https://downloads.wordpress.org/theme/space-exploration.2.2.zip,"2026-04-17 12:02:55",https://wordpress.org/themes/space-exploration/,6.1,5.6,400
spyropress,SpyroPress,19.9,19.8,https://downloads.wordpress.org/theme/spyropress.19.9.zip,"2026-04-17 11:20:06",https://wordpress.org/themes/spyropress/,4.7,5.6,100
st-apostille,"ST Apostille",1.9,1.8,https://downloads.wordpress.org/theme/st-apostille.1.9.zip,"2026-04-17 12:02:42",https://wordpress.org/themes/st-apostille/,5.5,5.2,30
st-hvac,"ST Hvac",1.5,1.4,https://downloads.wordpress.org/theme/st-hvac.1.5.zip,"2026-04-17 12:01:54",https://wordpress.org/themes/st-hvac/,5.5,5.2,30
tax-consultant,"Tax Consultant",1.5,1.4,https://downloads.wordpress.org/theme/tax-consultant.1.5.zip,"2026-04-17 12:02:10",https://wordpress.org/themes/tax-consultant/,6.1,5.6,200
the-retail-storefront,"The Retail Storefront",3.1,3.0,https://downloads.wordpress.org/theme/the-retail-storefront.3.1.zip,"2026-04-17 11:37:31",https://wordpress.org/themes/the-retail-storefront/,,7.2,50
webstrap,Webstrap,19.9,19.8,https://downloads.wordpress.org/theme/webstrap.19.9.zip,"2026-04-17 11:19:40",https://wordpress.org/themes/webstrap/,4.7,5.6,100
window-cleaning,"Window Cleaning",1.0.6,1.0.5,https://downloads.wordpress.org/theme/window-cleaning.1.0.6.zip,"2026-04-17 12:01:29",https://wordpress.org/themes/window-cleaning/,6.1,5.6,80
ampark,Ampark,18.1,18.0,https://downloads.wordpress.org/theme/ampark.18.1.zip,"2026-04-17 13:55:23",https://wordpress.org/themes/ampark/,4.7,5.6,100
candles-shop,"Candles Shop",1.9,1.8,https://downloads.wordpress.org/theme/candles-shop.1.9.zip,"2026-04-17 12:18:10",https://wordpress.org/themes/candles-shop/,6.1,5.6,200
corporate-firm,"Corporate Firm",2.3,2.2,https://downloads.wordpress.org/theme/corporate-firm.2.3.zip,"2026-04-17 12:15:46",https://wordpress.org/themes/corporate-firm/,6.1,5.6,200
dermatologist-clinic,"Dermatologist Clinic",2.6,2.5,https://downloads.wordpress.org/theme/dermatologist-clinic.2.6.zip,"2026-04-17 12:14:38",https://wordpress.org/themes/dermatologist-clinic/,6.1,5.6,70
electronics-market,"Electronics Market",2.7,2.6,https://downloads.wordpress.org/theme/electronics-market.2.7.zip,"2026-04-17 12:13:35",https://wordpress.org/themes/electronics-market/,6.1,5.6,300
equestrian-sports,"Equestrian Sports",2.7,2.6,https://downloads.wordpress.org/theme/equestrian-sports.2.7.zip,"2026-04-17 12:12:46",https://wordpress.org/themes/equestrian-sports/,6.1,5.6,100
evion,Evion,8.6,8.5,https://downloads.wordpress.org/theme/evion.8.6.zip,"2026-04-17 13:57:08",https://wordpress.org/themes/evion/,4.7,5.6,10
farm-cultivation,"Farm Cultivation",2.5,2.4,https://downloads.wordpress.org/theme/farm-cultivation.2.5.zip,"2026-04-17 12:11:31",https://wordpress.org/themes/farm-cultivation/,6.1,5.6,300
funeral-services,"Funeral Services",1.4,1.3,https://downloads.wordpress.org/theme/funeral-services.1.4.zip,"2026-04-17 12:10:18",https://wordpress.org/themes/funeral-services/,6.1,5.6,80
honey-store,"Honey Store",2.0,1.9,https://downloads.wordpress.org/theme/honey-store.2.0.zip,"2026-04-17 12:09:22",https://wordpress.org/themes/honey-store/,6.1,5.6,100
horse-saddle,"Horse Saddle",2.0,1.9,https://downloads.wordpress.org/theme/horse-saddle.2.0.zip,"2026-04-17 12:08:31",https://wordpress.org/themes/horse-saddle/,6.1,5.6,100
nexcraft-bpo,"Nexcraft BPO",9.0,8.9,https://downloads.wordpress.org/theme/nexcraft-bpo.9.0.zip,"2026-04-17 13:55:47",https://wordpress.org/themes/nexcraft-bpo/,,5.6,20
online-library,"Online Library",2.1,2.0,https://downloads.wordpress.org/theme/online-library.2.1.zip,"2026-04-17 12:07:46",https://wordpress.org/themes/online-library/,6.1,5.6,300
online-notary,"Online Notary",1.8,1.7,https://downloads.wordpress.org/theme/online-notary.1.8.zip,"2026-04-17 12:07:00",https://wordpress.org/themes/online-notary/,6.1,5.6,50
pet-ecommerce-store,"Pet Ecommerce Store",1.5,1.4,https://downloads.wordpress.org/theme/pet-ecommerce-store.1.5.zip,"2026-04-17 12:04:50",https://wordpress.org/themes/pet-ecommerce-store/,6.1,5.6,200
st-ac-repair,"ST AC Repair",1.5,1.4,https://downloads.wordpress.org/theme/st-ac-repair.1.5.zip,"2026-04-17 12:04:56",https://wordpress.org/themes/st-ac-repair/,4.7,5.2,40
st-apostille-lite,"ST Apostille Lite",1.2,1.1,https://downloads.wordpress.org/theme/st-apostille-lite.1.2.zip,"2026-04-17 12:04:09",https://wordpress.org/themes/st-apostille-lite/,4.7,5.2,30
st-seo-consultant,"ST SEO Consultant",1.2,1.1,https://downloads.wordpress.org/theme/st-seo-consultant.1.2.zip,"2026-04-17 12:03:23",https://wordpress.org/themes/st-seo-consultant/,5.5,5.2,20
calm-canvas,"Calm Canvas",1.4,,https://downloads.wordpress.org/theme/calm-canvas.1.4.zip,"2026-04-17 12:32:13",https://wordpress.org/themes/calm-canvas/,6.0,5.6,0
content-creator,"Content Creator",0.1.1,,https://downloads.wordpress.org/theme/content-creator.0.1.1.zip,"2026-04-17 12:32:23",https://wordpress.org/themes/content-creator/,5.0,5.6,0
story-blog,"Story Blog",1.0.1,,https://downloads.wordpress.org/theme/story-blog.1.0.1.zip,"2026-04-17 12:16:26",https://wordpress.org/themes/story-blog/,5.0,7.4,0
appliances-store,"Appliances Store",2.1,2.0,https://downloads.wordpress.org/theme/appliances-store.2.1.zip,"2026-04-17 14:14:47",https://wordpress.org/themes/appliances-store/,5.0,5.6,40
arowana,Arowana,19.1,19.0,https://downloads.wordpress.org/theme/arowana.19.1.zip,"2026-04-17 14:04:36",https://wordpress.org/themes/arowana/,4.7,5.6,300
avail,Avail,18.0,17.9,https://downloads.wordpress.org/theme/avail.18.0.zip,"2026-04-17 14:04:02",https://wordpress.org/themes/avail/,4.7,5.6,200
aviser,Aviser,18.0,17.9,https://downloads.wordpress.org/theme/aviser.18.0.zip,"2026-04-17 14:03:07",https://wordpress.org/themes/aviser/,4.7,5.6,200
axtia,Axtia,18.0,17.9,https://downloads.wordpress.org/theme/axtia.18.0.zip,"2026-04-17 14:01:55",https://wordpress.org/themes/axtia/,4.7,5.6,100
blogmode,Blogmode,0.3,0.2,https://downloads.wordpress.org/theme/blogmode.0.3.zip,"2026-04-17 15:10:42",https://wordpress.org/themes/blogmode/,6.6,7.4,0
car-auto-parts,"Car Auto Parts",3.3,3.2,https://downloads.wordpress.org/theme/car-auto-parts.3.3.zip,"2026-04-17 14:29:29",https://wordpress.org/themes/car-auto-parts/,5.0,5.6,100
cardiopress,CardioPress,10.5,10.4,https://downloads.wordpress.org/theme/cardiopress.10.5.zip,"2026-04-17 14:00:40",https://wordpress.org/themes/cardiopress/,4.7,5.6,100
comoxa,Comoxa,18.0,17.9,https://downloads.wordpress.org/theme/comoxa.18.0.zip,"2026-04-17 13:59:47",https://wordpress.org/themes/comoxa/,4.7,5.6,100
doctor-general-physician,"Doctor General Physician",3.5,3.4,https://downloads.wordpress.org/theme/doctor-general-physician.3.5.zip,"2026-04-17 14:29:47",https://wordpress.org/themes/doctor-general-physician/,5.0,5.6,50
electronic-gadget-store,"Electronic Gadget Store",3.3,3.2,https://downloads.wordpress.org/theme/electronic-gadget-store.3.3.zip,"2026-04-17 14:30:05",https://wordpress.org/themes/electronic-gadget-store/,5.0,5.6,90
eventpress,EventPress,22.0,21.9,https://downloads.wordpress.org/theme/eventpress.22.0.zip,"2026-04-17 13:58:19",https://wordpress.org/themes/eventpress/,4.7,5.6,500
fashion-accessories,"Fashion Accessories",3.2,3.1,https://downloads.wordpress.org/theme/fashion-accessories.3.2.zip,"2026-04-17 14:30:23",https://wordpress.org/themes/fashion-accessories/,5.0,5.6,50
food-blogger-hub,"Food Blogger Hub",2.7,2.6,https://downloads.wordpress.org/theme/food-blogger-hub.2.7.zip,"2026-04-17 14:30:58",https://wordpress.org/themes/food-blogger-hub/,5.0,5.6,100
healthy-fitness-gym,"Healthy Fitness Gym",0.2.3,0.2.2,https://downloads.wordpress.org/theme/healthy-fitness-gym.0.2.3.zip,"2026-04-17 14:38:38",https://wordpress.org/themes/healthy-fitness-gym/,,5.6,30
home-interior-decor,"Home Interior Decor",2.1,2.0,https://downloads.wordpress.org/theme/home-interior-decor.2.1.zip,"2026-04-17 14:14:25",https://wordpress.org/themes/home-interior-decor/,5.0,5.6,100
home-renovation-agency,"Home Renovation Agency",3.4,3.3,https://downloads.wordpress.org/theme/home-renovation-agency.3.4.zip,"2026-04-17 14:30:59",https://wordpress.org/themes/home-renovation-agency/,5.0,5.6,20
interior-design-studio,"Interior Design Studio",3.0,2.9,https://downloads.wordpress.org/theme/interior-design-studio.3.0.zip,"2026-04-17 14:31:12",https://wordpress.org/themes/interior-design-studio/,5.0,5.6,50
job-seeker-resume,"Job Seeker Resume",2.0,1.9,https://downloads.wordpress.org/theme/job-seeker-resume.2.0.zip,"2026-04-17 14:14:00",https://wordpress.org/themes/job-seeker-resume/,5.0,5.6,20
packers-and-movers,"Packers And Movers",2.1,2.0,https://downloads.wordpress.org/theme/packers-and-movers.2.1.zip,"2026-04-17 14:12:48",https://wordpress.org/themes/packers-and-movers/,5.0,5.6,60
real-estate-manager,"Real Estate Manager",3.1,3.0,https://downloads.wordpress.org/theme/real-estate-manager.3.1.zip,"2026-04-17 14:15:34",https://wordpress.org/themes/real-estate-manager/,5.0,5.6,100
shadiant,Shadiant,7.1,7.0,https://downloads.wordpress.org/theme/shadiant.7.1.zip,"2026-04-17 14:02:48",https://wordpress.org/themes/shadiant/,4.7,5.6,10
sports-hub,"Sports Hub",2.9,2.8,https://downloads.wordpress.org/theme/sports-hub.2.9.zip,"2026-04-17 14:06:04",https://wordpress.org/themes/sports-hub/,5.0,5.6,100
swimwear-store,"Swimwear Store",0.2.6,0.2.5,https://downloads.wordpress.org/theme/swimwear-store.0.2.6.zip,"2026-04-17 14:37:49",https://wordpress.org/themes/swimwear-store/,,5.6,30
webora,Webora,4.3,4.2,https://downloads.wordpress.org/theme/webora.4.3.zip,"2026-04-17 14:01:24",https://wordpress.org/themes/webora/,4.7,5.6,100
certify,Certify,1.5.1,1.5,https://downloads.wordpress.org/theme/certify.1.5.1.zip,"2026-04-17 16:09:09",https://wordpress.org/themes/certify/,4.5,5.4,500
chilly,Chilly,1.5.2,1.5.1,https://downloads.wordpress.org/theme/chilly.1.5.2.zip,"2026-04-17 16:06:58",https://wordpress.org/themes/chilly/,4.5,5.4,1000
cloudpress-agency,"CloudPress Agency",1.2.9,1.2.8,https://downloads.wordpress.org/theme/cloudpress-agency.1.2.9.zip,"2026-04-17 16:14:11",https://wordpress.org/themes/cloudpress-agency/,4.5,5.4,100
cloudpress,CloudPress,2.7,2.6.6,https://downloads.wordpress.org/theme/cloudpress.2.7.zip,"2026-04-17 16:13:46",https://wordpress.org/themes/cloudpress/,4.5,5.4,200
commercial-construction,"Commercial Construction",1.2.0,1.1.9,https://downloads.wordpress.org/theme/commercial-construction.1.2.0.zip,"2026-04-17 16:03:47",https://wordpress.org/themes/commercial-construction/,5.5,7.2,60
content,Content,2.0.1,2.0,https://downloads.wordpress.org/theme/content.2.0.1.zip,"2026-04-17 16:08:25",https://wordpress.org/themes/content/,4.7,5.4,600
industrial-revolution,"Industrial Revolution",0.1.7,0.1.6,https://downloads.wordpress.org/theme/industrial-revolution.0.1.7.zip,"2026-04-17 16:05:06",https://wordpress.org/themes/industrial-revolution/,5.5,5.6,60
industrial-technology,"Industrial Technology",2.2.1,2.2.0,https://downloads.wordpress.org/theme/industrial-technology.2.2.1.zip,"2026-04-17 16:07:07",https://wordpress.org/themes/industrial-technology/,5.5,5.6,70
rockers,Rockers,3.2.1,3.2,https://downloads.wordpress.org/theme/rockers.3.2.1.zip,"2026-04-17 16:08:48",https://wordpress.org/themes/rockers/,4.5,5.4,200
spicepress-dark,"SpicePress Dark",1.2.1,1.2,https://downloads.wordpress.org/theme/spicepress-dark.1.2.1.zip,"2026-04-17 16:06:22",https://wordpress.org/themes/spicepress-dark/,4.7,5.4,400
spicepress,SpicePress,3.8.2,2.3.2.5,https://downloads.wordpress.org/theme/spicepress.3.8.2.zip,"2026-04-17 16:04:25",https://wordpress.org/themes/spicepress/,4.5,5.4,3000
stacy,Stacy,1.5.1,1.5,https://downloads.wordpress.org/theme/stacy.1.5.1.zip,"2026-04-17 16:07:29",https://wordpress.org/themes/stacy/,4.5,5.4,1000
tree-plantation,"Tree Plantation",1.2.7,1.2.6,https://downloads.wordpress.org/theme/tree-plantation.1.2.7.zip,"2026-04-17 16:14:00",https://wordpress.org/themes/tree-plantation/,5.5,7.2,100
university-institute,"University Institute",1.9.9,1.9.8,https://downloads.wordpress.org/theme/university-institute.1.9.9.zip,"2026-04-17 16:11:53",https://wordpress.org/themes/university-institute/,5.5,7.2,60
vet-care-center,"Vet Care Center",1.8,1.7,https://downloads.wordpress.org/theme/vet-care-center.1.8.zip,"2026-04-17 16:11:10",https://wordpress.org/themes/vet-care-center/,5.5,7.2,40
wellness-therapy,"Wellness Therapy",1.2.7,1.2.6,https://downloads.wordpress.org/theme/wellness-therapy.1.2.7.zip,"2026-04-17 16:08:21",https://wordpress.org/themes/wellness-therapy/,5.5,5.6,40
bizhunt,Bizhunt,2.2.8,2.2.7,https://downloads.wordpress.org/theme/bizhunt.2.2.8.zip,"2026-04-17 16:21:20",https://wordpress.org/themes/bizhunt/,4.5,5.4,10
cloudpress-business,"CloudPress Business",1.2.9,1.2.8,https://downloads.wordpress.org/theme/cloudpress-business.1.2.9.zip,"2026-04-17 16:14:57",https://wordpress.org/themes/cloudpress-business/,4.5,5.4,200
cloudpress-dark,"CloudPress Dark",1.1.4,1.1.3,https://downloads.wordpress.org/theme/cloudpress-dark.1.1.4.zip,"2026-04-17 16:14:35",https://wordpress.org/themes/cloudpress-dark/,4.5,5.4,200
honeybee,HoneyBee,2.3,2.2.9,https://downloads.wordpress.org/theme/honeybee.2.3.zip,"2026-04-17 16:20:31",https://wordpress.org/themes/honeybee/,4.5,5.4,500
honeypress-dark,"Honeypress Dark",1.3.1,1.3,https://downloads.wordpress.org/theme/honeypress-dark.1.3.1.zip,"2026-04-17 16:19:57",https://wordpress.org/themes/honeypress-dark/,4.5,5.4,500
honeypress,HoneyPress,2.5.1,2.4.7,https://downloads.wordpress.org/theme/honeypress.2.5.1.zip,"2026-04-17 16:17:59",https://wordpress.org/themes/honeypress/,4.5,5.4,1000
honeywaves,HoneyWaves,2.3.1,2.3,https://downloads.wordpress.org/theme/honeywaves.2.3.1.zip,"2026-04-17 16:20:56",https://wordpress.org/themes/honeywaves/,4.5,5.4,400
radix-multipurpose,"Radix Multipurpose",2.2.9,2.2.8,https://downloads.wordpress.org/theme/radix-multipurpose.2.2.9.zip,"2026-04-17 16:21:42",https://wordpress.org/themes/radix-multipurpose/,4.5,5.4,10
rental-estate-realtor,"Rental Estate Realtor",1.2.2,1.2.1,https://downloads.wordpress.org/theme/rental-estate-realtor.1.2.2.zip,"2026-04-17 16:17:30",https://wordpress.org/themes/rental-estate-realtor/,5.5,7.2,70
solar-generator,"Solar Generator",1.8,1.7.9,https://downloads.wordpress.org/theme/solar-generator.1.8.zip,"2026-04-17 16:16:42",https://wordpress.org/themes/solar-generator/,5.5,7.2,60
travel-tourist,"Travel Tourist",1.2.1,1.2.0,https://downloads.wordpress.org/theme/travel-tourist.1.2.1.zip,"2026-04-17 16:15:48",https://wordpress.org/themes/travel-tourist/,5.5,7.2,80
tromas,Tromas,2.2.9,2.2.8,https://downloads.wordpress.org/theme/tromas.2.2.9.zip,"2026-04-17 16:22:04",https://wordpress.org/themes/tromas/,4.5,5.4,30
webrand-lite,"Webrand Lite",1.0.1,,https://downloads.wordpress.org/theme/webrand-lite.1.0.1.zip,"2026-04-17 16:31:55",https://wordpress.org/themes/webrand-lite/,6.5,7.4,0
frutiger-aero,"Frutiger Aero",1.3.0,1.2.1,https://downloads.wordpress.org/theme/frutiger-aero.1.3.0.zip,"2026-04-17 19:36:14",https://wordpress.org/themes/frutiger-aero/,4.5,5.6,40
academic-education-lite,"Academic Education Lite",0.1.5,0.1.4,https://downloads.wordpress.org/theme/academic-education-lite.0.1.5.zip,"2026-04-17 21:50:08",https://wordpress.org/themes/academic-education-lite/,5.0,7.2,70
academic-tutor,"Academic Tutor",0.0.6,0.0.5,https://downloads.wordpress.org/theme/academic-tutor.0.0.6.zip,"2026-04-17 21:49:28",https://wordpress.org/themes/academic-tutor/,5.0,7.2,40
adventure-resort,"Adventure Resort",0.2.6,0.2.5,https://downloads.wordpress.org/theme/adventure-resort.0.2.6.zip,"2026-04-17 21:48:39",https://wordpress.org/themes/adventure-resort/,5.0,7.2,90
ambulance-paramedics,"Ambulance Paramedics",0.1.6,0.1.4,https://downloads.wordpress.org/theme/ambulance-paramedics.0.1.6.zip,"2026-04-17 21:47:54",https://wordpress.org/themes/ambulance-paramedics/,5.0,7.2,20
animal-pet-care,"Animal Pet Care",0.7.5,0.7.4,https://downloads.wordpress.org/theme/animal-pet-care.0.7.5.zip,"2026-04-17 21:46:56",https://wordpress.org/themes/animal-pet-care/,5.0,7.2,60
animal-pet-shop,"Animal Pet Shop",0.6.3,0.6.2,https://downloads.wordpress.org/theme/animal-pet-shop.0.6.3.zip,"2026-04-17 21:46:16",https://wordpress.org/themes/animal-pet-shop/,5.0,7.2,80
architect-engineer,"Architect Engineer",2.4.4,2.4.3,https://downloads.wordpress.org/theme/architect-engineer.2.4.4.zip,"2026-04-17 21:45:38",https://wordpress.org/themes/architect-engineer/,5.0,7.2,60
educational-zone,"Educational Zone",0.7.6,0.7.5,https://downloads.wordpress.org/theme/educational-zone.0.7.6.zip,"2026-04-17 22:04:10",https://wordpress.org/themes/educational-zone/,5.0,7.2,100
pawfect,Pawfect,1.1.1,1.1.0,https://downloads.wordpress.org/theme/pawfect.1.1.1.zip,"2026-04-17 22:37:39",https://wordpress.org/themes/pawfect/,5.0,7.4,20
consultancy-services,"Consultancy Services",2.5,2.4,https://downloads.wordpress.org/theme/consultancy-services.2.5.zip,"2026-04-18 05:24:59",https://wordpress.org/themes/consultancy-services/,5.5,7.2,100
legal-services-firm,"Legal Services Firm",1.9,1.8.9,https://downloads.wordpress.org/theme/legal-services-firm.1.9.zip,"2026-04-18 05:24:40",https://wordpress.org/themes/legal-services-firm/,5.5,7.2,60
local-business-directory,"Local Business Directory",1.5.0,1.4.9,https://downloads.wordpress.org/theme/local-business-directory.1.5.0.zip,"2026-04-18 05:24:26",https://wordpress.org/themes/local-business-directory/,5.5,7.2,80
massage-therapy,"Massage Therapy",0.1.3,0.1.2,https://downloads.wordpress.org/theme/massage-therapy.0.1.3.zip,"2026-04-18 05:24:11",https://wordpress.org/themes/massage-therapy/,5.5,5.6,40
massage-wellness-retreat,"Massage Wellness Retreat",1.3.4,1.3.3,https://downloads.wordpress.org/theme/massage-wellness-retreat.1.3.4.zip,"2026-04-18 05:24:01",https://wordpress.org/themes/massage-wellness-retreat/,5.5,7.2,80
phone-accessories-store,"Phone Accessories Store",1.8,1.7,https://downloads.wordpress.org/theme/phone-accessories-store.1.8.zip,"2026-04-18 05:23:46",https://wordpress.org/themes/phone-accessories-store/,5.5,7.2,100
auto-parts-garage,"Auto Parts Garage",0.8.7,0.8.6,https://downloads.wordpress.org/theme/auto-parts-garage.0.8.7.zip,"2026-04-18 07:26:40",https://wordpress.org/themes/auto-parts-garage/,5.0,7.2,300
catering-services,"Catering Services",0.8.8,0.8.7,https://downloads.wordpress.org/theme/catering-services.0.8.8.zip,"2026-04-18 07:28:30",https://wordpress.org/themes/catering-services/,5.0,7.2,200
christmas-holiday,"Christmas Holiday",0.8.0,0.7.9,https://downloads.wordpress.org/theme/christmas-holiday.0.8.0.zip,"2026-04-18 07:27:48",https://wordpress.org/themes/christmas-holiday/,5.0,7.2,90
creativ-agency-fse,"Creativ Agency FSE",1.0.3,1.0.2,https://downloads.wordpress.org/theme/creativ-agency-fse.1.0.3.zip,"2026-04-18 07:04:26",https://wordpress.org/themes/creativ-agency-fse/,6.3,7.4,300
creativ-resort-fse,"Creativ Resort FSE",1.0.3,1.0.2,https://downloads.wordpress.org/theme/creativ-resort-fse.1.0.3.zip,"2026-04-18 06:55:06",https://wordpress.org/themes/creativ-resort-fse/,6.4,7.4,40
cricket-league,"Cricket League",0.4.7,0.4.6,https://downloads.wordpress.org/theme/cricket-league.0.4.7.zip,"2026-04-18 07:24:57",https://wordpress.org/themes/cricket-league/,5.0,7.2,100
designer-artist,"Designer Artist",0.7.7,0.7.6,https://downloads.wordpress.org/theme/designer-artist.0.7.7.zip,"2026-04-18 07:28:17",https://wordpress.org/themes/designer-artist/,5.0,7.2,200
herbal-ayurveda,"Herbal Ayurveda",0.9.2,0.9.1,https://downloads.wordpress.org/theme/herbal-ayurveda.0.9.2.zip,"2026-04-18 07:29:08",https://wordpress.org/themes/herbal-ayurveda/,5.0,7.2,100
jewelry-outlet,"Jewelry Outlet",0.0.7,0.0.6,https://downloads.wordpress.org/theme/jewelry-outlet.0.0.7.zip,"2026-04-18 07:33:48",https://wordpress.org/themes/jewelry-outlet/,5.0,7.2,90
job-forum,"Job Forum",0.0.4,0.0.3,https://downloads.wordpress.org/theme/job-forum.0.0.4.zip,"2026-04-18 07:33:31",https://wordpress.org/themes/job-forum/,5.0,7.2,60
keno,Keno,1.3.0,1.2.9,https://downloads.wordpress.org/theme/keno.1.3.0.zip,"2026-04-18 07:13:08",https://wordpress.org/themes/keno/,,7.4,30
massage-parlor,"Massage Parlor",0.1.0,0.0.9,https://downloads.wordpress.org/theme/massage-parlor.0.1.0.zip,"2026-04-18 07:33:24",https://wordpress.org/themes/massage-parlor/,5.0,7.2,70
mavix-blogger,"Mavix Blogger",1.2,1.1,https://downloads.wordpress.org/theme/mavix-blogger.1.2.zip,"2026-04-18 07:22:20",https://wordpress.org/themes/mavix-blogger/,5.1,5.6,100
mavix-builder,"Mavix Builder",1.3,1.2,https://downloads.wordpress.org/theme/mavix-builder.1.3.zip,"2026-04-18 07:31:46",https://wordpress.org/themes/mavix-builder/,5.1,5.6,60
mavix-cafe,"Mavix Cafe",1.2,1.1,https://downloads.wordpress.org/theme/mavix-cafe.1.2.zip,"2026-04-18 07:25:50",https://wordpress.org/themes/mavix-cafe/,5.1,5.6,100
mavix-resort,"Mavix Resort",1.2,1.1,https://downloads.wordpress.org/theme/mavix-resort.1.2.zip,"2026-04-18 07:30:02",https://wordpress.org/themes/mavix-resort/,5.1,5.6,60
mavix-resume,"Mavix Resume",1.2,1.1,https://downloads.wordpress.org/theme/mavix-resume.1.2.zip,"2026-04-18 07:33:45",https://wordpress.org/themes/mavix-resume/,5.1,5.6,30
mavix-university,"Mavix University",1.2,1.1,https://downloads.wordpress.org/theme/mavix-university.1.2.zip,"2026-04-18 07:28:00",https://wordpress.org/themes/mavix-university/,5.1,5.6,90
personal-tutor,"Personal Tutor",0.0.4,0.0.3,https://downloads.wordpress.org/theme/personal-tutor.0.0.4.zip,"2026-04-18 07:33:21",https://wordpress.org/themes/personal-tutor/,5.0,7.2,20
renewable-energy-lite,"Renewable Energy Lite",0.0.6,0.0.5,https://downloads.wordpress.org/theme/renewable-energy-lite.0.0.6.zip,"2026-04-18 07:33:11",https://wordpress.org/themes/renewable-energy-lite/,5.0,7.2,30
vehicle-detailing,"Vehicle Detailing",1.1.5,1.1.4,https://downloads.wordpress.org/theme/vehicle-detailing.1.1.5.zip,"2026-04-18 07:24:11",https://wordpress.org/themes/vehicle-detailing/,5.9,5.6,200
vw-online-review,"VW Online Review",1.3.2,1.3.1,https://downloads.wordpress.org/theme/vw-online-review.1.3.2.zip,"2026-04-18 07:24:05",https://wordpress.org/themes/vw-online-review/,5.9,5.6,50
zoo-safari,"Zoo Safari",0.1.2,0.1.1,https://downloads.wordpress.org/theme/zoo-safari.0.1.2.zip,"2026-04-18 07:33:00",https://wordpress.org/themes/zoo-safari/,5.0,7.2,30
affiliate-review,"Affiliate Review",1.0.0,0.9.9,https://downloads.wordpress.org/theme/affiliate-review.1.0.0.zip,"2026-04-18 08:39:03",https://wordpress.org/themes/affiliate-review/,5.0,7.2,300
audio-podcast,"Audio Podcast",1.0.9,1.0.8,https://downloads.wordpress.org/theme/audio-podcast.1.0.9.zip,"2026-04-18 08:39:37",https://wordpress.org/themes/audio-podcast/,5.0,7.2,500
construction-works,"Construction Works",1.0.8,1.0.7,https://downloads.wordpress.org/theme/construction-works.1.0.8.zip,"2026-04-18 08:03:13",https://wordpress.org/themes/construction-works/,6.0,5.6,100
creativ-business-fse,"Creativ Business FSE",1.0.2,1.0.1,https://downloads.wordpress.org/theme/creativ-business-fse.1.0.2.zip,"2026-04-18 07:53:23",https://wordpress.org/themes/creativ-business-fse/,6.3,7.4,700
creativ-construction-fse,"Creativ Construction FSE",1.0.2,1.0.1,https://downloads.wordpress.org/theme/creativ-construction-fse.1.0.2.zip,"2026-04-18 07:48:18",https://wordpress.org/themes/creativ-construction-fse/,6.3,7.4,100
creativ-education-fse,"Creativ Education FSE",1.0.3,1.0.2,https://downloads.wordpress.org/theme/creativ-education-fse.1.0.3.zip,"2026-04-18 07:57:34",https://wordpress.org/themes/creativ-education-fse/,6.3,7.4,400
creativ-music-fse,"Creativ Music FSE",1.0.2,1.0.1,https://downloads.wordpress.org/theme/creativ-music-fse.1.0.2.zip,"2026-04-18 07:49:05",https://wordpress.org/themes/creativ-music-fse/,6.3,7.4,500
creativ-preschool-fse,"Creativ Preschool FSE",1.0.2,1.0.1,https://downloads.wordpress.org/theme/creativ-preschool-fse.1.0.2.zip,"2026-04-18 07:51:26",https://wordpress.org/themes/creativ-preschool-fse/,6.3,7.4,400
daily-soap-tv,"Daily SOAP TV",1.1,1.0.9,https://downloads.wordpress.org/theme/daily-soap-tv.1.1.zip,"2026-04-18 08:02:14",https://wordpress.org/themes/daily-soap-tv/,6.0,5.6,80
ecology-park,"Ecology Park",1.0.8,1.0.7,https://downloads.wordpress.org/theme/ecology-park.1.0.8.zip,"2026-04-18 08:01:22",https://wordpress.org/themes/ecology-park/,6.0,5.6,100
expert-cleaning,"Expert Cleaning",2.0,1.9,https://downloads.wordpress.org/theme/expert-cleaning.2.0.zip,"2026-04-18 08:56:03",https://wordpress.org/themes/expert-cleaning/,5.9,5.6,100
expert-food-blog,"Expert Food Blog",11.7,11.6,https://downloads.wordpress.org/theme/expert-food-blog.11.7.zip,"2026-04-18 08:52:59",https://wordpress.org/themes/expert-food-blog/,,7.2,100
expert-gardener,"Expert Gardener",1.0.9,1.0.8,https://downloads.wordpress.org/theme/expert-gardener.1.0.9.zip,"2026-04-18 08:50:41",https://wordpress.org/themes/expert-gardener/,,7.2,70
feminine-store-rental,"Feminine Store Rental",1.1.1,1.1.0,https://downloads.wordpress.org/theme/feminine-store-rental.1.1.1.zip,"2026-04-18 07:57:18",https://wordpress.org/themes/feminine-store-rental/,6.0,5.6,60
freelancer-services,"Freelancer Services",1.0.3,1.0.2,https://downloads.wordpress.org/theme/freelancer-services.1.0.3.zip,"2026-04-18 08:41:59",https://wordpress.org/themes/freelancer-services/,5.0,7.2,100
fse-corporate-business,"FSE Corporate Business",1.0.3,1.0.2,https://downloads.wordpress.org/theme/fse-corporate-business.1.0.3.zip,"2026-04-18 07:56:23",https://wordpress.org/themes/fse-corporate-business/,6.0,5.6,60
fse-handyman,"FSE Handyman",1.1.1,1.1.0,https://downloads.wordpress.org/theme/fse-handyman.1.1.1.zip,"2026-04-18 07:55:16",https://wordpress.org/themes/fse-handyman/,6.0,5.6,100
fundraiser-nonprofit,"Fundraiser Nonprofit",1.0.3,1.0.2,https://downloads.wordpress.org/theme/fundraiser-nonprofit.1.0.3.zip,"2026-04-18 07:54:16",https://wordpress.org/themes/fundraiser-nonprofit/,6.0,5.6,30
gym-training-center,"Gym Training Center",1.0.3,1.0.2,https://downloads.wordpress.org/theme/gym-training-center.1.0.3.zip,"2026-04-18 07:52:33",https://wordpress.org/themes/gym-training-center/,6.0,5.6,400
jewellery-boutique,"Jewellery Boutique",0.6.8,0.6.7,https://downloads.wordpress.org/theme/jewellery-boutique.0.6.8.zip,"2026-04-18 08:49:33",https://wordpress.org/themes/jewellery-boutique/,,7.2,40
keto-organic-diet,"Keto Organic Diet",0.7.5,0.7.4,https://downloads.wordpress.org/theme/keto-organic-diet.0.7.5.zip,"2026-04-18 08:37:10",https://wordpress.org/themes/keto-organic-diet/,5.0,7.2,60
legal-consultant-blocks,"Legal Consultant Blocks",1.0.5,1.0.4,https://downloads.wordpress.org/theme/legal-consultant-blocks.1.0.5.zip,"2026-04-18 07:51:19",https://wordpress.org/themes/legal-consultant-blocks/,6.0,5.6,100
marketplace-shop,"Marketplace Shop",1.0.8,1.0.7,https://downloads.wordpress.org/theme/marketplace-shop.1.0.8.zip,"2026-04-18 07:50:17",https://wordpress.org/themes/marketplace-shop/,6.0,5.6,400
mavix-charity,"Mavix Charity",1.2,1.1,https://downloads.wordpress.org/theme/mavix-charity.1.2.zip,"2026-04-18 07:55:03",https://wordpress.org/themes/mavix-charity/,5.1,5.6,60
mavix-event,"Mavix Event",1.2,1.1,https://downloads.wordpress.org/theme/mavix-event.1.2.zip,"2026-04-18 07:36:59",https://wordpress.org/themes/mavix-event/,5.1,5.6,90
mavix-insurance,"Mavix Insurance",1.2,1.1,https://downloads.wordpress.org/theme/mavix-insurance.1.2.zip,"2026-04-18 07:38:37",https://wordpress.org/themes/mavix-insurance/,5.1,5.6,60
mavix-kindergarten,"Mavix Kindergarten",1.3,1.2,https://downloads.wordpress.org/theme/mavix-kindergarten.1.3.zip,"2026-04-18 08:03:18",https://wordpress.org/themes/mavix-kindergarten/,5.1,5.6,70
mavix-lawyer,"Mavix Lawyer",1.2,1.1,https://downloads.wordpress.org/theme/mavix-lawyer.1.2.zip,"2026-04-18 07:35:23",https://wordpress.org/themes/mavix-lawyer/,5.1,5.6,100
mavix-marketing,"Mavix Marketing",1.2,1.1,https://downloads.wordpress.org/theme/mavix-marketing.1.2.zip,"2026-04-18 07:40:10",https://wordpress.org/themes/mavix-marketing/,5.1,5.6,80
mavix-medical,"Mavix Medical",1.2,1.1,https://downloads.wordpress.org/theme/mavix-medical.1.2.zip,"2026-04-18 07:59:11",https://wordpress.org/themes/mavix-medical/,5.1,5.6,100
mavix-music,"Mavix Music",1.2,1.1,https://downloads.wordpress.org/theme/mavix-music.1.2.zip,"2026-04-18 08:01:00",https://wordpress.org/themes/mavix-music/,5.1,5.6,80
mavix-portfolio,"Mavix Portfolio",1.2,1.1,https://downloads.wordpress.org/theme/mavix-portfolio.1.2.zip,"2026-04-18 07:47:13",https://wordpress.org/themes/mavix-portfolio/,5.1,5.6,50
mavix-restaurant,"Mavix Restaurant",1.2,1.1,https://downloads.wordpress.org/theme/mavix-restaurant.1.2.zip,"2026-04-18 08:04:54",https://wordpress.org/themes/mavix-restaurant/,5.1,5.6,100
mavix-travel,"Mavix Travel",1.2,1.1,https://downloads.wordpress.org/theme/mavix-travel.1.2.zip,"2026-04-18 08:07:03",https://wordpress.org/themes/mavix-travel/,5.1,5.6,70
medicine-shop,"Medicine Shop",6.3,6.2,https://downloads.wordpress.org/theme/medicine-shop.6.3.zip,"2026-04-18 08:48:13",https://wordpress.org/themes/medicine-shop/,,7.2,70
misbah-architecture-blocks,"Misbah Architecture Blocks",1.1.1,1.1.0,https://downloads.wordpress.org/theme/misbah-architecture-blocks.1.1.1.zip,"2026-04-18 07:49:18",https://wordpress.org/themes/misbah-architecture-blocks/,6.0,5.6,200
mobile-app-launch,"Mobile App Launch",0.8.8,0.8.7,https://downloads.wordpress.org/theme/mobile-app-launch.0.8.8.zip,"2026-04-18 08:47:28",https://wordpress.org/themes/mobile-app-launch/,,7.2,50
movers-company,"Movers Company",1.0.4,1.0.3,https://downloads.wordpress.org/theme/movers-company.1.0.4.zip,"2026-04-18 07:48:19",https://wordpress.org/themes/movers-company/,6.0,5.6,90
movie-rating-blog,"Movie Rating Blog",1.1.4,1.1.3,https://downloads.wordpress.org/theme/movie-rating-blog.1.1.4.zip,"2026-04-18 07:47:08",https://wordpress.org/themes/movie-rating-blog/,6.0,5.6,50
multivendor-marketplace,"Multivendor Marketplace",0.8.3,0.8.2,https://downloads.wordpress.org/theme/multivendor-marketplace.0.8.3.zip,"2026-04-18 08:37:30",https://wordpress.org/themes/multivendor-marketplace/,5.0,7.2,100
novel-collections,"Novel Collections",1.0.6,1.0.5,https://downloads.wordpress.org/theme/novel-collections.1.0.6.zip,"2026-04-18 07:46:16",https://wordpress.org/themes/novel-collections/,6.0,5.6,60
pest-control-company,"Pest Control Company",2.3,2.2,https://downloads.wordpress.org/theme/pest-control-company.2.3.zip,"2026-04-18 08:46:34",https://wordpress.org/themes/pest-control-company/,5.9,5.6,70
political-campaign,"Political Campaign",0.8.3,0.8.2,https://downloads.wordpress.org/theme/political-campaign.0.8.3.zip,"2026-04-18 08:38:13",https://wordpress.org/themes/political-campaign/,5.0,7.2,300
super-mart-store,"Super Mart Store",1.1.4,1.1.3,https://downloads.wordpress.org/theme/super-mart-store.1.1.4.zip,"2026-04-18 07:45:25",https://wordpress.org/themes/super-mart-store/,6.0,5.6,100
vw-church,"VW Church",0.7.8,0.7.7,https://downloads.wordpress.org/theme/vw-church.0.7.8.zip,"2026-04-18 08:38:45",https://wordpress.org/themes/vw-church/,5.0,7.2,200
vw-handyman-services,"VW Handyman Services",1.2.1,1.2.0,https://downloads.wordpress.org/theme/vw-handyman-services.1.2.1.zip,"2026-04-18 08:48:50",https://wordpress.org/themes/vw-handyman-services/,5.0,7.2,40
vw-kindergarten,"VW Kindergarten",1.0.9,1.0.8,https://downloads.wordpress.org/theme/vw-kindergarten.1.0.9.zip,"2026-04-18 08:49:23",https://wordpress.org/themes/vw-kindergarten/,5.0,7.2,200
yoga-fitness-classes,"Yoga Fitness Classes",7.2,7.1,https://downloads.wordpress.org/theme/yoga-fitness-classes.7.2.zip,"2026-04-18 08:44:06",https://wordpress.org/themes/yoga-fitness-classes/,,7.2,20
cafe-coffee-charm,"Cafe Coffee Charm",1.0,0.9,https://downloads.wordpress.org/theme/cafe-coffee-charm.1.0.zip,"2026-04-18 09:07:22",https://wordpress.org/themes/cafe-coffee-charm/,,7.2,80
expert-ac-repair,"Expert AC Repair",0.4.7,0.4.6,https://downloads.wordpress.org/theme/expert-ac-repair.0.4.7.zip,"2026-04-18 09:05:39",https://wordpress.org/themes/expert-ac-repair/,,7.2,60
expert-healthcare,"Expert Healthcare",11.7,11.6,https://downloads.wordpress.org/theme/expert-healthcare.11.7.zip,"2026-04-18 09:26:34",https://wordpress.org/themes/expert-healthcare/,,7.2,70
expert-ngo-volunteer,"Expert NGO Volunteer",2.4,2.3,https://downloads.wordpress.org/theme/expert-ngo-volunteer.2.4.zip,"2026-04-18 09:23:26",https://wordpress.org/themes/expert-ngo-volunteer/,,7.2,40
expert-photographer,"Expert Photographer",6.1,6.0,https://downloads.wordpress.org/theme/expert-photographer.6.1.zip,"2026-04-18 09:24:33",https://wordpress.org/themes/expert-photographer/,,7.2,40
film-studio,"Film Studio",4.6,4.5,https://downloads.wordpress.org/theme/film-studio.4.6.zip,"2026-04-18 09:25:40",https://wordpress.org/themes/film-studio/,,7.2,80
indoor-sports,"Indoor Sports",0.2.3,0.2.2,https://downloads.wordpress.org/theme/indoor-sports.0.2.3.zip,"2026-04-18 09:05:19",https://wordpress.org/themes/indoor-sports/,,5.6,30
online-flower-shop,"Online Flower Shop",0.2.4,0.2.3,https://downloads.wordpress.org/theme/online-flower-shop.0.2.4.zip,"2026-04-18 09:04:15",https://wordpress.org/themes/online-flower-shop/,,5.6,40
amusement-park,"Amusement Park",3.7,3.6,https://downloads.wordpress.org/theme/amusement-park.3.7.zip,"2026-04-18 10:47:06",https://wordpress.org/themes/amusement-park/,5.0,5.6,90
business-meetup-conference,"Business Meetup Conference",3.8,3.6,https://downloads.wordpress.org/theme/business-meetup-conference.3.8.zip,"2026-04-18 10:46:12",https://wordpress.org/themes/business-meetup-conference/,5.0,5.6,70
career-consultant,"Career Consultant",3.7,3.5,https://downloads.wordpress.org/theme/career-consultant.3.7.zip,"2026-04-18 10:45:23",https://wordpress.org/themes/career-consultant/,5.0,5.6,50
church-services,"Church Services",3.7,3.5,https://downloads.wordpress.org/theme/church-services.3.7.zip,"2026-04-18 10:44:12",https://wordpress.org/themes/church-services/,5.0,5.6,100
cinematic-photographer,"Cinematic Photographer",2.9,2.8,https://downloads.wordpress.org/theme/cinematic-photographer.2.9.zip,"2026-04-18 10:42:36",https://wordpress.org/themes/cinematic-photographer/,5.0,5.6,70
conference-event-planner,"Conference Event Planner",4.3,4.1,https://downloads.wordpress.org/theme/conference-event-planner.4.3.zip,"2026-04-18 10:41:50",https://wordpress.org/themes/conference-event-planner/,5.0,5.6,100
interior-designs,"Interior Designs",1.8.2,1.8.1,https://downloads.wordpress.org/theme/interior-designs.1.8.2.zip,"2026-04-18 10:13:20",https://wordpress.org/themes/interior-designs/,,7.2,200
kid-toys-store,"Kid Toys Store",1.6.2,1.6.1,https://downloads.wordpress.org/theme/kid-toys-store.1.6.2.zip,"2026-04-18 10:13:58",https://wordpress.org/themes/kid-toys-store/,5.0,7.2,100
kindergarten-playgroup,"Kindergarten Playgroup",3.9,3.7,https://downloads.wordpress.org/theme/kindergarten-playgroup.3.9.zip,"2026-04-18 10:40:54",https://wordpress.org/themes/kindergarten-playgroup/,5.0,5.6,100
logistic-transport,"Logistic Transport",1.6.3,1.6.2,https://downloads.wordpress.org/theme/logistic-transport.1.6.3.zip,"2026-04-18 10:14:06",https://wordpress.org/themes/logistic-transport/,5.0,7.2,300
mechanical-industry,"Mechanical Industry",3.9,3.7,https://downloads.wordpress.org/theme/mechanical-industry.3.9.zip,"2026-04-18 10:40:11",https://wordpress.org/themes/mechanical-industry/,5.0,5.6,50
medical-supplements-store,"Medical Supplements Store",1.5.1,1.5.0,https://downloads.wordpress.org/theme/medical-supplements-store.1.5.1.zip,"2026-04-18 10:14:15",https://wordpress.org/themes/medical-supplements-store/,5.0,7.2,70
spa-salon-center,"Spa Salon Center",3.6,3.5,https://downloads.wordpress.org/theme/spa-salon-center.3.6.zip,"2026-04-18 10:37:52",https://wordpress.org/themes/spa-salon-center/,5.0,5.6,30
stock-photos,"Stock Photos",0.8.7,0.8.6,https://downloads.wordpress.org/theme/stock-photos.0.8.7.zip,"2026-04-18 10:14:38",https://wordpress.org/themes/stock-photos/,5.0,7.2,60
tour-travel-agent,"Tour Travel Agent",0.7.9,0.7.8,https://downloads.wordpress.org/theme/tour-travel-agent.0.7.9.zip,"2026-04-18 10:14:44",https://wordpress.org/themes/tour-travel-agent/,5.0,7.2,100
viburno,viburno,2.4.0,2.3.2,https://downloads.wordpress.org/theme/viburno.2.4.0.zip,"2026-04-18 10:03:29",https://wordpress.org/themes/viburno/,5.5,5.6,20
videographer-studio,"Videographer Studio",2.5,2.4,https://downloads.wordpress.org/theme/videographer-studio.2.5.zip,"2026-04-18 10:35:52",https://wordpress.org/themes/videographer-studio/,5.0,5.6,50
web-graphic-designer,"Web Graphic Designer",2.8,2.7,https://downloads.wordpress.org/theme/web-graphic-designer.2.8.zip,"2026-04-18 10:35:10",https://wordpress.org/themes/web-graphic-designer/,5.0,5.6,40
weight-loss-center,"Weight Loss Center",2.8,2.7,https://downloads.wordpress.org/theme/weight-loss-center.2.8.zip,"2026-04-18 10:34:26",https://wordpress.org/themes/weight-loss-center/,5.0,5.6,20
welding-workshop,"Welding Workshop",3.6,3.4,https://downloads.wordpress.org/theme/welding-workshop.3.6.zip,"2026-04-18 10:33:40",https://wordpress.org/themes/welding-workshop/,5.0,5.6,100
window-blinds-repair,"Window Blinds Repair",2.7,2.6,https://downloads.wordpress.org/theme/window-blinds-repair.2.7.zip,"2026-04-18 10:32:39",https://wordpress.org/themes/window-blinds-repair/,5.0,5.6,70
advance-marketing-agency,"Advance Marketing Agency",0.7.7,0.7.6,https://downloads.wordpress.org/theme/advance-marketing-agency.0.7.7.zip,"2026-04-18 11:12:52",https://wordpress.org/themes/advance-marketing-agency/,5.0,7.2,30
advance-pet-care,"Advance Pet Care",1.5.4,1.5.3,https://downloads.wordpress.org/theme/advance-pet-care.1.5.4.zip,"2026-04-18 11:13:27",https://wordpress.org/themes/advance-pet-care/,5.0,7.2,200
advance-portfolio,"Advance Portfolio",1.2.7,1.2.6,https://downloads.wordpress.org/theme/advance-portfolio.1.2.7.zip,"2026-04-18 11:13:30",https://wordpress.org/themes/advance-portfolio/,5.0,7.2,100
advance-startup,"Advance Startup",1.2.7,1.2.6,https://downloads.wordpress.org/theme/advance-startup.1.2.7.zip,"2026-04-18 11:13:43",https://wordpress.org/themes/advance-startup/,5.0,7.2,100
advance-training-academy,"Advance Training Academy",0.8.4,0.8.3,https://downloads.wordpress.org/theme/advance-training-academy.0.8.4.zip,"2026-04-18 11:13:42",https://wordpress.org/themes/advance-training-academy/,,7.2,100
agriculture-farm,"Agriculture Farm",0.9.3,0.9.2,https://downloads.wordpress.org/theme/agriculture-farm.0.9.3.zip,"2026-04-18 11:14:05",https://wordpress.org/themes/agriculture-farm/,5.0,7.2,80
bb-ecommerce-store,"BB Ecommerce Store",2.5.4,2.5.3,https://downloads.wordpress.org/theme/bb-ecommerce-store.2.5.4.zip,"2026-04-18 11:14:29",https://wordpress.org/themes/bb-ecommerce-store/,5.0,7.2,100
bb-mobile-application,"BB Mobile Application",2.2.3,2.2.2,https://downloads.wordpress.org/theme/bb-mobile-application.2.2.3.zip,"2026-04-18 11:14:30",https://wordpress.org/themes/bb-mobile-application/,5.0,7.2,100
bb-wedding-bliss,"BB Wedding Bliss",2.2.7,2.2.6,https://downloads.wordpress.org/theme/bb-wedding-bliss.2.2.7.zip,"2026-04-18 11:14:55",https://wordpress.org/themes/bb-wedding-bliss/,5.0,7.2,40
creative-one-page,"Creative One Page",0.9.7,0.9.6,https://downloads.wordpress.org/theme/creative-one-page.0.9.7.zip,"2026-04-18 11:15:54",https://wordpress.org/themes/creative-one-page/,5.0,7.2,80
e-commerce-shop,"E-commerce Shop",6.4.1,6.4.0,https://downloads.wordpress.org/theme/e-commerce-shop.6.4.1.zip,"2026-04-18 11:16:04",https://wordpress.org/themes/e-commerce-shop/,5.0,7.2,80
educator-education,"Educator Education",0.9.7,0.9.6,https://downloads.wordpress.org/theme/educator-education.0.9.7.zip,"2026-04-18 11:15:54",https://wordpress.org/themes/educator-education/,5.0,7.2,300
lawyer-lite,"Lawyer Lite",1.4.7,1.4.6,https://downloads.wordpress.org/theme/lawyer-lite.1.4.7.zip,"2026-04-18 11:16:29",https://wordpress.org/themes/lawyer-lite/,5.0,7.2,100
multi-advance,"Multi Advance",1.1.6,1.1.5,https://downloads.wordpress.org/theme/multi-advance.1.1.6.zip,"2026-04-18 11:16:31",https://wordpress.org/themes/multi-advance/,5.0,7.2,50
organic-market,"Organic Market",0.7.8,0.7.7,https://downloads.wordpress.org/theme/organic-market.0.7.8.zip,"2026-04-18 11:16:54",https://wordpress.org/themes/organic-market/,5.0,7.2,90
perfect-blog,"Perfect Blog",1.4.3,1.4.2,https://downloads.wordpress.org/theme/perfect-blog.1.4.3.zip,"2026-04-18 11:18:58",https://wordpress.org/themes/perfect-blog/,5.0,7.2,70
tech-software-company,"Tech Software Company",0.8.6,0.8.5,https://downloads.wordpress.org/theme/tech-software-company.0.8.6.zip,"2026-04-18 11:19:34",https://wordpress.org/themes/tech-software-company/,5.0,7.2,100
the-fashion-woocommerce,"The Fashion Woocommerce",0.5.9,0.5.7,https://downloads.wordpress.org/theme/the-fashion-woocommerce.0.5.9.zip,"2026-04-18 11:19:51",https://wordpress.org/themes/the-fashion-woocommerce/,5.0,7.2,80
tour-planner-ebooking,"Tour Planner eBooking",0.4.5,0.4.4,https://downloads.wordpress.org/theme/tour-planner-ebooking.0.4.5.zip,"2026-04-18 11:19:50",https://wordpress.org/themes/tour-planner-ebooking/,5.0,7.2,40
ts-charity,"TS Charity",1.3.1,1.3.0,https://downloads.wordpress.org/theme/ts-charity.1.3.1.zip,"2026-04-18 11:20:02",https://wordpress.org/themes/ts-charity/,5.0,7.2,100
ts-photography,"TS Photography",1.1.9,1.1.8,https://downloads.wordpress.org/theme/ts-photography.1.1.9.zip,"2026-04-18 11:20:38",https://wordpress.org/themes/ts-photography/,5.0,7.2,50
biopexel,Biopexel,1.0.5,1.0.4,https://downloads.wordpress.org/theme/biopexel.1.0.5.zip,"2026-04-18 14:12:38",https://wordpress.org/themes/biopexel/,5.0,5.6,20
bloguide,Bloguide,1.0.5,1.0.4,https://downloads.wordpress.org/theme/bloguide.1.0.5.zip,"2026-04-18 14:11:56",https://wordpress.org/themes/bloguide/,5.0,5.6,30
rise-magazine,"Rise Magazine",1.0.4,1.0.3,https://downloads.wordpress.org/theme/rise-magazine.1.0.4.zip,"2026-04-18 14:13:22",https://wordpress.org/themes/rise-magazine/,5.0,5.6,100
inspiro,Inspiro,2.1.13,2.1.12,https://downloads.wordpress.org/theme/inspiro.2.1.13.zip,"2026-04-18 15:21:05",https://wordpress.org/themes/inspiro/,6.4,7.4,70000
blossom-pin,"Blossom Pin",1.3.8,1.3.6,https://downloads.wordpress.org/theme/blossom-pin.1.3.8.zip,"2026-04-19 03:46:00",https://wordpress.org/themes/blossom-pin/,6.2,7.4,2000
babysitter-childcare,"Babysitter Childcare",2.7,2.6,https://downloads.wordpress.org/theme/babysitter-childcare.2.7.zip,"2026-04-19 04:27:44",https://wordpress.org/themes/babysitter-childcare/,5.0,5.6,60
blossom-beauty,"Blossom Beauty",1.1.6,1.1.5,https://downloads.wordpress.org/theme/blossom-beauty.1.1.6.zip,"2026-04-19 04:07:05",https://wordpress.org/themes/blossom-beauty/,6.2,7.4,1000
blossom-chic,"Blossom Chic",1.1.3,1.1.2,https://downloads.wordpress.org/theme/blossom-chic.1.1.3.zip,"2026-04-19 04:07:27",https://wordpress.org/themes/blossom-chic/,6.2,7.4,2000
blossom-coach,"Blossom Coach",1.5.9,1.5.8,https://downloads.wordpress.org/theme/blossom-coach.1.5.9.zip,"2026-04-19 04:09:13",https://wordpress.org/themes/blossom-coach/,6.2,7.4,1000
blossom-consulting,"Blossom Consulting",1.1.4,1.1.3,https://downloads.wordpress.org/theme/blossom-consulting.1.1.4.zip,"2026-04-19 04:07:51",https://wordpress.org/themes/blossom-consulting/,6.2,7.4,300
blossom-diva,"Blossom Diva",1.1.2,1.1.1,https://downloads.wordpress.org/theme/blossom-diva.1.1.2.zip,"2026-04-19 04:08:15",https://wordpress.org/themes/blossom-diva/,6.2,7.4,600
blossom-fashion,"Blossom Fashion",1.4.6,1.4.4,https://downloads.wordpress.org/theme/blossom-fashion.1.4.6.zip,"2026-04-19 04:02:01",https://wordpress.org/themes/blossom-fashion/,6.2,7.4,1000
blossom-mommy-blog,"Blossom Mommy Blog",1.1.2,1.1.1,https://downloads.wordpress.org/theme/blossom-mommy-blog.1.1.2.zip,"2026-04-19 04:03:32",https://wordpress.org/themes/blossom-mommy-blog/,6.2,7.4,1000
blossom-pinit,"Blossom PinIt",1.0.7,1.0.6,https://downloads.wordpress.org/theme/blossom-pinit.1.0.7.zip,"2026-04-19 03:54:47",https://wordpress.org/themes/blossom-pinit/,6.2,7.4,1000
blossom-pretty,"Blossom Pretty",1.0.9,1.0.8,https://downloads.wordpress.org/theme/blossom-pretty.1.0.9.zip,"2026-04-19 03:55:25",https://wordpress.org/themes/blossom-pretty/,6.2,7.4,400
blossom-recipe,"Blossom Recipe",1.3.4,1.3.3,https://downloads.wordpress.org/theme/blossom-recipe.1.3.4.zip,"2026-04-19 03:56:56",https://wordpress.org/themes/blossom-recipe/,6.2,7.4,2000
blossom-shop,"Blossom Shop",1.2.3,1.2.1,https://downloads.wordpress.org/theme/blossom-shop.1.2.3.zip,"2026-04-19 03:57:54",https://wordpress.org/themes/blossom-shop/,6.2,7.4,1000
blossom-spa,"Blossom Spa",1.4.0,1.3.8,https://downloads.wordpress.org/theme/blossom-spa.1.4.0.zip,"2026-04-19 03:59:03",https://wordpress.org/themes/blossom-spa/,6.2,7.4,5000
blossom-speaker,"Blossom Speaker",1.1.2,1.1.1,https://downloads.wordpress.org/theme/blossom-speaker.1.1.2.zip,"2026-04-19 03:59:30",https://wordpress.org/themes/blossom-speaker/,6.2,7.4,300
boxing-martial-arts,"Boxing Martial Arts",3.4,3.3,https://downloads.wordpress.org/theme/boxing-martial-arts.3.4.zip,"2026-04-19 04:26:57",https://wordpress.org/themes/boxing-martial-arts/,5.0,5.6,70
building-constructor,"Building Constructor",5.4,5.2,https://downloads.wordpress.org/theme/building-constructor.5.4.zip,"2026-04-19 04:26:09",https://wordpress.org/themes/building-constructor/,5.0,5.6,70
cinema-movie-director,"Cinema Movie Director",5.9,5.8,https://downloads.wordpress.org/theme/cinema-movie-director.5.9.zip,"2026-04-19 04:25:35",https://wordpress.org/themes/cinema-movie-director/,5.0,5.6,100
coachify,Coachify,1.1.7,1.1.6,https://downloads.wordpress.org/theme/coachify.1.1.7.zip,"2026-04-19 04:13:31",https://wordpress.org/themes/coachify/,6.2,7.4,1000
crunchy-recipe,"Crunchy Recipe",1.0.2,1.0.1,https://downloads.wordpress.org/theme/crunchy-recipe.1.0.2.zip,"2026-04-19 04:17:32",https://wordpress.org/themes/crunchy-recipe/,6.2,7.4,100
fashion-diva,"Fashion Diva",1.0.9,1.0.8,https://downloads.wordpress.org/theme/fashion-diva.1.0.9.zip,"2026-04-19 04:00:00",https://wordpress.org/themes/fashion-diva/,6.2,7.4,1000
fashion-icon,"Fashion Icon",1.1.2,1.1.1,https://downloads.wordpress.org/theme/fashion-icon.1.1.2.zip,"2026-04-19 04:00:24",https://wordpress.org/themes/fashion-icon/,6.2,7.4,400
fashion-lifestyle,"Fashion Lifestyle",1.1.2,1.1.1,https://downloads.wordpress.org/theme/fashion-lifestyle.1.1.2.zip,"2026-04-19 04:00:48",https://wordpress.org/themes/fashion-lifestyle/,6.2,7.4,400
fashion-stylist,"Fashion Stylist",1.1.1,1.1.0,https://downloads.wordpress.org/theme/fashion-stylist.1.1.1.zip,"2026-04-19 04:05:09",https://wordpress.org/themes/fashion-stylist/,6.2,7.4,700
feastful-recipe,"Feastful Recipe",1.0.1,1.0.0,https://downloads.wordpress.org/theme/feastful-recipe.1.0.1.zip,"2026-04-19 04:17:57",https://wordpress.org/themes/feastful-recipe/,6.2,7.4,100
ice-cream-parlor,"Ice Cream Parlor",2.8,2.7,https://downloads.wordpress.org/theme/ice-cream-parlor.2.8.zip,"2026-04-19 04:24:14",https://wordpress.org/themes/ice-cream-parlor/,5.0,5.6,70
law-firm-attorney,"Law Firm Attorney",5.8,5.7,https://downloads.wordpress.org/theme/law-firm-attorney.5.8.zip,"2026-04-19 04:31:58",https://wordpress.org/themes/law-firm-attorney/,5.0,5.6,100
legal-law-consulting,"Legal Law Consulting",4.0,3.9,https://downloads.wordpress.org/theme/legal-law-consulting.4.0.zip,"2026-04-19 04:23:26",https://wordpress.org/themes/legal-law-consulting/,5.0,5.6,80
movie-review-hub,"Movie Review Hub",7.7,7.6,https://downloads.wordpress.org/theme/movie-review-hub.7.7.zip,"2026-04-19 04:22:17",https://wordpress.org/themes/movie-review-hub/,5.0,5.6,100
painting-contractor,"Painting Contractor",5.7,5.5,https://downloads.wordpress.org/theme/painting-contractor.5.7.zip,"2026-04-19 04:21:44",https://wordpress.org/themes/painting-contractor/,5.0,5.6,100
personal-coach,"Personal Coach",1.0.4,1.0.3,https://downloads.wordpress.org/theme/personal-coach.1.0.4.zip,"2026-04-19 04:05:31",https://wordpress.org/themes/personal-coach/,6.2,7.4,100
recipe-bites,"Recipe Bites",1.0.4,1.0.3,https://downloads.wordpress.org/theme/recipe-bites.1.0.4.zip,"2026-04-19 04:15:53",https://wordpress.org/themes/recipe-bites/,6.2,7.4,100
recipe-bliss,"Recipe Bliss",1.0.1,1.0.0,https://downloads.wordpress.org/theme/recipe-bliss.1.0.1.zip,"2026-04-19 04:16:18",https://wordpress.org/themes/recipe-bliss/,6.2,7.4,50
recipe-quest,"Recipe Quest",1.0.2,1.0.1,https://downloads.wordpress.org/theme/recipe-quest.1.0.2.zip,"2026-04-19 04:17:07",https://wordpress.org/themes/recipe-quest/,6.2,7.4,100
roofing-contractor,"Roofing Contractor",5.8,5.6,https://downloads.wordpress.org/theme/roofing-contractor.5.8.zip,"2026-04-19 04:21:07",https://wordpress.org/themes/roofing-contractor/,5.0,5.6,70
tasteful-recipe,"Tasteful Recipe",1.0.2,1.0.1,https://downloads.wordpress.org/theme/tasteful-recipe.1.0.2.zip,"2026-04-19 04:16:41",https://wordpress.org/themes/tasteful-recipe/,6.2,7.4,50
vilva,Vilva,1.2.9,1.2.8,https://downloads.wordpress.org/theme/vilva.1.2.9.zip,"2026-04-19 04:06:31",https://wordpress.org/themes/vilva/,6.2,7.4,3000
x-blog,"X Blog",1.3.34,1.3.33,https://downloads.wordpress.org/theme/x-blog.1.3.34.zip,"2026-04-19 06:05:09",https://wordpress.org/themes/x-blog/,,7.4,500
yummy-bites,"Yummy Bites",1.3.5,1.3.4,https://downloads.wordpress.org/theme/yummy-bites.1.3.5.zip,"2026-04-19 04:15:22",https://wordpress.org/themes/yummy-bites/,6.2,7.4,800
blog-hub,"Blog Hub",1.0.0,,https://downloads.wordpress.org/theme/blog-hub.1.0.0.zip,"2026-04-19 09:46:10",https://wordpress.org/themes/blog-hub/,5.0,7.4,0
packers-logistic,"Packers Logistic",1.0.0,,https://downloads.wordpress.org/theme/packers-logistic.1.0.0.zip,"2026-04-19 11:46:17",https://wordpress.org/themes/packers-logistic/,6.0,7.2,0
wedding-planning-services,"Wedding Planning Services",1.0.0,,https://downloads.wordpress.org/theme/wedding-planning-services.1.0.0.zip,"2026-04-19 12:32:03",https://wordpress.org/themes/wedding-planning-services/,6.0,5.6,0
viburno,viburno,2.4.1,2.4.0,https://downloads.wordpress.org/theme/viburno.2.4.1.zip,"2026-04-19 15:22:37",https://wordpress.org/themes/viburno/,5.5,5.6,20
bosa-job-portal,"Bosa Job Portal",1.0.1,,https://downloads.wordpress.org/theme/bosa-job-portal.1.0.1.zip,"2026-04-19 21:33:08",https://wordpress.org/themes/bosa-job-portal/,,5.6,0
corelite-base,"CoreLite Base",1.0.0,,https://downloads.wordpress.org/theme/corelite-base.1.0.0.zip,"2026-04-19 21:32:59",https://wordpress.org/themes/corelite-base/,6.0,7.4,0
coworking-office,"Coworking Office",0.0.1,,https://downloads.wordpress.org/theme/coworking-office.0.0.1.zip,"2026-04-19 21:33:17",https://wordpress.org/themes/coworking-office/,6.2,7.2,0
devblock,Devblock,1.0.2,,https://downloads.wordpress.org/theme/devblock.1.0.2.zip,"2026-04-19 21:32:09",https://wordpress.org/themes/devblock/,6.4,8.0,0
hoat,HOAT,1.0.1,,https://downloads.wordpress.org/theme/hoat.1.0.1.zip,"2026-04-19 21:33:43",https://wordpress.org/themes/hoat/,6.7,7.2,0
house-roofing,"House Roofing",0.0.1,,https://downloads.wordpress.org/theme/house-roofing.0.0.1.zip,"2026-04-19 21:32:51",https://wordpress.org/themes/house-roofing/,5.0,7.2,0
launchit,Launchit,1.0.1,,https://downloads.wordpress.org/theme/launchit.1.0.1.zip,"2026-04-19 21:34:16",https://wordpress.org/themes/launchit/,6.8,7.2,0
lexionic,Lexionic,1.0.1,,https://downloads.wordpress.org/theme/lexionic.1.0.1.zip,"2026-04-19 21:33:25",https://wordpress.org/themes/lexionic/,6.7,7.2,0
maizymas,Maizymas,1.0.0,,https://downloads.wordpress.org/theme/maizymas.1.0.0.zip,"2026-04-19 21:33:51",https://wordpress.org/themes/maizymas/,6.8,7.2,0
niui-wp,"niui WP",1.0.11,,https://downloads.wordpress.org/theme/niui-wp.1.0.11.zip,"2026-04-19 21:32:01",https://wordpress.org/themes/niui-wp/,,7.4,0
observer,Observer,1.0.1,,https://downloads.wordpress.org/theme/observer.1.0.1.zip,"2026-04-19 21:33:59",https://wordpress.org/themes/observer/,6.7,7.2,0
pixeone,PixeOne,1.0.2,,https://downloads.wordpress.org/theme/pixeone.1.0.2.zip,"2026-04-19 21:31:52",https://wordpress.org/themes/pixeone/,6.0,7.4,0
sankofa,Sankofa,1.0.2,,https://downloads.wordpress.org/theme/sankofa.1.0.2.zip,"2026-04-19 21:34:24",https://wordpress.org/themes/sankofa/,6.9,7.2,0
slab,Slab,1.0.1,,https://downloads.wordpress.org/theme/slab.1.0.1.zip,"2026-04-19 21:34:07",https://wordpress.org/themes/slab/,6.8,7.2,0
speednews,SpeedNews,1.0.0,,https://downloads.wordpress.org/theme/speednews.1.0.0.zip,"2026-04-19 21:32:42",https://wordpress.org/themes/speednews/,6.7,7.2,0
storybreeze,StoryBreeze,1.0.1,,https://downloads.wordpress.org/theme/storybreeze.1.0.1.zip,"2026-04-19 21:32:25",https://wordpress.org/themes/storybreeze/,6.4,7.4,0
timestream,Timestream,1.0.1,,https://downloads.wordpress.org/theme/timestream.1.0.1.zip,"2026-04-19 21:33:34",https://wordpress.org/themes/timestream/,6.7,7.2,0
wens-folio,"WENS Folio",1.0.1,,https://downloads.wordpress.org/theme/wens-folio.1.0.1.zip,"2026-04-19 21:32:32",https://wordpress.org/themes/wens-folio/,6.0,7.4,0
wpwriter,WPWriter,3.2.6,,https://downloads.wordpress.org/theme/wpwriter.3.2.6.zip,"2026-04-19 21:32:16",https://wordpress.org/themes/wpwriter/,5.6,7.4,0
corporate-lawyer-firm,"Corporate Lawyer Firm",3.7,3.6,https://downloads.wordpress.org/theme/corporate-lawyer-firm.3.7.zip,"2026-04-20 03:20:31",https://wordpress.org/themes/corporate-lawyer-firm/,5.0,7.2,30
data-analytics-center,"Data Analytics Center",3.7,3.6,https://downloads.wordpress.org/theme/data-analytics-center.3.7.zip,"2026-04-20 03:19:14",https://wordpress.org/themes/data-analytics-center/,5.0,7.2,50
influencer-marketing,"Influencer Marketing",3.7,3.6,https://downloads.wordpress.org/theme/influencer-marketing.3.7.zip,"2026-04-20 03:17:08",https://wordpress.org/themes/influencer-marketing/,5.5,7.2,10
interior-decor-consultation,"Interior Decor Consultation",3.7,3.6,https://downloads.wordpress.org/theme/interior-decor-consultation.3.7.zip,"2026-04-20 03:14:47",https://wordpress.org/themes/interior-decor-consultation/,5.0,7.2,30
laundry-cleaner,"Laundry Cleaner",3.4,3.3,https://downloads.wordpress.org/theme/laundry-cleaner.3.4.zip,"2026-04-20 03:12:48",https://wordpress.org/themes/laundry-cleaner/,5.0,7.2,0
misbah-lighting,"Misbah Lighting",4.0,3.9,https://downloads.wordpress.org/theme/misbah-lighting.4.0.zip,"2026-04-20 03:11:08",https://wordpress.org/themes/misbah-lighting/,5.0,7.2,30
movie-review-blog,"Movie Review Blog",3.8,3.7,https://downloads.wordpress.org/theme/movie-review-blog.3.8.zip,"2026-04-20 03:10:12",https://wordpress.org/themes/movie-review-blog/,5.0,7.2,50
project-management,"Project Management",3.8,3.7,https://downloads.wordpress.org/theme/project-management.3.8.zip,"2026-04-20 03:08:13",https://wordpress.org/themes/project-management/,5.0,7.2,30
soccer-sports,"Soccer Sports",1.1.9,1.1.8,https://downloads.wordpress.org/theme/soccer-sports.1.1.9.zip,"2026-04-20 03:07:24",https://wordpress.org/themes/soccer-sports/,6.0,5.6,50
vr-gaming,"VR Gaming",3.7,3.6,https://downloads.wordpress.org/theme/vr-gaming.3.7.zip,"2026-04-20 03:00:45",https://wordpress.org/themes/vr-gaming/,5.0,7.2,30
ac-maintenance,"AC Maintenance",2.9,2.8,https://downloads.wordpress.org/theme/ac-maintenance.2.9.zip,"2026-04-20 06:19:00",https://wordpress.org/themes/ac-maintenance/,6.1,7.2,100
antique-jewelry,"Antique Jewelry",3.8,3.7,https://downloads.wordpress.org/theme/antique-jewelry.3.8.zip,"2026-04-20 06:18:13",https://wordpress.org/themes/antique-jewelry/,6.1,7.2,90
blogging-hub,"Blogging Hub",1.1,1.0,https://downloads.wordpress.org/theme/blogging-hub.1.1.zip,"2026-04-20 05:40:24",https://wordpress.org/themes/blogging-hub/,5.5,5.6,10
classic-saas-company,"Classic SaaS Company",0.6,0.4,https://downloads.wordpress.org/theme/classic-saas-company.0.6.zip,"2026-04-20 05:22:57",https://wordpress.org/themes/classic-saas-company/,5.0,5.6,200
classic-tour-booking,"Classic Tour Booking",0.4.9,0.4.8,https://downloads.wordpress.org/theme/classic-tour-booking.0.4.9.zip,"2026-04-20 05:22:48",https://wordpress.org/themes/classic-tour-booking/,5.0,5.6,40
classic-toy-store,"Classic Toy Store",0.3.0,0.2.9,https://downloads.wordpress.org/theme/classic-toy-store.0.3.0.zip,"2026-04-20 05:22:35",https://wordpress.org/themes/classic-toy-store/,5.0,5.6,200
classic-wedding,"Classic Wedding",5.1.1,5.1,https://downloads.wordpress.org/theme/classic-wedding.5.1.1.zip,"2026-04-20 05:22:30",https://wordpress.org/themes/classic-wedding/,5.0,5.6,100
classic-woocommerce,"Classic Woocommerce",3.2.2,3.2.1,https://downloads.wordpress.org/theme/classic-woocommerce.3.2.2.zip,"2026-04-20 05:22:03",https://wordpress.org/themes/classic-woocommerce/,5.0,5.6,100
cleaning-services-agency,"Cleaning Services Agency",1.6.4,1.6.3,https://downloads.wordpress.org/theme/cleaning-services-agency.1.6.4.zip,"2026-04-20 05:21:56",https://wordpress.org/themes/cleaning-services-agency/,5.0,5.6,80
clothes-boutique,"Clothes Boutique",0.2.6,0.2.4,https://downloads.wordpress.org/theme/clothes-boutique.0.2.6.zip,"2026-04-20 05:22:02",https://wordpress.org/themes/clothes-boutique/,5.0,5.6,400
cloud-storage-services,"Cloud Storage Services",0.3.1,0.3,https://downloads.wordpress.org/theme/cloud-storage-services.0.3.1.zip,"2026-04-20 05:21:37",https://wordpress.org/themes/cloud-storage-services/,5.0,5.6,30
comic-book-store,"Comic Book Store",0.3.8,0.3.7,https://downloads.wordpress.org/theme/comic-book-store.0.3.8.zip,"2026-04-20 05:21:19",https://wordpress.org/themes/comic-book-store/,5.0,5.6,100
content-creator,"Content Creator",0.1.2,0.1.1,https://downloads.wordpress.org/theme/content-creator.0.1.2.zip,"2026-04-20 05:57:49",https://wordpress.org/themes/content-creator/,5.0,5.6,0
cooking-classes,"Cooking Classes",3.4.1,3.4,https://downloads.wordpress.org/theme/cooking-classes.3.4.1.zip,"2026-04-20 05:21:13",https://wordpress.org/themes/cooking-classes/,5.0,5.6,50
coupon-shop,"Coupon Shop",0.1.9,0.1.7,https://downloads.wordpress.org/theme/coupon-shop.0.1.9.zip,"2026-04-20 05:21:13",https://wordpress.org/themes/coupon-shop/,5.0,5.6,70
creative-blogger,"Creative Blogger",0.4.6,0.4.5,https://downloads.wordpress.org/theme/creative-blogger.0.4.6.zip,"2026-04-20 05:21:07",https://wordpress.org/themes/creative-blogger/,5.0,5.6,300
home-decoration-shop,"Home Decoration Shop",4.0,3.9,https://downloads.wordpress.org/theme/home-decoration-shop.4.0.zip,"2026-04-20 06:17:33",https://wordpress.org/themes/home-decoration-shop/,6.1,7.2,20
mobile-app-company,"Mobile App Company",3.9,3.8,https://downloads.wordpress.org/theme/mobile-app-company.3.9.zip,"2026-04-20 06:16:44",https://wordpress.org/themes/mobile-app-company/,6.1,7.2,50
retailer-ecommerce,"Retailer Ecommerce",3.9,3.8,https://downloads.wordpress.org/theme/retailer-ecommerce.3.9.zip,"2026-04-20 06:15:53",https://wordpress.org/themes/retailer-ecommerce/,6.1,7.2,100
titan-bookseller,"Titan Bookseller",3.8,3.7,https://downloads.wordpress.org/theme/titan-bookseller.3.8.zip,"2026-04-20 06:14:58",https://wordpress.org/themes/titan-bookseller/,6.1,7.2,50
titan-digital-agency,"Titan Digital Agency",4.0,3.9,https://downloads.wordpress.org/theme/titan-digital-agency.4.0.zip,"2026-04-20 06:14:17",https://wordpress.org/themes/titan-digital-agency/,6.1,7.2,100
titan-news-blog,"Titan News Blog",3.4,3.3,https://downloads.wordpress.org/theme/titan-news-blog.3.4.zip,"2026-04-20 06:12:30",https://wordpress.org/themes/titan-news-blog/,6.1,5.6,50
travel-blogging,"Travel Blogging",3.9,3.8,https://downloads.wordpress.org/theme/travel-blogging.3.9.zip,"2026-04-20 06:11:45",https://wordpress.org/themes/travel-blogging/,6.1,7.2,100
travel-manager,"Travel Manager",3.8,3.7,https://downloads.wordpress.org/theme/travel-manager.3.8.zip,"2026-04-20 06:11:01",https://wordpress.org/themes/travel-manager/,6.1,7.2,200
tuition-coaching-center,"Tuition Coaching Center",3.7,3.6,https://downloads.wordpress.org/theme/tuition-coaching-center.3.7.zip,"2026-04-20 06:09:56",https://wordpress.org/themes/tuition-coaching-center/,6.1,7.2,20
nxt-kindergarten,"NXT Kindergarten",1.2,,https://downloads.wordpress.org/theme/nxt-kindergarten.1.2.zip,"2026-04-20 06:01:15",https://wordpress.org/themes/nxt-kindergarten/,5.5,7.4,0
adaptable-blog,"Adaptable Blog",1.1,1.0,https://downloads.wordpress.org/theme/adaptable-blog.1.1.zip,"2026-04-20 09:01:51",https://wordpress.org/themes/adaptable-blog/,5.1,5.6,70
adjustable-blog,"Adjustable Blog",1.1,1.0,https://downloads.wordpress.org/theme/adjustable-blog.1.1.zip,"2026-04-20 09:02:45",https://wordpress.org/themes/adjustable-blog/,5.1,5.6,90
auto-dealer-lite,"Auto Dealer Lite",7.7,7.6,https://downloads.wordpress.org/theme/auto-dealer-lite.7.7.zip,"2026-04-20 08:01:51",https://wordpress.org/themes/auto-dealer-lite/,5.0,5.6,80
blog-element,"Blog Element",1.5,1.4,https://downloads.wordpress.org/theme/blog-element.1.5.zip,"2026-04-20 09:03:50",https://wordpress.org/themes/blog-element/,5.1,5.6,100
blog-studio,"Blog Studio",1.4,1.3,https://downloads.wordpress.org/theme/blog-studio.1.4.zip,"2026-04-20 09:04:31",https://wordpress.org/themes/blog-studio/,5.1,5.6,400
blogger-base,"Blogger Base",1.1.5,1.1.4,https://downloads.wordpress.org/theme/blogger-base.1.1.5.zip,"2026-04-20 06:27:54",https://wordpress.org/themes/blogger-base/,5.0,7.2,80
blogger-hub,"Blogger Hub",1.5.3,1.5.2,https://downloads.wordpress.org/theme/blogger-hub.1.5.3.zip,"2026-04-20 06:28:46",https://wordpress.org/themes/blogger-hub/,5.0,7.2,90
bookstore-exhibition,"Bookstore Exhibition",2.2.5,2.2.4,https://downloads.wordpress.org/theme/bookstore-exhibition.2.2.5.zip,"2026-04-20 07:32:16",https://wordpress.org/themes/bookstore-exhibition/,5.6,7.2,90
business-element,"Business Element",1.4,1.3,https://downloads.wordpress.org/theme/business-element.1.4.zip,"2026-04-20 09:05:19",https://wordpress.org/themes/business-element/,5.1,5.6,80
business-note,"Business Note",1.4,1.3,https://downloads.wordpress.org/theme/business-note.1.4.zip,"2026-04-20 09:06:07",https://wordpress.org/themes/business-note/,5.1,5.6,50
campus-education,"Campus Education",1.5.2,1.5,https://downloads.wordpress.org/theme/campus-education.1.5.2.zip,"2026-04-20 06:29:03",https://wordpress.org/themes/campus-education/,5.0,7.2,70
carpenter-services,"Carpenter Services",0.1.0,0.0.9,https://downloads.wordpress.org/theme/carpenter-services.0.1.0.zip,"2026-04-20 07:28:48",https://wordpress.org/themes/carpenter-services/,5.0,7.2,70
catering-lite,"Catering Lite",0.8.5,0.8.4,https://downloads.wordpress.org/theme/catering-lite.0.8.5.zip,"2026-04-20 06:29:05",https://wordpress.org/themes/catering-lite/,5.0,7.2,40
charity-fundraiser,"Charity Fundraiser",1.4.2,1.4.1,https://downloads.wordpress.org/theme/charity-fundraiser.1.4.2.zip,"2026-04-20 06:29:23",https://wordpress.org/themes/charity-fundraiser/,5.0,7.2,200
cinema-theater,"Cinema Theater",6.1,6.0,https://downloads.wordpress.org/theme/cinema-theater.6.1.zip,"2026-04-20 08:01:00",https://wordpress.org/themes/cinema-theater/,5.0,5.6,100
compliant-blog,"Compliant Blog",1.1,1.0,https://downloads.wordpress.org/theme/compliant-blog.1.1.zip,"2026-04-20 09:06:39",https://wordpress.org/themes/compliant-blog/,5.1,5.6,80
component-blog,"Component Blog",1.1,1.0,https://downloads.wordpress.org/theme/component-blog.1.1.zip,"2026-04-20 09:07:07",https://wordpress.org/themes/component-blog/,5.1,5.6,60
construction-engineering,"Construction Engineering",6.3,6.1,https://downloads.wordpress.org/theme/construction-engineering.6.3.zip,"2026-04-20 08:00:23",https://wordpress.org/themes/construction-engineering/,5.0,5.6,80
construction-hub,"Construction Hub",5.0,4.8,https://downloads.wordpress.org/theme/construction-hub.5.0.zip,"2026-04-20 07:59:39",https://wordpress.org/themes/construction-hub/,5.0,5.6,200
construction-renovation,"Construction Renovation",7.6,7.4,https://downloads.wordpress.org/theme/construction-renovation.7.6.zip,"2026-04-20 07:58:44",https://wordpress.org/themes/construction-renovation/,5.0,5.6,40
core-fitness,"Core Fitness",1.3.9,1.3.8,https://downloads.wordpress.org/theme/core-fitness.1.3.9.zip,"2026-04-20 06:29:20",https://wordpress.org/themes/core-fitness/,5.0,7.2,20
dentistry-hospital,"Dentistry Hospital",0.1.0,0.0.9,https://downloads.wordpress.org/theme/dentistry-hospital.0.1.0.zip,"2026-04-20 07:28:39",https://wordpress.org/themes/dentistry-hospital/,5.0,7.2,40
digital-marketing-freelancer,"Digital Marketing Freelancer",2.2.2,2.2.1,https://downloads.wordpress.org/theme/digital-marketing-freelancer.2.2.2.zip,"2026-04-20 09:16:24",https://wordpress.org/themes/digital-marketing-freelancer/,,5.6,300
divine-word,"Divine Word",2.2.1,2.2.0,https://downloads.wordpress.org/theme/divine-word.2.2.1.zip,"2026-04-20 09:16:48",https://wordpress.org/themes/divine-word/,,5.6,100
driving-school-lite,"Driving School Lite",1.3.6,1.3.5,https://downloads.wordpress.org/theme/driving-school-lite.1.3.6.zip,"2026-04-20 06:34:46",https://wordpress.org/themes/driving-school-lite/,5.0,7.2,300
ecommerce-hub,"Ecommerce Hub",1.3.7,1.3.6,https://downloads.wordpress.org/theme/ecommerce-hub.1.3.7.zip,"2026-04-20 06:35:06",https://wordpress.org/themes/ecommerce-hub/,5.0,7.2,70
editor-news,"Editor News",2.3,2.2,https://downloads.wordpress.org/theme/editor-news.2.3.zip,"2026-04-20 06:28:49",https://wordpress.org/themes/editor-news/,,5.6,900
elastic-blog,"Elastic Blog",1.4,1.3,https://downloads.wordpress.org/theme/elastic-blog.1.4.zip,"2026-04-20 09:07:51",https://wordpress.org/themes/elastic-blog/,5.1,5.6,200
event-band-services,"Event Band Services",0.1.0,0.0.9,https://downloads.wordpress.org/theme/event-band-services.0.1.0.zip,"2026-04-20 07:28:27",https://wordpress.org/themes/event-band-services/,5.0,7.2,100
exotic-plant-store,"Exotic Plant Store",2.2.1,2.2.0,https://downloads.wordpress.org/theme/exotic-plant-store.2.2.1.zip,"2026-04-20 09:17:06",https://wordpress.org/themes/exotic-plant-store/,,5.6,100
expert-adventure-guide,"Expert Adventure Guide",11.7,11.6,https://downloads.wordpress.org/theme/expert-adventure-guide.11.7.zip,"2026-04-20 07:30:28",https://wordpress.org/themes/expert-adventure-guide/,,7.2,20
expert-gamer,"Expert Gamer",5.8,5.7,https://downloads.wordpress.org/theme/expert-gamer.5.8.zip,"2026-04-20 07:35:01",https://wordpress.org/themes/expert-gamer/,,7.2,100
expert-life-coach,"Expert Life Coach",8.9,8.7,https://downloads.wordpress.org/theme/expert-life-coach.8.9.zip,"2026-04-20 07:32:58",https://wordpress.org/themes/expert-life-coach/,,7.2,20
film-maker-lite,"Film Maker Lite",7.1,7.0,https://downloads.wordpress.org/theme/film-maker-lite.7.1.zip,"2026-04-20 07:58:12",https://wordpress.org/themes/film-maker-lite/,5.0,5.6,400
fitness-cardio,"Fitness Cardio",2.2.2,2.2.1,https://downloads.wordpress.org/theme/fitness-cardio.2.2.2.zip,"2026-04-20 09:17:24",https://wordpress.org/themes/fitness-cardio/,,5.6,100
flexible-blog,"Flexible Blog",1.4,1.3,https://downloads.wordpress.org/theme/flexible-blog.1.4.zip,"2026-04-20 09:08:54",https://wordpress.org/themes/flexible-blog/,5.1,5.6,100
focus-blog,"Focus Blog",1.5,1.4,https://downloads.wordpress.org/theme/focus-blog.1.5.zip,"2026-04-20 09:09:36",https://wordpress.org/themes/focus-blog/,5.1,5.6,100
food-truck-lite,"Food Truck Lite",1.0.7,1.0.6,https://downloads.wordpress.org/theme/food-truck-lite.1.0.7.zip,"2026-04-20 06:35:40",https://wordpress.org/themes/food-truck-lite/,5.0,7.2,70
frankfurt-news,"Frankfurt News",1.8,1.7,https://downloads.wordpress.org/theme/frankfurt-news.1.8.zip,"2026-04-20 06:29:13",https://wordpress.org/themes/frankfurt-news/,,5.6,700
hair-dressing-salon,"Hair Dressing Salon",1.3.5,1.3.2,https://downloads.wordpress.org/theme/hair-dressing-salon.1.3.5.zip,"2026-04-20 09:18:12",https://wordpress.org/themes/hair-dressing-salon/,,5.6,100
holy-word,"Holy Word",2.2.0,2.1.9,https://downloads.wordpress.org/theme/holy-word.2.2.0.zip,"2026-04-20 09:18:18",https://wordpress.org/themes/holy-word/,,5.6,80
home-control-system,"Home Control System",0.0.5,0.0.4,https://downloads.wordpress.org/theme/home-control-system.0.0.5.zip,"2026-04-20 07:28:12",https://wordpress.org/themes/home-control-system/,5.0,7.2,40
home-gadget,"Home Gadget",0.1.1,0.1.0,https://downloads.wordpress.org/theme/home-gadget.0.1.1.zip,"2026-04-20 07:28:08",https://wordpress.org/themes/home-gadget/,5.0,7.2,100
home-reconstruction,"Home Reconstruction",6.1,5.9,https://downloads.wordpress.org/theme/home-reconstruction.6.1.zip,"2026-04-20 07:57:07",https://wordpress.org/themes/home-reconstruction/,5.0,5.6,90
irvine-news,"Irvine News",2.7,2.6,https://downloads.wordpress.org/theme/irvine-news.2.7.zip,"2026-04-20 06:29:41",https://wordpress.org/themes/irvine-news/,,5.6,700
it-services,"IT Services",1.1.2,1.1.1,https://downloads.wordpress.org/theme/it-services.1.1.2.zip,"2026-04-20 06:35:33",https://wordpress.org/themes/it-services/,5.0,7.2,100
lawyer-hub,"Lawyer Hub",5.0,4.9,https://downloads.wordpress.org/theme/lawyer-hub.5.0.zip,"2026-04-20 07:56:31",https://wordpress.org/themes/lawyer-hub/,5.0,5.6,90
led-tv,"LED TV",8.0,7.9,https://downloads.wordpress.org/theme/led-tv.8.0.zip,"2026-04-20 07:31:52",https://wordpress.org/themes/led-tv/,,7.2,50
louder,Louder,1.4,1.3,https://downloads.wordpress.org/theme/louder.1.4.zip,"2026-04-20 09:10:16",https://wordpress.org/themes/louder/,5.1,5.6,100
luxury-travel,"Luxury Travel",1.4.5,1.4.4,https://downloads.wordpress.org/theme/luxury-travel.1.4.5.zip,"2026-04-20 06:35:52",https://wordpress.org/themes/luxury-travel/,5.0,7.2,50
marsh-blog,"Marsh Blog",1.3,1.2,https://downloads.wordpress.org/theme/marsh-blog.1.3.zip,"2026-04-20 09:10:58",https://wordpress.org/themes/marsh-blog/,5.1,5.6,800
marsh-builder,"Marsh Builder",1.3,1.2,https://downloads.wordpress.org/theme/marsh-builder.1.3.zip,"2026-04-20 09:11:36",https://wordpress.org/themes/marsh-builder/,5.1,5.6,80
marsh-business,"Marsh Business",1.3,1.2,https://downloads.wordpress.org/theme/marsh-business.1.3.zip,"2026-04-20 09:12:30",https://wordpress.org/themes/marsh-business/,5.1,5.6,50
marsh-construction,"Marsh Construction",1.3,1.2,https://downloads.wordpress.org/theme/marsh-construction.1.3.zip,"2026-04-20 09:13:21",https://wordpress.org/themes/marsh-construction/,5.1,5.6,40
marsh-corporate,"Marsh Corporate",1.2,1.1,https://downloads.wordpress.org/theme/marsh-corporate.1.2.zip,"2026-04-20 09:14:01",https://wordpress.org/themes/marsh-corporate/,5.1,5.6,100
marsh-kindergarten,"Marsh Kindergarten",1.3,1.2,https://downloads.wordpress.org/theme/marsh-kindergarten.1.3.zip,"2026-04-20 09:14:50",https://wordpress.org/themes/marsh-kindergarten/,5.1,5.6,50
marsh-music,"Marsh Music",1.4,1.3,https://downloads.wordpress.org/theme/marsh-music.1.4.zip,"2026-04-20 09:15:45",https://wordpress.org/themes/marsh-music/,5.1,5.6,200
marsh-preschool,"Marsh Preschool",1.3,1.2,https://downloads.wordpress.org/theme/marsh-preschool.1.3.zip,"2026-04-20 09:16:39",https://wordpress.org/themes/marsh-preschool/,5.1,5.6,100
marsh-restaurant,"Marsh Restaurant",1.3,1.2,https://downloads.wordpress.org/theme/marsh-restaurant.1.3.zip,"2026-04-20 09:17:22",https://wordpress.org/themes/marsh-restaurant/,5.1,5.6,80
marsh-singer,"Marsh Singer",1.4,1.3,https://downloads.wordpress.org/theme/marsh-singer.1.4.zip,"2026-04-20 09:18:05",https://wordpress.org/themes/marsh-singer/,5.1,5.6,40
medford-news,"Medford News",2.3,2.2,https://downloads.wordpress.org/theme/medford-news.2.3.zip,"2026-04-20 06:30:06",https://wordpress.org/themes/medford-news/,,5.6,400
medical-hospital,"Medical Hospital",1.4.2,1.4.1,https://downloads.wordpress.org/theme/medical-hospital.1.4.2.zip,"2026-04-20 06:36:00",https://wordpress.org/themes/medical-hospital/,5.0,7.2,100
mega-construction,"Mega Construction",1.3.3,1.3.2,https://downloads.wordpress.org/theme/mega-construction.1.3.3.zip,"2026-04-20 06:36:29",https://wordpress.org/themes/mega-construction/,5.0,7.2,90
movie-studio,"Movie Studio",5.9,5.8,https://downloads.wordpress.org/theme/movie-studio.5.9.zip,"2026-04-20 07:55:14",https://wordpress.org/themes/movie-studio/,5.0,5.6,200
multipurpose-lawyer,"Multipurpose Lawyer",1.3.1,1.3,https://downloads.wordpress.org/theme/multipurpose-lawyer.1.3.1.zip,"2026-04-20 06:36:37",https://wordpress.org/themes/multipurpose-lawyer/,5.0,7.2,80
multipurpose-magazine,"Multipurpose Magazine",1.3.9,1.3.8,https://downloads.wordpress.org/theme/multipurpose-magazine.1.3.9.zip,"2026-04-20 06:36:43",https://wordpress.org/themes/multipurpose-magazine/,5.0,7.2,100
news-digest,"News Digest",5.6,5.5,https://downloads.wordpress.org/theme/news-digest.5.6.zip,"2026-04-20 06:31:15",https://wordpress.org/themes/news-digest/,,5.6,400
news-gadgets,"News Gadgets",3.1,3.0,https://downloads.wordpress.org/theme/news-gadgets.3.1.zip,"2026-04-20 06:32:18",https://wordpress.org/themes/news-gadgets/,,5.6,500
news-mart,"News Mart",1.4,1.3,https://downloads.wordpress.org/theme/news-mart.1.4.zip,"2026-04-20 06:33:22",https://wordpress.org/themes/news-mart/,,5.6,400
newscorn,NewsCorn,4.5,4.4,https://downloads.wordpress.org/theme/newscorn.4.5.zip,"2026-04-20 06:30:45",https://wordpress.org/themes/newscorn/,,5.6,200
newsexo,NewsExo,7.3,7.2,https://downloads.wordpress.org/theme/newsexo.7.3.zip,"2026-04-20 06:31:53",https://wordpress.org/themes/newsexo/,,5.6,2000
newsio,Newsio,6.0,5.9,https://downloads.wordpress.org/theme/newsio.6.0.zip,"2026-04-20 06:32:47",https://wordpress.org/themes/newsio/,,5.6,700
prime-fitness-gym,"Prime Fitness Gym",1.0.23,1.0.22,https://downloads.wordpress.org/theme/prime-fitness-gym.1.0.23.zip,"2026-04-20 07:03:48",https://wordpress.org/themes/prime-fitness-gym/,,5.6,0
property-builder,"Property Builder",2.4,2.2,https://downloads.wordpress.org/theme/property-builder.2.4.zip,"2026-04-20 07:54:35",https://wordpress.org/themes/property-builder/,5.0,5.6,70
provo-news,"Provo News",4.0,3.9,https://downloads.wordpress.org/theme/provo-news.4.0.zip,"2026-04-20 06:34:01",https://wordpress.org/themes/provo-news/,,5.6,500
salecraft-ecommerce,"SaleCraft Ecommerce",1.0.4,1.0.3,https://downloads.wordpress.org/theme/salecraft-ecommerce.1.0.4.zip,"2026-04-20 07:37:57",https://wordpress.org/themes/salecraft-ecommerce/,6.1,7.2,100
seattle-news,"Seattle News",3.7,3.6,https://downloads.wordpress.org/theme/seattle-news.3.7.zip,"2026-04-20 06:34:24",https://wordpress.org/themes/seattle-news/,,5.6,1000
the-wp-business,"The WP Business",2.3.5,2.3.4,https://downloads.wordpress.org/theme/the-wp-business.2.3.5.zip,"2026-04-20 06:37:01",https://wordpress.org/themes/the-wp-business/,5.0,7.2,60
the-wp-fitness,"The WP Fitness",1.3.4,1.3.3,https://downloads.wordpress.org/theme/the-wp-fitness.1.3.4.zip,"2026-04-20 06:37:04",https://wordpress.org/themes/the-wp-fitness/,5.0,7.2,60
tour-travel-package,"Tour Travel Package",2.2.5,2.2.4,https://downloads.wordpress.org/theme/tour-travel-package.2.2.5.zip,"2026-04-20 07:32:38",https://wordpress.org/themes/tour-travel-package/,5.6,7.2,100
unique-pizza-shop,"Unique Pizza Shop",2.2.5,2.2.4,https://downloads.wordpress.org/theme/unique-pizza-shop.2.2.5.zip,"2026-04-20 07:32:10",https://wordpress.org/themes/unique-pizza-shop/,5.6,7.2,80
unique-restaurant,"Unique Restaurant",2.4.3,2.4.2,https://downloads.wordpress.org/theme/unique-restaurant.2.4.3.zip,"2026-04-20 07:32:02",https://wordpress.org/themes/unique-restaurant/,5.6,7.2,60
unique-startup,"Unique Startup",2.2.3,2.2.2,https://downloads.wordpress.org/theme/unique-startup.2.2.3.zip,"2026-04-20 07:32:49",https://wordpress.org/themes/unique-startup/,5.6,7.2,30
wpwriter,WPWriter,3.4.3,3.2.6,https://downloads.wordpress.org/theme/wpwriter.3.4.3.zip,"2026-04-20 08:19:51",https://wordpress.org/themes/wpwriter/,5.6,7.4,0
yoga-kriya,"Yoga Kriya",2.2.6,2.2.5,https://downloads.wordpress.org/theme/yoga-kriya.2.2.6.zip,"2026-04-20 07:32:22",https://wordpress.org/themes/yoga-kriya/,5.6,7.2,40
interior-layout,"Interior Layout",1.2,,https://downloads.wordpress.org/theme/interior-layout.1.2.zip,"2026-04-20 07:33:59",https://wordpress.org/themes/interior-layout/,,5.6,10
appointable,Appointable,18.1,18.0,https://downloads.wordpress.org/theme/appointable.18.1.zip,"2026-04-20 11:30:55",https://wordpress.org/themes/appointable/,4.7,5.6,50
architect-architecture,"Architect Architecture",0.9.4,0.9.3,https://downloads.wordpress.org/theme/architect-architecture.0.9.4.zip,"2026-04-20 09:53:58",https://wordpress.org/themes/architect-architecture/,5.0,7.2,100
arkbiz,ArkBiz,18.1,18.0,https://downloads.wordpress.org/theme/arkbiz.18.1.zip,"2026-04-20 11:29:52",https://wordpress.org/themes/arkbiz/,4.7,5.6,60
author-book-publisher,"Author Book Publisher",0.4,0.3.2,https://downloads.wordpress.org/theme/author-book-publisher.0.4.zip,"2026-04-20 11:23:31",https://wordpress.org/themes/author-book-publisher/,5.0,7.2,80
beauty-cosmetic-store,"Beauty Cosmetic Store",0.3.2,0.2.6,https://downloads.wordpress.org/theme/beauty-cosmetic-store.0.3.2.zip,"2026-04-20 11:22:18",https://wordpress.org/themes/beauty-cosmetic-store/,5.0,7.2,100
boutique-garment-store,"Boutique Garment Store",1.0.5,0.9.9,https://downloads.wordpress.org/theme/boutique-garment-store.1.0.5.zip,"2026-04-20 11:21:25",https://wordpress.org/themes/boutique-garment-store/,,7.2,40
cartable,Cartable,18.1,18.0,https://downloads.wordpress.org/theme/cartable.18.1.zip,"2026-04-20 11:07:24",https://wordpress.org/themes/cartable/,4.7,5.6,100
centrum,Centrum,2.5,2.4,https://downloads.wordpress.org/theme/centrum.2.5.zip,"2026-04-20 11:36:50",https://wordpress.org/themes/centrum/,4.7,5.6,80
construction-firm,"Construction Firm",9.5,8.8,https://downloads.wordpress.org/theme/construction-firm.9.5.zip,"2026-04-20 09:29:48",https://wordpress.org/themes/construction-firm/,5.0,5.6,90
corporate-businessmen,"Corporate Businessmen",2.6,2.0,https://downloads.wordpress.org/theme/corporate-businessmen.2.6.zip,"2026-04-20 10:35:42",https://wordpress.org/themes/corporate-businessmen/,5.5,5.6,60
education-management,"Education Management",3.1,2.7,https://downloads.wordpress.org/theme/education-management.3.1.zip,"2026-04-20 09:23:10",https://wordpress.org/themes/education-management/,6.1,7.2,100
elearning-online-courses,"Elearning Online Courses",1.5.2,1.4.7,https://downloads.wordpress.org/theme/elearning-online-courses.1.5.2.zip,"2026-04-20 11:20:36",https://wordpress.org/themes/elearning-online-courses/,,7.2,60
fashion-stylist-lite,"Fashion Stylist Lite",5.5,5.0,https://downloads.wordpress.org/theme/fashion-stylist-lite.5.5.zip,"2026-04-20 09:30:19",https://wordpress.org/themes/fashion-stylist-lite/,5.0,5.6,60
fortify,Fortify,10.1,10.0,https://downloads.wordpress.org/theme/fortify.10.1.zip,"2026-04-20 11:32:50",https://wordpress.org/themes/fortify/,4.7,5.6,30
halloween-gift-store,"Halloween Gift Store",1.3.5,1.3.4,https://downloads.wordpress.org/theme/halloween-gift-store.1.3.5.zip,"2026-04-20 09:57:51",https://wordpress.org/themes/halloween-gift-store/,5.9,5.6,30
heropress,HeroPress,20.1,20.0,https://downloads.wordpress.org/theme/heropress.20.1.zip,"2026-04-20 11:36:18",https://wordpress.org/themes/heropress/,4.7,5.6,300
home-repair-service,"Home Repair Service",0.3.3,0.3.2,https://downloads.wordpress.org/theme/home-repair-service.0.3.3.zip,"2026-04-20 09:58:26",https://wordpress.org/themes/home-repair-service/,5.0,7.2,40
hstore,hstore,18.1,18.0,https://downloads.wordpress.org/theme/hstore.18.1.zip,"2026-04-20 11:32:17",https://wordpress.org/themes/hstore/,4.7,5.6,20
ideate,Ideate,18.1,18.0,https://downloads.wordpress.org/theme/ideate.18.1.zip,"2026-04-20 11:29:30",https://wordpress.org/themes/ideate/,4.7,5.6,50
laxity,Laxity,18.1,18.0,https://downloads.wordpress.org/theme/laxity.18.1.zip,"2026-04-20 11:09:22",https://wordpress.org/themes/laxity/,4.7,5.6,60
legacy-wellness-coach,"Legacy Wellness Coach",2.5,2.0,https://downloads.wordpress.org/theme/legacy-wellness-coach.2.5.zip,"2026-04-20 10:36:19",https://wordpress.org/themes/legacy-wellness-coach/,5.5,5.6,50
magazine-express,"Magazine Express",4.5,4.4.3,https://downloads.wordpress.org/theme/magazine-express.4.5.zip,"2026-04-20 11:19:52",https://wordpress.org/themes/magazine-express/,5.0,7.2,100
magzee,MagZee,20.1,20.0,https://downloads.wordpress.org/theme/magzee.20.1.zip,"2026-04-20 11:08:37",https://wordpress.org/themes/magzee/,4.7,5.6,600
marsh-travel,"Marsh Travel",1.4,1.3,https://downloads.wordpress.org/theme/marsh-travel.1.4.zip,"2026-04-20 09:18:49",https://wordpress.org/themes/marsh-travel/,5.1,5.6,90
mavix-agency,"Mavix Agency",1.2,1.1,https://downloads.wordpress.org/theme/mavix-agency.1.2.zip,"2026-04-20 09:19:24",https://wordpress.org/themes/mavix-agency/,5.1,5.6,60
mavix-business,"Mavix Business",1.3,1.2,https://downloads.wordpress.org/theme/mavix-business.1.3.zip,"2026-04-20 09:20:03",https://wordpress.org/themes/mavix-business/,5.1,5.6,100
mavix-construction,"Mavix Construction",1.2,1.1,https://downloads.wordpress.org/theme/mavix-construction.1.2.zip,"2026-04-20 09:20:57",https://wordpress.org/themes/mavix-construction/,5.1,5.6,100
mavix-corporate,"Mavix Corporate",1.2,1.1,https://downloads.wordpress.org/theme/mavix-corporate.1.2.zip,"2026-04-20 09:22:07",https://wordpress.org/themes/mavix-corporate/,5.1,5.6,50
mavix-education,"Mavix Education",1.3,1.2,https://downloads.wordpress.org/theme/mavix-education.1.3.zip,"2026-04-20 09:23:15",https://wordpress.org/themes/mavix-education/,5.1,5.6,200
mavix-finance,"Mavix Finance",1.2,1.1,https://downloads.wordpress.org/theme/mavix-finance.1.2.zip,"2026-04-20 09:23:52",https://wordpress.org/themes/mavix-finance/,5.1,5.6,60
mega-business,"Mega Business",1.3,1.2,https://downloads.wordpress.org/theme/mega-business.1.3.zip,"2026-04-20 09:24:40",https://wordpress.org/themes/mega-business/,5.1,5.6,60
memory-blog,"Memory Blog",1.4,1.3,https://downloads.wordpress.org/theme/memory-blog.1.4.zip,"2026-04-20 09:25:31",https://wordpress.org/themes/memory-blog/,5.1,5.6,60
minamaze,Minamaze,1.10.3,1.10.2,https://downloads.wordpress.org/theme/minamaze.1.10.3.zip,"2026-04-20 11:40:11",https://wordpress.org/themes/minamaze/,5.0,7.0,4000
minimopress,Minimopress,2.0.0,1.3.0,https://downloads.wordpress.org/theme/minimopress.2.0.0.zip,"2026-04-20 11:26:04",https://wordpress.org/themes/minimopress/,5.5,7.4,40
modern-construction,"Modern Construction",1.1.4,1.1.3,https://downloads.wordpress.org/theme/modern-construction.1.1.4.zip,"2026-04-20 10:27:58",https://wordpress.org/themes/modern-construction/,5.0,7.2,50
multipurpose-startup,"Multipurpose Startup",1.3.6,1.3.4,https://downloads.wordpress.org/theme/multipurpose-startup.1.3.6.zip,"2026-04-20 10:27:55",https://wordpress.org/themes/multipurpose-startup/,5.0,7.2,60
neek,Neek,18.1,18.0,https://downloads.wordpress.org/theme/neek.18.1.zip,"2026-04-20 11:09:00",https://wordpress.org/themes/neek/,4.7,5.6,80
neovantage,NEOVANTAGE,2.0.10,2.0.9,https://downloads.wordpress.org/theme/neovantage.2.0.10.zip,"2026-04-20 11:16:26",https://wordpress.org/themes/neovantage/,,8.0,0
newspare,NewSpare,4.0.3,4.0.2,https://downloads.wordpress.org/theme/newspare.4.0.3.zip,"2026-04-20 10:53:27",https://wordpress.org/themes/newspare/,5.0,5.0,200
nifty-lite,"Nifty Lite",20.0,19.9,https://downloads.wordpress.org/theme/nifty-lite.20.0.zip,"2026-04-20 11:00:38",https://wordpress.org/themes/nifty-lite/,4.7,5.6,300
noble-blog,"Noble Blog",1.3,1.2,https://downloads.wordpress.org/theme/noble-blog.1.3.zip,"2026-04-20 09:26:17",https://wordpress.org/themes/noble-blog/,5.1,5.6,90
notation-blog,"Notation Blog",1.4,1.3,https://downloads.wordpress.org/theme/notation-blog.1.4.zip,"2026-04-20 09:27:02",https://wordpress.org/themes/notation-blog/,5.1,5.6,100
perfect-blogging,"Perfect Blogging",0.9.3,0.9.2,https://downloads.wordpress.org/theme/perfect-blogging.0.9.3.zip,"2026-04-20 10:35:04",https://wordpress.org/themes/perfect-blogging/,5.0,7.2,60
pet-animal-store,"Pet Animal Store",1.4.2,1.4.1,https://downloads.wordpress.org/theme/pet-animal-store.1.4.2.zip,"2026-04-20 10:41:56",https://wordpress.org/themes/pet-animal-store/,5.0,7.2,200
point-blog,"Point Blog",1.2,1.1,https://downloads.wordpress.org/theme/point-blog.1.2.zip,"2026-04-20 09:27:35",https://wordpress.org/themes/point-blog/,5.1,5.6,80
prime-fashion-magazine,"Prime Fashion Magazine",3.4,3.2,https://downloads.wordpress.org/theme/prime-fashion-magazine.3.4.zip,"2026-04-20 09:46:31",https://wordpress.org/themes/prime-fashion-magazine/,,7.0,100
prime-fundraiser,"Prime Fundraiser",5.1,5.0,https://downloads.wordpress.org/theme/prime-fundraiser.5.1.zip,"2026-04-20 09:45:38",https://wordpress.org/themes/prime-fundraiser/,,7.4,20
prime-interior-designer,"Prime Interior Designer",4.2,4.1,https://downloads.wordpress.org/theme/prime-interior-designer.4.2.zip,"2026-04-20 09:45:01",https://wordpress.org/themes/prime-interior-designer/,5.1,7.2,70
prime-kindergarten,"Prime Kindergarten",4.0,3.9,https://downloads.wordpress.org/theme/prime-kindergarten.4.0.zip,"2026-04-20 09:44:10",https://wordpress.org/themes/prime-kindergarten/,,7.4,20
prime-magazine,"Prime Magazine",4.1,4.0,https://downloads.wordpress.org/theme/prime-magazine.4.1.zip,"2026-04-20 09:43:40",https://wordpress.org/themes/prime-magazine/,,7.2,60
prime-playschool-classes,"Prime Playschool Classes",4.8,4.7,https://downloads.wordpress.org/theme/prime-playschool-classes.4.8.zip,"2026-04-20 09:42:55",https://wordpress.org/themes/prime-playschool-classes/,,5.6,90
prime-portfolio-resume,"Prime Portfolio Resume",3.8,3.7,https://downloads.wordpress.org/theme/prime-portfolio-resume.3.8.zip,"2026-04-20 09:41:25",https://wordpress.org/themes/prime-portfolio-resume/,,7.2,30
prime-seo-agency,"Prime SEO Agency",3.6,3.5,https://downloads.wordpress.org/theme/prime-seo-agency.3.6.zip,"2026-04-20 09:39:43",https://wordpress.org/themes/prime-seo-agency/,,7.2,40
prime-spa-center,"Prime Spa Center",4.0,3.9,https://downloads.wordpress.org/theme/prime-spa-center.4.0.zip,"2026-04-20 09:38:30",https://wordpress.org/themes/prime-spa-center/,5.1,7.2,30
prime-yoga-classes,"Prime Yoga Classes",3.7,3.6,https://downloads.wordpress.org/theme/prime-yoga-classes.3.7.zip,"2026-04-20 09:37:52",https://wordpress.org/themes/prime-yoga-classes/,,7.0,10
proficient,Proficient,20.0,19.9,https://downloads.wordpress.org/theme/proficient.20.0.zip,"2026-04-20 11:31:48",https://wordpress.org/themes/proficient/,4.7,5.6,700
rasa-education,"Rasa Education",1.3,1.2,https://downloads.wordpress.org/theme/rasa-education.1.3.zip,"2026-04-20 09:28:17",https://wordpress.org/themes/rasa-education/,5.1,5.6,400
rasa-travel,"Rasa Travel",1.3,1.2,https://downloads.wordpress.org/theme/rasa-travel.1.3.zip,"2026-04-20 09:29:06",https://wordpress.org/themes/rasa-travel/,5.1,5.6,100
record-blog,"Record Blog",1.1,1.0,https://downloads.wordpress.org/theme/record-blog.1.1.zip,"2026-04-20 09:29:42",https://wordpress.org/themes/record-blog/,5.1,5.6,200
remote-startup-solutions,"Remote Startup Solutions",3.7,3.6,https://downloads.wordpress.org/theme/remote-startup-solutions.3.7.zip,"2026-04-20 09:37:06",https://wordpress.org/themes/remote-startup-solutions/,,7.0,10
residential-real-estate,"Residential Real Estate",2.2.1,2.2.0,https://downloads.wordpress.org/theme/residential-real-estate.2.2.1.zip,"2026-04-20 09:20:03",https://wordpress.org/themes/residential-real-estate/,,5.6,400
resort-vacation,"Resort Vacation",3.6,3.5,https://downloads.wordpress.org/theme/resort-vacation.3.6.zip,"2026-04-20 09:48:49",https://wordpress.org/themes/resort-vacation/,,7.2,30
rock-blog,"Rock Blog",1.4,1.3,https://downloads.wordpress.org/theme/rock-blog.1.4.zip,"2026-04-20 09:30:29",https://wordpress.org/themes/rock-blog/,5.1,5.6,80
rock-singer,"Rock Singer",1.2,1.1,https://downloads.wordpress.org/theme/rock-singer.1.2.zip,"2026-04-20 09:31:13",https://wordpress.org/themes/rock-singer/,5.1,5.6,60
rock-studio,"Rock Studio",1.5,1.4,https://downloads.wordpress.org/theme/rock-studio.1.5.zip,"2026-04-20 09:31:57",https://wordpress.org/themes/rock-studio/,5.1,5.6,100
rockbiz,RockBiz,18.0,17.9,https://downloads.wordpress.org/theme/rockbiz.18.0.zip,"2026-04-20 11:06:26",https://wordpress.org/themes/rockbiz/,4.7,5.6,20
safety-wear,"Safety Wear",3.7,3.6,https://downloads.wordpress.org/theme/safety-wear.3.7.zip,"2026-04-20 09:35:41",https://wordpress.org/themes/safety-wear/,,5.6,60
scelar,Scelar,18.0,17.9,https://downloads.wordpress.org/theme/scelar.18.0.zip,"2026-04-20 11:06:06",https://wordpress.org/themes/scelar/,4.7,5.6,40
schoolkids,SchoolKids,1.5,1.4,https://downloads.wordpress.org/theme/schoolkids.1.5.zip,"2026-04-20 09:32:44",https://wordpress.org/themes/schoolkids/,5.1,5.6,90
shade-blog,"Shade Blog",1.1,1.0,https://downloads.wordpress.org/theme/shade-blog.1.1.zip,"2026-04-20 09:33:20",https://wordpress.org/themes/shade-blog/,5.1,5.6,100
shield-blog,"Shield Blog",1.1,1.0,https://downloads.wordpress.org/theme/shield-blog.1.1.zip,"2026-04-20 09:34:07",https://wordpress.org/themes/shield-blog/,5.1,5.6,90
soul-anchor,"Soul Anchor",2.1.0,2.0.9,https://downloads.wordpress.org/theme/soul-anchor.2.1.0.zip,"2026-04-20 09:19:44",https://wordpress.org/themes/soul-anchor/,,5.6,300
spera,Spera,19.1,19.0,https://downloads.wordpress.org/theme/spera.19.1.zip,"2026-04-20 11:39:27",https://wordpress.org/themes/spera/,4.7,5.6,100
spirit-blog,"Spirit Blog",1.2,1.1,https://downloads.wordpress.org/theme/spirit-blog.1.2.zip,"2026-04-20 09:34:58",https://wordpress.org/themes/spirit-blog/,5.1,5.6,200
spirit-business,"Spirit Business",1.5,1.4,https://downloads.wordpress.org/theme/spirit-business.1.5.zip,"2026-04-20 09:35:51",https://wordpress.org/themes/spirit-business/,5.1,5.6,100
spyropress,SpyroPress,20.0,19.9,https://downloads.wordpress.org/theme/spyropress.20.0.zip,"2026-04-20 11:05:40",https://wordpress.org/themes/spyropress/,4.7,5.6,100
summer-fashion-store,"Summer Fashion Store",2.0.1,2.0.0,https://downloads.wordpress.org/theme/summer-fashion-store.2.0.1.zip,"2026-04-20 09:19:26",https://wordpress.org/themes/summer-fashion-store/,,7.2,100
tc-e-commerce-shop,"TC E-Commerce Shop",1.5.7,1.5.6,https://downloads.wordpress.org/theme/tc-e-commerce-shop.1.5.7.zip,"2026-04-20 10:43:09",https://wordpress.org/themes/tc-e-commerce-shop/,5.0,7.2,100
tech-startup,"Tech Startup",0.7.9,0.7.8,https://downloads.wordpress.org/theme/tech-startup.0.7.9.zip,"2026-04-20 10:30:07",https://wordpress.org/themes/tech-startup/,5.0,7.2,20
travel-cart,"Travel Cart",2.1.3,2.1.2,https://downloads.wordpress.org/theme/travel-cart.2.1.3.zip,"2026-04-20 09:19:12",https://wordpress.org/themes/travel-cart/,,5.6,100
ts-mobile-app,"TS Mobile App",0.8.8,0.8.7,https://downloads.wordpress.org/theme/ts-mobile-app.0.8.8.zip,"2026-04-20 10:31:02",https://wordpress.org/themes/ts-mobile-app/,5.0,7.2,60
unikids,UniKids,1.3,1.2,https://downloads.wordpress.org/theme/unikids.1.3.zip,"2026-04-20 09:36:35",https://wordpress.org/themes/unikids/,5.1,5.6,80
universal-preschool,"Universal Preschool",1.4,1.3,https://downloads.wordpress.org/theme/universal-preschool.1.4.zip,"2026-04-20 09:37:28",https://wordpress.org/themes/universal-preschool/,5.1,5.6,100
vcard-cv-resume,"Vcard CV Resume",1.0.5,1.0.4,https://downloads.wordpress.org/theme/vcard-cv-resume.1.0.5.zip,"2026-04-20 09:54:31",https://wordpress.org/themes/vcard-cv-resume/,5.0,7.2,100
versatile-blog,"Versatile Blog",1.1,1.0,https://downloads.wordpress.org/theme/versatile-blog.1.1.zip,"2026-04-20 09:38:19",https://wordpress.org/themes/versatile-blog/,5.1,5.6,100
vlogger-video-blog,"Vlogger Video Blog",2.4.9,2.4.8,https://downloads.wordpress.org/theme/vlogger-video-blog.2.4.9.zip,"2026-04-20 09:54:42",https://wordpress.org/themes/vlogger-video-blog/,5.0,7.2,300
vw-blog-magazine,"VW Blog Magazine",1.4.1,1.4.0,https://downloads.wordpress.org/theme/vw-blog-magazine.1.4.1.zip,"2026-04-20 09:55:50",https://wordpress.org/themes/vw-blog-magazine/,5.0,7.2,100
vw-corporate-business,"VW Corporate Business",1.3.3,1.3.2,https://downloads.wordpress.org/theme/vw-corporate-business.1.3.3.zip,"2026-04-20 09:55:42",https://wordpress.org/themes/vw-corporate-business/,5.0,7.2,400
vw-hospital-lite,"VW Hospital Lite",2.2.8,2.2.7,https://downloads.wordpress.org/theme/vw-hospital-lite.2.2.8.zip,"2026-04-20 09:57:12",https://wordpress.org/themes/vw-hospital-lite/,5.0,7.2,200
webstrap,Webstrap,20.0,19.9,https://downloads.wordpress.org/theme/webstrap.20.0.zip,"2026-04-20 11:01:15",https://wordpress.org/themes/webstrap/,4.7,5.6,100
style-accessories,"Style Accessories",1.0,,https://downloads.wordpress.org/theme/style-accessories.1.0.zip,"2026-04-20 11:32:03",https://wordpress.org/themes/style-accessories/,5.9,5.6,0
anamio,Anamio,19.2,19.1,https://downloads.wordpress.org/theme/anamio.19.2.zip,"2026-04-20 12:01:17",https://wordpress.org/themes/anamio/,4.7,5.6,30
anavo,Anavo,3.4,3.3,https://downloads.wordpress.org/theme/anavo.3.4.zip,"2026-04-20 11:59:24",https://wordpress.org/themes/anavo/,4.7,5.6,30
aromatic,Aromatic,26.7,26.6,https://downloads.wordpress.org/theme/aromatic.26.7.zip,"2026-04-20 13:07:19",https://wordpress.org/themes/aromatic/,4.7,5.6,100
avira,Avira,20.1,20.0,https://downloads.wordpress.org/theme/avira.20.1.zip,"2026-04-20 11:57:41",https://wordpress.org/themes/avira/,4.7,5.6,600
ayroma,Ayroma,26.0,25.9,https://downloads.wordpress.org/theme/ayroma.26.0.zip,"2026-04-20 13:10:29",https://wordpress.org/themes/ayroma/,4.7,5.6,100
benzer,Benzer,20.1,20.0,https://downloads.wordpress.org/theme/benzer.20.1.zip,"2026-04-20 11:58:19",https://wordpress.org/themes/benzer/,4.7,5.6,800
charity-aid,"Charity Aid",3.4,3.3,https://downloads.wordpress.org/theme/charity-aid.3.4.zip,"2026-04-20 13:00:06",https://wordpress.org/themes/charity-aid/,,5.6,50
contry,Contry,3.1,3.0,https://downloads.wordpress.org/theme/contry.3.1.zip,"2026-04-20 12:05:01",https://wordpress.org/themes/contry/,4.7,5.6,20
daily-mart,"Daily Mart",5.0,4.9,https://downloads.wordpress.org/theme/daily-mart.5.0.zip,"2026-04-20 12:52:56",https://wordpress.org/themes/daily-mart/,,5.6,30
daizy,Daizy,18.0,17.9,https://downloads.wordpress.org/theme/daizy.18.0.zip,"2026-04-20 11:59:50",https://wordpress.org/themes/daizy/,4.7,5.6,100
electromix-digital,"Electromix Digital",1.4,1.3,https://downloads.wordpress.org/theme/electromix-digital.1.4.zip,"2026-04-20 12:51:03",https://wordpress.org/themes/electromix-digital/,,5.6,20
electromix-tech,"Electromix Tech",1.3,1.2,https://downloads.wordpress.org/theme/electromix-tech.1.3.zip,"2026-04-20 12:47:07",https://wordpress.org/themes/electromix-tech/,,5.6,40
electromix,Electromix,2.0,1.9,https://downloads.wordpress.org/theme/electromix.2.0.zip,"2026-04-20 12:46:34",https://wordpress.org/themes/electromix/,4.7,5.6,100
envitech,Envitech,11.6,11.5,https://downloads.wordpress.org/theme/envitech.11.6.zip,"2026-04-20 12:03:04",https://wordpress.org/themes/envitech/,,7.0,50
exnova,Exnova,9.4,9.3,https://downloads.wordpress.org/theme/exnova.9.4.zip,"2026-04-20 12:04:38",https://wordpress.org/themes/exnova/,4.7,5.6,50
express-store,"Express Store",22.1,22.0,https://downloads.wordpress.org/theme/express-store.22.1.zip,"2026-04-20 13:59:47",https://wordpress.org/themes/express-store/,,5.6,40
fabify,Fabify,20.1,20.0,https://downloads.wordpress.org/theme/fabify.20.1.zip,"2026-04-20 12:02:14",https://wordpress.org/themes/fabify/,4.7,5.6,800
fashion-outfits-trend,"Fashion Outfits Trend",3.4,3.3,https://downloads.wordpress.org/theme/fashion-outfits-trend.3.4.zip,"2026-04-20 13:00:57",https://wordpress.org/themes/fashion-outfits-trend/,,5.6,60
feauty,Feauty,25.9,25.8,https://downloads.wordpress.org/theme/feauty.25.9.zip,"2026-04-20 13:59:08",https://wordpress.org/themes/feauty/,4.7,5.6,100
ferio,Ferio,11.0,10.9,https://downloads.wordpress.org/theme/ferio.11.0.zip,"2026-04-20 12:00:24",https://wordpress.org/themes/ferio/,4.7,5.6,30
flexi-mart,"Flexi Mart",13.1,13.0,https://downloads.wordpress.org/theme/flexi-mart.13.1.zip,"2026-04-20 13:56:54",https://wordpress.org/themes/flexi-mart/,,5.6,10
flossy,Flossy,18.5,18.4,https://downloads.wordpress.org/theme/flossy.18.5.zip,"2026-04-20 13:19:35",https://wordpress.org/themes/flossy/,4.7,5.6,40
flow-store,"Flow Store",14.2,14.1,https://downloads.wordpress.org/theme/flow-store.14.2.zip,"2026-04-20 13:24:49",https://wordpress.org/themes/flow-store/,,5.6,20
grocerly,Grocerly,4.4,4.3,https://downloads.wordpress.org/theme/grocerly.4.4.zip,"2026-04-20 13:22:28",https://wordpress.org/themes/grocerly/,,5.6,70
gruj,Gruj,19.1,19.0,https://downloads.wordpress.org/theme/gruj.19.1.zip,"2026-04-20 11:56:34",https://wordpress.org/themes/gruj/,4.7,5.6,30
home-gardening,"Home Gardening",3.4,3.3,https://downloads.wordpress.org/theme/home-gardening.3.4.zip,"2026-04-20 12:59:22",https://wordpress.org/themes/home-gardening/,,5.6,50
lawyer-legal-firm,"Lawyer Legal Firm",1.1.9,1.1.8,https://downloads.wordpress.org/theme/lawyer-legal-firm.1.1.9.zip,"2026-04-20 12:49:41",https://wordpress.org/themes/lawyer-legal-firm/,5.9,5.6,70
magazine-blocks,"Magazine Blocks",1.2.0,1.1.9,https://downloads.wordpress.org/theme/magazine-blocks.1.2.0.zip,"2026-04-20 12:50:37",https://wordpress.org/themes/magazine-blocks/,5.9,5.6,100
marriage-counseling,"Marriage Counseling",0.0.3,0.0.2,https://downloads.wordpress.org/theme/marriage-counseling.0.0.3.zip,"2026-04-20 12:56:55",https://wordpress.org/themes/marriage-counseling/,6.2,7.2,10
mega-mart,"Mega Mart",4.7,4.6,https://downloads.wordpress.org/theme/mega-mart.4.7.zip,"2026-04-20 12:52:34",https://wordpress.org/themes/mega-mart/,4.7,5.6,60
paw-bazaar,"Paw Bazaar",9.9,9.8,https://downloads.wordpress.org/theme/paw-bazaar.9.9.zip,"2026-04-20 12:53:26",https://wordpress.org/themes/paw-bazaar/,,5.6,10
pet-bazaar,"Pet Bazaar",10.7,10.6,https://downloads.wordpress.org/theme/pet-bazaar.10.7.zip,"2026-04-20 13:24:20",https://wordpress.org/themes/pet-bazaar/,4.7,5.6,80
pet-store,"Pet Store",9.5,9.4,https://downloads.wordpress.org/theme/pet-store.9.5.zip,"2026-04-20 13:55:25",https://wordpress.org/themes/pet-store/,,5.6,70
pixel-charity-nonprofit,"Pixel Charity Nonprofit",3.1,3.0,https://downloads.wordpress.org/theme/pixel-charity-nonprofit.3.1.zip,"2026-04-20 13:02:07",https://wordpress.org/themes/pixel-charity-nonprofit/,,5.6,40
pixel-cyber-security,"Pixel Cyber Security",1.9,1.8,https://downloads.wordpress.org/theme/pixel-cyber-security.1.9.zip,"2026-04-20 12:51:21",https://wordpress.org/themes/pixel-cyber-security/,5.9,5.6,100
pixel-ebook-store,"Pixel Ebook Store",3.5,3.4,https://downloads.wordpress.org/theme/pixel-ebook-store.3.5.zip,"2026-04-20 12:58:27",https://wordpress.org/themes/pixel-ebook-store/,,5.6,40
pixel-watch-center,"Pixel Watch Center",0.0.5,0.0.4,https://downloads.wordpress.org/theme/pixel-watch-center.0.0.5.zip,"2026-04-20 12:55:06",https://wordpress.org/themes/pixel-watch-center/,5.9,5.6,200
retailsy,Retailsy,26.0,25.9,https://downloads.wordpress.org/theme/retailsy.26.0.zip,"2026-04-20 13:20:59",https://wordpress.org/themes/retailsy/,4.7,5.6,400
scolax,Scolax,19.2,19.1,https://downloads.wordpress.org/theme/scolax.19.2.zip,"2026-04-20 12:01:48",https://wordpress.org/themes/scolax/,4.7,5.6,90
shoe-outlet,"Shoe Outlet",0.0.3,0.0.2,https://downloads.wordpress.org/theme/shoe-outlet.0.0.3.zip,"2026-04-20 12:56:07",https://wordpress.org/themes/shoe-outlet/,6.2,7.2,40
shopient,Shopient,25.9,25.8,https://downloads.wordpress.org/theme/shopient.25.9.zip,"2026-04-20 13:14:53",https://wordpress.org/themes/shopient/,4.7,5.6,1000
shopiva,Shopiva,25.9,25.8,https://downloads.wordpress.org/theme/shopiva.25.9.zip,"2026-04-20 13:15:56",https://wordpress.org/themes/shopiva/,4.7,5.6,200
shoply,Shoply,26.0,25.9,https://downloads.wordpress.org/theme/shoply.26.0.zip,"2026-04-20 13:18:09",https://wordpress.org/themes/shoply/,4.7,5.6,400
soga,Soga,18.7,18.6,https://downloads.wordpress.org/theme/soga.18.7.zip,"2026-04-20 11:54:36",https://wordpress.org/themes/soga/,4.7,5.6,50
storefit,Storefit,20.6,20.5,https://downloads.wordpress.org/theme/storefit.20.6.zip,"2026-04-20 13:17:12",https://wordpress.org/themes/storefit/,,5.6,20
storely,Storely,26.5,26.4,https://downloads.wordpress.org/theme/storely.26.5.zip,"2026-04-20 13:02:01",https://wordpress.org/themes/storely/,4.7,5.6,1000
storess,Storess,25.9,25.8,https://downloads.wordpress.org/theme/storess.25.9.zip,"2026-04-20 13:04:52",https://wordpress.org/themes/storess/,4.7,5.6,300
storezia,Storezia,26.0,25.9,https://downloads.wordpress.org/theme/storezia.26.0.zip,"2026-04-20 13:18:36",https://wordpress.org/themes/storezia/,4.7,5.6,400
super-mart,"Super Mart",4.5,4.4,https://downloads.wordpress.org/theme/super-mart.4.5.zip,"2026-04-20 13:12:23",https://wordpress.org/themes/super-mart/,,5.6,40
wpwriter,WPWriter,3.5.0,3.4.3,https://downloads.wordpress.org/theme/wpwriter.3.5.0.zip,"2026-04-20 12:58:52",https://wordpress.org/themes/wpwriter/,5.6,7.4,0
yoga-workout,"Yoga Workout",0.0.7,0.0.6,https://downloads.wordpress.org/theme/yoga-workout.0.0.7.zip,"2026-04-20 12:52:21",https://wordpress.org/themes/yoga-workout/,5.9,5.6,50
zestoria,Zestoria,3.4,3.3,https://downloads.wordpress.org/theme/zestoria.3.4.zip,"2026-04-20 12:02:38",https://wordpress.org/themes/zestoria/,4.7,5.6,30
consultsphere,Consultsphere,1.0.1,,https://downloads.wordpress.org/theme/consultsphere.1.0.1.zip,"2026-04-20 14:01:10",https://wordpress.org/themes/consultsphere/,5.9,7.4,0
accron,Accron,2.5.2,2.5.1,https://downloads.wordpress.org/theme/accron.2.5.2.zip,"2026-04-20 14:37:15",https://wordpress.org/themes/accron/,4.7,5.6,100
appointo,Appointo,17.9,17.8,https://downloads.wordpress.org/theme/appointo.17.9.zip,"2026-04-20 14:38:23",https://wordpress.org/themes/appointo/,4.7,5.6,400
avril,Avril,20.4,20.3,https://downloads.wordpress.org/theme/avril.20.4.zip,"2026-04-20 14:35:36",https://wordpress.org/themes/avril/,4.7,5.6,4000
colorpress,ColorPress,18.3,18.2,https://downloads.wordpress.org/theme/colorpress.18.3.zip,"2026-04-20 14:37:38",https://wordpress.org/themes/colorpress/,4.7,5.6,1000
conceptly,Conceptly,21.0,20.9,https://downloads.wordpress.org/theme/conceptly.21.0.zip,"2026-04-20 15:06:04",https://wordpress.org/themes/conceptly/,4.7,5.6,1000
consultsphere,Consultsphere,1.0.2,1.0.1,https://downloads.wordpress.org/theme/consultsphere.1.0.2.zip,"2026-04-20 14:56:24",https://wordpress.org/themes/consultsphere/,5.9,7.4,0
corpex,Corpex,14.0,13.9,https://downloads.wordpress.org/theme/corpex.14.0.zip,"2026-04-20 14:44:39",https://wordpress.org/themes/corpex/,4.7,5.6,100
digital-magazine,"Digital Magazine",1.9.9,1.9.8,https://downloads.wordpress.org/theme/digital-magazine.1.9.9.zip,"2026-04-20 14:45:50",https://wordpress.org/themes/digital-magazine/,5.5,7.2,100
eduvert,Eduvert,20.1,20.0,https://downloads.wordpress.org/theme/eduvert.20.1.zip,"2026-04-20 14:42:35",https://wordpress.org/themes/eduvert/,4.7,5.6,400
flavita,Flavita,18.5,18.4,https://downloads.wordpress.org/theme/flavita.18.5.zip,"2026-04-20 14:43:38",https://wordpress.org/themes/flavita/,4.7,5.6,2000
gradiant,Gradiant,20.9,20.8,https://downloads.wordpress.org/theme/gradiant.20.9.zip,"2026-04-20 14:39:55",https://wordpress.org/themes/gradiant/,4.7,5.6,2000
handyman-agency,"Handyman Agency",2.0.9,2.0.8,https://downloads.wordpress.org/theme/handyman-agency.2.0.9.zip,"2026-04-20 14:45:26",https://wordpress.org/themes/handyman-agency/,5.5,7.2,40
hantus,Hantus,21.1,21.0,https://downloads.wordpress.org/theme/hantus.21.1.zip,"2026-04-20 14:38:58",https://wordpress.org/themes/hantus/,4.7,5.6,1000
kids-activity-center,"Kids Activity Center",1.4.1,1.4.0,https://downloads.wordpress.org/theme/kids-activity-center.1.4.1.zip,"2026-04-20 14:44:52",https://wordpress.org/themes/kids-activity-center/,5.5,7.2,80
land-excavator,"Land Excavator",2.6.4,2.6.3,https://downloads.wordpress.org/theme/land-excavator.2.6.4.zip,"2026-04-20 14:44:33",https://wordpress.org/themes/land-excavator/,5.5,7.2,80
lights-store,"Lights Store",2.2.9,2.2.8,https://downloads.wordpress.org/theme/lights-store.2.2.9.zip,"2026-04-20 14:44:13",https://wordpress.org/themes/lights-store/,5.5,7.2,100
machine-repair,"Machine Repair",2.4.9,2.4.7,https://downloads.wordpress.org/theme/machine-repair.2.4.9.zip,"2026-04-20 14:43:19",https://wordpress.org/themes/machine-repair/,5.5,7.2,40
medazin,Medazin,17.9,17.8,https://downloads.wordpress.org/theme/medazin.17.9.zip,"2026-04-20 14:35:08",https://wordpress.org/themes/medazin/,4.7,5.6,300
music-class,"Music Class",0.2.4,0.2.3,https://downloads.wordpress.org/theme/music-class.0.2.4.zip,"2026-04-20 15:29:28",https://wordpress.org/themes/music-class/,,5.6,30
news-25,"News 25",2.9,2.8,https://downloads.wordpress.org/theme/news-25.2.9.zip,"2026-04-20 14:31:06",https://wordpress.org/themes/news-25/,4.7,5.6,200
news-current-affair,"News Current Affair",1.7,1.6.9,https://downloads.wordpress.org/theme/news-current-affair.1.7.zip,"2026-04-20 14:42:55",https://wordpress.org/themes/news-current-affair/,5.5,7.2,200
nexcraft,NexCraft,12.7,12.6,https://downloads.wordpress.org/theme/nexcraft.12.7.zip,"2026-04-20 14:40:55",https://wordpress.org/themes/nexcraft/,4.7,5.6,90
online-startup-business,"Online Startup Business",0.2.2,0.2.1,https://downloads.wordpress.org/theme/online-startup-business.0.2.2.zip,"2026-04-20 15:28:10",https://wordpress.org/themes/online-startup-business/,,5.6,10
rev-digital-products,"Rev Digital Products",2.3.8,2.3.6,https://downloads.wordpress.org/theme/rev-digital-products.2.3.8.zip,"2026-04-20 14:42:37",https://wordpress.org/themes/rev-digital-products/,5.5,5.6,80
rev-orphanage,"Rev Orphanage",2.4.9,2.4.7,https://downloads.wordpress.org/theme/rev-orphanage.2.4.9.zip,"2026-04-20 14:42:15",https://wordpress.org/themes/rev-orphanage/,5.5,7.2,20
spa-parlor,"Spa Parlor",1.0.4,1.0.3,https://downloads.wordpress.org/theme/spa-parlor.1.0.4.zip,"2026-04-20 15:42:26",https://wordpress.org/themes/spa-parlor/,5.3,5.6,20
startkit,StartKit,22.3,22.2,https://downloads.wordpress.org/theme/startkit.22.3.zip,"2026-04-20 14:41:51",https://wordpress.org/themes/startkit/,4.7,5.6,900
surgical-hospital,"Surgical Hospital",1.7.0,1.6.9,https://downloads.wordpress.org/theme/surgical-hospital.1.7.0.zip,"2026-04-20 14:41:51",https://wordpress.org/themes/surgical-hospital/,5.5,7.2,40
villapress,VillaPress,9.7,9.6,https://downloads.wordpress.org/theme/villapress.9.7.zip,"2026-04-20 14:43:10",https://wordpress.org/themes/villapress/,,7.0,100
webique,Webique,6.2,6.1,https://downloads.wordpress.org/theme/webique.6.2.zip,"2026-04-20 14:36:29",https://wordpress.org/themes/webique/,4.7,5.6,300
wildlife-photography,"Wildlife Photography",2.1.9,2.1.8,https://downloads.wordpress.org/theme/wildlife-photography.2.1.9.zip,"2026-04-20 14:41:18",https://wordpress.org/themes/wildlife-photography/,5.5,7.2,20
wpwriter,WPWriter,3.5.1,3.5.0,https://downloads.wordpress.org/theme/wpwriter.3.5.1.zip,"2026-04-20 14:46:04",https://wordpress.org/themes/wpwriter/,5.6,7.4,0
writer-portfolio,"Writer Portfolio",1.1.9,1.1.8,https://downloads.wordpress.org/theme/writer-portfolio.1.1.9.zip,"2026-04-20 14:40:09",https://wordpress.org/themes/writer-portfolio/,5.5,7.2,60
wuppi,Wuppi,1.0.8,1.0.7,https://downloads.wordpress.org/theme/wuppi.1.0.8.zip,"2026-04-20 15:33:00",https://wordpress.org/themes/wuppi/,6.5,8.0,20
air-ticket-booking,"Air Ticket Booking",1.0.3,1.0.2,https://downloads.wordpress.org/theme/air-ticket-booking.1.0.3.zip,"2026-04-20 15:51:38",https://wordpress.org/themes/air-ticket-booking/,5.3,5.6,20
boat-rental,"Boat Rental",1.1.4,1.1.3,https://downloads.wordpress.org/theme/boat-rental.1.1.4.zip,"2026-04-20 15:50:44",https://wordpress.org/themes/boat-rental/,5.3,5.6,60
cargo-and-shipping-company,"Cargo And Shipping Company",1.1.3,1.1.2,https://downloads.wordpress.org/theme/cargo-and-shipping-company.1.1.3.zip,"2026-04-20 15:50:03",https://wordpress.org/themes/cargo-and-shipping-company/,5.5,7.2,70
clothing-store-lite,"Clothing Store Lite",1.1.1,1.0.9,https://downloads.wordpress.org/theme/clothing-store-lite.1.1.1.zip,"2026-04-20 15:49:01",https://wordpress.org/themes/clothing-store-lite/,5.3,5.6,100
creative-photography,"Creative Photography",1.0.3,1.0.2,https://downloads.wordpress.org/theme/creative-photography.1.0.3.zip,"2026-04-20 15:48:04",https://wordpress.org/themes/creative-photography/,5.3,5.6,20
cv-resume-portfolio,"CV Resume Portfolio",1.0.9,1.0.8,https://downloads.wordpress.org/theme/cv-resume-portfolio.1.0.9.zip,"2026-04-20 15:46:01",https://wordpress.org/themes/cv-resume-portfolio/,5.3,5.6,100
fishery-services,"Fishery Services",1.1.1,1.1.0,https://downloads.wordpress.org/theme/fishery-services.1.1.1.zip,"2026-04-20 15:53:37",https://wordpress.org/themes/fishery-services/,5.3,5.6,20
maintenance-works,"Maintenance Works",1.0.6,1.0.5,https://downloads.wordpress.org/theme/maintenance-works.1.0.6.zip,"2026-04-20 15:45:21",https://wordpress.org/themes/maintenance-works/,5.3,7.2,30
neovantage,NEOVANTAGE,2.0.11,2.0.10,https://downloads.wordpress.org/theme/neovantage.2.0.11.zip,"2026-04-20 16:12:42",https://wordpress.org/themes/neovantage/,,8.0,0
online-clothing-store,"Online clothing store",1.1.2,1.1.1,https://downloads.wordpress.org/theme/online-clothing-store.1.1.2.zip,"2026-04-20 15:44:24",https://wordpress.org/themes/online-clothing-store/,5.3,5.6,100
online-learning-lms,"Online Learning LMS",1.1.2,1.1.1,https://downloads.wordpress.org/theme/online-learning-lms.1.1.2.zip,"2026-04-20 15:43:41",https://wordpress.org/themes/online-learning-lms/,5.5,7.2,80
responsive-landing-page,"Responsive Landing Page",1.0.8,1.0.7,https://downloads.wordpress.org/theme/responsive-landing-page.1.0.8.zip,"2026-04-20 15:43:06",https://wordpress.org/themes/responsive-landing-page/,5.3,5.6,20
wuppi,Wuppi,1.0.9,1.0.8,https://downloads.wordpress.org/theme/wuppi.1.0.9.zip,"2026-04-20 16:33:00",https://wordpress.org/themes/wuppi/,6.5,8.0,20
newdevelopments,NewDevelopments,2.0.3,,https://downloads.wordpress.org/theme/newdevelopments.2.0.3.zip,"2026-04-20 16:16:06",https://wordpress.org/themes/newdevelopments/,6.0,7.4,0
bloghill,Bloghill,1.0.5,1.0.4,https://downloads.wordpress.org/theme/bloghill.1.0.5.zip,"2026-04-20 17:58:16",https://wordpress.org/themes/bloghill/,5.0,5.6,30
blogood,Blogood,1.0.4,1.0.3,https://downloads.wordpress.org/theme/blogood.1.0.4.zip,"2026-04-20 17:56:44",https://wordpress.org/themes/blogood/,5.0,5.6,40
charity-give,"Charity Give",1.0.4,1.0.3,https://downloads.wordpress.org/theme/charity-give.1.0.4.zip,"2026-04-20 17:55:01",https://wordpress.org/themes/charity-give/,5.0,5.6,40
newstation,Newstation,1.0.5,1.0.4,https://downloads.wordpress.org/theme/newstation.1.0.5.zip,"2026-04-20 17:54:14",https://wordpress.org/themes/newstation/,5.0,5.6,10
sellnow,Sellnow,1.0.4,1.0.3,https://downloads.wordpress.org/theme/sellnow.1.0.4.zip,"2026-04-20 17:55:49",https://wordpress.org/themes/sellnow/,5.0,5.6,20
nxt-kindergarten,"NXT Kindergarten",1.3,1.2,https://downloads.wordpress.org/theme/nxt-kindergarten.1.3.zip,"2026-04-20 22:14:38",https://wordpress.org/themes/nxt-kindergarten/,5.5,7.4,0
wuppi,Wuppi,1.1.0,1.0.9,https://downloads.wordpress.org/theme/wuppi.1.1.0.zip,"2026-04-20 22:16:32",https://wordpress.org/themes/wuppi/,6.5,8.0,20
home-reconstruction,"Home Reconstruction",6.2,6.1,https://downloads.wordpress.org/theme/home-reconstruction.6.2.zip,"2026-04-21 03:39:14",https://wordpress.org/themes/home-reconstruction/,5.0,5.6,90
law-firm-attorney,"Law Firm Attorney",5.9,5.8,https://downloads.wordpress.org/theme/law-firm-attorney.5.9.zip,"2026-04-21 03:38:09",https://wordpress.org/themes/law-firm-attorney/,5.0,5.6,100
lawyer-hub,"Lawyer Hub",5.1,5.0,https://downloads.wordpress.org/theme/lawyer-hub.5.1.zip,"2026-04-21 03:37:56",https://wordpress.org/themes/lawyer-hub/,5.0,5.6,90
legal-law-consulting,"Legal Law Consulting",4.1,4.0,https://downloads.wordpress.org/theme/legal-law-consulting.4.1.zip,"2026-04-21 03:37:27",https://wordpress.org/themes/legal-law-consulting/,5.0,5.6,80
mechanical-industry,"Mechanical Industry",4.0,3.9,https://downloads.wordpress.org/theme/mechanical-industry.4.0.zip,"2026-04-21 03:37:02",https://wordpress.org/themes/mechanical-industry/,5.0,5.6,50
painting-contractor,"Painting Contractor",5.8,5.7,https://downloads.wordpress.org/theme/painting-contractor.5.8.zip,"2026-04-21 03:36:48",https://wordpress.org/themes/painting-contractor/,5.0,5.6,100
property-builder,"Property Builder",2.5,2.4,https://downloads.wordpress.org/theme/property-builder.2.5.zip,"2026-04-21 03:36:27",https://wordpress.org/themes/property-builder/,5.0,5.6,70
resort-hotel-booking,"Resort Hotel Booking",6.2,6.1,https://downloads.wordpress.org/theme/resort-hotel-booking.6.2.zip,"2026-04-21 03:36:08",https://wordpress.org/themes/resort-hotel-booking/,5.0,5.6,100
roofing-contractor,"Roofing Contractor",5.9,5.8,https://downloads.wordpress.org/theme/roofing-contractor.5.9.zip,"2026-04-21 03:35:51",https://wordpress.org/themes/roofing-contractor/,5.0,5.6,70
strakture,Strakture,1.0.9,1.0.8,https://downloads.wordpress.org/theme/strakture.1.0.9.zip,"2026-04-21 03:07:40",https://wordpress.org/themes/strakture/,5.8,7.0,40
the-tour-operator,"The Tour Operator",8.1,8.0,https://downloads.wordpress.org/theme/the-tour-operator.8.1.zip,"2026-04-21 03:35:33",https://wordpress.org/themes/the-tour-operator/,5.0,5.6,60
tourism-guide,"Tourism Guide",5.8,5.7,https://downloads.wordpress.org/theme/tourism-guide.5.8.zip,"2026-04-21 03:35:14",https://wordpress.org/themes/tourism-guide/,5.0,5.6,100
travel-agent,"Travel Agent",6.7,6.6,https://downloads.wordpress.org/theme/travel-agent.6.7.zip,"2026-04-21 03:34:51",https://wordpress.org/themes/travel-agent/,5.0,5.6,100
travel-hub,"Travel Hub",8.2,8.1,https://downloads.wordpress.org/theme/travel-hub.8.2.zip,"2026-04-21 03:34:29",https://wordpress.org/themes/travel-hub/,5.0,5.6,90
travel-vlogger,"Travel Vlogger",6.2,6.1,https://downloads.wordpress.org/theme/travel-vlogger.6.2.zip,"2026-04-21 03:34:09",https://wordpress.org/themes/travel-vlogger/,5.0,5.6,90
welding-workshop,"Welding Workshop",3.7,3.6,https://downloads.wordpress.org/theme/welding-workshop.3.7.zip,"2026-04-21 03:33:42",https://wordpress.org/themes/welding-workshop/,5.0,5.6,100
wens-folio,"WENS Folio",1.0.2,1.0.1,https://downloads.wordpress.org/theme/wens-folio.1.0.2.zip,"2026-04-21 01:26:48",https://wordpress.org/themes/wens-folio/,6.0,7.4,0
arcade-games,"Arcade Games",2.9,2.8,https://downloads.wordpress.org/theme/arcade-games.2.9.zip,"2026-04-21 05:48:54",https://wordpress.org/themes/arcade-games/,5.0,7.2,100
auto-parts-supplier,"Auto Parts Supplier",2.9,2.8,https://downloads.wordpress.org/theme/auto-parts-supplier.2.9.zip,"2026-04-21 05:47:41",https://wordpress.org/themes/auto-parts-supplier/,5.0,7.2,60
automobile-rental,"Automobile Rental",3.0,2.9,https://downloads.wordpress.org/theme/automobile-rental.3.0.zip,"2026-04-21 05:47:04",https://wordpress.org/themes/automobile-rental/,5.0,7.2,90
builder-and-developer,"Builder And Developer",1.3.1,1.3.0,https://downloads.wordpress.org/theme/builder-and-developer.1.3.1.zip,"2026-04-21 05:29:57",https://wordpress.org/themes/builder-and-developer/,5.9,5.6,200
charity-welfare-funds,"Charity Welfare Funds",0.4.5,0.4.4,https://downloads.wordpress.org/theme/charity-welfare-funds.0.4.5.zip,"2026-04-21 05:30:15",https://wordpress.org/themes/charity-welfare-funds/,5.0,7.2,100
coffee-brewery,"Coffee Brewery",2.8,2.7,https://downloads.wordpress.org/theme/coffee-brewery.2.8.zip,"2026-04-21 05:46:29",https://wordpress.org/themes/coffee-brewery/,5.0,7.2,80
e-storefront,"E Storefront",3.0,2.9,https://downloads.wordpress.org/theme/e-storefront.3.0.zip,"2026-04-21 05:45:27",https://wordpress.org/themes/e-storefront/,5.0,7.2,100
fresh-bakers,"Fresh Bakers",3.8,3.7,https://downloads.wordpress.org/theme/fresh-bakers.3.8.zip,"2026-04-21 05:44:59",https://wordpress.org/themes/fresh-bakers/,5.0,7.2,30
glass-artifact,"Glass Artifact",2.9,2.8,https://downloads.wordpress.org/theme/glass-artifact.2.9.zip,"2026-04-21 05:44:27",https://wordpress.org/themes/glass-artifact/,5.0,7.2,10
golf-landscape,"Golf Landscape",0.4.8,0.4.7,https://downloads.wordpress.org/theme/golf-landscape.0.4.8.zip,"2026-04-21 05:30:37",https://wordpress.org/themes/golf-landscape/,5.0,7.2,60
halloween-gift-store,"Halloween Gift Store",1.3.6,1.3.5,https://downloads.wordpress.org/theme/halloween-gift-store.1.3.6.zip,"2026-04-21 05:30:58",https://wordpress.org/themes/halloween-gift-store/,5.9,5.6,30
home-repair-service,"Home Repair Service",0.3.4,0.3.3,https://downloads.wordpress.org/theme/home-repair-service.0.3.4.zip,"2026-04-21 05:30:53",https://wordpress.org/themes/home-repair-service/,5.0,7.2,40
home-tutor,"Home Tutor",0.8,0.7,https://downloads.wordpress.org/theme/home-tutor.0.8.zip,"2026-04-21 05:30:58",https://wordpress.org/themes/home-tutor/,5.0,7.2,10
job-listing,"Job Listing",3.5,3.4,https://downloads.wordpress.org/theme/job-listing.3.5.zip,"2026-04-21 05:43:59",https://wordpress.org/themes/job-listing/,5.0,7.2,100
jungle-safari,"Jungle Safari",0.2.6,0.2.5,https://downloads.wordpress.org/theme/jungle-safari.0.2.6.zip,"2026-04-21 05:31:27",https://wordpress.org/themes/jungle-safari/,5.0,7.2,40
master-study-lite,"Master Study Lite",0.3.4,0.3.3,https://downloads.wordpress.org/theme/master-study-lite.0.3.4.zip,"2026-04-21 05:31:27",https://wordpress.org/themes/master-study-lite/,5.0,7.2,90
mattress-shop,"Mattress Shop",1.1.4,1.1.3,https://downloads.wordpress.org/theme/mattress-shop.1.1.4.zip,"2026-04-21 05:32:03",https://wordpress.org/themes/mattress-shop/,5.9,5.6,200
minimopress,Minimopress,2.0.1,2.0.0,https://downloads.wordpress.org/theme/minimopress.2.0.1.zip,"2026-04-21 06:12:48",https://wordpress.org/themes/minimopress/,5.5,7.4,40
ngo-disaster-relief,"NGO Disaster Relief",3.0,2.9,https://downloads.wordpress.org/theme/ngo-disaster-relief.3.0.zip,"2026-04-21 05:42:38",https://wordpress.org/themes/ngo-disaster-relief/,5.0,7.2,40
pr-services,"PR Services",2.9,2.8,https://downloads.wordpress.org/theme/pr-services.2.9.zip,"2026-04-21 05:43:28",https://wordpress.org/themes/pr-services/,5.0,7.2,10
print-on-demand-shop,"Print On Demand Shop",0.2.8,0.2.7,https://downloads.wordpress.org/theme/print-on-demand-shop.0.2.8.zip,"2026-04-21 05:33:58",https://wordpress.org/themes/print-on-demand-shop/,5.0,7.2,90
rest-house,"Rest House",1.2.4,1.2.3,https://downloads.wordpress.org/theme/rest-house.1.2.4.zip,"2026-04-21 05:32:09",https://wordpress.org/themes/rest-house/,5.9,5.6,100
speednews,SpeedNews,1.0.1,1.0.0,https://downloads.wordpress.org/theme/speednews.1.0.1.zip,"2026-04-21 03:46:58",https://wordpress.org/themes/speednews/,6.7,7.2,20
stylish-fashion-designer,"Stylish Fashion Designer",0.3.6,0.3.5,https://downloads.wordpress.org/theme/stylish-fashion-designer.0.3.6.zip,"2026-04-21 05:32:18",https://wordpress.org/themes/stylish-fashion-designer/,,7.2,100
the-home-decor,"The Home Decor",3.5,3.4,https://downloads.wordpress.org/theme/the-home-decor.3.5.zip,"2026-04-21 05:41:49",https://wordpress.org/themes/the-home-decor/,5.0,7.2,20
promotion-lite,"ProMotion Lite",1.0.3,,https://downloads.wordpress.org/theme/promotion-lite.1.0.3.zip,"2026-04-21 05:16:22",https://wordpress.org/themes/promotion-lite/,6.7,7.4,0
quickgamely,quickgamely,1.0.4.2,,https://downloads.wordpress.org/theme/quickgamely.1.0.4.2.zip,"2026-04-21 06:01:14",https://wordpress.org/themes/quickgamely/,,5.6,0
baseball-sports-club,"Baseball Sports Club",1.0.23,1.0.22,https://downloads.wordpress.org/theme/baseball-sports-club.1.0.23.zip,"2026-04-21 07:12:02",https://wordpress.org/themes/baseball-sports-club/,,5.6,20
dark-mode-blog,"Dark Mode Blog",1.4,1.3,https://downloads.wordpress.org/theme/dark-mode-blog.1.4.zip,"2026-04-21 07:25:40",https://wordpress.org/themes/dark-mode-blog/,4.0,4.0,200
plumber-workshop,"Plumber Workshop",3.7,3.6,https://downloads.wordpress.org/theme/plumber-workshop.3.7.zip,"2026-04-21 07:40:14",https://wordpress.org/themes/plumber-workshop/,,7.0,20
popular-blogger,"Popular Blogger",1.7,1.5,https://downloads.wordpress.org/theme/popular-blogger.1.7.zip,"2026-04-21 07:39:30",https://wordpress.org/themes/popular-blogger/,,7.0,200
prime-beauty-salon,"Prime Beauty Salon",3.3,3.2,https://downloads.wordpress.org/theme/prime-beauty-salon.3.3.zip,"2026-04-21 07:38:51",https://wordpress.org/themes/prime-beauty-salon/,5.1,7.2,30
prime-charity-trust,"Prime Charity Trust",4.8,4.7,https://downloads.wordpress.org/theme/prime-charity-trust.4.8.zip,"2026-04-21 07:38:05",https://wordpress.org/themes/prime-charity-trust/,5.1,7.2,100
prime-cleaning-services,"Prime Cleaning Services",3.6,3.5,https://downloads.wordpress.org/theme/prime-cleaning-services.3.6.zip,"2026-04-21 07:37:23",https://wordpress.org/themes/prime-cleaning-services/,,7.0,40
prime-ecology,"Prime Ecology",3.7,3.6,https://downloads.wordpress.org/theme/prime-ecology.3.7.zip,"2026-04-21 07:36:40",https://wordpress.org/themes/prime-ecology/,,7.0,50
prime-ecommerce-shop,"Prime Ecommerce Shop",3.8,3.7,https://downloads.wordpress.org/theme/prime-ecommerce-shop.3.8.zip,"2026-04-21 07:36:00",https://wordpress.org/themes/prime-ecommerce-shop/,,7.0,60
prime-electronic-store,"Prime Electronic Store",3.8,3.7,https://downloads.wordpress.org/theme/prime-electronic-store.3.8.zip,"2026-04-21 07:34:15",https://wordpress.org/themes/prime-electronic-store/,,7.0,30
prime-events,"Prime Events",3.5,3.4,https://downloads.wordpress.org/theme/prime-events.3.5.zip,"2026-04-21 07:33:07",https://wordpress.org/themes/prime-events/,,7.0,20
quickgamely,QuickGamely,1.0.4.2.1,1.0.4.2,https://downloads.wordpress.org/theme/quickgamely.1.0.4.2.1.zip,"2026-04-21 07:09:35",https://wordpress.org/themes/quickgamely/,,5.6,0
wpwriter,WPWriter,3.5.2,3.5.1,https://downloads.wordpress.org/theme/wpwriter.3.5.2.zip,"2026-04-21 07:32:00",https://wordpress.org/themes/wpwriter/,5.6,7.4,10
product-manufacturing,"Product Manufacturing",1.0.0,,https://downloads.wordpress.org/theme/product-manufacturing.1.0.0.zip,"2026-04-21 07:46:19",https://wordpress.org/themes/product-manufacturing/,6.1,5.6,0
ac-repairing-services,"AC Repairing Services",0.5.0,0.4.9,https://downloads.wordpress.org/theme/ac-repairing-services.0.5.0.zip,"2026-04-21 09:20:23",https://wordpress.org/themes/ac-repairing-services/,5.0,7.2,80
auction-bidding,"Auction Bidding",0.8.2,0.8.1,https://downloads.wordpress.org/theme/auction-bidding.0.8.2.zip,"2026-04-21 09:21:11",https://wordpress.org/themes/auction-bidding/,5.0,7.2,100
automobile-car-shop,"Automobile Car Shop",1.6.3,1.6.2,https://downloads.wordpress.org/theme/automobile-car-shop.1.6.3.zip,"2026-04-21 09:21:18",https://wordpress.org/themes/automobile-car-shop/,5.9,5.6,200
bluehost-blueprint,"Bluehost Blueprint",1.0.2,1.0.1,https://downloads.wordpress.org/theme/bluehost-blueprint.1.0.2.zip,"2026-04-21 08:52:10",https://wordpress.org/themes/bluehost-blueprint/,6.6,7.2,40000
book-publisher-agency,"Book Publisher Agency",0.5.1,0.5.0,https://downloads.wordpress.org/theme/book-publisher-agency.0.5.1.zip,"2026-04-21 09:31:35",https://wordpress.org/themes/book-publisher-agency/,5.0,7.2,200
classified-listings,"Classified Listings",1.5.3,1.5.2,https://downloads.wordpress.org/theme/classified-listings.1.5.3.zip,"2026-04-21 09:22:31",https://wordpress.org/themes/classified-listings/,5.9,5.6,100
designer-artist,"Designer Artist",0.7.8,0.7.7,https://downloads.wordpress.org/theme/designer-artist.0.7.8.zip,"2026-04-21 09:23:44",https://wordpress.org/themes/designer-artist/,5.0,7.2,200
dry-cleaning-services,"Dry Cleaning Services",0.3.9,0.3.8,https://downloads.wordpress.org/theme/dry-cleaning-services.0.3.9.zip,"2026-04-21 08:14:05",https://wordpress.org/themes/dry-cleaning-services/,5.0,5.6,30
ebooks-collection,"Ebooks Collection",1.4.4,1.4.3,https://downloads.wordpress.org/theme/ebooks-collection.1.4.4.zip,"2026-04-21 08:13:48",https://wordpress.org/themes/ebooks-collection/,5.0,5.6,50
educational-university,"Educational University",0.3.3,0.3.2,https://downloads.wordpress.org/theme/educational-university.0.3.3.zip,"2026-04-21 08:13:35",https://wordpress.org/themes/educational-university/,5.0,5.6,100
ev-charging-station,"EV Charging Station",0.3.0,0.2.8,https://downloads.wordpress.org/theme/ev-charging-station.0.3.0.zip,"2026-04-21 08:12:43",https://wordpress.org/themes/ev-charging-station/,5.0,5.6,100
festival-events,"Festival Events",0.2.6,0.2.4,https://downloads.wordpress.org/theme/festival-events.0.2.6.zip,"2026-04-21 08:13:20",https://wordpress.org/themes/festival-events/,5.0,5.6,100
florence-it,"Florence IT",3.8.1,3.8,https://downloads.wordpress.org/theme/florence-it.3.8.1.zip,"2026-04-21 08:13:03",https://wordpress.org/themes/florence-it/,5.0,7.2,80
foodie-review-blog,"Foodie Review Blog",0.3.7,0.3.6,https://downloads.wordpress.org/theme/foodie-review-blog.0.3.7.zip,"2026-04-21 08:12:54",https://wordpress.org/themes/foodie-review-blog/,5.0,5.6,100
freelancer-plus,"Freelancer Plus",4.7.3,4.7.2,https://downloads.wordpress.org/theme/freelancer-plus.4.7.3.zip,"2026-04-21 08:12:22",https://wordpress.org/themes/freelancer-plus/,5.0,5.6,80
fresh-bakery-cake,"Fresh Bakery Cake",1.4.4,1.4.3,https://downloads.wordpress.org/theme/fresh-bakery-cake.1.4.4.zip,"2026-04-21 08:12:15",https://wordpress.org/themes/fresh-bakery-cake/,5.0,5.6,30
garden-farm,"Garden Farm",0.3.8,0.3.7,https://downloads.wordpress.org/theme/garden-farm.0.3.8.zip,"2026-04-21 08:12:05",https://wordpress.org/themes/garden-farm/,5.0,5.6,80
hester,Hester,1.1.13,1.1.12,https://downloads.wordpress.org/theme/hester.1.1.13.zip,"2026-04-21 09:14:18",https://wordpress.org/themes/hester/,5.0,5.6,100
hockey-sports,"Hockey Sports",2.2.5,2.2.3,https://downloads.wordpress.org/theme/hockey-sports.2.2.5.zip,"2026-04-21 08:35:52",https://wordpress.org/themes/hockey-sports/,5.9,5.6,70
sirat,Sirat,1.7.1,1.7,https://downloads.wordpress.org/theme/sirat.1.7.1.zip,"2026-04-21 09:20:55",https://wordpress.org/themes/sirat/,5.0,7.2,1000
vw-audio-podcast,"VW Audio Podcast",1.4.0,1.3.9,https://downloads.wordpress.org/theme/vw-audio-podcast.1.4.0.zip,"2026-04-21 09:27:14",https://wordpress.org/themes/vw-audio-podcast/,5.9,5.6,40
vw-car-rental,"VW Car Rental",1.4.8,1.4.7,https://downloads.wordpress.org/theme/vw-car-rental.1.4.8.zip,"2026-04-21 09:24:53",https://wordpress.org/themes/vw-car-rental/,5.0,7.2,200
vw-charity-ngo,"VW Charity NGO",1.4.7,1.4.6,https://downloads.wordpress.org/theme/vw-charity-ngo.1.4.7.zip,"2026-04-21 09:26:07",https://wordpress.org/themes/vw-charity-ngo/,5.0,7.2,100
vw-eco-nature,"VW Eco Nature",1.5.2,1.5.1,https://downloads.wordpress.org/theme/vw-eco-nature.1.5.2.zip,"2026-04-21 09:24:29",https://wordpress.org/themes/vw-eco-nature/,5.0,7.2,500
wpwriter,WPWriter,3.5.3,3.5.2,https://downloads.wordpress.org/theme/wpwriter.3.5.3.zip,"2026-04-21 09:29:38",https://wordpress.org/themes/wpwriter/,5.6,7.4,10
caretaker,Caretaker,1.0.4,1.0.3,https://downloads.wordpress.org/theme/caretaker.1.0.4.zip,"2026-04-21 11:46:13",https://wordpress.org/themes/caretaker/,6.7,7.2,40
econature-lite,"Econature Lite",1.2.3,1.2.2,https://downloads.wordpress.org/theme/econature-lite.1.2.3.zip,"2026-04-21 11:35:25",https://wordpress.org/themes/econature-lite/,6.7,7.2,400
educational-blocks,"Educational Blocks",4.7,4.4,https://downloads.wordpress.org/theme/educational-blocks.4.7.zip,"2026-04-21 11:22:01",https://wordpress.org/themes/educational-blocks/,6.1,5.6,1000
girlish,Girlish,1.0.4,1.0.3,https://downloads.wordpress.org/theme/girlish.1.0.4.zip,"2026-04-21 12:54:11",https://wordpress.org/themes/girlish/,5.0,5.6,30
newspiper,Newspiper,0.3.6,0.3.5,https://downloads.wordpress.org/theme/newspiper.0.3.6.zip,"2026-04-21 13:58:25",https://wordpress.org/themes/newspiper/,6.0,5.6,100
online-library,"Online Library",2.2,2.1,https://downloads.wordpress.org/theme/online-library.2.2.zip,"2026-04-21 13:57:28",https://wordpress.org/themes/online-library/,6.1,5.6,300
online-magazine,"Online Magazine",3.1,3.0,https://downloads.wordpress.org/theme/online-magazine.3.1.zip,"2026-04-21 13:56:59",https://wordpress.org/themes/online-magazine/,6.1,5.6,100
online-notary,"Online Notary",1.9,1.8,https://downloads.wordpress.org/theme/online-notary.1.9.zip,"2026-04-21 13:56:29",https://wordpress.org/themes/online-notary/,6.1,5.6,50
organic-green-blocks,"Organic Green Blocks",4.8,4.7,https://downloads.wordpress.org/theme/organic-green-blocks.4.8.zip,"2026-04-21 13:55:52",https://wordpress.org/themes/organic-green-blocks/,6.1,5.6,200
pet-ecommerce-store,"Pet Ecommerce Store",1.6,1.5,https://downloads.wordpress.org/theme/pet-ecommerce-store.1.6.zip,"2026-04-21 13:52:18",https://wordpress.org/themes/pet-ecommerce-store/,6.1,5.6,200
prime-education,"Prime Education",3.4,3.3,https://downloads.wordpress.org/theme/prime-education.3.4.zip,"2026-04-21 11:57:20",https://wordpress.org/themes/prime-education/,,7.0,100
prime-english-classes,"Prime English Classes",3.3,3.2,https://downloads.wordpress.org/theme/prime-english-classes.3.3.zip,"2026-04-21 11:53:16",https://wordpress.org/themes/prime-english-classes/,,7.0,30
product-manufacturing,"Product Manufacturing",1.0.1,1.0.0,https://downloads.wordpress.org/theme/product-manufacturing.1.0.1.zip,"2026-04-21 11:22:43",https://wordpress.org/themes/product-manufacturing/,6.1,5.6,0
radio-shows,"Radio Shows",2.9,2.8,https://downloads.wordpress.org/theme/radio-shows.2.9.zip,"2026-04-21 13:51:27",https://wordpress.org/themes/radio-shows/,6.1,5.6,300
real-estate-deals,"Real Estate Deals",3.6,3.5,https://downloads.wordpress.org/theme/real-estate-deals.3.6.zip,"2026-04-21 13:50:18",https://wordpress.org/themes/real-estate-deals/,6.1,5.6,100
space-exploration,"Space Exploration",2.3,2.2,https://downloads.wordpress.org/theme/space-exploration.2.3.zip,"2026-04-21 13:49:18",https://wordpress.org/themes/space-exploration/,6.1,5.6,400
tax-consultant,"Tax Consultant",1.6,1.5,https://downloads.wordpress.org/theme/tax-consultant.1.6.zip,"2026-04-21 13:48:41",https://wordpress.org/themes/tax-consultant/,6.1,5.6,200
transport-services,"Transport Services",2.8,2.7,https://downloads.wordpress.org/theme/transport-services.2.8.zip,"2026-04-21 13:47:38",https://wordpress.org/themes/transport-services/,6.1,5.6,400
travel-agent-blocks,"Travel Agent Blocks",3.5,3.4,https://downloads.wordpress.org/theme/travel-agent-blocks.3.5.zip,"2026-04-21 13:47:02",https://wordpress.org/themes/travel-agent-blocks/,6.1,5.6,200
ultravel,Ultravel,1.0.5,1.0.4,https://downloads.wordpress.org/theme/ultravel.1.0.5.zip,"2026-04-21 12:54:57",https://wordpress.org/themes/ultravel/,5.0,5.6,50
window-cleaning,"Window Cleaning",1.0.7,1.0.6,https://downloads.wordpress.org/theme/window-cleaning.1.0.7.zip,"2026-04-21 13:26:54",https://wordpress.org/themes/window-cleaning/,6.1,5.6,80
worship,Worship,1.0.4,1.0.3,https://downloads.wordpress.org/theme/worship.1.0.4.zip,"2026-04-21 11:40:46",https://wordpress.org/themes/worship/,6.7,7.2,200
wpwriter,WPWriter,3.5.5,3.5.3,https://downloads.wordpress.org/theme/wpwriter.3.5.5.zip,"2026-04-21 12:36:05",https://wordpress.org/themes/wpwriter/,5.6,7.4,10
aravalli,Aravalli,20.1,20.0,https://downloads.wordpress.org/theme/aravalli.20.1.zip,"2026-04-21 14:38:40",https://wordpress.org/themes/aravalli/,4.7,5.6,600
baby-toys-store,"Baby Toys Store",0.2.2,0.2.1,https://downloads.wordpress.org/theme/baby-toys-store.0.2.2.zip,"2026-04-21 14:38:52",https://wordpress.org/themes/baby-toys-store/,,5.6,90
boostify,Boostify,20.1,20.0,https://downloads.wordpress.org/theme/boostify.20.1.zip,"2026-04-21 14:37:52",https://wordpress.org/themes/boostify/,4.7,5.6,100
colorsy,Colorsy,18.2,18.1,https://downloads.wordpress.org/theme/colorsy.18.2.zip,"2026-04-21 14:44:28",https://wordpress.org/themes/colorsy/,4.7,5.6,100
convo,Convo,13.5,13.4,https://downloads.wordpress.org/theme/convo.13.5.zip,"2026-04-21 14:44:51",https://wordpress.org/themes/convo/,,7.0,100
cosmics,Cosmics,18.2,18.1,https://downloads.wordpress.org/theme/cosmics.18.2.zip,"2026-04-21 14:44:07",https://wordpress.org/themes/cosmics/,4.7,5.6,400
eventplus,EventPlus,17.9,17.8,https://downloads.wordpress.org/theme/eventplus.17.9.zip,"2026-04-21 14:42:14",https://wordpress.org/themes/eventplus/,4.7,5.6,200
evita,Evita,5.4,5.3,https://downloads.wordpress.org/theme/evita.5.4.zip,"2026-04-21 14:42:59",https://wordpress.org/themes/evita/,,5.6,200
fiona-blog,"Fiona Blog",20.2,20.1,https://downloads.wordpress.org/theme/fiona-blog.20.2.zip,"2026-04-21 14:40:30",https://wordpress.org/themes/fiona-blog/,4.7,5.6,500
flex-blogging,"Flex Blogging",1.0.9,1.0.8,https://downloads.wordpress.org/theme/flex-blogging.1.0.9.zip,"2026-04-21 15:39:04",https://wordpress.org/themes/flex-blogging/,,5.6,200
flex-charity,"Flex Charity",1.1.5,1.1.4,https://downloads.wordpress.org/theme/flex-charity.1.1.5.zip,"2026-04-21 15:38:33",https://wordpress.org/themes/flex-charity/,,5.6,20
flex-ecommerce-store,"Flex Ecommerce Store",1.3.9,1.3.8,https://downloads.wordpress.org/theme/flex-ecommerce-store.1.3.9.zip,"2026-04-21 15:40:13",https://wordpress.org/themes/flex-ecommerce-store/,,5.6,200
flex-education,"Flex Education",1.2.9,1.2.8,https://downloads.wordpress.org/theme/flex-education.1.2.9.zip,"2026-04-21 15:38:47",https://wordpress.org/themes/flex-education/,,5.6,30
flex-fast-food,"Flex Fast Food",1.1.8,1.1.7,https://downloads.wordpress.org/theme/flex-fast-food.1.1.8.zip,"2026-04-21 15:38:01",https://wordpress.org/themes/flex-fast-food/,,5.6,100
flex-home-decor,"Flex Home Decor",1.1.4,1.1.3,https://downloads.wordpress.org/theme/flex-home-decor.1.1.4.zip,"2026-04-21 15:37:46",https://wordpress.org/themes/flex-home-decor/,,5.6,70
flex-interior-design,"Flex Interior Design",1.0.2,1.0.1,https://downloads.wordpress.org/theme/flex-interior-design.1.0.2.zip,"2026-04-21 15:37:32",https://wordpress.org/themes/flex-interior-design/,,5.6,10
flex-kindergarten,"Flex Kindergarten",1.1.1,1.1.0,https://downloads.wordpress.org/theme/flex-kindergarten.1.1.1.zip,"2026-04-21 15:37:09",https://wordpress.org/themes/flex-kindergarten/,,5.6,0
flex-medical,"Flex Medical",1.2.9,1.2.8,https://downloads.wordpress.org/theme/flex-medical.1.2.9.zip,"2026-04-21 15:36:50",https://wordpress.org/themes/flex-medical/,,5.6,50
flex-multi-business,"Flex Multi Business",1.8.7,1.8.6,https://downloads.wordpress.org/theme/flex-multi-business.1.8.7.zip,"2026-04-21 15:39:58",https://wordpress.org/themes/flex-multi-business/,,5.6,100
flex-real-estate,"Flex Real Estate",1.1.2,1.1.1,https://downloads.wordpress.org/theme/flex-real-estate.1.1.2.zip,"2026-04-21 15:36:34",https://wordpress.org/themes/flex-real-estate/,,5.6,50
flex-travel,"Flex Travel",1.0.6,1.0.5,https://downloads.wordpress.org/theme/flex-travel.1.0.6.zip,"2026-04-21 15:36:18",https://wordpress.org/themes/flex-travel/,,5.6,80
gradiantx,GradiantX,7.5,7.4,https://downloads.wordpress.org/theme/gradiantx.7.5.zip,"2026-04-21 14:39:50",https://wordpress.org/themes/gradiantx/,4.7,5.6,100
legal-notary-firm,"Legal Notary Firm",1.0.3,1.0.2,https://downloads.wordpress.org/theme/legal-notary-firm.1.0.3.zip,"2026-04-21 15:35:36",https://wordpress.org/themes/legal-notary-firm/,,5.6,10
metasoft,MetaSoft,20.1,20.0,https://downloads.wordpress.org/theme/metasoft.20.1.zip,"2026-04-21 14:39:29",https://wordpress.org/themes/metasoft/,4.7,5.6,300
news25-live,"News25 Live",2.6,2.5,https://downloads.wordpress.org/theme/news25-live.2.6.zip,"2026-04-21 14:43:27",https://wordpress.org/themes/news25-live/,4.7,5.6,80
nextawards,Nextawards,1.8.9,1.8.8,https://downloads.wordpress.org/theme/nextawards.1.8.9.zip,"2026-04-21 15:36:44",https://wordpress.org/themes/nextawards/,,5.6,2000
renoval,Renoval,19.4,19.3,https://downloads.wordpress.org/theme/renoval.19.4.zip,"2026-04-21 14:41:40",https://wordpress.org/themes/renoval/,4.7,5.6,600
water-sports,"Water Sports",0.2.2,0.2.1,https://downloads.wordpress.org/theme/water-sports.0.2.2.zip,"2026-04-21 14:41:02",https://wordpress.org/themes/water-sports/,,5.6,20
blockskit-logistics,"Blockskit Logistics",1.0.0,,https://downloads.wordpress.org/theme/blockskit-logistics.1.0.0.zip,"2026-04-21 14:47:00",https://wordpress.org/themes/blockskit-logistics/,6.0,5.6,0
go-mechanic,"Go Mechanic",1.0.11,,https://downloads.wordpress.org/theme/go-mechanic.1.0.11.zip,"2026-04-21 14:46:52",https://wordpress.org/themes/go-mechanic/,,8.0,0
nailan-lite,"Nailan Lite",1.2.5,,https://downloads.wordpress.org/theme/nailan-lite.1.2.5.zip,"2026-04-21 14:46:43",https://wordpress.org/themes/nailan-lite/,6.1,7.2,0
roofing-specialist,"Roofing Specialist",0.0.1,,https://downloads.wordpress.org/theme/roofing-specialist.0.0.1.zip,"2026-04-21 14:16:16",https://wordpress.org/themes/roofing-specialist/,5.0,7.2,0
shoes-footwear,"Shoes Footwear",1.0,,https://downloads.wordpress.org/theme/shoes-footwear.1.0.zip,"2026-04-21 15:32:35",https://wordpress.org/themes/shoes-footwear/,,7.2,0
nextawards,Nextawards,1.9.0,1.8.9,https://downloads.wordpress.org/theme/nextawards.1.9.0.zip,"2026-04-21 15:46:37",https://wordpress.org/themes/nextawards/,,5.6,2000
promptless,Promptless,1.1.2,1.1.1,https://downloads.wordpress.org/theme/promptless.1.1.2.zip,"2026-04-22 01:31:46",https://wordpress.org/themes/promptless/,6.0,7.4,40
affiliate-marketing-business,"Affiliate Marketing Business",0.4.8,0.4.7,https://downloads.wordpress.org/theme/affiliate-marketing-business.0.4.8.zip,"2026-04-22 03:58:58",https://wordpress.org/themes/affiliate-marketing-business/,5.0,7.2,100
art-blog,"Art Blog",2.5,2.4,https://downloads.wordpress.org/theme/art-blog.2.5.zip,"2026-04-22 05:10:30",https://wordpress.org/themes/art-blog/,5.5,7.2,200
artist-portfolio,"Artist Portfolio",0.9.1,0.9.0,https://downloads.wordpress.org/theme/artist-portfolio.0.9.1.zip,"2026-04-22 03:59:16",https://wordpress.org/themes/artist-portfolio/,5.0,7.2,300
automotive-parts,"Automotive Parts",2.6,2.5,https://downloads.wordpress.org/theme/automotive-parts.2.6.zip,"2026-04-22 05:09:46",https://wordpress.org/themes/automotive-parts/,5.5,7.2,50
blogendar,Blogendar,1.0.5,1.0.4,https://downloads.wordpress.org/theme/blogendar.1.0.5.zip,"2026-04-22 05:31:45",https://wordpress.org/themes/blogendar/,5.0,5.6,40
blogus,Blogus,2.9.3,2.9.2,https://downloads.wordpress.org/theme/blogus.2.9.3.zip,"2026-04-22 04:21:29",https://wordpress.org/themes/blogus/,6.7,7.4,10000
butcher-meatshop,"Butcher Meatshop",1.2.0,1.1.9,https://downloads.wordpress.org/theme/butcher-meatshop.1.2.0.zip,"2026-04-22 05:09:15",https://wordpress.org/themes/butcher-meatshop/,5.5,7.2,50
carpets-and-rugs,"Carpets and Rugs",1.0.2,1.0.1,https://downloads.wordpress.org/theme/carpets-and-rugs.1.0.2.zip,"2026-04-22 05:07:49",https://wordpress.org/themes/carpets-and-rugs/,5.5,7.2,40
construction-equipments,"Construction Equipments",1.2,1.1,https://downloads.wordpress.org/theme/construction-equipments.1.2.zip,"2026-04-22 05:05:58",https://wordpress.org/themes/construction-equipments/,5.5,5.6,20
consultant-appointment,"Consultant Appointment",3.0.2,3.0.1,https://downloads.wordpress.org/theme/consultant-appointment.3.0.2.zip,"2026-04-22 05:04:56",https://wordpress.org/themes/consultant-appointment/,5.5,5.6,50
coupon-flash-deals,"Coupon Flash Deals",1.3.3,1.3.2,https://downloads.wordpress.org/theme/coupon-flash-deals.1.3.3.zip,"2026-04-22 06:08:36",https://wordpress.org/themes/coupon-flash-deals/,,7.2,60
dropshipping-storefront,"Dropshipping Storefront",1.0.3,1.0.2,https://downloads.wordpress.org/theme/dropshipping-storefront.1.0.3.zip,"2026-04-22 05:26:19",https://wordpress.org/themes/dropshipping-storefront/,5.5,5.6,60
eco-ngo,"Eco NGO",1.9.3,1.9.2,https://downloads.wordpress.org/theme/eco-ngo.1.9.3.zip,"2026-04-22 06:07:59",https://wordpress.org/themes/eco-ngo/,,7.2,40
elearning-school,"Elearning School",1.6.3,1.6.2,https://downloads.wordpress.org/theme/elearning-school.1.6.3.zip,"2026-04-22 06:07:32",https://wordpress.org/themes/elearning-school/,,7.2,500
election-campaign,"Election Campaign",0.5.6,0.5.5,https://downloads.wordpress.org/theme/election-campaign.0.5.6.zip,"2026-04-22 03:59:30",https://wordpress.org/themes/election-campaign/,5.0,7.2,80
electronics-marketplace,"Electronics Marketplace",0.9.0,0.8.9,https://downloads.wordpress.org/theme/electronics-marketplace.0.9.0.zip,"2026-04-22 03:59:43",https://wordpress.org/themes/electronics-marketplace/,5.0,7.2,40
elite-fashion-shop,"Elite Fashion Shop",5.8.3,5.8.2,https://downloads.wordpress.org/theme/elite-fashion-shop.5.8.3.zip,"2026-04-22 06:06:49",https://wordpress.org/themes/elite-fashion-shop/,,7.2,30
elite-florist,"Elite florist",5.0.3,5.0.2,https://downloads.wordpress.org/theme/elite-florist.5.0.3.zip,"2026-04-22 06:06:08",https://wordpress.org/themes/elite-florist/,,7.2,50
elite-soccer-club,"Elite Soccer Club",1.7.3,1.7.2,https://downloads.wordpress.org/theme/elite-soccer-club.1.7.3.zip,"2026-04-22 06:04:53",https://wordpress.org/themes/elite-soccer-club/,,7.2,90
ephemeris,Ephemeris,1.5.4,1.5.3,https://downloads.wordpress.org/theme/ephemeris.1.5.4.zip,"2026-04-22 04:40:57",https://wordpress.org/themes/ephemeris/,4.8,5.6,900
excavation-contractor,"Excavation Contractor",1.0.4,1.0.3,https://downloads.wordpress.org/theme/excavation-contractor.1.0.4.zip,"2026-04-22 05:25:51",https://wordpress.org/themes/excavation-contractor/,5.5,5.6,40
expert-ngo-volunteer,"Expert NGO Volunteer",2.5,2.4,https://downloads.wordpress.org/theme/expert-ngo-volunteer.2.5.zip,"2026-04-22 04:47:20",https://wordpress.org/themes/expert-ngo-volunteer/,,7.2,40
fast-food-truck,"Fast Food Truck",0.5.0,0.4.9,https://downloads.wordpress.org/theme/fast-food-truck.0.5.0.zip,"2026-04-22 04:00:03",https://wordpress.org/themes/fast-food-truck/,5.0,7.2,50
film-celebrity,"Film Celebrity",6.7.3,6.7.2,https://downloads.wordpress.org/theme/film-celebrity.6.7.3.zip,"2026-04-22 06:04:34",https://wordpress.org/themes/film-celebrity/,,7.2,50
gym-training-coach,"Gym Training Coach",0.8.5,0.8.4,https://downloads.wordpress.org/theme/gym-training-coach.0.8.5.zip,"2026-04-22 04:02:16",https://wordpress.org/themes/gym-training-coach/,5.0,7.2,40
handyman-cleaner,"Handyman Cleaner",0.6.1,0.6.0,https://downloads.wordpress.org/theme/handyman-cleaner.0.6.1.zip,"2026-04-22 04:00:14",https://wordpress.org/themes/handyman-cleaner/,5.0,7.2,50
industrial-revolution,"Industrial Revolution",0.1.8,0.1.7,https://downloads.wordpress.org/theme/industrial-revolution.0.1.8.zip,"2026-04-22 05:25:24",https://wordpress.org/themes/industrial-revolution/,5.5,5.6,50
magazine-palace,"Magazine Palace",1.0.5,1.0.4,https://downloads.wordpress.org/theme/magazine-palace.1.0.5.zip,"2026-04-22 05:26:17",https://wordpress.org/themes/magazine-palace/,5.0,5.6,60
massage-therapy,"Massage Therapy",0.1.4,0.1.3,https://downloads.wordpress.org/theme/massage-therapy.0.1.4.zip,"2026-04-22 05:21:51",https://wordpress.org/themes/massage-therapy/,5.5,5.6,40
medical-coach,"Medical Coach",3.8.3,3.8.2,https://downloads.wordpress.org/theme/medical-coach.3.8.3.zip,"2026-04-22 06:03:22",https://wordpress.org/themes/medical-coach/,,7.2,60
minimopress,Minimopress,2.0.2,2.0.1,https://downloads.wordpress.org/theme/minimopress.2.0.2.zip,"2026-04-22 04:47:17",https://wordpress.org/themes/minimopress/,5.5,7.4,40
newsair,Newsair,2.2.2,2.2.1,https://downloads.wordpress.org/theme/newsair.2.2.2.zip,"2026-04-22 04:26:56",https://wordpress.org/themes/newsair/,6.7,7.4,1000
newspaperup,Newspaperup,1.7.1,1.7.0,https://downloads.wordpress.org/theme/newspaperup.1.7.1.zip,"2026-04-22 04:31:17",https://wordpress.org/themes/newspaperup/,6.7,7.4,1000
newsup,Newsup,5.3.5,5.3.4,https://downloads.wordpress.org/theme/newsup.5.3.5.zip,"2026-04-22 04:18:11",https://wordpress.org/themes/newsup/,6.7,7.4,10000
party-rental,"Party Rental",1.4.3,1.4.2,https://downloads.wordpress.org/theme/party-rental.1.4.3.zip,"2026-04-22 06:02:11",https://wordpress.org/themes/party-rental/,,7.2,60
phone-accessories-store,"Phone Accessories Store",1.9,1.8,https://downloads.wordpress.org/theme/phone-accessories-store.1.9.zip,"2026-04-22 05:21:11",https://wordpress.org/themes/phone-accessories-store/,5.5,7.2,100
photography-album,"Photography Album",3.5.3,3.5.2,https://downloads.wordpress.org/theme/photography-album.3.5.3.zip,"2026-04-22 06:00:45",https://wordpress.org/themes/photography-album/,,7.2,60
podcast-streaming,"Podcast Streaming",1.7.3,1.7.2,https://downloads.wordpress.org/theme/podcast-streaming.1.7.3.zip,"2026-04-22 05:59:57",https://wordpress.org/themes/podcast-streaming/,,7.2,50
sports-league,"Sports League",0.8.4,0.8.3,https://downloads.wordpress.org/theme/sports-league.0.8.4.zip,"2026-04-22 04:00:28",https://wordpress.org/themes/sports-league/,5.0,7.2,200
startup-solutions,"Startup Solutions",0.5.8,0.5.7,https://downloads.wordpress.org/theme/startup-solutions.0.5.8.zip,"2026-04-22 04:02:24",https://wordpress.org/themes/startup-solutions/,5.0,7.2,70
swimming-pool-cleaning,"Swimming Pool Cleaning",0.8.3,0.8.2,https://downloads.wordpress.org/theme/swimming-pool-cleaning.0.8.3.zip,"2026-04-22 04:02:26",https://wordpress.org/themes/swimming-pool-cleaning/,5.0,7.2,50
township-house-villa,"Township House Villa",0.8.1,0.8.0,https://downloads.wordpress.org/theme/township-house-villa.0.8.1.zip,"2026-04-22 04:02:49",https://wordpress.org/themes/township-house-villa/,5.0,7.2,40
tp-branded,"Tp Branded",1.0.4,1.0.3,https://downloads.wordpress.org/theme/tp-branded.1.0.4.zip,"2026-04-22 05:33:34",https://wordpress.org/themes/tp-branded/,5.0,5.6,20
tree-plantation,"Tree Plantation",1.2.8,1.2.7,https://downloads.wordpress.org/theme/tree-plantation.1.2.8.zip,"2026-04-22 05:18:39",https://wordpress.org/themes/tree-plantation/,5.5,7.2,100
ultimate-audio-streaming,"Ultimate Audio Streaming",0.7.9,0.7.8,https://downloads.wordpress.org/theme/ultimate-audio-streaming.0.7.9.zip,"2026-04-22 04:03:15",https://wordpress.org/themes/ultimate-audio-streaming/,5.0,7.2,200
vet-care-center,"Vet Care Center",1.9,1.8,https://downloads.wordpress.org/theme/vet-care-center.1.9.zip,"2026-04-22 05:17:49",https://wordpress.org/themes/vet-care-center/,5.5,7.2,40
wellness-therapy,"Wellness Therapy",1.2.8,1.2.7,https://downloads.wordpress.org/theme/wellness-therapy.1.2.8.zip,"2026-04-22 05:16:35",https://wordpress.org/themes/wellness-therapy/,5.5,5.6,50
ashe,Ashe,2.268,2.267,https://downloads.wordpress.org/theme/ashe.2.268.zip,"2026-04-22 06:34:14",https://wordpress.org/themes/ashe/,4.7,5.2.4,30000
best-learner,"Best Learner",1.8,1.7,https://downloads.wordpress.org/theme/best-learner.1.8.zip,"2026-04-22 06:32:32",https://wordpress.org/themes/best-learner/,5.1,5.6,100
bike-repair-garage,"Bike Repair Garage",1.0.9,1.0.7,https://downloads.wordpress.org/theme/bike-repair-garage.1.0.9.zip,"2026-04-22 07:39:40",https://wordpress.org/themes/bike-repair-garage/,6.0,7.2,400
blog-mall,"Blog Mall",1.6,1.5,https://downloads.wordpress.org/theme/blog-mall.1.6.zip,"2026-04-22 06:33:20",https://wordpress.org/themes/blog-mall/,5.1,5.6,100
blog-note,"Blog Note",1.5,1.4,https://downloads.wordpress.org/theme/blog-note.1.5.zip,"2026-04-22 06:33:56",https://wordpress.org/themes/blog-note/,5.1,5.6,400
business-carter,"Business Carter",1.7,1.6,https://downloads.wordpress.org/theme/business-carter.1.7.zip,"2026-04-22 06:34:46",https://wordpress.org/themes/business-carter/,5.1,5.6,100
buziness,Buziness,2.0,1.9,https://downloads.wordpress.org/theme/buziness.2.0.zip,"2026-04-22 06:35:24",https://wordpress.org/themes/buziness/,5.1,5.6,100
carpet-washing,"Carpet Washing",1.0.4,1.0.2,https://downloads.wordpress.org/theme/carpet-washing.1.0.4.zip,"2026-04-22 07:40:14",https://wordpress.org/themes/carpet-washing/,6.0,7.2,100
chocolate-house,"Chocolate House",1.2.0,1.1.8,https://downloads.wordpress.org/theme/chocolate-house.1.2.0.zip,"2026-04-22 07:40:54",https://wordpress.org/themes/chocolate-house/,6.0,7.2,90
chocolate-store,"Chocolate Store",1.9.3,1.9.2,https://downloads.wordpress.org/theme/chocolate-store.1.9.3.zip,"2026-04-22 06:09:39",https://wordpress.org/themes/chocolate-store/,,7.2,90
cleaning-expert,"Cleaning Expert",1.3.0,1.2.9,https://downloads.wordpress.org/theme/cleaning-expert.1.3.0.zip,"2026-04-22 07:33:06",https://wordpress.org/themes/cleaning-expert/,5.0,7.2,40
coaching-institute,"Coaching Institute",1.2.6,1.2.5,https://downloads.wordpress.org/theme/coaching-institute.1.2.6.zip,"2026-04-22 07:33:48",https://wordpress.org/themes/coaching-institute/,5.0,7.2,60
creativ-academy,"Creativ Academy",1.6,1.5,https://downloads.wordpress.org/theme/creativ-academy.1.6.zip,"2026-04-22 06:36:08",https://wordpress.org/themes/creativ-academy/,5.1,5.6,100
creativ-agency,"Creativ Agency",1.7,1.6,https://downloads.wordpress.org/theme/creativ-agency.1.7.zip,"2026-04-22 06:36:56",https://wordpress.org/themes/creativ-agency/,,5.6,40
creativ-blog,"Creativ Blog",1.9,1.8,https://downloads.wordpress.org/theme/creativ-blog.1.9.zip,"2026-04-22 06:37:33",https://wordpress.org/themes/creativ-blog/,5.1,5.6,80
creativ-campus,"Creativ Campus",1.5,1.4,https://downloads.wordpress.org/theme/creativ-campus.1.5.zip,"2026-04-22 06:38:18",https://wordpress.org/themes/creativ-campus/,5.1,5.6,60
creativ-education,"Creativ Education",2.5,2.4,https://downloads.wordpress.org/theme/creativ-education.2.5.zip,"2026-04-22 06:38:53",https://wordpress.org/themes/creativ-education/,,5.6,100
creativ-kids-education,"Creativ Kids Education",1.7,1.6,https://downloads.wordpress.org/theme/creativ-kids-education.1.7.zip,"2026-04-22 06:39:28",https://wordpress.org/themes/creativ-kids-education/,,5.6,100
creativ-kindergarten,"Creativ Kindergarten",2.7,2.6,https://downloads.wordpress.org/theme/creativ-kindergarten.2.7.zip,"2026-04-22 06:40:03",https://wordpress.org/themes/creativ-kindergarten/,,5.6,200
creativ-mag,"Creativ Mag",2.1,2.0,https://downloads.wordpress.org/theme/creativ-mag.2.1.zip,"2026-04-22 06:40:37",https://wordpress.org/themes/creativ-mag/,,5.6,100
creativ-musician,"Creativ Musician",3.3,3.2,https://downloads.wordpress.org/theme/creativ-musician.3.3.zip,"2026-04-22 06:41:49",https://wordpress.org/themes/creativ-musician/,5.1,5.6,400
creativ-news,"Creativ News",1.6,1.5,https://downloads.wordpress.org/theme/creativ-news.1.6.zip,"2026-04-22 06:42:30",https://wordpress.org/themes/creativ-news/,5.1,5.6,50
creativ-portfolio,"Creativ Portfolio",1.4,1.3,https://downloads.wordpress.org/theme/creativ-portfolio.1.4.zip,"2026-04-22 06:43:13",https://wordpress.org/themes/creativ-portfolio/,5.1,5.6,70
creativ-preschool,"Creativ Preschool",2.2,2.1,https://downloads.wordpress.org/theme/creativ-preschool.2.2.zip,"2026-04-22 06:43:53",https://wordpress.org/themes/creativ-preschool/,5.1,5.6,500
creativ-singer,"Creativ Singer",3.1,3.0,https://downloads.wordpress.org/theme/creativ-singer.3.1.zip,"2026-04-22 06:44:52",https://wordpress.org/themes/creativ-singer/,,5.6,300
creativ-university,"Creativ University",1.9,1.8,https://downloads.wordpress.org/theme/creativ-university.1.9.zip,"2026-04-22 06:45:33",https://wordpress.org/themes/creativ-university/,5.1,5.6,200
cyber-security-services,"Cyber Security Services",6.1,5.9,https://downloads.wordpress.org/theme/cyber-security-services.6.1.zip,"2026-04-22 06:49:53",https://wordpress.org/themes/cyber-security-services/,5.0,5.6,200
daily-blog,"Daily Blog",1.6,1.5,https://downloads.wordpress.org/theme/daily-blog.1.6.zip,"2026-04-22 06:46:15",https://wordpress.org/themes/daily-blog/,5.1,5.6,100
daily-construction,"Daily Construction",1.4,1.3,https://downloads.wordpress.org/theme/daily-construction.1.4.zip,"2026-04-22 06:47:02",https://wordpress.org/themes/daily-construction/,5.1,5.6,80
darkmag,DarkMag,1.7,1.6,https://downloads.wordpress.org/theme/darkmag.1.7.zip,"2026-04-22 06:47:46",https://wordpress.org/themes/darkmag/,5.1,5.6,60
day-camp,"Day Camp",1.0.7,1.0.5,https://downloads.wordpress.org/theme/day-camp.1.0.7.zip,"2026-04-22 07:41:29",https://wordpress.org/themes/day-camp/,6.0,7.2,100
digital-diary,"Digital Diary",1.4,1.3,https://downloads.wordpress.org/theme/digital-diary.1.4.zip,"2026-04-22 06:48:34",https://wordpress.org/themes/digital-diary/,5.1,5.6,20
easy-blog,"Easy Blog",2.0,1.9,https://downloads.wordpress.org/theme/easy-blog.2.0.zip,"2026-04-22 06:49:23",https://wordpress.org/themes/easy-blog/,5.1,5.6,200
easy-business,"Easy Business",1.7,1.6,https://downloads.wordpress.org/theme/easy-business.1.7.zip,"2026-04-22 06:50:09",https://wordpress.org/themes/easy-business/,5.1,5.6,80
easy-magazine,"Easy Magazine",1.9,1.8,https://downloads.wordpress.org/theme/easy-magazine.1.9.zip,"2026-04-22 06:50:54",https://wordpress.org/themes/easy-magazine/,5.1,5.6,100
electronics-market,"Electronics Market",2.8,2.7,https://downloads.wordpress.org/theme/electronics-market.2.8.zip,"2026-04-22 06:49:01",https://wordpress.org/themes/electronics-market/,6.1,5.6,300
equestrian-sports,"Equestrian Sports",2.8,2.7,https://downloads.wordpress.org/theme/equestrian-sports.2.8.zip,"2026-04-22 06:48:44",https://wordpress.org/themes/equestrian-sports/,6.1,5.6,100
espresso-shop,"Espresso Shop",1.0.6,1.0.4,https://downloads.wordpress.org/theme/espresso-shop.1.0.6.zip,"2026-04-22 07:42:11",https://wordpress.org/themes/espresso-shop/,6.0,7.2,200
fire-fighter,"Fire Fighter",2.9,2.8,https://downloads.wordpress.org/theme/fire-fighter.2.9.zip,"2026-04-22 06:48:13",https://wordpress.org/themes/fire-fighter/,6.1,5.6,200
flex-business,"Flex Business",2.0,1.9,https://downloads.wordpress.org/theme/flex-business.2.0.zip,"2026-04-22 06:52:05",https://wordpress.org/themes/flex-business/,5.1,5.6,100
foto-blog,"Foto Blog",1.8,1.7,https://downloads.wordpress.org/theme/foto-blog.1.8.zip,"2026-04-22 06:53:09",https://wordpress.org/themes/foto-blog/,5.1,5.6,90
funeral-services,"Funeral Services",1.5,1.4,https://downloads.wordpress.org/theme/funeral-services.1.5.zip,"2026-04-22 06:47:52",https://wordpress.org/themes/funeral-services/,6.1,5.6,90
fusion-blog,"Fusion Blog",1.8,1.7,https://downloads.wordpress.org/theme/fusion-blog.1.8.zip,"2026-04-22 06:53:46",https://wordpress.org/themes/fusion-blog/,5.1,5.6,90
galaxy-preschool,"Galaxy Preschool",1.7,1.6,https://downloads.wordpress.org/theme/galaxy-preschool.1.7.zip,"2026-04-22 06:54:33",https://wordpress.org/themes/galaxy-preschool/,5.1,5.6,100
grand-academy,"Grand Academy",2.3,2.2,https://downloads.wordpress.org/theme/grand-academy.2.3.zip,"2026-04-22 06:55:18",https://wordpress.org/themes/grand-academy/,6.0,5.6,300
green-vegetable-store,"Green Vegetable Store",2.9,2.8,https://downloads.wordpress.org/theme/green-vegetable-store.2.9.zip,"2026-04-22 06:47:26",https://wordpress.org/themes/green-vegetable-store/,6.1,5.6,100
hardware-tools-store,"Hardware Tools Store",3.6,3.5,https://downloads.wordpress.org/theme/hardware-tools-store.3.6.zip,"2026-04-22 06:47:01",https://wordpress.org/themes/hardware-tools-store/,6.1,5.6,200
herbal-products-shop,"Herbal Products Shop",1.1.1,1.0.9,https://downloads.wordpress.org/theme/herbal-products-shop.1.1.1.zip,"2026-04-22 07:42:45",https://wordpress.org/themes/herbal-products-shop/,6.0,7.2,600
history-museum,"History Museum",5.2,5.1,https://downloads.wordpress.org/theme/history-museum.5.2.zip,"2026-04-22 06:46:53",https://wordpress.org/themes/history-museum/,6.1,5.6,200
honey-store,"Honey Store",2.1,2.0,https://downloads.wordpress.org/theme/honey-store.2.1.zip,"2026-04-22 06:46:23",https://wordpress.org/themes/honey-store/,6.1,5.6,100
human-resources,"Human Resources",1.0.8,1.0.6,https://downloads.wordpress.org/theme/human-resources.1.0.8.zip,"2026-04-22 07:39:05",https://wordpress.org/themes/human-resources/,6.0,7.2,500
import-export-company,"Import Export Company",1.0.9,1.0.7,https://downloads.wordpress.org/theme/import-export-company.1.0.9.zip,"2026-04-22 07:43:11",https://wordpress.org/themes/import-export-company/,6.0,7.2,300
jewelry-market,"Jewelry Market",1.0.6,1.0.4,https://downloads.wordpress.org/theme/jewelry-market.1.0.6.zip,"2026-04-22 07:44:00",https://wordpress.org/themes/jewelry-market/,6.0,7.2,40
kids-school,"Kids School",2.1,2.0,https://downloads.wordpress.org/theme/kids-school.2.1.zip,"2026-04-22 06:56:02",https://wordpress.org/themes/kids-school/,5.1,5.6,200
kids-toys-store,"Kids Toys Store",1.1.2,1.1.0,https://downloads.wordpress.org/theme/kids-toys-store.1.1.2.zip,"2026-04-22 07:44:54",https://wordpress.org/themes/kids-toys-store/,6.0,7.2,100
kourtier-blog,"Kourtier Blog",1.4,1.3,https://downloads.wordpress.org/theme/kourtier-blog.1.4.zip,"2026-04-22 06:56:40",https://wordpress.org/themes/kourtier-blog/,5.1,5.6,100
loud-music,"Loud Music",2.2,2.1,https://downloads.wordpress.org/theme/loud-music.2.2.zip,"2026-04-22 06:57:44",https://wordpress.org/themes/loud-music/,6.0,5.6,200
lz-one-page,"LZ One Page",0.5.8,0.5.7,https://downloads.wordpress.org/theme/lz-one-page.0.5.8.zip,"2026-04-22 07:35:08",https://wordpress.org/themes/lz-one-page/,,7.2,80
magic-notes,"Magic Notes",1.5,1.4,https://downloads.wordpress.org/theme/magic-notes.1.5.zip,"2026-04-22 06:58:32",https://wordpress.org/themes/magic-notes/,5.1,5.6,70
meditation-and-yoga,"Meditation And Yoga",0.6.7,0.6.6,https://downloads.wordpress.org/theme/meditation-and-yoga.0.6.7.zip,"2026-04-22 07:35:47",https://wordpress.org/themes/meditation-and-yoga/,,7.2,90
meilleur-business,"Meilleur Business",2.3,2.2,https://downloads.wordpress.org/theme/meilleur-business.2.3.zip,"2026-04-22 06:59:08",https://wordpress.org/themes/meilleur-business/,5.1,5.6,100
mirza-blog,"Mirza Blog",2.2,2.1,https://downloads.wordpress.org/theme/mirza-blog.2.2.zip,"2026-04-22 06:59:42",https://wordpress.org/themes/mirza-blog/,5.1,5.6,30
monster-business,"Monster Business",2.0,1.9,https://downloads.wordpress.org/theme/monster-business.2.0.zip,"2026-04-22 07:20:45",https://wordpress.org/themes/monster-business/,5.1,5.6,100
music-event-artist,"Music Event Artist",1.1.0,1.0.8,https://downloads.wordpress.org/theme/music-event-artist.1.1.0.zip,"2026-04-22 07:45:34",https://wordpress.org/themes/music-event-artist/,6.0,7.2,300
ngo-charity-donation,"NGO Charity Donation",9.7,9.5,https://downloads.wordpress.org/theme/ngo-charity-donation.9.7.zip,"2026-04-22 06:45:51",https://wordpress.org/themes/ngo-charity-donation/,5.0,5.6,100
niwas-resort-hotel,"Niwas Resort Hotel",0.7.5,0.7.4,https://downloads.wordpress.org/theme/niwas-resort-hotel.0.7.5.zip,"2026-04-22 07:34:35",https://wordpress.org/themes/niwas-resort-hotel/,,7.2,70
noble-band,"Noble Band",1.6,1.5,https://downloads.wordpress.org/theme/noble-band.1.6.zip,"2026-04-22 07:21:34",https://wordpress.org/themes/noble-band/,5.1,5.6,100
noble-business,"Noble Business",1.4,1.3,https://downloads.wordpress.org/theme/noble-business.1.4.zip,"2026-04-22 07:22:16",https://wordpress.org/themes/noble-business/,5.1,5.6,90
one-business-blocks,"One Business Blocks",4.7,4.6,https://downloads.wordpress.org/theme/one-business-blocks.4.7.zip,"2026-04-22 06:45:29",https://wordpress.org/themes/one-business-blocks/,6.1,5.6,2000
packers-logistic,"Packers Logistic",1.0.1,1.0.0,https://downloads.wordpress.org/theme/packers-logistic.1.0.1.zip,"2026-04-22 07:38:16",https://wordpress.org/themes/packers-logistic/,6.0,7.2,0
paws-and-care,"Paws and Care",0.1.3,0.1.2,https://downloads.wordpress.org/theme/paws-and-care.0.1.3.zip,"2026-04-22 07:22:26",https://wordpress.org/themes/paws-and-care/,6.0,7.4,30
ready-blog,"Ready Blog",1.4,1.3,https://downloads.wordpress.org/theme/ready-blog.1.4.zip,"2026-04-22 07:23:03",https://wordpress.org/themes/ready-blog/,5.1,5.6,80
rock-business,"Rock Business",1.6,1.5,https://downloads.wordpress.org/theme/rock-business.1.6.zip,"2026-04-22 07:23:42",https://wordpress.org/themes/rock-business/,5.1,5.6,100
safar-lite,"Safar Lite",1.7,1.6,https://downloads.wordpress.org/theme/safar-lite.1.7.zip,"2026-04-22 07:24:18",https://wordpress.org/themes/safar-lite/,5.1,5.6,50
saira,Saira,1.7,1.6,https://downloads.wordpress.org/theme/saira.1.7.zip,"2026-04-22 07:25:03",https://wordpress.org/themes/saira/,5.1,5.6,800
smart-kids,"Smart Kids",1.4,1.3,https://downloads.wordpress.org/theme/smart-kids.1.4.zip,"2026-04-22 07:25:50",https://wordpress.org/themes/smart-kids/,5.1,5.6,50
soft-business,"Soft Business",1.4,1.3,https://downloads.wordpress.org/theme/soft-business.1.4.zip,"2026-04-22 07:26:30",https://wordpress.org/themes/soft-business/,5.1,5.6,100
super-business,"Super Business",1.4,1.3,https://downloads.wordpress.org/theme/super-business.1.4.zip,"2026-04-22 07:27:15",https://wordpress.org/themes/super-business/,5.1,5.6,100
teesa,Teesa,1.4,1.3,https://downloads.wordpress.org/theme/teesa.1.4.zip,"2026-04-22 07:28:00",https://wordpress.org/themes/teesa/,5.1,5.6,30
travel-ace,"Travel Ace",1.7,1.6,https://downloads.wordpress.org/theme/travel-ace.1.7.zip,"2026-04-22 07:28:57",https://wordpress.org/themes/travel-ace/,,5.6,40
wisdom-academy,"Wisdom Academy",1.9,1.8,https://downloads.wordpress.org/theme/wisdom-academy.1.9.zip,"2026-04-22 07:29:50",https://wordpress.org/themes/wisdom-academy/,5.1,5.6,100
adventure-travelling,"Adventure Travelling",6.3,6.2,https://downloads.wordpress.org/theme/adventure-travelling.6.3.zip,"2026-04-22 09:02:09",https://wordpress.org/themes/adventure-travelling/,5.0,5.6,300
best-shop,"Best Shop",1.6.0,1.5.9,https://downloads.wordpress.org/theme/best-shop.1.6.0.zip,"2026-04-22 08:51:12",https://wordpress.org/themes/best-shop/,4.7,7.0,2000
blossom-woocommerce,"Blossom Woocommerce",1.0.5,1.0.4,https://downloads.wordpress.org/theme/blossom-woocommerce.1.0.5.zip,"2026-04-22 09:02:00",https://wordpress.org/themes/blossom-woocommerce/,,5.6,400
building-constructor,"Building Constructor",5.5,5.4,https://downloads.wordpress.org/theme/building-constructor.5.5.zip,"2026-04-22 09:01:31",https://wordpress.org/themes/building-constructor/,5.0,5.6,70
carpenter-workshop,"Carpenter Workshop",3.8,3.7,https://downloads.wordpress.org/theme/carpenter-workshop.3.8.zip,"2026-04-22 09:01:16",https://wordpress.org/themes/carpenter-workshop/,5.0,5.6,20
construction-engineering,"Construction Engineering",6.4,6.3,https://downloads.wordpress.org/theme/construction-engineering.6.4.zip,"2026-04-22 09:00:45",https://wordpress.org/themes/construction-engineering/,5.0,5.6,80
construction-hub,"Construction Hub",5.1,5.0,https://downloads.wordpress.org/theme/construction-hub.5.1.zip,"2026-04-22 09:00:22",https://wordpress.org/themes/construction-hub/,5.0,5.6,200
construction-renovation,"Construction Renovation",7.7,7.6,https://downloads.wordpress.org/theme/construction-renovation.7.7.zip,"2026-04-22 08:59:47",https://wordpress.org/themes/construction-renovation/,5.0,5.6,40
drinkify-lite,"Drinkify Lite",3.0.1,3.0,https://downloads.wordpress.org/theme/drinkify-lite.3.0.1.zip,"2026-04-22 09:10:03",https://wordpress.org/themes/drinkify-lite/,5.9,7.4,200
electronic-storefront,"Electronic Storefront",1.0.6,1.0.5,https://downloads.wordpress.org/theme/electronic-storefront.1.0.6.zip,"2026-04-22 09:03:32",https://wordpress.org/themes/electronic-storefront/,,5.6,100
elegant-shopping,"Elegant Shopping",1.0.4,1.0.3,https://downloads.wordpress.org/theme/elegant-shopping.1.0.4.zip,"2026-04-22 09:04:10",https://wordpress.org/themes/elegant-shopping/,,5.6,100
fitness-supplement-store,"Fitness Supplement Store",3.7,3.6,https://downloads.wordpress.org/theme/fitness-supplement-store.3.7.zip,"2026-04-22 08:59:27",https://wordpress.org/themes/fitness-supplement-store/,5.0,5.6,90
fse-church,"FSE Church",1.3.1,1.3.0,https://downloads.wordpress.org/theme/fse-church.1.3.1.zip,"2026-04-22 09:14:00",https://wordpress.org/themes/fse-church/,,5.6,200
fse-coaching-institute,"FSE Coaching Institute",1.3.3,1.3.2,https://downloads.wordpress.org/theme/fse-coaching-institute.1.3.3.zip,"2026-04-22 09:15:33",https://wordpress.org/themes/fse-coaching-institute/,,5.6,400
fse-political,"FSE Political",1.3.3,1.3.2,https://downloads.wordpress.org/theme/fse-political.1.3.3.zip,"2026-04-22 09:13:44",https://wordpress.org/themes/fse-political/,,5.6,400
fse-solar-power,"FSE Solar Power",2.3,2.2,https://downloads.wordpress.org/theme/fse-solar-power.2.3.zip,"2026-04-22 09:13:21",https://wordpress.org/themes/fse-solar-power/,,5.6,600
grand-hotel,"Grand Hotel",0.2.5,0.2.4,https://downloads.wordpress.org/theme/grand-hotel.0.2.5.zip,"2026-04-22 09:32:04",https://wordpress.org/themes/grand-hotel/,5.0,7.2,100
green-store,"Green Store",1.0.5,1.0.4,https://downloads.wordpress.org/theme/green-store.1.0.5.zip,"2026-04-22 09:05:02",https://wordpress.org/themes/green-store/,,5.6,200
hair-spa-salon,"Hair Spa Salon",3.0,2.9,https://downloads.wordpress.org/theme/hair-spa-salon.3.0.zip,"2026-04-22 08:58:43",https://wordpress.org/themes/hair-spa-salon/,5.0,5.6,50
montessori-kindergarten,"Montessori Kindergarten",2.2.4,2.2.3,https://downloads.wordpress.org/theme/montessori-kindergarten.2.2.4.zip,"2026-04-22 09:14:56",https://wordpress.org/themes/montessori-kindergarten/,,5.6,200
open-woocommerce,"Open WooCommerce",1.0.8,1.0.7,https://downloads.wordpress.org/theme/open-woocommerce.1.0.8.zip,"2026-04-22 09:09:42",https://wordpress.org/themes/open-woocommerce/,,5.6,600
paws-and-care,"Paws and Care",0.1.4,0.1.3,https://downloads.wordpress.org/theme/paws-and-care.0.1.4.zip,"2026-04-22 08:46:40",https://wordpress.org/themes/paws-and-care/,6.0,7.4,30
policyguard-insurance-services,"Policyguard Insurance Services",0.2.9,0.2.8,https://downloads.wordpress.org/theme/policyguard-insurance-services.0.2.9.zip,"2026-04-22 09:31:27",https://wordpress.org/themes/policyguard-insurance-services/,5.0,7.2,30
prime-construction,"Prime Construction",1.0.13,1.0.12,https://downloads.wordpress.org/theme/prime-construction.1.0.13.zip,"2026-04-22 09:26:36",https://wordpress.org/themes/prime-construction/,,5.6,10
shop-startup,"Shop Startup",1.0.2,1.0.1,https://downloads.wordpress.org/theme/shop-startup.1.0.2.zip,"2026-04-22 09:06:06",https://wordpress.org/themes/shop-startup/,,5.6,200
shop-woocommerce,"Shop WooCommerce",1.0.8,1.0.7,https://downloads.wordpress.org/theme/shop-woocommerce.1.0.8.zip,"2026-04-22 09:11:49",https://wordpress.org/themes/shop-woocommerce/,,5.6,200
startup-consultant,"Startup Consultant",1.1.7,1.1.6,https://downloads.wordpress.org/theme/startup-consultant.1.1.7.zip,"2026-04-22 09:16:41",https://wordpress.org/themes/startup-consultant/,,5.6,400
store-woocommerce,"Store WooCommerce",1.0.3,1.0.2,https://downloads.wordpress.org/theme/store-woocommerce.1.0.3.zip,"2026-04-22 09:12:46",https://wordpress.org/themes/store-woocommerce/,,5.6,200
tech-storefront,"Tech Storefront",1.0.3,1.0.2,https://downloads.wordpress.org/theme/tech-storefront.1.0.3.zip,"2026-04-22 09:06:33",https://wordpress.org/themes/tech-storefront/,,5.6,200
wind-energy,"Wind Energy",2.3.1,2.3.0,https://downloads.wordpress.org/theme/wind-energy.2.3.1.zip,"2026-04-22 09:49:41",https://wordpress.org/themes/wind-energy/,5.4,7.2,30
architecture-studio,"Architecture Studio",1.0.1,,https://downloads.wordpress.org/theme/architecture-studio.1.0.1.zip,"2026-04-22 09:13:02",https://wordpress.org/themes/architecture-studio/,,7.4,0
construction-arc,"Construction Arc",1.0.0,,https://downloads.wordpress.org/theme/construction-arc.1.0.0.zip,"2026-04-22 09:02:39",https://wordpress.org/themes/construction-arc/,6.4,7.2,0
corporate-consultancy,"Corporate Consultancy",1.1,,https://downloads.wordpress.org/theme/corporate-consultancy.1.1.zip,"2026-04-22 09:02:20",https://wordpress.org/themes/corporate-consultancy/,5.5,7.2,0
green-nursery,"Green Nursery",1.0.0,,https://downloads.wordpress.org/theme/green-nursery.1.0.0.zip,"2026-04-22 09:02:29",https://wordpress.org/themes/green-nursery/,5.3,5.6,0
gsect,Gsect,1.0.3,,https://downloads.wordpress.org/theme/gsect.1.0.3.zip,"2026-04-22 09:01:53",https://wordpress.org/themes/gsect/,,5.3,0
hotel-26,"Hotel 26",1.0,,https://downloads.wordpress.org/theme/hotel-26.1.0.zip,"2026-04-22 09:03:06",https://wordpress.org/themes/hotel-26/,4.7,5.6,0
logistics-firm,"Logistics Firm",1.0,,https://downloads.wordpress.org/theme/logistics-firm.1.0.zip,"2026-04-22 09:02:11",https://wordpress.org/themes/logistics-firm/,6.1,7.2,0
lyra-ai,"Lyra AI",1.2.0,,https://downloads.wordpress.org/theme/lyra-ai.1.2.0.zip,"2026-04-22 09:02:01",https://wordpress.org/themes/lyra-ai/,6.0,7.4,0
mohi,MOHI,1.0.9,,https://downloads.wordpress.org/theme/mohi.1.0.9.zip,"2026-04-22 09:01:36",https://wordpress.org/themes/mohi/,6.0,7.4,0
oak-st,"Oak St",1.0.0,,https://downloads.wordpress.org/theme/oak-st.1.0.0.zip,"2026-04-22 09:02:48",https://wordpress.org/themes/oak-st/,6.4,7.4,0
shopvibe,ShopVibe,1.0.0,,https://downloads.wordpress.org/theme/shopvibe.1.0.0.zip,"2026-04-22 09:02:57",https://wordpress.org/themes/shopvibe/,6.0,7.4,0
aerial-drone,"Aerial Drone",1.2.4,1.2.3,https://downloads.wordpress.org/theme/aerial-drone.1.2.4.zip,"2026-04-22 09:55:50",https://wordpress.org/themes/aerial-drone/,5.3,7.2,60
auto-parts-garage,"Auto Parts Garage",0.8.8,0.8.7,https://downloads.wordpress.org/theme/auto-parts-garage.0.8.8.zip,"2026-04-22 10:34:33",https://wordpress.org/themes/auto-parts-garage/,5.0,7.2,300
business-classified-ads,"Business Classified Ads",1.1.9,1.1.8,https://downloads.wordpress.org/theme/business-classified-ads.1.1.9.zip,"2026-04-22 09:55:17",https://wordpress.org/themes/business-classified-ads/,5.3,7.2,50
business-landing-page,"Business Landing Page",0.6.2,0.6.1,https://downloads.wordpress.org/theme/business-landing-page.0.6.2.zip,"2026-04-22 10:34:38",https://wordpress.org/themes/business-landing-page/,5.0,7.2,100
charity-nonprofit,"Charity Nonprofit",1.1.9,1.1.8,https://downloads.wordpress.org/theme/charity-nonprofit.1.1.9.zip,"2026-04-22 09:54:24",https://wordpress.org/themes/charity-nonprofit/,5.5,7.2,50
charity-trust,"Charity Trust",1.4,1.3,https://downloads.wordpress.org/theme/charity-trust.1.4.zip,"2026-04-22 11:12:07",https://wordpress.org/themes/charity-trust/,5.9,5.6,60
construction-arc,"Construction Arc",1.0.1,1.0.0,https://downloads.wordpress.org/theme/construction-arc.1.0.1.zip,"2026-04-22 09:59:05",https://wordpress.org/themes/construction-arc/,6.4,7.2,0
deals-store,"Deals Store",1.4,1.3,https://downloads.wordpress.org/theme/deals-store.1.4.zip,"2026-04-22 11:12:35",https://wordpress.org/themes/deals-store/,5.9,5.6,100
digital-media,"Digital Media",1.2.4,1.2.3,https://downloads.wordpress.org/theme/digital-media.1.2.4.zip,"2026-04-22 09:54:05",https://wordpress.org/themes/digital-media/,5.3,7.2,30
ecommerce-landing-page,"Ecommerce Landing Page",0.7.5,0.7.4,https://downloads.wordpress.org/theme/ecommerce-landing-page.0.7.5.zip,"2026-04-22 10:36:42",https://wordpress.org/themes/ecommerce-landing-page/,5.0,7.2,100
educational-landing-page,"Educational Landing Page",0.5.1,0.5.0,https://downloads.wordpress.org/theme/educational-landing-page.0.5.1.zip,"2026-04-22 10:41:52",https://wordpress.org/themes/educational-landing-page/,5.0,7.2,200
fitness-gym-coach,"Fitness Gym Coach",2.5,2.4,https://downloads.wordpress.org/theme/fitness-gym-coach.2.5.zip,"2026-04-22 11:13:32",https://wordpress.org/themes/fitness-gym-coach/,5.9,5.6,40
fitness-instructor,"Fitness Instructor",1.0.3,1.0.2,https://downloads.wordpress.org/theme/fitness-instructor.1.0.3.zip,"2026-04-22 11:13:36",https://wordpress.org/themes/fitness-instructor/,5.9,7.2,10
florist-flower-shop,"Florist Flower Shop",1.1.1,1.1.0,https://downloads.wordpress.org/theme/florist-flower-shop.1.1.1.zip,"2026-04-22 10:42:48",https://wordpress.org/themes/florist-flower-shop/,5.0,7.2,100
food-grocery-store,"Food Grocery Store",1.3.2,1.3.1,https://downloads.wordpress.org/theme/food-grocery-store.1.3.2.zip,"2026-04-22 10:46:11",https://wordpress.org/themes/food-grocery-store/,5.0,7.2,300
garden-landscaping,"Garden Landscaping",2.8.2,2.8.1,https://downloads.wordpress.org/theme/garden-landscaping.2.8.2.zip,"2026-04-22 10:37:54",https://wordpress.org/themes/garden-landscaping/,5.0,7.2,100
glam-fashion-blog,"Glam Fashion Blog",3.0,2.9,https://downloads.wordpress.org/theme/glam-fashion-blog.3.0.zip,"2026-04-22 11:14:40",https://wordpress.org/themes/glam-fashion-blog/,5.9,5.6,90
health-care-center,"Health Care Center",1.2.1,1.2.0,https://downloads.wordpress.org/theme/health-care-center.1.2.1.zip,"2026-04-22 09:53:32",https://wordpress.org/themes/health-care-center/,5.3,7.2,0
hotel-26,"Hotel 26",1.1,1.0,https://downloads.wordpress.org/theme/hotel-26.1.1.zip,"2026-04-22 10:57:42",https://wordpress.org/themes/hotel-26/,4.7,5.6,0
ice-cream-dish,"Ice Cream Dish",3.7,3.5,https://downloads.wordpress.org/theme/ice-cream-dish.3.7.zip,"2026-04-22 11:15:20",https://wordpress.org/themes/ice-cream-dish/,5.9,5.6,30
lms-education-courses,"LMS Education Courses",0.6.1,0.6.0,https://downloads.wordpress.org/theme/lms-education-courses.0.6.1.zip,"2026-04-22 10:47:21",https://wordpress.org/themes/lms-education-courses/,5.0,7.2,200
medical-landing-page,"Medical Landing Page",0.5.2,0.5.1,https://downloads.wordpress.org/theme/medical-landing-page.0.5.2.zip,"2026-04-22 10:38:45",https://wordpress.org/themes/medical-landing-page/,5.0,7.2,100
multi-sports-club,"Multi Sports Club",1.1.9,1.1.8,https://downloads.wordpress.org/theme/multi-sports-club.1.1.9.zip,"2026-04-22 09:52:54",https://wordpress.org/themes/multi-sports-club/,5.3,7.2,100
news-channel,"News Channel",1.2.1,1.2.0,https://downloads.wordpress.org/theme/news-channel.1.2.1.zip,"2026-04-22 09:52:22",https://wordpress.org/themes/news-channel/,5.3,7.2,60
omega-digital-store,"Omega Digital Store",1.2.0,1.1.9,https://downloads.wordpress.org/theme/omega-digital-store.1.2.0.zip,"2026-04-22 09:51:49",https://wordpress.org/themes/omega-digital-store/,5.3,5.6,80
omega-food-delivery,"Omega Food Delivery",1.2.0,1.1.9,https://downloads.wordpress.org/theme/omega-food-delivery.1.2.0.zip,"2026-04-22 09:51:15",https://wordpress.org/themes/omega-food-delivery/,5.3,7.2,50
online-bakery-shop,"Online Bakery Shop",1.1.9,1.1.8,https://downloads.wordpress.org/theme/online-bakery-shop.1.1.9.zip,"2026-04-22 09:50:44",https://wordpress.org/themes/online-bakery-shop/,5.5,7.2,100
pet-care-store,"Pet Care Store",1.0.2,1.0.1,https://downloads.wordpress.org/theme/pet-care-store.1.0.2.zip,"2026-04-22 11:15:38",https://wordpress.org/themes/pet-care-store/,5.9,5.6,20
school-classroom,"School Classroom",3.8,3.6,https://downloads.wordpress.org/theme/school-classroom.3.8.zip,"2026-04-22 11:16:31",https://wordpress.org/themes/school-classroom/,5.9,5.6,200
services-landing-page,"Services Landing Page",0.5.0,0.4.9,https://downloads.wordpress.org/theme/services-landing-page.0.5.0.zip,"2026-04-22 10:39:36",https://wordpress.org/themes/services-landing-page/,5.0,7.2,100
stylish-brand-shop,"Stylish Brand Shop",3.7,3.5,https://downloads.wordpress.org/theme/stylish-brand-shop.3.7.zip,"2026-04-22 11:16:48",https://wordpress.org/themes/stylish-brand-shop/,5.9,5.6,100
the-business-blocks,"The Business Blocks",1.6,1.3,https://downloads.wordpress.org/theme/the-business-blocks.1.6.zip,"2026-04-22 11:18:20",https://wordpress.org/themes/the-business-blocks/,5.9,5.6,60
travel-destination,"Travel Destination",1.2.1,1.2.0,https://downloads.wordpress.org/theme/travel-destination.1.2.1.zip,"2026-04-22 09:50:13",https://wordpress.org/themes/travel-destination/,5.3,7.2,60
trendy-fashion-outfits,"Trendy Fashion Outfits",3.7,3.4,https://downloads.wordpress.org/theme/trendy-fashion-outfits.3.7.zip,"2026-04-22 11:18:33",https://wordpress.org/themes/trendy-fashion-outfits/,5.9,5.6,100
vaccination-center,"Vaccination Center",3.3,3.1,https://downloads.wordpress.org/theme/vaccination-center.3.3.zip,"2026-04-22 11:19:24",https://wordpress.org/themes/vaccination-center/,5.9,5.6,40
vw-ecommerce-store,"VW Ecommerce Store",1.6.0,1.5.9,https://downloads.wordpress.org/theme/vw-ecommerce-store.1.6.0.zip,"2026-04-22 11:03:07",https://wordpress.org/themes/vw-ecommerce-store/,5.0,7.2,400
vw-gardening-landscaping,"VW Gardening Landscaping",1.8.1,1.8.0,https://downloads.wordpress.org/theme/vw-gardening-landscaping.1.8.1.zip,"2026-04-22 10:41:09",https://wordpress.org/themes/vw-gardening-landscaping/,5.0,7.2,800
vw-hosting-services,"VW Hosting Services",0.6.3,0.6.2,https://downloads.wordpress.org/theme/vw-hosting-services.0.6.3.zip,"2026-04-22 10:42:27",https://wordpress.org/themes/vw-hosting-services/,5.0,7.2,300
vw-job-board,"VW Job Board",0.9.6,0.9.5,https://downloads.wordpress.org/theme/vw-job-board.0.9.6.zip,"2026-04-22 11:03:51",https://wordpress.org/themes/vw-job-board/,5.0,7.2,300
vw-kids,"VW Kids",1.6.7,1.6.6,https://downloads.wordpress.org/theme/vw-kids.1.6.7.zip,"2026-04-22 11:04:27",https://wordpress.org/themes/vw-kids/,5.0,7.2,500
courier-company,"Courier Company",1.0.3,,https://downloads.wordpress.org/theme/courier-company.1.0.3.zip,"2026-04-22 11:01:32",https://wordpress.org/themes/courier-company/,5.9,5.6,0
gigantic-builder,"Gigantic Builder",1.0.1,,https://downloads.wordpress.org/theme/gigantic-builder.1.0.1.zip,"2026-04-22 10:01:27",https://wordpress.org/themes/gigantic-builder/,6.0,5.6,0
handmade-craft,"Handmade Craft",1.0,,https://downloads.wordpress.org/theme/handmade-craft.1.0.zip,"2026-04-22 10:32:13",https://wordpress.org/themes/handmade-craft/,,7.4,0
broker-agency,"Broker Agency",1.8,1.7,https://downloads.wordpress.org/theme/broker-agency.1.8.zip,"2026-04-22 12:17:00",https://wordpress.org/themes/broker-agency/,6.1,7.2,100
digital-services-company,"Digital Services Company",1.0.7,1.0.6,https://downloads.wordpress.org/theme/digital-services-company.1.0.7.zip,"2026-04-22 12:16:21",https://wordpress.org/themes/digital-services-company/,6.1,7.2,100
driftor,Driftor,1.0.1,1.0,https://downloads.wordpress.org/theme/driftor.1.0.1.zip,"2026-04-22 11:38:33",https://wordpress.org/themes/driftor/,6.7,7.2,30
ecommerce-trendy-outfits,"Ecommerce Trendy Outfits",2.4,2.3,https://downloads.wordpress.org/theme/ecommerce-trendy-outfits.2.4.zip,"2026-04-22 12:16:09",https://wordpress.org/themes/ecommerce-trendy-outfits/,6.1,7.2,200
family-photographer,"Family Photographer",2.4,2.3,https://downloads.wordpress.org/theme/family-photographer.2.4.zip,"2026-04-22 12:15:48",https://wordpress.org/themes/family-photographer/,6.1,7.2,100
florist-blocks,"Florist Blocks",1.9,1.8,https://downloads.wordpress.org/theme/florist-blocks.1.9.zip,"2026-04-22 12:15:29",https://wordpress.org/themes/florist-blocks/,6.1,7.2,40
fse-green,"FSE Green",1.6,1.5,https://downloads.wordpress.org/theme/fse-green.1.6.zip,"2026-04-22 12:15:14",https://wordpress.org/themes/fse-green/,6.1,7.2,100
hq-pages,"Hq Pages",1.0.61,1.0.60,https://downloads.wordpress.org/theme/hq-pages.1.0.61.zip,"2026-04-22 11:25:03",https://wordpress.org/themes/hq-pages/,6.4,7.4,40
lightning,Lightning,15.35.0,15.34.1,https://downloads.wordpress.org/theme/lightning.15.35.0.zip,"2026-04-22 13:59:00",https://wordpress.org/themes/lightning/,6.5,7.4,100000
organic-honey,"Organic Honey",1.8,1.7,https://downloads.wordpress.org/theme/organic-honey.1.8.zip,"2026-04-22 12:14:46",https://wordpress.org/themes/organic-honey/,6.1,7.2,60
organic-store,"Organic Store",2.5,2.4,https://downloads.wordpress.org/theme/organic-store.2.5.zip,"2026-04-22 12:14:29",https://wordpress.org/themes/organic-store/,6.1,7.2,100
readers-digest,"Readers Digest",2.0,1.9,https://downloads.wordpress.org/theme/readers-digest.2.0.zip,"2026-04-22 12:14:14",https://wordpress.org/themes/readers-digest/,6.1,7.2,20
titan-tools-center,"Titan Tools center",2.1,2.0,https://downloads.wordpress.org/theme/titan-tools-center.2.1.zip,"2026-04-22 12:14:00",https://wordpress.org/themes/titan-tools-center/,6.1,7.2,100
united-lite,"United Lite",1.2.3,1.2.2,https://downloads.wordpress.org/theme/united-lite.1.2.3.zip,"2026-04-22 11:49:12",https://wordpress.org/themes/united-lite/,6.7,7.2,40
web-designer-blocks,"Web Designer Blocks",1.5,1.4,https://downloads.wordpress.org/theme/web-designer-blocks.1.5.zip,"2026-04-22 12:13:39",https://wordpress.org/themes/web-designer-blocks/,6.1,7.2,60
web-designer-courses,"Web Designer Courses",1.5,1.4,https://downloads.wordpress.org/theme/web-designer-courses.1.5.zip,"2026-04-22 12:13:14",https://wordpress.org/themes/web-designer-courses/,6.1,7.2,30
acronix,Acronix,2.0.8,2.0.7,https://downloads.wordpress.org/theme/acronix.2.0.8.zip,"2026-04-22 14:11:12",https://wordpress.org/themes/acronix/,,5.6,50
aera,Aera,18.4,18.3,https://downloads.wordpress.org/theme/aera.18.4.zip,"2026-04-22 14:08:49",https://wordpress.org/themes/aera/,4.7,5.6,400
ameya,Ameya,18.3,18.2,https://downloads.wordpress.org/theme/ameya.18.3.zip,"2026-04-22 14:08:21",https://wordpress.org/themes/ameya/,4.7,5.6,500
arbuda,Arbuda,18.2,18.1,https://downloads.wordpress.org/theme/arbuda.18.2.zip,"2026-04-22 14:17:55",https://wordpress.org/themes/arbuda/,4.7,5.6,200
belltech,Belltech,18.2,18.1,https://downloads.wordpress.org/theme/belltech.18.2.zip,"2026-04-22 14:17:14",https://wordpress.org/themes/belltech/,4.7,5.6,50
builderse,Builderse,16.6,16.5,https://downloads.wordpress.org/theme/builderse.16.6.zip,"2026-04-22 14:15:59",https://wordpress.org/themes/builderse/,4.7,5.6,100
colorflow,ColorFlow,7.6,7.5,https://downloads.wordpress.org/theme/colorflow.7.6.zip,"2026-04-22 14:14:13",https://wordpress.org/themes/colorflow/,4.7,5.6,50
eractor,Eractor,16.2,16.1,https://downloads.wordpress.org/theme/eractor.16.2.zip,"2026-04-22 14:12:59",https://wordpress.org/themes/eractor/,4.7,5.6,100
fiona-food,"Fiona Food",18.4,18.3,https://downloads.wordpress.org/theme/fiona-food.18.4.zip,"2026-04-22 14:12:15",https://wordpress.org/themes/fiona-food/,4.7,5.6,60
home-roofing-services,"Home Roofing Services",0.2.3,0.2.2,https://downloads.wordpress.org/theme/home-roofing-services.0.2.3.zip,"2026-04-22 15:02:18",https://wordpress.org/themes/home-roofing-services/,,5.6,30
medisafe,Medisafe,2.7,2.6,https://downloads.wordpress.org/theme/medisafe.2.7.zip,"2026-04-22 14:11:33",https://wordpress.org/themes/medisafe/,4.7,5.6,30
news25-prime,"News25 Prime",2.3,2.2,https://downloads.wordpress.org/theme/news25-prime.2.3.zip,"2026-04-22 14:13:40",https://wordpress.org/themes/news25-prime/,4.7,5.6,100
online-clothing-shop,"Online Clothing Shop",0.2.3,0.2.2,https://downloads.wordpress.org/theme/online-clothing-shop.0.2.3.zip,"2026-04-22 15:03:27",https://wordpress.org/themes/online-clothing-shop/,,5.6,100
startbiz,StartBiz,19.2,19.1,https://downloads.wordpress.org/theme/startbiz.19.2.zip,"2026-04-22 14:15:15",https://wordpress.org/themes/startbiz/,4.7,5.6,400
varuda,Varuda,18.3,18.2,https://downloads.wordpress.org/theme/varuda.18.3.zip,"2026-04-22 14:14:39",https://wordpress.org/themes/varuda/,4.7,5.6,200
fairtimes,Fairtimes,1.0.5,1.0.4,https://downloads.wordpress.org/theme/fairtimes.1.0.5.zip,"2026-04-22 17:05:26",https://wordpress.org/themes/fairtimes/,5.0,5.6,10
juju-blog,"Juju Blog",1.0.6,1.0.5,https://downloads.wordpress.org/theme/juju-blog.1.0.6.zip,"2026-04-22 17:06:38",https://wordpress.org/themes/juju-blog/,5.0,5.6,30
kompany,Kompany,1.0.5,1.0.4,https://downloads.wordpress.org/theme/kompany.1.0.5.zip,"2026-04-22 17:06:03",https://wordpress.org/themes/kompany/,5.0,5.6,40
lusy-photography-portfolio,"Lusy Photography Portfolio",1.0.2,1.0.1,https://downloads.wordpress.org/theme/lusy-photography-portfolio.1.0.2.zip,"2026-04-22 16:00:27",https://wordpress.org/themes/lusy-photography-portfolio/,,5.6,50
pushpa,Pushpa,1.0.5,1.0.4,https://downloads.wordpress.org/theme/pushpa.1.0.5.zip,"2026-04-22 17:07:15",https://wordpress.org/themes/pushpa/,,5.6,10
travelism,Travelism,1.0.6,1.0.5,https://downloads.wordpress.org/theme/travelism.1.0.6.zip,"2026-04-22 17:04:22",https://wordpress.org/themes/travelism/,5.0,5.6,40
bio-green-farm,"Bio Green Farm",1.0,,https://downloads.wordpress.org/theme/bio-green-farm.1.0.zip,"2026-04-22 16:46:15",https://wordpress.org/themes/bio-green-farm/,5.9,7.2,0
architecture-construction,"Architecture Construction",4.8,4.7,https://downloads.wordpress.org/theme/architecture-construction.4.8.zip,"2026-04-22 17:34:26",https://wordpress.org/themes/architecture-construction/,,5.6,90
blacknews,BlackNews,1.1.31,1.1.30,https://downloads.wordpress.org/theme/blacknews.1.1.31.zip,"2026-04-22 17:44:17",https://wordpress.org/themes/blacknews/,4.0,5.0,600
boutique-shop,"Boutique Shop",3.5,3.4,https://downloads.wordpress.org/theme/boutique-shop.3.5.zip,"2026-04-22 17:33:11",https://wordpress.org/themes/boutique-shop/,5.1,7.2,20
celebnews,CelebNews,1.1.30,1.1.29,https://downloads.wordpress.org/theme/celebnews.1.1.30.zip,"2026-04-22 17:44:42",https://wordpress.org/themes/celebnews/,4.0,5.0,1000
centralnews,CentralNews,2.1.29,2.1.28,https://downloads.wordpress.org/theme/centralnews.2.1.29.zip,"2026-04-22 17:45:10",https://wordpress.org/themes/centralnews/,4.0,5.0,2000
charity-funds,"Charity Funds",4.6,4.5,https://downloads.wordpress.org/theme/charity-funds.4.6.zip,"2026-04-22 17:31:43",https://wordpress.org/themes/charity-funds/,,7.4,30
corpnews,CorpNews,1.0.26,1.0.25,https://downloads.wordpress.org/theme/corpnews.1.0.26.zip,"2026-04-22 17:45:42",https://wordpress.org/themes/corpnews/,4.0,5.0,1000
dog-groomer,"Dog Groomer",3.7,3.6,https://downloads.wordpress.org/theme/dog-groomer.3.7.zip,"2026-04-22 17:31:25",https://wordpress.org/themes/dog-groomer/,,7.0,20
fine-dining-restaurant,"Fine Dining Restaurant",3.6,3.5,https://downloads.wordpress.org/theme/fine-dining-restaurant.3.6.zip,"2026-04-22 17:30:43",https://wordpress.org/themes/fine-dining-restaurant/,,7.0,40
furniture-decor,"Furniture Decor",4.8,4.6,https://downloads.wordpress.org/theme/furniture-decor.4.8.zip,"2026-04-22 17:30:07",https://wordpress.org/themes/furniture-decor/,,5.6,50
gamernews,GamerNews,1.1.29,1.1.28,https://downloads.wordpress.org/theme/gamernews.1.1.29.zip,"2026-04-22 17:46:08",https://wordpress.org/themes/gamernews/,4.0,5.0,1000
general-news,"General News",1.1.29,1.1.28,https://downloads.wordpress.org/theme/general-news.1.1.29.zip,"2026-04-22 17:46:34",https://wordpress.org/themes/general-news/,4.0,5.0,1000
globalnews,GlobalNews,1.1.30,1.1.29,https://downloads.wordpress.org/theme/globalnews.1.1.30.zip,"2026-04-22 17:47:00",https://wordpress.org/themes/globalnews/,4.0,5.0,700
kids-toy-center,"Kids Toy Center",3.6,3.5,https://downloads.wordpress.org/theme/kids-toy-center.3.6.zip,"2026-04-22 17:26:44",https://wordpress.org/themes/kids-toy-center/,,7.0,30
life-coach-agency,"Life Coach Agency",4.5,4.4,https://downloads.wordpress.org/theme/life-coach-agency.4.5.zip,"2026-04-22 17:26:25",https://wordpress.org/themes/life-coach-agency/,,5.6,40
moreblog,MoreBlog,1.1.29,1.1.28,https://downloads.wordpress.org/theme/moreblog.1.1.29.zip,"2026-04-22 17:47:27",https://wordpress.org/themes/moreblog/,4.0,5.0,900
moremag,MoreMag,1.3.29,1.3.28,https://downloads.wordpress.org/theme/moremag.1.3.29.zip,"2026-04-22 17:47:50",https://wordpress.org/themes/moremag/,4.0,5.0,1000
news-press-release,"News Press Release",4.6,4.5,https://downloads.wordpress.org/theme/news-press-release.4.6.zip,"2026-04-22 17:28:16",https://wordpress.org/themes/news-press-release/,,5.6,70
newscom,NewsCom,1.0.8,1.0.7,https://downloads.wordpress.org/theme/newscom.1.0.8.zip,"2026-04-22 17:48:15",https://wordpress.org/themes/newscom/,4.0,5.0,500
newscorp,NewsCorp,1.1.29,1.1.28,https://downloads.wordpress.org/theme/newscorp.1.1.29.zip,"2026-04-22 17:48:38",https://wordpress.org/themes/newscorp/,4.0,5.0,1000
newsday,NewsDay,1.1.29,1.1.28,https://downloads.wordpress.org/theme/newsday.1.1.29.zip,"2026-04-22 17:49:01",https://wordpress.org/themes/newsday/,4.0,5.0,900
newsgame,NewsGame,1.0.28,1.0.27,https://downloads.wordpress.org/theme/newsgame.1.0.28.zip,"2026-04-22 17:49:24",https://wordpress.org/themes/newsgame/,4.0,5.0,900
newsical,Newsical,1.1.30,1.1.29,https://downloads.wordpress.org/theme/newsical.1.1.30.zip,"2026-04-22 17:49:48",https://wordpress.org/themes/newsical/,4.0,5.0,400
newslight,NewsLight,1.1.29,1.1.28,https://downloads.wordpress.org/theme/newslight.1.1.29.zip,"2026-04-22 17:50:15",https://wordpress.org/themes/newslight/,4.0,5.0,1000
newsmore,NewsMore,1.3.30,1.3.29,https://downloads.wordpress.org/theme/newsmore.1.3.30.zip,"2026-04-22 17:50:40",https://wordpress.org/themes/newsmore/,4.0,5.0,1000
newsplace,NewsPlace,1.1.30,1.1.29,https://downloads.wordpress.org/theme/newsplace.1.1.30.zip,"2026-04-22 17:51:05",https://wordpress.org/themes/newsplace/,4.0,5.0,700
newsreview,NewsReview,1.0.14,1.0.13,https://downloads.wordpress.org/theme/newsreview.1.0.14.zip,"2026-04-22 17:51:28",https://wordpress.org/themes/newsreview/,4.0,5.0,900
plumber-handyman-lite,"Plumber Handyman Lite",1.7,1.6,https://downloads.wordpress.org/theme/plumber-handyman-lite.1.7.zip,"2026-04-22 17:24:56",https://wordpress.org/themes/plumber-handyman-lite/,,7.0,10
reviewmag,ReviewMag,1.0.12,1.0.11,https://downloads.wordpress.org/theme/reviewmag.1.0.12.zip,"2026-04-22 17:51:53",https://wordpress.org/themes/reviewmag/,4.0,5.0,300
shoes-footwear,"Shoes Footwear",1.1,1.0,https://downloads.wordpress.org/theme/shoes-footwear.1.1.zip,"2026-04-22 17:35:19",https://wordpress.org/themes/shoes-footwear/,,7.2,0
sidenews,SideNews,1.1.29,1.1.28,https://downloads.wordpress.org/theme/sidenews.1.1.29.zip,"2026-04-22 17:52:15",https://wordpress.org/themes/sidenews/,4.0,5.0,500
dark-photography,"Dark Photography",6.4,6.3,https://downloads.wordpress.org/theme/dark-photography.6.4.zip,"2026-04-22 19:02:44",https://wordpress.org/themes/dark-photography/,5.0,7.2,80
engineering-manufacturing,"Engineering Manufacturing",5.9,5.8,https://downloads.wordpress.org/theme/engineering-manufacturing.5.9.zip,"2026-04-22 19:04:56",https://wordpress.org/themes/engineering-manufacturing/,5.0,7.2,50
grocery-shopping,"Grocery Shopping",5.9,5.8,https://downloads.wordpress.org/theme/grocery-shopping.5.9.zip,"2026-04-22 19:02:03",https://wordpress.org/themes/grocery-shopping/,5.0,7.2,90
laundry-dry-cleaning,"Laundry Dry Cleaning",6.1,6.0,https://downloads.wordpress.org/theme/laundry-dry-cleaning.6.1.zip,"2026-04-22 19:00:34",https://wordpress.org/themes/laundry-dry-cleaning/,5.0,7.2,50
lms-academy,"LMS Academy",1.1,1.0,https://downloads.wordpress.org/theme/lms-academy.1.1.zip,"2026-04-22 19:00:02",https://wordpress.org/themes/lms-academy/,5.0,7.2,40
lms-education-university,"LMS Education University",7.5,7.4,https://downloads.wordpress.org/theme/lms-education-university.7.5.zip,"2026-04-22 18:59:26",https://wordpress.org/themes/lms-education-university/,5.0,7.2,70
neovantage,NEOVANTAGE,2.0.12,2.0.11,https://downloads.wordpress.org/theme/neovantage.2.0.12.zip,"2026-04-22 19:26:16",https://wordpress.org/themes/neovantage/,,8.0,0
psychologist-therapy,"Psychologist Therapy",6.2,6.1,https://downloads.wordpress.org/theme/psychologist-therapy.6.2.zip,"2026-04-22 18:59:14",https://wordpress.org/themes/psychologist-therapy/,5.0,7.2,100
real-esatate-property,"Real Esatate Property",5.7,5.6,https://downloads.wordpress.org/theme/real-esatate-property.5.7.zip,"2026-04-22 18:58:34",https://wordpress.org/themes/real-esatate-property/,5.0,7.2,50
taxi-booking,"Taxi Booking",6.2,6.1,https://downloads.wordpress.org/theme/taxi-booking.6.2.zip,"2026-04-22 18:57:53",https://wordpress.org/themes/taxi-booking/,5.0,7.2,300
web-hosting-lite,"Web Hosting Lite",6.0,5.9,https://downloads.wordpress.org/theme/web-hosting-lite.6.0.zip,"2026-04-22 18:57:00",https://wordpress.org/themes/web-hosting-lite/,5.0,7.2,100
lyra-ai,"Lyra AI",1.2.1,1.2.0,https://downloads.wordpress.org/theme/lyra-ai.1.2.1.zip,"2026-04-22 20:27:13",https://wordpress.org/themes/lyra-ai/,6.0,7.4,0
animal-sanctuary,"Animal Sanctuary",1.1,1.0,https://downloads.wordpress.org/theme/animal-sanctuary.1.1.zip,"2026-04-23 03:21:11",https://wordpress.org/themes/animal-sanctuary/,5.5,5.6,20
carpets-and-rugs,"Carpets and Rugs",1.0.3,1.0.2,https://downloads.wordpress.org/theme/carpets-and-rugs.1.0.3.zip,"2026-04-23 03:20:53",https://wordpress.org/themes/carpets-and-rugs/,5.5,7.2,40
charity-support,"Charity Support",1.1.8,1.1.7,https://downloads.wordpress.org/theme/charity-support.1.1.8.zip,"2026-04-23 03:22:27",https://wordpress.org/themes/charity-support/,5.5,5.6,30
construction-equipments,"Construction Equipments",1.3,1.2,https://downloads.wordpress.org/theme/construction-equipments.1.3.zip,"2026-04-23 03:20:08",https://wordpress.org/themes/construction-equipments/,5.5,5.6,20
legal-services-firm,"Legal Services Firm",1.9.1,1.9,https://downloads.wordpress.org/theme/legal-services-firm.1.9.1.zip,"2026-04-23 03:20:25",https://wordpress.org/themes/legal-services-firm/,5.5,7.2,60
local-business-directory,"Local Business Directory",1.5.1,1.5.0,https://downloads.wordpress.org/theme/local-business-directory.1.5.1.zip,"2026-04-23 03:19:26",https://wordpress.org/themes/local-business-directory/,5.5,7.2,80
massage-wellness-retreat,"Massage Wellness Retreat",1.3.5,1.3.4,https://downloads.wordpress.org/theme/massage-wellness-retreat.1.3.5.zip,"2026-04-23 03:18:56",https://wordpress.org/themes/massage-wellness-retreat/,5.5,7.2,90
news-current-affair,"News Current Affair",1.7.1,1.7,https://downloads.wordpress.org/theme/news-current-affair.1.7.1.zip,"2026-04-23 03:17:53",https://wordpress.org/themes/news-current-affair/,5.5,7.2,200
rental-estate-realtor,"Rental Estate Realtor",1.2.3,1.2.2,https://downloads.wordpress.org/theme/rental-estate-realtor.1.2.3.zip,"2026-04-23 03:17:28",https://wordpress.org/themes/rental-estate-realtor/,5.5,7.2,70
surgical-hospital,"Surgical Hospital",1.7.1,1.7.0,https://downloads.wordpress.org/theme/surgical-hospital.1.7.1.zip,"2026-04-23 03:16:57",https://wordpress.org/themes/surgical-hospital/,5.5,7.2,40
the-storefront-woocommerce,"The Storefront Woocommerce",2.1,2.0,https://downloads.wordpress.org/theme/the-storefront-woocommerce.2.1.zip,"2026-04-23 03:16:31",https://wordpress.org/themes/the-storefront-woocommerce/,5.5,5.6,400
travel-tourist,"Travel Tourist",1.2.2,1.2.1,https://downloads.wordpress.org/theme/travel-tourist.1.2.2.zip,"2026-04-23 03:16:13",https://wordpress.org/themes/travel-tourist/,5.5,7.2,80
art-and-craft,"Art And Craft",3.0,2.9,https://downloads.wordpress.org/theme/art-and-craft.3.0.zip,"2026-04-23 05:46:06",https://wordpress.org/themes/art-and-craft/,6.1,5.6,400
beauty-salon-spa,"Beauty Salon Spa",7.4,7.2,https://downloads.wordpress.org/theme/beauty-salon-spa.7.4.zip,"2026-04-23 05:45:47",https://wordpress.org/themes/beauty-salon-spa/,5.0,5.6,100
camera-rental,"Camera Rental",3.0,2.9,https://downloads.wordpress.org/theme/camera-rental.3.0.zip,"2026-04-23 05:45:16",https://wordpress.org/themes/camera-rental/,6.1,5.6,100
candles-shop,"Candles Shop",2.0,1.9,https://downloads.wordpress.org/theme/candles-shop.2.0.zip,"2026-04-23 05:44:05",https://wordpress.org/themes/candles-shop/,6.1,5.6,200
car-repair-blocks,"Car Repair Blocks",4.0,3.9,https://downloads.wordpress.org/theme/car-repair-blocks.4.0.zip,"2026-04-23 05:39:31",https://wordpress.org/themes/car-repair-blocks/,6.1,5.6,500
clothing-store-blocks,"Clothing Store Blocks",4.2,4.1,https://downloads.wordpress.org/theme/clothing-store-blocks.4.2.zip,"2026-04-23 05:38:41",https://wordpress.org/themes/clothing-store-blocks/,6.1,5.6,200
corporate-consultancy,"Corporate Consultancy",1.2,1.1,https://downloads.wordpress.org/theme/corporate-consultancy.1.2.zip,"2026-04-23 04:10:41",https://wordpress.org/themes/corporate-consultancy/,5.5,7.2,0
iknowledgebase,IKnowledgeBase,1.4.4,1.4.3,https://downloads.wordpress.org/theme/iknowledgebase.1.4.4.zip,"2026-04-23 05:53:26",https://wordpress.org/themes/iknowledgebase/,,7.4,1000
product-manufacturing,"Product Manufacturing",1.0.2,1.0.1,https://downloads.wordpress.org/theme/product-manufacturing.1.0.2.zip,"2026-04-23 05:37:14",https://wordpress.org/themes/product-manufacturing/,6.1,5.6,0
roofing-specialist,"Roofing Specialist",0.0.2,0.0.1,https://downloads.wordpress.org/theme/roofing-specialist.0.0.2.zip,"2026-04-23 04:31:02",https://wordpress.org/themes/roofing-specialist/,5.0,7.2,0
coaching-center,"Coaching Center",1.0.2,,https://downloads.wordpress.org/theme/coaching-center.1.0.2.zip,"2026-04-23 05:46:31",https://wordpress.org/themes/coaching-center/,6.7,7.0,0
web-design-agency,"Web Design Agency",1.0.4,,https://downloads.wordpress.org/theme/web-design-agency.1.0.4.zip,"2026-04-23 05:32:39",https://wordpress.org/themes/web-design-agency/,6.4,7.4,0
ac-maintenance,"AC Maintenance",3.0,2.9,https://downloads.wordpress.org/theme/ac-maintenance.3.0.zip,"2026-04-23 09:01:57",https://wordpress.org/themes/ac-maintenance/,6.1,7.2,100
academic-tutor,"Academic Tutor",0.0.7,0.0.6,https://downloads.wordpress.org/theme/academic-tutor.0.0.7.zip,"2026-04-23 07:20:07",https://wordpress.org/themes/academic-tutor/,5.0,7.2,40
blog-over,"Blog Over",0.0.6,0.0.5,https://downloads.wordpress.org/theme/blog-over.0.0.6.zip,"2026-04-23 08:16:59",https://wordpress.org/themes/blog-over/,,7.4,100
bridal-store,"Bridal Store",2.7,2.6,https://downloads.wordpress.org/theme/bridal-store.2.7.zip,"2026-04-23 09:02:22",https://wordpress.org/themes/bridal-store/,6.1,7.2,40
broadnews,BroadNews,5.1.2,5.1.1,https://downloads.wordpress.org/theme/broadnews.5.1.2.zip,"2026-04-23 06:19:29",https://wordpress.org/themes/broadnews/,4.0,5.0,500
cat-walking,"Cat Walking",0.1.1,0.1.0,https://downloads.wordpress.org/theme/cat-walking.0.1.1.zip,"2026-04-23 07:24:17",https://wordpress.org/themes/cat-walking/,5.0,7.2,30
chromenews,ChromeNews,6.1.2,6.1.1,https://downloads.wordpress.org/theme/chromenews.6.1.2.zip,"2026-04-23 06:20:34",https://wordpress.org/themes/chromenews/,4.0,5.0,6000
covernews,CoverNews,6.1.2,6.1.1,https://downloads.wordpress.org/theme/covernews.6.1.2.zip,"2026-04-23 06:21:16",https://wordpress.org/themes/covernews/,4.0,5.0,7000
darknews,DarkNews,3.4.2,3.4.1,https://downloads.wordpress.org/theme/darknews.3.4.2.zip,"2026-04-23 06:21:59",https://wordpress.org/themes/darknews/,4.0,5.0,1000
decor-shop,"Decor Shop",0.0.4,0.0.3,https://downloads.wordpress.org/theme/decor-shop.0.0.4.zip,"2026-04-23 07:19:34",https://wordpress.org/themes/decor-shop/,6.2,7.2,10
elegant-magazine,"Elegant Magazine",4.4.2,4.4.1,https://downloads.wordpress.org/theme/elegant-magazine.4.4.2.zip,"2026-04-23 06:22:38",https://wordpress.org/themes/elegant-magazine/,4.0,5.0,1000
enternews,EnterNews,3.4.2,3.4.1,https://downloads.wordpress.org/theme/enternews.3.4.2.zip,"2026-04-23 06:23:18",https://wordpress.org/themes/enternews/,4.0,5.0,1000
grocery-marketplace,"Grocery Marketplace",0.0.6,0.0.5,https://downloads.wordpress.org/theme/grocery-marketplace.0.0.6.zip,"2026-04-23 07:18:26",https://wordpress.org/themes/grocery-marketplace/,5.0,7.2,40
house-roofing,"House Roofing",0.0.2,0.0.1,https://downloads.wordpress.org/theme/house-roofing.0.0.2.zip,"2026-04-23 07:14:29",https://wordpress.org/themes/house-roofing/,5.0,7.2,0
industrial-lite,"Industrial Lite",1.2.8,1.2.7,https://downloads.wordpress.org/theme/industrial-lite.1.2.8.zip,"2026-04-23 06:52:49",https://wordpress.org/themes/industrial-lite/,5.0,7.2,500
magazine-7,"Magazine 7",3.3.2,3.3.1,https://downloads.wordpress.org/theme/magazine-7.3.3.2.zip,"2026-04-23 06:23:57",https://wordpress.org/themes/magazine-7/,4.0,5.0,700
magnitude,Magnitude,3.3.2,3.3.1,https://downloads.wordpress.org/theme/magnitude.3.3.2.zip,"2026-04-23 06:24:52",https://wordpress.org/themes/magnitude/,4.0,5.0,900
morenews,MoreNews,3.9.9,3.9.8,https://downloads.wordpress.org/theme/morenews.3.9.9.zip,"2026-04-23 06:26:54",https://wordpress.org/themes/morenews/,4.0,5.0,6000
music-recording-studio,"Music Recording Studio",1.0.8,1.0.7,https://downloads.wordpress.org/theme/music-recording-studio.1.0.8.zip,"2026-04-23 06:53:46",https://wordpress.org/themes/music-recording-studio/,5.0,7.2,200
newsever,Newsever,4.4.2,4.4.1,https://downloads.wordpress.org/theme/newsever.4.4.2.zip,"2026-04-23 06:27:37",https://wordpress.org/themes/newsever/,4.0,5.0,1000
newsium,Newsium,4.3.2,4.3.1,https://downloads.wordpress.org/theme/newsium.4.3.2.zip,"2026-04-23 06:28:17",https://wordpress.org/themes/newsium/,4.0,5.0,1000
newspare,NewSpare,4.0.4,4.0.3,https://downloads.wordpress.org/theme/newspare.4.0.4.zip,"2026-04-23 08:26:36",https://wordpress.org/themes/newspare/,5.0,5.0,300
newsphere,Newsphere,4.5.2,4.5.1,https://downloads.wordpress.org/theme/newsphere.4.5.2.zip,"2026-04-23 06:29:25",https://wordpress.org/themes/newsphere/,4.0,5.0,2000
optical-lens-shop,"Optical Lens Shop",0.8.6,0.8.5,https://downloads.wordpress.org/theme/optical-lens-shop.0.8.6.zip,"2026-04-23 06:54:07",https://wordpress.org/themes/optical-lens-shop/,5.0,7.2,200
podcaster-radio,"Podcaster Radio",0.7.7,0.7.6,https://downloads.wordpress.org/theme/podcaster-radio.0.7.7.zip,"2026-04-23 06:54:43",https://wordpress.org/themes/podcaster-radio/,5.0,7.2,300
political-campaign,"Political Campaign",0.8.4,0.8.3,https://downloads.wordpress.org/theme/political-campaign.0.8.4.zip,"2026-04-23 06:55:18",https://wordpress.org/themes/political-campaign/,5.0,7.2,300
preschool-classes,"Preschool Classes",0.1.1,0.1.0,https://downloads.wordpress.org/theme/preschool-classes.0.1.1.zip,"2026-04-23 07:18:06",https://wordpress.org/themes/preschool-classes/,5.0,7.2,40
prime-home-renovation,"Prime Home Renovation",1.0.18,1.0.17,https://downloads.wordpress.org/theme/prime-home-renovation.1.0.18.zip,"2026-04-23 08:49:35",https://wordpress.org/themes/prime-home-renovation/,,5.6,0
product-comparison-woocommerce,"Product Comparison Woocommerce",0.6.8,0.6.7,https://downloads.wordpress.org/theme/product-comparison-woocommerce.0.6.8.zip,"2026-04-23 06:55:35",https://wordpress.org/themes/product-comparison-woocommerce/,5.0,7.2,200
psychology-therapist,"Psychology Therapist",0.8.2,0.8.1,https://downloads.wordpress.org/theme/psychology-therapist.0.8.2.zip,"2026-04-23 06:55:55",https://wordpress.org/themes/psychology-therapist/,5.0,7.2,100
reviewnews,ReviewNews,1.4.6,1.4.5,https://downloads.wordpress.org/theme/reviewnews.1.4.6.zip,"2026-04-23 06:30:15",https://wordpress.org/themes/reviewnews/,4.0,5.0,1000
saas-software,"SAAS Software",0.1.1,0.1.0,https://downloads.wordpress.org/theme/saas-software.0.1.1.zip,"2026-04-23 07:17:40",https://wordpress.org/themes/saas-software/,5.0,7.2,40
shopical,Shopical,2.5.2,2.5.1,https://downloads.wordpress.org/theme/shopical.2.5.2.zip,"2026-04-23 06:30:56",https://wordpress.org/themes/shopical/,,5.0,400
study-abroad,"Study Abroad",0.1.0,0.0.9,https://downloads.wordpress.org/theme/study-abroad.0.1.0.zip,"2026-04-23 07:17:05",https://wordpress.org/themes/study-abroad/,5.0,7.2,40
the-perfumist,"The Perfumist",0.0.7,0.0.6,https://downloads.wordpress.org/theme/the-perfumist.0.0.7.zip,"2026-04-23 07:16:15",https://wordpress.org/themes/the-perfumist/,5.0,7.2,40
timber-work,"Timber Work",0.0.4,0.0.3,https://downloads.wordpress.org/theme/timber-work.0.0.4.zip,"2026-04-23 07:16:01",https://wordpress.org/themes/timber-work/,5.0,7.2,10
travel-influencer-blogs,"Travel Influencer Blogs",3.0,2.9,https://downloads.wordpress.org/theme/travel-influencer-blogs.3.0.zip,"2026-04-23 08:56:03",https://wordpress.org/themes/travel-influencer-blogs/,6.1,7.2,200
vacation-booking,"Vacation Booking",2.6,2.5,https://downloads.wordpress.org/theme/vacation-booking.2.6.zip,"2026-04-23 08:55:25",https://wordpress.org/themes/vacation-booking/,6.1,7.2,100
vw-bakery,"VW Bakery",1.9.7,1.9.6,https://downloads.wordpress.org/theme/vw-bakery.1.9.7.zip,"2026-04-23 06:53:20",https://wordpress.org/themes/vw-bakery/,5.0,7.2,200
vw-book-store,"VW Book Store",1.7.4,1.7.3,https://downloads.wordpress.org/theme/vw-book-store.1.7.4.zip,"2026-04-23 06:56:24",https://wordpress.org/themes/vw-book-store/,5.0,7.2,300
vw-healthcare,"VW Healthcare",1.4.7,1.4.6,https://downloads.wordpress.org/theme/vw-healthcare.1.4.7.zip,"2026-04-23 07:07:51",https://wordpress.org/themes/vw-healthcare/,5.0,7.2,300
vw-kindergarten,"VW Kindergarten",1.1.0,1.0.9,https://downloads.wordpress.org/theme/vw-kindergarten.1.1.0.zip,"2026-04-23 07:08:37",https://wordpress.org/themes/vw-kindergarten/,5.0,7.2,300
vw-mobile-app,"VW Mobile App",1.5.9,1.5.8,https://downloads.wordpress.org/theme/vw-mobile-app.1.5.9.zip,"2026-04-23 07:10:04",https://wordpress.org/themes/vw-mobile-app/,5.0,7.2,300
vw-solar-energy,"VW Solar Energy",1.6.1,1.6.0,https://downloads.wordpress.org/theme/vw-solar-energy.1.6.1.zip,"2026-04-23 07:11:04",https://wordpress.org/themes/vw-solar-energy/,5.0,7.2,300
watch-store-shop,"Watch Store Shop",0.0.5,0.0.4,https://downloads.wordpress.org/theme/watch-store-shop.0.0.5.zip,"2026-04-23 07:15:33",https://wordpress.org/themes/watch-store-shop/,5.0,7.2,30
knowledgehub,KnowledgeHub,1.0.1,,https://downloads.wordpress.org/theme/knowledgehub.1.0.1.zip,"2026-04-23 08:32:22",https://wordpress.org/themes/knowledgehub/,6.1,7.2,0
alpha-travel-vacations,"Alpha Travel Vacations",4.7,4.6,https://downloads.wordpress.org/theme/alpha-travel-vacations.4.7.zip,"2026-04-23 10:36:28",https://wordpress.org/themes/alpha-travel-vacations/,5.9,5.6,100
carpet-store,"Carpet Store",4.7,4.6,https://downloads.wordpress.org/theme/carpet-store.4.7.zip,"2026-04-23 10:37:41",https://wordpress.org/themes/carpet-store/,5.9,5.6,30
coupons-deals,"Coupons Deals",1.0.1,0.9.9,https://downloads.wordpress.org/theme/coupons-deals.1.0.1.zip,"2026-04-23 09:55:43",https://wordpress.org/themes/coupons-deals/,5.0,7.2,100
digital-growth-strategist,"Digital Growth Strategist",2.5,2.4,https://downloads.wordpress.org/theme/digital-growth-strategist.2.5.zip,"2026-04-23 09:03:07",https://wordpress.org/themes/digital-growth-strategist/,6.1,7.2,50
dropshipping-store,"Dropshipping Store",1.1.9,1.1.7,https://downloads.wordpress.org/theme/dropshipping-store.1.1.9.zip,"2026-04-23 09:56:17",https://wordpress.org/themes/dropshipping-store/,5.0,7.2,100
eco-green,"Eco Green",4.9,4.8,https://downloads.wordpress.org/theme/eco-green.4.9.zip,"2026-04-23 10:38:25",https://wordpress.org/themes/eco-green/,5.9,5.6,200
ecommerce-solution,"Ecommerce Solution",1.7.9,1.7.8,https://downloads.wordpress.org/theme/ecommerce-solution.1.7.9.zip,"2026-04-23 09:56:26",https://wordpress.org/themes/ecommerce-solution/,5.0,7.2,300
educator-academy,"Educator Academy",4.5,4.4,https://downloads.wordpress.org/theme/educator-academy.4.5.zip,"2026-04-23 10:38:43",https://wordpress.org/themes/educator-academy/,5.9,5.6,70
fast-food-pizza,"Fast Food Pizza",1.0.4,1.0.3,https://downloads.wordpress.org/theme/fast-food-pizza.1.0.4.zip,"2026-04-23 09:56:58",https://wordpress.org/themes/fast-food-pizza/,5.0,7.2,100
holistic-health-coach,"Holistic Health Coach",3.1,3.0,https://downloads.wordpress.org/theme/holistic-health-coach.3.1.zip,"2026-04-23 09:03:46",https://wordpress.org/themes/holistic-health-coach/,6.1,7.2,100
home-decorative-items,"Home Decorative Items",3.2,3.1,https://downloads.wordpress.org/theme/home-decorative-items.3.2.zip,"2026-04-23 09:05:03",https://wordpress.org/themes/home-decorative-items/,6.1,7.2,100
home-theatre,"Home Theatre",2.7,2.6,https://downloads.wordpress.org/theme/home-theatre.2.7.zip,"2026-04-23 09:11:16",https://wordpress.org/themes/home-theatre/,6.1,7.2,60
kindergarten-learning,"Kindergarten Learning",4.0,3.8,https://downloads.wordpress.org/theme/kindergarten-learning.4.0.zip,"2026-04-23 10:40:22",https://wordpress.org/themes/kindergarten-learning/,5.9,5.6,30
learnpress-coaching,"LearnPress Coaching",0.9.3,0.9.1,https://downloads.wordpress.org/theme/learnpress-coaching.0.9.3.zip,"2026-04-23 09:57:25",https://wordpress.org/themes/learnpress-coaching/,5.0,7.2,90
logistics-firm,"Logistics Firm",1.0.1,1.0,https://downloads.wordpress.org/theme/logistics-firm.1.0.1.zip,"2026-04-23 09:08:06",https://wordpress.org/themes/logistics-firm/,6.1,7.2,0
massage-clean,"Massage Clean",1.2.3,1.2.2,https://downloads.wordpress.org/theme/massage-clean.1.2.3.zip,"2026-04-23 10:41:04",https://wordpress.org/themes/massage-clean/,6.7,7.2,200
mega-manufacturing-industry,"Mega Manufacturing Industry",0.2.7,0.2.6,https://downloads.wordpress.org/theme/mega-manufacturing-industry.0.2.7.zip,"2026-04-23 09:49:30",https://wordpress.org/themes/mega-manufacturing-industry/,5.0,7.2,40
outdoor-restaurant,"Outdoor Restaurant",4.7,4.6,https://downloads.wordpress.org/theme/outdoor-restaurant.4.7.zip,"2026-04-23 10:40:59",https://wordpress.org/themes/outdoor-restaurant/,5.9,5.6,400
pc-gaming,"PC Gaming",4.7,4.5,https://downloads.wordpress.org/theme/pc-gaming.4.7.zip,"2026-04-23 10:42:07",https://wordpress.org/themes/pc-gaming/,5.9,5.6,70
real-estate-broker,"Real Estate Broker",0.9.0,0.8.9,https://downloads.wordpress.org/theme/real-estate-broker.0.9.0.zip,"2026-04-23 09:59:01",https://wordpress.org/themes/real-estate-broker/,5.0,7.2,70
real-estate-realtor,"Real Estate Realtor",1.0.7,1.0.6,https://downloads.wordpress.org/theme/real-estate-realtor.1.0.7.zip,"2026-04-23 09:59:35",https://wordpress.org/themes/real-estate-realtor/,5.0,7.2,200
real-estate-valuation,"Real Estate Valuation",4.3,4.1,https://downloads.wordpress.org/theme/real-estate-valuation.4.3.zip,"2026-04-23 10:42:36",https://wordpress.org/themes/real-estate-valuation/,5.9,5.6,100
security-guard-services,"Security Guard Services",0.2.2,0.2.1,https://downloads.wordpress.org/theme/security-guard-services.0.2.2.zip,"2026-04-23 09:48:34",https://wordpress.org/themes/security-guard-services/,5.0,7.2,30
shopping-solution,"Shopping Solution",0.9.4,0.9.3,https://downloads.wordpress.org/theme/shopping-solution.0.9.4.zip,"2026-04-23 09:59:43",https://wordpress.org/themes/shopping-solution/,5.0,7.2,80
social-care-charity,"Social Care Charity",4.6,4.4,https://downloads.wordpress.org/theme/social-care-charity.4.6.zip,"2026-04-23 10:43:10",https://wordpress.org/themes/social-care-charity/,5.9,5.6,100
spa-treatment,"Spa Treatment",3.7,3.5,https://downloads.wordpress.org/theme/spa-treatment.3.7.zip,"2026-04-23 10:44:01",https://wordpress.org/themes/spa-treatment/,5.9,5.6,60
storefront-ecommerce,"Storefront Ecommerce",1.0.0,0.9.8,https://downloads.wordpress.org/theme/storefront-ecommerce.1.0.0.zip,"2026-04-23 09:59:58",https://wordpress.org/themes/storefront-ecommerce/,5.0,7.2,100
titan-elearning,"Titan Elearning",2.8,2.7,https://downloads.wordpress.org/theme/titan-elearning.2.8.zip,"2026-04-23 09:06:37",https://wordpress.org/themes/titan-elearning/,6.1,7.2,100
toy-storefront,"Toy Storefront",4.6,4.4,https://downloads.wordpress.org/theme/toy-storefront.4.6.zip,"2026-04-23 10:35:25",https://wordpress.org/themes/toy-storefront/,5.9,5.6,100
travel-holiday-spots,"Travel Holiday Spots",3.8,3.7,https://downloads.wordpress.org/theme/travel-holiday-spots.3.8.zip,"2026-04-23 10:44:43",https://wordpress.org/themes/travel-holiday-spots/,5.9,5.6,70
video-streaming,"Video Streaming",1.0.3,1.0.2,https://downloads.wordpress.org/theme/video-streaming.1.0.3.zip,"2026-04-23 10:00:05",https://wordpress.org/themes/video-streaming/,,7.2,100
bodyart-tattoo-studio,"Bodyart Tattoo Studio",0.0.1,,https://downloads.wordpress.org/theme/bodyart-tattoo-studio.0.0.1.zip,"2026-04-23 10:31:55",https://wordpress.org/themes/bodyart-tattoo-studio/,6.2,7.2,0
cleaner,Cleaner,1.0.3,1.0.2,https://downloads.wordpress.org/theme/cleaner.1.0.3.zip,"2026-04-23 10:46:42",https://wordpress.org/themes/cleaner/,6.7,7.2,200
collabora,Collabora,1.0.21,,https://downloads.wordpress.org/theme/collabora.1.0.21.zip,"2026-04-23 12:01:27",https://wordpress.org/themes/collabora/,5.8,7.1,0
gutentools-saas,"Gutentools Saas",1.1,,https://downloads.wordpress.org/theme/gutentools-saas.1.1.zip,"2026-04-23 11:32:07",https://wordpress.org/themes/gutentools-saas/,6.5,7.0,0
hr-staffing-agency,"HR Staffing Agency",0.1,,https://downloads.wordpress.org/theme/hr-staffing-agency.0.1.zip,"2026-04-23 10:46:15",https://wordpress.org/themes/hr-staffing-agency/,5.0,5.6,0
artist-art-gallery,"Artist Art Gallery",1.3.9,1.3.7,https://downloads.wordpress.org/theme/artist-art-gallery.1.3.9.zip,"2026-04-23 14:02:46",https://wordpress.org/themes/artist-art-gallery/,6.0,7.2,400
aviation-industry,"Aviation Industry",1.2.7,1.2.6,https://downloads.wordpress.org/theme/aviation-industry.1.2.7.zip,"2026-04-23 13:09:38",https://wordpress.org/themes/aviation-industry/,5.5,7.2,100
banquet-wedding-hall,"Banquet Wedding Hall",1.1.5,1.1.3,https://downloads.wordpress.org/theme/banquet-wedding-hall.1.1.5.zip,"2026-04-23 14:05:40",https://wordpress.org/themes/banquet-wedding-hall/,6.0,7.2,200
bee-corp,"Bee Corp",1.0.2,1.0.1,https://downloads.wordpress.org/theme/bee-corp.1.0.2.zip,"2026-04-23 12:13:45",https://wordpress.org/themes/bee-corp/,6.1,7.2,30
coworking-office,"Coworking Office",0.0.2,0.0.1,https://downloads.wordpress.org/theme/coworking-office.0.0.2.zip,"2026-04-23 12:13:54",https://wordpress.org/themes/coworking-office/,6.2,7.2,10
electronics-retail-shop,"Electronics Retail Shop",1.1.7,1.1.5,https://downloads.wordpress.org/theme/electronics-retail-shop.1.1.7.zip,"2026-04-23 14:07:23",https://wordpress.org/themes/electronics-retail-shop/,6.0,7.2,100
evento-corp,"Evento Corp",1.0.1,1.0.0,https://downloads.wordpress.org/theme/evento-corp.1.0.1.zip,"2026-04-23 12:13:24",https://wordpress.org/themes/evento-corp/,6.1,7.2,70
fruits-farming,"Fruits Farming",1.3.0,1.2.9,https://downloads.wordpress.org/theme/fruits-farming.1.3.0.zip,"2026-04-23 13:09:03",https://wordpress.org/themes/fruits-farming/,5.5,7.2,70
home-construction-builder,"Home Construction Builder",1.2.8,1.2.7,https://downloads.wordpress.org/theme/home-construction-builder.1.2.8.zip,"2026-04-23 13:08:47",https://wordpress.org/themes/home-construction-builder/,5.5,7.2,30
kindergarten-toys,"Kindergarten Toys",1.2.5,1.2.4,https://downloads.wordpress.org/theme/kindergarten-toys.1.2.5.zip,"2026-04-23 13:08:03",https://wordpress.org/themes/kindergarten-toys/,5.3,7.2,30
knowledgehub,KnowledgeHub,1.0.2,1.0.1,https://downloads.wordpress.org/theme/knowledgehub.1.0.2.zip,"2026-04-23 12:17:30",https://wordpress.org/themes/knowledgehub/,6.1,7.2,0
marketing-firm,"Marketing Firm",1.1.8,1.1.7,https://downloads.wordpress.org/theme/marketing-firm.1.1.8.zip,"2026-04-23 14:08:18",https://wordpress.org/themes/marketing-firm/,6.0,7.2,100
nature-photography,"Nature Photography",1.1.8,1.1.7,https://downloads.wordpress.org/theme/nature-photography.1.1.8.zip,"2026-04-23 14:08:48",https://wordpress.org/themes/nature-photography/,6.0,7.2,100
omega-design-agency,"Omega Design Agency",1.2.5,1.2.4,https://downloads.wordpress.org/theme/omega-design-agency.1.2.5.zip,"2026-04-23 13:07:22",https://wordpress.org/themes/omega-design-agency/,5.3,7.2,20
omega-refrigeration,"Omega Refrigeration",1.2.2,1.2.1,https://downloads.wordpress.org/theme/omega-refrigeration.1.2.2.zip,"2026-04-23 13:04:26",https://wordpress.org/themes/omega-refrigeration/,5.3,7.2,10
omega-storefront,"Omega Storefront",1.2.7,1.2.6,https://downloads.wordpress.org/theme/omega-storefront.1.2.7.zip,"2026-04-23 13:03:13",https://wordpress.org/themes/omega-storefront/,5.3,7.2,80
omega-travel-agents,"Omega Travel Agents",1.2.5,1.2.4,https://downloads.wordpress.org/theme/omega-travel-agents.1.2.5.zip,"2026-04-23 13:02:21",https://wordpress.org/themes/omega-travel-agents/,5.3,7.2,40
ott-vlogger,"OTT Vlogger",1.2.8,1.2.7,https://downloads.wordpress.org/theme/ott-vlogger.1.2.8.zip,"2026-04-23 13:02:05",https://wordpress.org/themes/ott-vlogger/,5.3,7.2,20
party-corp,"Party Corp",1.0.1,1.0.0,https://downloads.wordpress.org/theme/party-corp.1.0.1.zip,"2026-04-23 12:13:06",https://wordpress.org/themes/party-corp/,6.1,7.2,60
plumbing-technician,"Plumbing Technician",1.2.8,1.2.7,https://downloads.wordpress.org/theme/plumbing-technician.1.2.8.zip,"2026-04-23 13:01:02",https://wordpress.org/themes/plumbing-technician/,5.5,7.2,20
sneakers-sports-shoes,"Sneakers Sports Shoes",1.2.5,1.2.4,https://downloads.wordpress.org/theme/sneakers-sports-shoes.1.2.5.zip,"2026-04-23 12:59:04",https://wordpress.org/themes/sneakers-sports-shoes/,5.3,7.2,80
t-shirt-printing-shop,"T Shirt Printing Shop",1.1.5,1.1.4,https://downloads.wordpress.org/theme/t-shirt-printing-shop.1.1.5.zip,"2026-04-23 14:03:48",https://wordpress.org/themes/t-shirt-printing-shop/,6.0,7.2,300
training-institute-academy,"Training Institute Academy",1.2.8,1.2.7,https://downloads.wordpress.org/theme/training-institute-academy.1.2.8.zip,"2026-04-23 12:54:41",https://wordpress.org/themes/training-institute-academy/,5.5,7.2,20
exs,ExS,2.5.10,2.5.9,https://downloads.wordpress.org/theme/exs.2.5.10.zip,"2026-04-23 15:12:11",https://wordpress.org/themes/exs/,5.5,5.6,800
home-renovation-work,"Home Renovation Work",0.2,0.1.9,https://downloads.wordpress.org/theme/home-renovation-work.0.2.zip,"2026-04-23 15:23:25",https://wordpress.org/themes/home-renovation-work/,,5.6,40
ilex,Ilex,2.3.2,2.3.1,https://downloads.wordpress.org/theme/ilex.2.3.2.zip,"2026-04-23 15:53:31",https://wordpress.org/themes/ilex/,5.5,5.6,30
personal-life-coach,"Personal Life Coach",1.1.7,1.1.6,https://downloads.wordpress.org/theme/personal-life-coach.1.1.7.zip,"2026-04-23 14:09:29",https://wordpress.org/themes/personal-life-coach/,6.0,7.2,100
production-factory,"Production Factory",1.1.3,1.1.1,https://downloads.wordpress.org/theme/production-factory.1.1.3.zip,"2026-04-23 14:10:25",https://wordpress.org/themes/production-factory/,6.0,7.2,500
professional-vlogger,"Professional Vlogger",1.2.6,1.2.5,https://downloads.wordpress.org/theme/professional-vlogger.1.2.6.zip,"2026-04-23 14:14:10",https://wordpress.org/themes/professional-vlogger/,6.0,7.2,70
psychotherapy,Psychotherapy,1.2.6,1.2.5,https://downloads.wordpress.org/theme/psychotherapy.1.2.6.zip,"2026-04-23 14:14:40",https://wordpress.org/themes/psychotherapy/,6.0,7.2,300
radiant-adventure-tour,"Radiant Adventure Tour",1.2.0,1.1.9,https://downloads.wordpress.org/theme/radiant-adventure-tour.1.2.0.zip,"2026-04-23 14:15:57",https://wordpress.org/themes/radiant-adventure-tour/,6.0,7.2,400
swimming-pool-service,"Swimming Pool Service",1.2.8,1.2.7,https://downloads.wordpress.org/theme/swimming-pool-service.1.2.8.zip,"2026-04-23 14:16:19",https://wordpress.org/themes/swimming-pool-service/,6.0,7.2,200
veterinary-clinic,"Veterinary Clinic",0.2.2,0.2.1,https://downloads.wordpress.org/theme/veterinary-clinic.0.2.2.zip,"2026-04-23 15:22:25",https://wordpress.org/themes/veterinary-clinic/,,5.6,10
botiga,Botiga,2.4.4,2.4.3,https://downloads.wordpress.org/theme/botiga.2.4.4.zip,"2026-04-23 16:29:40",https://wordpress.org/themes/botiga/,,7.0,10000
shopvibe,ShopVibe,1.0.1,1.0.0,https://downloads.wordpress.org/theme/shopvibe.1.0.1.zip,"2026-04-23 17:27:18",https://wordpress.org/themes/shopvibe/,6.0,7.4,0
animal-caretaker,"Animal Caretaker",3.8.3,3.8.2,https://downloads.wordpress.org/theme/animal-caretaker.3.8.3.zip,"2026-04-24 03:44:53",https://wordpress.org/themes/animal-caretaker/,,7.2,40
cargo-ships,"Cargo Ships",9.8.3,9.8.2,https://downloads.wordpress.org/theme/cargo-ships.9.8.3.zip,"2026-04-24 03:44:12",https://wordpress.org/themes/cargo-ships/,,7.2,50
education-skill-development,"Education Skill Development",9.7.3,9.7.2,https://downloads.wordpress.org/theme/education-skill-development.9.7.3.zip,"2026-04-24 03:43:19",https://wordpress.org/themes/education-skill-development/,,7.2,100
elayne,Elayne,3.9.1,3.9.0,https://downloads.wordpress.org/theme/elayne.3.9.1.zip,"2026-04-24 01:32:04",https://wordpress.org/themes/elayne/,6.6,8.0,40
elite-construction-industry,"Elite Construction Industry",11.6.3,11.6.2,https://downloads.wordpress.org/theme/elite-construction-industry.11.6.3.zip,"2026-04-24 03:42:25",https://wordpress.org/themes/elite-construction-industry/,,7.2,30
elite-creative-agency,"Elite Creative Agency",4.2.3,4.2.2,https://downloads.wordpress.org/theme/elite-creative-agency.4.2.3.zip,"2026-04-24 03:41:38",https://wordpress.org/themes/elite-creative-agency/,,7.2,20
elite-security-guard,"Elite Security Guard",4.6.3,4.6.2,https://downloads.wordpress.org/theme/elite-security-guard.4.6.3.zip,"2026-04-24 03:40:48",https://wordpress.org/themes/elite-security-guard/,,7.2,80
flight-booking,"Flight Booking",7.9.3,7.9.2,https://downloads.wordpress.org/theme/flight-booking.7.9.3.zip,"2026-04-24 03:39:52",https://wordpress.org/themes/flight-booking/,,7.2,30
gym-workout,"Gym Workout",3.9.3,3.9.2,https://downloads.wordpress.org/theme/gym-workout.3.9.3.zip,"2026-04-24 03:39:00",https://wordpress.org/themes/gym-workout/,,7.2,40
home-decor-shop,"Home Decor Shop",4.5.3,4.5.2,https://downloads.wordpress.org/theme/home-decor-shop.4.5.3.zip,"2026-04-24 03:38:23",https://wordpress.org/themes/home-decor-shop/,,7.2,40
real-estate-property,"Real Estate Property",7.4.3,7.4.2,https://downloads.wordpress.org/theme/real-estate-property.7.4.3.zip,"2026-04-24 03:37:31",https://wordpress.org/themes/real-estate-property/,,7.2,100
zeever,Zeever,1.2.0,1.1.5,https://downloads.wordpress.org/theme/zeever.1.2.0.zip,"2026-04-24 03:06:16",https://wordpress.org/themes/zeever/,6.5,7.0,5000
alpha-accounting,"Alpha Accounting",4.6,4.5,https://downloads.wordpress.org/theme/alpha-accounting.4.6.zip,"2026-04-24 06:06:43",https://wordpress.org/themes/alpha-accounting/,5.9,5.6,70
alpha-blocks,"Alpha Blocks",4.4,4.3,https://downloads.wordpress.org/theme/alpha-blocks.4.4.zip,"2026-04-24 06:07:35",https://wordpress.org/themes/alpha-blocks/,5.9,5.6,70
alpha-brunch-cafe,"Alpha Brunch Cafe",4.7,4.6,https://downloads.wordpress.org/theme/alpha-brunch-cafe.4.7.zip,"2026-04-24 06:08:34",https://wordpress.org/themes/alpha-brunch-cafe/,5.9,5.6,60
alpha-business-portfolio,"Alpha Business Portfolio",4.8,4.7,https://downloads.wordpress.org/theme/alpha-business-portfolio.4.8.zip,"2026-04-24 06:09:18",https://wordpress.org/themes/alpha-business-portfolio/,5.9,5.6,100
alpha-business-startup,"Alpha Business Startup",5.6,5.5,https://downloads.wordpress.org/theme/alpha-business-startup.5.6.zip,"2026-04-24 06:09:48",https://wordpress.org/themes/alpha-business-startup/,5.9,5.6,80
alpha-digital-agency,"Alpha Digital Agency",4.7,4.6,https://downloads.wordpress.org/theme/alpha-digital-agency.4.7.zip,"2026-04-24 06:10:48",https://wordpress.org/themes/alpha-digital-agency/,5.9,5.6,60
alpha-health-coach,"Alpha Health Coach",4.7,4.6,https://downloads.wordpress.org/theme/alpha-health-coach.4.7.zip,"2026-04-24 06:06:17",https://wordpress.org/themes/alpha-health-coach/,5.9,5.6,60
alpha-patterns,"Alpha Patterns",4.3,4.2,https://downloads.wordpress.org/theme/alpha-patterns.4.3.zip,"2026-04-24 06:10:39",https://wordpress.org/themes/alpha-patterns/,5.9,5.6,100
construction-architect,"Construction Architect",2.0.5,2.0.4,https://downloads.wordpress.org/theme/construction-architect.2.0.5.zip,"2026-04-24 04:47:10",https://wordpress.org/themes/construction-architect/,,5.6,200
digital-marketing-freelancer,"Digital Marketing Freelancer",2.2.3,2.2.2,https://downloads.wordpress.org/theme/digital-marketing-freelancer.2.2.3.zip,"2026-04-24 04:52:19",https://wordpress.org/themes/digital-marketing-freelancer/,,5.6,300
ecommerce-gift-cart,"Ecommerce Gift Cart",1.5.5,1.5.4,https://downloads.wordpress.org/theme/ecommerce-gift-cart.1.5.5.zip,"2026-04-24 04:52:53",https://wordpress.org/themes/ecommerce-gift-cart/,,5.6,300
exotic-plant-store,"Exotic Plant Store",2.2.2,2.2.1,https://downloads.wordpress.org/theme/exotic-plant-store.2.2.2.zip,"2026-04-24 04:53:08",https://wordpress.org/themes/exotic-plant-store/,,5.6,100
fitness-cardio,"Fitness Cardio",2.2.3,2.2.2,https://downloads.wordpress.org/theme/fitness-cardio.2.2.3.zip,"2026-04-24 04:53:53",https://wordpress.org/themes/fitness-cardio/,,5.6,90
fse-gamer,"FSE Gamer",1.2,1.1.9,https://downloads.wordpress.org/theme/fse-gamer.1.2.zip,"2026-04-24 04:54:08",https://wordpress.org/themes/fse-gamer/,,5.6,200
fse-portfolio,"FSE Portfolio",1.3.4,1.3.3,https://downloads.wordpress.org/theme/fse-portfolio.1.3.4.zip,"2026-04-24 04:55:30",https://wordpress.org/themes/fse-portfolio/,,5.6,300
gutentools-saas,"Gutentools Saas",1.2,1.1,https://downloads.wordpress.org/theme/gutentools-saas.1.2.zip,"2026-04-24 04:14:15",https://wordpress.org/themes/gutentools-saas/,6.5,7.0,0
hair-dressing-salon,"Hair Dressing Salon",1.3.6,1.3.5,https://downloads.wordpress.org/theme/hair-dressing-salon.1.3.6.zip,"2026-04-24 04:55:56",https://wordpress.org/themes/hair-dressing-salon/,,5.6,100
newspaperss,Newspaperss,2.71.0,2.67.0,https://downloads.wordpress.org/theme/newspaperss.2.71.0.zip,"2026-04-24 04:39:38",https://wordpress.org/themes/newspaperss/,4.7,6.0,1000
ecommerce-marketplace,"Ecommerce Marketplace",0.0.1,,https://downloads.wordpress.org/theme/ecommerce-marketplace.0.0.1.zip,"2026-04-24 06:16:29",https://wordpress.org/themes/ecommerce-marketplace/,5.0,5.6,0
shuttle-ecommerce-store,"Shuttle eCommerce Store",1.0.0,,https://downloads.wordpress.org/theme/shuttle-ecommerce-store.1.0.0.zip,"2026-04-24 06:01:32",https://wordpress.org/themes/shuttle-ecommerce-store/,5.0,5.6,0
architect-contractor,"Architect Contractor",1.3.9,1.3.8,https://downloads.wordpress.org/theme/architect-contractor.1.3.9.zip,"2026-04-24 08:45:52",https://wordpress.org/themes/architect-contractor/,5.3,7.2,10
automobile-car-dealer,"Automobile Car Dealer",1.5.9,1.5.7,https://downloads.wordpress.org/theme/automobile-car-dealer.1.5.9.zip,"2026-04-24 08:21:10",https://wordpress.org/themes/automobile-car-dealer/,5.0,7.2,200
babysitting-day-care,"Babysitting Day Care",2.0.8,2.0.7,https://downloads.wordpress.org/theme/babysitting-day-care.2.0.8.zip,"2026-04-24 08:36:15",https://wordpress.org/themes/babysitting-day-care/,5.0,7.2,70
blogger-base,"Blogger Base",1.1.6,1.1.5,https://downloads.wordpress.org/theme/blogger-base.1.1.6.zip,"2026-04-24 08:36:42",https://wordpress.org/themes/blogger-base/,5.0,7.2,80
blogger-hub,"Blogger Hub",1.5.4,1.5.3,https://downloads.wordpress.org/theme/blogger-hub.1.5.4.zip,"2026-04-24 08:37:20",https://wordpress.org/themes/blogger-hub/,5.0,7.2,90
business-card-resume,"Business Card Resume",0.7.5,0.7.4,https://downloads.wordpress.org/theme/business-card-resume.0.7.5.zip,"2026-04-24 08:37:31",https://wordpress.org/themes/business-card-resume/,5.0,7.2,70
campus-education,"Campus Education",1.5.3,1.5.2,https://downloads.wordpress.org/theme/campus-education.1.5.3.zip,"2026-04-24 08:37:59",https://wordpress.org/themes/campus-education/,5.0,7.2,70
car-repair-mechanic,"Car Repair Mechanic",0.8.2,0.8.1,https://downloads.wordpress.org/theme/car-repair-mechanic.0.8.2.zip,"2026-04-24 08:38:34",https://wordpress.org/themes/car-repair-mechanic/,5.0,7.4,100
carpenter-shop,"Carpenter Shop",1.2.9,1.2.8,https://downloads.wordpress.org/theme/carpenter-shop.1.2.9.zip,"2026-04-24 08:45:21",https://wordpress.org/themes/carpenter-shop/,5.3,5.6,20
catering-lite,"Catering Lite",0.8.6,0.8.5,https://downloads.wordpress.org/theme/catering-lite.0.8.6.zip,"2026-04-24 08:38:56",https://wordpress.org/themes/catering-lite/,5.0,7.2,40
charity-fundraiser,"Charity Fundraiser",1.4.3,1.4.2,https://downloads.wordpress.org/theme/charity-fundraiser.1.4.3.zip,"2026-04-24 08:39:34",https://wordpress.org/themes/charity-fundraiser/,5.0,7.2,200
chocolate-cake,"Chocolate Cake",1.2.8,1.2.7,https://downloads.wordpress.org/theme/chocolate-cake.1.2.8.zip,"2026-04-24 08:44:57",https://wordpress.org/themes/chocolate-cake/,5.5,7.2,70
cleaning-maintenance,"Cleaning Maintenance",1.3.3,1.3.2,https://downloads.wordpress.org/theme/cleaning-maintenance.1.3.3.zip,"2026-04-24 08:44:13",https://wordpress.org/themes/cleaning-maintenance/,5.3,7.2,20
construction-realestate,"Construction Realestate",1.6.4,1.6.2,https://downloads.wordpress.org/theme/construction-realestate.1.6.4.zip,"2026-04-24 08:21:13",https://wordpress.org/themes/construction-realestate/,5.0,7.2,400
core-fitness,"Core Fitness",1.4.0,1.3.9,https://downloads.wordpress.org/theme/core-fitness.1.4.0.zip,"2026-04-24 08:39:28",https://wordpress.org/themes/core-fitness/,5.0,7.2,20
eco-solar-energy,"Eco Solar Energy",1.0.41,1.0.40,https://downloads.wordpress.org/theme/eco-solar-energy.1.0.41.zip,"2026-04-24 07:31:34",https://wordpress.org/themes/eco-solar-energy/,,7.4,10
electronics-storefront,"Electronics Storefront",1.3.1,1.3.0,https://downloads.wordpress.org/theme/electronics-storefront.1.3.1.zip,"2026-04-24 08:43:54",https://wordpress.org/themes/electronics-storefront/,5.3,7.2,100
grocery-shopping-store,"Grocery Shopping Store",1.2.7,1.2.6,https://downloads.wordpress.org/theme/grocery-shopping-store.1.2.7.zip,"2026-04-24 08:46:53",https://wordpress.org/themes/grocery-shopping-store/,5.5,7.2,1000
home-renovation-services,"Home Renovation Services",0.3.6,0.3.5,https://downloads.wordpress.org/theme/home-renovation-services.0.3.6.zip,"2026-04-24 07:52:36",https://wordpress.org/themes/home-renovation-services/,5.0,7.2,20
kindergarten-education,"Kindergarten Education",1.7.8,1.7.6,https://downloads.wordpress.org/theme/kindergarten-education.1.7.8.zip,"2026-04-24 08:21:16",https://wordpress.org/themes/kindergarten-education/,5.0,7.2,300
morenews,MoreNews,4.0.0,3.9.9,https://downloads.wordpress.org/theme/morenews.4.0.0.zip,"2026-04-24 08:05:11",https://wordpress.org/themes/morenews/,4.0,5.0,6000
multipurpose-blog,"Multipurpose Blog",4.1.5,4.1.4,https://downloads.wordpress.org/theme/multipurpose-blog.4.1.5.zip,"2026-04-24 08:21:40",https://wordpress.org/themes/multipurpose-blog/,5.0,7.2,100
negocio-business,"Negocio Business",0.7.6,0.7.5,https://downloads.wordpress.org/theme/negocio-business.0.7.6.zip,"2026-04-24 07:53:50",https://wordpress.org/themes/negocio-business/,,7.2,100
newspare,NewSpare,4.1.0,4.0.4,https://downloads.wordpress.org/theme/newspare.4.1.0.zip,"2026-04-24 07:52:57",https://wordpress.org/themes/newspare/,5.0,5.0,300
nirman-construction,"Nirman Construction",0.7.8,0.7.7,https://downloads.wordpress.org/theme/nirman-construction.0.7.8.zip,"2026-04-24 07:53:17",https://wordpress.org/themes/nirman-construction/,,7.2,100
omega-blogger,"Omega Blogger",1.3.1,1.3.0,https://downloads.wordpress.org/theme/omega-blogger.1.3.1.zip,"2026-04-24 08:43:26",https://wordpress.org/themes/omega-blogger/,5.3,7.2,60
omega-hair-salon,"Omega Hair Salon",1.3.0,1.2.9,https://downloads.wordpress.org/theme/omega-hair-salon.1.3.0.zip,"2026-04-24 08:43:02",https://wordpress.org/themes/omega-hair-salon/,5.3,7.2,20
omega-online-store,"Omega Online Store",1.3.1,1.3.0,https://downloads.wordpress.org/theme/omega-online-store.1.3.1.zip,"2026-04-24 08:42:39",https://wordpress.org/themes/omega-online-store/,5.3,7.2,100
panadero-bakery,"Panadero Bakery",0.7.5,0.7.4,https://downloads.wordpress.org/theme/panadero-bakery.0.7.5.zip,"2026-04-24 07:54:43",https://wordpress.org/themes/panadero-bakery/,,7.2,100
pet-rescue-lite,"Pet Rescue Lite",1.1.5,1.1.4,https://downloads.wordpress.org/theme/pet-rescue-lite.1.1.5.zip,"2026-04-24 08:19:34",https://wordpress.org/themes/pet-rescue-lite/,5.0,7.2,100
restaurant-culinary,"Restaurant Culinary",1.2.9,1.2.8,https://downloads.wordpress.org/theme/restaurant-culinary.1.2.9.zip,"2026-04-24 08:41:49",https://wordpress.org/themes/restaurant-culinary/,5.3,5.6,100
skin-care-solutions,"Skin Care Solutions",1.3.3,1.3.2,https://downloads.wordpress.org/theme/skin-care-solutions.1.3.3.zip,"2026-04-24 08:41:31",https://wordpress.org/themes/skin-care-solutions/,5.3,5.6,70
spiritual-meditation,"Spiritual Meditation",1.2.7,1.2.6,https://downloads.wordpress.org/theme/spiritual-meditation.1.2.7.zip,"2026-04-24 07:51:58",https://wordpress.org/themes/spiritual-meditation/,5.0,7.2,40
transport-movers,"Transport Movers",1.7.2,1.7.0,https://downloads.wordpress.org/theme/transport-movers.1.7.2.zip,"2026-04-24 08:21:54",https://wordpress.org/themes/transport-movers/,5.0,7.2,70
trucking-company,"Trucking Company",1.3.3,1.3.2,https://downloads.wordpress.org/theme/trucking-company.1.3.3.zip,"2026-04-24 08:40:58",https://wordpress.org/themes/trucking-company/,5.3,5.6,80
ultimate-blogger,"Ultimate Blogger",1.5.3,1.5.1,https://downloads.wordpress.org/theme/ultimate-blogger.1.5.3.zip,"2026-04-24 08:22:00",https://wordpress.org/themes/ultimate-blogger/,5.0,7.2,80
education-institution,"Education Institution",1.0,,https://downloads.wordpress.org/theme/education-institution.1.0.zip,"2026-04-24 08:01:52",https://wordpress.org/themes/education-institution/,6.1,5.6,0
minamaze-estore,"Minamaze eStore",1.0.1,,https://downloads.wordpress.org/theme/minamaze-estore.1.0.1.zip,"2026-04-24 07:16:28",https://wordpress.org/themes/minamaze-estore/,5.0,7.0,0
skt-eatsy,"SKT Eatsy",1.1,,https://downloads.wordpress.org/theme/skt-eatsy.1.1.zip,"2026-04-24 08:01:44",https://wordpress.org/themes/skt-eatsy/,,5.6,0
hq-pages,"Hq Pages",1.0.62,1.0.61,https://downloads.wordpress.org/theme/hq-pages.1.0.62.zip,"2026-04-24 09:43:01",https://wordpress.org/themes/hq-pages/,6.4,7.4,40
academic-education-lite,"Academic Education Lite",0.1.6,0.1.5,https://downloads.wordpress.org/theme/academic-education-lite.0.1.6.zip,"2026-04-24 13:11:35",https://wordpress.org/themes/academic-education-lite/,5.0,7.2,70
accommodation-rental,"Accommodation Rental",0.7.4,0.7.3,https://downloads.wordpress.org/theme/accommodation-rental.0.7.4.zip,"2026-04-24 13:59:24",https://wordpress.org/themes/accommodation-rental/,5.0,7.2,200
adventure-camping,"Adventure Camping",0.4.8,0.4.7,https://downloads.wordpress.org/theme/adventure-camping.0.4.8.zip,"2026-04-24 14:00:00",https://wordpress.org/themes/adventure-camping/,5.0,7.2,400
ambulance-paramedics,"Ambulance Paramedics",0.1.7,0.1.6,https://downloads.wordpress.org/theme/ambulance-paramedics.0.1.7.zip,"2026-04-24 13:10:47",https://wordpress.org/themes/ambulance-paramedics/,5.0,7.2,20
anime-stream,"Anime Stream",0.4.1,0.4.0,https://downloads.wordpress.org/theme/anime-stream.0.4.1.zip,"2026-04-24 14:00:07",https://wordpress.org/themes/anime-stream/,5.0,7.2,100
archaeology-museums,"Archaeology Museums",0.4.6,0.4.5,https://downloads.wordpress.org/theme/archaeology-museums.0.4.6.zip,"2026-04-24 14:00:40",https://wordpress.org/themes/archaeology-museums/,5.0,7.2,200
article-blog-writer,"Article Blog Writer",0.1.1,0.1.0,https://downloads.wordpress.org/theme/article-blog-writer.0.1.1.zip,"2026-04-24 13:10:35",https://wordpress.org/themes/article-blog-writer/,5.0,7.2,100
auto-car-dealership,"Auto Car Dealership",1.7.0,1.6.8,https://downloads.wordpress.org/theme/auto-car-dealership.1.7.0.zip,"2026-04-24 14:01:20",https://wordpress.org/themes/auto-car-dealership/,5.9,7.2,1000
automobile-detailing-shop,"Automobile Detailing Shop",0.1.5,0.1.4,https://downloads.wordpress.org/theme/automobile-detailing-shop.0.1.5.zip,"2026-04-24 13:10:08",https://wordpress.org/themes/automobile-detailing-shop/,5.0,7.2,40
beauty-store,"Beauty Store",0.1.1,0.0.10,https://downloads.wordpress.org/theme/beauty-store.0.1.1.zip,"2026-04-24 13:09:47",https://wordpress.org/themes/beauty-store/,5.0,7.2,90
commercial-automation-services,"Commercial Automation Services",0.4.4,0.4.3,https://downloads.wordpress.org/theme/commercial-automation-services.0.4.4.zip,"2026-04-24 14:01:36",https://wordpress.org/themes/commercial-automation-services/,5.0,7.2,200
courier-company,"Courier Company",1.0.4,1.0.3,https://downloads.wordpress.org/theme/courier-company.1.0.4.zip,"2026-04-24 12:57:59",https://wordpress.org/themes/courier-company/,5.9,5.6,0
courier-services,"Courier Services",0.4.9,0.4.8,https://downloads.wordpress.org/theme/courier-services.0.4.9.zip,"2026-04-24 14:01:40",https://wordpress.org/themes/courier-services/,5.0,7.2,100
cupcake-shop,"Cupcake Shop",0.1.9,0.1.8,https://downloads.wordpress.org/theme/cupcake-shop.0.1.9.zip,"2026-04-24 13:09:16",https://wordpress.org/themes/cupcake-shop/,5.0,7.2,80
dropshipping-shop,"Dropshipping Shop",1.4.6,1.4.5,https://downloads.wordpress.org/theme/dropshipping-shop.1.4.6.zip,"2026-04-24 14:02:03",https://wordpress.org/themes/dropshipping-shop/,5.9,5.6,100
eauto-repair,"Eauto Repair",0.1.6,0.1.5,https://downloads.wordpress.org/theme/eauto-repair.0.1.6.zip,"2026-04-24 13:09:00",https://wordpress.org/themes/eauto-repair/,5.0,7.2,20
electronics-retailer,"Electronics Retailer",0.4.9,0.4.8,https://downloads.wordpress.org/theme/electronics-retailer.0.4.9.zip,"2026-04-24 14:02:28",https://wordpress.org/themes/electronics-retailer/,5.0,7.2,300
escape-room-game,"Escape Room Game",1.2.6,1.2.5,https://downloads.wordpress.org/theme/escape-room-game.1.2.6.zip,"2026-04-24 14:02:55",https://wordpress.org/themes/escape-room-game/,5.9,5.6,200
event-dining-catering,"Event Dining Catering",0.1.7,0.1.6,https://downloads.wordpress.org/theme/event-dining-catering.0.1.7.zip,"2026-04-24 13:07:43",https://wordpress.org/themes/event-dining-catering/,5.0,7.2,30
fleks,Fleks,1.0.4,1.0.3,https://downloads.wordpress.org/theme/fleks.1.0.4.zip,"2026-04-24 12:58:27",https://wordpress.org/themes/fleks/,6.3,7.4,100
food-restro-zone,"Food Restro Zone",0.1.8,0.1.7,https://downloads.wordpress.org/theme/food-restro-zone.0.1.8.zip,"2026-04-24 13:07:26",https://wordpress.org/themes/food-restro-zone/,5.0,7.2,40
gym-nutrition-shop,"Gym Nutrition Shop",0.1.2,0.1.1,https://downloads.wordpress.org/theme/gym-nutrition-shop.0.1.2.zip,"2026-04-24 13:06:08",https://wordpress.org/themes/gym-nutrition-shop/,5.0,7.2,100
holiday-travel-cruise,"Holiday Travel Cruise",0.1.7,0.1.6,https://downloads.wordpress.org/theme/holiday-travel-cruise.0.1.7.zip,"2026-04-24 13:05:34",https://wordpress.org/themes/holiday-travel-cruise/,5.0,7.2,30
honey-shop,"Honey Shop",0.4.9,0.4.8,https://downloads.wordpress.org/theme/honey-shop.0.4.9.zip,"2026-04-24 14:03:18",https://wordpress.org/themes/honey-shop/,5.0,7.2,300
lawn-care,"Lawn Care",0.4.9,0.4.8,https://downloads.wordpress.org/theme/lawn-care.0.4.9.zip,"2026-04-24 14:04:00",https://wordpress.org/themes/lawn-care/,5.0,7.2,400
mining-logistic,"Mining Logistic",1.2.3,1.2.2,https://downloads.wordpress.org/theme/mining-logistic.1.2.3.zip,"2026-04-24 14:03:40",https://wordpress.org/themes/mining-logistic/,5.9,5.6,500
shopwell,Shopwell,1.0.14,1.0.13,https://downloads.wordpress.org/theme/shopwell.1.0.14.zip,"2026-04-24 13:32:32",https://wordpress.org/themes/shopwell/,5.0,7.0,1000
vlog-channel,"Vlog Channel",0.1.9,0.1.8,https://downloads.wordpress.org/theme/vlog-channel.0.1.9.zip,"2026-04-24 13:05:03",https://wordpress.org/themes/vlog-channel/,5.0,7.2,50
blogmax,Blogmax,1.0.5,1.0.4,https://downloads.wordpress.org/theme/blogmax.1.0.5.zip,"2026-04-24 15:12:47",https://wordpress.org/themes/blogmax/,5.0,5.6,30
blogpost,Blogpost,1.0.5,1.0.4,https://downloads.wordpress.org/theme/blogpost.1.0.5.zip,"2026-04-24 15:11:59",https://wordpress.org/themes/blogpost/,4.8,5.6,100
furniture-mart,"Furniture Mart",0.2.3,0.2.2,https://downloads.wordpress.org/theme/furniture-mart.0.2.3.zip,"2026-04-24 15:08:35",https://wordpress.org/themes/furniture-mart/,,5.6,60
insurance-company,"Insurance Company",0.1.9,0.1.8,https://downloads.wordpress.org/theme/insurance-company.0.1.9.zip,"2026-04-24 15:09:48",https://wordpress.org/themes/insurance-company/,,5.6,50
music-zone,"Music Zone",1.0.9,1.0.8,https://downloads.wordpress.org/theme/music-zone.1.0.9.zip,"2026-04-24 15:11:18",https://wordpress.org/themes/music-zone/,5.0,5.6,100
power-news,"Power News",1.0.7,1.0.6,https://downloads.wordpress.org/theme/power-news.1.0.7.zip,"2026-04-24 15:10:29",https://wordpress.org/themes/power-news/,5.0,5.6,40
swingpress,Swingpress,1.0.6,1.0.5,https://downloads.wordpress.org/theme/swingpress.1.0.6.zip,"2026-04-24 15:09:48",https://wordpress.org/themes/swingpress/,5.0,5.6,40
coffee-shop-bistro,"Coffee Shop Bistro",1.2.0,1.1.9,https://downloads.wordpress.org/theme/coffee-shop-bistro.1.2.0.zip,"2026-04-24 15:38:14",https://wordpress.org/themes/coffee-shop-bistro/,5.9,5.6,60
exercise-workout-studio,"Exercise Workout Studio",1.0.5,1.0.4,https://downloads.wordpress.org/theme/exercise-workout-studio.1.0.5.zip,"2026-04-24 15:37:46",https://wordpress.org/themes/exercise-workout-studio/,5.9,5.6,60
fse-dental-clinic,"FSE Dental Clinic",1.1.1,1.1.0,https://downloads.wordpress.org/theme/fse-dental-clinic.1.1.1.zip,"2026-04-24 15:37:13",https://wordpress.org/themes/fse-dental-clinic/,5.9,5.6,100
fse-personal-blog,"FSE Personal Blog",1.1.2,1.1.1,https://downloads.wordpress.org/theme/fse-personal-blog.1.1.2.zip,"2026-04-24 15:35:15",https://wordpress.org/themes/fse-personal-blog/,5.9,5.6,100
fse-pet-shop,"FSE Pet Shop",1.1.3,1.1.2,https://downloads.wordpress.org/theme/fse-pet-shop.1.1.3.zip,"2026-04-24 15:34:50",https://wordpress.org/themes/fse-pet-shop/,5.9,5.6,100
fse-transportation-company,"FSE Transportation Company",1.0.7,1.0.6,https://downloads.wordpress.org/theme/fse-transportation-company.1.0.7.zip,"2026-04-24 15:36:34",https://wordpress.org/themes/fse-transportation-company/,5.9,5.6,100
futuristic-vision,"Futuristic Vision",1.0.5,1.0.4,https://downloads.wordpress.org/theme/futuristic-vision.1.0.5.zip,"2026-04-24 15:33:59",https://wordpress.org/themes/futuristic-vision/,5.9,5.6,100
grocerymart,Grocerymart,1.0.4,1.0.3,https://downloads.wordpress.org/theme/grocerymart.1.0.4.zip,"2026-04-24 15:32:26",https://wordpress.org/themes/grocerymart/,5.9,5.6,200
outdoor-camping,"Outdoor Camping",1.1.4,1.1.3,https://downloads.wordpress.org/theme/outdoor-camping.1.1.4.zip,"2026-04-24 15:31:56",https://wordpress.org/themes/outdoor-camping/,5.9,5.6,60
quantum-computing,"Quantum Computing",1.1.9,1.1.8,https://downloads.wordpress.org/theme/quantum-computing.1.1.9.zip,"2026-04-24 15:30:59",https://wordpress.org/themes/quantum-computing/,5.9,5.6,400
tech-software,"Tech Software",1.1.3,1.1.2,https://downloads.wordpress.org/theme/tech-software.1.1.3.zip,"2026-04-24 15:29:11",https://wordpress.org/themes/tech-software/,5.9,5.6,200
veterinary-dogcare,"Veterinary Dogcare",1.1.3,1.1.2,https://downloads.wordpress.org/theme/veterinary-dogcare.1.1.3.zip,"2026-04-24 15:28:27",https://wordpress.org/themes/veterinary-dogcare/,5.9,5.6,50
construction-arc,"Construction Arc",1.0.2,1.0.1,https://downloads.wordpress.org/theme/construction-arc.1.0.2.zip,"2026-04-24 17:21:45",https://wordpress.org/themes/construction-arc/,6.4,7.2,0
aster-portfolio,"Aster Portfolio",1.7,1.6,https://downloads.wordpress.org/theme/aster-portfolio.1.7.zip,"2026-04-24 21:03:46",https://wordpress.org/themes/aster-portfolio/,,7.4,60
aster-real-estate,"Aster Real Estate",2.2,2.1,https://downloads.wordpress.org/theme/aster-real-estate.2.2.zip,"2026-04-24 21:03:24",https://wordpress.org/themes/aster-real-estate/,,7.4,80
charitable-funds,"Charitable Funds",1.9,1.8,https://downloads.wordpress.org/theme/charitable-funds.1.9.zip,"2026-04-24 21:02:46",https://wordpress.org/themes/charitable-funds/,,7.4,30
coffee-espresso,"Coffee Espresso",1.3,1.2,https://downloads.wordpress.org/theme/coffee-espresso.1.3.zip,"2026-04-24 21:04:11",https://wordpress.org/themes/coffee-espresso/,,7.4,20
handmade-craft,"Handmade Craft",1.1,1.0,https://downloads.wordpress.org/theme/handmade-craft.1.1.zip,"2026-04-24 20:57:09",https://wordpress.org/themes/handmade-craft/,,7.4,0
interior-services,"Interior Services",1.6,1.5,https://downloads.wordpress.org/theme/interior-services.1.6.zip,"2026-04-24 21:02:25",https://wordpress.org/themes/interior-services/,,7.4,30
jeweler-shop,"Jeweler Shop",2.4,2.3,https://downloads.wordpress.org/theme/jeweler-shop.2.4.zip,"2026-04-24 21:00:35",https://wordpress.org/themes/jeweler-shop/,,7.4,50
lawyer-consultant-firm,"Lawyer Consultant Firm",2.0,1.9,https://downloads.wordpress.org/theme/lawyer-consultant-firm.2.0.zip,"2026-04-24 20:58:54",https://wordpress.org/themes/lawyer-consultant-firm/,,7.4,70
plumbing-handyman,"Plumbing Handyman",1.7,1.6,https://downloads.wordpress.org/theme/plumbing-handyman.1.7.zip,"2026-04-24 20:57:57",https://wordpress.org/themes/plumbing-handyman/,,7.4,30
property-dealer,"Property Dealer",1.8,1.7,https://downloads.wordpress.org/theme/property-dealer.1.8.zip,"2026-04-24 20:57:26",https://wordpress.org/themes/property-dealer/,,7.4,30
second-coming,"Second Coming",1.3.1,1.3.0,https://downloads.wordpress.org/theme/second-coming.1.3.1.zip,"2026-04-24 20:40:28",https://wordpress.org/themes/second-coming/,6.0,7.4,20
yoga-fitness-studio,"Yoga Fitness Studio",1.4,1.3,https://downloads.wordpress.org/theme/yoga-fitness-studio.1.4.zip,"2026-04-24 21:04:30",https://wordpress.org/themes/yoga-fitness-studio/,,7.2,0
second-coming,"Second Coming",1.3.2,1.3.1,https://downloads.wordpress.org/theme/second-coming.1.3.2.zip,"2026-04-25 00:46:54",https://wordpress.org/themes/second-coming/,6.0,7.4,20
automobile-car-services,"Automobile Car Services",6.4,6.3,https://downloads.wordpress.org/theme/automobile-car-services.6.4.zip,"2026-04-25 04:00:25",https://wordpress.org/themes/automobile-car-services/,5.0,7.2,60
entertainment-media,"Entertainment Media",6.2,6.1,https://downloads.wordpress.org/theme/entertainment-media.6.2.zip,"2026-04-25 04:00:45",https://wordpress.org/themes/entertainment-media/,5.0,7.2,100
fashion-footwear,"Fashion Footwear",6.3,6.2,https://downloads.wordpress.org/theme/fashion-footwear.6.3.zip,"2026-04-25 04:01:26",https://wordpress.org/themes/fashion-footwear/,5.0,7.2,40
fish-aquarium,"Fish Aquarium",6.2,6.1,https://downloads.wordpress.org/theme/fish-aquarium.6.2.zip,"2026-04-25 03:59:23",https://wordpress.org/themes/fish-aquarium/,5.0,7.2,40
nonprofit-organization,"Nonprofit Organization",6.4,6.3,https://downloads.wordpress.org/theme/nonprofit-organization.6.4.zip,"2026-04-25 03:58:59",https://wordpress.org/themes/nonprofit-organization/,5.0,7.2,100
pest-control-lite,"Pest Control Lite",6.1,6.0,https://downloads.wordpress.org/theme/pest-control-lite.6.1.zip,"2026-04-25 03:58:35",https://wordpress.org/themes/pest-control-lite/,5.0,7.2,20
seo-marketing-expert,"SEO Marketing Expert",6.3,6.2,https://downloads.wordpress.org/theme/seo-marketing-expert.6.3.zip,"2026-04-25 03:58:10",https://wordpress.org/themes/seo-marketing-expert/,5.0,7.2,40
wedding-planning-services,"Wedding Planning Services",1.0.1,1.0.0,https://downloads.wordpress.org/theme/wedding-planning-services.1.0.1.zip,"2026-04-25 03:57:48",https://wordpress.org/themes/wedding-planning-services/,6.0,5.6,0
business-venture,"Business Venture",3.5,3.4,https://downloads.wordpress.org/theme/business-venture.3.5.zip,"2026-04-25 06:42:34",https://wordpress.org/themes/business-venture/,6.1,7.2,80
cv-workfolio,"CV Workfolio",3.5,3.4,https://downloads.wordpress.org/theme/cv-workfolio.3.5.zip,"2026-04-25 06:42:15",https://wordpress.org/themes/cv-workfolio/,6.1,7.2,70
education-management,"Education Management",3.2,3.1,https://downloads.wordpress.org/theme/education-management.3.2.zip,"2026-04-25 06:41:40",https://wordpress.org/themes/education-management/,6.1,7.2,100
freelance-portfolio,"Freelance Portfolio",3.4,3.3,https://downloads.wordpress.org/theme/freelance-portfolio.3.4.zip,"2026-04-25 06:41:19",https://wordpress.org/themes/freelance-portfolio/,6.1,7.2,100
hello-shoppable,"Hello Shoppable",1.1.1,1.1.0,https://downloads.wordpress.org/theme/hello-shoppable.1.1.1.zip,"2026-04-25 07:35:10",https://wordpress.org/themes/hello-shoppable/,,5.6,2000
home-appliances-store,"Home Appliances Store",3.4,3.3,https://downloads.wordpress.org/theme/home-appliances-store.3.4.zip,"2026-04-25 06:40:43",https://wordpress.org/themes/home-appliances-store/,6.1,7.2,70
it-services-management,"IT Services Management",3.4,3.3,https://downloads.wordpress.org/theme/it-services-management.3.4.zip,"2026-04-25 06:40:20",https://wordpress.org/themes/it-services-management/,6.1,7.2,200
luxury-travel,"Luxury Travel",1.4.6,1.4.5,https://downloads.wordpress.org/theme/luxury-travel.1.4.6.zip,"2026-04-25 06:33:19",https://wordpress.org/themes/luxury-travel/,5.0,7.2,50
mechanic-car-repair,"Mechanic Car Repair",3.6,3.5,https://downloads.wordpress.org/theme/mechanic-car-repair.3.6.zip,"2026-04-25 06:39:26",https://wordpress.org/themes/mechanic-car-repair/,6.1,7.2,200
medical-doctor,"Medical Doctor",1.0.5,1.0.4,https://downloads.wordpress.org/theme/medical-doctor.1.0.5.zip,"2026-04-25 06:33:13",https://wordpress.org/themes/medical-doctor/,5.0,7.2,90
medical-hospital,"Medical Hospital",1.4.3,1.4.2,https://downloads.wordpress.org/theme/medical-hospital.1.4.3.zip,"2026-04-25 06:32:56",https://wordpress.org/themes/medical-hospital/,5.0,7.2,100
mega-construction,"Mega Construction",1.3.4,1.3.3,https://downloads.wordpress.org/theme/mega-construction.1.3.4.zip,"2026-04-25 06:32:54",https://wordpress.org/themes/mega-construction/,5.0,7.2,90
modern-blogger,"Modern Blogger",0.7.7,0.7.6,https://downloads.wordpress.org/theme/modern-blogger.0.7.7.zip,"2026-04-25 06:32:32",https://wordpress.org/themes/modern-blogger/,5.0,7.4,60
modern-construction,"Modern Construction",1.1.5,1.1.4,https://downloads.wordpress.org/theme/modern-construction.1.1.5.zip,"2026-04-25 06:31:48",https://wordpress.org/themes/modern-construction/,5.0,7.2,50
motorcycle-repair,"Motorcycle Repair",3.4,3.3,https://downloads.wordpress.org/theme/motorcycle-repair.3.4.zip,"2026-04-25 06:39:09",https://wordpress.org/themes/motorcycle-repair/,6.1,7.2,100
multipurpose-lawyer,"Multipurpose Lawyer",1.3.2,1.3.1,https://downloads.wordpress.org/theme/multipurpose-lawyer.1.3.2.zip,"2026-04-25 06:31:56",https://wordpress.org/themes/multipurpose-lawyer/,5.0,7.2,80
multipurpose-magazine,"Multipurpose Magazine",1.4.0,1.3.9,https://downloads.wordpress.org/theme/multipurpose-magazine.1.4.0.zip,"2026-04-25 06:31:43",https://wordpress.org/themes/multipurpose-magazine/,5.0,7.2,100
multipurpose-photography,"Multipurpose Photography",1.3.1,1.3.0,https://downloads.wordpress.org/theme/multipurpose-photography.1.3.1.zip,"2026-04-25 06:31:34",https://wordpress.org/themes/multipurpose-photography/,5.0,7.2,80
multipurpose-portfolio,"Multipurpose Portfolio",1.3.4,1.3.3,https://downloads.wordpress.org/theme/multipurpose-portfolio.1.3.4.zip,"2026-04-25 06:31:06",https://wordpress.org/themes/multipurpose-portfolio/,5.0,7.2,90
multipurpose-startup,"Multipurpose Startup",1.3.7,1.3.6,https://downloads.wordpress.org/theme/multipurpose-startup.1.3.7.zip,"2026-04-25 06:30:43",https://wordpress.org/themes/multipurpose-startup/,5.0,7.2,60
real-estate-development,"Real Estate Development",3.8,3.7,https://downloads.wordpress.org/theme/real-estate-development.3.8.zip,"2026-04-25 06:38:32",https://wordpress.org/themes/real-estate-development/,6.1,7.2,70
the-wp-business,"The WP Business",2.3.6,2.3.5,https://downloads.wordpress.org/theme/the-wp-business.2.3.6.zip,"2026-04-25 06:30:25",https://wordpress.org/themes/the-wp-business/,5.0,7.2,60
the-wp-fitness,"The WP Fitness",1.3.5,1.3.4,https://downloads.wordpress.org/theme/the-wp-fitness.1.3.5.zip,"2026-04-25 06:28:00",https://wordpress.org/themes/the-wp-fitness/,5.0,7.2,60
titan-branding-agency,"Titan Branding Agency",3.5,3.4,https://downloads.wordpress.org/theme/titan-branding-agency.3.5.zip,"2026-04-25 06:38:13",https://wordpress.org/themes/titan-branding-agency/,6.1,7.2,20
titan-business-agency,"Titan Business Agency",3.5,3.4,https://downloads.wordpress.org/theme/titan-business-agency.3.5.zip,"2026-04-25 06:37:44",https://wordpress.org/themes/titan-business-agency/,6.1,7.2,80
traveler-booking,"Traveler Booking",4.0,3.9,https://downloads.wordpress.org/theme/traveler-booking.4.0.zip,"2026-04-25 06:37:02",https://wordpress.org/themes/traveler-booking/,6.1,7.2,100
appointment-management,"Appointment Management",3.1,3.0,https://downloads.wordpress.org/theme/appointment-management.3.1.zip,"2026-04-25 09:00:10",https://wordpress.org/themes/appointment-management/,,7.4,30
aster-it-courses,"Aster IT Courses",2.5,2.4,https://downloads.wordpress.org/theme/aster-it-courses.2.5.zip,"2026-04-25 08:59:41",https://wordpress.org/themes/aster-it-courses/,,7.4,50
automotive-mechanic,"Automotive Mechanic",0.1.7,0.1.6,https://downloads.wordpress.org/theme/automotive-mechanic.0.1.7.zip,"2026-04-25 08:10:15",https://wordpress.org/themes/automotive-mechanic/,,5.6,20
bike-workshop,"Bike Workshop",2.3,2.2,https://downloads.wordpress.org/theme/bike-workshop.2.3.zip,"2026-04-25 08:59:17",https://wordpress.org/themes/bike-workshop/,,7.4,40
bridal-dresses,"Bridal Dresses",2.9,2.8,https://downloads.wordpress.org/theme/bridal-dresses.2.9.zip,"2026-04-25 08:58:16",https://wordpress.org/themes/bridal-dresses/,,7.4,80
electrical-repair,"Electrical Repair",2.6,2.5,https://downloads.wordpress.org/theme/electrical-repair.2.6.zip,"2026-04-25 08:57:48",https://wordpress.org/themes/electrical-repair/,,7.4,20
italian-house-restaurant,"Italian House Restaurant",2.7,2.6,https://downloads.wordpress.org/theme/italian-house-restaurant.2.7.zip,"2026-04-25 08:57:06",https://wordpress.org/themes/italian-house-restaurant/,,7.4,40
landscape-gardening,"Landscape Gardening",3.0,2.9,https://downloads.wordpress.org/theme/landscape-gardening.3.0.zip,"2026-04-25 08:56:51",https://wordpress.org/themes/landscape-gardening/,,7.4,70
online-resume,"Online Resume",0.1.7,0.1.6,https://downloads.wordpress.org/theme/online-resume.0.1.7.zip,"2026-04-25 08:11:14",https://wordpress.org/themes/online-resume/,,5.6,80
online-school-courses,"Online School Courses",2.4,2.3,https://downloads.wordpress.org/theme/online-school-courses.2.4.zip,"2026-04-25 08:53:57",https://wordpress.org/themes/online-school-courses/,,7.4,80
restaurant-brunch,"Restaurant Brunch",2.5,2.4,https://downloads.wordpress.org/theme/restaurant-brunch.2.5.zip,"2026-04-25 08:53:28",https://wordpress.org/themes/restaurant-brunch/,,7.4,70
sports-accessories,"Sports Accessories",2.9,2.8,https://downloads.wordpress.org/theme/sports-accessories.2.9.zip,"2026-04-25 08:52:25",https://wordpress.org/themes/sports-accessories/,,7.4,30
veterinary-pet-wellness,"Veterinary Pet Wellness",2.5,2.4,https://downloads.wordpress.org/theme/veterinary-pet-wellness.2.5.zip,"2026-04-25 08:52:03",https://wordpress.org/themes/veterinary-pet-wellness/,,7.4,50
voltmaster-electrician,"Voltmaster Electrician",14.0,13.0,https://downloads.wordpress.org/theme/voltmaster-electrician.14.0.zip,"2026-04-25 09:00:46",https://wordpress.org/themes/voltmaster-electrician/,,7.4,40
wheel-alignment-service,"Wheel Alignment Service",2.3,2.2,https://downloads.wordpress.org/theme/wheel-alignment-service.2.3.zip,"2026-04-25 08:49:00",https://wordpress.org/themes/wheel-alignment-service/,,7.4,30
agency-elementor,"Agency Elementor",2.2,2.1,https://downloads.wordpress.org/theme/agency-elementor.2.2.zip,"2026-04-25 10:26:29",https://wordpress.org/themes/agency-elementor/,,5.6,100
automobile-elementor,"Automobile Elementor",2.0,1.9,https://downloads.wordpress.org/theme/automobile-elementor.2.0.zip,"2026-04-25 10:28:35",https://wordpress.org/themes/automobile-elementor/,,5.6,200
beauty-parlour-elementor,"Beauty Parlour Elementor",1.5,1.4,https://downloads.wordpress.org/theme/beauty-parlour-elementor.1.5.zip,"2026-04-25 10:29:31",https://wordpress.org/themes/beauty-parlour-elementor/,,5.6,200
bizblack,Bizblack,2.3,2.2,https://downloads.wordpress.org/theme/bizblack.2.3.zip,"2026-04-25 10:31:32",https://wordpress.org/themes/bizblack/,4.7,5.2.4,10
bizzmo,Bizzmo,2.0,1.19,https://downloads.wordpress.org/theme/bizzmo.2.0.zip,"2026-04-25 10:34:37",https://wordpress.org/themes/bizzmo/,4.7,5.2.4,70
business-company-elementor,"Business Company Elementor",1.4,1.3,https://downloads.wordpress.org/theme/business-company-elementor.1.4.zip,"2026-04-25 10:35:57",https://wordpress.org/themes/business-company-elementor/,,5.6,200
castell,Castell,2.20,1.19,https://downloads.wordpress.org/theme/castell.2.20.zip,"2026-04-25 10:36:57",https://wordpress.org/themes/castell/,4.7,5.2.4,30
cleaning-elementor,"Cleaning Elementor",1.6,1.5,https://downloads.wordpress.org/theme/cleaning-elementor.1.6.zip,"2026-04-25 10:38:48",https://wordpress.org/themes/cleaning-elementor/,,5.6,90
construction-elementor,"Construction Elementor",1.8,1.7,https://downloads.wordpress.org/theme/construction-elementor.1.8.zip,"2026-04-25 10:40:01",https://wordpress.org/themes/construction-elementor/,,5.6,100
education-elementor,"Education Elementor",2.0,1.9,https://downloads.wordpress.org/theme/education-elementor.2.0.zip,"2026-04-25 10:41:38",https://wordpress.org/themes/education-elementor/,,5.6,200
eshopping-cart,"eShopping Cart",1.0.4,1.0.3,https://downloads.wordpress.org/theme/eshopping-cart.1.0.4.zip,"2026-04-25 10:43:44",https://wordpress.org/themes/eshopping-cart/,,5.6,80
event-elementor,"Event Elementor",1.8,1.6,https://downloads.wordpress.org/theme/event-elementor.1.8.zip,"2026-04-25 10:44:37",https://wordpress.org/themes/event-elementor/,,5.6,100
finance-elementor,"Finance Elementor",2.2,2.0,https://downloads.wordpress.org/theme/finance-elementor.2.2.zip,"2026-04-25 10:46:04",https://wordpress.org/themes/finance-elementor/,,5.6,100
fse-business-blocks,"FSE Business Blocks",1.0.4,1.0.3,https://downloads.wordpress.org/theme/fse-business-blocks.1.0.4.zip,"2026-04-25 10:47:43",https://wordpress.org/themes/fse-business-blocks/,6.5,5.6,500
garden-elementor,"Garden Elementor",1.5,1.4,https://downloads.wordpress.org/theme/garden-elementor.1.5.zip,"2026-04-25 10:49:45",https://wordpress.org/themes/garden-elementor/,,5.6,100
gym-elementor,"Gym Elementor",1.9,1.8,https://downloads.wordpress.org/theme/gym-elementor.1.9.zip,"2026-04-25 10:51:02",https://wordpress.org/themes/gym-elementor/,,5.6,90
gymnaz,Gymnaz,8.2,8.1,https://downloads.wordpress.org/theme/gymnaz.8.2.zip,"2026-04-25 10:51:47",https://wordpress.org/themes/gymnaz/,4.7,5.2.4,60
health-service,"Health Service",2.2,2.1,https://downloads.wordpress.org/theme/health-service.2.2.zip,"2026-04-25 10:53:14",https://wordpress.org/themes/health-service/,4.7,5.2.4,200
hosting-elementor,"Hosting Elementor",1.3,1.2,https://downloads.wordpress.org/theme/hosting-elementor.1.3.zip,"2026-04-25 10:54:44",https://wordpress.org/themes/hosting-elementor/,,5.6,100
lawyer-elementor,"Lawyer Elementor",1.8,1.7,https://downloads.wordpress.org/theme/lawyer-elementor.1.8.zip,"2026-04-25 10:56:00",https://wordpress.org/themes/lawyer-elementor/,,5.6,100
medical-elementor,"Medical Elementor",1.0.9,1.0.8,https://downloads.wordpress.org/theme/medical-elementor.1.0.9.zip,"2026-04-25 10:56:52",https://wordpress.org/themes/medical-elementor/,,5.6,100
adventure-tourism,"Adventure Tourism",0.2.4,0.2.3,https://downloads.wordpress.org/theme/adventure-tourism.0.2.4.zip,"2026-04-25 11:12:41",https://wordpress.org/themes/adventure-tourism/,5.0,7.2,40
deep-cleaning,"Deep Cleaning",0.2.1,0.2.0,https://downloads.wordpress.org/theme/deep-cleaning.0.2.1.zip,"2026-04-25 11:12:21",https://wordpress.org/themes/deep-cleaning/,5.0,7.2,40
futuristic-architecture,"Futuristic Architecture",0.2.0,0.1.9,https://downloads.wordpress.org/theme/futuristic-architecture.0.2.0.zip,"2026-04-25 11:11:27",https://wordpress.org/themes/futuristic-architecture/,5.0,7.2,30
moviemaker,Moviemaker,0.2.2,0.2.1,https://downloads.wordpress.org/theme/moviemaker.0.2.2.zip,"2026-04-25 11:10:14",https://wordpress.org/themes/moviemaker/,5.0,7.2,50
personal-coach-lite,"Personal Coach Lite",0.2.4,0.2.3,https://downloads.wordpress.org/theme/personal-coach-lite.0.2.4.zip,"2026-04-25 11:09:22",https://wordpress.org/themes/personal-coach-lite/,5.0,7.2,10
pet-accessory-store,"Pet Accessory Store",0.2.2,0.2.1,https://downloads.wordpress.org/theme/pet-accessory-store.0.2.2.zip,"2026-04-25 11:08:31",https://wordpress.org/themes/pet-accessory-store/,5.0,7.2,50
recipe-maker,"Recipe Maker",0.2.1,0.2,https://downloads.wordpress.org/theme/recipe-maker.0.2.1.zip,"2026-04-25 11:07:43",https://wordpress.org/themes/recipe-maker/,5.0,7.2,50
social-media-marketing,"Social Media Marketing",0.2.0,0.1.9,https://downloads.wordpress.org/theme/social-media-marketing.0.2.0.zip,"2026-04-25 11:06:56",https://wordpress.org/themes/social-media-marketing/,5.0,7.2,60
spa-sauna,"Spa Sauna",0.2.0,0.1.9,https://downloads.wordpress.org/theme/spa-sauna.0.2.0.zip,"2026-04-25 11:06:27",https://wordpress.org/themes/spa-sauna/,5.0,7.2,30
store-eshop,"Store Eshop",0.1.9,0.1.8,https://downloads.wordpress.org/theme/store-eshop.0.1.9.zip,"2026-04-25 11:05:12",https://wordpress.org/themes/store-eshop/,5.0,7.2,100
virtual-yoga-sessions,"Virtual Yoga Sessions",0.2.0,0.1.9,https://downloads.wordpress.org/theme/virtual-yoga-sessions.0.2.0.zip,"2026-04-25 11:04:16",https://wordpress.org/themes/virtual-yoga-sessions/,5.0,7.2,30
water-delivery-services,"Water Delivery Services",0.2.3,0.2.2,https://downloads.wordpress.org/theme/water-delivery-services.0.2.3.zip,"2026-04-25 11:03:29",https://wordpress.org/themes/water-delivery-services/,5.0,7.2,40
ampark,Ampark,18.2,18.1,https://downloads.wordpress.org/theme/ampark.18.2.zip,"2026-04-25 13:17:49",https://wordpress.org/themes/ampark/,4.7,5.6,100
arowana,Arowana,19.2,19.1,https://downloads.wordpress.org/theme/arowana.19.2.zip,"2026-04-25 13:15:54",https://wordpress.org/themes/arowana/,4.7,5.6,300
avail,Avail,18.1,18.0,https://downloads.wordpress.org/theme/avail.18.1.zip,"2026-04-25 13:14:46",https://wordpress.org/themes/avail/,4.7,5.6,200
avenza,Avenza,2.1.1,2.1.0,https://downloads.wordpress.org/theme/avenza.2.1.1.zip,"2026-04-25 13:12:27",https://wordpress.org/themes/avenza/,,5.6,80
aviser,Aviser,18.1,18.0,https://downloads.wordpress.org/theme/aviser.18.1.zip,"2026-04-25 13:31:31",https://wordpress.org/themes/aviser/,4.7,5.6,200
avitech,Avitech,18.2,18.1,https://downloads.wordpress.org/theme/avitech.18.2.zip,"2026-04-25 13:11:55",https://wordpress.org/themes/avitech/,4.7,5.6,200
avtari,Avtari,18.2,18.1,https://downloads.wordpress.org/theme/avtari.18.2.zip,"2026-04-25 13:09:53",https://wordpress.org/themes/avtari/,4.7,5.6,100
axtia,Axtia,18.1,18.0,https://downloads.wordpress.org/theme/axtia.18.1.zip,"2026-04-25 13:30:46",https://wordpress.org/themes/axtia/,4.7,5.6,100
azwa,Azwa,18.3,18.2,https://downloads.wordpress.org/theme/azwa.18.3.zip,"2026-04-25 13:23:34",https://wordpress.org/themes/azwa/,4.7,5.6,200
car-service-center,"Car Service Center",4.0,3.9,https://downloads.wordpress.org/theme/car-service-center.4.0.zip,"2026-04-25 13:28:22",https://wordpress.org/themes/car-service-center/,,5.6,40
cardiopress,CardioPress,10.6,10.5,https://downloads.wordpress.org/theme/cardiopress.10.6.zip,"2026-04-25 13:28:44",https://wordpress.org/themes/cardiopress/,4.7,5.6,100
comoxa,Comoxa,18.1,18.0,https://downloads.wordpress.org/theme/comoxa.18.1.zip,"2026-04-25 13:27:50",https://wordpress.org/themes/comoxa/,4.7,5.6,100
cormex,Cormex,10.7,10.6,https://downloads.wordpress.org/theme/cormex.10.7.zip,"2026-04-25 13:20:53",https://wordpress.org/themes/cormex/,,5.6,30
envira,Envira,18.2,18.1,https://downloads.wordpress.org/theme/envira.18.2.zip,"2026-04-25 13:19:41",https://wordpress.org/themes/envira/,4.7,5.6,200
eventpress,EventPress,22.1,22.0,https://downloads.wordpress.org/theme/eventpress.22.1.zip,"2026-04-25 13:25:20",https://wordpress.org/themes/eventpress/,4.7,5.6,500
evion,Evion,8.7,8.6,https://downloads.wordpress.org/theme/evion.8.7.zip,"2026-04-25 13:24:19",https://wordpress.org/themes/evion/,4.7,5.6,10
fiona-news,"Fiona News",18.4,18.3,https://downloads.wordpress.org/theme/fiona-news.18.4.zip,"2026-04-25 13:17:29",https://wordpress.org/themes/fiona-news/,4.7,5.6,60
grocery-supermarket-chain,"Grocery Supermarket Chain",3.9,3.8,https://downloads.wordpress.org/theme/grocery-supermarket-chain.3.9.zip,"2026-04-25 13:31:01",https://wordpress.org/themes/grocery-supermarket-chain/,,5.6,30
interactive-education,"Interactive Education",3.6,3.5,https://downloads.wordpress.org/theme/interactive-education.3.6.zip,"2026-04-25 13:29:16",https://wordpress.org/themes/interactive-education/,,5.6,40
law-justice,"Law Justice",1.3.1,1.3,https://downloads.wordpress.org/theme/law-justice.1.3.1.zip,"2026-04-25 13:26:36",https://wordpress.org/themes/law-justice/,,5.6,40
marketr,Marketr,1.2.4,1.2.3,https://downloads.wordpress.org/theme/marketr.1.2.4.zip,"2026-04-25 13:24:13",https://wordpress.org/themes/marketr/,,5.6,10
medo-pixel,"Medo Pixel",1.2.6,1.2.5,https://downloads.wordpress.org/theme/medo-pixel.1.2.6.zip,"2026-04-25 13:24:27",https://wordpress.org/themes/medo-pixel/,,5.6,10
news25-breaking,"News25 Breaking",2.4,2.3,https://downloads.wordpress.org/theme/news25-breaking.2.4.zip,"2026-04-25 13:16:40",https://wordpress.org/themes/news25-breaking/,4.7,5.6,100
nexcraft-bpo,"Nexcraft BPO",9.1,9.0,https://downloads.wordpress.org/theme/nexcraft-bpo.9.1.zip,"2026-04-25 13:22:42",https://wordpress.org/themes/nexcraft-bpo/,,5.6,20
pixel-digital-marketing,"Pixel Digital Marketing",4.0,3.9,https://downloads.wordpress.org/theme/pixel-digital-marketing.4.0.zip,"2026-04-25 13:30:12",https://wordpress.org/themes/pixel-digital-marketing/,,5.6,40
pixel-ebook-store,"Pixel Ebook Store",3.6,3.5,https://downloads.wordpress.org/theme/pixel-ebook-store.3.6.zip,"2026-04-25 13:29:17",https://wordpress.org/themes/pixel-ebook-store/,,5.6,50
pixel-hair-spa,"Pixel Hair Spa",3.8,3.7,https://downloads.wordpress.org/theme/pixel-hair-spa.3.8.zip,"2026-04-25 13:30:00",https://wordpress.org/themes/pixel-hair-spa/,,5.6,40
pixel-photography,"Pixel Photography",1.3.0,1.2.9,https://downloads.wordpress.org/theme/pixel-photography.1.3.0.zip,"2026-04-25 13:26:26",https://wordpress.org/themes/pixel-photography/,,5.6,40
pixel-transport,"Pixel Transport",1.3.2,1.3.1,https://downloads.wordpress.org/theme/pixel-transport.1.3.2.zip,"2026-04-25 13:25:16",https://wordpress.org/themes/pixel-transport/,,5.6,40
profolio,Profolio,10.3,10.2,https://downloads.wordpress.org/theme/profolio.10.3.zip,"2026-04-25 13:15:30",https://wordpress.org/themes/profolio/,,5.6,70
shadiant,Shadiant,7.2,7.1,https://downloads.wordpress.org/theme/shadiant.7.2.zip,"2026-04-25 13:32:42",https://wordpress.org/themes/shadiant/,4.7,5.6,10
spa-skincare,"Spa Skincare",1.3.0,1.2.9,https://downloads.wordpress.org/theme/spa-skincare.1.3.0.zip,"2026-04-25 13:25:34",https://wordpress.org/themes/spa-skincare/,,5.6,20
techine,Techine,18.2,18.1,https://downloads.wordpress.org/theme/techine.18.2.zip,"2026-04-25 13:14:10",https://wordpress.org/themes/techine/,4.7,5.6,100
thai-spa,"Thai Spa",18.4,18.3,https://downloads.wordpress.org/theme/thai-spa.18.4.zip,"2026-04-25 13:24:47",https://wordpress.org/themes/thai-spa/,4.7,5.6,300
timeblog,TimeBlog,14.4,14.3,https://downloads.wordpress.org/theme/timeblog.14.4.zip,"2026-04-25 13:23:06",https://wordpress.org/themes/timeblog/,4.7,5.6,100
webaura,WebAura,2.7,2.6,https://downloads.wordpress.org/theme/webaura.2.7.zip,"2026-04-25 13:28:19",https://wordpress.org/themes/webaura/,4.7,5.6,80
webora,Webora,4.4,4.3,https://downloads.wordpress.org/theme/webora.4.4.zip,"2026-04-25 13:32:18",https://wordpress.org/themes/webora/,4.7,5.6,100
websy,Websy,4.4,4.3,https://downloads.wordpress.org/theme/websy.4.4.zip,"2026-04-25 13:26:59",https://wordpress.org/themes/websy/,4.7,5.6,200
author-personal-blog,"Author Personal Blog",3.2.56,3.2.55,https://downloads.wordpress.org/theme/author-personal-blog.3.2.56.zip,"2026-04-25 17:03:12",https://wordpress.org/themes/author-personal-blog/,4.9,8.0,200
author-portfolio,"Author Portfolio",4.2.51,4.2.50,https://downloads.wordpress.org/theme/author-portfolio.4.2.51.zip,"2026-04-25 17:07:39",https://wordpress.org/themes/author-portfolio/,5.0,8.0,200
authorpro,AuthorPro,1.0.5,1.0.4,https://downloads.wordpress.org/theme/authorpro.1.0.5.zip,"2026-04-25 17:16:00",https://wordpress.org/themes/authorpro/,6.0,7.4,20
wpwriter,WPWriter,3.5.6,3.5.5,https://downloads.wordpress.org/theme/wpwriter.3.5.6.zip,"2026-04-25 17:48:13",https://wordpress.org/themes/wpwriter/,5.6,7.4,30
newspare,NewSpare,4.1.1,4.1.0,https://downloads.wordpress.org/theme/newspare.4.1.1.zip,"2026-04-25 17:58:10",https://wordpress.org/themes/newspare/,5.0,5.0,300
education-reform,"Education Reform",1.4.1,1.4.0,https://downloads.wordpress.org/theme/education-reform.1.4.1.zip,"2026-04-25 19:28:18",https://wordpress.org/themes/education-reform/,5.3,7.2,90
medical-care-unit,"Medical Care Unit",1.4.2,1.4.1,https://downloads.wordpress.org/theme/medical-care-unit.1.4.2.zip,"2026-04-25 19:27:57",https://wordpress.org/themes/medical-care-unit/,5.3,7.2,90
omega-blogs,"Omega Blogs",1.5.0,1.4.9,https://downloads.wordpress.org/theme/omega-blogs.1.5.0.zip,"2026-04-25 19:27:18",https://wordpress.org/themes/omega-blogs/,5.3,7.2,70
omega-jewelry-store,"Omega Jewelry Store",1.4.1,1.4.0,https://downloads.wordpress.org/theme/omega-jewelry-store.1.4.1.zip,"2026-04-25 19:26:58",https://wordpress.org/themes/omega-jewelry-store/,5.3,7.2,200
packers-movers-company,"Packers Movers Company",1.4.2,1.4.1,https://downloads.wordpress.org/theme/packers-movers-company.1.4.2.zip,"2026-04-25 19:26:37",https://wordpress.org/themes/packers-movers-company/,5.3,7.2,60
solar-energy-engine,"Solar Energy Engine",1.4.0,1.3.9,https://downloads.wordpress.org/theme/solar-energy-engine.1.4.0.zip,"2026-04-25 19:25:42",https://wordpress.org/themes/solar-energy-engine/,5.4,7.2,70
storefront-eshop,"Storefront Eshop",1.4.0,1.3.9,https://downloads.wordpress.org/theme/storefront-eshop.1.4.0.zip,"2026-04-25 19:22:37",https://wordpress.org/themes/storefront-eshop/,5.3,5.6,70
simplexp,SimpleXP,1.2.5,1.2.4,https://downloads.wordpress.org/theme/simplexp.1.2.5.zip,"2026-04-26 07:37:39",https://wordpress.org/themes/simplexp/,,5.6,60
substrata,Substrata,1.0.2,,https://downloads.wordpress.org/theme/substrata.1.0.2.zip,"2026-04-26 06:46:22",https://wordpress.org/themes/substrata/,6.8,7.2,0
bharat-ai-marketing,"Bharat AI Marketing",1.1.2,1.0.5,https://downloads.wordpress.org/theme/bharat-ai-marketing.1.1.2.zip,"2026-04-26 10:48:01",https://wordpress.org/themes/bharat-ai-marketing/,6.4,7.4,100
non-profit-elementor,"Non Profit Elementor",1.9,1.8,https://downloads.wordpress.org/theme/non-profit-elementor.1.9.zip,"2026-04-26 12:58:51",https://wordpress.org/themes/non-profit-elementor/,,5.6,100
photography-elementor,"Photography Elementor",1.7,1.6,https://downloads.wordpress.org/theme/photography-elementor.1.7.zip,"2026-04-26 12:59:32",https://wordpress.org/themes/photography-elementor/,,5.6,200
real-estate-elementor,"Real Estate Elementor",2.1,2.0,https://downloads.wordpress.org/theme/real-estate-elementor.2.1.zip,"2026-04-26 13:01:13",https://wordpress.org/themes/real-estate-elementor/,,5.6,200
religion-elementor,"Religion Elementor",1.6,1.5,https://downloads.wordpress.org/theme/religion-elementor.1.6.zip,"2026-04-26 13:02:01",https://wordpress.org/themes/religion-elementor/,,5.6,100
restaurant-elementor,"Restaurant Elementor",1.8,1.7,https://downloads.wordpress.org/theme/restaurant-elementor.1.8.zip,"2026-04-26 13:02:59",https://wordpress.org/themes/restaurant-elementor/,,5.6,100
shopping-kart-wp,"Shopping Kart WP",1.0.5,1.0.4,https://downloads.wordpress.org/theme/shopping-kart-wp.1.0.5.zip,"2026-04-26 13:04:05",https://wordpress.org/themes/shopping-kart-wp/,,5.6,20
software-elementor,"Software Elementor",1.7,1.5,https://downloads.wordpress.org/theme/software-elementor.1.7.zip,"2026-04-26 13:05:34",https://wordpress.org/themes/software-elementor/,,5.6,100
techbit,Techbit,3.1,3.0,https://downloads.wordpress.org/theme/techbit.3.1.zip,"2026-04-26 13:06:14",https://wordpress.org/themes/techbit/,4.7,5.2.4,50
techup,Techup,2.3,2.2,https://downloads.wordpress.org/theme/techup.2.3.zip,"2026-04-26 13:07:01",https://wordpress.org/themes/techup/,4.7,5.2.4,400
wedding-elementor,"Wedding Elementor",1.7,1.6,https://downloads.wordpress.org/theme/wedding-elementor.1.7.zip,"2026-04-26 13:07:53",https://wordpress.org/themes/wedding-elementor/,,5.6,100
aster-bike-rental,"Aster Bike Rental",3.6,3.5,https://downloads.wordpress.org/theme/aster-bike-rental.3.6.zip,"2026-04-26 16:35:17",https://wordpress.org/themes/aster-bike-rental/,,7.4,30
aster-photography,"Aster Photography",3.7,3.6,https://downloads.wordpress.org/theme/aster-photography.3.7.zip,"2026-04-26 16:39:04",https://wordpress.org/themes/aster-photography/,,7.4,30
aster-startup,"Aster Startup",3.4,3.3,https://downloads.wordpress.org/theme/aster-startup.3.4.zip,"2026-04-26 16:39:43",https://wordpress.org/themes/aster-startup/,,7.4,10
aster-travel-blog,"Aster Travel Blog",2.3,2.2,https://downloads.wordpress.org/theme/aster-travel-blog.2.3.zip,"2026-04-26 16:43:58",https://wordpress.org/themes/aster-travel-blog/,,7.4,100
cat-groomer,"Cat Groomer",3.3,3.2,https://downloads.wordpress.org/theme/cat-groomer.3.3.zip,"2026-04-26 16:40:35",https://wordpress.org/themes/cat-groomer/,,7.4,40
cleaning-services-agent,"Cleaning Services Agent",2.4,2.3,https://downloads.wordpress.org/theme/cleaning-services-agent.2.4.zip,"2026-04-26 16:41:50",https://wordpress.org/themes/cleaning-services-agent/,,7.4,50
retailer-bookstore,"Retailer Bookstore",2.6,2.5,https://downloads.wordpress.org/theme/retailer-bookstore.2.6.zip,"2026-04-26 16:37:54",https://wordpress.org/themes/retailer-bookstore/,,7.4,80
roof-water-proofing,"Roof Water Proofing",3.6,3.5,https://downloads.wordpress.org/theme/roof-water-proofing.3.6.zip,"2026-04-26 16:37:03",https://wordpress.org/themes/roof-water-proofing/,,7.4,20
sports-nutritionist,"Sports Nutritionist",2.5,2.4,https://downloads.wordpress.org/theme/sports-nutritionist.2.5.zip,"2026-04-26 16:36:32",https://wordpress.org/themes/sports-nutritionist/,,7.4,30
wedding-ceremony,"Wedding Ceremony",2.9,2.8,https://downloads.wordpress.org/theme/wedding-ceremony.2.9.zip,"2026-04-26 16:35:54",https://wordpress.org/themes/wedding-ceremony/,,7.2,40
super-agency,"Super Agency",1.0.6,1.0.5,https://downloads.wordpress.org/theme/super-agency.1.0.6.zip,"2026-04-26 18:28:57",https://wordpress.org/themes/super-agency/,6.1,7.4,200
blogarise,BlogArise,1.6.1,1.6.0,https://downloads.wordpress.org/theme/blogarise.1.6.1.zip,"2026-04-27 02:19:09",https://wordpress.org/themes/blogarise/,6.7,7.4,4000
blogdata,BlogData,1.7.9,1.7.8,https://downloads.wordpress.org/theme/blogdata.1.7.9.zip,"2026-04-27 02:22:54",https://wordpress.org/themes/blogdata/,6.7,7.4,2000
blogus,Blogus,2.9.4,2.9.3,https://downloads.wordpress.org/theme/blogus.2.9.4.zip,"2026-04-27 02:18:07",https://wordpress.org/themes/blogus/,6.7,7.4,10000
church-community,"Church Community",1.4,1.2,https://downloads.wordpress.org/theme/church-community.1.4.zip,"2026-04-27 03:34:11",https://wordpress.org/themes/church-community/,6.1,5.6,40
corporate-firm,"Corporate Firm",2.4,2.3,https://downloads.wordpress.org/theme/corporate-firm.2.4.zip,"2026-04-27 03:37:22",https://wordpress.org/themes/corporate-firm/,6.1,5.6,200
dermatologist-clinic,"Dermatologist Clinic",2.7,2.6,https://downloads.wordpress.org/theme/dermatologist-clinic.2.7.zip,"2026-04-27 03:37:03",https://wordpress.org/themes/dermatologist-clinic/,6.1,5.6,90
farm-cultivation,"Farm Cultivation",2.6,2.5,https://downloads.wordpress.org/theme/farm-cultivation.2.6.zip,"2026-04-27 03:36:05",https://wordpress.org/themes/farm-cultivation/,6.1,5.6,300
horse-saddle,"Horse Saddle",2.1,2.0,https://downloads.wordpress.org/theme/horse-saddle.2.1.zip,"2026-04-27 03:33:48",https://wordpress.org/themes/horse-saddle/,6.1,5.6,100
laundry-cleaning,"Laundry Cleaning",1.0.2,1.0.1,https://downloads.wordpress.org/theme/laundry-cleaning.1.0.2.zip,"2026-04-27 03:33:14",https://wordpress.org/themes/laundry-cleaning/,6.1,5.6,50
newsair,Newsair,2.2.3,2.2.2,https://downloads.wordpress.org/theme/newsair.2.2.3.zip,"2026-04-27 02:19:48",https://wordpress.org/themes/newsair/,6.7,7.4,1000
newses,Newses,2.0.0.75,2.0.0.74,https://downloads.wordpress.org/theme/newses.2.0.0.75.zip,"2026-04-27 02:21:23",https://wordpress.org/themes/newses/,6.6,7.4,2000
newspaperup,Newspaperup,1.7.2,1.7.1,https://downloads.wordpress.org/theme/newspaperup.1.7.2.zip,"2026-04-27 02:20:45",https://wordpress.org/themes/newspaperup/,6.7,7.4,1000
newsup,Newsup,5.3.6,5.3.5,https://downloads.wordpress.org/theme/newsup.5.3.6.zip,"2026-04-27 02:17:10",https://wordpress.org/themes/newsup/,6.7,7.4,10000
online-retailer,"Online Retailer",3.1,3.0,https://downloads.wordpress.org/theme/online-retailer.3.1.zip,"2026-04-27 03:42:27",https://wordpress.org/themes/online-retailer/,6.1,5.6,80
pizza-delivery,"Pizza Delivery",2.9,2.8,https://downloads.wordpress.org/theme/pizza-delivery.2.9.zip,"2026-04-27 03:40:58",https://wordpress.org/themes/pizza-delivery/,6.1,5.6,80
recipe-blogs,"Recipe Blogs",3.1,3.0,https://downloads.wordpress.org/theme/recipe-blogs.3.1.zip,"2026-04-27 03:40:45",https://wordpress.org/themes/recipe-blogs/,6.1,5.6,100
saas-company,"SAAS Company",3.1,3.0,https://downloads.wordpress.org/theme/saas-company.3.1.zip,"2026-04-27 03:39:15",https://wordpress.org/themes/saas-company/,6.1,5.6,200
waste-management-firm,"Waste Management Firm",2.3,2.2,https://downloads.wordpress.org/theme/waste-management-firm.2.3.zip,"2026-04-27 03:35:46",https://wordpress.org/themes/waste-management-firm/,6.1,5.6,200
waterproofing-services,"Waterproofing Services",2.8,2.7,https://downloads.wordpress.org/theme/waterproofing-services.2.8.zip,"2026-04-27 03:35:12",https://wordpress.org/themes/waterproofing-services/,6.1,5.6,70
web-designer-portfolio,"Web Designer Portfolio",2.9,2.8,https://downloads.wordpress.org/theme/web-designer-portfolio.2.9.zip,"2026-04-27 03:34:58",https://wordpress.org/themes/web-designer-portfolio/,6.1,5.6,200
amusement-park,"Amusement Park",3.8,3.7,https://downloads.wordpress.org/theme/amusement-park.3.8.zip,"2026-04-27 05:53:18",https://wordpress.org/themes/amusement-park/,5.0,5.6,90
babysitter-childcare,"Babysitter Childcare",2.8,2.7,https://downloads.wordpress.org/theme/babysitter-childcare.2.8.zip,"2026-04-27 05:52:40",https://wordpress.org/themes/babysitter-childcare/,5.0,5.6,60
carpenter-workshop,"Carpenter Workshop",3.9,3.8,https://downloads.wordpress.org/theme/carpenter-workshop.3.9.zip,"2026-04-27 05:52:26",https://wordpress.org/themes/carpenter-workshop/,5.0,5.6,20
fitness-supplement-store,"Fitness Supplement Store",3.8,3.7,https://downloads.wordpress.org/theme/fitness-supplement-store.3.8.zip,"2026-04-27 05:51:44",https://wordpress.org/themes/fitness-supplement-store/,5.0,5.6,100
forest-eco-nature,"Forest Eco Nature",3.6,3.5,https://downloads.wordpress.org/theme/forest-eco-nature.3.6.zip,"2026-04-27 05:51:20",https://wordpress.org/themes/forest-eco-nature/,5.0,5.6,80
hair-spa-salon,"Hair Spa Salon",3.1,3.0,https://downloads.wordpress.org/theme/hair-spa-salon.3.1.zip,"2026-04-27 05:51:03",https://wordpress.org/themes/hair-spa-salon/,5.0,5.6,50
hardware-store-hub,"Hardware Store Hub",4.2,4.1,https://downloads.wordpress.org/theme/hardware-store-hub.4.2.zip,"2026-04-27 05:49:52",https://wordpress.org/themes/hardware-store-hub/,5.0,5.6,90
holiday-vacation,"Holiday Vacation",4.1,4.0,https://downloads.wordpress.org/theme/holiday-vacation.4.1.zip,"2026-04-27 05:49:43",https://wordpress.org/themes/holiday-vacation/,5.0,5.6,100
hr-staffing-agency,"HR Staffing Agency",1.1,0.1,https://downloads.wordpress.org/theme/hr-staffing-agency.1.1.zip,"2026-04-27 05:04:16",https://wordpress.org/themes/hr-staffing-agency/,5.0,5.6,20
matangi,Matangi,1.4.0,1.3.1,https://downloads.wordpress.org/theme/matangi.1.4.0.zip,"2026-04-27 04:36:34",https://wordpress.org/themes/matangi/,,7.0,30
mechanical-industry,"Mechanical Industry",4.1,4.0,https://downloads.wordpress.org/theme/mechanical-industry.4.1.zip,"2026-04-27 05:49:09",https://wordpress.org/themes/mechanical-industry/,5.0,5.6,50
pharmacy-shop,"Pharmacy Shop",4.8,4.7,https://downloads.wordpress.org/theme/pharmacy-shop.4.8.zip,"2026-04-27 05:48:14",https://wordpress.org/themes/pharmacy-shop/,5.0,5.6,60
real-estate-hub,"Real Estate Hub",5.1,5.0,https://downloads.wordpress.org/theme/real-estate-hub.5.1.zip,"2026-04-27 05:47:34",https://wordpress.org/themes/real-estate-hub/,5.0,5.6,100
stylish-blog,"Stylish Blog",4.0,3.9,https://downloads.wordpress.org/theme/stylish-blog.4.0.zip,"2026-04-27 05:46:55",https://wordpress.org/themes/stylish-blog/,5.0,5.6,100
window-blinds-repair,"Window Blinds Repair",2.8,2.7,https://downloads.wordpress.org/theme/window-blinds-repair.2.8.zip,"2026-04-27 05:24:57",https://wordpress.org/themes/window-blinds-repair/,5.0,5.6,70
modern-dental-clinic,"Modern Dental Clinic",2.0,,https://downloads.wordpress.org/theme/modern-dental-clinic.2.0.zip,"2026-04-27 04:46:25",https://wordpress.org/themes/modern-dental-clinic/,5.0,7.4,0
nonprofit-give,"Nonprofit Give",0.1,,https://downloads.wordpress.org/theme/nonprofit-give.0.1.zip,"2026-04-27 04:46:32",https://wordpress.org/themes/nonprofit-give/,,7.2,0
adventure-resort,"Adventure Resort",0.2.7,0.2.6,https://downloads.wordpress.org/theme/adventure-resort.0.2.7.zip,"2026-04-27 07:28:20",https://wordpress.org/themes/adventure-resort/,5.0,7.2,90
astra,Astra,4.13.1,4.13.0,https://downloads.wordpress.org/theme/astra.4.13.1.zip,"2026-04-27 08:20:55",https://wordpress.org/themes/astra/,5.3,5.3,1000000
bakery-cafe,"Bakery Cafe",6.6,6.5,https://downloads.wordpress.org/theme/bakery-cafe.6.6.zip,"2026-04-27 08:34:50",https://wordpress.org/themes/bakery-cafe/,5.0,7.2,100
brandy,Brandy,1.5.7,1.5.6,https://downloads.wordpress.org/theme/brandy.1.5.7.zip,"2026-04-27 06:40:42",https://wordpress.org/themes/brandy/,5.0,5.3,100
cinematic-videos,"Cinematic Videos",0.2.8,0.2.7,https://downloads.wordpress.org/theme/cinematic-videos.0.2.8.zip,"2026-04-27 07:26:59",https://wordpress.org/themes/cinematic-videos/,5.0,7.2,90
construction-demolition-services,"Construction Demolition Services",0.2.5,0.2.4,https://downloads.wordpress.org/theme/construction-demolition-services.0.2.5.zip,"2026-04-27 07:31:30",https://wordpress.org/themes/construction-demolition-services/,5.0,7.2,80
construction-services-company,"Construction Services Company",6.2,6.1,https://downloads.wordpress.org/theme/construction-services-company.6.2.zip,"2026-04-27 08:34:30",https://wordpress.org/themes/construction-services-company/,5.0,7.2,100
cooking-master-class,"Cooking Master Class",0.7.5,0.7.4,https://downloads.wordpress.org/theme/cooking-master-class.0.7.5.zip,"2026-04-27 07:26:24",https://wordpress.org/themes/cooking-master-class/,5.0,7.2,50
cosmetics-salon,"Cosmetics Salon",0.5.7,0.5.6,https://downloads.wordpress.org/theme/cosmetics-salon.0.5.7.zip,"2026-04-27 07:25:52",https://wordpress.org/themes/cosmetics-salon/,5.0,7.2,60
diet-consultant,"Diet Consultant",0.4.9,0.4.8,https://downloads.wordpress.org/theme/diet-consultant.0.4.9.zip,"2026-04-27 07:32:54",https://wordpress.org/themes/diet-consultant/,5.0,7.2,0
eco-nature-zone,"Eco Nature Zone",0.2.3,0.2.2,https://downloads.wordpress.org/theme/eco-nature-zone.0.2.3.zip,"2026-04-27 07:25:40",https://wordpress.org/themes/eco-nature-zone/,5.0,7.2,100
flower-delivery-shop,"Flower Delivery Shop",0.5.5,0.5.4,https://downloads.wordpress.org/theme/flower-delivery-shop.0.5.5.zip,"2026-04-27 07:32:36",https://wordpress.org/themes/flower-delivery-shop/,5.0,7.2,30
freelancer-digital-agency,"Freelancer Digital Agency",6.2,6.1,https://downloads.wordpress.org/theme/freelancer-digital-agency.6.2.zip,"2026-04-27 08:33:52",https://wordpress.org/themes/freelancer-digital-agency/,5.0,7.2,50
gymnastics-center,"Gymnastics Center",0.3.2,0.3.1,https://downloads.wordpress.org/theme/gymnastics-center.0.3.2.zip,"2026-04-27 07:05:02",https://wordpress.org/themes/gymnastics-center/,5.0,5.6,30
house-dealer,"House Dealer",0.1.4,0.1.2,https://downloads.wordpress.org/theme/house-dealer.0.1.4.zip,"2026-04-27 07:05:08",https://wordpress.org/themes/house-dealer/,5.0,5.6,100
internet-provider,"Internet Provider",5.4.3,5.4.2,https://downloads.wordpress.org/theme/internet-provider.5.4.3.zip,"2026-04-27 07:04:50",https://wordpress.org/themes/internet-provider/,5.0,5.6,100
it-security,"IT Security",0.3.5,0.3.4,https://downloads.wordpress.org/theme/it-security.0.3.5.zip,"2026-04-27 07:04:46",https://wordpress.org/themes/it-security/,5.0,5.6,100
jewellery-shop,"Jewellery Shop",4.9.1,4.9,https://downloads.wordpress.org/theme/jewellery-shop.4.9.1.zip,"2026-04-27 07:04:21",https://wordpress.org/themes/jewellery-shop/,5.0,5.6,70
juice-center,"Juice Center",1.5.2,1.5.1,https://downloads.wordpress.org/theme/juice-center.1.5.2.zip,"2026-04-27 07:03:08",https://wordpress.org/themes/juice-center/,5.0,5.6,50
kindergarten-playschool,"Kindergarten Playschool",0.2.9,0.2.8,https://downloads.wordpress.org/theme/kindergarten-playschool.0.2.9.zip,"2026-04-27 07:23:49",https://wordpress.org/themes/kindergarten-playschool/,5.0,7.2,90
kitchen-interior-design,"Kitchen Interior Design",0.2.6,0.2.5,https://downloads.wordpress.org/theme/kitchen-interior-design.0.2.6.zip,"2026-04-27 07:23:04",https://wordpress.org/themes/kitchen-interior-design/,5.0,7.2,60
landscape-architecture,"Landscape Architecture",1.4.6,1.4.5,https://downloads.wordpress.org/theme/landscape-architecture.1.4.6.zip,"2026-04-27 07:04:11",https://wordpress.org/themes/landscape-architecture/,5.0,5.6,60
live-artist,"Live Artist",0.3.0,0.2.9,https://downloads.wordpress.org/theme/live-artist.0.3.0.zip,"2026-04-27 07:02:44",https://wordpress.org/themes/live-artist/,5.0,5.6,40
logistic-cargo-trucking,"Logistic Cargo Trucking",6.3,6.2,https://downloads.wordpress.org/theme/logistic-cargo-trucking.6.3.zip,"2026-04-27 08:33:35",https://wordpress.org/themes/logistic-cargo-trucking/,5.0,7.2,100
logistic-warehouse,"Logistic Warehouse",0.3.0,0.2.9,https://downloads.wordpress.org/theme/logistic-warehouse.0.3.0.zip,"2026-04-27 07:02:37",https://wordpress.org/themes/logistic-warehouse/,5.0,5.6,50
luxury-interior,"Luxury Interior",1.4.2,1.4.1,https://downloads.wordpress.org/theme/luxury-interior.1.4.2.zip,"2026-04-27 07:02:00",https://wordpress.org/themes/luxury-interior/,5.0,5.6,80
mega-store-woocommerce,"Mega Store Woocommerce",6.2,6.1,https://downloads.wordpress.org/theme/mega-store-woocommerce.6.2.zip,"2026-04-27 08:32:49",https://wordpress.org/themes/mega-store-woocommerce/,5.0,7.2,100
online-educational-courses,"Online Educational Courses",0.2.1,0.1.10,https://downloads.wordpress.org/theme/online-educational-courses.0.2.1.zip,"2026-04-27 07:21:57",https://wordpress.org/themes/online-educational-courses/,5.0,7.2,70
real-fitness,"Real Fitness",1.4.0,1.3.9,https://downloads.wordpress.org/theme/real-fitness.1.4.0.zip,"2026-04-27 07:17:19",https://wordpress.org/themes/real-fitness/,5.0,5.6,100
realestate-agent,"Realestate Agent",6.1,6.0,https://downloads.wordpress.org/theme/realestate-agent.6.1.zip,"2026-04-27 08:32:42",https://wordpress.org/themes/realestate-agent/,5.0,7.2,100
rehab-center,"Rehab Center",0.3.3,0.3.2,https://downloads.wordpress.org/theme/rehab-center.0.3.3.zip,"2026-04-27 07:16:45",https://wordpress.org/themes/rehab-center/,5.0,5.6,30
robotics-services,"Robotics Services",0.4.2,0.4.1,https://downloads.wordpress.org/theme/robotics-services.0.4.2.zip,"2026-04-27 07:15:38",https://wordpress.org/themes/robotics-services/,5.0,5.6,30
roofing-flooring,"Roofing Flooring",0.2.5,0.2.4,https://downloads.wordpress.org/theme/roofing-flooring.0.2.5.zip,"2026-04-27 07:21:14",https://wordpress.org/themes/roofing-flooring/,5.0,7.2,20
roofing-installation,"Roofing Installation",0.3.2,0.3.1,https://downloads.wordpress.org/theme/roofing-installation.0.3.2.zip,"2026-04-27 07:14:53",https://wordpress.org/themes/roofing-installation/,5.0,5.6,20
seafood-shop,"Seafood Shop",0.3.8,0.3.6,https://downloads.wordpress.org/theme/seafood-shop.0.3.8.zip,"2026-04-27 07:14:43",https://wordpress.org/themes/seafood-shop/,5.0,5.6,200
shipping-company,"Shipping Company",0.2.9,0.2.7,https://downloads.wordpress.org/theme/shipping-company.0.2.9.zip,"2026-04-27 07:13:57",https://wordpress.org/themes/shipping-company/,5.0,5.6,90
skin-care-products,"Skin Care Products",0.2.5,0.2.4,https://downloads.wordpress.org/theme/skin-care-products.0.2.5.zip,"2026-04-27 07:20:54",https://wordpress.org/themes/skin-care-products/,5.0,7.2,50
vr-games,"VR Games",0.2.4,0.2.3,https://downloads.wordpress.org/theme/vr-games.0.2.4.zip,"2026-04-27 07:20:28",https://wordpress.org/themes/vr-games/,5.0,7.2,90
all-cleaning-services,"All Cleaning Services",1.0.12,1.0.11,https://downloads.wordpress.org/theme/all-cleaning-services.1.0.12.zip,"2026-04-27 09:32:50",https://wordpress.org/themes/all-cleaning-services/,,5.6,10
altra,Altra,1.1.45,1.1.44,https://downloads.wordpress.org/theme/altra.1.1.45.zip,"2026-04-27 11:08:28",https://wordpress.org/themes/altra/,4.7,5.6,100
aster-dental-clinic,"Aster Dental Clinic",4.4,4.3,https://downloads.wordpress.org/theme/aster-dental-clinic.4.4.zip,"2026-04-27 10:06:44",https://wordpress.org/themes/aster-dental-clinic/,,7.4,40
atrux,Atrux,1.1.28,1.1.27,https://downloads.wordpress.org/theme/atrux.1.1.28.zip,"2026-04-27 11:11:25",https://wordpress.org/themes/atrux/,4.7,5.6,70
atua,Atua,1.1.60,1.1.59,https://downloads.wordpress.org/theme/atua.1.1.60.zip,"2026-04-27 11:07:41",https://wordpress.org/themes/atua/,4.7,5.6,500
atus,Atus,1.1.40,1.1.39,https://downloads.wordpress.org/theme/atus.1.1.40.zip,"2026-04-27 11:10:22",https://wordpress.org/themes/atus/,4.7,5.6,100
atuvi,Atuvi,1.0.90,1.0.89,https://downloads.wordpress.org/theme/atuvi.1.0.90.zip,"2026-04-27 11:12:57",https://wordpress.org/themes/atuvi/,4.7,5.6,100
atuxa,Atuxa,1.0.95,1.0.94,https://downloads.wordpress.org/theme/atuxa.1.0.95.zip,"2026-04-27 11:12:28",https://wordpress.org/themes/atuxa/,4.7,5.6,70
avvy,Avvy,1.1.42,1.1.41,https://downloads.wordpress.org/theme/avvy.1.1.42.zip,"2026-04-27 11:09:52",https://wordpress.org/themes/avvy/,4.7,5.6,60
bakery-confectionery,"Bakery Confectionery",4.5,4.4,https://downloads.wordpress.org/theme/bakery-confectionery.4.5.zip,"2026-04-27 10:06:09",https://wordpress.org/themes/bakery-confectionery/,,7.4,30
bridal-jewelry-store,"Bridal Jewelry Store",3.9,3.8,https://downloads.wordpress.org/theme/bridal-jewelry-store.3.9.zip,"2026-04-27 10:05:07",https://wordpress.org/themes/bridal-jewelry-store/,,7.4,40
construction-engineer,"Construction Engineer",4.3,4.2,https://downloads.wordpress.org/theme/construction-engineer.4.3.zip,"2026-04-27 10:04:49",https://wordpress.org/themes/construction-engineer/,,7.4,40
doctor-physician,"Doctor Physician",3.9,3.8,https://downloads.wordpress.org/theme/doctor-physician.3.9.zip,"2026-04-27 10:04:05",https://wordpress.org/themes/doctor-physician/,,7.4,30
ecommerce-clothing,"Ecommerce Clothing",3.9,3.8,https://downloads.wordpress.org/theme/ecommerce-clothing.3.9.zip,"2026-04-27 10:03:38",https://wordpress.org/themes/ecommerce-clothing/,,7.4,200
flexea,Flexea,1.1.30,1.1.29,https://downloads.wordpress.org/theme/flexea.1.1.30.zip,"2026-04-27 11:10:51",https://wordpress.org/themes/flexea/,4.7,5.6,200
flexeo,Flexeo,1.1.49,1.1.48,https://downloads.wordpress.org/theme/flexeo.1.1.49.zip,"2026-04-27 11:09:11",https://wordpress.org/themes/flexeo/,4.7,5.6,90
flexina,Flexina,1.0.86,1.0.85,https://downloads.wordpress.org/theme/flexina.1.0.86.zip,"2026-04-27 11:13:26",https://wordpress.org/themes/flexina/,4.7,5.6,100
flexiva,Flexiva,1.0.40,1.0.39,https://downloads.wordpress.org/theme/flexiva.1.0.40.zip,"2026-04-27 11:14:13",https://wordpress.org/themes/flexiva/,4.7,5.6,200
fluxa,Fluxa,1.1.14,1.1.13,https://downloads.wordpress.org/theme/fluxa.1.1.14.zip,"2026-04-27 11:11:59",https://wordpress.org/themes/fluxa/,4.7,5.6,200
gamers-studio,"Gamers Studio",4.2,4.1,https://downloads.wordpress.org/theme/gamers-studio.4.2.zip,"2026-04-27 10:07:07",https://wordpress.org/themes/gamers-studio/,,7.4,100
home-decor-store,"Home Decor Store",4.5,4.4,https://downloads.wordpress.org/theme/home-decor-store.4.5.zip,"2026-04-27 10:03:17",https://wordpress.org/themes/home-decor-store/,,7.4,20
mohini,Mohini,1.5.0,1.4.1,https://downloads.wordpress.org/theme/mohini.1.5.0.zip,"2026-04-27 09:59:52",https://wordpress.org/themes/mohini/,,7.0,30
movie-theatre,"Movie Theatre",4.2,4.1,https://downloads.wordpress.org/theme/movie-theatre.4.2.zip,"2026-04-27 10:02:54",https://wordpress.org/themes/movie-theatre/,,7.4,40
moving-truck-rental,"Moving Truck Rental",3.8,3.7,https://downloads.wordpress.org/theme/moving-truck-rental.3.8.zip,"2026-04-27 10:01:02",https://wordpress.org/themes/moving-truck-rental/,,7.4,60
nextawards,Nextawards,1.9.2,1.9.0,https://downloads.wordpress.org/theme/nextawards.1.9.2.zip,"2026-04-27 09:54:22",https://wordpress.org/themes/nextawards/,,5.6,2000
paws-and-care,"Paws and Care",0.1.5,0.1.4,https://downloads.wordpress.org/theme/paws-and-care.0.1.5.zip,"2026-04-27 10:06:19",https://wordpress.org/themes/paws-and-care/,6.0,7.4,40
pest-control-treatment,"Pest Control Treatment",0.4.7,0.4.6,https://downloads.wordpress.org/theme/pest-control-treatment.0.4.7.zip,"2026-04-27 11:03:32",https://wordpress.org/themes/pest-control-treatment/,5.0,7.2,100
real-estate-developer,"Real Estate Developer",0.4.2,0.4.1,https://downloads.wordpress.org/theme/real-estate-developer.0.4.2.zip,"2026-04-27 11:05:30",https://wordpress.org/themes/real-estate-developer/,5.0,7.2,100
resort-motel,"Resort Motel",5.5,5.4,https://downloads.wordpress.org/theme/resort-motel.5.5.zip,"2026-04-27 10:00:32",https://wordpress.org/themes/resort-motel/,,7.2,40
shoes-store,"Shoes Store",0.5.1,0.5.0,https://downloads.wordpress.org/theme/shoes-store.0.5.1.zip,"2026-04-27 11:05:11",https://wordpress.org/themes/shoes-store/,5.0,7.2,400
social-blog,"Social Blog",5.3,5.2,https://downloads.wordpress.org/theme/social-blog.5.3.zip,"2026-04-27 10:00:09",https://wordpress.org/themes/social-blog/,,7.2,70
street-food-truck,"Street Food Truck",0.4.6,0.4.5,https://downloads.wordpress.org/theme/street-food-truck.0.4.6.zip,"2026-04-27 11:04:04",https://wordpress.org/themes/street-food-truck/,5.0,7.2,300
travel-vacation,"Travel Vacation",4.7,4.6,https://downloads.wordpress.org/theme/travel-vacation.4.7.zip,"2026-04-27 09:59:48",https://wordpress.org/themes/travel-vacation/,,7.4,20
vw-automobile-lite,"VW Automobile Lite",2.3.1,2.3.0,https://downloads.wordpress.org/theme/vw-automobile-lite.2.3.1.zip,"2026-04-27 11:13:07",https://wordpress.org/themes/vw-automobile-lite/,5.0,7.2,800
vw-gift-shop,"VW Gift Shop",0.6.2,0.6.1,https://downloads.wordpress.org/theme/vw-gift-shop.0.6.2.zip,"2026-04-27 11:15:22",https://wordpress.org/themes/vw-gift-shop/,5.0,7.2,100
vw-radio-station,"VW Radio Station",0.4.8,0.4.7,https://downloads.wordpress.org/theme/vw-radio-station.0.4.8.zip,"2026-04-27 11:15:52",https://wordpress.org/themes/vw-radio-station/,5.0,7.2,300
vw-stock-images,"VW Stock Images",0.5.6,0.5.5,https://downloads.wordpress.org/theme/vw-stock-images.0.5.6.zip,"2026-04-27 11:16:38",https://wordpress.org/themes/vw-stock-images/,5.0,7.2,400
vw-taxi-booking,"VW Taxi Booking",1.2.8,1.2.7,https://downloads.wordpress.org/theme/vw-taxi-booking.1.2.8.zip,"2026-04-27 11:04:40",https://wordpress.org/themes/vw-taxi-booking/,5.9,5.6,200
vw-tourism,"VW Tourism",0.4.3,0.4.2,https://downloads.wordpress.org/theme/vw-tourism.0.4.3.zip,"2026-04-27 11:17:24",https://wordpress.org/themes/vw-tourism/,5.0,7.2,400
vw-wholesaler,"VW Wholesaler",0.5.6,0.5.5,https://downloads.wordpress.org/theme/vw-wholesaler.0.5.6.zip,"2026-04-27 11:04:40",https://wordpress.org/themes/vw-wholesaler/,5.0,7.2,500
water-sports-gear,"Water Sports Gear",4.3,4.2,https://downloads.wordpress.org/theme/water-sports-gear.4.3.zip,"2026-04-27 09:59:13",https://wordpress.org/themes/water-sports-gear/,,7.4,60
wedding-event-management,"Wedding Event Management",4.2,4.1,https://downloads.wordpress.org/theme/wedding-event-management.4.2.zip,"2026-04-27 09:58:35",https://wordpress.org/themes/wedding-event-management/,,7.4,30
zinify,Zinify,1.0.13,1.0.12,https://downloads.wordpress.org/theme/zinify.1.0.13.zip,"2026-04-27 11:14:43",https://wordpress.org/themes/zinify/,4.7,5.6,100
gateway-news,"Gateway News",1.0.1,,https://downloads.wordpress.org/theme/gateway-news.1.0.1.zip,"2026-04-27 09:32:11",https://wordpress.org/themes/gateway-news/,5.0,7.4,0
st-solar-energy,"ST Solar Energy",1.2,,https://downloads.wordpress.org/theme/st-solar-energy.1.2.zip,"2026-04-27 11:16:16",https://wordpress.org/themes/st-solar-energy/,4.7,5.2,0
wens-consult,"WENS Consult",1.0.1,,https://downloads.wordpress.org/theme/wens-consult.1.0.1.zip,"2026-04-27 09:46:18",https://wordpress.org/themes/wens-consult/,6.0,7.4,0
aromatic,Aromatic,26.8,26.7,https://downloads.wordpress.org/theme/aromatic.26.8.zip,"2026-04-27 12:58:05",https://wordpress.org/themes/aromatic/,4.7,5.6,100
ayroma,Ayroma,26.1,26.0,https://downloads.wordpress.org/theme/ayroma.26.1.zip,"2026-04-27 12:55:58",https://wordpress.org/themes/ayroma/,4.7,5.6,100
blogaura,BlogAura,1.0.7,1.0.6,https://downloads.wordpress.org/theme/blogaura.1.0.7.zip,"2026-04-27 14:22:32",https://wordpress.org/themes/blogaura/,5.9,5.6,200
corporate-businessmen,"Corporate Businessmen",2.7,2.6,https://downloads.wordpress.org/theme/corporate-businessmen.2.7.zip,"2026-04-27 13:41:55",https://wordpress.org/themes/corporate-businessmen/,5.5,5.6,70
demolition-contractor,"Demolition Contractor",1.8,1.7,https://downloads.wordpress.org/theme/demolition-contractor.1.8.zip,"2026-04-27 13:42:55",https://wordpress.org/themes/demolition-contractor/,5.5,5.6,100
feauty,Feauty,26.0,25.9,https://downloads.wordpress.org/theme/feauty.26.0.zip,"2026-04-27 13:00:49",https://wordpress.org/themes/feauty/,4.7,5.6,200
financial-advisor,"Financial Advisor",1.8,1.7,https://downloads.wordpress.org/theme/financial-advisor.1.8.zip,"2026-04-27 13:43:15",https://wordpress.org/themes/financial-advisor/,5.5,5.6,90
flexi-mart,"Flexi Mart",13.2,13.1,https://downloads.wordpress.org/theme/flexi-mart.13.2.zip,"2026-04-27 12:59:01",https://wordpress.org/themes/flexi-mart/,,5.6,10
flossy,Flossy,18.6,18.5,https://downloads.wordpress.org/theme/flossy.18.6.zip,"2026-04-27 12:58:40",https://wordpress.org/themes/flossy/,4.7,5.6,40
legacy-beauty-center,"Legacy Beauty Center",1.8,1.7,https://downloads.wordpress.org/theme/legacy-beauty-center.1.8.zip,"2026-04-27 13:43:29",https://wordpress.org/themes/legacy-beauty-center/,5.5,5.6,100
legacy-cleaning-company,"Legacy Cleaning Company",0.0.5,0.0.4,https://downloads.wordpress.org/theme/legacy-cleaning-company.0.0.5.zip,"2026-04-27 13:43:54",https://wordpress.org/themes/legacy-cleaning-company/,6.2,7.2,40
legacy-preschool-kindergarten,"Legacy Preschool Kindergarten",0.0.9,0.0.8,https://downloads.wordpress.org/theme/legacy-preschool-kindergarten.0.0.9.zip,"2026-04-27 13:44:13",https://wordpress.org/themes/legacy-preschool-kindergarten/,6.2,7.2,80
legacy-real-estate,"Legacy Real Estate",1.7,1.6,https://downloads.wordpress.org/theme/legacy-real-estate.1.7.zip,"2026-04-27 13:44:34",https://wordpress.org/themes/legacy-real-estate/,5.5,5.6,100
legacy-videography,"Legacy Videography",2.2,2.1,https://downloads.wordpress.org/theme/legacy-videography.2.2.zip,"2026-04-27 13:45:23",https://wordpress.org/themes/legacy-videography/,5.5,5.6,40
legacy-wellness-coach,"Legacy Wellness Coach",2.6,2.5,https://downloads.wordpress.org/theme/legacy-wellness-coach.2.6.zip,"2026-04-27 13:45:44",https://wordpress.org/themes/legacy-wellness-coach/,5.5,5.6,50
nightingale,Nightingale,2.7.12,2.7.11,https://downloads.wordpress.org/theme/nightingale.2.7.12.zip,"2026-04-27 12:53:05",https://wordpress.org/themes/nightingale/,5.0,8.0,300
pedicure-makeup-store,"Pedicure Makeup Store",2.5,2.4,https://downloads.wordpress.org/theme/pedicure-makeup-store.2.5.zip,"2026-04-27 13:46:39",https://wordpress.org/themes/pedicure-makeup-store/,5.5,5.6,80
accron,Accron,2.5.3,2.5.2,https://downloads.wordpress.org/theme/accron.2.5.3.zip,"2026-04-27 15:24:44",https://wordpress.org/themes/accron/,4.7,5.6,100
anavo,Anavo,3.5,3.4,https://downloads.wordpress.org/theme/anavo.3.5.zip,"2026-04-27 15:55:11",https://wordpress.org/themes/anavo/,4.7,5.6,20
appointo,Appointo,18.0,17.9,https://downloads.wordpress.org/theme/appointo.18.0.zip,"2026-04-27 15:23:44",https://wordpress.org/themes/appointo/,4.7,5.6,400
avira,Avira,20.2,20.1,https://downloads.wordpress.org/theme/avira.20.2.zip,"2026-04-27 15:54:21",https://wordpress.org/themes/avira/,4.7,5.6,600
avril,Avril,20.5,20.4,https://downloads.wordpress.org/theme/avril.20.5.zip,"2026-04-27 15:22:20",https://wordpress.org/themes/avril/,4.7,5.6,4000
beauty-makeup-stylist,"Beauty Makeup Stylist",1.1.9,1.1.8,https://downloads.wordpress.org/theme/beauty-makeup-stylist.1.1.9.zip,"2026-04-27 14:55:22",https://wordpress.org/themes/beauty-makeup-stylist/,5.9,5.6,30
benzer,Benzer,20.2,20.1,https://downloads.wordpress.org/theme/benzer.20.2.zip,"2026-04-27 16:04:19",https://wordpress.org/themes/benzer/,4.7,5.6,800
bio-energy,"Bio Energy",1.1.7,1.1.6,https://downloads.wordpress.org/theme/bio-energy.1.1.7.zip,"2026-04-27 14:54:51",https://wordpress.org/themes/bio-energy/,5.9,5.6,200
car-dealer-shop,"Car Dealer Shop",1.1.9,1.1.8,https://downloads.wordpress.org/theme/car-dealer-shop.1.1.9.zip,"2026-04-27 14:54:26",https://wordpress.org/themes/car-dealer-shop/,5.9,5.6,300
centrum,Centrum,2.6,2.5,https://downloads.wordpress.org/theme/centrum.2.6.zip,"2026-04-27 16:03:40",https://wordpress.org/themes/centrum/,4.7,5.6,90
colorpress,ColorPress,18.4,18.3,https://downloads.wordpress.org/theme/colorpress.18.4.zip,"2026-04-27 15:36:19",https://wordpress.org/themes/colorpress/,4.7,5.6,1000
conceptly,Conceptly,21.1,21.0,https://downloads.wordpress.org/theme/conceptly.21.1.zip,"2026-04-27 15:35:53",https://wordpress.org/themes/conceptly/,4.7,5.6,1000
contry,Contry,3.2,3.1,https://downloads.wordpress.org/theme/contry.3.2.zip,"2026-04-27 16:01:08",https://wordpress.org/themes/contry/,4.7,5.6,20
corpex,Corpex,14.1,14.0,https://downloads.wordpress.org/theme/corpex.14.1.zip,"2026-04-27 15:35:06",https://wordpress.org/themes/corpex/,4.7,5.6,100
creative-design-agency,"Creative Design Agency",1.1.4,1.1.3,https://downloads.wordpress.org/theme/creative-design-agency.1.1.4.zip,"2026-04-27 14:53:47",https://wordpress.org/themes/creative-design-agency/,5.9,5.6,400
daily-mart,"Daily Mart",5.1,5.0,https://downloads.wordpress.org/theme/daily-mart.5.1.zip,"2026-04-27 14:59:06",https://wordpress.org/themes/daily-mart/,,5.6,30
eduvert,Eduvert,20.2,20.1,https://downloads.wordpress.org/theme/eduvert.20.2.zip,"2026-04-27 15:33:37",https://wordpress.org/themes/eduvert/,4.7,5.6,400
electromix-digital,"Electromix Digital",1.5,1.4,https://downloads.wordpress.org/theme/electromix-digital.1.5.zip,"2026-04-27 14:44:35",https://wordpress.org/themes/electromix-digital/,,5.6,20
electromix-tech,"Electromix Tech",1.4,1.3,https://downloads.wordpress.org/theme/electromix-tech.1.4.zip,"2026-04-27 14:44:03",https://wordpress.org/themes/electromix-tech/,,5.6,50
electromix,Electromix,2.1,2.0,https://downloads.wordpress.org/theme/electromix.2.1.zip,"2026-04-27 14:45:20",https://wordpress.org/themes/electromix/,4.7,5.6,100
envitech,Envitech,11.7,11.6,https://downloads.wordpress.org/theme/envitech.11.7.zip,"2026-04-27 15:59:33",https://wordpress.org/themes/envitech/,,7.0,50
exnova,Exnova,9.5,9.4,https://downloads.wordpress.org/theme/exnova.9.5.zip,"2026-04-27 16:02:14",https://wordpress.org/themes/exnova/,4.7,5.6,50
express-store,"Express Store",22.2,22.1,https://downloads.wordpress.org/theme/express-store.22.2.zip,"2026-04-27 14:39:50",https://wordpress.org/themes/express-store/,,5.6,40
fabify,Fabify,20.2,20.1,https://downloads.wordpress.org/theme/fabify.20.2.zip,"2026-04-27 16:02:41",https://wordpress.org/themes/fabify/,4.7,5.6,800
fitness-health-coach,"Fitness Health Coach",1.1.7,1.1.6,https://downloads.wordpress.org/theme/fitness-health-coach.1.1.7.zip,"2026-04-27 14:53:20",https://wordpress.org/themes/fitness-health-coach/,5.9,5.6,100
flavita,Flavita,18.6,18.5,https://downloads.wordpress.org/theme/flavita.18.6.zip,"2026-04-27 15:30:37",https://wordpress.org/themes/flavita/,4.7,5.6,2000
flow-store,"Flow Store",14.3,14.2,https://downloads.wordpress.org/theme/flow-store.14.3.zip,"2026-04-27 14:46:29",https://wordpress.org/themes/flow-store/,,5.6,20
fse-band-artist,"FSE Band Artist",1.2.0,1.1.9,https://downloads.wordpress.org/theme/fse-band-artist.1.2.0.zip,"2026-04-27 14:53:05",https://wordpress.org/themes/fse-band-artist/,5.9,5.6,300
fse-barber-shop,"FSE Barber Shop",1.1.7,1.1.6,https://downloads.wordpress.org/theme/fse-barber-shop.1.1.7.zip,"2026-04-27 14:51:42",https://wordpress.org/themes/fse-barber-shop/,5.9,5.6,100
fse-home-decor,"FSE Home Decor",1.1.9,1.1.8,https://downloads.wordpress.org/theme/fse-home-decor.1.1.9.zip,"2026-04-27 14:51:30",https://wordpress.org/themes/fse-home-decor/,,5.6,100
fse-renovation-services,"FSE Renovation Services",1.1.4,1.1.3,https://downloads.wordpress.org/theme/fse-renovation-services.1.1.4.zip,"2026-04-27 14:50:55",https://wordpress.org/themes/fse-renovation-services/,5.9,5.6,100
gradiant,Gradiant,21.0,20.9,https://downloads.wordpress.org/theme/gradiant.21.0.zip,"2026-04-27 15:29:16",https://wordpress.org/themes/gradiant/,4.7,5.6,2000
grocerly,Grocerly,4.5,4.4,https://downloads.wordpress.org/theme/grocerly.4.5.zip,"2026-04-27 14:45:46",https://wordpress.org/themes/grocerly/,,5.6,60
hantus,Hantus,21.2,21.1,https://downloads.wordpress.org/theme/hantus.21.2.zip,"2026-04-27 15:26:24",https://wordpress.org/themes/hantus/,4.7,5.6,1000
hello-plus,"Hello Plus",1.4.0,1.2.0,https://downloads.wordpress.org/theme/hello-plus.1.4.0.zip,"2026-04-27 15:05:28",https://wordpress.org/themes/hello-plus/,6.0,7.4,100
home-construction-services,"Home Construction Services",0.1.7,0.1.6,https://downloads.wordpress.org/theme/home-construction-services.0.1.7.zip,"2026-04-27 15:13:29",https://wordpress.org/themes/home-construction-services/,,5.6,40
ilex,Ilex,2.3.4,2.3.2,https://downloads.wordpress.org/theme/ilex.2.3.4.zip,"2026-04-27 15:49:52",https://wordpress.org/themes/ilex/,5.5,5.6,30
medazin,Medazin,18.0,17.9,https://downloads.wordpress.org/theme/medazin.18.0.zip,"2026-04-27 15:23:11",https://wordpress.org/themes/medazin/,4.7,5.6,300
mega-mart,"Mega Mart",4.8,4.7,https://downloads.wordpress.org/theme/mega-mart.4.8.zip,"2026-04-27 15:06:36",https://wordpress.org/themes/mega-mart/,4.7,5.6,70
news-25,"News 25",3.0,2.9,https://downloads.wordpress.org/theme/news-25.3.0.zip,"2026-04-27 15:21:49",https://wordpress.org/themes/news-25/,4.7,5.6,200
news-express,"News Express",1.0.5,1.0.4,https://downloads.wordpress.org/theme/news-express.1.0.5.zip,"2026-04-27 16:23:32",https://wordpress.org/themes/news-express/,,7.2,600
nexcraft,NexCraft,12.8,12.7,https://downloads.wordpress.org/theme/nexcraft.12.8.zip,"2026-04-27 15:31:46",https://wordpress.org/themes/nexcraft/,4.7,5.6,90
online-electro-store,"Online Electro Store",1.1.9,1.1.8,https://downloads.wordpress.org/theme/online-electro-store.1.1.9.zip,"2026-04-27 14:50:15",https://wordpress.org/themes/online-electro-store/,5.9,5.6,100
online-jewelry-store,"Online Jewelry Store",0.1.7,0.1.6,https://downloads.wordpress.org/theme/online-jewelry-store.0.1.7.zip,"2026-04-27 15:15:19",https://wordpress.org/themes/online-jewelry-store/,,5.6,100
paw-bazaar,"Paw Bazaar",10.0,9.9,https://downloads.wordpress.org/theme/paw-bazaar.10.0.zip,"2026-04-27 15:05:18",https://wordpress.org/themes/paw-bazaar/,,5.6,10
pet-bazaar,"Pet Bazaar",10.8,10.7,https://downloads.wordpress.org/theme/pet-bazaar.10.8.zip,"2026-04-27 15:04:20",https://wordpress.org/themes/pet-bazaar/,4.7,5.6,80
pet-store,"Pet Store",9.6,9.5,https://downloads.wordpress.org/theme/pet-store.9.6.zip,"2026-04-27 15:02:09",https://wordpress.org/themes/pet-store/,,5.6,70
retailsy,Retailsy,26.1,26.0,https://downloads.wordpress.org/theme/retailsy.26.1.zip,"2026-04-27 15:00:56",https://wordpress.org/themes/retailsy/,4.7,5.6,300
scolax,Scolax,19.3,19.2,https://downloads.wordpress.org/theme/scolax.19.3.zip,"2026-04-27 16:00:38",https://wordpress.org/themes/scolax/,4.7,5.6,90
shopient,Shopient,26.0,25.9,https://downloads.wordpress.org/theme/shopient.26.0.zip,"2026-04-27 15:01:40",https://wordpress.org/themes/shopient/,4.7,5.6,900
shopiva,Shopiva,26.0,25.9,https://downloads.wordpress.org/theme/shopiva.26.0.zip,"2026-04-27 15:00:15",https://wordpress.org/themes/shopiva/,4.7,5.6,200
shoply,Shoply,26.1,26.0,https://downloads.wordpress.org/theme/shoply.26.1.zip,"2026-04-27 14:49:28",https://wordpress.org/themes/shoply/,4.7,5.6,400
specia,Specia,20.8,20.6,https://downloads.wordpress.org/theme/specia.20.8.zip,"2026-04-27 15:56:24",https://wordpress.org/themes/specia/,4.7,5.6,2000
startkit,StartKit,22.4,22.3,https://downloads.wordpress.org/theme/startkit.22.4.zip,"2026-04-27 15:27:49",https://wordpress.org/themes/startkit/,4.7,5.6,900
storefit,Storefit,20.7,20.6,https://downloads.wordpress.org/theme/storefit.20.7.zip,"2026-04-27 15:12:35",https://wordpress.org/themes/storefit/,,5.6,20
storely,Storely,26.6,26.5,https://downloads.wordpress.org/theme/storely.26.6.zip,"2026-04-27 15:13:35",https://wordpress.org/themes/storely/,4.7,5.6,1000
storess,Storess,26.0,25.9,https://downloads.wordpress.org/theme/storess.26.0.zip,"2026-04-27 15:08:54",https://wordpress.org/themes/storess/,4.7,5.6,300
storezia,Storezia,26.1,26.0,https://downloads.wordpress.org/theme/storezia.26.1.zip,"2026-04-27 15:07:12",https://wordpress.org/themes/storezia/,4.7,5.6,400
super-mart,"Super Mart",4.6,4.5,https://downloads.wordpress.org/theme/super-mart.4.6.zip,"2026-04-27 15:08:06",https://wordpress.org/themes/super-mart/,,5.6,40
villapress,VillaPress,9.8,9.7,https://downloads.wordpress.org/theme/villapress.9.8.zip,"2026-04-27 15:27:08",https://wordpress.org/themes/villapress/,,7.0,100
web-security-services,"Web Security Services",1.1.8,1.1.7,https://downloads.wordpress.org/theme/web-security-services.1.1.8.zip,"2026-04-27 14:49:47",https://wordpress.org/themes/web-security-services/,,5.6,200
webique,Webique,6.3,6.2,https://downloads.wordpress.org/theme/webique.6.3.zip,"2026-04-27 15:25:38",https://wordpress.org/themes/webique/,4.7,5.6,300
wedding-planner-firm,"Wedding Planner Firm",1.1.3,1.1.2,https://downloads.wordpress.org/theme/wedding-planner-firm.1.1.3.zip,"2026-04-27 14:49:31",https://wordpress.org/themes/wedding-planner-firm/,5.9,5.6,100
zestoria,Zestoria,3.5,3.4,https://downloads.wordpress.org/theme/zestoria.3.5.zip,"2026-04-27 16:03:16",https://wordpress.org/themes/zestoria/,4.7,5.6,30
amberd-online-store,"AmBerd - Online Store",2.5.5,2.5.4,https://downloads.wordpress.org/theme/amberd-online-store.2.5.5.zip,"2026-04-27 17:03:01",https://wordpress.org/themes/amberd-online-store/,5.1,5.6,50
amstore,AmStore,1.3.5,1.3.3,https://downloads.wordpress.org/theme/amstore.1.3.5.zip,"2026-04-27 17:42:59",https://wordpress.org/themes/amstore/,5.1,5.6,20
astrostar,AstroStar,1.3.2,1.3.1,https://downloads.wordpress.org/theme/astrostar.1.3.2.zip,"2026-04-27 18:18:27",https://wordpress.org/themes/astrostar/,5.1,5.6,200
barbershop-barber,"Barbershop: Barber",1.6.9,1.6.8,https://downloads.wordpress.org/theme/barbershop-barber.1.6.9.zip,"2026-04-27 17:43:24",https://wordpress.org/themes/barbershop-barber/,5.1,5.6,30
book-shop,"Book Shop",2.4.9,2.4.8,https://downloads.wordpress.org/theme/book-shop.2.4.9.zip,"2026-04-27 17:04:45",https://wordpress.org/themes/book-shop/,5.1,5.6,100
cake-shop,"Cake Shop",2.6.0,2.5.8,https://downloads.wordpress.org/theme/cake-shop.2.6.0.zip,"2026-04-27 17:52:30",https://wordpress.org/themes/cake-shop/,5.1,5.6,40
clothing,Clothing,2.6.0,2.5.8,https://downloads.wordpress.org/theme/clothing.2.6.0.zip,"2026-04-27 17:53:02",https://wordpress.org/themes/clothing/,5.1,5.6,40
coffee-shop-cafe,"Coffee Shop: Cafe",1.5.8,1.5.7,https://downloads.wordpress.org/theme/coffee-shop-cafe.1.5.8.zip,"2026-04-27 17:44:26",https://wordpress.org/themes/coffee-shop-cafe/,5.1,5.6,100
ecommerce-modern-store,"Ecommerce Modern Store",2.9.1,2.8.9,https://downloads.wordpress.org/theme/ecommerce-modern-store.2.9.1.zip,"2026-04-27 17:42:07",https://wordpress.org/themes/ecommerce-modern-store/,5.1,5.6,90
electrostore,ElectroStore,1.4.8,1.4.7,https://downloads.wordpress.org/theme/electrostore.1.4.8.zip,"2026-04-27 17:45:45",https://wordpress.org/themes/electrostore/,5.1,5.6,20
expert-ac-repair,"Expert AC Repair",0.4.8,0.4.7,https://downloads.wordpress.org/theme/expert-ac-repair.0.4.8.zip,"2026-04-27 17:47:01",https://wordpress.org/themes/expert-ac-repair/,,7.2,50
expert-cleaning,"Expert Cleaning",2.1,2.0,https://downloads.wordpress.org/theme/expert-cleaning.2.1.zip,"2026-04-27 17:55:07",https://wordpress.org/themes/expert-cleaning/,5.9,5.6,100
expert-finance-manager,"Expert Finance Manager",0.5.8,0.5.7,https://downloads.wordpress.org/theme/expert-finance-manager.0.5.8.zip,"2026-04-27 17:48:18",https://wordpress.org/themes/expert-finance-manager/,,7.2,30
expert-influencer-agency,"Expert Influencer Agency",1.8,1.7,https://downloads.wordpress.org/theme/expert-influencer-agency.1.8.zip,"2026-04-27 17:49:03",https://wordpress.org/themes/expert-influencer-agency/,5.9,5.6,30
expert-travel-agent,"Expert Travel Agent",2.4,2.3,https://downloads.wordpress.org/theme/expert-travel-agent.2.4.zip,"2026-04-27 17:49:26",https://wordpress.org/themes/expert-travel-agent/,5.9,5.6,200
fashion-shop,"Fashion Shop",2.5.1,2.4.9,https://downloads.wordpress.org/theme/fashion-shop.2.5.1.zip,"2026-04-27 17:53:44",https://wordpress.org/themes/fashion-shop/,5.1,5.6,80
flower-shop-florist,"Flower Shop: Florist",2.6.0,2.5.8,https://downloads.wordpress.org/theme/flower-shop-florist.2.6.0.zip,"2026-04-27 17:54:32",https://wordpress.org/themes/flower-shop-florist/,5.1,5.6,100
food-critic-blogs,"Food Critic Blogs",0.6.8,0.6.7,https://downloads.wordpress.org/theme/food-critic-blogs.0.6.8.zip,"2026-04-27 17:49:45",https://wordpress.org/themes/food-critic-blogs/,,7.2,200
furniture-store,"Furniture Store",2.4.8,2.4.7,https://downloads.wordpress.org/theme/furniture-store.2.4.8.zip,"2026-04-27 17:07:03",https://wordpress.org/themes/furniture-store/,5.1,5.6,60
gadget-shop,"Gadget Shop",1.1,1.0.9,https://downloads.wordpress.org/theme/gadget-shop.1.1.zip,"2026-04-27 17:50:19",https://wordpress.org/themes/gadget-shop/,,7.2,90
hair-dresser-and-salon,"Hair Dresser and Salon",1.3,1.2,https://downloads.wordpress.org/theme/hair-dresser-and-salon.1.3.zip,"2026-04-27 17:51:31",https://wordpress.org/themes/hair-dresser-and-salon/,5.9,5.6,30
islamic-trust,"Islamic Trust",0.7.8,0.7.7,https://downloads.wordpress.org/theme/islamic-trust.0.7.8.zip,"2026-04-27 18:00:22",https://wordpress.org/themes/islamic-trust/,,7.2,60
it-software-technology,"IT Software Technology",1.5,1.4,https://downloads.wordpress.org/theme/it-software-technology.1.5.zip,"2026-04-27 17:59:13",https://wordpress.org/themes/it-software-technology/,5.9,5.6,100
jewellery-boutique,"Jewellery Boutique",0.6.9,0.6.8,https://downloads.wordpress.org/theme/jewellery-boutique.0.6.9.zip,"2026-04-27 17:58:35",https://wordpress.org/themes/jewellery-boutique/,,7.2,40
jewelry-shop,"Jewelry Shop",2.4.8,2.4.7,https://downloads.wordpress.org/theme/jewelry-shop.2.4.8.zip,"2026-04-27 17:10:53",https://wordpress.org/themes/jewelry-shop/,5.1,5.6,60
jewstore,JewStore,1.5.5,1.5.4,https://downloads.wordpress.org/theme/jewstore.1.5.5.zip,"2026-04-27 17:46:25",https://wordpress.org/themes/jewstore/,5.1,5.6,80
megastore-wda,"MegaStore WDA",1.3.7,1.3.6,https://downloads.wordpress.org/theme/megastore-wda.1.3.7.zip,"2026-04-27 17:49:12",https://wordpress.org/themes/megastore-wda/,5.1,5.6,40
online-education-academy,"Online Education Academy",1.6,1.5,https://downloads.wordpress.org/theme/online-education-academy.1.6.zip,"2026-04-27 17:57:08",https://wordpress.org/themes/online-education-academy/,5.9,5.6,200
pest-control-company,"Pest Control Company",2.4,2.3,https://downloads.wordpress.org/theme/pest-control-company.2.4.zip,"2026-04-27 17:56:39",https://wordpress.org/themes/pest-control-company/,5.9,5.6,50
pet-shop,"Pet Shop",2.4.8,2.4.7,https://downloads.wordpress.org/theme/pet-shop.2.4.8.zip,"2026-04-27 17:11:35",https://wordpress.org/themes/pet-shop/,5.1,5.6,60
seo-expert,"SEO Expert",2.1,2.0,https://downloads.wordpress.org/theme/seo-expert.2.1.zip,"2026-04-27 17:55:35",https://wordpress.org/themes/seo-expert/,5.9,5.6,60
st-solar-energy,"ST Solar Energy",1.4,1.2,https://downloads.wordpress.org/theme/st-solar-energy.1.4.zip,"2026-04-27 18:03:00",https://wordpress.org/themes/st-solar-energy/,4.7,5.2,0
tistore,TiStore,1.3.7,1.3.6,https://downloads.wordpress.org/theme/tistore.1.3.7.zip,"2026-04-27 17:49:45",https://wordpress.org/themes/tistore/,5.1,5.6,30
wedding-photography,"Wedding Photography",2.7.0,2.6.8,https://downloads.wordpress.org/theme/wedding-photography.2.7.0.zip,"2026-04-27 17:55:18",https://wordpress.org/themes/wedding-photography/,5.1,5.6,40
wedding-planner-event-management,"Wedding Planner: Event Management",2.5.0,2.4.8,https://downloads.wordpress.org/theme/wedding-planner-event-management.2.5.0.zip,"2026-04-27 17:55:51",https://wordpress.org/themes/wedding-planner-event-management/,5.1,5.6,100
transport-carrier,"Transport Carrier",0.0.1,,https://downloads.wordpress.org/theme/transport-carrier.0.0.1.zip,"2026-04-27 17:16:20",https://wordpress.org/themes/transport-carrier/,6.2,7.2,0
ai-and-saas-agency-wda,"AI and SaaS Agency WDA",1.0.7,1.0.6,https://downloads.wordpress.org/theme/ai-and-saas-agency-wda.1.0.7.zip,"2026-04-27 18:30:38",https://wordpress.org/themes/ai-and-saas-agency-wda/,5.1,5.6,50
architect-designer,"Architect Designer",1.3.3,1.3.2,https://downloads.wordpress.org/theme/architect-designer.1.3.3.zip,"2026-04-27 19:25:36",https://wordpress.org/themes/architect-designer/,6.0,7.2,50
author-writer-wda,"Author: Writer WDA",1.1.5,1.1.4,https://downloads.wordpress.org/theme/author-writer-wda.1.1.5.zip,"2026-04-27 18:31:22",https://wordpress.org/themes/author-writer-wda/,5.1,5.6,0
books-library,"Books Library",1.2.5,1.2.4,https://downloads.wordpress.org/theme/books-library.1.2.5.zip,"2026-04-27 19:25:53",https://wordpress.org/themes/books-library/,6.0,7.2,100
cafe-coffee-blocks,"Cafe Coffee Blocks",1.2.4,1.2.3,https://downloads.wordpress.org/theme/cafe-coffee-blocks.1.2.4.zip,"2026-04-27 19:26:29",https://wordpress.org/themes/cafe-coffee-blocks/,6.0,7.2,50
car-rental-wda,"Car Rental WDA",1.1.7,1.1.6,https://downloads.wordpress.org/theme/car-rental-wda.1.1.7.zip,"2026-04-27 18:32:17",https://wordpress.org/themes/car-rental-wda/,5.1,5.6,200
church-wda,"Church WDA",1.1.5,1.1.4,https://downloads.wordpress.org/theme/church-wda.1.1.5.zip,"2026-04-27 18:32:50",https://wordpress.org/themes/church-wda/,5.1,5.6,90
construction-company-wda,"Construction Company WDA",1.2.6,1.2.5,https://downloads.wordpress.org/theme/construction-company-wda.1.2.6.zip,"2026-04-27 18:20:25",https://wordpress.org/themes/construction-company-wda/,5.1,5.6,100
consulting-services-wda,"Consulting Services WDA",1.1.9,1.1.8,https://downloads.wordpress.org/theme/consulting-services-wda.1.1.9.zip,"2026-04-27 18:20:56",https://wordpress.org/themes/consulting-services-wda/,5.1,5.6,60
corporate-wda,"Corporate WDA",1.1.8,1.1.7,https://downloads.wordpress.org/theme/corporate-wda.1.1.8.zip,"2026-04-27 18:23:29",https://wordpress.org/themes/corporate-wda/,5.1,5.6,50
ecommerce-gadget-store,"Ecommerce Gadget Store",1.2.2,1.2.0,https://downloads.wordpress.org/theme/ecommerce-gadget-store.1.2.2.zip,"2026-04-27 19:26:43",https://wordpress.org/themes/ecommerce-gadget-store/,6.0,7.2,500
education-wda,"Education WDA",1.2.1,1.2.0,https://downloads.wordpress.org/theme/education-wda.1.2.1.zip,"2026-04-27 18:33:25",https://wordpress.org/themes/education-wda/,5.1,5.6,100
fitness-and-gym-wda,"Fitness and Gym WDA",1.0.4,1.0.3,https://downloads.wordpress.org/theme/fitness-and-gym-wda.1.0.4.zip,"2026-04-27 18:33:58",https://wordpress.org/themes/fitness-and-gym-wda/,5.1,5.6,40
gaming-wda,"Gaming WDA",1.0.9,1.0.8,https://downloads.wordpress.org/theme/gaming-wda.1.0.9.zip,"2026-04-27 18:34:33",https://wordpress.org/themes/gaming-wda/,5.1,5.6,100
general-food-store,"General Food Store",1.2.3,1.2.2,https://downloads.wordpress.org/theme/general-food-store.1.2.3.zip,"2026-04-27 19:27:22",https://wordpress.org/themes/general-food-store/,6.0,7.2,200
hotel-booking-wda,"Hotel Booking WDA",1.2.9,1.2.8,https://downloads.wordpress.org/theme/hotel-booking-wda.1.2.9.zip,"2026-04-27 18:24:59",https://wordpress.org/themes/hotel-booking-wda/,5.1,5.6,200
illustrator-designer,"Illustrator Designer",1.2.1,1.2.0,https://downloads.wordpress.org/theme/illustrator-designer.1.2.1.zip,"2026-04-27 19:28:01",https://wordpress.org/themes/illustrator-designer/,6.0,7.2,100
interior-design-wda,"Interior Design WDA",1.1.8,1.1.7,https://downloads.wordpress.org/theme/interior-design-wda.1.1.8.zip,"2026-04-27 18:35:12",https://wordpress.org/themes/interior-design-wda/,5.1,5.6,100
keno,Keno,1.3.1,1.3.0,https://downloads.wordpress.org/theme/keno.1.3.1.zip,"2026-04-27 19:22:21",https://wordpress.org/themes/keno/,,7.4,30
landscape-designer,"Landscape Designer",1.3.0,1.2.9,https://downloads.wordpress.org/theme/landscape-designer.1.3.0.zip,"2026-04-27 19:29:04",https://wordpress.org/themes/landscape-designer/,6.0,7.2,100
newdevelopments,NewDevelopments,2.0.4,2.0.3,https://downloads.wordpress.org/theme/newdevelopments.2.0.4.zip,"2026-04-27 18:47:40",https://wordpress.org/themes/newdevelopments/,6.0,7.4,0
personal-bodyguard,"Personal Bodyguard",1.2.5,1.2.4,https://downloads.wordpress.org/theme/personal-bodyguard.1.2.5.zip,"2026-04-27 19:30:03",https://wordpress.org/themes/personal-bodyguard/,6.0,7.2,50
radiant-home-decor,"Radiant Home Decor",1.2.1,1.2.0,https://downloads.wordpress.org/theme/radiant-home-decor.1.2.1.zip,"2026-04-27 19:29:59",https://wordpress.org/themes/radiant-home-decor/,6.0,7.2,60
radiant-portfolio,"Radiant Portfolio",1.2.5,1.2.4,https://downloads.wordpress.org/theme/radiant-portfolio.1.2.5.zip,"2026-04-27 19:30:49",https://wordpress.org/themes/radiant-portfolio/,6.0,7.2,100
realty-real-estate-wda,"Realty: Real Estate WDA",1.2.2,1.2.1,https://downloads.wordpress.org/theme/realty-real-estate-wda.1.2.2.zip,"2026-04-27 18:26:57",https://wordpress.org/themes/realty-real-estate-wda/,5.1,5.6,200
restaurant-wda,"Restaurant WDA",1.2.8,1.2.7,https://downloads.wordpress.org/theme/restaurant-wda.1.2.8.zip,"2026-04-27 18:28:03",https://wordpress.org/themes/restaurant-wda/,5.1,5.6,200
skincare-product-store,"Skincare Product Store",1.2.2,1.2.1,https://downloads.wordpress.org/theme/skincare-product-store.1.2.2.zip,"2026-04-27 19:33:08",https://wordpress.org/themes/skincare-product-store/,6.0,7.2,100
travel-agency-wda,"Travel Agency WDA",1.2.1,1.2.0,https://downloads.wordpress.org/theme/travel-agency-wda.1.2.1.zip,"2026-04-27 18:28:46",https://wordpress.org/themes/travel-agency-wda/,5.1,5.6,100
travel-booking-solutions,"Travel Booking Solutions",1.2.9,1.2.8,https://downloads.wordpress.org/theme/travel-booking-solutions.1.2.9.zip,"2026-04-27 19:31:13",https://wordpress.org/themes/travel-booking-solutions/,6.0,7.2,100
tutor-elearning,"Tutor Elearning",2.2.3,2.2.2,https://downloads.wordpress.org/theme/tutor-elearning.2.2.3.zip,"2026-04-27 19:31:29",https://wordpress.org/themes/tutor-elearning/,6.0,7.2,100
veterinary-services,"Veterinary Services",1.2.7,1.2.6,https://downloads.wordpress.org/theme/veterinary-services.1.2.7.zip,"2026-04-27 19:31:52",https://wordpress.org/themes/veterinary-services/,6.0,7.2,50
wedding-planner-blocks,"Wedding Planner Blocks",1.2.2,1.2.1,https://downloads.wordpress.org/theme/wedding-planner-blocks.1.2.2.zip,"2026-04-27 19:32:11",https://wordpress.org/themes/wedding-planner-blocks/,6.0,7.2,40
second-coming,"Second Coming",1.3.3,1.3.2,https://downloads.wordpress.org/theme/second-coming.1.3.3.zip,"2026-04-27 20:25:30",https://wordpress.org/themes/second-coming/,6.0,7.4,30
dark-photography,"Dark Photography",6.5,6.4,https://downloads.wordpress.org/theme/dark-photography.6.5.zip,"2026-04-28 03:59:31",https://wordpress.org/themes/dark-photography/,5.0,7.2,80
data-analytics-center,"Data Analytics Center",3.8,3.7,https://downloads.wordpress.org/theme/data-analytics-center.3.8.zip,"2026-04-28 03:57:28",https://wordpress.org/themes/data-analytics-center/,5.0,7.2,50
dentist-dental-care,"Dentist Dental Care",5.7,5.6,https://downloads.wordpress.org/theme/dentist-dental-care.5.7.zip,"2026-04-28 03:56:15",https://wordpress.org/themes/dentist-dental-care/,5.0,7.2,60
digital-advertising-agency,"Digital Advertising Agency",4.3,4.2,https://downloads.wordpress.org/theme/digital-advertising-agency.4.3.zip,"2026-04-28 03:55:58",https://wordpress.org/themes/digital-advertising-agency/,5.0,7.2,80
ecology-park,"Ecology Park",1.0.9,1.0.8,https://downloads.wordpress.org/theme/ecology-park.1.0.9.zip,"2026-04-28 03:55:24",https://wordpress.org/themes/ecology-park/,6.0,5.6,100
ecommece-marketplace,"Ecommece Marketplace",4.7,4.6,https://downloads.wordpress.org/theme/ecommece-marketplace.4.7.zip,"2026-04-28 03:55:01",https://wordpress.org/themes/ecommece-marketplace/,5.0,7.2,60
foodie-restaurant,"Foodie Restaurant",6.1,6.0,https://downloads.wordpress.org/theme/foodie-restaurant.6.1.zip,"2026-04-28 03:53:45",https://wordpress.org/themes/foodie-restaurant/,5.0,7.2,100
lms-education,"LMS Education",8.8,8.7,https://downloads.wordpress.org/theme/lms-education.8.8.zip,"2026-04-28 03:53:16",https://wordpress.org/themes/lms-education/,5.0,7.2,200
lms-training-institute,"LMS Training Institute",5.2,5.1,https://downloads.wordpress.org/theme/lms-training-institute.5.2.zip,"2026-04-28 03:52:53",https://wordpress.org/themes/lms-training-institute/,5.0,7.2,40
professional-cv-resume,"Professional CV Resume",6.0,5.9,https://downloads.wordpress.org/theme/professional-cv-resume.6.0.zip,"2026-04-28 03:52:10",https://wordpress.org/themes/professional-cv-resume/,5.0,7.2,50
flex-pet-care,"Flex Pet Care",1.0.1,,https://downloads.wordpress.org/theme/flex-pet-care.1.0.1.zip,"2026-04-28 02:46:17",https://wordpress.org/themes/flex-pet-care/,,5.6,0
ambika,Ambika,1.4.0,1.3.1,https://downloads.wordpress.org/theme/ambika.1.4.0.zip,"2026-04-28 06:37:36",https://wordpress.org/themes/ambika/,,7.0,200
anime-stream,"Anime Stream",0.4.2,0.4.1,https://downloads.wordpress.org/theme/anime-stream.0.4.2.zip,"2026-04-28 09:06:07",https://wordpress.org/themes/anime-stream/,5.0,7.2,100
aravan,Aravan,1.4.0,1.3.1,https://downloads.wordpress.org/theme/aravan.1.4.0.zip,"2026-04-28 06:38:42",https://wordpress.org/themes/aravan/,,7.0,60
archaeology-museums,"Archaeology Museums",0.4.7,0.4.6,https://downloads.wordpress.org/theme/archaeology-museums.0.4.7.zip,"2026-04-28 09:06:51",https://wordpress.org/themes/archaeology-museums/,5.0,7.2,200
art-blog,"Art Blog",2.6,2.5,https://downloads.wordpress.org/theme/art-blog.2.6.zip,"2026-04-28 08:00:09",https://wordpress.org/themes/art-blog/,5.5,7.2,200
asagi,Asagi,1.6.0,1.5.1,https://downloads.wordpress.org/theme/asagi.1.6.0.zip,"2026-04-28 06:39:52",https://wordpress.org/themes/asagi/,,7.0,30
asura,Asura,1.5.0,1.4.1,https://downloads.wordpress.org/theme/asura.1.5.0.zip,"2026-04-28 06:40:47",https://wordpress.org/themes/asura/,,7.0,40
auction-bidding,"Auction Bidding",0.8.3,0.8.2,https://downloads.wordpress.org/theme/auction-bidding.0.8.3.zip,"2026-04-28 09:07:31",https://wordpress.org/themes/auction-bidding/,5.0,7.2,100
automotive-parts,"Automotive Parts",2.7,2.6,https://downloads.wordpress.org/theme/automotive-parts.2.7.zip,"2026-04-28 07:59:49",https://wordpress.org/themes/automotive-parts/,5.5,7.2,50
barter,Barter,2.3,2.1,https://downloads.wordpress.org/theme/barter.2.3.zip,"2026-04-28 07:58:08",https://wordpress.org/themes/barter/,5.3,5.6,100
beauty-cosmetic-shop,"Beauty Cosmetic Shop",1.5.1,1.4.9,https://downloads.wordpress.org/theme/beauty-cosmetic-shop.1.5.1.zip,"2026-04-28 07:00:31",https://wordpress.org/themes/beauty-cosmetic-shop/,5.6,7.2,20
bekko,Bekko,1.6.0,1.5.1,https://downloads.wordpress.org/theme/bekko.1.6.0.zip,"2026-04-28 06:41:36",https://wordpress.org/themes/bekko/,,7.0,40
bhaga,Bhaga,1.4.0,1.3.1,https://downloads.wordpress.org/theme/bhaga.1.4.0.zip,"2026-04-28 06:42:24",https://wordpress.org/themes/bhaga/,,7.0,30
bicycleshop,Bicycleshop,2.2,2.1,https://downloads.wordpress.org/theme/bicycleshop.2.2.zip,"2026-04-28 07:59:43",https://wordpress.org/themes/bicycleshop/,,5.6,100
bookstore-exhibition,"Bookstore Exhibition",2.2.6,2.2.5,https://downloads.wordpress.org/theme/bookstore-exhibition.2.2.6.zip,"2026-04-28 06:59:46",https://wordpress.org/themes/bookstore-exhibition/,5.6,7.2,90
broadnews,BroadNews,5.1.3,5.1.2,https://downloads.wordpress.org/theme/broadnews.5.1.3.zip,"2026-04-28 06:54:53",https://wordpress.org/themes/broadnews/,4.0,5.0,500
business-article-ship,"Business Article Ship",3.6,3.5,https://downloads.wordpress.org/theme/business-article-ship.3.6.zip,"2026-04-28 07:07:30",https://wordpress.org/themes/business-article-ship/,5.5,5.6,60
business-meetup-conference,"Business Meetup Conference",3.9,3.8,https://downloads.wordpress.org/theme/business-meetup-conference.3.9.zip,"2026-04-28 07:02:52",https://wordpress.org/themes/business-meetup-conference/,5.0,5.6,70
butcher-meatshop,"Butcher Meatshop",1.2.1,1.2.0,https://downloads.wordpress.org/theme/butcher-meatshop.1.2.1.zip,"2026-04-28 08:02:21",https://wordpress.org/themes/butcher-meatshop/,5.5,7.2,50
car-paint-job,"Car Paint Job",4.3,4.2,https://downloads.wordpress.org/theme/car-paint-job.4.3.zip,"2026-04-28 07:02:16",https://wordpress.org/themes/car-paint-job/,5.0,5.6,50
career-consultant,"Career Consultant",3.8,3.7,https://downloads.wordpress.org/theme/career-consultant.3.8.zip,"2026-04-28 07:02:14",https://wordpress.org/themes/career-consultant/,5.0,5.6,60
career-counseling,"Career Counseling",0.1.5,0.1.4,https://downloads.wordpress.org/theme/career-counseling.0.1.5.zip,"2026-04-28 06:53:31",https://wordpress.org/themes/career-counseling/,5.0,7.2,50
chagoi,Chagoi,1.6.0,1.5.1,https://downloads.wordpress.org/theme/chagoi.1.6.0.zip,"2026-04-28 06:43:22",https://wordpress.org/themes/chagoi/,,7.0,10
chandi,Chandi,1.5.0,1.4.1,https://downloads.wordpress.org/theme/chandi.1.5.0.zip,"2026-04-28 06:44:09",https://wordpress.org/themes/chandi/,,7.0,20
chromenews,ChromeNews,6.1.3,6.1.2,https://downloads.wordpress.org/theme/chromenews.6.1.3.zip,"2026-04-28 06:55:38",https://wordpress.org/themes/chromenews/,4.0,5.0,6000
church-services,"Church Services",3.8,3.7,https://downloads.wordpress.org/theme/church-services.3.8.zip,"2026-04-28 07:02:01",https://wordpress.org/themes/church-services/,5.0,5.6,100
cinematic-photographer,"Cinematic Photographer",3.0,2.9,https://downloads.wordpress.org/theme/cinematic-photographer.3.0.zip,"2026-04-28 07:01:36",https://wordpress.org/themes/cinematic-photographer/,5.0,5.6,70
cleaning-specialist,"Cleaning Specialist",3.0,2.9,https://downloads.wordpress.org/theme/cleaning-specialist.3.0.zip,"2026-04-28 07:08:11",https://wordpress.org/themes/cleaning-specialist/,5.5,5.6,50
comic-ebook,"Comic ebook",0.1.8,0.1.7,https://downloads.wordpress.org/theme/comic-ebook.0.1.8.zip,"2026-04-28 06:53:42",https://wordpress.org/themes/comic-ebook/,5.0,7.2,100
commercial-construction,"Commercial Construction",1.2.1,1.2.0,https://downloads.wordpress.org/theme/commercial-construction.1.2.1.zip,"2026-04-28 08:01:53",https://wordpress.org/themes/commercial-construction/,5.5,7.2,60
conference-event-planner,"Conference Event Planner",4.4,4.3,https://downloads.wordpress.org/theme/conference-event-planner.4.4.zip,"2026-04-28 07:01:21",https://wordpress.org/themes/conference-event-planner/,5.0,5.6,100
consultancy-services,"Consultancy Services",2.6,2.5,https://downloads.wordpress.org/theme/consultancy-services.2.6.zip,"2026-04-28 07:59:32",https://wordpress.org/themes/consultancy-services/,5.5,7.2,100
consultant-appointment,"Consultant Appointment",3.0.3,3.0.2,https://downloads.wordpress.org/theme/consultant-appointment.3.0.3.zip,"2026-04-28 08:01:35",https://wordpress.org/themes/consultant-appointment/,5.5,5.6,50
covernews,CoverNews,6.1.3,6.1.2,https://downloads.wordpress.org/theme/covernews.6.1.3.zip,"2026-04-28 06:56:21",https://wordpress.org/themes/covernews/,4.0,5.0,7000
creamy-bakery,"Creamy Bakery",3.0,2.9,https://downloads.wordpress.org/theme/creamy-bakery.3.0.zip,"2026-04-28 07:08:31",https://wordpress.org/themes/creamy-bakery/,5.5,5.6,100
cricket-tournament,"Cricket Tournament",2.8,2.7,https://downloads.wordpress.org/theme/cricket-tournament.2.8.zip,"2026-04-28 07:01:00",https://wordpress.org/themes/cricket-tournament/,5.0,5.6,60
darknews,DarkNews,3.4.3,3.4.2,https://downloads.wordpress.org/theme/darknews.3.4.3.zip,"2026-04-28 06:57:18",https://wordpress.org/themes/darknews/,4.0,5.0,1000
dhara,Dhara,1.4.0,1.3.1,https://downloads.wordpress.org/theme/dhara.1.4.0.zip,"2026-04-28 06:44:57",https://wordpress.org/themes/dhara/,,7.0,50
digital-magazine,"Digital Magazine",2.0,1.9.9,https://downloads.wordpress.org/theme/digital-magazine.2.0.zip,"2026-04-28 08:01:24",https://wordpress.org/themes/digital-magazine/,5.5,7.2,100
dropshipping-shop,"Dropshipping Shop",1.4.7,1.4.6,https://downloads.wordpress.org/theme/dropshipping-shop.1.4.7.zip,"2026-04-28 09:08:11",https://wordpress.org/themes/dropshipping-shop/,5.9,5.6,100
durga,Durga,1.5.0,1.4.1,https://downloads.wordpress.org/theme/durga.1.5.0.zip,"2026-04-28 06:45:51",https://wordpress.org/themes/durga/,,7.0,40
eco-landscaping,"Eco Landscaping",2.9,2.8,https://downloads.wordpress.org/theme/eco-landscaping.2.9.zip,"2026-04-28 07:08:53",https://wordpress.org/themes/eco-landscaping/,5.5,5.6,300
electronic-supermarket,"Electronic Supermarket",4.3,4.2,https://downloads.wordpress.org/theme/electronic-supermarket.4.3.zip,"2026-04-28 07:00:29",https://wordpress.org/themes/electronic-supermarket/,5.0,5.6,100
elegant-magazine,"Elegant Magazine",4.4.3,4.4.2,https://downloads.wordpress.org/theme/elegant-magazine.4.4.3.zip,"2026-04-28 06:58:16",https://wordpress.org/themes/elegant-magazine/,4.0,5.0,1000
enternews,EnterNews,3.4.3,3.4.2,https://downloads.wordpress.org/theme/enternews.3.4.3.zip,"2026-04-28 06:58:58",https://wordpress.org/themes/enternews/,4.0,5.0,1000
feminine-style-coach,"Feminine Style Coach",3.8,3.7,https://downloads.wordpress.org/theme/feminine-style-coach.3.8.zip,"2026-04-28 07:00:10",https://wordpress.org/themes/feminine-style-coach/,5.0,5.6,30
ganga,Ganga,1.5.0,1.4.1,https://downloads.wordpress.org/theme/ganga.1.5.0.zip,"2026-04-28 06:55:12",https://wordpress.org/themes/ganga/,,7.0,30
garuda,Garuda,1.4.0,1.3.1,https://downloads.wordpress.org/theme/garuda.1.4.0.zip,"2026-04-28 06:56:10",https://wordpress.org/themes/garuda/,,7.0,30
gayatri,Gayatri,1.4.0,1.3.1,https://downloads.wordpress.org/theme/gayatri.1.4.0.zip,"2026-04-28 06:57:27",https://wordpress.org/themes/gayatri/,,7.0,200
goshiki,Goshiki,1.6.0,1.5.1,https://downloads.wordpress.org/theme/goshiki.1.6.0.zip,"2026-04-28 06:58:33",https://wordpress.org/themes/goshiki/,,7.0,20
green-agro-landscaping,"Green Agro Landscaping",3.0,2.9,https://downloads.wordpress.org/theme/green-agro-landscaping.3.0.zip,"2026-04-28 06:59:50",https://wordpress.org/themes/green-agro-landscaping/,5.0,5.6,100
halloween-store,"Halloween Store",0.1.4,0.1.3,https://downloads.wordpress.org/theme/halloween-store.0.1.4.zip,"2026-04-28 06:53:47",https://wordpress.org/themes/halloween-store/,5.0,7.2,30
handyman-agency,"Handyman Agency",2.1.0,2.0.9,https://downloads.wordpress.org/theme/handyman-agency.2.1.0.zip,"2026-04-28 08:00:42",https://wordpress.org/themes/handyman-agency/,5.5,7.2,30
home-shifting-services,"Home Shifting Services",3.0,2.9,https://downloads.wordpress.org/theme/home-shifting-services.3.0.zip,"2026-04-28 07:09:51",https://wordpress.org/themes/home-shifting-services/,5.5,5.6,40
indra,Indra,1.4.0,1.3.1,https://downloads.wordpress.org/theme/indra.1.4.0.zip,"2026-04-28 06:59:33",https://wordpress.org/themes/indra/,,7.0,100
industrial-technology,"Industrial Technology",2.2.2,2.2.1,https://downloads.wordpress.org/theme/industrial-technology.2.2.2.zip,"2026-04-28 08:00:24",https://wordpress.org/themes/industrial-technology/,5.5,5.6,70
jumadi,Jumadi,1.4.0,1.3.1,https://downloads.wordpress.org/theme/jumadi.1.4.0.zip,"2026-04-28 07:00:34",https://wordpress.org/themes/jumadi/,,7.0,100
jungle-eco-tours,"Jungle Eco Tours",2.7,2.6,https://downloads.wordpress.org/theme/jungle-eco-tours.2.7.zip,"2026-04-28 07:11:05",https://wordpress.org/themes/jungle-eco-tours/,5.5,5.6,300
kalki,Kalki,1.4.0,1.3.1,https://downloads.wordpress.org/theme/kalki.1.4.0.zip,"2026-04-28 07:01:48",https://wordpress.org/themes/kalki/,,7.0,20
karna,Karna,1.4.0,1.3.1,https://downloads.wordpress.org/theme/karna.1.4.0.zip,"2026-04-28 07:02:59",https://wordpress.org/themes/karna/,,7.0,60
kids-activity-center,"Kids Activity Center",1.4.2,1.4.1,https://downloads.wordpress.org/theme/kids-activity-center.1.4.2.zip,"2026-04-28 07:59:06",https://wordpress.org/themes/kids-activity-center/,5.5,7.2,80
kindergarten-art-school,"Kindergarten Art School",3.0,2.9,https://downloads.wordpress.org/theme/kindergarten-art-school.3.0.zip,"2026-04-28 07:11:19",https://wordpress.org/themes/kindergarten-art-school/,5.5,5.6,100
kindergarten-playgroup,"Kindergarten Playgroup",4.0,3.9,https://downloads.wordpress.org/theme/kindergarten-playgroup.4.0.zip,"2026-04-28 06:59:29",https://wordpress.org/themes/kindergarten-playgroup/,5.0,5.6,100
kindergarten-toddler,"Kindergarten Toddler",2.6,2.5,https://downloads.wordpress.org/theme/kindergarten-toddler.2.6.zip,"2026-04-28 07:14:17",https://wordpress.org/themes/kindergarten-toddler/,5.5,5.6,70
kinginrin,Kinginrin,1.6.0,1.5.1,https://downloads.wordpress.org/theme/kinginrin.1.6.0.zip,"2026-04-28 07:14:21",https://wordpress.org/themes/kinginrin/,,7.0,90
kohaku,Kohaku,1.6.0,1.5.1,https://downloads.wordpress.org/theme/kohaku.1.6.0.zip,"2026-04-28 07:15:18",https://wordpress.org/themes/kohaku/,,7.0,100
koromo,Koromo,1.6.0,1.5.1,https://downloads.wordpress.org/theme/koromo.1.6.0.zip,"2026-04-28 07:16:13",https://wordpress.org/themes/koromo/,,7.0,100
kubera,Kubera,1.4.0,1.3.1,https://downloads.wordpress.org/theme/kubera.1.4.0.zip,"2026-04-28 07:29:23",https://wordpress.org/themes/kubera/,,7.0,60
kurma,Kurma,1.5.0,1.4.1,https://downloads.wordpress.org/theme/kurma.1.5.0.zip,"2026-04-28 07:30:23",https://wordpress.org/themes/kurma/,,7.0,50
lights-store,"Lights Store",2.3.0,2.2.9,https://downloads.wordpress.org/theme/lights-store.2.3.0.zip,"2026-04-28 08:04:02",https://wordpress.org/themes/lights-store/,5.5,7.2,100
lingam,Lingam,1.5.0,1.4.1,https://downloads.wordpress.org/theme/lingam.1.5.0.zip,"2026-04-28 07:31:13",https://wordpress.org/themes/lingam/,,7.0,40
lovewp,LoveWP,1.6.0,1.5.1,https://downloads.wordpress.org/theme/lovewp.1.6.0.zip,"2026-04-28 07:32:07",https://wordpress.org/themes/lovewp/,,7.0,20
luxury-hotels,"Luxury Hotels",4.5,4.4,https://downloads.wordpress.org/theme/luxury-hotels.4.5.zip,"2026-04-28 06:59:09",https://wordpress.org/themes/luxury-hotels/,5.0,5.6,100
luxury-watch-store,"Luxury Watch Store",0.1.7,0.1.6,https://downloads.wordpress.org/theme/luxury-watch-store.0.1.7.zip,"2026-04-28 06:53:55",https://wordpress.org/themes/luxury-watch-store/,5.0,7.2,80
magazine-7,"Magazine 7",3.3.3,3.3.2,https://downloads.wordpress.org/theme/magazine-7.3.3.3.zip,"2026-04-28 06:59:37",https://wordpress.org/themes/magazine-7/,4.0,5.0,700
magnitude,Magnitude,3.3.3,3.3.2,https://downloads.wordpress.org/theme/magnitude.3.3.3.zip,"2026-04-28 07:00:16",https://wordpress.org/themes/magnitude/,4.0,5.0,900
manda,Manda,1.4.0,1.3.1,https://downloads.wordpress.org/theme/manda.1.4.0.zip,"2026-04-28 07:32:59",https://wordpress.org/themes/manda/,,7.0,30
medical-clinic-center,"Medical Clinic Center",2.2.1,2.1.9,https://downloads.wordpress.org/theme/medical-clinic-center.2.2.1.zip,"2026-04-28 07:00:40",https://wordpress.org/themes/medical-clinic-center/,5.6,7.2,90
medical-store,"Medical Store",0.1.7,0.1.6,https://downloads.wordpress.org/theme/medical-store.0.1.7.zip,"2026-04-28 06:54:01",https://wordpress.org/themes/medical-store/,5.0,7.2,100
mhalsa,Mhalsa,1.4.0,1.3.1,https://downloads.wordpress.org/theme/mhalsa.1.4.0.zip,"2026-04-28 07:45:10",https://wordpress.org/themes/mhalsa/,,7.0,30
modern-dental-clinic,"Modern Dental Clinic",2.1,2.0,https://downloads.wordpress.org/theme/modern-dental-clinic.2.1.zip,"2026-04-28 09:20:29",https://wordpress.org/themes/modern-dental-clinic/,5.0,7.4,0
morenews,MoreNews,4.0.1,4.0.0,https://downloads.wordpress.org/theme/morenews.4.0.1.zip,"2026-04-28 07:01:07",https://wordpress.org/themes/morenews/,4.0,5.0,6000
nandi,Nandi,1.5.0,1.4.1,https://downloads.wordpress.org/theme/nandi.1.5.0.zip,"2026-04-28 07:46:02",https://wordpress.org/themes/nandi/,,7.0,20
narayana,Narayana,1.6.0,1.5.0,https://downloads.wordpress.org/theme/narayana.1.6.0.zip,"2026-04-28 07:46:56",https://wordpress.org/themes/narayana/,,7.0,20
nataraja,Nataraja,1.6.0,1.5.0,https://downloads.wordpress.org/theme/nataraja.1.6.0.zip,"2026-04-28 07:47:47",https://wordpress.org/themes/nataraja/,,7.0,70
newsever,Newsever,4.4.3,4.4.2,https://downloads.wordpress.org/theme/newsever.4.4.3.zip,"2026-04-28 07:01:53",https://wordpress.org/themes/newsever/,4.0,5.0,1000
newsium,Newsium,4.3.3,4.3.2,https://downloads.wordpress.org/theme/newsium.4.3.3.zip,"2026-04-28 07:02:37",https://wordpress.org/themes/newsium/,4.0,5.0,1000
newsphere,Newsphere,4.5.3,4.5.2,https://downloads.wordpress.org/theme/newsphere.4.5.3.zip,"2026-04-28 07:03:25",https://wordpress.org/themes/newsphere/,4.0,5.0,2000
ochiba,Ochiba,1.6.0,1.5.0,https://downloads.wordpress.org/theme/ochiba.1.6.0.zip,"2026-04-28 07:48:53",https://wordpress.org/themes/ochiba/,,7.0,70
online-education-classes,"Online Education Classes",2.8,2.7,https://downloads.wordpress.org/theme/online-education-classes.2.8.zip,"2026-04-28 07:11:47",https://wordpress.org/themes/online-education-classes/,5.5,5.6,200
parvati,Parvati,1.5.0,1.4.0,https://downloads.wordpress.org/theme/parvati.1.5.0.zip,"2026-04-28 07:49:43",https://wordpress.org/themes/parvati/,,7.0,60
photographer-magazine,"Photographer Magazine",2.0.9,2.0.7,https://downloads.wordpress.org/theme/photographer-magazine.2.0.9.zip,"2026-04-28 07:00:12",https://wordpress.org/themes/photographer-magazine/,5.6,7.2,50
political-campaign,"Political Campaign",0.8.5,0.8.4,https://downloads.wordpress.org/theme/political-campaign.0.8.5.zip,"2026-04-28 09:06:33",https://wordpress.org/themes/political-campaign/,5.0,7.2,300
posterity-sanitize,"Posterity Sanitize",2.2,2.1,https://downloads.wordpress.org/theme/posterity-sanitize.2.2.zip,"2026-04-28 07:59:12",https://wordpress.org/themes/posterity-sanitize/,,5.6,70
production-industry,"Production Industry",0.1.5,0.1.4,https://downloads.wordpress.org/theme/production-industry.0.1.5.zip,"2026-04-28 06:54:15",https://wordpress.org/themes/production-industry/,5.0,7.2,60
real-estate-developer,"Real Estate Developer",0.4.3,0.4.2,https://downloads.wordpress.org/theme/real-estate-developer.0.4.3.zip,"2026-04-28 09:08:12",https://wordpress.org/themes/real-estate-developer/,5.0,7.2,100
rev-digital-products,"Rev Digital Products",2.3.9,2.3.8,https://downloads.wordpress.org/theme/rev-digital-products.2.3.9.zip,"2026-04-28 08:03:39",https://wordpress.org/themes/rev-digital-products/,5.5,5.6,80
reviewnews,ReviewNews,1.4.7,1.4.6,https://downloads.wordpress.org/theme/reviewnews.1.4.7.zip,"2026-04-28 07:04:16",https://wordpress.org/themes/reviewnews/,4.0,5.0,1000
rudra,Rudra,1.6.0,1.5.0,https://downloads.wordpress.org/theme/rudra.1.6.0.zip,"2026-04-28 07:50:39",https://wordpress.org/themes/rudra/,,7.0,20
saraswati,Saraswati,1.6.0,1.5.0,https://downloads.wordpress.org/theme/saraswati.1.6.0.zip,"2026-04-28 07:51:31",https://wordpress.org/themes/saraswati/,,7.0,20
shesha,Shesha,1.5.0,1.4.0,https://downloads.wordpress.org/theme/shesha.1.5.0.zip,"2026-04-28 07:56:40",https://wordpress.org/themes/shesha/,,7.0,70
shoes-store,"Shoes Store",0.5.2,0.5.1,https://downloads.wordpress.org/theme/shoes-store.0.5.2.zip,"2026-04-28 09:08:19",https://wordpress.org/themes/shoes-store/,5.0,7.2,400
shopical,Shopical,2.5.3,2.5.2,https://downloads.wordpress.org/theme/shopical.2.5.3.zip,"2026-04-28 07:04:59",https://wordpress.org/themes/shopical/,,5.0,400
skt-green,"SKT Green",2.2,2.1,https://downloads.wordpress.org/theme/skt-green.2.2.zip,"2026-04-28 07:58:45",https://wordpress.org/themes/skt-green/,5.3,5.6,500
software-it-company,"Software IT Company",1.3.2,1.3.0,https://downloads.wordpress.org/theme/software-it-company.1.3.2.zip,"2026-04-28 07:00:23",https://wordpress.org/themes/software-it-company/,5.6,7.2,100
solar-generator,"Solar Generator",1.8.1,1.8,https://downloads.wordpress.org/theme/solar-generator.1.8.1.zip,"2026-04-28 08:06:01",https://wordpress.org/themes/solar-generator/,5.5,7.2,60
spa-salon-center,"Spa Salon Center",3.7,3.6,https://downloads.wordpress.org/theme/spa-salon-center.3.7.zip,"2026-04-28 06:58:45",https://wordpress.org/themes/spa-salon-center/,5.0,5.6,30
sports-agency,"Sports Agency",0.1.7,0.1.6,https://downloads.wordpress.org/theme/sports-agency.0.1.7.zip,"2026-04-28 06:54:21",https://wordpress.org/themes/sports-agency/,5.0,7.2,100
sukra,Sukra,1.4.0,1.3.0,https://downloads.wordpress.org/theme/sukra.1.4.0.zip,"2026-04-28 07:57:25",https://wordpress.org/themes/sukra/,,7.0,50
tancho,Tancho,1.6.0,1.5.0,https://downloads.wordpress.org/theme/tancho.1.6.0.zip,"2026-04-28 07:58:09",https://wordpress.org/themes/tancho/,,7.0,30
technical-blogging,"Technical Blogging",3.3,3.2,https://downloads.wordpress.org/theme/technical-blogging.3.3.zip,"2026-04-28 07:12:57",https://wordpress.org/themes/technical-blogging/,5.5,5.6,100
ticket-booking,"Ticket Booking",3.1,3.0,https://downloads.wordpress.org/theme/ticket-booking.3.1.zip,"2026-04-28 07:14:52",https://wordpress.org/themes/ticket-booking/,5.5,5.6,80
tour-booking-agency,"Tour booking Agency",0.1.6,0.1.5,https://downloads.wordpress.org/theme/tour-booking-agency.0.1.6.zip,"2026-04-28 06:54:30",https://wordpress.org/themes/tour-booking-agency/,5.0,7.2,70
tulsi,Tulsi,1.4.0,1.3.0,https://downloads.wordpress.org/theme/tulsi.1.4.0.zip,"2026-04-28 07:59:04",https://wordpress.org/themes/tulsi/,,7.0,100
unibiz,Unibiz,1.0.8,1.0.7,https://downloads.wordpress.org/theme/unibiz.1.0.8.zip,"2026-04-28 08:42:55",https://wordpress.org/themes/unibiz/,6.5,7.0,20000
unique-gift-shop,"Unique Gift Shop",2.8,2.7,https://downloads.wordpress.org/theme/unique-gift-shop.2.8.zip,"2026-04-28 07:12:07",https://wordpress.org/themes/unique-gift-shop/,5.5,5.6,200
unique-startup,"Unique Startup",2.2.4,2.2.3,https://downloads.wordpress.org/theme/unique-startup.2.2.4.zip,"2026-04-28 06:59:59",https://wordpress.org/themes/unique-startup/,5.6,7.2,30
university-institute,"University Institute",2.0,1.9.9,https://downloads.wordpress.org/theme/university-institute.2.0.zip,"2026-04-28 08:02:53",https://wordpress.org/themes/university-institute/,5.5,7.2,50
valmiki,Valmiki,1.4.0,1.3.0,https://downloads.wordpress.org/theme/valmiki.1.4.0.zip,"2026-04-28 08:00:00",https://wordpress.org/themes/valmiki/,,7.0,100
vertical-gardening,"Vertical Gardening",0.1.4,0.1.3,https://downloads.wordpress.org/theme/vertical-gardening.0.1.4.zip,"2026-04-28 06:54:44",https://wordpress.org/themes/vertical-gardening/,5.0,7.2,30
videographer-studio,"Videographer Studio",2.6,2.5,https://downloads.wordpress.org/theme/videographer-studio.2.6.zip,"2026-04-28 06:56:23",https://wordpress.org/themes/videographer-studio/,5.0,5.6,50
vikata,Vikata,1.4.0,1.3.0,https://downloads.wordpress.org/theme/vikata.1.4.0.zip,"2026-04-28 08:00:47",https://wordpress.org/themes/vikata/,,7.0,70
vishnu,Vishnu,1.5.0,1.4.0,https://downloads.wordpress.org/theme/vishnu.1.5.0.zip,"2026-04-28 08:01:44",https://wordpress.org/themes/vishnu/,,7.0,0
vw-automobile-lite,"VW Automobile Lite",2.3.2,2.3.1,https://downloads.wordpress.org/theme/vw-automobile-lite.2.3.2.zip,"2026-04-28 09:12:36",https://wordpress.org/themes/vw-automobile-lite/,5.0,7.2,800
vw-hosting-services,"VW Hosting Services",0.6.4,0.6.3,https://downloads.wordpress.org/theme/vw-hosting-services.0.6.4.zip,"2026-04-28 09:13:14",https://wordpress.org/themes/vw-hosting-services/,5.0,7.2,300
vw-radio-station,"VW Radio Station",0.4.9,0.4.8,https://downloads.wordpress.org/theme/vw-radio-station.0.4.9.zip,"2026-04-28 09:14:00",https://wordpress.org/themes/vw-radio-station/,5.0,7.2,300
web-graphic-designer,"Web Graphic Designer",2.9,2.8,https://downloads.wordpress.org/theme/web-graphic-designer.2.9.zip,"2026-04-28 06:56:06",https://wordpress.org/themes/web-graphic-designer/,5.0,5.6,40
weight-loss-center,"Weight Loss Center",2.9,2.8,https://downloads.wordpress.org/theme/weight-loss-center.2.9.zip,"2026-04-28 06:55:24",https://wordpress.org/themes/weight-loss-center/,5.0,5.6,20
wildlife-photography,"Wildlife Photography",2.2.0,2.1.9,https://downloads.wordpress.org/theme/wildlife-photography.2.2.0.zip,"2026-04-28 08:02:35",https://wordpress.org/themes/wildlife-photography/,5.5,7.2,20
yamuna,Yamuna,1.4.0,1.3.0,https://downloads.wordpress.org/theme/yamuna.1.4.0.zip,"2026-04-28 08:02:38",https://wordpress.org/themes/yamuna/,,7.0,30
yoga-center,"Yoga Center",0.1.8,0.1.7,https://downloads.wordpress.org/theme/yoga-center.0.1.8.zip,"2026-04-28 06:54:51",https://wordpress.org/themes/yoga-center/,5.0,5.6,40
yoga-kriya,"Yoga Kriya",2.2.7,2.2.6,https://downloads.wordpress.org/theme/yoga-kriya.2.2.7.zip,"2026-04-28 06:59:53",https://wordpress.org/themes/yoga-kriya/,5.6,7.2,40
zoo-safari,"Zoo Safari",0.1.3,0.1.2,https://downloads.wordpress.org/theme/zoo-safari.0.1.3.zip,"2026-04-28 06:54:58",https://wordpress.org/themes/zoo-safari/,5.0,7.2,30
graceful-opal-blog,"Graceful Opal Blog",1.0.0,,https://downloads.wordpress.org/theme/graceful-opal-blog.1.0.0.zip,"2026-04-28 09:32:17",https://wordpress.org/themes/graceful-opal-blog/,5.3,5.6,0
advancea,Advancea,1.0.41,1.0.40,https://downloads.wordpress.org/theme/advancea.1.0.41.zip,"2026-04-28 10:31:12",https://wordpress.org/themes/advancea/,4.7,5.6,200
anynews,AnyNews,1.0.35,1.0.34,https://downloads.wordpress.org/theme/anynews.1.0.35.zip,"2026-04-28 10:23:48",https://wordpress.org/themes/anynews/,4.7,7.0,800
aster-ebooks,"Aster Ebooks",5.1,5.0,https://downloads.wordpress.org/theme/aster-ebooks.5.1.zip,"2026-04-28 10:29:34",https://wordpress.org/themes/aster-ebooks/,,7.4,80
aster-gym-trainer,"Aster Gym Trainer",2.1,2.0,https://downloads.wordpress.org/theme/aster-gym-trainer.2.1.zip,"2026-04-28 10:29:08",https://wordpress.org/themes/aster-gym-trainer/,,7.2,20
aster-it-solutions,"Aster IT Solutions",5.7,5.6,https://downloads.wordpress.org/theme/aster-it-solutions.5.7.zip,"2026-04-28 10:28:07",https://wordpress.org/themes/aster-it-solutions/,,7.2,40
aster-storefront,"Aster Storefront",5.5,5.4,https://downloads.wordpress.org/theme/aster-storefront.5.5.zip,"2026-04-28 10:25:54",https://wordpress.org/themes/aster-storefront/,,7.4,100
aster-vlogger,"Aster Vlogger",5.6,5.5,https://downloads.wordpress.org/theme/aster-vlogger.5.6.zip,"2026-04-28 10:25:37",https://wordpress.org/themes/aster-vlogger/,,7.2,50
auto-car-dealership,"Auto Car Dealership",1.7.1,1.7.0,https://downloads.wordpress.org/theme/auto-car-dealership.1.7.1.zip,"2026-04-28 10:18:15",https://wordpress.org/themes/auto-car-dealership/,5.9,7.2,1000
auto-mechanic,"Auto Mechanic",4.9,4.8,https://downloads.wordpress.org/theme/auto-mechanic.4.9.zip,"2026-04-28 10:24:27",https://wordpress.org/themes/auto-mechanic/,,7.2,40
avanta,Avanta,1.0.38,1.0.37,https://downloads.wordpress.org/theme/avanta.1.0.38.zip,"2026-04-28 10:31:48",https://wordpress.org/themes/avanta/,4.7,5.6,400
bodyart-tattoo-designer,"Bodyart Tattoo Designer",0.2.0,0.1.9,https://downloads.wordpress.org/theme/bodyart-tattoo-designer.0.2.0.zip,"2026-04-28 11:07:50",https://wordpress.org/themes/bodyart-tattoo-designer/,5.0,7.2,0
bodyart-tattoo-studio,"Bodyart Tattoo Studio",0.0.2,0.0.1,https://downloads.wordpress.org/theme/bodyart-tattoo-studio.0.0.2.zip,"2026-04-28 10:52:51",https://wordpress.org/themes/bodyart-tattoo-studio/,6.2,7.2,10
cafe-alley,"Cafe Alley",1.1.1,1.1.0,https://downloads.wordpress.org/theme/cafe-alley.1.1.1.zip,"2026-04-28 11:08:24",https://wordpress.org/themes/cafe-alley/,5.3,7.2,30
charity-aid,"Charity Aid",3.5,3.4,https://downloads.wordpress.org/theme/charity-aid.3.5.zip,"2026-04-28 10:54:00",https://wordpress.org/themes/charity-aid/,,5.6,50
chocolate-ice-cream,"Chocolate Ice Cream",5.3,5.2,https://downloads.wordpress.org/theme/chocolate-ice-cream.5.3.zip,"2026-04-28 10:23:29",https://wordpress.org/themes/chocolate-ice-cream/,,7.2,30
chromax,Chromax,1.0.34,1.0.33,https://downloads.wordpress.org/theme/chromax.1.0.34.zip,"2026-04-28 10:33:56",https://wordpress.org/themes/chromax/,4.7,5.6,800
chromica,Chromica,1.0.20,1.0.19,https://downloads.wordpress.org/theme/chromica.1.0.20.zip,"2026-04-28 10:34:56",https://wordpress.org/themes/chromica/,4.7,5.6,600
chrowix,Chrowix,1.0.26,1.0.25,https://downloads.wordpress.org/theme/chrowix.1.0.26.zip,"2026-04-28 10:34:26",https://wordpress.org/themes/chrowix/,4.7,5.6,200
coffee-bistro,"Coffee Bistro",5.4,5.3,https://downloads.wordpress.org/theme/coffee-bistro.5.4.zip,"2026-04-28 10:23:11",https://wordpress.org/themes/coffee-bistro/,,7.2,30
corpiva,Corpiva,1.1.6,1.1.5,https://downloads.wordpress.org/theme/corpiva.1.1.6.zip,"2026-04-28 10:29:36",https://wordpress.org/themes/corpiva/,4.7,5.6,2000
corporate-solutions,"Corporate Solutions",5.2,5.1,https://downloads.wordpress.org/theme/corporate-solutions.5.2.zip,"2026-04-28 10:22:24",https://wordpress.org/themes/corporate-solutions/,,7.2,20
corvia,Corvia,1.0.70,1.0.69,https://downloads.wordpress.org/theme/corvia.1.0.70.zip,"2026-04-28 10:30:42",https://wordpress.org/themes/corvia/,4.7,5.6,100
corvine,Corvine,1.0.32,1.0.31,https://downloads.wordpress.org/theme/corvine.1.0.32.zip,"2026-04-28 10:32:20",https://wordpress.org/themes/corvine/,4.7,5.6,200
corvita,Corvita,1.0.80,1.0.79,https://downloads.wordpress.org/theme/corvita.1.0.80.zip,"2026-04-28 10:30:10",https://wordpress.org/themes/corvita/,4.7,5.6,500
corvix,Corvix,0.6,0.5,https://downloads.wordpress.org/theme/corvix.0.6.zip,"2026-04-28 10:35:27",https://wordpress.org/themes/corvix/,4.7,5.6,80
coviant,Coviant,0.9,0.8,https://downloads.wordpress.org/theme/coviant.0.9.zip,"2026-04-28 10:33:11",https://wordpress.org/themes/coviant/,4.7,5.6,100
dark-fitness,"Dark Fitness",2.2,2.1,https://downloads.wordpress.org/theme/dark-fitness.2.2.zip,"2026-04-28 10:22:01",https://wordpress.org/themes/dark-fitness/,,7.2,70
daystory,DayStory,1.1.26,1.1.25,https://downloads.wordpress.org/theme/daystory.1.1.26.zip,"2026-04-28 10:22:08",https://wordpress.org/themes/daystory/,4.7,7.0,100
dog-pet-house,"Dog Pet House",4.5,4.4,https://downloads.wordpress.org/theme/dog-pet-house.4.5.zip,"2026-04-28 10:19:32",https://wordpress.org/themes/dog-pet-house/,,7.4,50
ecommerce-online-store,"Ecommerce Online Store",5.4,5.3,https://downloads.wordpress.org/theme/ecommerce-online-store.5.4.zip,"2026-04-28 10:18:09",https://wordpress.org/themes/ecommerce-online-store/,,7.2,90
fashion-outfits-trend,"Fashion Outfits Trend",3.5,3.4,https://downloads.wordpress.org/theme/fashion-outfits-trend.3.5.zip,"2026-04-28 10:54:21",https://wordpress.org/themes/fashion-outfits-trend/,,5.6,60
florist-bouquet,"Florist Bouquet",5.5,5.4,https://downloads.wordpress.org/theme/florist-bouquet.5.5.zip,"2026-04-28 10:10:56",https://wordpress.org/themes/florist-bouquet/,,7.2,50
home-gardening,"Home Gardening",3.5,3.4,https://downloads.wordpress.org/theme/home-gardening.3.5.zip,"2026-04-28 10:53:43",https://wordpress.org/themes/home-gardening/,,5.6,50
lawyer-legal-firm,"Lawyer Legal Firm",1.2,1.1.9,https://downloads.wordpress.org/theme/lawyer-legal-firm.1.2.zip,"2026-04-28 10:58:28",https://wordpress.org/themes/lawyer-legal-firm/,5.9,5.6,90
magazine-blocks,"Magazine Blocks",1.2.1,1.2.0,https://downloads.wordpress.org/theme/magazine-blocks.1.2.1.zip,"2026-04-28 10:58:38",https://wordpress.org/themes/magazine-blocks/,5.9,5.6,100
mirrors-interior,"Mirrors Interior",5.3,5.2,https://downloads.wordpress.org/theme/mirrors-interior.5.3.zip,"2026-04-28 10:09:32",https://wordpress.org/themes/mirrors-interior/,,7.2,20
newsalert,NewsAlert,1.0.75,1.0.74,https://downloads.wordpress.org/theme/newsalert.1.0.75.zip,"2026-04-28 10:25:35",https://wordpress.org/themes/newsalert/,4.7,7.0,1000
newsalt,NewsAlt,1.1.6,1.1.5,https://downloads.wordpress.org/theme/newsalt.1.1.6.zip,"2026-04-28 10:22:40",https://wordpress.org/themes/newsalt/,4.7,7.0,300
newsblogy,NewsBlogy,1.0.49,1.0.48,https://downloads.wordpress.org/theme/newsblogy.1.0.49.zip,"2026-04-28 10:26:06",https://wordpress.org/themes/newsblogy/,4.7,7.0,1000
newsdaily,NewsDaily,1.1.28,1.1.27,https://downloads.wordpress.org/theme/newsdaily.1.1.28.zip,"2026-04-28 10:21:33",https://wordpress.org/themes/newsdaily/,4.7,7.0,900
newshours,NewsHours,1.0.99,1.0.98,https://downloads.wordpress.org/theme/newshours.1.0.99.zip,"2026-04-28 10:23:14",https://wordpress.org/themes/newshours/,4.7,7.0,200
newsmash,NewsMash,1.1.44,1.1.43,https://downloads.wordpress.org/theme/newsmash.1.1.44.zip,"2026-04-28 10:20:49",https://wordpress.org/themes/newsmash/,4.7,7.0,700
newsmemo,NewsMemo,1.0.4,1.0.3,https://downloads.wordpress.org/theme/newsmemo.1.0.4.zip,"2026-04-28 10:26:37",https://wordpress.org/themes/newsmemo/,4.7,7.0,800
newsmunch,NewsMunch,1.1.7,1.1.6,https://downloads.wordpress.org/theme/newsmunch.1.1.7.zip,"2026-04-28 10:24:34",https://wordpress.org/themes/newsmunch/,4.7,7.0,1000
newstick,NewsTick,1.1.4,1.1.3,https://downloads.wordpress.org/theme/newstick.1.1.4.zip,"2026-04-28 10:25:05",https://wordpress.org/themes/newstick/,4.7,7.0,1000
paws-and-care,"Paws and Care",0.1.6,0.1.5,https://downloads.wordpress.org/theme/paws-and-care.0.1.6.zip,"2026-04-28 11:14:48",https://wordpress.org/themes/paws-and-care/,6.0,7.4,40
pixel-charity-nonprofit,"Pixel Charity Nonprofit",3.2,3.1,https://downloads.wordpress.org/theme/pixel-charity-nonprofit.3.2.zip,"2026-04-28 10:57:25",https://wordpress.org/themes/pixel-charity-nonprofit/,,5.6,50
pixel-cyber-security,"Pixel Cyber Security",2.0,1.9,https://downloads.wordpress.org/theme/pixel-cyber-security.2.0.zip,"2026-04-28 11:06:06",https://wordpress.org/themes/pixel-cyber-security/,5.9,5.6,100
pixel-watch-center,"Pixel Watch Center",0.0.6,0.0.5,https://downloads.wordpress.org/theme/pixel-watch-center.0.0.6.zip,"2026-04-28 11:04:46",https://wordpress.org/themes/pixel-watch-center/,5.9,5.6,200
recipes-blog,"Recipes Blog",5.6,5.5,https://downloads.wordpress.org/theme/recipes-blog.5.6.zip,"2026-04-28 10:09:13",https://wordpress.org/themes/recipes-blog/,,7.2,100
shoe-outlet,"Shoe Outlet",0.0.4,0.0.3,https://downloads.wordpress.org/theme/shoe-outlet.0.0.4.zip,"2026-04-28 11:05:17",https://wordpress.org/themes/shoe-outlet/,6.2,7.2,50
vw-ecommerce-shop,"VW Ecommerce Shop",1.4.4,1.4.3,https://downloads.wordpress.org/theme/vw-ecommerce-shop.1.4.4.zip,"2026-04-28 10:18:19",https://wordpress.org/themes/vw-ecommerce-shop/,5.0,7.2,200
vw-kindergarten,"VW Kindergarten",1.1.1,1.1.0,https://downloads.wordpress.org/theme/vw-kindergarten.1.1.1.zip,"2026-04-28 10:27:21",https://wordpress.org/themes/vw-kindergarten/,5.0,7.2,300
vw-mobile-app,"VW Mobile App",1.6.0,1.5.9,https://downloads.wordpress.org/theme/vw-mobile-app.1.6.0.zip,"2026-04-28 10:27:20",https://wordpress.org/themes/vw-mobile-app/,5.0,7.2,300
yoga-workout,"Yoga Workout",0.0.8,0.0.7,https://downloads.wordpress.org/theme/yoga-workout.0.0.8.zip,"2026-04-28 11:04:16",https://wordpress.org/themes/yoga-workout/,5.9,5.6,40
anamio,Anamio,19.3,19.2,https://downloads.wordpress.org/theme/anamio.19.3.zip,"2026-04-28 13:05:37",https://wordpress.org/themes/anamio/,4.7,5.6,30
antique-jewelry,"Antique Jewelry",3.9,3.8,https://downloads.wordpress.org/theme/antique-jewelry.3.9.zip,"2026-04-28 14:03:46",https://wordpress.org/themes/antique-jewelry/,6.1,7.2,90
aravalli,Aravalli,20.2,20.1,https://downloads.wordpress.org/theme/aravalli.20.2.zip,"2026-04-28 14:13:52",https://wordpress.org/themes/aravalli/,4.7,5.6,600
binsight,BInsight,1.0.8,1.0.7,https://downloads.wordpress.org/theme/binsight.1.0.8.zip,"2026-04-28 13:57:22",https://wordpress.org/themes/binsight/,,5.6,20
boostify,Boostify,20.2,20.1,https://downloads.wordpress.org/theme/boostify.20.2.zip,"2026-04-28 14:11:48",https://wordpress.org/themes/boostify/,4.7,5.6,100
cleaning-equipment,"Cleaning Equipment",1.4.2,1.4.0,https://downloads.wordpress.org/theme/cleaning-equipment.1.4.2.zip,"2026-04-28 12:09:15",https://wordpress.org/themes/cleaning-equipment/,6.0,7.2,200
colorsy,Colorsy,18.3,18.2,https://downloads.wordpress.org/theme/colorsy.18.3.zip,"2026-04-28 14:11:14",https://wordpress.org/themes/colorsy/,4.7,5.6,100
consulting-blocks,"Consulting Blocks",1.3.3,1.3.2,https://downloads.wordpress.org/theme/consulting-blocks.1.3.3.zip,"2026-04-28 12:16:33",https://wordpress.org/themes/consulting-blocks/,6.0,7.2,50
convo,Convo,13.6,13.5,https://downloads.wordpress.org/theme/convo.13.6.zip,"2026-04-28 14:10:51",https://wordpress.org/themes/convo/,,7.0,100
cosmics,Cosmics,18.3,18.2,https://downloads.wordpress.org/theme/cosmics.18.3.zip,"2026-04-28 14:35:41",https://wordpress.org/themes/cosmics/,4.7,5.6,400
cricket-club-league,"Cricket Club League",1.3.1,1.2.9,https://downloads.wordpress.org/theme/cricket-club-league.1.3.1.zip,"2026-04-28 12:16:35",https://wordpress.org/themes/cricket-club-league/,6.0,7.2,100
daizy,Daizy,18.1,18.0,https://downloads.wordpress.org/theme/daizy.18.1.zip,"2026-04-28 13:05:15",https://wordpress.org/themes/daizy/,4.7,5.6,100
digital-online-courses,"Digital Online Courses",3.9,3.8,https://downloads.wordpress.org/theme/digital-online-courses.3.9.zip,"2026-04-28 14:03:33",https://wordpress.org/themes/digital-online-courses/,6.1,7.2,100
eco-renewable-energy,"Eco Renewable Energy",1.2.6,1.2.4,https://downloads.wordpress.org/theme/eco-renewable-energy.1.2.6.zip,"2026-04-28 12:10:04",https://wordpress.org/themes/eco-renewable-energy/,6.0,7.2,100
event-management-blocks,"Event Management Blocks",1.2.9,1.2.7,https://downloads.wordpress.org/theme/event-management-blocks.1.2.9.zip,"2026-04-28 12:10:14",https://wordpress.org/themes/event-management-blocks/,6.0,7.2,200
eventplus,EventPlus,18.0,17.9,https://downloads.wordpress.org/theme/eventplus.18.0.zip,"2026-04-28 14:32:37",https://wordpress.org/themes/eventplus/,4.7,5.6,200
evita,Evita,5.5,5.4,https://downloads.wordpress.org/theme/evita.5.5.zip,"2026-04-28 14:30:38",https://wordpress.org/themes/evita/,,5.6,200
ferio,Ferio,11.1,11.0,https://downloads.wordpress.org/theme/ferio.11.1.zip,"2026-04-28 13:04:55",https://wordpress.org/themes/ferio/,4.7,5.6,30
fiona-blog,"Fiona Blog",20.3,20.2,https://downloads.wordpress.org/theme/fiona-blog.20.3.zip,"2026-04-28 14:25:22",https://wordpress.org/themes/fiona-blog/,4.7,5.6,500
frosty-cake,"Frosty Cake",1.3.4,1.3.3,https://downloads.wordpress.org/theme/frosty-cake.1.3.4.zip,"2026-04-28 12:10:36",https://wordpress.org/themes/frosty-cake/,6.0,7.2,200
furniture-shop-blocks,"Furniture Shop Blocks",1.3.5,1.3.4,https://downloads.wordpress.org/theme/furniture-shop-blocks.1.3.5.zip,"2026-04-28 12:11:30",https://wordpress.org/themes/furniture-shop-blocks/,6.0,7.2,100
gradiantx,GradiantX,7.6,7.5,https://downloads.wordpress.org/theme/gradiantx.7.6.zip,"2026-04-28 14:24:42",https://wordpress.org/themes/gradiantx/,4.7,5.6,100
gruj,Gruj,19.2,19.1,https://downloads.wordpress.org/theme/gruj.19.2.zip,"2026-04-28 13:10:10",https://wordpress.org/themes/gruj/,4.7,5.6,30
home-decoration-shop,"Home Decoration Shop",4.1,4.0,https://downloads.wordpress.org/theme/home-decoration-shop.4.1.zip,"2026-04-28 14:03:00",https://wordpress.org/themes/home-decoration-shop/,6.1,7.2,20
hotel-26,"Hotel 26",1.2,1.1,https://downloads.wordpress.org/theme/hotel-26.1.2.zip,"2026-04-28 14:36:37",https://wordpress.org/themes/hotel-26/,4.7,5.6,10
hotel-suite,"Hotel Suite",1.3.8,1.3.7,https://downloads.wordpress.org/theme/hotel-suite.1.3.8.zip,"2026-04-28 12:12:09",https://wordpress.org/themes/hotel-suite/,6.0,7.2,100
library-books,"Library Books",2.1,2.0,https://downloads.wordpress.org/theme/library-books.2.1.zip,"2026-04-28 12:49:01",https://wordpress.org/themes/library-books/,,7.4,300
metasoft,MetaSoft,20.2,20.1,https://downloads.wordpress.org/theme/metasoft.20.2.zip,"2026-04-28 14:23:29",https://wordpress.org/themes/metasoft/,4.7,5.6,300
mobile-app-company,"Mobile App Company",4.0,3.9,https://downloads.wordpress.org/theme/mobile-app-company.4.0.zip,"2026-04-28 14:02:24",https://wordpress.org/themes/mobile-app-company/,6.1,7.2,50
movie-cinema-blocks,"Movie Cinema Blocks",1.5.1,1.5.0,https://downloads.wordpress.org/theme/movie-cinema-blocks.1.5.1.zip,"2026-04-28 12:13:09",https://wordpress.org/themes/movie-cinema-blocks/,6.0,7.2,100
news25-live,"News25 Live",2.7,2.6,https://downloads.wordpress.org/theme/news25-live.2.7.zip,"2026-04-28 14:31:12",https://wordpress.org/themes/news25-live/,4.7,5.6,90
posterity-dark,"Posterity Dark",1.6,1.5,https://downloads.wordpress.org/theme/posterity-dark.1.6.zip,"2026-04-28 12:53:34",https://wordpress.org/themes/posterity-dark/,,5.6,200
property-management-company,"Property Management Company",1.2.9,1.2.8,https://downloads.wordpress.org/theme/property-management-company.1.2.9.zip,"2026-04-28 12:14:01",https://wordpress.org/themes/property-management-company/,6.0,7.2,200
renoval,Renoval,19.5,19.4,https://downloads.wordpress.org/theme/renoval.19.5.zip,"2026-04-28 14:28:06",https://wordpress.org/themes/renoval/,4.7,5.6,500
retailer-ecommerce,"Retailer Ecommerce",4.0,3.9,https://downloads.wordpress.org/theme/retailer-ecommerce.4.0.zip,"2026-04-28 14:02:06",https://wordpress.org/themes/retailer-ecommerce/,6.1,7.2,100
rt-education-school,"RT Education School",1.3.4,1.3.3,https://downloads.wordpress.org/theme/rt-education-school.1.3.4.zip,"2026-04-28 12:14:35",https://wordpress.org/themes/rt-education-school/,6.0,7.2,200
smart-home-automation,"Smart Home Automation",1.4.1,1.4.0,https://downloads.wordpress.org/theme/smart-home-automation.1.4.1.zip,"2026-04-28 12:18:38",https://wordpress.org/themes/smart-home-automation/,6.0,7.2,100
software-cms,"Software CMS",1.3.3,1.3.2,https://downloads.wordpress.org/theme/software-cms.1.3.3.zip,"2026-04-28 12:14:58",https://wordpress.org/themes/software-cms/,6.0,5.6,60
soga,Soga,18.8,18.7,https://downloads.wordpress.org/theme/soga.18.8.zip,"2026-04-28 13:06:24",https://wordpress.org/themes/soga/,4.7,5.6,60
spera,Spera,19.2,19.1,https://downloads.wordpress.org/theme/spera.19.2.zip,"2026-04-28 13:06:02",https://wordpress.org/themes/spera/,4.7,5.6,100
spoken-english-classes,"Spoken English Classes",1.3.4,1.3.3,https://downloads.wordpress.org/theme/spoken-english-classes.1.3.4.zip,"2026-04-28 12:15:04",https://wordpress.org/themes/spoken-english-classes/,6.0,7.2,60
startup-blocks,"Startup Blocks",1.2.4,1.2.3,https://downloads.wordpress.org/theme/startup-blocks.1.2.4.zip,"2026-04-28 12:15:22",https://wordpress.org/themes/startup-blocks/,6.0,7.2,100
titan-bookseller,"Titan Bookseller",3.9,3.8,https://downloads.wordpress.org/theme/titan-bookseller.3.9.zip,"2026-04-28 14:01:50",https://wordpress.org/themes/titan-bookseller/,6.1,7.2,50
titan-digital-agency,"Titan Digital Agency",4.1,4.0,https://downloads.wordpress.org/theme/titan-digital-agency.4.1.zip,"2026-04-28 14:00:07",https://wordpress.org/themes/titan-digital-agency/,6.1,7.2,100
titan-news-blog,"Titan News Blog",3.5,3.4,https://downloads.wordpress.org/theme/titan-news-blog.3.5.zip,"2026-04-28 13:59:42",https://wordpress.org/themes/titan-news-blog/,6.1,5.6,40
transportation-agency,"Transportation Agency",3.8,3.7,https://downloads.wordpress.org/theme/transportation-agency.3.8.zip,"2026-04-28 13:59:00",https://wordpress.org/themes/transportation-agency/,6.1,7.2,200
travel-blogging,"Travel Blogging",4.0,3.9,https://downloads.wordpress.org/theme/travel-blogging.4.0.zip,"2026-04-28 13:58:29",https://wordpress.org/themes/travel-blogging/,6.1,7.2,100
travel-manager,"Travel Manager",3.9,3.8,https://downloads.wordpress.org/theme/travel-manager.3.9.zip,"2026-04-28 13:58:08",https://wordpress.org/themes/travel-manager/,6.1,7.2,30
tuition-coaching-center,"Tuition Coaching Center",3.8,3.7,https://downloads.wordpress.org/theme/tuition-coaching-center.3.8.zip,"2026-04-28 13:58:04",https://wordpress.org/themes/tuition-coaching-center/,6.1,7.2,20
skincare-cosmetic-store,"Skincare Cosmetic Store",1.0,,https://downloads.wordpress.org/theme/skincare-cosmetic-store.1.0.zip,"2026-04-28 14:01:20",https://wordpress.org/themes/skincare-cosmetic-store/,5.5,7.2,0
fanspaysite,FansPaysite,2.6,2.1,https://downloads.wordpress.org/theme/fanspaysite.2.6.zip,"2026-04-28 15:56:00",https://wordpress.org/themes/fanspaysite/,5.1,7.4,40
bosa-political-party,"Bosa Political Party",1.0.0,,https://downloads.wordpress.org/theme/bosa-political-party.1.0.0.zip,"2026-04-28 14:46:18",https://wordpress.org/themes/bosa-political-party/,,5.6,0
shopway,ShopWay,1.0.17,1.0.16,https://downloads.wordpress.org/theme/shopway.1.0.17.zip,"2026-04-28 18:49:44",https://wordpress.org/themes/shopway/,4.7,5.6,800
barbecue-cafeteria,"Barbecue Cafeteria",0.5.2,0.5.1,https://downloads.wordpress.org/theme/barbecue-cafeteria.0.5.2.zip,"2026-04-28 19:06:04",https://wordpress.org/themes/barbecue-cafeteria/,5.0,7.2,30
buycart,BuyCart,1.0.5,1.0.4,https://downloads.wordpress.org/theme/buycart.1.0.5.zip,"2026-04-28 18:56:33",https://wordpress.org/themes/buycart/,4.7,5.6,300
coaching-classes,"Coaching Classes",0.5.2,0.5.1,https://downloads.wordpress.org/theme/coaching-classes.0.5.2.zip,"2026-04-28 19:05:36",https://wordpress.org/themes/coaching-classes/,,7.2,20
corporate-office,"Corporate Office",0.4.9,0.4.8,https://downloads.wordpress.org/theme/corporate-office.0.4.9.zip,"2026-04-28 19:08:00",https://wordpress.org/themes/corporate-office/,5.0,7.2,30
curtains-fabric,"Curtains Fabric",0.5.5,0.5.4,https://downloads.wordpress.org/theme/curtains-fabric.0.5.5.zip,"2026-04-28 19:05:25",https://wordpress.org/themes/curtains-fabric/,5.0,7.2,20
easybuy,EasyBuy,1.0.35,1.0.34,https://downloads.wordpress.org/theme/easybuy.1.0.35.zip,"2026-04-28 18:55:39",https://wordpress.org/themes/easybuy/,4.7,5.6,400
eazyshop,EazyShop,1.0.46,1.0.45,https://downloads.wordpress.org/theme/eazyshop.1.0.46.zip,"2026-04-28 18:54:12",https://wordpress.org/themes/eazyshop/,4.7,5.6,500
ekart,eKart,1.0.30,1.0.29,https://downloads.wordpress.org/theme/ekart.1.0.30.zip,"2026-04-28 18:53:23",https://wordpress.org/themes/ekart/,4.7,5.6,400
hospital-management,"Hospital Management",0.5.0,0.4.9,https://downloads.wordpress.org/theme/hospital-management.0.5.0.zip,"2026-04-28 19:03:56",https://wordpress.org/themes/hospital-management/,5.0,7.2,100
indoor-sports-zone,"Indoor Sports Zone",0.4.8,0.4.7,https://downloads.wordpress.org/theme/indoor-sports-zone.0.4.8.zip,"2026-04-28 19:03:29",https://wordpress.org/themes/indoor-sports-zone/,5.0,7.2,60
interior-decor-studio,"Interior Decor Studio",0.5.2,0.5.1,https://downloads.wordpress.org/theme/interior-decor-studio.0.5.2.zip,"2026-04-28 19:03:07",https://wordpress.org/themes/interior-decor-studio/,5.0,7.2,30
minicart,MiniCart,1.0.60,1.0.59,https://downloads.wordpress.org/theme/minicart.1.0.60.zip,"2026-04-28 18:52:36",https://wordpress.org/themes/minicart/,4.7,5.6,400
ngo-fundraiser,"NGO Fundraiser",0.4.9,0.4.8,https://downloads.wordpress.org/theme/ngo-fundraiser.0.4.9.zip,"2026-04-28 19:02:36",https://wordpress.org/themes/ngo-fundraiser/,5.0,7.2,80
pastry-bakers,"Pastry Bakers",0.6.1,0.6,https://downloads.wordpress.org/theme/pastry-bakers.0.6.1.zip,"2026-04-28 19:02:14",https://wordpress.org/themes/pastry-bakers/,5.0,7.2,50
pest-control-services,"Pest Control Services",0.4.8,0.4.7,https://downloads.wordpress.org/theme/pest-control-services.0.4.8.zip,"2026-04-28 19:01:54",https://wordpress.org/themes/pest-control-services/,5.0,7.2,20
product-affiliate,"Product Affiliate",0.5.6,0.5.5,https://downloads.wordpress.org/theme/product-affiliate.0.5.6.zip,"2026-04-28 19:01:25",https://wordpress.org/themes/product-affiliate/,5.0,7.2,70
royal-jewellery,"Royal Jewellery",0.5.5,0.5.4,https://downloads.wordpress.org/theme/royal-jewellery.0.5.5.zip,"2026-04-28 19:01:03",https://wordpress.org/themes/royal-jewellery/,5.0,7.2,80
shopire,Shopire,1.0.74,1.0.73,https://downloads.wordpress.org/theme/shopire.1.0.74.zip,"2026-04-28 18:51:30",https://wordpress.org/themes/shopire/,4.7,5.6,900
stylish-fashion-shop,"Stylish Fashion Shop",1.5.2,1.5.1,https://downloads.wordpress.org/theme/stylish-fashion-shop.1.5.2.zip,"2026-04-28 19:00:32",https://wordpress.org/themes/stylish-fashion-shop/,5.0,7.2,50
the-perfume-shop,"The Perfume Shop",0.2.6,0.2.5,https://downloads.wordpress.org/theme/the-perfume-shop.0.2.6.zip,"2026-04-28 18:58:30",https://wordpress.org/themes/the-perfume-shop/,5.5,7.2,100
villa-estate-zone,"Villa Estate Zone",0.4.8,0.4.7,https://downloads.wordpress.org/theme/villa-estate-zone.0.4.8.zip,"2026-04-28 18:57:24",https://wordpress.org/themes/villa-estate-zone/,5.0,7.2,20
weight-loss-trainer,"Weight Loss Trainer",0.5.1,0.5,https://downloads.wordpress.org/theme/weight-loss-trainer.0.5.1.zip,"2026-04-28 18:56:39",https://wordpress.org/themes/weight-loss-trainer/,5.0,7.2,20
wooden-furniture,"Wooden Furniture",0.2.8,0.2.7,https://downloads.wordpress.org/theme/wooden-furniture.0.2.8.zip,"2026-04-28 18:55:56",https://wordpress.org/themes/wooden-furniture/,5.0,7.2,30
ona,Ona,1.27,1.26,https://downloads.wordpress.org/theme/ona.1.27.zip,"2026-04-28 21:20:31",https://wordpress.org/themes/ona/,5.8,5.6,2000
wens-consult,"WENS Consult",1.0.2,1.0.1,https://downloads.wordpress.org/theme/wens-consult.1.0.2.zip,"2026-04-28 22:03:26",https://wordpress.org/themes/wens-consult/,6.0,7.4,0
arcade-games,"Arcade Games",3.0,2.9,https://downloads.wordpress.org/theme/arcade-games.3.0.zip,"2026-04-29 02:29:14",https://wordpress.org/themes/arcade-games/,5.0,7.2,100
auto-parts-supplier,"Auto Parts Supplier",3.0,2.9,https://downloads.wordpress.org/theme/auto-parts-supplier.3.0.zip,"2026-04-29 02:28:53",https://wordpress.org/themes/auto-parts-supplier/,5.0,7.2,60
automobile-car-services,"Automobile Car Services",6.5,6.4,https://downloads.wordpress.org/theme/automobile-car-services.6.5.zip,"2026-04-29 02:28:30",https://wordpress.org/themes/automobile-car-services/,5.0,7.2,70
automobile-rental,"Automobile Rental",3.1,3.0,https://downloads.wordpress.org/theme/automobile-rental.3.1.zip,"2026-04-29 02:28:08",https://wordpress.org/themes/automobile-rental/,5.0,7.2,90
bakery-cafe,"Bakery Cafe",6.7,6.6,https://downloads.wordpress.org/theme/bakery-cafe.6.7.zip,"2026-04-29 02:27:52",https://wordpress.org/themes/bakery-cafe/,5.0,7.2,100
business-assistant,"Business Assistant",4.4,4.3,https://downloads.wordpress.org/theme/business-assistant.4.4.zip,"2026-04-29 02:27:27",https://wordpress.org/themes/business-assistant/,5.0,7.2,10
business-guidance-coach,"Business Guidance Coach",5.2,5.1,https://downloads.wordpress.org/theme/business-guidance-coach.5.2.zip,"2026-04-29 02:27:02",https://wordpress.org/themes/business-guidance-coach/,5.0,7.2,20
call-center-bpo,"Call Center BPO",6.3,6.2,https://downloads.wordpress.org/theme/call-center-bpo.6.3.zip,"2026-04-29 02:26:44",https://wordpress.org/themes/call-center-bpo/,5.0,7.2,50
cloth-rental-shop,"Cloth Rental Shop",4.1,4.0,https://downloads.wordpress.org/theme/cloth-rental-shop.4.1.zip,"2026-04-29 02:26:11",https://wordpress.org/themes/cloth-rental-shop/,5.0,7.2,30
coffee-brewery,"Coffee Brewery",2.9,2.8,https://downloads.wordpress.org/theme/coffee-brewery.2.9.zip,"2026-04-29 02:25:54",https://wordpress.org/themes/coffee-brewery/,5.0,7.2,80
construction-services-company,"Construction Services Company",6.3,6.2,https://downloads.wordpress.org/theme/construction-services-company.6.3.zip,"2026-04-29 02:25:33",https://wordpress.org/themes/construction-services-company/,5.0,7.2,100
construction-works,"Construction Works",1.0.9,1.0.8,https://downloads.wordpress.org/theme/construction-works.1.0.9.zip,"2026-04-29 02:25:28",https://wordpress.org/themes/construction-works/,6.0,5.6,200
corporate-lawyer-firm,"Corporate Lawyer Firm",3.8,3.7,https://downloads.wordpress.org/theme/corporate-lawyer-firm.3.8.zip,"2026-04-29 02:24:46",https://wordpress.org/themes/corporate-lawyer-firm/,5.0,7.2,30
daily-soap-tv,"Daily SOAP TV",1.1.1,1.1,https://downloads.wordpress.org/theme/daily-soap-tv.1.1.1.zip,"2026-04-29 02:24:34",https://wordpress.org/themes/daily-soap-tv/,6.0,5.6,100
hybridmag,HybridMag,1.1.2,1.1.1,https://downloads.wordpress.org/theme/hybridmag.1.1.2.zip,"2026-04-29 02:11:53",https://wordpress.org/themes/hybridmag/,,7.0,6000
rundizstrap,RundizStrap,0.0.4,,https://downloads.wordpress.org/theme/rundizstrap.0.0.4.zip,"2026-04-29 03:46:11",https://wordpress.org/themes/rundizstrap/,6.1,8.0,0
susee-blog,"Susee Blog",1.0,,https://downloads.wordpress.org/theme/susee-blog.1.0.zip,"2026-04-29 03:46:27",https://wordpress.org/themes/susee-blog/,,5.6,0
author-book-writer,"Author Book Writer",3.8,3.7,https://downloads.wordpress.org/theme/author-book-writer.3.8.zip,"2026-04-29 05:44:56",https://wordpress.org/themes/author-book-writer/,6.1,5.6,100
automobile-repair-blocks,"Automobile Repair Blocks",4.2,4.1,https://downloads.wordpress.org/theme/automobile-repair-blocks.4.2.zip,"2026-04-29 05:44:42",https://wordpress.org/themes/automobile-repair-blocks/,6.1,5.6,200
camera-rental,"Camera Rental",3.1,3.0,https://downloads.wordpress.org/theme/camera-rental.3.1.zip,"2026-04-29 04:27:39",https://wordpress.org/themes/camera-rental/,6.1,5.6,100
charity-blocks,"Charity Blocks",4.8,4.7,https://downloads.wordpress.org/theme/charity-blocks.4.8.zip,"2026-04-29 05:44:18",https://wordpress.org/themes/charity-blocks/,6.1,5.6,100
construction-blocks,"Construction Blocks",4.5,4.4,https://downloads.wordpress.org/theme/construction-blocks.4.5.zip,"2026-04-29 05:44:03",https://wordpress.org/themes/construction-blocks/,6.1,5.6,300
cyber-security-blocks,"Cyber Security Blocks",4.9,4.8,https://downloads.wordpress.org/theme/cyber-security-blocks.4.9.zip,"2026-04-29 05:43:46",https://wordpress.org/themes/cyber-security-blocks/,6.1,5.6,900
dental-blocks,"Dental Blocks",4.6,4.5,https://downloads.wordpress.org/theme/dental-blocks.4.6.zip,"2026-04-29 05:43:36",https://wordpress.org/themes/dental-blocks/,6.1,5.6,100
education-institution,"Education Institution",1.1,1.0,https://downloads.wordpress.org/theme/education-institution.1.1.zip,"2026-04-29 04:27:17",https://wordpress.org/themes/education-institution/,6.1,5.6,30
football-coach-club,"Football Coach Club",4.0,3.9,https://downloads.wordpress.org/theme/football-coach-club.4.0.zip,"2026-04-29 05:43:04",https://wordpress.org/themes/football-coach-club/,6.1,5.6,100
garden-lawn-care,"Garden Lawn Care",3.8,3.7,https://downloads.wordpress.org/theme/garden-lawn-care.3.8.zip,"2026-04-29 05:42:47",https://wordpress.org/themes/garden-lawn-care/,6.1,5.6,300
golf-country-club,"Golf Country Club",4.1,4.0,https://downloads.wordpress.org/theme/golf-country-club.4.1.zip,"2026-04-29 05:41:18",https://wordpress.org/themes/golf-country-club/,,5.6,60
home-services-blocks,"Home Services Blocks",4.2,4.1,https://downloads.wordpress.org/theme/home-services-blocks.4.2.zip,"2026-04-29 05:41:04",https://wordpress.org/themes/home-services-blocks/,6.1,5.6,200
lifestyle-store,"Lifestyle Store",4.7,4.6,https://downloads.wordpress.org/theme/lifestyle-store.4.7.zip,"2026-04-29 05:40:27",https://wordpress.org/themes/lifestyle-store/,6.1,5.6,50
medical-hospital-blocks,"Medical Hospital Blocks",3.7,3.6,https://downloads.wordpress.org/theme/medical-hospital-blocks.3.7.zip,"2026-04-29 05:39:51",https://wordpress.org/themes/medical-hospital-blocks/,6.1,5.6,100
nextawards,Nextawards,1.9.3,1.9.2,https://downloads.wordpress.org/theme/nextawards.1.9.3.zip,"2026-04-29 05:07:58",https://wordpress.org/themes/nextawards/,,5.6,2000
one-page-blocks,"One Page Blocks",4.1,4.0,https://downloads.wordpress.org/theme/one-page-blocks.4.1.zip,"2026-04-29 05:36:40",https://wordpress.org/themes/one-page-blocks/,6.1,5.6,100
ovation-spa-blocks,"Ovation Spa Blocks",4.1,4.0,https://downloads.wordpress.org/theme/ovation-spa-blocks.4.1.zip,"2026-04-29 05:36:30",https://wordpress.org/themes/ovation-spa-blocks/,6.1,5.6,60
restaurant-chef,"Restaurant Chef",4.3,4.2,https://downloads.wordpress.org/theme/restaurant-chef.4.3.zip,"2026-04-29 05:36:04",https://wordpress.org/themes/restaurant-chef/,6.1,5.6,100
travel-monster,"Travel Monster",1.3.6,1.3.5,https://downloads.wordpress.org/theme/travel-monster.1.3.6.zip,"2026-04-29 05:17:44",https://wordpress.org/themes/travel-monster/,6.2,7.4,4000
trekking-blocks,"Trekking Blocks",4.4,4.3,https://downloads.wordpress.org/theme/trekking-blocks.4.4.zip,"2026-04-29 05:35:02",https://wordpress.org/themes/trekking-blocks/,6.1,5.6,100
architecture-firm,"Architecture Firm",0.2.1,0.2.0,https://downloads.wordpress.org/theme/architecture-firm.0.2.1.zip,"2026-04-29 06:59:40",https://wordpress.org/themes/architecture-firm/,5.0,5.6,30
automotive-charging-station,"Automotive Charging Station",6.4,6.3,https://downloads.wordpress.org/theme/automotive-charging-station.6.4.zip,"2026-04-29 08:22:45",https://wordpress.org/themes/automotive-charging-station/,,5.6,30
blogable,Blogable,1.0.5,1.0.4,https://downloads.wordpress.org/theme/blogable.1.0.5.zip,"2026-04-29 06:46:22",https://wordpress.org/themes/blogable/,5.0,5.6,60
building-constructor,"Building Constructor",5.6,5.5,https://downloads.wordpress.org/theme/building-constructor.5.6.zip,"2026-04-29 08:22:23",https://wordpress.org/themes/building-constructor/,5.0,5.6,70
business-accountant,"Business Accountant",4.0,3.5,https://downloads.wordpress.org/theme/business-accountant.4.0.zip,"2026-04-29 08:16:20",https://wordpress.org/themes/business-accountant/,5.0,5.6,50
business-corporate-agency,"Business Corporate Agency",4.0,3.4,https://downloads.wordpress.org/theme/business-corporate-agency.4.0.zip,"2026-04-29 08:16:03",https://wordpress.org/themes/business-corporate-agency/,5.0,5.6,70
businesszen,Businesszen,1.0.6,1.0.5,https://downloads.wordpress.org/theme/businesszen.1.0.6.zip,"2026-04-29 06:45:43",https://wordpress.org/themes/businesszen/,5.0,5.6,50
coffee-tea,"Coffee Tea",6.4,6.3,https://downloads.wordpress.org/theme/coffee-tea.6.4.zip,"2026-04-29 07:25:40",https://wordpress.org/themes/coffee-tea/,,7.2,50
consultant-agency,"Consultant Agency",0.2.5,0.2.4,https://downloads.wordpress.org/theme/consultant-agency.0.2.5.zip,"2026-04-29 07:01:39",https://wordpress.org/themes/consultant-agency/,5.0,5.6,60
cultural-festival,"Cultural Festival",1.2.6,1.2.5,https://downloads.wordpress.org/theme/cultural-festival.1.2.6.zip,"2026-04-29 07:05:31",https://wordpress.org/themes/cultural-festival/,5.6,7.2,70
ecommerce-bookshop,"Ecommerce Bookshop",5.3,5.2,https://downloads.wordpress.org/theme/ecommerce-bookshop.5.3.zip,"2026-04-29 08:22:14",https://wordpress.org/themes/ecommerce-bookshop/,5.0,5.6,200
enlightme,Enlightme,1.0.8,1.0.7,https://downloads.wordpress.org/theme/enlightme.1.0.8.zip,"2026-04-29 06:45:05",https://wordpress.org/themes/enlightme/,5.1,5.6,20
ethical-hacking,"Ethical Hacking",0.2.6,0.2.5,https://downloads.wordpress.org/theme/ethical-hacking.0.2.6.zip,"2026-04-29 07:01:49",https://wordpress.org/themes/ethical-hacking/,5.0,5.6,50
expert-adventure-guide,"Expert Adventure Guide",11.8,11.7,https://downloads.wordpress.org/theme/expert-adventure-guide.11.8.zip,"2026-04-29 07:46:06",https://wordpress.org/themes/expert-adventure-guide/,,7.2,20
expert-author,"Expert Author",11.8,11.7,https://downloads.wordpress.org/theme/expert-author.11.8.zip,"2026-04-29 07:46:35",https://wordpress.org/themes/expert-author/,,7.2,50
expert-digital-agency,"Expert Digital Agency",11.8,11.7,https://downloads.wordpress.org/theme/expert-digital-agency.11.8.zip,"2026-04-29 07:26:41",https://wordpress.org/themes/expert-digital-agency/,,7.2,20
expert-fitness-trainer,"Expert Fitness Trainer",4.4,4.3,https://downloads.wordpress.org/theme/expert-fitness-trainer.4.4.zip,"2026-04-29 07:27:22",https://wordpress.org/themes/expert-fitness-trainer/,,7.2,40
expert-gamer,"Expert Gamer",5.9,5.8,https://downloads.wordpress.org/theme/expert-gamer.5.9.zip,"2026-04-29 07:47:02",https://wordpress.org/themes/expert-gamer/,,7.2,100
expert-hotel-booking,"Expert Hotel Booking",4.4,4.3,https://downloads.wordpress.org/theme/expert-hotel-booking.4.4.zip,"2026-04-29 07:47:39",https://wordpress.org/themes/expert-hotel-booking/,,7.2,50
expert-makeup-stylist,"Expert Makeup Stylist",8.0,7.9,https://downloads.wordpress.org/theme/expert-makeup-stylist.8.0.zip,"2026-04-29 07:27:42",https://wordpress.org/themes/expert-makeup-stylist/,,7.2,10
expert-photographer,"Expert Photographer",6.2,6.1,https://downloads.wordpress.org/theme/expert-photographer.6.2.zip,"2026-04-29 07:30:43",https://wordpress.org/themes/expert-photographer/,,7.2,40
expert-sports-coach,"Expert Sports Coach",6.3,6.2,https://downloads.wordpress.org/theme/expert-sports-coach.6.3.zip,"2026-04-29 07:31:13",https://wordpress.org/themes/expert-sports-coach/,,7.2,50
expert-videographer,"Expert Videographer",6.2,6.1,https://downloads.wordpress.org/theme/expert-videographer.6.2.zip,"2026-04-29 07:31:16",https://wordpress.org/themes/expert-videographer/,,7.2,10
film-studio,"Film Studio",4.7,4.6,https://downloads.wordpress.org/theme/film-studio.4.7.zip,"2026-04-29 07:48:05",https://wordpress.org/themes/film-studio/,,7.2,80
fitness-exercise-hub,"Fitness Exercise Hub",5.9,5.8,https://downloads.wordpress.org/theme/fitness-exercise-hub.5.9.zip,"2026-04-29 08:21:20",https://wordpress.org/themes/fitness-exercise-hub/,5.0,5.6,600
fitness-trainer-elementor,"Fitness Trainer Elementor",0.2.4,0.2.3,https://downloads.wordpress.org/theme/fitness-trainer-elementor.0.2.4.zip,"2026-04-29 07:01:56",https://wordpress.org/themes/fitness-trainer-elementor/,5.0,5.6,100
gadget-store,"Gadget Store",11.0.6,11.0.5,https://downloads.wordpress.org/theme/gadget-store.11.0.6.zip,"2026-04-29 07:48:14",https://wordpress.org/themes/gadget-store/,,7.2,90
gamers-hub,"Gamers Hub",4.8,4.7,https://downloads.wordpress.org/theme/gamers-hub.4.8.zip,"2026-04-29 08:21:00",https://wordpress.org/themes/gamers-hub/,5.0,5.6,200
interior-layout,"Interior Layout",1.3,1.2,https://downloads.wordpress.org/theme/interior-layout.1.3.zip,"2026-04-29 07:12:22",https://wordpress.org/themes/interior-layout/,,5.6,40
kindergarten-elementor,"Kindergarten Elementor",0.2.5,0.2.4,https://downloads.wordpress.org/theme/kindergarten-elementor.0.2.5.zip,"2026-04-29 07:02:02",https://wordpress.org/themes/kindergarten-elementor/,5.0,5.6,70
legal-law-consulting,"Legal Law Consulting",4.2,4.1,https://downloads.wordpress.org/theme/legal-law-consulting.4.2.zip,"2026-04-29 08:20:11",https://wordpress.org/themes/legal-law-consulting/,5.0,5.6,80
live-music-band,"Live Music Band",0.2.0,0.1.9,https://downloads.wordpress.org/theme/live-music-band.0.2.0.zip,"2026-04-29 07:02:09",https://wordpress.org/themes/live-music-band/,5.0,5.6,100
medicine-shop,"Medicine Shop",6.4,6.3,https://downloads.wordpress.org/theme/medicine-shop.6.4.zip,"2026-04-29 07:31:44",https://wordpress.org/themes/medicine-shop/,,7.2,70
mehndi-tattoo-artist,"Mehndi Tattoo Artist",3.5,2.6,https://downloads.wordpress.org/theme/mehndi-tattoo-artist.3.5.zip,"2026-04-29 08:15:21",https://wordpress.org/themes/mehndi-tattoo-artist/,5.0,5.6,20
mizan-real-estate,"Mizan Real Estate",1.7.0,1.6.9,https://downloads.wordpress.org/theme/mizan-real-estate.1.7.0.zip,"2026-04-29 07:05:21",https://wordpress.org/themes/mizan-real-estate/,5.6,7.2,60
mobile-app-hub,"Mobile App Hub",4.0,3.4,https://downloads.wordpress.org/theme/mobile-app-hub.4.0.zip,"2026-04-29 08:14:41",https://wordpress.org/themes/mobile-app-hub/,5.0,5.6,60
modern-furniture-store,"Modern Furniture Store",3.7,3.6,https://downloads.wordpress.org/theme/modern-furniture-store.3.7.zip,"2026-04-29 08:20:08",https://wordpress.org/themes/modern-furniture-store/,5.0,5.6,40
museum-artifact,"Museum Artifact",0.2.6,0.2.5,https://downloads.wordpress.org/theme/museum-artifact.0.2.6.zip,"2026-04-29 07:02:19",https://wordpress.org/themes/museum-artifact/,5.0,5.6,40
ngo-organization,"NGO Organization",3.1,3.0,https://downloads.wordpress.org/theme/ngo-organization.3.1.zip,"2026-04-29 08:19:48",https://wordpress.org/themes/ngo-organization/,5.0,5.6,200
old-age-home,"Old Age Home",0.2.8,0.2.7,https://downloads.wordpress.org/theme/old-age-home.0.2.8.zip,"2026-04-29 07:02:29",https://wordpress.org/themes/old-age-home/,5.0,5.6,50
photo-gallery,"Photo Gallery",0.2.3,0.2.2,https://downloads.wordpress.org/theme/photo-gallery.0.2.3.zip,"2026-04-29 07:02:41",https://wordpress.org/themes/photo-gallery/,5.0,5.6,100
prime-software-company,"Prime Software Company",13.0,12.0,https://downloads.wordpress.org/theme/prime-software-company.13.0.zip,"2026-04-29 07:10:04",https://wordpress.org/themes/prime-software-company/,,7.4,0
school-education,"School Education",1.3.1,1.2.9,https://downloads.wordpress.org/theme/school-education.1.3.1.zip,"2026-04-29 07:04:46",https://wordpress.org/themes/school-education/,5.6,7.2,200
shopfront-ecommerce,"Shopfront Ecommerce",0.6.3,0.6.2,https://downloads.wordpress.org/theme/shopfront-ecommerce.0.6.3.zip,"2026-04-29 08:07:11",https://wordpress.org/themes/shopfront-ecommerce/,5.0,5.6,200
shopping-cart-woocommerce,"Shopping Cart Woocommerce",5.4,5.3,https://downloads.wordpress.org/theme/shopping-cart-woocommerce.5.4.zip,"2026-04-29 08:18:10",https://wordpress.org/themes/shopping-cart-woocommerce/,5.0,5.6,200
smallbiz-startup,"Smallbiz Startup",5.5.3,5.5.2,https://downloads.wordpress.org/theme/smallbiz-startup.5.5.3.zip,"2026-04-29 08:08:07",https://wordpress.org/themes/smallbiz-startup/,5.0,5.6,60
solar-panel-distributor,"Solar Panel Distributor",1.2.7,1.2.6,https://downloads.wordpress.org/theme/solar-panel-distributor.1.2.7.zip,"2026-04-29 07:04:55",https://wordpress.org/themes/solar-panel-distributor/,5.6,7.2,70
solar-panels,"Solar Panels",1.5.4,1.5.3,https://downloads.wordpress.org/theme/solar-panels.1.5.4.zip,"2026-04-29 08:12:09",https://wordpress.org/themes/solar-panels/,5.0,5.6,50
solar-services,"Solar Services",2.5.4,2.5.3,https://downloads.wordpress.org/theme/solar-services.2.5.4.zip,"2026-04-29 08:08:28",https://wordpress.org/themes/solar-services/,5.0,5.6,100
solar-system-company,"Solar System Company",4.4,4.3,https://downloads.wordpress.org/theme/solar-system-company.4.4.zip,"2026-04-29 07:32:05",https://wordpress.org/themes/solar-system-company/,,7.2,20
sports-outlet,"Sports Outlet",0.3,0.2,https://downloads.wordpress.org/theme/sports-outlet.0.3.zip,"2026-04-29 08:08:56",https://wordpress.org/themes/sports-outlet/,6.2,7.2,90
swimming-pool,"Swimming Pool",3.4.0,3.3.9,https://downloads.wordpress.org/theme/swimming-pool.3.4.0.zip,"2026-04-29 08:08:34",https://wordpress.org/themes/swimming-pool/,5.0,5.6,90
swimwear-shop,"Swimwear Shop",0.4.5,0.4.4,https://downloads.wordpress.org/theme/swimwear-shop.0.4.5.zip,"2026-04-29 08:11:23",https://wordpress.org/themes/swimwear-shop/,5.0,5.6,20
tattoo-designer,"Tattoo Designer",1.2.1,1.2,https://downloads.wordpress.org/theme/tattoo-designer.1.2.1.zip,"2026-04-29 08:09:07",https://wordpress.org/themes/tattoo-designer/,5.0,5.6,20
tattoo-studio,"Tattoo Studio",0.2.1,0.2.0,https://downloads.wordpress.org/theme/tattoo-studio.0.2.1.zip,"2026-04-29 07:02:52",https://wordpress.org/themes/tattoo-studio/,5.0,5.6,80
tea-cafe-delight,"Tea Cafe Delight",3.4.4,3.4.3,https://downloads.wordpress.org/theme/tea-cafe-delight.3.4.4.zip,"2026-04-29 08:09:04",https://wordpress.org/themes/tea-cafe-delight/,5.0,5.6,20
tech-review-blog,"Tech Review Blog",0.2.4,0.2.3,https://downloads.wordpress.org/theme/tech-review-blog.0.2.4.zip,"2026-04-29 07:03:05",https://wordpress.org/themes/tech-review-blog/,5.0,5.6,200
tourism-guide,"Tourism Guide",5.9,5.8,https://downloads.wordpress.org/theme/tourism-guide.5.9.zip,"2026-04-29 08:17:26",https://wordpress.org/themes/tourism-guide/,5.0,5.6,100
trucking-services,"Trucking Services",0.1.7,0.1.5,https://downloads.wordpress.org/theme/trucking-services.0.1.7.zip,"2026-04-29 08:09:30",https://wordpress.org/themes/trucking-services/,5.0,5.6,300
twenty-minutes,"Twenty Minutes",2.8.2,2.8.1,https://downloads.wordpress.org/theme/twenty-minutes.2.8.2.zip,"2026-04-29 08:10:20",https://wordpress.org/themes/twenty-minutes/,5.0,5.6,200
unique-blogger,"Unique Blogger",1.2.2,1.2.1,https://downloads.wordpress.org/theme/unique-blogger.1.2.2.zip,"2026-04-29 07:05:10",https://wordpress.org/themes/unique-blogger/,5.6,7.2,70
unique-freelancer-portfolio,"Unique Freelancer Portfolio",1.2.3,1.2.2,https://downloads.wordpress.org/theme/unique-freelancer-portfolio.1.2.3.zip,"2026-04-29 07:05:43",https://wordpress.org/themes/unique-freelancer-portfolio/,5.6,7.2,30
unique-graphic-designer,"Unique Graphic Designer",1.5.5,1.5.4,https://downloads.wordpress.org/theme/unique-graphic-designer.1.5.5.zip,"2026-04-29 07:05:04",https://wordpress.org/themes/unique-graphic-designer/,5.6,7.2,40
veterinary-shop,"Veterinary Shop",0.2.7,0.2.6,https://downloads.wordpress.org/theme/veterinary-shop.0.2.7.zip,"2026-04-29 07:03:05",https://wordpress.org/themes/veterinary-shop/,5.0,5.6,10
videography-studio,"Videography Studio",0.8.8,0.8.7,https://downloads.wordpress.org/theme/videography-studio.0.8.8.zip,"2026-04-29 08:10:00",https://wordpress.org/themes/videography-studio/,5.0,5.6,40
waste-management,"Waste Management",0.2.8,0.2.6,https://downloads.wordpress.org/theme/waste-management.0.2.8.zip,"2026-04-29 08:10:52",https://wordpress.org/themes/waste-management/,5.0,5.6,60
web-developer,"Web Developer",1.6.1,1.6,https://downloads.wordpress.org/theme/web-developer.1.6.1.zip,"2026-04-29 08:10:36",https://wordpress.org/themes/web-developer/,5.0,5.6,80
web-development-company,"Web Development Company",2.0.1,2.0,https://downloads.wordpress.org/theme/web-development-company.2.0.1.zip,"2026-04-29 08:10:16",https://wordpress.org/themes/web-development-company/,5.0,5.6,40
web-startup-agency,"Web Startup Agency",2.0.2,2.0.1,https://downloads.wordpress.org/theme/web-startup-agency.2.0.2.zip,"2026-04-29 08:10:50",https://wordpress.org/themes/web-startup-agency/,5.0,5.6,20
weight-loss-club,"Weight Loss Club",0.3.4,0.3.2,https://downloads.wordpress.org/theme/weight-loss-club.0.3.4.zip,"2026-04-29 08:11:40",https://wordpress.org/themes/weight-loss-club/,5.0,5.6,30
welding-workshop,"Welding Workshop",3.8,3.7,https://downloads.wordpress.org/theme/welding-workshop.3.8.zip,"2026-04-29 08:17:11",https://wordpress.org/themes/welding-workshop/,5.0,5.6,100
wildlife-safari,"Wildlife Safari",1.7.4,1.7.3,https://downloads.wordpress.org/theme/wildlife-safari.1.7.4.zip,"2026-04-29 08:11:50",https://wordpress.org/themes/wildlife-safari/,5.0,5.6,30
worldwide,Worldwide,2.1.1,2.1,https://downloads.wordpress.org/theme/worldwide.2.1.1.zip,"2026-04-29 08:12:04",https://wordpress.org/themes/worldwide/,5.0,7.2,200
yoga-fitness-classes,"Yoga Fitness Classes",7.3,7.2,https://downloads.wordpress.org/theme/yoga-fitness-classes.7.3.zip,"2026-04-29 07:32:33",https://wordpress.org/themes/yoga-fitness-classes/,,7.2,30
zodiac-astrology,"Zodiac Astrology",3.3.9,3.3.8,https://downloads.wordpress.org/theme/zodiac-astrology.3.3.9.zip,"2026-04-29 08:12:30",https://wordpress.org/themes/zodiac-astrology/,5.0,5.6,200
clothing-marketplace,"Clothing Marketplace",1.0,,https://downloads.wordpress.org/theme/clothing-marketplace.1.0.zip,"2026-04-29 09:01:29",https://wordpress.org/themes/clothing-marketplace/,,7.2,0
aqeeq-agency,"Aqeeq Agency",0.7.6,0.7.5,https://downloads.wordpress.org/theme/aqeeq-agency.0.7.6.zip,"2026-04-29 10:22:55",https://wordpress.org/themes/aqeeq-agency/,5.0,7.2,80
business-association,"Business Association",0.3,0.2,https://downloads.wordpress.org/theme/business-association.0.3.zip,"2026-04-29 10:23:25",https://wordpress.org/themes/business-association/,5.0,7.2,20
caresoft,CareSoft,1.1.27,1.1.26,https://downloads.wordpress.org/theme/caresoft.1.1.27.zip,"2026-04-29 10:38:52",https://wordpress.org/themes/caresoft/,4.7,5.6,100
cozysoft,CozySoft,1.1.44,1.1.43,https://downloads.wordpress.org/theme/cozysoft.1.1.44.zip,"2026-04-29 10:38:12",https://wordpress.org/themes/cozysoft/,4.7,5.6,80
easytech,EasyTech,1.1.16,1.1.15,https://downloads.wordpress.org/theme/easytech.1.1.16.zip,"2026-04-29 10:39:56",https://wordpress.org/themes/easytech/,4.7,5.6,1000
ebook-store,"Ebook Store",0.8.6,0.8.5,https://downloads.wordpress.org/theme/ebook-store.0.8.6.zip,"2026-04-29 10:24:14",https://wordpress.org/themes/ebook-store/,5.0,7.2,200
honey-shop,"Honey Shop",0.5.0,0.4.9,https://downloads.wordpress.org/theme/honey-shop.0.5.0.zip,"2026-04-29 10:25:03",https://wordpress.org/themes/honey-shop/,5.0,7.2,300
hr-management-consultancy,"HR Management Consultancy",0.7.7,0.7.6,https://downloads.wordpress.org/theme/hr-management-consultancy.0.7.7.zip,"2026-04-29 10:25:14",https://wordpress.org/themes/hr-management-consultancy/,5.0,7.2,100
luxury-furniture-store,"Luxury Furniture Store",0.3.1,0.3.0,https://downloads.wordpress.org/theme/luxury-furniture-store.0.3.1.zip,"2026-04-29 10:17:56",https://wordpress.org/themes/luxury-furniture-store/,5.0,7.2,100
mining-industry,"Mining Industry",0.5.3,0.5.2,https://downloads.wordpress.org/theme/mining-industry.0.5.3.zip,"2026-04-29 10:25:57",https://wordpress.org/themes/mining-industry/,5.0,7.2,100
softalt,SoftAlt,1.0.71,1.0.70,https://downloads.wordpress.org/theme/softalt.1.0.71.zip,"2026-04-29 10:51:18",https://wordpress.org/themes/softalt/,4.7,5.6,100
softica,Softica,1.0.6,1.0.5,https://downloads.wordpress.org/theme/softica.1.0.6.zip,"2026-04-29 10:52:30",https://wordpress.org/themes/softica/,4.7,5.6,100
softinn,Softinn,1.1.42,1.1.41,https://downloads.wordpress.org/theme/softinn.1.1.42.zip,"2026-04-29 10:37:36",https://wordpress.org/themes/softinn/,4.7,5.6,100
softme,SoftMe,1.1.53,1.1.52,https://downloads.wordpress.org/theme/softme.1.1.53.zip,"2026-04-29 10:36:07",https://wordpress.org/themes/softme/,4.7,5.6,800
softmunch,SoftMunch,1.0.92,1.0.91,https://downloads.wordpress.org/theme/softmunch.1.0.92.zip,"2026-04-29 10:41:03",https://wordpress.org/themes/softmunch/,4.7,5.6,200
suntech,Suntech,1.1.20,1.1.19,https://downloads.wordpress.org/theme/suntech.1.1.20.zip,"2026-04-29 10:39:23",https://wordpress.org/themes/suntech/,4.7,5.6,200
supermarket-ecommerce,"Supermarket Ecommerce",0.6.6,0.6.5,https://downloads.wordpress.org/theme/supermarket-ecommerce.0.6.6.zip,"2026-04-29 10:19:43",https://wordpress.org/themes/supermarket-ecommerce/,,7.2,100
tattoo-expert,"Tattoo Expert",0.6.6,0.6.5,https://downloads.wordpress.org/theme/tattoo-expert.0.6.6.zip,"2026-04-29 10:20:27",https://wordpress.org/themes/tattoo-expert/,,7.2,50
truesoft,TrueSoft,1.0.99,1.0.98,https://downloads.wordpress.org/theme/truesoft.1.0.99.zip,"2026-04-29 10:40:30",https://wordpress.org/themes/truesoft/,4.7,5.6,200
utsav-event-planner,"Utsav Event Planner",0.6.6,0.6.5,https://downloads.wordpress.org/theme/utsav-event-planner.0.6.6.zip,"2026-04-29 10:23:51",https://wordpress.org/themes/utsav-event-planner/,,7.2,50
vw-bakery-blocks,"VW Bakery Blocks",1.6.2,1.6.1,https://downloads.wordpress.org/theme/vw-bakery-blocks.1.6.2.zip,"2026-04-29 10:27:00",https://wordpress.org/themes/vw-bakery-blocks/,5.9,7.2,200
vw-security-guard,"VW Security Guard",1.3.6,1.3.5,https://downloads.wordpress.org/theme/vw-security-guard.1.3.6.zip,"2026-04-29 10:27:30",https://wordpress.org/themes/vw-security-guard/,5.0,7.2,200
vw-travel,"VW Travel",1.4.7,1.4.6,https://downloads.wordpress.org/theme/vw-travel.1.4.7.zip,"2026-04-29 10:27:45",https://wordpress.org/themes/vw-travel/,5.0,7.2,300
bakery-treats,"Bakery Treats",3.6,3.5,https://downloads.wordpress.org/theme/bakery-treats.3.6.zip,"2026-04-29 12:01:15",https://wordpress.org/themes/bakery-treats/,5.5,7.2,40
business-development-coaching,"Business Development Coaching",1.2.5,1.2.4,https://downloads.wordpress.org/theme/business-development-coaching.1.2.5.zip,"2026-04-29 12:00:55",https://wordpress.org/themes/business-development-coaching/,6.0,7.2,50
continental-restaurant,"Continental Restaurant",3.6,3.5,https://downloads.wordpress.org/theme/continental-restaurant.3.6.zip,"2026-04-29 12:00:38",https://wordpress.org/themes/continental-restaurant/,5.5,7.2,100
estate-rental-listings,"Estate Rental Listings",2.6,2.5.9,https://downloads.wordpress.org/theme/estate-rental-listings.2.6.zip,"2026-04-29 12:00:08",https://wordpress.org/themes/estate-rental-listings/,5.5,7.2,40
fashion-outfit,"Fashion Outfit",2.6,2.5.9,https://downloads.wordpress.org/theme/fashion-outfit.2.6.zip,"2026-04-29 12:07:26",https://wordpress.org/themes/fashion-outfit/,5.5,7.2,100
health-coach-services,"Health Coach Services",2.8,2.7,https://downloads.wordpress.org/theme/health-coach-services.2.8.zip,"2026-04-29 12:06:59",https://wordpress.org/themes/health-coach-services/,5.5,7.2,20
interior-designer-studio,"Interior Designer Studio",1.2.6,1.2.5,https://downloads.wordpress.org/theme/interior-designer-studio.1.2.6.zip,"2026-04-29 12:06:28",https://wordpress.org/themes/interior-designer-studio/,6.0,7.2,30
land-excavator,"Land Excavator",2.6.5,2.6.4,https://downloads.wordpress.org/theme/land-excavator.2.6.5.zip,"2026-04-29 12:05:09",https://wordpress.org/themes/land-excavator/,5.5,7.2,80
machine-repair,"Machine Repair",2.5,2.4.9,https://downloads.wordpress.org/theme/machine-repair.2.5.zip,"2026-04-29 12:04:54",https://wordpress.org/themes/machine-repair/,5.5,7.2,40
pizza-parlor,"Pizza Parlor",1.2.5,1.2.4,https://downloads.wordpress.org/theme/pizza-parlor.1.2.5.zip,"2026-04-29 12:01:36",https://wordpress.org/themes/pizza-parlor/,6.0,7.2,20
rev-orphanage,"Rev Orphanage",2.5,2.4.9,https://downloads.wordpress.org/theme/rev-orphanage.2.5.zip,"2026-04-29 12:08:23",https://wordpress.org/themes/rev-orphanage/,5.5,7.2,20
senior-care-charity,"Senior Care Charity",1.4,1.3.9,https://downloads.wordpress.org/theme/senior-care-charity.1.4.zip,"2026-04-29 12:09:53",https://wordpress.org/themes/senior-care-charity/,6.0,7.2,60
seo-specialist,"SEO Specialist",2.6,2.5.9,https://downloads.wordpress.org/theme/seo-specialist.2.6.zip,"2026-04-29 12:07:41",https://wordpress.org/themes/seo-specialist/,5.5,7.2,20
wp-fashion-storefront,"WP Fashion Storefront",2.1.1,2.1.0,https://downloads.wordpress.org/theme/wp-fashion-storefront.2.1.1.zip,"2026-04-29 12:09:30",https://wordpress.org/themes/wp-fashion-storefront/,6.0,7.2,30
wp-shop-woocommerce,"WP Shop Woocommerce",2.1.3,2.1.2,https://downloads.wordpress.org/theme/wp-shop-woocommerce.2.1.3.zip,"2026-04-29 12:08:41",https://wordpress.org/themes/wp-shop-woocommerce/,5.5,5.6,200
writer-portfolio,"Writer Portfolio",1.2.0,1.1.9,https://downloads.wordpress.org/theme/writer-portfolio.1.2.0.zip,"2026-04-29 11:56:18",https://wordpress.org/themes/writer-portfolio/,5.5,7.2,60
app-development-company,"App Development Company",1.4.0,1.3.8,https://downloads.wordpress.org/theme/app-development-company.1.4.0.zip,"2026-04-29 16:05:37",https://wordpress.org/themes/app-development-company/,6.0,7.2,100
architect-construction,"Architect Construction",1.4.0,1.3.8,https://downloads.wordpress.org/theme/architect-construction.1.4.0.zip,"2026-04-29 16:05:52",https://wordpress.org/themes/architect-construction/,6.0,7.2,100
auto-repair-center,"Auto Repair Center",1.3.2,1.3.0,https://downloads.wordpress.org/theme/auto-repair-center.1.3.2.zip,"2026-04-29 16:06:14",https://wordpress.org/themes/auto-repair-center/,6.0,7.2,100
axton,Axton,3.0,2.1.1,https://downloads.wordpress.org/theme/axton.3.0.zip,"2026-04-29 15:52:40",https://wordpress.org/themes/axton/,5.9,5.6,200
basketball-club,"Basketball Club",1.5.2,1.5.0,https://downloads.wordpress.org/theme/basketball-club.1.5.2.zip,"2026-04-29 16:06:36",https://wordpress.org/themes/basketball-club/,6.0,7.2,100
blogger-blocks,"Blogger Blocks",1.3.6,1.3.5,https://downloads.wordpress.org/theme/blogger-blocks.1.3.6.zip,"2026-04-29 16:07:09",https://wordpress.org/themes/blogger-blocks/,6.0,7.2,30
cloud-kitchen,"Cloud Kitchen",1.2.4,1.2.3,https://downloads.wordpress.org/theme/cloud-kitchen.1.2.4.zip,"2026-04-29 16:07:20",https://wordpress.org/themes/cloud-kitchen/,6.0,7.2,40
ecommerce-bazaar,"Ecommerce Bazaar",3.5,3.4,https://downloads.wordpress.org/theme/ecommerce-bazaar.3.5.zip,"2026-04-29 15:07:44",https://wordpress.org/themes/ecommerce-bazaar/,5.5,5.6,100
fitness-fse,"Fitness FSE",1.0.7,1.0.6,https://downloads.wordpress.org/theme/fitness-fse.1.0.7.zip,"2026-04-29 14:55:53",https://wordpress.org/themes/fitness-fse/,5.9,5.6,200
hello-fse-blog,"Hello FSE Blog",1.0.7,1.0.6,https://downloads.wordpress.org/theme/hello-fse-blog.1.0.7.zip,"2026-04-29 14:53:13",https://wordpress.org/themes/hello-fse-blog/,5.9,5.6,100
kiddiemart-lite,"Kiddiemart Lite",2.1,2.0,https://downloads.wordpress.org/theme/kiddiemart-lite.2.1.zip,"2026-04-29 15:22:16",https://wordpress.org/themes/kiddiemart-lite/,5.9,7.4,100
lawyer-consultant,"Lawyer Consultant",3.4,3.3,https://downloads.wordpress.org/theme/lawyer-consultant.3.4.zip,"2026-04-29 15:08:29",https://wordpress.org/themes/lawyer-consultant/,5.5,5.6,90
legacy-book-club,"Legacy Book Club",3.6,3.5,https://downloads.wordpress.org/theme/legacy-book-club.3.6.zip,"2026-04-29 15:09:21",https://wordpress.org/themes/legacy-book-club/,5.5,5.6,70
legacy-medical-appointment,"Legacy Medical Appointment",3.5,3.4,https://downloads.wordpress.org/theme/legacy-medical-appointment.3.5.zip,"2026-04-29 15:10:05",https://wordpress.org/themes/legacy-medical-appointment/,5.5,5.6,30
lifestyle-blogger,"Lifestyle Blogger",1.4.9,1.4.8,https://downloads.wordpress.org/theme/lifestyle-blogger.1.4.9.zip,"2026-04-29 16:08:10",https://wordpress.org/themes/lifestyle-blogger/,6.0,7.2,50
luxury-watches,"Luxury Watches",1.5.0,1.4.9,https://downloads.wordpress.org/theme/luxury-watches.1.5.0.zip,"2026-04-29 16:08:23",https://wordpress.org/themes/luxury-watches/,6.0,7.2,100
physiotherapy-clinic,"Physiotherapy Clinic",1.4.3,1.4.2,https://downloads.wordpress.org/theme/physiotherapy-clinic.1.4.3.zip,"2026-04-29 16:08:48",https://wordpress.org/themes/physiotherapy-clinic/,6.0,7.2,100
plumber-works,"Plumber Works",1.5.0,1.4.9,https://downloads.wordpress.org/theme/plumber-works.1.5.0.zip,"2026-04-29 16:09:50",https://wordpress.org/themes/plumber-works/,6.0,7.2,100
quantic,Quantic,3.2,3.1,https://downloads.wordpress.org/theme/quantic.3.2.zip,"2026-04-29 15:11:52",https://wordpress.org/themes/quantic/,5.5,5.6,30
radiant-blogger,"Radiant Blogger",1.5.5,1.5.4,https://downloads.wordpress.org/theme/radiant-blogger.1.5.5.zip,"2026-04-29 16:10:10",https://wordpress.org/themes/radiant-blogger/,6.0,7.2,60
radiant-mega-shop,"Radiant Mega Shop",1.4.5,1.4.4,https://downloads.wordpress.org/theme/radiant-mega-shop.1.4.5.zip,"2026-04-29 16:12:59",https://wordpress.org/themes/radiant-mega-shop/,6.0,7.2,70
scholarsgate,ScholarsGate,3.1,3.0,https://downloads.wordpress.org/theme/scholarsgate.3.1.zip,"2026-04-29 15:12:31",https://wordpress.org/themes/scholarsgate/,5.5,5.6,20
soccer-club,"Soccer Club",1.4.3,1.4.2,https://downloads.wordpress.org/theme/soccer-club.1.4.3.zip,"2026-04-29 16:10:20",https://wordpress.org/themes/soccer-club/,6.0,7.2,100
wardrobe-fashion-stylist,"Wardrobe Fashion Stylist",1.4.7,1.4.6,https://downloads.wordpress.org/theme/wardrobe-fashion-stylist.1.4.7.zip,"2026-04-29 16:10:56",https://wordpress.org/themes/wardrobe-fashion-stylist/,6.0,7.2,70
hanuman,Hanuman,1.0.1,,https://downloads.wordpress.org/theme/hanuman.1.0.1.zip,"2026-04-29 16:32:04",https://wordpress.org/themes/hanuman/,6.1,7.0,0
primarium,Primarium,1.0.1,,https://downloads.wordpress.org/theme/primarium.1.0.1.zip,"2026-04-29 16:31:55",https://wordpress.org/themes/primarium/,6.9,7.2,0
xews-blog,"Xews Blog",1.0.0,,https://downloads.wordpress.org/theme/xews-blog.1.0.0.zip,"2026-04-29 16:16:10",https://wordpress.org/themes/xews-blog/,,7.4,0
tainacan-interface,"Tainacan Interface",2.9.0,2.8.3,https://downloads.wordpress.org/theme/tainacan-interface.2.9.0.zip,"2026-04-29 18:37:05",https://wordpress.org/themes/tainacan-interface/,,7.0,600
alexia,Alexia,1.1.2,1.1.1,https://downloads.wordpress.org/theme/alexia.1.1.2.zip,"2026-04-29 20:12:23",https://wordpress.org/themes/alexia/,,5.4,200
arvila,Arvila,1.0.97,1.0.96,https://downloads.wordpress.org/theme/arvila.1.0.97.zip,"2026-04-29 20:13:31",https://wordpress.org/themes/arvila/,,5.4,100
avine,Avine,1.0.91,1.0.90,https://downloads.wordpress.org/theme/avine.1.0.91.zip,"2026-04-29 20:16:30",https://wordpress.org/themes/avine/,,5.4,100
flixicart,FlixiCart,1.1.9,1.1.8,https://downloads.wordpress.org/theme/flixicart.1.1.9.zip,"2026-04-29 20:11:46",https://wordpress.org/themes/flixicart/,,5.4,100
flixita,Flixita,1.1.37,1.1.36,https://downloads.wordpress.org/theme/flixita.1.1.37.zip,"2026-04-29 20:09:42",https://wordpress.org/themes/flixita/,,5.4,1000
multibiz,MultiBiz,1.0.94,1.0.93,https://downloads.wordpress.org/theme/multibiz.1.0.94.zip,"2026-04-29 20:14:19",https://wordpress.org/themes/multibiz/,,5.4,200
taina,Tainá,0.2.6,0.2.5,https://downloads.wordpress.org/theme/taina.0.2.6.zip,"2026-04-29 19:18:14",https://wordpress.org/themes/taina/,6.0,7.3,30
adventure-tour,"Adventure Tour",5.3,5.1,https://downloads.wordpress.org/theme/adventure-tour.5.3.zip,"2026-04-30 03:26:08",https://wordpress.org/themes/adventure-tour/,,5.6,70
air-conditioning-services,"Air Conditioning Services",4.3,4.2,https://downloads.wordpress.org/theme/air-conditioning-services.4.3.zip,"2026-04-30 03:25:53",https://wordpress.org/themes/air-conditioning-services/,5.0,5.6,70
apartment-blocks,"Apartment Blocks",5.4,5.3,https://downloads.wordpress.org/theme/apartment-blocks.5.4.zip,"2026-04-30 03:25:48",https://wordpress.org/themes/apartment-blocks/,6.1,5.6,200
boutique-designer-shop,"Boutique Designer Shop",4.2,4.1,https://downloads.wordpress.org/theme/boutique-designer-shop.4.2.zip,"2026-04-30 03:25:21",https://wordpress.org/themes/boutique-designer-shop/,5.0,5.6,100
clothing-apparel-shop,"Clothing Apparel Shop",5.2,5.1,https://downloads.wordpress.org/theme/clothing-apparel-shop.5.2.zip,"2026-04-30 03:25:01",https://wordpress.org/themes/clothing-apparel-shop/,6.1,5.6,100
educate-training-coach,"Educate Training Coach",5.5,5.4,https://downloads.wordpress.org/theme/educate-training-coach.5.5.zip,"2026-04-30 03:24:25",https://wordpress.org/themes/educate-training-coach/,5.0,5.6,90
education-academy-coach,"Education Academy Coach",6.0,5.9,https://downloads.wordpress.org/theme/education-academy-coach.6.0.zip,"2026-04-30 03:24:07",https://wordpress.org/themes/education-academy-coach/,5.0,5.6,200
education-insight,"Education Insight",10.1,9.9,https://downloads.wordpress.org/theme/education-insight.10.1.zip,"2026-04-30 03:23:52",https://wordpress.org/themes/education-insight/,5.0,5.6,300
lawyer-firm-blocks,"Lawyer Firm Blocks",4.8,4.7,https://downloads.wordpress.org/theme/lawyer-firm-blocks.4.8.zip,"2026-04-30 03:23:29",https://wordpress.org/themes/lawyer-firm-blocks/,6.1,5.6,200
minimal-education,"Minimal Education",8.0,7.9,https://downloads.wordpress.org/theme/minimal-education.8.0.zip,"2026-04-30 03:22:55",https://wordpress.org/themes/minimal-education/,5.0,5.6,100
nursery-kindergarten,"Nursery Kindergarten",6.0,5.9,https://downloads.wordpress.org/theme/nursery-kindergarten.6.0.zip,"2026-04-30 03:22:31",https://wordpress.org/themes/nursery-kindergarten/,5.0,5.6,60
ppc-specialist,"PPC Specialist",5.6,5.5,https://downloads.wordpress.org/theme/ppc-specialist.5.6.zip,"2026-04-30 03:28:00",https://wordpress.org/themes/ppc-specialist/,5.0,5.6,50
soccer-academy,"Soccer Academy",4.5,4.4,https://downloads.wordpress.org/theme/soccer-academy.4.5.zip,"2026-04-30 03:21:50",https://wordpress.org/themes/soccer-academy/,5.0,5.6,70
trekking-sports,"Trekking Sports",4.1,3.9,https://downloads.wordpress.org/theme/trekking-sports.4.1.zip,"2026-04-30 03:21:14",https://wordpress.org/themes/trekking-sports/,,5.6,100
digital-marketing-lite,"Digital Marketing Lite",0.5.6,0.5.5,https://downloads.wordpress.org/theme/digital-marketing-lite.0.5.6.zip,"2026-04-30 06:34:45",https://wordpress.org/themes/digital-marketing-lite/,,7.2,80
inside-tours,"Inside Tours",0.6.7,0.6.6,https://downloads.wordpress.org/theme/inside-tours.0.6.7.zip,"2026-04-30 06:33:37",https://wordpress.org/themes/inside-tours/,,7.2,80
tattoo-expert,"Tattoo Expert",0.6.7,0.6.6,https://downloads.wordpress.org/theme/tattoo-expert.0.6.7.zip,"2026-04-30 06:32:58",https://wordpress.org/themes/tattoo-expert/,,7.2,50
united-soccer-club,"United Soccer Club",0.3.0,0.2.9,https://downloads.wordpress.org/theme/united-soccer-club.0.3.0.zip,"2026-04-30 06:32:13",https://wordpress.org/themes/united-soccer-club/,5.0,7.2,40
washing-center,"Washing Center",0.5.6,0.5.5,https://downloads.wordpress.org/theme/washing-center.0.5.6.zip,"2026-04-30 06:34:11",https://wordpress.org/themes/washing-center/,,7.2,60
woodworker,Woodworker,0.3.1,0.3.0,https://downloads.wordpress.org/theme/woodworker.0.3.1.zip,"2026-04-30 06:31:41",https://wordpress.org/themes/woodworker/,5.0,7.2,50
health-assistant,"Health Assistant",1.0.0,,https://downloads.wordpress.org/theme/health-assistant.1.0.0.zip,"2026-04-30 06:01:36",https://wordpress.org/themes/health-assistant/,5.9,7.2,0
luma-blog,"Luma Blog",1.1,,https://downloads.wordpress.org/theme/luma-blog.1.1.zip,"2026-04-30 06:01:29",https://wordpress.org/themes/luma-blog/,,5.6,0
paws-clinic,"Paws Clinic",0.0.3,,https://downloads.wordpress.org/theme/paws-clinic.0.0.3.zip,"2026-04-30 06:01:20",https://wordpress.org/themes/paws-clinic/,6.0,7.4,0
vayu-x,"Vayu X",1.0.2,,https://downloads.wordpress.org/theme/vayu-x.1.0.2.zip,"2026-04-30 05:01:28",https://wordpress.org/themes/vayu-x/,6.7,5.7,0
accepta,Accepta,1.0.5,1.0.4,https://downloads.wordpress.org/theme/accepta.1.0.5.zip,"2026-04-30 09:16:55",https://wordpress.org/themes/accepta/,5.0,7.4,200
bakery-elementor,"Bakery Elementor",0.2.9,0.2.8,https://downloads.wordpress.org/theme/bakery-elementor.0.2.9.zip,"2026-04-30 07:54:06",https://wordpress.org/themes/bakery-elementor/,5.0,5.6,100
best-shop,"Best Shop",1.6.1,1.6.0,https://downloads.wordpress.org/theme/best-shop.1.6.1.zip,"2026-04-30 09:21:47",https://wordpress.org/themes/best-shop/,4.7,7.0,2000
blacknews,BlackNews,1.1.32,1.1.31,https://downloads.wordpress.org/theme/blacknews.1.1.32.zip,"2026-04-30 07:04:18",https://wordpress.org/themes/blacknews/,4.0,5.0,600
bread-and-cake,"Bread and Cake",1.1.3,1.1.2,https://downloads.wordpress.org/theme/bread-and-cake.1.1.3.zip,"2026-04-30 07:31:45",https://wordpress.org/themes/bread-and-cake/,6.7,7.2,90
bricksy,Bricksy,1.5.6,1.5.5,https://downloads.wordpress.org/theme/bricksy.1.5.6.zip,"2026-04-30 08:44:08",https://wordpress.org/themes/bricksy/,5.9,7.4,900
cafeteria-elementor,"Cafeteria Elementor",1.1.2,1.1.1,https://downloads.wordpress.org/theme/cafeteria-elementor.1.1.2.zip,"2026-04-30 08:01:30",https://wordpress.org/themes/cafeteria-elementor/,5.6,7.2,100
car-washing-center,"Car Washing Center",0.3.3,0.3.2,https://downloads.wordpress.org/theme/car-washing-center.0.3.3.zip,"2026-04-30 07:54:17",https://wordpress.org/themes/car-washing-center/,5.0,5.6,60
celebnews,CelebNews,1.1.31,1.1.30,https://downloads.wordpress.org/theme/celebnews.1.1.31.zip,"2026-04-30 07:04:44",https://wordpress.org/themes/celebnews/,4.0,5.0,1000
centralnews,CentralNews,2.1.30,2.1.29,https://downloads.wordpress.org/theme/centralnews.2.1.30.zip,"2026-04-30 07:05:07",https://wordpress.org/themes/centralnews/,4.0,5.0,2000
charitable-trust,"Charitable Trust",1.1.7,1.1.6,https://downloads.wordpress.org/theme/charitable-trust.1.1.7.zip,"2026-04-30 08:01:18",https://wordpress.org/themes/charitable-trust/,5.6,7.2,50
clothing-brand-store,"Clothing Brand Store",0.3.6,0.3.5,https://downloads.wordpress.org/theme/clothing-brand-store.0.3.6.zip,"2026-04-30 08:01:55",https://wordpress.org/themes/clothing-brand-store/,5.6,7.2,100
construction-contractor,"Construction Contractor",0.2.7,0.2.6,https://downloads.wordpress.org/theme/construction-contractor.0.2.7.zip,"2026-04-30 07:54:30",https://wordpress.org/themes/construction-contractor/,5.0,5.6,60
corpnews,CorpNews,1.0.27,1.0.26,https://downloads.wordpress.org/theme/corpnews.1.0.27.zip,"2026-04-30 07:05:31",https://wordpress.org/themes/corpnews/,4.0,5.0,1000
designer-boutique-shop,"Designer Boutique Shop",0.3.3,0.3.2,https://downloads.wordpress.org/theme/designer-boutique-shop.0.3.3.zip,"2026-04-30 07:54:42",https://wordpress.org/themes/designer-boutique-shop/,5.0,5.6,40
fast-food-delivery,"Fast Food Delivery",0.3.6,0.3.5,https://downloads.wordpress.org/theme/fast-food-delivery.0.3.6.zip,"2026-04-30 07:54:59",https://wordpress.org/themes/fast-food-delivery/,5.0,5.6,100
florist-elementor,"Florist Elementor",1.2.7,1.2.6,https://downloads.wordpress.org/theme/florist-elementor.1.2.7.zip,"2026-04-30 08:00:59",https://wordpress.org/themes/florist-elementor/,5.6,7.2,60
flower-shop-elementor,"Flower Shop Elementor",0.3.1,0.3.0,https://downloads.wordpress.org/theme/flower-shop-elementor.0.3.1.zip,"2026-04-30 07:55:02",https://wordpress.org/themes/flower-shop-elementor/,5.0,5.6,200
food-restaurant-elementor,"Food Restaurant Elementor",0.3.0,0.2.9,https://downloads.wordpress.org/theme/food-restaurant-elementor.0.3.0.zip,"2026-04-30 07:55:23",https://wordpress.org/themes/food-restaurant-elementor/,5.0,5.6,90
gamernews,GamerNews,1.1.30,1.1.29,https://downloads.wordpress.org/theme/gamernews.1.1.30.zip,"2026-04-30 07:05:53",https://wordpress.org/themes/gamernews/,4.0,5.0,1000
general-news,"General News",1.1.30,1.1.29,https://downloads.wordpress.org/theme/general-news.1.1.30.zip,"2026-04-30 07:06:22",https://wordpress.org/themes/general-news/,4.0,5.0,1000
globalnews,GlobalNews,1.1.31,1.1.30,https://downloads.wordpress.org/theme/globalnews.1.1.31.zip,"2026-04-30 07:06:47",https://wordpress.org/themes/globalnews/,4.0,5.0,700
grocery-supermarket-elementor,"Grocery Supermarket Elementor",0.3.1,0.3.0,https://downloads.wordpress.org/theme/grocery-supermarket-elementor.0.3.1.zip,"2026-04-30 07:55:41",https://wordpress.org/themes/grocery-supermarket-elementor/,5.0,5.6,100
hardware-dealer,"Hardware Dealer",0.3.0,0.2.9,https://downloads.wordpress.org/theme/hardware-dealer.0.3.0.zip,"2026-04-30 07:55:51",https://wordpress.org/themes/hardware-dealer/,5.0,5.6,90
moreblog,MoreBlog,1.1.30,1.1.29,https://downloads.wordpress.org/theme/moreblog.1.1.30.zip,"2026-04-30 07:07:10",https://wordpress.org/themes/moreblog/,4.0,5.0,900
moremag,MoreMag,1.3.30,1.3.29,https://downloads.wordpress.org/theme/moremag.1.3.30.zip,"2026-04-30 07:07:34",https://wordpress.org/themes/moremag/,4.0,5.0,1000
newscom,NewsCom,1.0.9,1.0.8,https://downloads.wordpress.org/theme/newscom.1.0.9.zip,"2026-04-30 07:07:58",https://wordpress.org/themes/newscom/,4.0,5.0,600
newscorp,NewsCorp,1.1.30,1.1.29,https://downloads.wordpress.org/theme/newscorp.1.1.30.zip,"2026-04-30 07:08:19",https://wordpress.org/themes/newscorp/,4.0,5.0,1000
newsday,NewsDay,1.1.30,1.1.29,https://downloads.wordpress.org/theme/newsday.1.1.30.zip,"2026-04-30 07:08:40",https://wordpress.org/themes/newsday/,4.0,5.0,900
newsgame,NewsGame,1.0.29,1.0.28,https://downloads.wordpress.org/theme/newsgame.1.0.29.zip,"2026-04-30 07:09:03",https://wordpress.org/themes/newsgame/,4.0,5.0,900
newsical,Newsical,1.1.31,1.1.30,https://downloads.wordpress.org/theme/newsical.1.1.31.zip,"2026-04-30 07:09:27",https://wordpress.org/themes/newsical/,4.0,5.0,400
newslight,NewsLight,1.1.30,1.1.29,https://downloads.wordpress.org/theme/newslight.1.1.30.zip,"2026-04-30 07:09:50",https://wordpress.org/themes/newslight/,4.0,5.0,1000
newsmore,NewsMore,1.3.31,1.3.30,https://downloads.wordpress.org/theme/newsmore.1.3.31.zip,"2026-04-30 07:10:12",https://wordpress.org/themes/newsmore/,4.0,5.0,1000
newsplace,NewsPlace,1.1.31,1.1.30,https://downloads.wordpress.org/theme/newsplace.1.1.31.zip,"2026-04-30 07:10:36",https://wordpress.org/themes/newsplace/,4.0,5.0,700
newsreview,NewsReview,1.0.15,1.0.14,https://downloads.wordpress.org/theme/newsreview.1.0.15.zip,"2026-04-30 07:11:00",https://wordpress.org/themes/newsreview/,4.0,5.0,900
poultry-farm,"Poultry Farm",1.3.0,1.2.9,https://downloads.wordpress.org/theme/poultry-farm.1.3.0.zip,"2026-04-30 08:00:58",https://wordpress.org/themes/poultry-farm/,5.6,7.2,100
property-broker,"Property Broker",1.1.5,1.1.4,https://downloads.wordpress.org/theme/property-broker.1.1.5.zip,"2026-04-30 08:01:37",https://wordpress.org/themes/property-broker/,5.6,7.2,20
property-listing-elementor,"Property Listing Elementor",0.3.4,0.3.3,https://downloads.wordpress.org/theme/property-listing-elementor.0.3.4.zip,"2026-04-30 07:55:58",https://wordpress.org/themes/property-listing-elementor/,5.0,5.6,100
rc-drone,"RC Drone",1.3.5,1.3.4,https://downloads.wordpress.org/theme/rc-drone.1.3.5.zip,"2026-04-30 07:56:11",https://wordpress.org/themes/rc-drone/,5.0,5.6,60
reviewmag,ReviewMag,1.0.14,1.0.12,https://downloads.wordpress.org/theme/reviewmag.1.0.14.zip,"2026-04-30 07:11:22",https://wordpress.org/themes/reviewmag/,4.0,5.0,300
security-services-elementor,"Security Services Elementor",0.2.8,0.2.7,https://downloads.wordpress.org/theme/security-services-elementor.0.2.8.zip,"2026-04-30 07:56:23",https://wordpress.org/themes/security-services-elementor/,5.0,5.6,100
sidenews,SideNews,1.1.30,1.1.29,https://downloads.wordpress.org/theme/sidenews.1.1.30.zip,"2026-04-30 07:11:47",https://wordpress.org/themes/sidenews/,4.0,5.0,500
unique-fun-center,"Unique Fun Center",1.6.0,1.5.9,https://downloads.wordpress.org/theme/unique-fun-center.1.6.0.zip,"2026-04-30 08:00:48",https://wordpress.org/themes/unique-fun-center/,5.6,7.2,200
skt-chemical,"SKT Chemical",1.0,,https://downloads.wordpress.org/theme/skt-chemical.1.0.zip,"2026-04-30 09:16:21",https://wordpress.org/themes/skt-chemical/,5.0,5.6,0
altra,Altra,1.1.46,1.1.45,https://downloads.wordpress.org/theme/altra.1.1.46.zip,"2026-04-30 10:44:32",https://wordpress.org/themes/altra/,4.7,5.6,100
atrux,Atrux,1.1.29,1.1.28,https://downloads.wordpress.org/theme/atrux.1.1.29.zip,"2026-04-30 10:47:47",https://wordpress.org/themes/atrux/,4.7,5.6,70
atua,Atua,1.1.61,1.1.60,https://downloads.wordpress.org/theme/atua.1.1.61.zip,"2026-04-30 10:43:59",https://wordpress.org/themes/atua/,4.7,5.6,500
atus,Atus,1.1.41,1.1.40,https://downloads.wordpress.org/theme/atus.1.1.41.zip,"2026-04-30 10:46:43",https://wordpress.org/themes/atus/,4.7,5.6,100
atuvi,Atuvi,1.0.91,1.0.90,https://downloads.wordpress.org/theme/atuvi.1.0.91.zip,"2026-04-30 10:49:22",https://wordpress.org/themes/atuvi/,4.7,5.6,100
atuxa,Atuxa,1.0.96,1.0.95,https://downloads.wordpress.org/theme/atuxa.1.0.96.zip,"2026-04-30 10:48:52",https://wordpress.org/themes/atuxa/,4.7,5.6,70
avvy,Avvy,1.1.43,1.1.42,https://downloads.wordpress.org/theme/avvy.1.1.43.zip,"2026-04-30 10:46:12",https://wordpress.org/themes/avvy/,4.7,5.6,60
bike-rental-services,"Bike Rental Services",2.3,2.2.9,https://downloads.wordpress.org/theme/bike-rental-services.2.3.zip,"2026-04-30 10:09:02",https://wordpress.org/themes/bike-rental-services/,6.0,7.2,20
business-revolution,"Business Revolution",1.4,1.3,https://downloads.wordpress.org/theme/business-revolution.1.4.zip,"2026-04-30 10:16:11",https://wordpress.org/themes/business-revolution/,6.0,7.2,10
cab-booking,"Cab Booking",1.3.2,1.3.1,https://downloads.wordpress.org/theme/cab-booking.1.3.2.zip,"2026-04-30 10:14:31",https://wordpress.org/themes/cab-booking/,6.0,7.2,50
dairy-farming,"Dairy Farming",1.3.5,1.3.4,https://downloads.wordpress.org/theme/dairy-farming.1.3.5.zip,"2026-04-30 10:13:28",https://wordpress.org/themes/dairy-farming/,6.0,7.2,50
digital-marketer,"Digital Marketer",1.3.6,1.3.5,https://downloads.wordpress.org/theme/digital-marketer.1.3.6.zip,"2026-04-30 10:12:00",https://wordpress.org/themes/digital-marketer/,6.0,7.2,40
ecommerce-landing-page,"Ecommerce Landing Page",0.7.6,0.7.5,https://downloads.wordpress.org/theme/ecommerce-landing-page.0.7.6.zip,"2026-04-30 11:26:23",https://wordpress.org/themes/ecommerce-landing-page/,5.0,7.2,100
expert-videographer-studio,"Expert Videographer Studio",0.1.8,0.1.7,https://downloads.wordpress.org/theme/expert-videographer-studio.0.1.8.zip,"2026-04-30 09:58:25",https://wordpress.org/themes/expert-videographer-studio/,5.3,7.2,40
flexea,Flexea,1.1.31,1.1.30,https://downloads.wordpress.org/theme/flexea.1.1.31.zip,"2026-04-30 10:47:15",https://wordpress.org/themes/flexea/,4.7,5.6,100
flexeo,Flexeo,1.1.50,1.1.49,https://downloads.wordpress.org/theme/flexeo.1.1.50.zip,"2026-04-30 10:45:40",https://wordpress.org/themes/flexeo/,4.7,5.6,90
flexina,Flexina,1.0.87,1.0.86,https://downloads.wordpress.org/theme/flexina.1.0.87.zip,"2026-04-30 10:49:53",https://wordpress.org/themes/flexina/,4.7,5.6,100
flexiva,Flexiva,1.0.41,1.0.40,https://downloads.wordpress.org/theme/flexiva.1.0.41.zip,"2026-04-30 10:50:26",https://wordpress.org/themes/flexiva/,4.7,5.6,200
fluxa,Fluxa,1.1.15,1.1.14,https://downloads.wordpress.org/theme/fluxa.1.1.15.zip,"2026-04-30 10:48:21",https://wordpress.org/themes/fluxa/,4.7,5.6,200
foodie-restaurant,"Foodie Restaurant",6.2,6.1,https://downloads.wordpress.org/theme/foodie-restaurant.6.2.zip,"2026-04-30 11:20:12",https://wordpress.org/themes/foodie-restaurant/,5.0,7.2,100
forest-safari,"Forest Safari",1.3.8,1.3.7,https://downloads.wordpress.org/theme/forest-safari.1.3.8.zip,"2026-04-30 10:11:14",https://wordpress.org/themes/forest-safari/,6.0,7.2,90
freelancer-digital-agency,"Freelancer Digital Agency",6.3,6.2,https://downloads.wordpress.org/theme/freelancer-digital-agency.6.3.zip,"2026-04-30 11:18:53",https://wordpress.org/themes/freelancer-digital-agency/,5.0,7.2,50
frontis,Frontis,1.1.25,1.1.24,https://downloads.wordpress.org/theme/frontis.1.1.25.zip,"2026-04-30 09:51:54",https://wordpress.org/themes/frontis/,6.4,7.4,1000
fundraiser-nonprofit,"Fundraiser Nonprofit",1.0.4,1.0.3,https://downloads.wordpress.org/theme/fundraiser-nonprofit.1.0.4.zip,"2026-04-30 11:18:29",https://wordpress.org/themes/fundraiser-nonprofit/,6.0,5.6,40
glass-artifact,"Glass Artifact",3.0,2.9,https://downloads.wordpress.org/theme/glass-artifact.3.0.zip,"2026-04-30 11:17:47",https://wordpress.org/themes/glass-artifact/,5.0,7.2,10
grocery-shopping,"Grocery Shopping",6.0,5.9,https://downloads.wordpress.org/theme/grocery-shopping.6.0.zip,"2026-04-30 11:17:26",https://wordpress.org/themes/grocery-shopping/,5.0,7.2,80
gym-training-center,"Gym Training Center",1.0.4,1.0.3,https://downloads.wordpress.org/theme/gym-training-center.1.0.4.zip,"2026-04-30 11:15:39",https://wordpress.org/themes/gym-training-center/,6.0,5.6,400
hairstyle-salon,"Hairstyle Salon",5.6,5.5,https://downloads.wordpress.org/theme/hairstyle-salon.5.6.zip,"2026-04-30 11:15:02",https://wordpress.org/themes/hairstyle-salon/,5.0,7.2,40
home-automation,"Home Automation",6.2,6.1,https://downloads.wordpress.org/theme/home-automation.6.2.zip,"2026-04-30 11:14:36",https://wordpress.org/themes/home-automation/,5.0,7.2,70
home-interior-designer,"Home Interior Designer",5.3,5.2,https://downloads.wordpress.org/theme/home-interior-designer.5.3.zip,"2026-04-30 11:13:58",https://wordpress.org/themes/home-interior-designer/,5.0,7.2,80
influencer-marketing,"Influencer Marketing",3.8,3.7,https://downloads.wordpress.org/theme/influencer-marketing.3.8.zip,"2026-04-30 11:13:33",https://wordpress.org/themes/influencer-marketing/,5.5,7.2,10
interior-decor-consultation,"Interior Decor Consultation",3.8,3.7,https://downloads.wordpress.org/theme/interior-decor-consultation.3.8.zip,"2026-04-30 11:12:59",https://wordpress.org/themes/interior-decor-consultation/,5.0,7.2,30
jeweller-store,"Jeweller Store",4.2,4.1,https://downloads.wordpress.org/theme/jeweller-store.4.2.zip,"2026-04-30 11:11:32",https://wordpress.org/themes/jeweller-store/,5.0,7.2,70
job-listing,"Job Listing",3.6,3.5,https://downloads.wordpress.org/theme/job-listing.3.6.zip,"2026-04-30 11:12:01",https://wordpress.org/themes/job-listing/,5.0,7.2,100
laundry-cleaner,"Laundry Cleaner",3.5,3.4,https://downloads.wordpress.org/theme/laundry-cleaner.3.5.zip,"2026-04-30 11:11:50",https://wordpress.org/themes/laundry-cleaner/,5.0,7.2,0
lawn-gardner,"Lawn Gardner",1.3.8,1.3.7,https://downloads.wordpress.org/theme/lawn-gardner.1.3.8.zip,"2026-04-30 10:20:15",https://wordpress.org/themes/lawn-gardner/,6.4,7.2,70
miniworld-kindergarten,"Miniworld kindergarten",0.1.5,0.1.4,https://downloads.wordpress.org/theme/miniworld-kindergarten.0.1.5.zip,"2026-04-30 09:58:57",https://wordpress.org/themes/miniworld-kindergarten/,5.3,7.2,30
optical-lens-shop,"Optical Lens Shop",0.8.7,0.8.6,https://downloads.wordpress.org/theme/optical-lens-shop.0.8.7.zip,"2026-04-30 11:27:14",https://wordpress.org/themes/optical-lens-shop/,5.0,7.2,200
pest-control-treatment,"Pest Control Treatment",0.4.8,0.4.7,https://downloads.wordpress.org/theme/pest-control-treatment.0.4.8.zip,"2026-04-30 11:31:29",https://wordpress.org/themes/pest-control-treatment/,5.0,7.2,100
plumbing-services,"Plumbing Services",1.2.9,1.2.8,https://downloads.wordpress.org/theme/plumbing-services.1.2.9.zip,"2026-04-30 10:11:00",https://wordpress.org/themes/plumbing-services/,6.0,7.2,20
podcaster-radio,"Podcaster Radio",0.7.8,0.7.7,https://downloads.wordpress.org/theme/podcaster-radio.0.7.8.zip,"2026-04-30 11:30:00",https://wordpress.org/themes/podcaster-radio/,5.0,7.2,300
political-campaign,"Political Campaign",0.8.6,0.8.5,https://downloads.wordpress.org/theme/political-campaign.0.8.6.zip,"2026-04-30 11:29:04",https://wordpress.org/themes/political-campaign/,5.0,7.2,300
product-comparison-woocommerce,"Product Comparison Woocommerce",0.6.9,0.6.8,https://downloads.wordpress.org/theme/product-comparison-woocommerce.0.6.9.zip,"2026-04-30 11:27:27",https://wordpress.org/themes/product-comparison-woocommerce/,5.0,7.2,200
psychology-therapist,"Psychology Therapist",0.8.3,0.8.2,https://downloads.wordpress.org/theme/psychology-therapist.0.8.3.zip,"2026-04-30 11:28:40",https://wordpress.org/themes/psychology-therapist/,5.0,7.2,100
renovation-roofing,"Renovation Roofing",1.3.8,1.3.7,https://downloads.wordpress.org/theme/renovation-roofing.1.3.8.zip,"2026-04-30 10:17:05",https://wordpress.org/themes/renovation-roofing/,6.0,7.2,0
revolution-video-vlog,"Revolution Video Vlog",2.4.9,2.4.8,https://downloads.wordpress.org/theme/revolution-video-vlog.2.4.9.zip,"2026-04-30 10:16:34",https://wordpress.org/themes/revolution-video-vlog/,6.0,7.2,60
services-landing-page,"Services Landing Page",0.5.1,0.5.0,https://downloads.wordpress.org/theme/services-landing-page.0.5.1.zip,"2026-04-30 11:28:13",https://wordpress.org/themes/services-landing-page/,5.0,7.2,100
shoes-store,"Shoes Store",0.5.3,0.5.2,https://downloads.wordpress.org/theme/shoes-store.0.5.3.zip,"2026-04-30 11:30:15",https://wordpress.org/themes/shoes-store/,5.0,7.2,400
sirat,Sirat,1.7.2,1.7.1,https://downloads.wordpress.org/theme/sirat.1.7.2.zip,"2026-04-30 11:26:56",https://wordpress.org/themes/sirat/,5.0,7.2,1000
supermarket-store,"Supermarket Store",1.4,1.3.9,https://downloads.wordpress.org/theme/supermarket-store.1.4.zip,"2026-04-30 10:17:46",https://wordpress.org/themes/supermarket-store/,6.0,7.2,40
vw-audio-podcast,"VW Audio Podcast",1.4.1,1.4.0,https://downloads.wordpress.org/theme/vw-audio-podcast.1.4.1.zip,"2026-04-30 11:30:59",https://wordpress.org/themes/vw-audio-podcast/,5.9,5.6,40
vw-ecommerce-store,"VW Ecommerce Store",1.6.1,1.6.0,https://downloads.wordpress.org/theme/vw-ecommerce-store.1.6.1.zip,"2026-04-30 11:26:27",https://wordpress.org/themes/vw-ecommerce-store/,5.0,7.2,400
zinify,Zinify,1.0.14,1.0.13,https://downloads.wordpress.org/theme/zinify.1.0.14.zip,"2026-04-30 10:50:57",https://wordpress.org/themes/zinify/,4.7,5.6,100
venture-grove-dark,"Venture Grove Dark",1.0,,https://downloads.wordpress.org/theme/venture-grove-dark.1.0.zip,"2026-04-30 10:16:14",https://wordpress.org/themes/venture-grove-dark/,6.0,7.0,0
business-coach-blocks,"Business Coach Blocks",1.9.7,1.9.5,https://downloads.wordpress.org/theme/business-coach-blocks.1.9.7.zip,"2026-04-30 12:44:59",https://wordpress.org/themes/business-coach-blocks/,6.0,7.2,100
business-lounge,"Business Lounge",1.6.0,1.5.9,https://downloads.wordpress.org/theme/business-lounge.1.6.0.zip,"2026-04-30 12:45:51",https://wordpress.org/themes/business-lounge/,6.0,7.2,10
cctv-security-system,"CCTV Security System",1.5.0,1.4.8,https://downloads.wordpress.org/theme/cctv-security-system.1.5.0.zip,"2026-04-30 12:44:40",https://wordpress.org/themes/cctv-security-system/,6.0,7.2,200
corporate-blocks,"Corporate Blocks",1.5.4,1.5.2,https://downloads.wordpress.org/theme/corporate-blocks.1.5.4.zip,"2026-04-30 12:47:38",https://wordpress.org/themes/corporate-blocks/,6.0,7.2,400
cv-portfolio-blocks,"CV Portfolio Blocks",1.4.3,1.4.2,https://downloads.wordpress.org/theme/cv-portfolio-blocks.1.4.3.zip,"2026-04-30 12:48:05",https://wordpress.org/themes/cv-portfolio-blocks/,6.0,7.2,100
fitness-blocks,"Fitness Blocks",1.4.3,1.4.2,https://downloads.wordpress.org/theme/fitness-blocks.1.4.3.zip,"2026-04-30 12:49:04",https://wordpress.org/themes/fitness-blocks/,6.0,7.2,20
integlight,Integlight,1.1.53,1.1.52,https://downloads.wordpress.org/theme/integlight.1.1.53.zip,"2026-04-30 12:38:39",https://wordpress.org/themes/integlight/,,7.4,20
landscape-farm,"Landscape Farm",1.5.0,1.4.9,https://downloads.wordpress.org/theme/landscape-farm.1.5.0.zip,"2026-04-30 12:50:18",https://wordpress.org/themes/landscape-farm/,6.0,7.2,100
prime-industry,"Prime Industry",1.0.17,1.0.16,https://downloads.wordpress.org/theme/prime-industry.1.0.17.zip,"2026-04-30 12:30:12",https://wordpress.org/themes/prime-industry/,,5.6,10
blocksy,Blocksy,2.1.39,2.1.38,https://downloads.wordpress.org/theme/blocksy.2.1.39.zip,"2026-04-30 16:02:00",https://wordpress.org/themes/blocksy/,6.5,7.0,300000
fondness,Fondness,1.0.6,1.0.5,https://downloads.wordpress.org/theme/fondness.1.0.6.zip,"2026-04-30 16:21:14",https://wordpress.org/themes/fondness/,5.1,5.6,60
kiddiemart-lite,"Kiddiemart Lite",2.1.1,2.1,https://downloads.wordpress.org/theme/kiddiemart-lite.2.1.1.zip,"2026-04-30 16:37:18",https://wordpress.org/themes/kiddiemart-lite/,5.9,7.4,100
medistore,Medistore,1.0.4,1.0.3,https://downloads.wordpress.org/theme/medistore.1.0.4.zip,"2026-04-30 16:19:00",https://wordpress.org/themes/medistore/,5.0,5.6,60
onjob,Onjob,1.0.5,1.0.4,https://downloads.wordpress.org/theme/onjob.1.0.5.zip,"2026-04-30 16:14:26",https://wordpress.org/themes/onjob/,4.8,5.6,40
blockskit-it-company,"Blockskit IT Company",1.0.0,,https://downloads.wordpress.org/theme/blockskit-it-company.1.0.0.zip,"2026-04-30 15:32:19",https://wordpress.org/themes/blockskit-it-company/,6.0,5.6,0
dental-and-dentist-wda,"Dental and Dentist WDA",1.0.0,,https://downloads.wordpress.org/theme/dental-and-dentist-wda.1.0.0.zip,"2026-04-30 16:16:12",https://wordpress.org/themes/dental-and-dentist-wda/,5.1,5.6,0
catch-fse,"Catch FSE",2.0,1.8.1,https://downloads.wordpress.org/theme/catch-fse.2.0.zip,"2026-04-30 16:50:44",https://wordpress.org/themes/catch-fse/,5.9,5.6,200
resort-hotel-booking,"Resort Hotel Booking",6.3,6.2,https://downloads.wordpress.org/theme/resort-hotel-booking.6.3.zip,"2026-04-30 18:23:41",https://wordpress.org/themes/resort-hotel-booking/,5.0,5.6,100
shopvibe,ShopVibe,1.0.2,1.0.1,https://downloads.wordpress.org/theme/shopvibe.1.0.2.zip,"2026-04-30 17:31:18",https://wordpress.org/themes/shopvibe/,6.0,7.4,20
stationary-bookstore,"Stationary Bookstore",5.3,5.2,https://downloads.wordpress.org/theme/stationary-bookstore.5.3.zip,"2026-04-30 18:23:31",https://wordpress.org/themes/stationary-bookstore/,5.0,5.6,90
travel-vlogger,"Travel Vlogger",6.3,6.2,https://downloads.wordpress.org/theme/travel-vlogger.6.3.zip,"2026-04-30 18:23:03",https://wordpress.org/themes/travel-vlogger/,5.0,5.6,90
university-education-hub,"University Education Hub",5.5,5.4,https://downloads.wordpress.org/theme/university-education-hub.5.5.zip,"2026-04-30 18:22:19",https://wordpress.org/themes/university-education-hub/,5.0,5.6,100
car-rental-hub,"Car Rental Hub",6.7,6.6,https://downloads.wordpress.org/theme/car-rental-hub.6.7.zip,"2026-04-30 18:28:27",https://wordpress.org/themes/car-rental-hub/,5.0,5.6,200
car-wash-services,"Car Wash Services",6.6,6.5,https://downloads.wordpress.org/theme/car-wash-services.6.6.zip,"2026-04-30 18:28:05",https://wordpress.org/themes/car-wash-services/,5.0,5.6,70
cinema-movie-director,"Cinema Movie Director",6.0,5.9,https://downloads.wordpress.org/theme/cinema-movie-director.6.0.zip,"2026-04-30 18:27:30",https://wordpress.org/themes/cinema-movie-director/,5.0,5.6,100
construction-engineering,"Construction Engineering",6.5,6.4,https://downloads.wordpress.org/theme/construction-engineering.6.5.zip,"2026-04-30 18:27:14",https://wordpress.org/themes/construction-engineering/,5.0,5.6,80
elearning-academy-education,"Elearning Academy Education",5.5,5.4,https://downloads.wordpress.org/theme/elearning-academy-education.5.5.zip,"2026-04-30 18:26:39",https://wordpress.org/themes/elearning-academy-education/,5.0,5.6,200
health-care-hospital,"Health Care Hospital",5.9,5.8,https://downloads.wordpress.org/theme/health-care-hospital.5.9.zip,"2026-04-30 18:26:21",https://wordpress.org/themes/health-care-hospital/,5.0,5.6,100
healthcare-medicine,"Healthcare Medicine",5.6,5.5,https://downloads.wordpress.org/theme/healthcare-medicine.5.6.zip,"2026-04-30 18:30:25",https://wordpress.org/themes/healthcare-medicine/,5.0,5.6,100
law-firm-attorney,"Law Firm Attorney",6.0,5.9,https://downloads.wordpress.org/theme/law-firm-attorney.6.0.zip,"2026-04-30 18:25:39",https://wordpress.org/themes/law-firm-attorney/,5.0,5.6,100
movie-studio,"Movie Studio",6.0,5.9,https://downloads.wordpress.org/theme/movie-studio.6.0.zip,"2026-04-30 18:24:40",https://wordpress.org/themes/movie-studio/,5.0,5.6,200
painting-contractor,"Painting Contractor",5.9,5.8,https://downloads.wordpress.org/theme/painting-contractor.5.9.zip,"2026-04-30 18:24:10",https://wordpress.org/themes/painting-contractor/,5.0,5.6,100
