Slug,Name,Version,"Previous Version","Download Link",Released,"WordPress.org URL","Required WP","Required PHP","Active Installs"
auto-car-repair,"Auto Car Repair",0.3.7,0.3.5,https://downloads.wordpress.org/theme/auto-car-repair.0.3.7.zip,"2026-05-01 04:13:34",https://wordpress.org/themes/auto-car-repair/,5.0,5.6,80
books-printing,"Books Printing",0.4.8,0.4.7,https://downloads.wordpress.org/theme/books-printing.0.4.8.zip,"2026-05-01 04:13:42",https://wordpress.org/themes/books-printing/,5.0,5.6,80
coming-soon-shortly,"Coming Soon Shortly",0.3.5,0.3.4,https://downloads.wordpress.org/theme/coming-soon-shortly.0.3.5.zip,"2026-05-01 04:14:00",https://wordpress.org/themes/coming-soon-shortly/,5.0,5.6,1000
cyber-security-elementor,"Cyber Security Elementor",0.3.6,0.3.5,https://downloads.wordpress.org/theme/cyber-security-elementor.0.3.6.zip,"2026-05-01 04:14:04",https://wordpress.org/themes/cyber-security-elementor/,5.0,5.6,400
diy-tutorials,"DIY Tutorials",0.4.9,0.4.8,https://downloads.wordpress.org/theme/diy-tutorials.0.4.9.zip,"2026-05-01 04:14:18",https://wordpress.org/themes/diy-tutorials/,5.0,5.6,90
venture-grove-dark,"Venture Grove Dark",1.1,1.0,https://downloads.wordpress.org/theme/venture-grove-dark.1.1.zip,"2026-05-01 03:29:53",https://wordpress.org/themes/venture-grove-dark/,6.0,7.0,0
audio-player,"Audio Player",1.5.6,1.5.5,https://downloads.wordpress.org/theme/audio-player.1.5.6.zip,"2026-05-01 05:48:59",https://wordpress.org/themes/audio-player/,5.0,7.2,60
bakers-bakery,"Bakers Bakery",0.8.8,0.8.6,https://downloads.wordpress.org/theme/bakers-bakery.0.8.8.zip,"2026-05-01 05:47:20",https://wordpress.org/themes/bakers-bakery/,,7.2,30
bike-rental-shop,"Bike Rental Shop",2.0.8,2.0.7,https://downloads.wordpress.org/theme/bike-rental-shop.2.0.8.zip,"2026-05-01 05:47:09",https://wordpress.org/themes/bike-rental-shop/,5.0,7.2,200
boutique-garment-store,"Boutique Garment Store",1.0.6,1.0.5,https://downloads.wordpress.org/theme/boutique-garment-store.1.0.6.zip,"2026-05-01 05:46:04",https://wordpress.org/themes/boutique-garment-store/,,7.2,40
computer-repair-store,"Computer Repair Store",0.6.7,0.6.6,https://downloads.wordpress.org/theme/computer-repair-store.0.6.7.zip,"2026-05-01 05:45:35",https://wordpress.org/themes/computer-repair-store/,5.0,7.2,60
cooking-food-blogger,"Cooking Food Blogger",2.0.7,2.0.6,https://downloads.wordpress.org/theme/cooking-food-blogger.2.0.7.zip,"2026-05-01 05:44:56",https://wordpress.org/themes/cooking-food-blogger/,5.0,7.2,70
cosmetic-ecommerce-store,"Cosmetic Ecommerce Store",1.9.0,1.8.9,https://downloads.wordpress.org/theme/cosmetic-ecommerce-store.1.9.0.zip,"2026-05-01 05:44:31",https://wordpress.org/themes/cosmetic-ecommerce-store/,5.0,7.2,100
equipment-rental,"Equipment Rental",0.4.7,0.4.6,https://downloads.wordpress.org/theme/equipment-rental.0.4.7.zip,"2026-05-01 04:14:26",https://wordpress.org/themes/equipment-rental/,5.0,5.6,100
estore-woocommerce,"Estore Woocommerce",1.5.8,1.5.7,https://downloads.wordpress.org/theme/estore-woocommerce.1.5.8.zip,"2026-05-01 05:44:14",https://wordpress.org/themes/estore-woocommerce/,5.0,7.2,400
ev-bike-shop,"EV Bike Shop",0.5.2,0.5.1,https://downloads.wordpress.org/theme/ev-bike-shop.0.5.2.zip,"2026-05-01 04:14:33",https://wordpress.org/themes/ev-bike-shop/,5.0,5.6,200
event-organizer-elemento,"Event Organizer Elemento",0.4.1,0.4.0,https://downloads.wordpress.org/theme/event-organizer-elemento.0.4.1.zip,"2026-05-01 04:14:45",https://wordpress.org/themes/event-organizer-elemento/,5.0,5.6,40
grocery-supermarket,"Grocery Supermarket",1.5.7,1.5.6,https://downloads.wordpress.org/theme/grocery-supermarket.1.5.7.zip,"2026-05-01 05:44:00",https://wordpress.org/themes/grocery-supermarket/,5.0,7.2,200
hairstylist-salon,"Hairstylist Salon",0.4.6,0.4.5,https://downloads.wordpress.org/theme/hairstylist-salon.0.4.6.zip,"2026-05-01 04:14:52",https://wordpress.org/themes/hairstylist-salon/,5.0,5.6,20
homelancer,HomeLancer,1.0.3,1.0.2,https://downloads.wordpress.org/theme/homelancer.1.0.3.zip,"2026-05-01 04:37:59",https://wordpress.org/themes/homelancer/,5.9,7.4,1000
house-cleaning,"House Cleaning",0.4.6,0.4.5,https://downloads.wordpress.org/theme/house-cleaning.0.4.6.zip,"2026-05-01 04:15:02",https://wordpress.org/themes/house-cleaning/,5.0,5.6,20
medical-appointment,"Medical Appointment",1.5.7,1.5.6,https://downloads.wordpress.org/theme/medical-appointment.1.5.7.zip,"2026-05-01 05:43:08",https://wordpress.org/themes/medical-appointment/,5.0,7.2,100
mobile-repair-services,"Mobile Repair Services",2.4.1,2.4,https://downloads.wordpress.org/theme/mobile-repair-services.2.4.1.zip,"2026-05-01 05:42:32",https://wordpress.org/themes/mobile-repair-services/,5.0,7.2,60
modular-kitchen,"Modular Kitchen",1.6.2,1.6.1,https://downloads.wordpress.org/theme/modular-kitchen.1.6.2.zip,"2026-05-01 05:41:03",https://wordpress.org/themes/modular-kitchen/,5.0,7.2,40
motivational-life-coach,"Motivational Life Coach",0.5.5,0.5.4,https://downloads.wordpress.org/theme/motivational-life-coach.0.5.5.zip,"2026-05-01 05:42:01",https://wordpress.org/themes/motivational-life-coach/,5.0,7.2,40
nonprofit-foundation,"Nonprofit Foundation",0.5.7,0.5.6,https://downloads.wordpress.org/theme/nonprofit-foundation.0.5.7.zip,"2026-05-01 05:40:15",https://wordpress.org/themes/nonprofit-foundation/,,7.2,80
smart-tech-blog,"Smart Tech Blog",0.6.0,0.5.9,https://downloads.wordpress.org/theme/smart-tech-blog.0.6.0.zip,"2026-05-01 05:39:23",https://wordpress.org/themes/smart-tech-blog/,5.0,7.2,100
viral-news-center,"Viral News Center",0.6.9,0.6.8,https://downloads.wordpress.org/theme/viral-news-center.0.6.9.zip,"2026-05-01 05:37:41",https://wordpress.org/themes/viral-news-center/,5.0,7.2,80
modern-bakery-shop,"Modern Bakery Shop",1.0.0,,https://downloads.wordpress.org/theme/modern-bakery-shop.1.0.0.zip,"2026-05-01 06:01:14",https://wordpress.org/themes/modern-bakery-shop/,6.1,7.2,0
it-software-service,"IT Software Service",1.0.1,,https://downloads.wordpress.org/theme/it-software-service.1.0.1.zip,"2026-05-01 08:46:20",https://wordpress.org/themes/it-software-service/,5.9,5.6,0
autocraft-fse,"AutoCraft FSE",1.1,1.0,https://downloads.wordpress.org/theme/autocraft-fse.1.1.zip,"2026-05-01 10:04:10",https://wordpress.org/themes/autocraft-fse/,,5.6,200
blognest,BlogNest,1.1.6,1.1.5,https://downloads.wordpress.org/theme/blognest.1.1.6.zip,"2026-05-01 10:06:33",https://wordpress.org/themes/blognest/,5.9,5.6,100
blogsky,BlogSky,1.0.8,1.0.7,https://downloads.wordpress.org/theme/blogsky.1.0.8.zip,"2026-05-01 10:10:08",https://wordpress.org/themes/blogsky/,5.9,5.6,300
creamery-lite,"Creamery Lite",2.4,2.3,https://downloads.wordpress.org/theme/creamery-lite.2.4.zip,"2026-05-01 09:42:02",https://wordpress.org/themes/creamery-lite/,,5.6,100
expert-food-blog,"Expert Food Blog",11.8,11.7,https://downloads.wordpress.org/theme/expert-food-blog.11.8.zip,"2026-05-01 09:49:13",https://wordpress.org/themes/expert-food-blog/,,7.2,100
expert-life-coach,"Expert Life Coach",9.0,8.9,https://downloads.wordpress.org/theme/expert-life-coach.9.0.zip,"2026-05-01 09:50:04",https://wordpress.org/themes/expert-life-coach/,,7.2,20
expert-travel-vlogger,"Expert Travel Vlogger",11.8,11.7,https://downloads.wordpress.org/theme/expert-travel-vlogger.11.8.zip,"2026-05-01 09:50:28",https://wordpress.org/themes/expert-travel-vlogger/,,7.2,70
fitnote,FitNote,1.0.8,1.0.7,https://downloads.wordpress.org/theme/fitnote.1.0.8.zip,"2026-05-01 10:40:59",https://wordpress.org/themes/fitnote/,5.9,5.6,50
newsberry,NewsBerry,1.1.9,1.1.8,https://downloads.wordpress.org/theme/newsberry.1.1.9.zip,"2026-05-01 10:11:38",https://wordpress.org/themes/newsberry/,5.9,5.6,200
newspanda,NewsPanda,1.1.2,1.1.1,https://downloads.wordpress.org/theme/newspanda.1.1.2.zip,"2026-05-01 10:39:31",https://wordpress.org/themes/newspanda/,5.9,5.6,300
real-estate-developer,"Real Estate Developer",0.4.4,0.4.3,https://downloads.wordpress.org/theme/real-estate-developer.0.4.4.zip,"2026-05-01 10:12:40",https://wordpress.org/themes/real-estate-developer/,5.0,7.2,100
sportsx,SportsX,1.2.0,1.1.9,https://downloads.wordpress.org/theme/sportsx.1.2.0.zip,"2026-05-01 10:00:20",https://wordpress.org/themes/sportsx/,5.9,5.6,100
travel-booking-expert,"Travel Booking Expert",11.8,11.7,https://downloads.wordpress.org/theme/travel-booking-expert.11.8.zip,"2026-05-01 09:51:07",https://wordpress.org/themes/travel-booking-expert/,,7.2,50
trendingnews,TrendingNews,1.0.8,1.0.7,https://downloads.wordpress.org/theme/trendingnews.1.0.8.zip,"2026-05-01 10:37:57",https://wordpress.org/themes/trendingnews/,5.9,5.6,300
truthmag,TruthMag,1.1.1,1.1.0,https://downloads.wordpress.org/theme/truthmag.1.1.1.zip,"2026-05-01 10:42:25",https://wordpress.org/themes/truthmag/,5.9,5.6,60
truthnews,TruthNews,1.1.7,1.1.6,https://downloads.wordpress.org/theme/truthnews.1.1.7.zip,"2026-05-01 10:13:30",https://wordpress.org/themes/truthnews/,5.9,5.6,200
vacation-rental-expert,"Vacation Rental Expert",11.8,11.7,https://downloads.wordpress.org/theme/vacation-rental-expert.11.8.zip,"2026-05-01 09:51:22",https://wordpress.org/themes/vacation-rental-expert/,,7.2,40
vw-bakery,"VW Bakery",1.9.8,1.9.7,https://downloads.wordpress.org/theme/vw-bakery.1.9.8.zip,"2026-05-01 10:15:52",https://wordpress.org/themes/vw-bakery/,5.0,7.2,200
vw-book-store,"VW Book Store",1.7.5,1.7.4,https://downloads.wordpress.org/theme/vw-book-store.1.7.5.zip,"2026-05-01 10:12:58",https://wordpress.org/themes/vw-book-store/,5.0,7.2,300
vw-car-rental,"VW Car Rental",1.4.9,1.4.8,https://downloads.wordpress.org/theme/vw-car-rental.1.4.9.zip,"2026-05-01 10:17:16",https://wordpress.org/themes/vw-car-rental/,5.0,7.2,200
vw-charity-ngo,"VW Charity NGO",1.4.8,1.4.7,https://downloads.wordpress.org/theme/vw-charity-ngo.1.4.8.zip,"2026-05-01 10:17:57",https://wordpress.org/themes/vw-charity-ngo/,5.0,7.2,100
vw-eco-nature,"VW Eco Nature",1.5.3,1.5.2,https://downloads.wordpress.org/theme/vw-eco-nature.1.5.3.zip,"2026-05-01 10:15:22",https://wordpress.org/themes/vw-eco-nature/,5.0,7.2,500
vw-gardening-landscaping,"VW Gardening Landscaping",1.8.2,1.8.1,https://downloads.wordpress.org/theme/vw-gardening-landscaping.1.8.2.zip,"2026-05-01 10:19:34",https://wordpress.org/themes/vw-gardening-landscaping/,5.0,7.2,800
vw-gift-shop,"VW Gift Shop",0.6.3,0.6.2,https://downloads.wordpress.org/theme/vw-gift-shop.0.6.3.zip,"2026-05-01 10:20:02",https://wordpress.org/themes/vw-gift-shop/,5.0,7.2,100
vw-healthcare,"VW Healthcare",1.4.8,1.4.7,https://downloads.wordpress.org/theme/vw-healthcare.1.4.8.zip,"2026-05-01 10:34:21",https://wordpress.org/themes/vw-healthcare/,5.0,7.2,300
vw-hosting-services,"VW Hosting Services",0.6.5,0.6.4,https://downloads.wordpress.org/theme/vw-hosting-services.0.6.5.zip,"2026-05-01 10:18:34",https://wordpress.org/themes/vw-hosting-services/,5.0,7.2,300
vw-job-board,"VW Job Board",0.9.7,0.9.6,https://downloads.wordpress.org/theme/vw-job-board.0.9.7.zip,"2026-05-01 10:35:31",https://wordpress.org/themes/vw-job-board/,5.0,7.2,300
vw-kids,"VW Kids",1.6.8,1.6.7,https://downloads.wordpress.org/theme/vw-kids.1.6.8.zip,"2026-05-01 10:36:12",https://wordpress.org/themes/vw-kids/,5.0,7.2,500
vw-kindergarten,"VW Kindergarten",1.1.2,1.1.1,https://downloads.wordpress.org/theme/vw-kindergarten.1.1.2.zip,"2026-05-01 10:37:20",https://wordpress.org/themes/vw-kindergarten/,5.0,7.2,300
vw-logistics-shipping,"VW Logistics Shipping",0.6.6,0.6.5,https://downloads.wordpress.org/theme/vw-logistics-shipping.0.6.6.zip,"2026-05-01 10:38:53",https://wordpress.org/themes/vw-logistics-shipping/,5.0,7.2,200
vw-mobile-app,"VW Mobile App",1.6.1,1.6.0,https://downloads.wordpress.org/theme/vw-mobile-app.1.6.1.zip,"2026-05-01 10:40:14",https://wordpress.org/themes/vw-mobile-app/,5.0,7.2,300
vw-radio-station,"VW Radio Station",0.4.10,0.4.9,https://downloads.wordpress.org/theme/vw-radio-station.0.4.10.zip,"2026-05-01 10:41:08",https://wordpress.org/themes/vw-radio-station/,5.0,7.2,300
vw-solar-energy,"VW Solar Energy",1.6.2,1.6.1,https://downloads.wordpress.org/theme/vw-solar-energy.1.6.2.zip,"2026-05-01 10:41:30",https://wordpress.org/themes/vw-solar-energy/,5.0,7.2,300
vw-taxi-booking,"VW Taxi Booking",1.2.9,1.2.8,https://downloads.wordpress.org/theme/vw-taxi-booking.1.2.9.zip,"2026-05-01 10:42:32",https://wordpress.org/themes/vw-taxi-booking/,5.9,5.6,200
wild-safari-lite,"Wild Safari Lite",2.4,2.3,https://downloads.wordpress.org/theme/wild-safari-lite.2.4.zip,"2026-05-01 09:29:37",https://wordpress.org/themes/wild-safari-lite/,,5.6,100
woodworking-workshop,"Woodworking Workshop",8.4,8.3,https://downloads.wordpress.org/theme/woodworking-workshop.8.4.zip,"2026-05-01 09:51:57",https://wordpress.org/themes/woodworking-workshop/,,7.2,40
blognova,BlogNova,1.0.10,,https://downloads.wordpress.org/theme/blognova.1.0.10.zip,"2026-05-01 09:16:16",https://wordpress.org/themes/blognova/,6.0,7.4,0
blogspare,BlogSpare,1.0.0,,https://downloads.wordpress.org/theme/blogspare.1.0.0.zip,"2026-05-01 10:32:04",https://wordpress.org/themes/blogspare/,4.0,5.0,0
covixa,Covixa,1.0.0,,https://downloads.wordpress.org/theme/covixa.1.0.0.zip,"2026-05-01 09:32:10",https://wordpress.org/themes/covixa/,5.9,7.4,0
nxt-apostille,"NXT Apostille",1.1,,https://downloads.wordpress.org/theme/nxt-apostille.1.1.zip,"2026-05-01 09:16:24",https://wordpress.org/themes/nxt-apostille/,5.5,7.4,0
plumbing-mechanic,"Plumbing Mechanic",0.0.2,,https://downloads.wordpress.org/theme/plumbing-mechanic.0.0.2.zip,"2026-05-01 09:46:18",https://wordpress.org/themes/plumbing-mechanic/,6.2,7.2,0
urban-press,"Urban Press",1.0.3,,https://downloads.wordpress.org/theme/urban-press.1.0.3.zip,"2026-05-01 09:32:00",https://wordpress.org/themes/urban-press/,,5.3,0
wood-house-construction,"Wood House Construction",0.1.4,,https://downloads.wordpress.org/theme/wood-house-construction.0.1.4.zip,"2026-05-01 09:31:52",https://wordpress.org/themes/wood-house-construction/,5.0,7.2,0
aahana,Aahana,1.1,1.0.99,https://downloads.wordpress.org/theme/aahana.1.1.zip,"2026-05-01 12:04:32",https://wordpress.org/themes/aahana/,4.7,5.6,100
airin-blog,"Airin Blog",1.9.5,1.9.4,https://downloads.wordpress.org/theme/airin-blog.1.9.5.zip,"2026-05-01 11:14:28",https://wordpress.org/themes/airin-blog/,6.0,7.1,300
arvana,Arvana,1.1.23,1.1.22,https://downloads.wordpress.org/theme/arvana.1.1.23.zip,"2026-05-01 12:03:25",https://wordpress.org/themes/arvana/,4.7,5.6,90
arvita,Arvita,1.0.51,1.0.50,https://downloads.wordpress.org/theme/arvita.1.0.51.zip,"2026-05-01 12:05:31",https://wordpress.org/themes/arvita/,4.7,5.6,100
auru,Auru,1.1.20,1.1.19,https://downloads.wordpress.org/theme/auru.1.1.20.zip,"2026-05-01 12:04:03",https://wordpress.org/themes/auru/,4.7,5.6,200
bado-blog,"Bado Blog",1.4.12,1.4.11,https://downloads.wordpress.org/theme/bado-blog.1.4.12.zip,"2026-05-01 11:16:27",https://wordpress.org/themes/bado-blog/,6.0,7.1,300
celexo,Celexo,1.1.66,1.1.65,https://downloads.wordpress.org/theme/celexo.1.1.66.zip,"2026-05-01 11:59:49",https://wordpress.org/themes/celexo/,4.7,5.6,70
chitvi,Chitvi,1.1.64,1.1.63,https://downloads.wordpress.org/theme/chitvi.1.1.64.zip,"2026-05-01 12:00:20",https://wordpress.org/themes/chitvi/,4.7,5.6,100
cosmobit,Cosmobit,2.0.78,2.0.77,https://downloads.wordpress.org/theme/cosmobit.2.0.78.zip,"2026-05-01 11:59:00",https://wordpress.org/themes/cosmobit/,4.7,5.6,300
crombit,Crombit,1.0.74,1.0.73,https://downloads.wordpress.org/theme/crombit.1.0.74.zip,"2026-05-01 12:05:01",https://wordpress.org/themes/crombit/,4.7,5.6,60
dental-and-dentist-wda,"Dental and Dentist WDA",1.0.2,1.0.0,https://downloads.wordpress.org/theme/dental-and-dentist-wda.1.0.2.zip,"2026-05-01 11:10:21",https://wordpress.org/themes/dental-and-dentist-wda/,5.1,5.6,0
easywiz,EasyWiz,1.1.53,1.1.52,https://downloads.wordpress.org/theme/easywiz.1.1.53.zip,"2026-05-01 12:01:58",https://wordpress.org/themes/easywiz/,4.7,5.6,40
fastica,Fastica,1.1.58,1.1.57,https://downloads.wordpress.org/theme/fastica.1.1.58.zip,"2026-05-01 12:02:57",https://wordpress.org/themes/fastica/,4.7,5.6,100
flexora,Flexora,1.1.59,1.1.58,https://downloads.wordpress.org/theme/flexora.1.1.59.zip,"2026-05-01 12:00:54",https://wordpress.org/themes/flexora/,4.7,5.6,500
lazypress,LazyPress,1.1.52,1.1.51,https://downloads.wordpress.org/theme/lazypress.1.1.52.zip,"2026-05-01 12:02:28",https://wordpress.org/themes/lazypress/,4.7,5.6,80
modern-ecommerce,"Modern Ecommerce",9.1,8.9,https://downloads.wordpress.org/theme/modern-ecommerce.9.1.zip,"2026-05-01 11:18:54",https://wordpress.org/themes/modern-ecommerce/,5.0,5.6,100
nutrition-diet,"Nutrition Diet",6.9,6.8,https://downloads.wordpress.org/theme/nutrition-diet.6.9.zip,"2026-05-01 11:18:12",https://wordpress.org/themes/nutrition-diet/,5.0,5.6,70
organic-farm,"Organic Farm",3.9,3.8,https://downloads.wordpress.org/theme/organic-farm.3.9.zip,"2026-05-01 11:17:57",https://wordpress.org/themes/organic-farm/,5.0,5.6,600
organic-grocery,"Organic Grocery",6.4,6.3,https://downloads.wordpress.org/theme/organic-grocery.6.4.zip,"2026-05-01 11:17:08",https://wordpress.org/themes/organic-grocery/,5.0,5.6,100
personal-gym-trainer,"Personal Gym Trainer",6.6,6.4,https://downloads.wordpress.org/theme/personal-gym-trainer.6.6.zip,"2026-05-01 11:16:36",https://wordpress.org/themes/personal-gym-trainer/,5.0,5.6,20
seo-digital-marketing,"SEO Digital Marketing",5.4,5.3,https://downloads.wordpress.org/theme/seo-digital-marketing.5.4.zip,"2026-05-01 11:15:05",https://wordpress.org/themes/seo-digital-marketing/,5.0,5.6,100
shopper-ecommerce,"Shopper Ecommerce",7.0,6.8,https://downloads.wordpress.org/theme/shopper-ecommerce.7.0.zip,"2026-05-01 11:14:17",https://wordpress.org/themes/shopper-ecommerce/,5.0,5.6,100
solar-renewable-energy,"Solar Renewable Energy",5.5,5.4,https://downloads.wordpress.org/theme/solar-renewable-energy.5.5.zip,"2026-05-01 11:13:31",https://wordpress.org/themes/solar-renewable-energy/,5.0,5.6,100
storefront-ecommerce-shop,"Storefront Ecommerce Shop",5.5,5.3,https://downloads.wordpress.org/theme/storefront-ecommerce-shop.5.5.zip,"2026-05-01 11:13:03",https://wordpress.org/themes/storefront-ecommerce-shop/,5.0,5.6,100
thinity,Thinity,1.1.58,1.1.57,https://downloads.wordpress.org/theme/thinity.1.1.58.zip,"2026-05-01 12:01:22",https://wordpress.org/themes/thinity/,4.7,5.6,100
vw-tourism,"VW Tourism",0.4.4,0.4.3,https://downloads.wordpress.org/theme/vw-tourism.0.4.4.zip,"2026-05-01 10:43:26",https://wordpress.org/themes/vw-tourism/,5.0,7.2,400
vw-wholesaler,"VW Wholesaler",0.5.7,0.5.6,https://downloads.wordpress.org/theme/vw-wholesaler.0.5.7.zip,"2026-05-01 10:44:18",https://wordpress.org/themes/vw-wholesaler/,5.0,7.2,500
yoga-coach,"Yoga Coach",7.3,7.1,https://downloads.wordpress.org/theme/yoga-coach.7.3.zip,"2026-05-01 11:12:44",https://wordpress.org/themes/yoga-coach/,5.0,5.6,70
yoga-meditation,"Yoga Meditation",5.6,5.4,https://downloads.wordpress.org/theme/yoga-meditation.5.6.zip,"2026-05-01 11:12:08",https://wordpress.org/themes/yoga-meditation/,5.0,5.6,50
yoga-studio,"Yoga Studio",8.0,7.8,https://downloads.wordpress.org/theme/yoga-studio.8.0.zip,"2026-05-01 11:11:25",https://wordpress.org/themes/yoga-studio/,5.0,5.6,100
acronix,Acronix,2.0.9,2.0.8,https://downloads.wordpress.org/theme/acronix.2.0.9.zip,"2026-05-01 13:24:23",https://wordpress.org/themes/acronix/,,5.6,40
aera,Aera,18.5,18.4,https://downloads.wordpress.org/theme/aera.18.5.zip,"2026-05-01 13:23:10",https://wordpress.org/themes/aera/,4.7,5.6,400
ameya,Ameya,18.4,18.3,https://downloads.wordpress.org/theme/ameya.18.4.zip,"2026-05-01 13:20:02",https://wordpress.org/themes/ameya/,4.7,5.6,500
ampark,Ampark,18.3,18.2,https://downloads.wordpress.org/theme/ampark.18.3.zip,"2026-05-01 12:43:14",https://wordpress.org/themes/ampark/,4.7,5.6,100
arbuda,Arbuda,18.3,18.2,https://downloads.wordpress.org/theme/arbuda.18.3.zip,"2026-05-01 13:37:13",https://wordpress.org/themes/arbuda/,4.7,5.6,200
arowana,Arowana,19.3,19.2,https://downloads.wordpress.org/theme/arowana.19.3.zip,"2026-05-01 12:42:50",https://wordpress.org/themes/arowana/,4.7,5.6,300
avail,Avail,18.2,18.1,https://downloads.wordpress.org/theme/avail.18.2.zip,"2026-05-01 12:42:13",https://wordpress.org/themes/avail/,4.7,5.6,200
avenza,Avenza,2.1.2,2.1.1,https://downloads.wordpress.org/theme/avenza.2.1.2.zip,"2026-05-01 13:17:17",https://wordpress.org/themes/avenza/,,5.6,80
aviser,Aviser,18.2,18.1,https://downloads.wordpress.org/theme/aviser.18.2.zip,"2026-05-01 12:49:27",https://wordpress.org/themes/aviser/,4.7,5.6,200
avitech,Avitech,18.3,18.2,https://downloads.wordpress.org/theme/avitech.18.3.zip,"2026-05-01 13:14:40",https://wordpress.org/themes/avitech/,4.7,5.6,200
avtari,Avtari,18.3,18.2,https://downloads.wordpress.org/theme/avtari.18.3.zip,"2026-05-01 12:51:43",https://wordpress.org/themes/avtari/,4.7,5.6,100
axtia,Axtia,18.2,18.1,https://downloads.wordpress.org/theme/axtia.18.2.zip,"2026-05-01 12:47:54",https://wordpress.org/themes/axtia/,4.7,5.6,100
azwa,Azwa,18.4,18.3,https://downloads.wordpress.org/theme/azwa.18.4.zip,"2026-05-01 12:49:58",https://wordpress.org/themes/azwa/,4.7,5.6,200
belltech,Belltech,18.3,18.2,https://downloads.wordpress.org/theme/belltech.18.3.zip,"2026-05-01 13:36:36",https://wordpress.org/themes/belltech/,4.7,5.6,50
btravel,BTravel,1.2.5,1.2.4,https://downloads.wordpress.org/theme/btravel.1.2.5.zip,"2026-05-01 13:27:14",https://wordpress.org/themes/btravel/,,5.6,40
builderse,Builderse,16.7,16.6,https://downloads.wordpress.org/theme/builderse.16.7.zip,"2026-05-01 13:33:45",https://wordpress.org/themes/builderse/,4.7,5.6,100
cardiopress,CardioPress,10.7,10.6,https://downloads.wordpress.org/theme/cardiopress.10.7.zip,"2026-05-01 12:47:06",https://wordpress.org/themes/cardiopress/,4.7,5.6,100
colorflow,ColorFlow,7.7,7.6,https://downloads.wordpress.org/theme/colorflow.7.7.zip,"2026-05-01 13:28:29",https://wordpress.org/themes/colorflow/,4.7,5.6,40
comoxa,Comoxa,18.2,18.1,https://downloads.wordpress.org/theme/comoxa.18.2.zip,"2026-05-01 12:46:10",https://wordpress.org/themes/comoxa/,4.7,5.6,100
cormex,Cormex,10.8,10.7,https://downloads.wordpress.org/theme/cormex.10.8.zip,"2026-05-01 12:47:27",https://wordpress.org/themes/cormex/,,5.6,30
e-storefront,"E Storefront",3.1,3.0,https://downloads.wordpress.org/theme/e-storefront.3.1.zip,"2026-05-01 12:14:17",https://wordpress.org/themes/e-storefront/,5.0,7.2,100
engineering-manufacturing,"Engineering Manufacturing",6.0,5.9,https://downloads.wordpress.org/theme/engineering-manufacturing.6.0.zip,"2026-05-01 12:13:52",https://wordpress.org/themes/engineering-manufacturing/,5.0,7.2,50
entertainment-media,"Entertainment Media",6.3,6.2,https://downloads.wordpress.org/theme/entertainment-media.6.3.zip,"2026-05-01 12:13:23",https://wordpress.org/themes/entertainment-media/,5.0,7.2,100
eractor,Eractor,16.3,16.2,https://downloads.wordpress.org/theme/eractor.16.3.zip,"2026-05-01 13:25:34",https://wordpress.org/themes/eractor/,4.7,5.6,100
event-planning-management,"Event Planning Management",4.2,4.1,https://downloads.wordpress.org/theme/event-planning-management.4.2.zip,"2026-05-01 12:12:51",https://wordpress.org/themes/event-planning-management/,5.0,7.2,30
eventpress,EventPress,22.2,22.1,https://downloads.wordpress.org/theme/eventpress.22.2.zip,"2026-05-01 12:41:24",https://wordpress.org/themes/eventpress/,4.7,5.6,500
evion,Evion,8.8,8.7,https://downloads.wordpress.org/theme/evion.8.8.zip,"2026-05-01 12:45:11",https://wordpress.org/themes/evion/,4.7,5.6,10
fashion-designer-mart,"Fashion Designer Mart",5.8,5.7,https://downloads.wordpress.org/theme/fashion-designer-mart.5.8.zip,"2026-05-01 12:12:22",https://wordpress.org/themes/fashion-designer-mart/,5.0,7.2,40
fashion-footwear,"Fashion Footwear",6.4,6.3,https://downloads.wordpress.org/theme/fashion-footwear.6.4.zip,"2026-05-01 12:08:49",https://wordpress.org/themes/fashion-footwear/,5.0,7.2,40
feminine-store-rental,"Feminine Store Rental",1.1.2,1.1.1,https://downloads.wordpress.org/theme/feminine-store-rental.1.1.2.zip,"2026-05-01 12:08:25",https://wordpress.org/themes/feminine-store-rental/,6.0,5.6,60
fiona-news,"Fiona News",18.5,18.4,https://downloads.wordpress.org/theme/fiona-news.18.5.zip,"2026-05-01 13:24:52",https://wordpress.org/themes/fiona-news/,4.7,5.6,60
fish-aquarium,"Fish Aquarium",6.3,6.2,https://downloads.wordpress.org/theme/fish-aquarium.6.3.zip,"2026-05-01 12:07:44",https://wordpress.org/themes/fish-aquarium/,5.0,7.2,40
fresh-bakers,"Fresh Bakers",3.9,3.8,https://downloads.wordpress.org/theme/fresh-bakers.3.9.zip,"2026-05-01 12:11:25",https://wordpress.org/themes/fresh-bakers/,5.0,7.2,30
fse-corporate-business,"FSE Corporate Business",1.0.4,1.0.3,https://downloads.wordpress.org/theme/fse-corporate-business.1.0.4.zip,"2026-05-01 12:09:53",https://wordpress.org/themes/fse-corporate-business/,6.0,5.6,60
fse-handyman,"FSE Handyman",1.1.2,1.1.1,https://downloads.wordpress.org/theme/fse-handyman.1.1.2.zip,"2026-05-01 12:06:10",https://wordpress.org/themes/fse-handyman/,6.0,5.6,100
news25-breaking,"News25 Breaking",2.5,2.4,https://downloads.wordpress.org/theme/news25-breaking.2.5.zip,"2026-05-01 13:23:52",https://wordpress.org/themes/news25-breaking/,4.7,5.6,100
nexcraft-bpo,"Nexcraft BPO",9.2,9.1,https://downloads.wordpress.org/theme/nexcraft-bpo.9.2.zip,"2026-05-01 12:44:13",https://wordpress.org/themes/nexcraft-bpo/,,5.6,20
profolio,Profolio,10.4,10.3,https://downloads.wordpress.org/theme/profolio.10.4.zip,"2026-05-01 13:20:41",https://wordpress.org/themes/profolio/,,5.6,70
shadiant,Shadiant,7.3,7.2,https://downloads.wordpress.org/theme/shadiant.7.3.zip,"2026-05-01 12:46:34",https://wordpress.org/themes/shadiant/,4.7,5.6,10
startbiz,StartBiz,19.3,19.2,https://downloads.wordpress.org/theme/startbiz.19.3.zip,"2026-05-01 13:27:34",https://wordpress.org/themes/startbiz/,4.7,5.6,400
techine,Techine,18.3,18.2,https://downloads.wordpress.org/theme/techine.18.3.zip,"2026-05-01 13:18:26",https://wordpress.org/themes/techine/,4.7,5.6,100
thai-spa,"Thai Spa",18.5,18.4,https://downloads.wordpress.org/theme/thai-spa.18.5.zip,"2026-05-01 13:07:14",https://wordpress.org/themes/thai-spa/,4.7,5.6,300
timeblog,TimeBlog,14.5,14.4,https://downloads.wordpress.org/theme/timeblog.14.5.zip,"2026-05-01 13:21:12",https://wordpress.org/themes/timeblog/,4.7,5.6,100
varuda,Varuda,18.4,18.3,https://downloads.wordpress.org/theme/varuda.18.4.zip,"2026-05-01 13:26:02",https://wordpress.org/themes/varuda/,4.7,5.6,200
webaura,WebAura,2.8,2.7,https://downloads.wordpress.org/theme/webaura.2.8.zip,"2026-05-01 13:19:23",https://wordpress.org/themes/webaura/,4.7,5.6,80
webora,Webora,4.5,4.4,https://downloads.wordpress.org/theme/webora.4.5.zip,"2026-05-01 12:45:34",https://wordpress.org/themes/webora/,4.7,5.6,100
websy,Websy,4.5,4.4,https://downloads.wordpress.org/theme/websy.4.5.zip,"2026-05-01 13:15:17",https://wordpress.org/themes/websy/,4.7,5.6,200
abiz,Abiz,1.0.43,1.0.42,https://downloads.wordpress.org/theme/abiz.1.0.43.zip,"2026-05-01 14:43:45",https://wordpress.org/themes/abiz/,,5.4,600
altiva,Altiva,1.0.31,1.0.30,https://downloads.wordpress.org/theme/altiva.1.0.31.zip,"2026-05-01 14:42:12",https://wordpress.org/themes/altiva/,,5.4,100
alvert,Alvert,1.0.64,1.0.63,https://downloads.wordpress.org/theme/alvert.1.0.64.zip,"2026-05-01 14:29:16",https://wordpress.org/themes/alvert/,,5.4,200
arvina,Arvina,1.0.20,1.0.19,https://downloads.wordpress.org/theme/arvina.1.0.20.zip,"2026-05-01 14:35:50",https://wordpress.org/themes/arvina/,,5.4,400
avinex,Avinex,1.0.25,1.0.24,https://downloads.wordpress.org/theme/avinex.1.0.25.zip,"2026-05-01 14:39:10",https://wordpress.org/themes/avinex/,,5.4,300
avinza,Avinza,1.0.55,1.0.54,https://downloads.wordpress.org/theme/avinza.1.0.55.zip,"2026-05-01 14:49:52",https://wordpress.org/themes/avinza/,,5.4,200
avire,Avire,1.0.81,1.0.80,https://downloads.wordpress.org/theme/avire.1.0.81.zip,"2026-05-01 14:23:35",https://wordpress.org/themes/avire/,,5.4,200
bizvita,BizVita,1.0.6,1.0.5,https://downloads.wordpress.org/theme/bizvita.1.0.6.zip,"2026-05-01 14:31:26",https://wordpress.org/themes/bizvita/,,5.4,100
blocksy,Blocksy,2.1.40,2.1.39,https://downloads.wordpress.org/theme/blocksy.2.1.40.zip,"2026-05-01 14:50:46",https://wordpress.org/themes/blocksy/,6.5,7.0,300000
britely,Britely,1.0.48,1.0.47,https://downloads.wordpress.org/theme/britely.1.0.48.zip,"2026-05-01 14:44:35",https://wordpress.org/themes/britely/,,5.4,100
enovia,Enovia,1.0.89,1.0.88,https://downloads.wordpress.org/theme/enovia.1.0.89.zip,"2026-05-01 14:22:34",https://wordpress.org/themes/enovia/,,5.4,100
flectine,Flectine,1.0.48,1.0.47,https://downloads.wordpress.org/theme/flectine.1.0.48.zip,"2026-05-01 14:48:18",https://wordpress.org/themes/flectine/,,5.4,300
flecto,Flecto,1.0.76,1.0.75,https://downloads.wordpress.org/theme/flecto.1.0.76.zip,"2026-05-01 14:26:28",https://wordpress.org/themes/flecto/,,5.4,300
flixify,Flixify,1.0.79,1.0.78,https://downloads.wordpress.org/theme/flixify.1.0.79.zip,"2026-05-01 14:24:29",https://wordpress.org/themes/flixify/,,5.4,300
flixona,Flixona,1.0.21,1.0.20,https://downloads.wordpress.org/theme/flixona.1.0.21.zip,"2026-05-01 14:38:19",https://wordpress.org/themes/flixona/,,5.4,300
hf-lite,"HF Lite",1.2.3,1.2.2,https://downloads.wordpress.org/theme/hf-lite.1.2.3.zip,"2026-05-01 14:18:08",https://wordpress.org/themes/hf-lite/,6.0,7.4,10
online-courses-fse,"Online Courses FSE",1.0.3,1.0.2,https://downloads.wordpress.org/theme/online-courses-fse.1.0.3.zip,"2026-05-01 14:13:32",https://wordpress.org/themes/online-courses-fse/,6.9,5.7,900
quickbiz,QuickBiz,1.0.71,1.0.70,https://downloads.wordpress.org/theme/quickbiz.1.0.71.zip,"2026-05-01 14:27:52",https://wordpress.org/themes/quickbiz/,,5.4,300
quickify,Quickify,1.0.59,1.0.58,https://downloads.wordpress.org/theme/quickify.1.0.59.zip,"2026-05-01 14:50:59",https://wordpress.org/themes/quickify/,,5.4,200
quicksy,Quicksy,1.0.16,1.0.15,https://downloads.wordpress.org/theme/quicksy.1.0.16.zip,"2026-05-01 14:34:04",https://wordpress.org/themes/quicksy/,,5.4,100
zestify,Zestify,1.0.11,1.0.10,https://downloads.wordpress.org/theme/zestify.1.0.11.zip,"2026-05-01 14:32:31",https://wordpress.org/themes/zestify/,,5.4,100
covixa,Covixa,1.0.1,1.0.0,https://downloads.wordpress.org/theme/covixa.1.0.1.zip,"2026-05-01 16:08:46",https://wordpress.org/themes/covixa/,5.9,7.4,0
shopstore,shopstore,4.6.4,4.6.3,https://downloads.wordpress.org/theme/shopstore.4.6.4.zip,"2026-05-01 15:55:26",https://wordpress.org/themes/shopstore/,5.0,7.4,700
visa-consulting-service,"Visa Consulting Service",0.1.1,,https://downloads.wordpress.org/theme/visa-consulting-service.0.1.1.zip,"2026-05-01 15:32:20",https://wordpress.org/themes/visa-consulting-service/,5.0,7.2,0
business-consultant-finder,"Business Consultant Finder",2.6.3,2.6.2,https://downloads.wordpress.org/theme/business-consultant-finder.2.6.3.zip,"2026-05-01 16:10:51",https://wordpress.org/themes/business-consultant-finder/,5.0,7.0,200
grocery-store,"Grocery Store",1.4.5,1.4.4,https://downloads.wordpress.org/theme/grocery-store.1.4.5.zip,"2026-05-01 16:45:30",https://wordpress.org/themes/grocery-store/,5.0,7.0,200
bloglex,BlogLex,1.1.8,1.1.7,https://downloads.wordpress.org/theme/bloglex.1.1.8.zip,"2026-05-02 04:39:02",https://wordpress.org/themes/bloglex/,5.9,5.6,100
consted,Consted,1.2.6,1.2.5,https://downloads.wordpress.org/theme/consted.1.2.6.zip,"2026-05-02 05:40:40",https://wordpress.org/themes/consted/,5.0,7.4,200
editorial-news-agency,"Editorial News Agency",0.5.4,0.5.3,https://downloads.wordpress.org/theme/editorial-news-agency.0.5.4.zip,"2026-05-02 05:50:08",https://wordpress.org/themes/editorial-news-agency/,5.0,5.6,10
electronics-appliances,"Electronics Appliances",2.0.8,2.0.7,https://downloads.wordpress.org/theme/electronics-appliances.2.0.8.zip,"2026-05-02 04:14:32",https://wordpress.org/themes/electronics-appliances/,5.0,7.2,40
fashion-ecommerce-zone,"Fashion Ecommerce Zone",2.4.7,2.4.6,https://downloads.wordpress.org/theme/fashion-ecommerce-zone.2.4.7.zip,"2026-05-02 04:14:02",https://wordpress.org/themes/fashion-ecommerce-zone/,5.0,7.2,90
fashion-shop-storefront,"Fashion Shop Storefront",0.5.7,0.5.6,https://downloads.wordpress.org/theme/fashion-shop-storefront.0.5.7.zip,"2026-05-02 05:50:14",https://wordpress.org/themes/fashion-shop-storefront/,5.0,5.6,10
fitness-elementor,"Fitness Elementor",0.5.4,0.5.3,https://downloads.wordpress.org/theme/fitness-elementor.0.5.4.zip,"2026-05-02 05:50:23",https://wordpress.org/themes/fitness-elementor/,5.0,5.6,900
football-sports-club,"Football Sports Club",0.5.8,0.5.7,https://downloads.wordpress.org/theme/football-sports-club.0.5.8.zip,"2026-05-02 04:13:31",https://wordpress.org/themes/football-sports-club/,5.0,7.2,200
handyman-cleaning-service,"Handyman Cleaning Service",2.4.6,2.4.5,https://downloads.wordpress.org/theme/handyman-cleaning-service.2.4.6.zip,"2026-05-02 04:12:38",https://wordpress.org/themes/handyman-cleaning-service/,5.0,7.2,50
library-bookstore,"Library Bookstore",0.9.8,0.9.7,https://downloads.wordpress.org/theme/library-bookstore.0.9.8.zip,"2026-05-02 04:12:21",https://wordpress.org/themes/library-bookstore/,,7.2,200
medical-healthcare-elementor,"Medical Healthcare Elementor",0.5.8,0.5.7,https://downloads.wordpress.org/theme/medical-healthcare-elementor.0.5.8.zip,"2026-05-02 05:50:51",https://wordpress.org/themes/medical-healthcare-elementor/,5.0,5.6,200
ngo-non-profit,"NGO Non Profit",2.4.7,2.4.6,https://downloads.wordpress.org/theme/ngo-non-profit.2.4.7.zip,"2026-05-02 04:11:59",https://wordpress.org/themes/ngo-non-profit/,5.0,7.2,100
photographer-elementor,"Photographer Elementor",0.6.3,0.6.2,https://downloads.wordpress.org/theme/photographer-elementor.0.6.3.zip,"2026-05-02 05:51:04",https://wordpress.org/themes/photographer-elementor/,5.0,5.6,100
printing-press,"Printing Press",0.5.4,0.5.3,https://downloads.wordpress.org/theme/printing-press.0.5.4.zip,"2026-05-02 05:51:11",https://wordpress.org/themes/printing-press/,5.0,5.6,80
real-estate-builder,"Real Estate Builder",0.8.7,0.8.6,https://downloads.wordpress.org/theme/real-estate-builder.0.8.7.zip,"2026-05-02 04:11:14",https://wordpress.org/themes/real-estate-builder/,5.0,7.2,40
real-estate-escrow,"Real Estate Escrow",0.6.7,0.6.6,https://downloads.wordpress.org/theme/real-estate-escrow.0.6.7.zip,"2026-05-02 04:10:49",https://wordpress.org/themes/real-estate-escrow/,5.0,7.2,50
real-estate-management,"Real Estate Management",2.4.7,2.4.6,https://downloads.wordpress.org/theme/real-estate-management.2.4.7.zip,"2026-05-02 04:10:38",https://wordpress.org/themes/real-estate-management/,5.0,7.2,200
reportfolio,RePortfolio,1.0.4,1.0.3,https://downloads.wordpress.org/theme/reportfolio.1.0.4.zip,"2026-05-02 04:37:27",https://wordpress.org/themes/reportfolio/,5.9,5.6,60
scuba-diving-sport,"Scuba Diving Sport",0.5.9,0.5.8,https://downloads.wordpress.org/theme/scuba-diving-sport.0.5.9.zip,"2026-05-02 05:51:24",https://wordpress.org/themes/scuba-diving-sport/,5.0,5.6,90
seo-digital-agency,"SEO Digital Agency",0.5.2,0.5.1,https://downloads.wordpress.org/theme/seo-digital-agency.0.5.2.zip,"2026-05-02 05:51:33",https://wordpress.org/themes/seo-digital-agency/,5.0,5.6,30
shoes-store-elementor,"Shoes Store Elementor",0.5.7,0.5.6,https://downloads.wordpress.org/theme/shoes-store-elementor.0.5.7.zip,"2026-05-02 05:51:47",https://wordpress.org/themes/shoes-store-elementor/,5.0,5.6,100
soccer-football,"Soccer Football",1.9.6,1.9.5,https://downloads.wordpress.org/theme/soccer-football.1.9.6.zip,"2026-05-02 04:09:30",https://wordpress.org/themes/soccer-football/,5.0,7.2,100
startup-shop,"Startup Shop",1.3.7,1.3.6,https://downloads.wordpress.org/theme/startup-shop.1.3.7.zip,"2026-05-02 05:27:27",https://wordpress.org/themes/startup-shop/,5.0,7.0,300
tour-operator-agency,"Tour Operator Agency",0.7.8,0.7.7,https://downloads.wordpress.org/theme/tour-operator-agency.0.7.8.zip,"2026-05-02 04:09:48",https://wordpress.org/themes/tour-operator-agency/,,7.2,30
travel-hiking,"Travel Hiking",0.5.4,0.5.3,https://downloads.wordpress.org/theme/travel-hiking.0.5.4.zip,"2026-05-02 05:51:53",https://wordpress.org/themes/travel-hiking/,5.0,5.6,100
traveller-agency,"Traveller Agency",2.0.9,2.0.8,https://downloads.wordpress.org/theme/traveller-agency.2.0.9.zip,"2026-05-02 04:05:59",https://wordpress.org/themes/traveller-agency/,5.0,7.2,100
home-renovation,"Home Renovation",5.8,5.6,https://downloads.wordpress.org/theme/home-renovation.5.8.zip,"2026-05-02 08:41:55",https://wordpress.org/themes/home-renovation/,5.0,5.6,50
joyas-shop,"Joyas Shop",1.3.8,1.3.7,https://downloads.wordpress.org/theme/joyas-shop.1.3.8.zip,"2026-05-02 08:29:43",https://wordpress.org/themes/joyas-shop/,5.0,7.0,500
martial-arts-training,"Martial Arts Training",5.4,5.2,https://downloads.wordpress.org/theme/martial-arts-training.5.4.zip,"2026-05-02 08:40:43",https://wordpress.org/themes/martial-arts-training/,5.0,5.6,200
shopper-shop,"Shopper Shop",1.2.1,1.2.0,https://downloads.wordpress.org/theme/shopper-shop.1.2.1.zip,"2026-05-02 06:49:52",https://wordpress.org/themes/shopper-shop/,5.0,7.0,200
aasta-blog,"Aasta Blog",6.1,6.0,https://downloads.wordpress.org/theme/aasta-blog.6.1.zip,"2026-05-02 09:51:25",https://wordpress.org/themes/aasta-blog/,,5.6,100
aasta-light,"Aasta Light",11.3,11.2,https://downloads.wordpress.org/theme/aasta-light.11.3.zip,"2026-05-02 09:52:00",https://wordpress.org/themes/aasta-light/,,5.6,100
aasta,Aasta,13.6,13.5,https://downloads.wordpress.org/theme/aasta.13.6.zip,"2026-05-02 09:51:00",https://wordpress.org/themes/aasta/,,5.6,600
adventure-trekking-camp,"Adventure Trekking Camp",5.6,5.4,https://downloads.wordpress.org/theme/adventure-trekking-camp.5.6.zip,"2026-05-02 08:50:48",https://wordpress.org/themes/adventure-trekking-camp/,5.0,5.6,100
agencywp,AgencyWP,10.7,10.6,https://downloads.wordpress.org/theme/agencywp.10.7.zip,"2026-05-02 09:52:22",https://wordpress.org/themes/agencywp/,,5.6,100
agriculture-farming,"Agriculture Farming",6.1,5.9,https://downloads.wordpress.org/theme/agriculture-farming.6.1.zip,"2026-05-02 08:49:56",https://wordpress.org/themes/agriculture-farming/,5.0,5.6,200
appointech,Appointech,9.2,9.1,https://downloads.wordpress.org/theme/appointech.9.2.zip,"2026-05-02 09:52:47",https://wordpress.org/themes/appointech/,,5.6,90
architect-civil-engineer,"Architect Civil Engineer",5.3,5.1,https://downloads.wordpress.org/theme/architect-civil-engineer.5.3.zip,"2026-05-02 08:49:24",https://wordpress.org/themes/architect-civil-engineer/,5.0,5.6,40
architect-studio,"Architect Studio",8.5,8.4,https://downloads.wordpress.org/theme/architect-studio.8.5.zip,"2026-05-02 09:53:12",https://wordpress.org/themes/architect-studio/,,5.6,200
blockera,Blockera,1.0.0,0.0.3,https://downloads.wordpress.org/theme/blockera.1.0.0.zip,"2026-05-02 09:36:30",https://wordpress.org/themes/blockera/,6.3,7.4,20
builderzone,BuilderZone,5.7,5.6,https://downloads.wordpress.org/theme/builderzone.5.7.zip,"2026-05-02 09:53:40",https://wordpress.org/themes/builderzone/,,5.6,100
building-construction-lite,"Building Construction Lite",6.3,6.1,https://downloads.wordpress.org/theme/building-construction-lite.6.3.zip,"2026-05-02 08:48:47",https://wordpress.org/themes/building-construction-lite/,5.0,5.6,70
businesscore,BusinessCore,2.0,1.9,https://downloads.wordpress.org/theme/businesscore.2.0.zip,"2026-05-02 09:54:03",https://wordpress.org/themes/businesscore/,,5.6,100
businesslab,BusinessLab,6.6,6.5,https://downloads.wordpress.org/theme/businesslab.6.6.zip,"2026-05-02 09:54:27",https://wordpress.org/themes/businesslab/,,5.6,200
businesstek,Businesstek,3.2,3.1,https://downloads.wordpress.org/theme/businesstek.3.2.zip,"2026-05-02 09:54:51",https://wordpress.org/themes/businesstek/,,5.6,70
construction-firm,"Construction Firm",9.6,9.5,https://downloads.wordpress.org/theme/construction-firm.9.6.zip,"2026-05-02 08:48:31",https://wordpress.org/themes/construction-firm/,5.0,5.6,90
consultexo,Consultexo,9.6,9.5,https://downloads.wordpress.org/theme/consultexo.9.6.zip,"2026-05-02 09:55:21",https://wordpress.org/themes/consultexo/,,5.6,100
electrician-services,"Electrician Services",5.8,5.7,https://downloads.wordpress.org/theme/electrician-services.5.8.zip,"2026-05-02 08:48:01",https://wordpress.org/themes/electrician-services/,5.0,5.6,90
fashion-designer-studio,"Fashion Designer Studio",5.9,5.8,https://downloads.wordpress.org/theme/fashion-designer-studio.5.9.zip,"2026-05-02 08:47:37",https://wordpress.org/themes/fashion-designer-studio/,5.0,5.6,70
fashion-stylist-lite,"Fashion Stylist Lite",5.6,5.5,https://downloads.wordpress.org/theme/fashion-stylist-lite.5.6.zip,"2026-05-02 08:46:47",https://wordpress.org/themes/fashion-stylist-lite/,5.0,5.6,50
fitmeal-dietitian,"Fitmeal Dietitian",6.1,6.0,https://downloads.wordpress.org/theme/fitmeal-dietitian.6.1.zip,"2026-05-02 08:46:25",https://wordpress.org/themes/fitmeal-dietitian/,5.0,5.6,80
fitness-insight,"Fitness Insight",9.0,8.8,https://downloads.wordpress.org/theme/fitness-insight.9.0.zip,"2026-05-02 08:46:08",https://wordpress.org/themes/fitness-insight/,5.0,5.6,100
fitness-life-coach,"Fitness Life Coach",4.1,4.0,https://downloads.wordpress.org/theme/fitness-life-coach.4.1.zip,"2026-05-02 08:45:35",https://wordpress.org/themes/fitness-life-coach/,,5.6,40
globalhub,GlobalHub,4.5,4.4,https://downloads.wordpress.org/theme/globalhub.4.5.zip,"2026-05-02 09:56:31",https://wordpress.org/themes/globalhub/,,5.6,80
green-farm,"Green Farm",7.1,7.0,https://downloads.wordpress.org/theme/green-farm.7.1.zip,"2026-05-02 08:44:45",https://wordpress.org/themes/green-farm/,5.0,5.6,300
hartford,Hartford,4.4,4.3,https://downloads.wordpress.org/theme/hartford.4.4.zip,"2026-05-02 09:56:57",https://wordpress.org/themes/hartford/,,5.6,100
home-maintenance-services,"Home Maintenance Services",5.4,5.3,https://downloads.wordpress.org/theme/home-maintenance-services.5.4.zip,"2026-05-02 08:43:34",https://wordpress.org/themes/home-maintenance-services/,,5.6,70
house-decor,"House Decor",3.8,3.7,https://downloads.wordpress.org/theme/house-decor.3.8.zip,"2026-05-02 09:57:25",https://wordpress.org/themes/house-decor/,,5.6,200
interiorhub,InteriorHub,10.5,10.4,https://downloads.wordpress.org/theme/interiorhub.10.5.zip,"2026-05-02 09:57:56",https://wordpress.org/themes/interiorhub/,,5.6,200
scottstreet,ScottStreet,1.7,1.6,https://downloads.wordpress.org/theme/scottstreet.1.7.zip,"2026-05-02 09:58:36",https://wordpress.org/themes/scottstreet/,,5.6,40
stockpress,StockPress,7.5,7.4,https://downloads.wordpress.org/theme/stockpress.7.5.zip,"2026-05-02 09:59:31",https://wordpress.org/themes/stockpress/,,5.6,100
adventure-travelling,"Adventure Travelling",6.4,6.3,https://downloads.wordpress.org/theme/adventure-travelling.6.4.zip,"2026-05-02 11:12:42",https://wordpress.org/themes/adventure-travelling/,5.0,5.6,300
author-writer,"Author Writer",4.7,4.6,https://downloads.wordpress.org/theme/author-writer.4.7.zip,"2026-05-02 11:12:20",https://wordpress.org/themes/author-writer/,5.0,5.6,200
auto-dealer-lite,"Auto Dealer Lite",7.8,7.7,https://downloads.wordpress.org/theme/auto-dealer-lite.7.8.zip,"2026-05-02 11:11:47",https://wordpress.org/themes/auto-dealer-lite/,5.0,5.6,80
automobile-hub,"Automobile Hub",10.2,10.1,https://downloads.wordpress.org/theme/automobile-hub.10.2.zip,"2026-05-02 11:11:35",https://wordpress.org/themes/automobile-hub/,5.0,5.6,800
construction-hub,"Construction Hub",5.2,5.1,https://downloads.wordpress.org/theme/construction-hub.5.2.zip,"2026-05-02 11:11:21",https://wordpress.org/themes/construction-hub/,5.0,5.6,200
educational-institute,"Educational Institute",6.0,5.9,https://downloads.wordpress.org/theme/educational-institute.6.0.zip,"2026-05-02 11:10:50",https://wordpress.org/themes/educational-institute/,5.0,5.6,90
elearning-education,"eLearning Education",2.6,2.5,https://downloads.wordpress.org/theme/elearning-education.2.6.zip,"2026-05-02 11:10:32",https://wordpress.org/themes/elearning-education/,5.0,5.6,300
eventpress,EventPress,22.3,22.2,https://downloads.wordpress.org/theme/eventpress.22.3.zip,"2026-05-02 11:30:29",https://wordpress.org/themes/eventpress/,4.7,5.6,500
film-maker-lite,"Film Maker Lite",7.2,7.1,https://downloads.wordpress.org/theme/film-maker-lite.7.2.zip,"2026-05-02 11:09:59",https://wordpress.org/themes/film-maker-lite/,5.0,5.6,400
green-nursery,"Green Nursery",1.0.1,1.0.0,https://downloads.wordpress.org/theme/green-nursery.1.0.1.zip,"2026-05-02 11:42:37",https://wordpress.org/themes/green-nursery/,5.3,5.6,20
laboratory-pharmacy-store,"Laboratory Pharmacy Store",6.0,5.9,https://downloads.wordpress.org/theme/laboratory-pharmacy-store.6.0.zip,"2026-05-02 11:08:22",https://wordpress.org/themes/laboratory-pharmacy-store/,5.0,5.6,100
lawyer-hub,"Lawyer Hub",5.2,5.1,https://downloads.wordpress.org/theme/lawyer-hub.5.2.zip,"2026-05-02 11:08:12",https://wordpress.org/themes/lawyer-hub/,5.0,5.6,90
online-courses-hub,"Online Courses Hub",6.0,5.9,https://downloads.wordpress.org/theme/online-courses-hub.6.0.zip,"2026-05-02 11:07:27",https://wordpress.org/themes/online-courses-hub/,5.0,5.6,90
online-pharmacy,"Online Pharmacy",7.0,6.9,https://downloads.wordpress.org/theme/online-pharmacy.7.0.zip,"2026-05-02 11:07:07",https://wordpress.org/themes/online-pharmacy/,5.0.1,5.6,200
travel-agent,"Travel Agent",6.8,6.7,https://downloads.wordpress.org/theme/travel-agent.6.8.zip,"2026-05-02 11:06:32",https://wordpress.org/themes/travel-agent/,5.0,5.6,100
travel-hub,"Travel Hub",8.3,8.2,https://downloads.wordpress.org/theme/travel-hub.8.3.zip,"2026-05-02 11:06:03",https://wordpress.org/themes/travel-hub/,5.0,5.6,90
syrus,Syrus,2.4.1,2.4.0,https://downloads.wordpress.org/theme/syrus.2.4.1.zip,"2026-05-02 12:43:20",https://wordpress.org/themes/syrus/,5.3,8.0,40
carpenter-wood-works,"Carpenter Wood Works",14.0,13.0,https://downloads.wordpress.org/theme/carpenter-wood-works.14.0.zip,"2026-05-02 14:17:08",https://wordpress.org/themes/carpenter-wood-works/,,7.4,10
food-recipes,"Food Recipes",2.0.0,1.6.0,https://downloads.wordpress.org/theme/food-recipes.2.0.0.zip,"2026-05-02 14:51:53",https://wordpress.org/themes/food-recipes/,6.0,8.2,200
farm-store,"Farm Store",2.2.1,2.2.0,https://downloads.wordpress.org/theme/farm-store.2.2.1.zip,"2026-05-02 15:27:57",https://wordpress.org/themes/farm-store/,5.0,7.0,200
emart-shop,"eMart Shop",1.3.6,1.3.5,https://downloads.wordpress.org/theme/emart-shop.1.3.6.zip,"2026-05-02 16:38:17",https://wordpress.org/themes/emart-shop/,5.0,7.0,300
personal-cv-resume,"Personal CV Resume",1.2.4,1.2.3,https://downloads.wordpress.org/theme/personal-cv-resume.1.2.4.zip,"2026-05-02 16:54:08",https://wordpress.org/themes/personal-cv-resume/,5.0,7.0,900
advance-blog,"Advance Blog",1.3.4,1.3.3,https://downloads.wordpress.org/theme/advance-blog.1.3.4.zip,"2026-05-02 18:47:20",https://wordpress.org/themes/advance-blog/,5.3,5.5,200
apparel-store,"Apparel Store",1.1.5,1.1.4,https://downloads.wordpress.org/theme/apparel-store.1.1.5.zip,"2026-05-02 18:45:50",https://wordpress.org/themes/apparel-store/,5.0,7.0,100
fastest-store,"Fastest Store",1.1.8,1.1.7,https://downloads.wordpress.org/theme/fastest-store.1.1.8.zip,"2026-05-02 18:32:48",https://wordpress.org/themes/fastest-store/,5.0,7.0,100
minimal-blog,"Minimal Blog",1.3.7,1.3.6,https://downloads.wordpress.org/theme/minimal-blog.1.3.7.zip,"2026-05-02 18:46:19",https://wordpress.org/themes/minimal-blog/,5.3,5.5,400
retro-blog,"Retro Blog",1.3.1,1.3.0,https://downloads.wordpress.org/theme/retro-blog.1.3.1.zip,"2026-05-02 18:44:57",https://wordpress.org/themes/retro-blog/,5.3,5.5,100
animal-pet-care,"Animal Pet Care",0.7.6,0.7.5,https://downloads.wordpress.org/theme/animal-pet-care.0.7.6.zip,"2026-05-03 02:04:44",https://wordpress.org/themes/animal-pet-care/,5.0,7.2,60
architect-engineer,"Architect Engineer",2.4.5,2.4.4,https://downloads.wordpress.org/theme/architect-engineer.2.4.5.zip,"2026-05-03 02:05:06",https://wordpress.org/themes/architect-engineer/,5.0,7.2,70
barista-coffee-shop,"Barista Coffee Shop",2.4.6,2.4.5,https://downloads.wordpress.org/theme/barista-coffee-shop.2.4.6.zip,"2026-05-03 02:04:02",https://wordpress.org/themes/barista-coffee-shop/,5.0,7.2,100
cake-shop-bakery,"Cake Shop Bakery",2.4.6,2.4.5,https://downloads.wordpress.org/theme/cake-shop-bakery.2.4.6.zip,"2026-05-03 02:02:22",https://wordpress.org/themes/cake-shop-bakery/,5.0,7.2,100
computer-repair-services,"Computer Repair Services",2.4.7,2.4.6,https://downloads.wordpress.org/theme/computer-repair-services.2.4.7.zip,"2026-05-03 02:00:56",https://wordpress.org/themes/computer-repair-services/,5.0,7.2,90
elearning-online-courses,"Elearning Online Courses",1.5.3,1.5.2,https://downloads.wordpress.org/theme/elearning-online-courses.1.5.3.zip,"2026-05-03 01:59:50",https://wordpress.org/themes/elearning-online-courses/,,7.2,60
portfolico,Portfolico,1.0.5,1.0.4,https://downloads.wordpress.org/theme/portfolico.1.0.5.zip,"2026-05-03 05:55:23",https://wordpress.org/themes/portfolico/,5.9,5.6,50
auto-parts-store,"Auto Parts Store",1.1.4,1.1.3,https://downloads.wordpress.org/theme/auto-parts-store.1.1.4.zip,"2026-05-03 08:24:58",https://wordpress.org/themes/auto-parts-store/,5.0,7.0,100
blogaura,BlogAura,1.0.8,1.0.7,https://downloads.wordpress.org/theme/blogaura.1.0.8.zip,"2026-05-03 08:22:47",https://wordpress.org/themes/blogaura/,5.9,5.6,200
blogbull,BlogBull,1.1.2,1.1.1,https://downloads.wordpress.org/theme/blogbull.1.1.2.zip,"2026-05-03 08:21:07",https://wordpress.org/themes/blogbull/,5.9,5.6,90
joyas-clothes,"Joyas Clothes",1.0.9,1.0.8,https://downloads.wordpress.org/theme/joyas-clothes.1.0.9.zip,"2026-05-03 10:03:32",https://wordpress.org/themes/joyas-clothes/,5.0,5.6,70
bc-consulting,"BC Consulting",1.1.4,1.1.3,https://downloads.wordpress.org/theme/bc-consulting.1.1.4.zip,"2026-05-03 15:47:46",https://wordpress.org/themes/bc-consulting/,6.0.0,7.0,300
food-recipes,"Food Recipes",2.0.1,2.0.0,https://downloads.wordpress.org/theme/food-recipes.2.0.1.zip,"2026-05-03 17:16:36",https://wordpress.org/themes/food-recipes/,6.0,8.2,200
blogarise,BlogArise,1.6.2,1.6.1,https://downloads.wordpress.org/theme/blogarise.1.6.2.zip,"2026-05-04 01:09:28",https://wordpress.org/themes/blogarise/,6.7,7.4,4000
blogdata,BlogData,1.8.0,1.7.9,https://downloads.wordpress.org/theme/blogdata.1.8.0.zip,"2026-05-04 01:13:29",https://wordpress.org/themes/blogdata/,6.7,7.4,2000
blogus,Blogus,2.9.5,2.9.4,https://downloads.wordpress.org/theme/blogus.2.9.5.zip,"2026-05-04 01:08:07",https://wordpress.org/themes/blogus/,6.7,7.4,10000
book-publisher,"Book Publisher",0.6.3,0.6.2,https://downloads.wordpress.org/theme/book-publisher.0.6.3.zip,"2026-05-04 03:54:41",https://wordpress.org/themes/book-publisher/,5.0,7.2,100
business-lawyer-firm,"Business Lawyer Firm",0.6.7,0.6.6,https://downloads.wordpress.org/theme/business-lawyer-firm.0.6.7.zip,"2026-05-04 03:54:31",https://wordpress.org/themes/business-lawyer-firm/,5.0,7.2,60
crowdfunding-donation,"Crowdfunding Donation",0.7.4,0.7.3,https://downloads.wordpress.org/theme/crowdfunding-donation.0.7.4.zip,"2026-05-04 03:29:51",https://wordpress.org/themes/crowdfunding-donation/,5.0,7.2,40
digi-restaurant,"Digi Restaurant",0.7.9,0.7.8,https://downloads.wordpress.org/theme/digi-restaurant.0.7.9.zip,"2026-05-04 03:54:04",https://wordpress.org/themes/digi-restaurant/,5.0,7.2,60
digital-storefront,"Digital Storefront",0.7.9,0.7.8,https://downloads.wordpress.org/theme/digital-storefront.0.7.9.zip,"2026-05-04 03:53:51",https://wordpress.org/themes/digital-storefront/,5.0,7.2,90
fashion-blogs,"Fashion Blogs",0.5.6,0.5.5,https://downloads.wordpress.org/theme/fashion-blogs.0.5.6.zip,"2026-05-04 03:29:36",https://wordpress.org/themes/fashion-blogs/,5.0,7.2,80
gardener-lite,"Gardener Lite",0.5.9,0.5.8,https://downloads.wordpress.org/theme/gardener-lite.0.5.9.zip,"2026-05-04 03:28:47",https://wordpress.org/themes/gardener-lite/,5.0,7.2,60
hotel-booking-lite,"Hotel Booking Lite",2.4.2,2.4.1,https://downloads.wordpress.org/theme/hotel-booking-lite.2.4.2.zip,"2026-05-04 03:28:31",https://wordpress.org/themes/hotel-booking-lite/,5.0,7.2,100
kids-gift-shop,"Kids Gift Shop",0.5.6,0.5.5,https://downloads.wordpress.org/theme/kids-gift-shop.0.5.6.zip,"2026-05-04 03:28:02",https://wordpress.org/themes/kids-gift-shop/,5.0,7.2,90
mobile-repair-zone,"Mobile Repair Zone",2.5.0,2.4.9,https://downloads.wordpress.org/theme/mobile-repair-zone.2.5.0.zip,"2026-05-04 03:27:38",https://wordpress.org/themes/mobile-repair-zone/,5.0,7.2,40
newsair,Newsair,2.2.4,2.2.3,https://downloads.wordpress.org/theme/newsair.2.2.4.zip,"2026-05-04 01:10:37",https://wordpress.org/themes/newsair/,6.7,7.4,1000
newspaperup,Newspaperup,1.7.3,1.7.2,https://downloads.wordpress.org/theme/newspaperup.1.7.3.zip,"2026-05-04 01:11:19",https://wordpress.org/themes/newspaperup/,6.7,7.4,1000
newsup,Newsup,5.3.7,5.3.6,https://downloads.wordpress.org/theme/newsup.5.3.7.zip,"2026-05-04 01:07:09",https://wordpress.org/themes/newsup/,6.7,7.4,10000
newsxo,Newsxo,1.5.0,1.4.9,https://downloads.wordpress.org/theme/newsxo.1.5.0.zip,"2026-05-04 01:12:41",https://wordpress.org/themes/newsxo/,6.7,7.4,900
retailer-market,"Retailer Market",2.4.5,2.4.4,https://downloads.wordpress.org/theme/retailer-market.2.4.5.zip,"2026-05-04 03:27:13",https://wordpress.org/themes/retailer-market/,5.0,7.2,10
smart-cleaning-company,"Smart Cleaning Company",2.4.8,2.4.7,https://downloads.wordpress.org/theme/smart-cleaning-company.2.4.8.zip,"2026-05-04 03:26:54",https://wordpress.org/themes/smart-cleaning-company/,5.0,7.2,80
supermarket-zone,"Supermarket Zone",2.4.9,2.4.8,https://downloads.wordpress.org/theme/supermarket-zone.2.4.9.zip,"2026-05-04 03:26:33",https://wordpress.org/themes/supermarket-zone/,5.0,7.2,60
tutor-academy,"Tutor Academy",2.5.0,2.4.9,https://downloads.wordpress.org/theme/tutor-academy.2.5.0.zip,"2026-05-04 03:26:05",https://wordpress.org/themes/tutor-academy/,5.0,7.2,50
warehouse-cargo,"Warehouse Cargo",2.6.4,2.6.3,https://downloads.wordpress.org/theme/warehouse-cargo.2.6.4.zip,"2026-05-04 03:25:37",https://wordpress.org/themes/warehouse-cargo/,5.0,7.2,100
ignite-grocery,"Ignite Grocery",1.1,,https://downloads.wordpress.org/theme/ignite-grocery.1.1.zip,"2026-05-04 03:16:05",https://wordpress.org/themes/ignite-grocery/,,7.0,0
minimalistic-portfolio,"Minimalistic Portfolio",1.0.1,,https://downloads.wordpress.org/theme/minimalistic-portfolio.1.0.1.zip,"2026-05-04 03:46:24",https://wordpress.org/themes/minimalistic-portfolio/,6.0,5.6,0
bc-store,"BC Store",1.0.7,1.0.6,https://downloads.wordpress.org/theme/bc-store.1.0.7.zip,"2026-05-04 04:32:46",https://wordpress.org/themes/bc-store/,5.0,7.0,100
business-directory-elementor,"Business Directory Elementor",0.6.6,0.6.5,https://downloads.wordpress.org/theme/business-directory-elementor.0.6.6.zip,"2026-05-04 04:37:25",https://wordpress.org/themes/business-directory-elementor/,5.0,5.6,100
corporate-businessmen,"Corporate Businessmen",2.8,2.7,https://downloads.wordpress.org/theme/corporate-businessmen.2.8.zip,"2026-05-04 04:44:14",https://wordpress.org/themes/corporate-businessmen/,5.5,5.6,70
coworking-office,"Coworking Office",0.0.3,0.0.2,https://downloads.wordpress.org/theme/coworking-office.0.0.3.zip,"2026-05-04 04:44:49",https://wordpress.org/themes/coworking-office/,6.2,7.2,30
demolition-contractor,"Demolition Contractor",1.9,1.8,https://downloads.wordpress.org/theme/demolition-contractor.1.9.zip,"2026-05-04 04:45:48",https://wordpress.org/themes/demolition-contractor/,5.5,5.6,100
digital-marketing-elementor,"Digital Marketing Elementor",0.6.4,0.6.3,https://downloads.wordpress.org/theme/digital-marketing-elementor.0.6.4.zip,"2026-05-04 04:37:33",https://wordpress.org/themes/digital-marketing-elementor/,5.0,5.6,80
editor-news,"Editor News",2.4,2.3,https://downloads.wordpress.org/theme/editor-news.2.4.zip,"2026-05-04 06:28:23",https://wordpress.org/themes/editor-news/,,5.6,800
elemento-startup,"Elemento Startup",0.6.5,0.6.4,https://downloads.wordpress.org/theme/elemento-startup.0.6.5.zip,"2026-05-04 04:37:55",https://wordpress.org/themes/elemento-startup/,5.0,5.6,10
financial-advisor,"Financial Advisor",1.9,1.8,https://downloads.wordpress.org/theme/financial-advisor.1.9.zip,"2026-05-04 04:47:41",https://wordpress.org/themes/financial-advisor/,5.5,5.6,90
frankfurt-news,"Frankfurt News",1.9,1.8,https://downloads.wordpress.org/theme/frankfurt-news.1.9.zip,"2026-05-04 06:28:51",https://wordpress.org/themes/frankfurt-news/,,5.6,1000
green-farm-elementor,"Green Farm Elementor",0.7.4,0.7.3,https://downloads.wordpress.org/theme/green-farm-elementor.0.7.4.zip,"2026-05-04 04:38:10",https://wordpress.org/themes/green-farm-elementor/,5.0,5.6,400
industrial-services-elementor,"Industrial Services Elementor",0.6.3,0.6.2,https://downloads.wordpress.org/theme/industrial-services-elementor.0.6.3.zip,"2026-05-04 04:38:20",https://wordpress.org/themes/industrial-services-elementor/,5.0,5.6,200
irvine-news,"Irvine News",2.8,2.7,https://downloads.wordpress.org/theme/irvine-news.2.8.zip,"2026-05-04 06:29:19",https://wordpress.org/themes/irvine-news/,,5.6,600
jetnews-magazine,"JetNews Magazine",1.0.6,1.0.5,https://downloads.wordpress.org/theme/jetnews-magazine.1.0.6.zip,"2026-05-04 05:48:41",https://wordpress.org/themes/jetnews-magazine/,5.9,7.3,200
joyas-decor-shop,"Joyas Decor Shop",1.0.8,1.0.7,https://downloads.wordpress.org/theme/joyas-decor-shop.1.0.8.zip,"2026-05-04 04:12:02",https://wordpress.org/themes/joyas-decor-shop/,5.0,7.0,300
legacy-beauty-center,"Legacy Beauty Center",1.9,1.8,https://downloads.wordpress.org/theme/legacy-beauty-center.1.9.zip,"2026-05-04 04:49:25",https://wordpress.org/themes/legacy-beauty-center/,5.5,5.6,100
legacy-cleaning-company,"Legacy Cleaning Company",0.0.6,0.0.5,https://downloads.wordpress.org/theme/legacy-cleaning-company.0.0.6.zip,"2026-05-04 04:50:06",https://wordpress.org/themes/legacy-cleaning-company/,6.2,7.2,40
legacy-preschool-kindergarten,"Legacy Preschool Kindergarten",0.1.0,0.0.9,https://downloads.wordpress.org/theme/legacy-preschool-kindergarten.0.1.0.zip,"2026-05-04 04:50:48",https://wordpress.org/themes/legacy-preschool-kindergarten/,6.2,7.2,80
medford-news,"Medford News",2.4,2.3,https://downloads.wordpress.org/theme/medford-news.2.4.zip,"2026-05-04 06:29:43",https://wordpress.org/themes/medford-news/,,5.6,400
news-digest,"News Digest",5.7,5.6,https://downloads.wordpress.org/theme/news-digest.5.7.zip,"2026-05-04 06:38:41",https://wordpress.org/themes/news-digest/,,5.6,400
news-gadgets,"News Gadgets",3.2,3.1,https://downloads.wordpress.org/theme/news-gadgets.3.2.zip,"2026-05-04 06:31:52",https://wordpress.org/themes/news-gadgets/,,5.6,500
news-mart,"News Mart",1.5,1.4,https://downloads.wordpress.org/theme/news-mart.1.5.zip,"2026-05-04 06:33:41",https://wordpress.org/themes/news-mart/,,5.6,1000
newscorn,NewsCorn,4.6,4.5,https://downloads.wordpress.org/theme/newscorn.4.6.zip,"2026-05-04 06:30:23",https://wordpress.org/themes/newscorn/,,5.6,200
newsexo,NewsExo,7.4,7.3,https://downloads.wordpress.org/theme/newsexo.7.4.zip,"2026-05-04 06:31:29",https://wordpress.org/themes/newsexo/,,5.6,2000
newsio,Newsio,6.1,6.0,https://downloads.wordpress.org/theme/newsio.6.1.zip,"2026-05-04 06:32:23",https://wordpress.org/themes/newsio/,,5.6,700
provo-news,"Provo News",4.1,4.0,https://downloads.wordpress.org/theme/provo-news.4.1.zip,"2026-05-04 06:34:04",https://wordpress.org/themes/provo-news/,,5.6,500
saaslauncher,SaasLauncher,1.3.3,1.3.2,https://downloads.wordpress.org/theme/saaslauncher.1.3.3.zip,"2026-05-04 04:32:49",https://wordpress.org/themes/saaslauncher/,5.9,7.0,5000
seattle-news,"Seattle News",3.8,3.7,https://downloads.wordpress.org/theme/seattle-news.3.8.zip,"2026-05-04 06:34:28",https://wordpress.org/themes/seattle-news/,,5.6,1000
software-company-elementor,"Software Company Elementor",0.6.2,0.6.1,https://downloads.wordpress.org/theme/software-company-elementor.0.6.2.zip,"2026-05-04 04:38:45",https://wordpress.org/themes/software-company-elementor/,5.0,5.6,90
transport-carrier,"Transport Carrier",0.0.3,0.0.1,https://downloads.wordpress.org/theme/transport-carrier.0.0.3.zip,"2026-05-04 04:51:27",https://wordpress.org/themes/transport-carrier/,6.2,7.2,20
web-agency-elementor,"Web Agency Elementor",0.6.0,0.5.9,https://downloads.wordpress.org/theme/web-agency-elementor.0.6.0.zip,"2026-05-04 04:38:53",https://wordpress.org/themes/web-agency-elementor/,5.0,5.6,100
web-designer-elementor,"Web Designer Elementor",0.6.2,0.6.1,https://downloads.wordpress.org/theme/web-designer-elementor.0.6.2.zip,"2026-05-04 04:39:05",https://wordpress.org/themes/web-designer-elementor/,5.0,5.6,100
web-developer-elementor,"Web Developer Elementor",0.6.0,0.5.9,https://downloads.wordpress.org/theme/web-developer-elementor.0.6.0.zip,"2026-05-04 04:39:14",https://wordpress.org/themes/web-developer-elementor/,5.0,5.6,100
woxstore,WoxStore,1.0.8,1.0.7,https://downloads.wordpress.org/theme/woxstore.1.0.8.zip,"2026-05-04 06:14:36",https://wordpress.org/themes/woxstore/,5.9,7.4,300
anime-stream,"Anime Stream",0.4.3,0.4.2,https://downloads.wordpress.org/theme/anime-stream.0.4.3.zip,"2026-05-04 08:41:07",https://wordpress.org/themes/anime-stream/,5.0,7.2,100
business-association,"Business Association",0.4,0.3,https://downloads.wordpress.org/theme/business-association.0.4.zip,"2026-05-04 08:41:47",https://wordpress.org/themes/business-association/,5.0,7.2,20
cafeteria-elementor,"Cafeteria Elementor",1.1.3,1.1.2,https://downloads.wordpress.org/theme/cafeteria-elementor.1.1.3.zip,"2026-05-04 08:30:33",https://wordpress.org/themes/cafeteria-elementor/,5.6,7.2,100
charitable-trust,"Charitable Trust",1.1.8,1.1.7,https://downloads.wordpress.org/theme/charitable-trust.1.1.8.zip,"2026-05-04 08:30:20",https://wordpress.org/themes/charitable-trust/,5.6,7.2,50
charity-trust,"Charity Trust",1.5,1.4,https://downloads.wordpress.org/theme/charity-trust.1.5.zip,"2026-05-04 07:44:37",https://wordpress.org/themes/charity-trust/,5.9,5.6,60
clothing-brand-store,"Clothing Brand Store",0.3.7,0.3.6,https://downloads.wordpress.org/theme/clothing-brand-store.0.3.7.zip,"2026-05-04 08:30:59",https://wordpress.org/themes/clothing-brand-store/,5.6,7.2,100
computer-repair-solutions,"Computer Repair Solutions",11.0,10.0,https://downloads.wordpress.org/theme/computer-repair-solutions.11.0.zip,"2026-05-04 08:14:50",https://wordpress.org/themes/computer-repair-solutions/,,7.4,10
cosmetics-shop,"Cosmetics Shop",1.1.7,1.1.6,https://downloads.wordpress.org/theme/cosmetics-shop.1.1.7.zip,"2026-05-04 08:42:45",https://wordpress.org/themes/cosmetics-shop/,5.9,5.6,300
cultural-festival,"Cultural Festival",1.2.7,1.2.6,https://downloads.wordpress.org/theme/cultural-festival.1.2.7.zip,"2026-05-04 08:29:07",https://wordpress.org/themes/cultural-festival/,5.6,7.2,70
deals-store,"Deals Store",1.5,1.4,https://downloads.wordpress.org/theme/deals-store.1.5.zip,"2026-05-04 07:45:07",https://wordpress.org/themes/deals-store/,5.9,5.6,70
digital-advertising,"Digital Advertising",0.8.9,0.8.8,https://downloads.wordpress.org/theme/digital-advertising.0.8.9.zip,"2026-05-04 07:18:41",https://wordpress.org/themes/digital-advertising/,5.0,7.2,100
dropshipping-shop,"Dropshipping Shop",1.4.8,1.4.7,https://downloads.wordpress.org/theme/dropshipping-shop.1.4.8.zip,"2026-05-04 08:43:15",https://wordpress.org/themes/dropshipping-shop/,5.9,5.6,100
electronics-gadgets,"Electronics Gadgets",1.7.4,1.7.3,https://downloads.wordpress.org/theme/electronics-gadgets.1.7.4.zip,"2026-05-04 07:18:50",https://wordpress.org/themes/electronics-gadgets/,5.0,7.2,70
escape-room-game,"Escape Room Game",1.2.7,1.2.6,https://downloads.wordpress.org/theme/escape-room-game.1.2.7.zip,"2026-05-04 08:43:42",https://wordpress.org/themes/escape-room-game/,5.9,5.6,200
fitness-gym-coach,"Fitness Gym Coach",2.6,2.5,https://downloads.wordpress.org/theme/fitness-gym-coach.2.6.zip,"2026-05-04 07:45:46",https://wordpress.org/themes/fitness-gym-coach/,5.9,5.6,30
fitness-instructor,"Fitness Instructor",1.0.4,1.0.3,https://downloads.wordpress.org/theme/fitness-instructor.1.0.4.zip,"2026-05-04 07:47:56",https://wordpress.org/themes/fitness-instructor/,5.9,7.2,20
florist-elementor,"Florist Elementor",1.2.8,1.2.7,https://downloads.wordpress.org/theme/florist-elementor.1.2.8.zip,"2026-05-04 08:30:06",https://wordpress.org/themes/florist-elementor/,5.6,7.2,60
glam-fashion-blog,"Glam Fashion Blog",3.1,3.0,https://downloads.wordpress.org/theme/glam-fashion-blog.3.1.zip,"2026-05-04 07:50:31",https://wordpress.org/themes/glam-fashion-blog/,5.9,5.6,90
home-accessories-shop,"Home Accessories Shop",1.4.8,1.4.7,https://downloads.wordpress.org/theme/home-accessories-shop.1.4.8.zip,"2026-05-04 08:43:56",https://wordpress.org/themes/home-accessories-shop/,5.9,5.6,60
home-construction-company,"Home Construction Company",0.8.0,0.7.9,https://downloads.wordpress.org/theme/home-construction-company.0.8.0.zip,"2026-05-04 07:19:03",https://wordpress.org/themes/home-construction-company/,5.0,7.2,60
interior-store,"Interior Store",1.7.7,1.7.6,https://downloads.wordpress.org/theme/interior-store.1.7.7.zip,"2026-05-04 08:44:47",https://wordpress.org/themes/interior-store/,5.9,5.6,100
laundry-business,"Laundry Business",0.2.3,0.2.2,https://downloads.wordpress.org/theme/laundry-business.0.2.3.zip,"2026-05-04 08:44:49",https://wordpress.org/themes/laundry-business/,5.0,7.2,10
mining-industry,"Mining Industry",0.5.4,0.5.3,https://downloads.wordpress.org/theme/mining-industry.0.5.4.zip,"2026-05-04 08:45:49",https://wordpress.org/themes/mining-industry/,5.0,7.2,100
mining-logistic,"Mining Logistic",1.2.4,1.2.3,https://downloads.wordpress.org/theme/mining-logistic.1.2.4.zip,"2026-05-04 08:46:04",https://wordpress.org/themes/mining-logistic/,5.9,5.6,500
mizan-real-estate,"Mizan Real Estate",1.7.1,1.7.0,https://downloads.wordpress.org/theme/mizan-real-estate.1.7.1.zip,"2026-05-04 08:28:55",https://wordpress.org/themes/mizan-real-estate/,5.6,7.2,60
mywiki,MyWiki,5.0.0,4.0,https://downloads.wordpress.org/theme/mywiki.5.0.0.zip,"2026-05-04 08:32:50",https://wordpress.org/themes/mywiki/,5.6,7.4,1000
online-documentation,"Online Documentation",2.0.5,2.0.4,https://downloads.wordpress.org/theme/online-documentation.2.0.5.zip,"2026-05-04 08:46:36",https://wordpress.org/themes/online-documentation/,5.9,5.6,300
online-food-delivery,"Online Food Delivery",0.8.4,0.8.3,https://downloads.wordpress.org/theme/online-food-delivery.0.8.4.zip,"2026-05-04 07:19:17",https://wordpress.org/themes/online-food-delivery/,5.0,7.2,200
pastry-shop,"Pastry Shop",1.2.2,1.2.1,https://downloads.wordpress.org/theme/pastry-shop.1.2.2.zip,"2026-05-04 08:29:55",https://wordpress.org/themes/pastry-shop/,5.6,7.2,40
pet-care-store,"Pet Care Store",1.0.3,1.0.2,https://downloads.wordpress.org/theme/pet-care-store.1.0.3.zip,"2026-05-04 07:54:27",https://wordpress.org/themes/pet-care-store/,5.9,5.6,30
politics-candidate,"Politics Candidate",0.6.2,0.6.1,https://downloads.wordpress.org/theme/politics-candidate.0.6.2.zip,"2026-05-04 07:19:38",https://wordpress.org/themes/politics-candidate/,,7.2,80
poultry-farm,"Poultry Farm",1.3.1,1.3.0,https://downloads.wordpress.org/theme/poultry-farm.1.3.1.zip,"2026-05-04 08:29:43",https://wordpress.org/themes/poultry-farm/,5.6,7.2,100
property-broker,"Property Broker",1.1.6,1.1.5,https://downloads.wordpress.org/theme/property-broker.1.1.6.zip,"2026-05-04 08:30:44",https://wordpress.org/themes/property-broker/,5.6,7.2,20
real-estate-developer,"Real Estate Developer",0.4.5,0.4.4,https://downloads.wordpress.org/theme/real-estate-developer.0.4.5.zip,"2026-05-04 08:47:19",https://wordpress.org/themes/real-estate-developer/,5.0,7.2,100
saas-software-technology,"SAAS Software Technology",0.9.1,0.9.0,https://downloads.wordpress.org/theme/saas-software-technology.0.9.1.zip,"2026-05-04 07:19:53",https://wordpress.org/themes/saas-software-technology/,5.0,7.2,100
sales-landing-page,"Sales Landing Page",1.1.7,1.1.6,https://downloads.wordpress.org/theme/sales-landing-page.1.1.7.zip,"2026-05-04 08:48:58",https://wordpress.org/themes/sales-landing-page/,5.9,5.6,200
secretary-services,"Secretary Services",1.3.3,1.3.2,https://downloads.wordpress.org/theme/secretary-services.1.3.3.zip,"2026-05-04 08:51:34",https://wordpress.org/themes/secretary-services/,5.9,5.6,80
seo-agency-lite,"SEO Agency Lite",1.7.2,1.7.1,https://downloads.wordpress.org/theme/seo-agency-lite.1.7.2.zip,"2026-05-04 07:19:58",https://wordpress.org/themes/seo-agency-lite/,5.0,5.6,20
stylish-brand-shop,"Stylish Brand Shop",3.8,3.7,https://downloads.wordpress.org/theme/stylish-brand-shop.3.8.zip,"2026-05-04 07:56:02",https://wordpress.org/themes/stylish-brand-shop/,5.9,5.6,100
the-business-blocks,"The Business Blocks",1.7,1.6,https://downloads.wordpress.org/theme/the-business-blocks.1.7.zip,"2026-05-04 07:58:34",https://wordpress.org/themes/the-business-blocks/,5.9,5.6,60
transportation-shipment,"Transportation Shipment",1.7.2,1.7.1,https://downloads.wordpress.org/theme/transportation-shipment.1.7.2.zip,"2026-05-04 07:20:05",https://wordpress.org/themes/transportation-shipment/,5.0,5.6,100
travel-booking-agency,"Travel Booking Agency",0.8.0,0.7.9,https://downloads.wordpress.org/theme/travel-booking-agency.0.8.0.zip,"2026-05-04 07:20:36",https://wordpress.org/themes/travel-booking-agency/,5.0,7.2,80
trendy-fashion-outfits,"Trendy Fashion Outfits",3.8,3.7,https://downloads.wordpress.org/theme/trendy-fashion-outfits.3.8.zip,"2026-05-04 08:00:08",https://wordpress.org/themes/trendy-fashion-outfits/,5.9,5.6,100
unique-blogger,"Unique Blogger",1.2.3,1.2.2,https://downloads.wordpress.org/theme/unique-blogger.1.2.3.zip,"2026-05-04 08:28:34",https://wordpress.org/themes/unique-blogger/,5.6,7.2,70
unique-freelancer-portfolio,"Unique Freelancer Portfolio",1.2.4,1.2.3,https://downloads.wordpress.org/theme/unique-freelancer-portfolio.1.2.4.zip,"2026-05-04 08:29:19",https://wordpress.org/themes/unique-freelancer-portfolio/,5.6,7.2,30
unique-fun-center,"Unique Fun Center",1.6.1,1.6.0,https://downloads.wordpress.org/theme/unique-fun-center.1.6.1.zip,"2026-05-04 08:29:28",https://wordpress.org/themes/unique-fun-center/,5.6,7.2,200
vaccination-center,"Vaccination Center",3.4,3.3,https://downloads.wordpress.org/theme/vaccination-center.3.4.zip,"2026-05-04 07:58:37",https://wordpress.org/themes/vaccination-center/,5.9,5.6,40
videography-filmmaker,"Videography Filmmaker",0.8.1,0.8.0,https://downloads.wordpress.org/theme/videography-filmmaker.0.8.1.zip,"2026-05-04 07:20:54",https://wordpress.org/themes/videography-filmmaker/,5.0,7.2,100
water-filter,"Water Filter",1.2.5,1.2.4,https://downloads.wordpress.org/theme/water-filter.1.2.5.zip,"2026-05-04 07:18:47",https://wordpress.org/themes/water-filter/,5.9,5.6,100
travel-packages,"Travel Packages",0.3,,https://downloads.wordpress.org/theme/travel-packages.0.3.zip,"2026-05-04 09:16:31",https://wordpress.org/themes/travel-packages/,,7.2,0
bike-repair-garage,"Bike Repair Garage",1.1.0,1.0.9,https://downloads.wordpress.org/theme/bike-repair-garage.1.1.0.zip,"2026-05-04 10:59:39",https://wordpress.org/themes/bike-repair-garage/,6.0,7.2,400
carpet-washing,"Carpet Washing",1.0.5,1.0.4,https://downloads.wordpress.org/theme/carpet-washing.1.0.5.zip,"2026-05-04 11:01:01",https://wordpress.org/themes/carpet-washing/,6.0,7.2,100
chocolate-house,"Chocolate House",1.2.1,1.2.0,https://downloads.wordpress.org/theme/chocolate-house.1.2.1.zip,"2026-05-04 11:07:14",https://wordpress.org/themes/chocolate-house/,6.0,7.2,100
chromax,Chromax,1.0.35,1.0.34,https://downloads.wordpress.org/theme/chromax.1.0.35.zip,"2026-05-04 10:30:35",https://wordpress.org/themes/chromax/,4.7,5.6,800
chromica,Chromica,1.0.21,1.0.20,https://downloads.wordpress.org/theme/chromica.1.0.21.zip,"2026-05-04 10:31:37",https://wordpress.org/themes/chromica/,4.7,5.6,600
chrowix,Chrowix,1.0.27,1.0.26,https://downloads.wordpress.org/theme/chrowix.1.0.27.zip,"2026-05-04 10:31:05",https://wordpress.org/themes/chrowix/,4.7,5.6,200
corvix,Corvix,0.7,0.6,https://downloads.wordpress.org/theme/corvix.0.7.zip,"2026-05-04 10:32:10",https://wordpress.org/themes/corvix/,4.7,5.6,90
day-camp,"Day Camp",1.0.8,1.0.7,https://downloads.wordpress.org/theme/day-camp.1.0.8.zip,"2026-05-04 11:07:23",https://wordpress.org/themes/day-camp/,6.0,7.2,100
espresso-shop,"Espresso Shop",1.0.7,1.0.6,https://downloads.wordpress.org/theme/espresso-shop.1.0.7.zip,"2026-05-04 11:08:06",https://wordpress.org/themes/espresso-shop/,6.0,7.2,200
herbal-products-shop,"Herbal Products Shop",1.1.2,1.1.1,https://downloads.wordpress.org/theme/herbal-products-shop.1.1.2.zip,"2026-05-04 11:08:48",https://wordpress.org/themes/herbal-products-shop/,6.0,7.2,400
human-resources,"Human Resources",1.0.9,1.0.8,https://downloads.wordpress.org/theme/human-resources.1.0.9.zip,"2026-05-04 11:09:32",https://wordpress.org/themes/human-resources/,6.0,7.2,500
import-export-company,"Import Export Company",1.1.0,1.0.9,https://downloads.wordpress.org/theme/import-export-company.1.1.0.zip,"2026-05-04 11:10:03",https://wordpress.org/themes/import-export-company/,6.0,7.2,300
jewelry-market,"Jewelry Market",1.0.7,1.0.6,https://downloads.wordpress.org/theme/jewelry-market.1.0.7.zip,"2026-05-04 11:10:39",https://wordpress.org/themes/jewelry-market/,6.0,7.2,50
kids-toys-store,"Kids Toys Store",1.1.3,1.1.2,https://downloads.wordpress.org/theme/kids-toys-store.1.1.3.zip,"2026-05-04 11:02:42",https://wordpress.org/themes/kids-toys-store/,6.0,7.2,100
music-event-artist,"Music Event Artist",1.1.1,1.1.0,https://downloads.wordpress.org/theme/music-event-artist.1.1.1.zip,"2026-05-04 11:02:24",https://wordpress.org/themes/music-event-artist/,6.0,7.2,300
newsalert,NewsAlert,1.0.76,1.0.75,https://downloads.wordpress.org/theme/newsalert.1.0.76.zip,"2026-05-04 10:28:54",https://wordpress.org/themes/newsalert/,4.7,7.0,1000
newsblogy,NewsBlogy,1.0.50,1.0.49,https://downloads.wordpress.org/theme/newsblogy.1.0.50.zip,"2026-05-04 10:29:22",https://wordpress.org/themes/newsblogy/,4.7,7.0,1000
newsmemo,NewsMemo,1.0.5,1.0.4,https://downloads.wordpress.org/theme/newsmemo.1.0.5.zip,"2026-05-04 10:29:50",https://wordpress.org/themes/newsmemo/,4.7,7.0,800
newsmunch,NewsMunch,1.1.8,1.1.7,https://downloads.wordpress.org/theme/newsmunch.1.1.8.zip,"2026-05-04 10:27:58",https://wordpress.org/themes/newsmunch/,4.7,7.0,1000
newstick,NewsTick,1.1.5,1.1.4,https://downloads.wordpress.org/theme/newstick.1.1.5.zip,"2026-05-04 10:28:27",https://wordpress.org/themes/newstick/,4.7,7.0,1000
packers-logistic,"Packers Logistic",1.0.2,1.0.1,https://downloads.wordpress.org/theme/packers-logistic.1.0.2.zip,"2026-05-04 11:11:33",https://wordpress.org/themes/packers-logistic/,6.0,7.2,20
agency-twp,"Agency TWP",1.1,,https://downloads.wordpress.org/theme/agency-twp.1.1.zip,"2026-05-04 10:16:16",https://wordpress.org/themes/agency-twp/,5.4,5.6,0
event-managerial-service,"Event Managerial Service",1.0.1,,https://downloads.wordpress.org/theme/event-managerial-service.1.0.1.zip,"2026-05-04 09:46:19",https://wordpress.org/themes/event-managerial-service/,5.5,5.6,0
news-access,"News Access",1.0.1,,https://downloads.wordpress.org/theme/news-access.1.0.1.zip,"2026-05-04 11:01:17",https://wordpress.org/themes/news-access/,5.0,7.4,0
bio-green-farm,"Bio Green Farm",1.0.1,1.0,https://downloads.wordpress.org/theme/bio-green-farm.1.0.1.zip,"2026-05-04 15:02:02",https://wordpress.org/themes/bio-green-farm/,5.9,7.2,30
food-recipes,"Food Recipes",2.0.3,2.0.1,https://downloads.wordpress.org/theme/food-recipes.2.0.3.zip,"2026-05-04 14:52:35",https://wordpress.org/themes/food-recipes/,6.0,8.2,200
joyas-business-agency,"Joyas Business Agency",1.0.4,1.0.3,https://downloads.wordpress.org/theme/joyas-business-agency.1.0.4.zip,"2026-05-04 16:22:48",https://wordpress.org/themes/joyas-business-agency/,5.0,7.4,300
mywiki,MyWiki,5.0.1,5.0.0,https://downloads.wordpress.org/theme/mywiki.5.0.1.zip,"2026-05-04 14:46:53",https://wordpress.org/themes/mywiki/,5.6,7.4,1000
personal-resume-portfolio,"Personal Resume Portfolio",1.0.2,1.0.1,https://downloads.wordpress.org/theme/personal-resume-portfolio.1.0.2.zip,"2026-05-04 16:03:16",https://wordpress.org/themes/personal-resume-portfolio/,5.0,7.0,600
shopper-shoppable,"Shopper Shoppable",1.0.4,1.0.3,https://downloads.wordpress.org/theme/shopper-shoppable.1.0.4.zip,"2026-05-04 16:50:34",https://wordpress.org/themes/shopper-shoppable/,5.0,8.0,300
the9-store,"The9 Store",1.1.2,1.1.1,https://downloads.wordpress.org/theme/the9-store.1.1.2.zip,"2026-05-04 15:36:21",https://wordpress.org/themes/the9-store/,5.0,7.0,400
the9-storefront,"The9 Storefront",1.0.3,1.0.2,https://downloads.wordpress.org/theme/the9-storefront.1.0.3.zip,"2026-05-04 15:46:49",https://wordpress.org/themes/the9-storefront/,5.0,7.0,400
aster-portfolio,"Aster Portfolio",1.8,1.7,https://downloads.wordpress.org/theme/aster-portfolio.1.8.zip,"2026-05-04 17:54:37",https://wordpress.org/themes/aster-portfolio/,,7.4,50
aster-real-estate,"Aster Real Estate",2.3,2.2,https://downloads.wordpress.org/theme/aster-real-estate.2.3.zip,"2026-05-04 17:55:10",https://wordpress.org/themes/aster-real-estate/,,7.4,80
blogsy,Blogsy,1.0.12,1.0.10,https://downloads.wordpress.org/theme/blogsy.1.0.12.zip,"2026-05-04 18:11:23",https://wordpress.org/themes/blogsy/,6.6,7.4,1000
buycart,BuyCart,1.0.6,1.0.5,https://downloads.wordpress.org/theme/buycart.1.0.6.zip,"2026-05-04 17:29:41",https://wordpress.org/themes/buycart/,4.7,5.6,300
charitable-funds,"Charitable Funds",2.0,1.9,https://downloads.wordpress.org/theme/charitable-funds.2.0.zip,"2026-05-04 17:57:32",https://wordpress.org/themes/charitable-funds/,,7.4,30
clothing-marketplace,"Clothing Marketplace",1.1,1.0,https://downloads.wordpress.org/theme/clothing-marketplace.1.1.zip,"2026-05-04 17:53:56",https://wordpress.org/themes/clothing-marketplace/,,7.2,10
coffee-espresso,"Coffee Espresso",1.4,1.3,https://downloads.wordpress.org/theme/coffee-espresso.1.4.zip,"2026-05-04 17:57:54",https://wordpress.org/themes/coffee-espresso/,,7.4,20
consted-roofing-flooring,"Consted Roofing Flooring",1.0.1,1.0.0,https://downloads.wordpress.org/theme/consted-roofing-flooring.1.0.1.zip,"2026-05-04 17:04:16",https://wordpress.org/themes/consted-roofing-flooring/,5.0,7.0,100
easybuy,EasyBuy,1.0.36,1.0.35,https://downloads.wordpress.org/theme/easybuy.1.0.36.zip,"2026-05-04 17:29:05",https://wordpress.org/themes/easybuy/,4.7,5.6,400
eazyshop,EazyShop,1.0.47,1.0.46,https://downloads.wordpress.org/theme/eazyshop.1.0.47.zip,"2026-05-04 17:28:38",https://wordpress.org/themes/eazyshop/,4.7,5.6,500
ekart,eKart,1.0.31,1.0.30,https://downloads.wordpress.org/theme/ekart.1.0.31.zip,"2026-05-04 17:28:04",https://wordpress.org/themes/ekart/,4.7,5.6,400
interior-services,"Interior Services",1.7,1.6,https://downloads.wordpress.org/theme/interior-services.1.7.zip,"2026-05-04 17:58:25",https://wordpress.org/themes/interior-services/,,7.4,30
jeweler-shop,"Jeweler Shop",2.5,2.4,https://downloads.wordpress.org/theme/jeweler-shop.2.5.zip,"2026-05-04 17:58:45",https://wordpress.org/themes/jeweler-shop/,,7.4,50
lawyer-consultant-firm,"Lawyer Consultant Firm",2.1,2.0,https://downloads.wordpress.org/theme/lawyer-consultant-firm.2.1.zip,"2026-05-04 17:59:47",https://wordpress.org/themes/lawyer-consultant-firm/,,7.4,70
legal,Legal,3.0.0,2.2,https://downloads.wordpress.org/theme/legal.3.0.0.zip,"2026-05-04 17:15:55",https://wordpress.org/themes/legal/,5.6,7.4,300
minicart,MiniCart,1.0.61,1.0.60,https://downloads.wordpress.org/theme/minicart.1.0.61.zip,"2026-05-04 17:27:32",https://wordpress.org/themes/minicart/,4.7,5.6,400
plumbing-handyman,"Plumbing Handyman",1.8,1.7,https://downloads.wordpress.org/theme/plumbing-handyman.1.8.zip,"2026-05-04 18:00:08",https://wordpress.org/themes/plumbing-handyman/,,7.4,30
property-dealer,"Property Dealer",1.9,1.8,https://downloads.wordpress.org/theme/property-dealer.1.9.zip,"2026-05-04 18:00:35",https://wordpress.org/themes/property-dealer/,,7.4,40
shopire,Shopire,1.0.75,1.0.74,https://downloads.wordpress.org/theme/shopire.1.0.75.zip,"2026-05-04 17:26:54",https://wordpress.org/themes/shopire/,4.7,5.6,800
shopway,ShopWay,1.0.18,1.0.17,https://downloads.wordpress.org/theme/shopway.1.0.18.zip,"2026-05-04 17:24:56",https://wordpress.org/themes/shopway/,4.7,5.6,800
the9-pet-veterinary,"The9 Pet Veterinary",1.0.2,1.0.1,https://downloads.wordpress.org/theme/the9-pet-veterinary.1.0.2.zip,"2026-05-04 17:18:14",https://wordpress.org/themes/the9-pet-veterinary/,5.0,7.0,90
the9-shop-store,"The9 Shop Store",1.0.4,1.0.3,https://downloads.wordpress.org/theme/the9-shop-store.1.0.4.zip,"2026-05-04 17:31:51",https://wordpress.org/themes/the9-shop-store/,5.0,7.0,400
yoga-fitness-studio,"Yoga Fitness Studio",1.5,1.4,https://downloads.wordpress.org/theme/yoga-fitness-studio.1.5.zip,"2026-05-04 18:01:18",https://wordpress.org/themes/yoga-fitness-studio/,,7.2,10
wuppi,Wuppi,1.2.0,1.1.0,https://downloads.wordpress.org/theme/wuppi.1.2.0.zip,"2026-05-04 20:20:30",https://wordpress.org/themes/wuppi/,6.5,8.0,20
promptless,Promptless,1.1.4,1.1.2,https://downloads.wordpress.org/theme/promptless.1.1.4.zip,"2026-05-04 21:53:06",https://wordpress.org/themes/promptless/,6.0,7.4,50
candles-shop,"Candles Shop",2.1,2.0,https://downloads.wordpress.org/theme/candles-shop.2.1.zip,"2026-05-05 02:23:54",https://wordpress.org/themes/candles-shop/,6.1,5.6,200
church-community,"Church Community",1.5,1.4,https://downloads.wordpress.org/theme/church-community.1.5.zip,"2026-05-05 02:22:33",https://wordpress.org/themes/church-community/,6.1,5.6,40
education-institution,"Education Institution",1.2,1.1,https://downloads.wordpress.org/theme/education-institution.1.2.zip,"2026-05-05 02:21:56",https://wordpress.org/themes/education-institution/,6.1,5.6,70
funeral-services,"Funeral Services",1.6,1.5,https://downloads.wordpress.org/theme/funeral-services.1.6.zip,"2026-05-05 02:21:46",https://wordpress.org/themes/funeral-services/,6.1,5.6,90
honey-store,"Honey Store",2.2,2.1,https://downloads.wordpress.org/theme/honey-store.2.2.zip,"2026-05-05 02:21:30",https://wordpress.org/themes/honey-store/,6.1,5.6,100
horse-saddle,"Horse Saddle",2.2,2.1,https://downloads.wordpress.org/theme/horse-saddle.2.2.zip,"2026-05-05 02:24:50",https://wordpress.org/themes/horse-saddle/,6.1,5.6,100
laundry-cleaning,"Laundry Cleaning",1.0.3,1.0.2,https://downloads.wordpress.org/theme/laundry-cleaning.1.0.3.zip,"2026-05-05 02:21:08",https://wordpress.org/themes/laundry-cleaning/,6.1,5.6,60
online-notary,"Online Notary",2.0,1.9,https://downloads.wordpress.org/theme/online-notary.2.0.zip,"2026-05-05 02:20:54",https://wordpress.org/themes/online-notary/,6.1,5.6,50
pet-ecommerce-store,"Pet Ecommerce Store",1.7,1.6,https://downloads.wordpress.org/theme/pet-ecommerce-store.1.7.zip,"2026-05-05 02:20:33",https://wordpress.org/themes/pet-ecommerce-store/,6.1,5.6,200
product-manufacturing,"Product Manufacturing",1.0.3,1.0.2,https://downloads.wordpress.org/theme/product-manufacturing.1.0.3.zip,"2026-05-05 02:19:46",https://wordpress.org/themes/product-manufacturing/,6.1,5.6,40
tax-consultant,"Tax Consultant",1.7,1.6,https://downloads.wordpress.org/theme/tax-consultant.1.7.zip,"2026-05-05 02:19:27",https://wordpress.org/themes/tax-consultant/,6.1,5.6,200
waste-management-firm,"Waste Management Firm",2.4,2.3,https://downloads.wordpress.org/theme/waste-management-firm.2.4.zip,"2026-05-05 02:27:17",https://wordpress.org/themes/waste-management-firm/,6.1,5.6,200
waterproofing-services,"Waterproofing Services",2.9,2.8,https://downloads.wordpress.org/theme/waterproofing-services.2.9.zip,"2026-05-05 02:26:42",https://wordpress.org/themes/waterproofing-services/,6.1,5.6,70
web-designer-portfolio,"Web Designer Portfolio",3.0,2.9,https://downloads.wordpress.org/theme/web-designer-portfolio.3.0.zip,"2026-05-05 02:26:24",https://wordpress.org/themes/web-designer-portfolio/,6.1,5.6,200
window-cleaning,"Window Cleaning",1.0.8,1.0.7,https://downloads.wordpress.org/theme/window-cleaning.1.0.8.zip,"2026-05-05 02:17:54",https://wordpress.org/themes/window-cleaning/,6.1,5.6,80
electrician-contractor,"Electrician Contractor",0.0.1,,https://downloads.wordpress.org/theme/electrician-contractor.0.0.1.zip,"2026-05-05 03:46:06",https://wordpress.org/themes/electrician-contractor/,5.0,5.6,0
advance-blogging,"Advance Blogging",1.9.4,1.9.3,https://downloads.wordpress.org/theme/advance-blogging.1.9.4.zip,"2026-05-05 05:09:08",https://wordpress.org/themes/advance-blogging/,5.0,7.2,100
air-ticket-booking,"Air Ticket Booking",1.0.4,1.0.3,https://downloads.wordpress.org/theme/air-ticket-booking.1.0.4.zip,"2026-05-05 05:45:27",https://wordpress.org/themes/air-ticket-booking/,5.3,5.6,20
art-gallery-museum,"Art Gallery Museum",0.9.2,0.9.1,https://downloads.wordpress.org/theme/art-gallery-museum.0.9.2.zip,"2026-05-05 05:09:12",https://wordpress.org/themes/art-gallery-museum/,5.0,7.2,100
babysitting-day-care,"Babysitting Day Care",2.0.9,2.0.8,https://downloads.wordpress.org/theme/babysitting-day-care.2.0.9.zip,"2026-05-05 05:41:38",https://wordpress.org/themes/babysitting-day-care/,5.0,7.2,70
beauty-cosmetic-shop,"Beauty Cosmetic Shop",1.5.2,1.5.1,https://downloads.wordpress.org/theme/beauty-cosmetic-shop.1.5.2.zip,"2026-05-05 05:41:53",https://wordpress.org/themes/beauty-cosmetic-shop/,5.6,7.2,20
bee-corp,"Bee Corp",1.0.3,1.0.2,https://downloads.wordpress.org/theme/bee-corp.1.0.3.zip,"2026-05-05 05:06:05",https://wordpress.org/themes/bee-corp/,6.1,7.2,30
bookstore-exhibition,"Bookstore Exhibition",2.2.7,2.2.6,https://downloads.wordpress.org/theme/bookstore-exhibition.2.2.7.zip,"2026-05-05 05:41:01",https://wordpress.org/themes/bookstore-exhibition/,5.6,7.2,90
business-card-resume,"Business Card Resume",0.7.6,0.7.5,https://downloads.wordpress.org/theme/business-card-resume.0.7.6.zip,"2026-05-05 05:42:07",https://wordpress.org/themes/business-card-resume/,5.0,7.2,70
car-repair-mechanic,"Car Repair Mechanic",0.8.3,0.8.2,https://downloads.wordpress.org/theme/car-repair-mechanic.0.8.3.zip,"2026-05-05 05:42:20",https://wordpress.org/themes/car-repair-mechanic/,5.0,7.4,100
cargo-and-shipping-company,"Cargo And Shipping Company",1.1.4,1.1.3,https://downloads.wordpress.org/theme/cargo-and-shipping-company.1.1.4.zip,"2026-05-05 05:33:59",https://wordpress.org/themes/cargo-and-shipping-company/,5.5,7.2,70
cargo-transport,"Cargo Transport",1.8.4,1.8.3,https://downloads.wordpress.org/theme/cargo-transport.1.8.4.zip,"2026-05-05 05:09:08",https://wordpress.org/themes/cargo-transport/,5.0,5.6,100
carpenter-services,"Carpenter Services",0.1.1,0.1.0,https://downloads.wordpress.org/theme/carpenter-services.0.1.1.zip,"2026-05-05 05:37:58",https://wordpress.org/themes/carpenter-services/,5.0,7.2,80
catering-lite,"Catering Lite",0.8.7,0.8.6,https://downloads.wordpress.org/theme/catering-lite.0.8.7.zip,"2026-05-05 05:42:17",https://wordpress.org/themes/catering-lite/,5.0,7.2,40
clothing-store-lite,"Clothing Store Lite",1.1.2,1.1.1,https://downloads.wordpress.org/theme/clothing-store-lite.1.1.2.zip,"2026-05-05 05:35:07",https://wordpress.org/themes/clothing-store-lite/,5.3,5.6,100
creative-photography,"Creative Photography",1.0.4,1.0.3,https://downloads.wordpress.org/theme/creative-photography.1.0.4.zip,"2026-05-05 05:36:06",https://wordpress.org/themes/creative-photography/,5.3,5.6,20
cv-resume-portfolio,"CV Resume Portfolio",1.1.0,1.0.9,https://downloads.wordpress.org/theme/cv-resume-portfolio.1.1.0.zip,"2026-05-05 05:37:00",https://wordpress.org/themes/cv-resume-portfolio/,5.3,5.6,100
dentistry-hospital,"Dentistry Hospital",0.1.1,0.1.0,https://downloads.wordpress.org/theme/dentistry-hospital.0.1.1.zip,"2026-05-05 05:37:46",https://wordpress.org/themes/dentistry-hospital/,5.0,7.2,50
electronics-store,"Electronics Store",1.4.8,1.4.7,https://downloads.wordpress.org/theme/electronics-store.1.4.8.zip,"2026-05-05 05:09:23",https://wordpress.org/themes/electronics-store/,5.0,7.2,100
event-band-services,"Event Band Services",0.1.1,0.1.0,https://downloads.wordpress.org/theme/event-band-services.0.1.1.zip,"2026-05-05 05:37:32",https://wordpress.org/themes/event-band-services/,5.0,7.2,100
evento-corp,"Evento Corp",1.0.2,1.0.1,https://downloads.wordpress.org/theme/evento-corp.1.0.2.zip,"2026-05-05 05:05:54",https://wordpress.org/themes/evento-corp/,6.1,7.2,70
feminine-style-lite,"Feminine Style Lite",0.9.0,0.8.9,https://downloads.wordpress.org/theme/feminine-style-lite.0.9.0.zip,"2026-05-05 05:09:35",https://wordpress.org/themes/feminine-style-lite/,5.0,7.2,50
fishery-services,"Fishery Services",1.1.2,1.1.1,https://downloads.wordpress.org/theme/fishery-services.1.1.2.zip,"2026-05-05 05:38:17",https://wordpress.org/themes/fishery-services/,5.3,5.6,30
food-truck-lite,"Food Truck Lite",1.0.8,1.0.7,https://downloads.wordpress.org/theme/food-truck-lite.1.0.8.zip,"2026-05-05 05:42:35",https://wordpress.org/themes/food-truck-lite/,5.0,7.2,60
furniture-interior,"Furniture Interior",3.6.4,3.6.3,https://downloads.wordpress.org/theme/furniture-interior.3.6.4.zip,"2026-05-05 05:09:52",https://wordpress.org/themes/furniture-interior/,5.0,7.2,50
grocery-ecommerce,"Grocery Ecommerce",0.9.5,0.9.4,https://downloads.wordpress.org/theme/grocery-ecommerce.0.9.5.zip,"2026-05-05 05:42:45",https://wordpress.org/themes/grocery-ecommerce/,5.0,7.2,100
home-control-system,"Home Control System",0.0.6,0.0.5,https://downloads.wordpress.org/theme/home-control-system.0.0.6.zip,"2026-05-05 05:37:12",https://wordpress.org/themes/home-control-system/,5.0,7.2,40
home-gadget,"Home Gadget",0.1.2,0.1.1,https://downloads.wordpress.org/theme/home-gadget.0.1.2.zip,"2026-05-05 05:37:00",https://wordpress.org/themes/home-gadget/,5.0,7.2,100
industrial-manufacturing,"Industrial Manufacturing",0.8.3,0.8.2,https://downloads.wordpress.org/theme/industrial-manufacturing.0.8.3.zip,"2026-05-05 05:43:04",https://wordpress.org/themes/industrial-manufacturing/,5.0,7.2,70
interior-designs,"Interior Designs",1.8.3,1.8.2,https://downloads.wordpress.org/theme/interior-designs.1.8.3.zip,"2026-05-05 05:10:22",https://wordpress.org/themes/interior-designs/,,7.2,200
it-company,"IT Company",1.6.4,1.6.3,https://downloads.wordpress.org/theme/it-company.1.6.4.zip,"2026-05-05 05:43:16",https://wordpress.org/themes/it-company/,5.0,7.2,200
it-services,"IT Services",1.1.3,1.1.2,https://downloads.wordpress.org/theme/it-services.1.1.3.zip,"2026-05-05 05:43:24",https://wordpress.org/themes/it-services/,5.0,7.2,100
jewelry-outlet,"Jewelry Outlet",0.0.8,0.0.7,https://downloads.wordpress.org/theme/jewelry-outlet.0.0.8.zip,"2026-05-05 05:36:48",https://wordpress.org/themes/jewelry-outlet/,5.0,7.2,90
job-forum,"Job Forum",0.0.5,0.0.4,https://downloads.wordpress.org/theme/job-forum.0.0.5.zip,"2026-05-05 05:36:31",https://wordpress.org/themes/job-forum/,5.0,7.2,60
kid-toys-store,"Kid Toys Store",1.6.3,1.6.2,https://downloads.wordpress.org/theme/kid-toys-store.1.6.3.zip,"2026-05-05 05:10:33",https://wordpress.org/themes/kid-toys-store/,5.0,7.2,100
knowledgehub,KnowledgeHub,1.0.3,1.0.2,https://downloads.wordpress.org/theme/knowledgehub.1.0.3.zip,"2026-05-05 05:05:47",https://wordpress.org/themes/knowledgehub/,6.1,7.2,40
lightning,Lightning,15.35.1,15.35.0,https://downloads.wordpress.org/theme/lightning.15.35.1.zip,"2026-05-05 05:24:33",https://wordpress.org/themes/lightning/,6.5,7.4,100000
maintenance-works,"Maintenance Works",1.0.7,1.0.6,https://downloads.wordpress.org/theme/maintenance-works.1.0.7.zip,"2026-05-05 05:38:54",https://wordpress.org/themes/maintenance-works/,5.3,7.2,30
massage-parlor,"Massage Parlor",0.1.1,0.1.0,https://downloads.wordpress.org/theme/massage-parlor.0.1.1.zip,"2026-05-05 05:36:25",https://wordpress.org/themes/massage-parlor/,5.0,7.2,70
medical-clinic-center,"Medical Clinic Center",2.2.2,2.2.1,https://downloads.wordpress.org/theme/medical-clinic-center.2.2.2.zip,"2026-05-05 05:42:59",https://wordpress.org/themes/medical-clinic-center/,5.6,7.2,90
medical-doctor,"Medical Doctor",1.0.6,1.0.5,https://downloads.wordpress.org/theme/medical-doctor.1.0.6.zip,"2026-05-05 05:43:47",https://wordpress.org/themes/medical-doctor/,5.0,7.2,90
medical-supplements-store,"Medical Supplements Store",1.5.2,1.5.1,https://downloads.wordpress.org/theme/medical-supplements-store.1.5.2.zip,"2026-05-05 05:10:38",https://wordpress.org/themes/medical-supplements-store/,5.0,7.2,80
modern-blogger,"Modern Blogger",0.7.8,0.7.7,https://downloads.wordpress.org/theme/modern-blogger.0.7.8.zip,"2026-05-05 05:43:55",https://wordpress.org/themes/modern-blogger/,5.0,7.4,60
multipurpose-photography,"Multipurpose Photography",1.3.2,1.3.1,https://downloads.wordpress.org/theme/multipurpose-photography.1.3.2.zip,"2026-05-05 05:44:07",https://wordpress.org/themes/multipurpose-photography/,5.0,7.2,80
multipurpose-portfolio,"Multipurpose Portfolio",1.3.5,1.3.4,https://downloads.wordpress.org/theme/multipurpose-portfolio.1.3.5.zip,"2026-05-05 05:44:05",https://wordpress.org/themes/multipurpose-portfolio/,5.0,7.2,90
online-clothing-store,"Online clothing store",1.1.3,1.1.2,https://downloads.wordpress.org/theme/online-clothing-store.1.1.3.zip,"2026-05-05 05:39:37",https://wordpress.org/themes/online-clothing-store/,5.3,5.6,200
online-learning-lms,"Online Learning LMS",1.1.3,1.1.2,https://downloads.wordpress.org/theme/online-learning-lms.1.1.3.zip,"2026-05-05 05:50:26",https://wordpress.org/themes/online-learning-lms/,5.5,7.2,70
party-corp,"Party Corp",1.0.2,1.0.1,https://downloads.wordpress.org/theme/party-corp.1.0.2.zip,"2026-05-05 05:05:39",https://wordpress.org/themes/party-corp/,6.1,7.2,60
personal-tutor,"Personal Tutor",0.0.5,0.0.4,https://downloads.wordpress.org/theme/personal-tutor.0.0.5.zip,"2026-05-05 05:36:17",https://wordpress.org/themes/personal-tutor/,5.0,7.2,30
pet-animal-store,"Pet Animal Store",1.4.3,1.4.2,https://downloads.wordpress.org/theme/pet-animal-store.1.4.3.zip,"2026-05-05 05:07:37",https://wordpress.org/themes/pet-animal-store/,5.0,7.2,200
photographer-magazine,"Photographer Magazine",2.1.0,2.0.9,https://downloads.wordpress.org/theme/photographer-magazine.2.1.0.zip,"2026-05-05 05:41:32",https://wordpress.org/themes/photographer-magazine/,5.6,7.2,50
renewable-energy-lite,"Renewable Energy Lite",0.0.7,0.0.6,https://downloads.wordpress.org/theme/renewable-energy-lite.0.0.7.zip,"2026-05-05 05:35:47",https://wordpress.org/themes/renewable-energy-lite/,5.0,7.2,30
responsive-landing-page,"Responsive Landing Page",1.0.9,1.0.8,https://downloads.wordpress.org/theme/responsive-landing-page.1.0.9.zip,"2026-05-05 05:49:01",https://wordpress.org/themes/responsive-landing-page/,5.3,5.6,20
salecraft-ecommerce,"SaleCraft Ecommerce",1.0.5,1.0.4,https://downloads.wordpress.org/theme/salecraft-ecommerce.1.0.5.zip,"2026-05-05 05:05:33",https://wordpress.org/themes/salecraft-ecommerce/,6.1,7.2,300
sauna-lite,"Sauna Lite",2.5.0,2.4.9,https://downloads.wordpress.org/theme/sauna-lite.2.5.0.zip,"2026-05-05 05:08:01",https://wordpress.org/themes/sauna-lite/,5.0,7.2,90
skincare-cosmetic-store,"Skincare Cosmetic Store",1.1,1.0,https://downloads.wordpress.org/theme/skincare-cosmetic-store.1.1.zip,"2026-05-05 04:58:49",https://wordpress.org/themes/skincare-cosmetic-store/,5.5,7.2,60
smthing,SmThing,1.0.3,1.0.2,https://downloads.wordpress.org/theme/smthing.1.0.3.zip,"2026-05-05 05:04:51",https://wordpress.org/themes/smthing/,5.9,5.6,10
software-it-company,"Software IT Company",1.3.3,1.3.2,https://downloads.wordpress.org/theme/software-it-company.1.3.3.zip,"2026-05-05 05:41:44",https://wordpress.org/themes/software-it-company/,5.6,7.2,100
spa-parlor,"Spa Parlor",1.0.5,1.0.4,https://downloads.wordpress.org/theme/spa-parlor.1.0.5.zip,"2026-05-05 05:48:42",https://wordpress.org/themes/spa-parlor/,5.3,5.6,20
stock-photos,"Stock Photos",0.8.8,0.8.7,https://downloads.wordpress.org/theme/stock-photos.0.8.8.zip,"2026-05-05 05:10:59",https://wordpress.org/themes/stock-photos/,5.0,7.2,60
tc-e-commerce-shop,"TC E-Commerce Shop",1.5.8,1.5.7,https://downloads.wordpress.org/theme/tc-e-commerce-shop.1.5.8.zip,"2026-05-05 05:08:19",https://wordpress.org/themes/tc-e-commerce-shop/,5.0,7.2,100
tour-travel-agent,"Tour Travel Agent",0.8.0,0.7.9,https://downloads.wordpress.org/theme/tour-travel-agent.0.8.0.zip,"2026-05-05 05:10:57",https://wordpress.org/themes/tour-travel-agent/,5.0,7.2,90
tour-travel-package,"Tour Travel Package",2.2.6,2.2.5,https://downloads.wordpress.org/theme/tour-travel-package.2.2.6.zip,"2026-05-05 05:41:15",https://wordpress.org/themes/tour-travel-package/,5.6,7.2,100
township-lite,"Township Lite",2.1.0,2.0.9,https://downloads.wordpress.org/theme/township-lite.2.1.0.zip,"2026-05-05 05:08:22",https://wordpress.org/themes/township-lite/,5.0,7.2,200
unique-startup,"Unique Startup",2.2.5,2.2.4,https://downloads.wordpress.org/theme/unique-startup.2.2.5.zip,"2026-05-05 05:41:23",https://wordpress.org/themes/unique-startup/,5.6,7.2,30
vintuna,Vintuna,1.0.4,1.0.3,https://downloads.wordpress.org/theme/vintuna.1.0.4.zip,"2026-05-05 05:01:21",https://wordpress.org/themes/vintuna/,5.9,5.6,50
visa-consulting-service,"Visa Consulting Service",0.1.2,0.1.1,https://downloads.wordpress.org/theme/visa-consulting-service.0.1.2.zip,"2026-05-05 05:38:33",https://wordpress.org/themes/visa-consulting-service/,5.0,7.2,0
yoga-kriya,"Yoga Kriya",2.2.8,2.2.7,https://downloads.wordpress.org/theme/yoga-kriya.2.2.8.zip,"2026-05-05 05:41:08",https://wordpress.org/themes/yoga-kriya/,5.6,7.2,40
awesome-shop,"Awesome Shop",1.0.3,,https://downloads.wordpress.org/theme/awesome-shop.1.0.3.zip,"2026-05-05 06:16:35",https://wordpress.org/themes/awesome-shop/,,5.6,0
storex,StoreX,1.0.9,,https://downloads.wordpress.org/theme/storex.1.0.9.zip,"2026-05-05 05:32:13",https://wordpress.org/themes/storex/,,8.2,0
blog-over,"Blog Over",0.0.8,0.0.6,https://downloads.wordpress.org/theme/blog-over.0.0.8.zip,"2026-05-05 07:08:14",https://wordpress.org/themes/blog-over/,,7.4,200
blogging-hub,"Blogging Hub",1.2,1.1,https://downloads.wordpress.org/theme/blogging-hub.1.2.zip,"2026-05-05 09:10:49",https://wordpress.org/themes/blogging-hub/,5.5,5.6,100
book-store-cart,"Book Store Cart",1.0.3,1.0.2,https://downloads.wordpress.org/theme/book-store-cart.1.0.3.zip,"2026-05-05 07:23:25",https://wordpress.org/themes/book-store-cart/,5.9,5.6,100
broadnews,BroadNews,5.1.4,5.1.3,https://downloads.wordpress.org/theme/broadnews.5.1.4.zip,"2026-05-05 08:49:25",https://wordpress.org/themes/broadnews/,4.0,5.0,500
building-architecture,"Building Architecture",0.2.3,0.2.2,https://downloads.wordpress.org/theme/building-architecture.0.2.3.zip,"2026-05-05 08:12:41",https://wordpress.org/themes/building-architecture/,5.0,7.2,40
chocolate-store,"Chocolate Store",1.9.4,1.9.3,https://downloads.wordpress.org/theme/chocolate-store.1.9.4.zip,"2026-05-05 08:32:42",https://wordpress.org/themes/chocolate-store/,,7.2,90
chromenews,ChromeNews,6.1.4,6.1.3,https://downloads.wordpress.org/theme/chromenews.6.1.4.zip,"2026-05-05 08:48:17",https://wordpress.org/themes/chromenews/,4.0,5.0,6000
coupon-flash-deals,"Coupon Flash Deals",1.3.4,1.3.3,https://downloads.wordpress.org/theme/coupon-flash-deals.1.3.4.zip,"2026-05-05 08:32:17",https://wordpress.org/themes/coupon-flash-deals/,,7.2,60
covernews,CoverNews,6.1.4,6.1.3,https://downloads.wordpress.org/theme/covernews.6.1.4.zip,"2026-05-05 08:47:20",https://wordpress.org/themes/covernews/,4.0,5.0,7000
darknews,DarkNews,3.4.4,3.4.3,https://downloads.wordpress.org/theme/darknews.3.4.4.zip,"2026-05-05 08:46:37",https://wordpress.org/themes/darknews/,4.0,5.0,1000
digital-books,"Digital Books",0.8.1,0.8,https://downloads.wordpress.org/theme/digital-books.0.8.1.zip,"2026-05-05 08:01:47",https://wordpress.org/themes/digital-books/,5.0,7.2,200
dog-breeder,"Dog Breeder",0.6.7,0.6.6,https://downloads.wordpress.org/theme/dog-breeder.0.6.7.zip,"2026-05-05 08:01:09",https://wordpress.org/themes/dog-breeder/,5.0,7.2,200
eco-ngo,"Eco NGO",1.9.4,1.9.3,https://downloads.wordpress.org/theme/eco-ngo.1.9.4.zip,"2026-05-05 08:32:03",https://wordpress.org/themes/eco-ngo/,,7.2,40
ecommerce-center,"Ecommerce Center",0.8.1,0.7.1,https://downloads.wordpress.org/theme/ecommerce-center.0.8.1.zip,"2026-05-05 08:00:50",https://wordpress.org/themes/ecommerce-center/,5.0,7.2,50
ecommerce-zone,"Ecommerce Zone",0.9.9,0.9.8,https://downloads.wordpress.org/theme/ecommerce-zone.0.9.9.zip,"2026-05-05 08:00:33",https://wordpress.org/themes/ecommerce-zone/,5.0,7.2,200
educational-zone,"Educational Zone",0.7.7,0.7.6,https://downloads.wordpress.org/theme/educational-zone.0.7.7.zip,"2026-05-05 07:57:09",https://wordpress.org/themes/educational-zone/,5.0,7.2,100
elearning-school,"Elearning School",1.6.4,1.6.3,https://downloads.wordpress.org/theme/elearning-school.1.6.4.zip,"2026-05-05 08:31:40",https://wordpress.org/themes/elearning-school/,,7.2,500
elegant-magazine,"Elegant Magazine",4.4.4,4.4.3,https://downloads.wordpress.org/theme/elegant-magazine.4.4.4.zip,"2026-05-05 08:45:56",https://wordpress.org/themes/elegant-magazine/,4.0,5.0,1000
elite-fashion-shop,"Elite Fashion Shop",5.8.4,5.8.3,https://downloads.wordpress.org/theme/elite-fashion-shop.5.8.4.zip,"2026-05-05 08:31:25",https://wordpress.org/themes/elite-fashion-shop/,,7.2,30
elite-florist,"Elite florist",5.0.4,5.0.3,https://downloads.wordpress.org/theme/elite-florist.5.0.4.zip,"2026-05-05 08:31:11",https://wordpress.org/themes/elite-florist/,,7.2,50
elite-soccer-club,"Elite Soccer Club",1.7.4,1.7.3,https://downloads.wordpress.org/theme/elite-soccer-club.1.7.4.zip,"2026-05-05 08:30:44",https://wordpress.org/themes/elite-soccer-club/,,7.2,90
enternews,EnterNews,3.4.4,3.4.3,https://downloads.wordpress.org/theme/enternews.3.4.4.zip,"2026-05-05 08:45:16",https://wordpress.org/themes/enternews/,4.0,5.0,1000
fashion-estore,"Fashion Estore",0.9.3,0.9.2,https://downloads.wordpress.org/theme/fashion-estore.0.9.3.zip,"2026-05-05 07:56:41",https://wordpress.org/themes/fashion-estore/,5.0,7.2,100
fashion-photography,"Fashion Photography",1.1.4,1.1.3,https://downloads.wordpress.org/theme/fashion-photography.1.1.4.zip,"2026-05-05 07:48:40",https://wordpress.org/themes/fashion-photography/,5.0,7.2,100
film-celebrity,"Film Celebrity",6.7.4,6.7.3,https://downloads.wordpress.org/theme/film-celebrity.6.7.4.zip,"2026-05-05 08:30:31",https://wordpress.org/themes/film-celebrity/,,7.2,40
food-recipe-blog,"Food Recipe Blog",2.9.7,2.9.6,https://downloads.wordpress.org/theme/food-recipe-blog.2.9.7.zip,"2026-05-05 07:48:17",https://wordpress.org/themes/food-recipe-blog/,5.0,7.2,100
freelancer-resume,"Freelancer Resume",17.0,16.0,https://downloads.wordpress.org/theme/freelancer-resume.17.0.zip,"2026-05-05 07:18:54",https://wordpress.org/themes/freelancer-resume/,,7.4,10
fse-church,"FSE Church",1.3.2,1.3.1,https://downloads.wordpress.org/theme/fse-church.1.3.2.zip,"2026-05-05 07:24:40",https://wordpress.org/themes/fse-church/,,5.6,200
fse-gamer,"FSE Gamer",1.2.1,1.2,https://downloads.wordpress.org/theme/fse-gamer.1.2.1.zip,"2026-05-05 07:24:19",https://wordpress.org/themes/fse-gamer/,,5.6,200
fse-political,"FSE Political",1.3.4,1.3.3,https://downloads.wordpress.org/theme/fse-political.1.3.4.zip,"2026-05-05 07:25:06",https://wordpress.org/themes/fse-political/,,5.6,400
fse-portfolio,"FSE Portfolio",1.3.5,1.3.4,https://downloads.wordpress.org/theme/fse-portfolio.1.3.5.zip,"2026-05-05 07:26:06",https://wordpress.org/themes/fse-portfolio/,,5.6,300
fse-solar-power,"FSE Solar Power",2.4,2.3,https://downloads.wordpress.org/theme/fse-solar-power.2.4.zip,"2026-05-05 07:26:21",https://wordpress.org/themes/fse-solar-power/,,5.6,600
hexagon,Hexagon,0.5.8,0.5.7,https://downloads.wordpress.org/theme/hexagon.0.5.8.zip,"2026-05-05 08:15:46",https://wordpress.org/themes/hexagon/,,7.2,100
kids-online-store,"Kids Online Store",0.9.1,0.9.0,https://downloads.wordpress.org/theme/kids-online-store.0.9.1.zip,"2026-05-05 07:47:54",https://wordpress.org/themes/kids-online-store/,5.0,7.2,200
magazine-7,"Magazine 7",3.3.4,3.3.3,https://downloads.wordpress.org/theme/magazine-7.3.3.4.zip,"2026-05-05 08:44:25",https://wordpress.org/themes/magazine-7/,4.0,5.0,700
magnitude,Magnitude,3.3.4,3.3.3,https://downloads.wordpress.org/theme/magnitude.3.3.4.zip,"2026-05-05 08:43:44",https://wordpress.org/themes/magnitude/,4.0,5.0,900
medical-coach,"Medical Coach",3.8.4,3.8.3,https://downloads.wordpress.org/theme/medical-coach.3.8.4.zip,"2026-05-05 08:30:12",https://wordpress.org/themes/medical-coach/,,7.2,60
megavolt-electrician,"MegaVolt Electrician",0.2.6,0.2.5,https://downloads.wordpress.org/theme/megavolt-electrician.0.2.6.zip,"2026-05-05 08:14:18",https://wordpress.org/themes/megavolt-electrician/,5.0,7.2,50
morenews,MoreNews,4.0.2,4.0.1,https://downloads.wordpress.org/theme/morenews.4.0.2.zip,"2026-05-05 08:42:41",https://wordpress.org/themes/morenews/,4.0,5.0,6000
multi-mobile-app,"Multi Mobile App",0.5.6,0.5.5,https://downloads.wordpress.org/theme/multi-mobile-app.0.5.6.zip,"2026-05-05 08:16:51",https://wordpress.org/themes/multi-mobile-app/,,7.2,100
newsever,Newsever,4.4.4,4.4.3,https://downloads.wordpress.org/theme/newsever.4.4.4.zip,"2026-05-05 08:41:48",https://wordpress.org/themes/newsever/,4.0,5.0,1000
newsium,Newsium,4.3.4,4.3.3,https://downloads.wordpress.org/theme/newsium.4.3.4.zip,"2026-05-05 08:41:05",https://wordpress.org/themes/newsium/,4.0,5.0,1000
newspare,NewSpare,4.1.2,4.1.1,https://downloads.wordpress.org/theme/newspare.4.1.2.zip,"2026-05-05 08:39:33",https://wordpress.org/themes/newspare/,5.0,5.0,300
newsphere,Newsphere,4.5.4,4.5.3,https://downloads.wordpress.org/theme/newsphere.4.5.4.zip,"2026-05-05 08:38:50",https://wordpress.org/themes/newsphere/,4.0,5.0,2000
ngo-social-services,"NGO Social Services",0.6.3,0.6.2,https://downloads.wordpress.org/theme/ngo-social-services.0.6.3.zip,"2026-05-05 07:44:36",https://wordpress.org/themes/ngo-social-services/,5.0,7.2,70
party-rental,"Party Rental",1.4.4,1.4.3,https://downloads.wordpress.org/theme/party-rental.1.4.4.zip,"2026-05-05 08:29:44",https://wordpress.org/themes/party-rental/,,7.2,60
pet-care-zone,"Pet Care Zone",4.9.4,4.9.3,https://downloads.wordpress.org/theme/pet-care-zone.4.9.4.zip,"2026-05-05 07:43:02",https://wordpress.org/themes/pet-care-zone/,5.0,7.2,200
photography-album,"Photography Album",3.5.4,3.5.3,https://downloads.wordpress.org/theme/photography-album.3.5.4.zip,"2026-05-05 08:29:28",https://wordpress.org/themes/photography-album/,,7.2,50
podcast-streaming,"Podcast Streaming",1.7.4,1.7.3,https://downloads.wordpress.org/theme/podcast-streaming.1.7.4.zip,"2026-05-05 08:29:08",https://wordpress.org/themes/podcast-streaming/,,7.2,50
restaurant-zone,"Restaurant Zone",0.8.0,0.7.9,https://downloads.wordpress.org/theme/restaurant-zone.0.8.0.zip,"2026-05-05 07:41:46",https://wordpress.org/themes/restaurant-zone/,5.0,7.2,200
reviewnews,ReviewNews,1.4.8,1.4.7,https://downloads.wordpress.org/theme/reviewnews.1.4.8.zip,"2026-05-05 08:37:55",https://wordpress.org/themes/reviewnews/,4.0,5.0,1000
smart-cleaning,"Smart Cleaning",4.8.1,4.8,https://downloads.wordpress.org/theme/smart-cleaning.4.8.1.zip,"2026-05-05 07:39:10",https://wordpress.org/themes/smart-cleaning/,5.0,7.2,100
startup-consultant,"Startup Consultant",1.1.8,1.1.7,https://downloads.wordpress.org/theme/startup-consultant.1.1.8.zip,"2026-05-05 07:25:23",https://wordpress.org/themes/startup-consultant/,,5.6,400
the-corporate-business,"The Corporate Business",1.0.18,1.0.17,https://downloads.wordpress.org/theme/the-corporate-business.1.0.18.zip,"2026-05-05 08:32:13",https://wordpress.org/themes/the-corporate-business/,,5.6,0
trendy-storefront,"Trendy Storefront",1.3,1.2,https://downloads.wordpress.org/theme/trendy-storefront.1.3.zip,"2026-05-05 09:10:58",https://wordpress.org/themes/trendy-storefront/,5.5,5.6,70
vancura,Vancura,2.0.6,2.0.5,https://downloads.wordpress.org/theme/vancura.2.0.6.zip,"2026-05-05 08:16:19",https://wordpress.org/themes/vancura/,,7.2,80
bodyart-tattoo-studio,"Bodyart Tattoo Studio",0.0.3,0.0.2,https://downloads.wordpress.org/theme/bodyart-tattoo-studio.0.0.3.zip,"2026-05-05 11:00:41",https://wordpress.org/themes/bodyart-tattoo-studio/,6.2,7.2,20
charity-aid,"Charity Aid",3.6,3.5,https://downloads.wordpress.org/theme/charity-aid.3.6.zip,"2026-05-05 10:53:02",https://wordpress.org/themes/charity-aid/,,5.6,50
fashion-outfits-trend,"Fashion Outfits Trend",3.6,3.5,https://downloads.wordpress.org/theme/fashion-outfits-trend.3.6.zip,"2026-05-05 10:53:54",https://wordpress.org/themes/fashion-outfits-trend/,,5.6,60
food-restaurant,"Food Restaurant",1.6.4,1.6.3,https://downloads.wordpress.org/theme/food-restaurant.1.6.4.zip,"2026-05-05 10:31:16",https://wordpress.org/themes/food-restaurant/,5.0,7.2,100
home-gardening,"Home Gardening",3.6,3.5,https://downloads.wordpress.org/theme/home-gardening.3.6.zip,"2026-05-05 10:51:51",https://wordpress.org/themes/home-gardening/,,5.6,50
home-renovation-expert,"Home Renovation Expert",0.1.3,0.1.2,https://downloads.wordpress.org/theme/home-renovation-expert.0.1.3.zip,"2026-05-05 10:30:35",https://wordpress.org/themes/home-renovation-expert/,5.3,7.2,20
lawyer-legal-firm,"Lawyer Legal Firm",1.2.1,1.2,https://downloads.wordpress.org/theme/lawyer-legal-firm.1.2.1.zip,"2026-05-05 10:56:09",https://wordpress.org/themes/lawyer-legal-firm/,5.9,5.6,90
magazine-blocks,"Magazine Blocks",1.2.2,1.2.1,https://downloads.wordpress.org/theme/magazine-blocks.1.2.2.zip,"2026-05-05 10:57:45",https://wordpress.org/themes/magazine-blocks/,5.9,5.6,100
marriage-counseling,"Marriage Counseling",0.0.4,0.0.3,https://downloads.wordpress.org/theme/marriage-counseling.0.0.4.zip,"2026-05-05 11:00:23",https://wordpress.org/themes/marriage-counseling/,6.2,7.2,20
newsup,Newsup,5.3.8,5.3.7,https://downloads.wordpress.org/theme/newsup.5.3.8.zip,"2026-05-05 10:43:15",https://wordpress.org/themes/newsup/,6.7,7.4,10000
pixel-charity-nonprofit,"Pixel Charity Nonprofit",3.3,3.2,https://downloads.wordpress.org/theme/pixel-charity-nonprofit.3.3.zip,"2026-05-05 10:56:23",https://wordpress.org/themes/pixel-charity-nonprofit/,,5.6,50
pixel-cyber-security,"Pixel Cyber Security",2.1,2.0,https://downloads.wordpress.org/theme/pixel-cyber-security.2.1.zip,"2026-05-05 10:57:55",https://wordpress.org/themes/pixel-cyber-security/,5.9,5.6,100
pixel-watch-center,"Pixel Watch Center",0.0.7,0.0.6,https://downloads.wordpress.org/theme/pixel-watch-center.0.0.7.zip,"2026-05-05 10:59:17",https://wordpress.org/themes/pixel-watch-center/,5.9,5.6,200
shoe-outlet,"Shoe Outlet",0.0.5,0.0.4,https://downloads.wordpress.org/theme/shoe-outlet.0.0.5.zip,"2026-05-05 11:00:13",https://wordpress.org/themes/shoe-outlet/,6.2,7.2,50
translation-service,"Translation Service",1.3.5,1.3.4,https://downloads.wordpress.org/theme/translation-service.1.3.5.zip,"2026-05-05 10:09:27",https://wordpress.org/themes/translation-service/,5.9,5.6,70
vehicle-detailing,"Vehicle Detailing",1.1.6,1.1.5,https://downloads.wordpress.org/theme/vehicle-detailing.1.1.6.zip,"2026-05-05 10:10:07",https://wordpress.org/themes/vehicle-detailing/,5.9,5.6,200
venture-capital-firm,"Venture Capital Firm",1.2.1,1.2.0,https://downloads.wordpress.org/theme/venture-capital-firm.1.2.1.zip,"2026-05-05 10:14:53",https://wordpress.org/themes/venture-capital-firm/,5.9,5.6,50
veterinary-hospital,"Veterinary Hospital",1.2.3,1.2.2,https://downloads.wordpress.org/theme/veterinary-hospital.1.2.3.zip,"2026-05-05 10:10:17",https://wordpress.org/themes/veterinary-hospital/,5.9,5.6,100
voice-over-studio,"Voice Over Studio",1.3.8,1.3.7,https://downloads.wordpress.org/theme/voice-over-studio.1.3.8.zip,"2026-05-05 10:15:02",https://wordpress.org/themes/voice-over-studio/,5.9,5.6,100
vw-cloud-kitchen,"VW Cloud Kitchen",1.3.6,1.3.5,https://downloads.wordpress.org/theme/vw-cloud-kitchen.1.3.6.zip,"2026-05-05 10:16:18",https://wordpress.org/themes/vw-cloud-kitchen/,5.9,5.6,100
vw-locksmith,"VW Locksmith",0.1.3,0.1.2,https://downloads.wordpress.org/theme/vw-locksmith.0.1.3.zip,"2026-05-05 10:21:20",https://wordpress.org/themes/vw-locksmith/,5.0,7.2,10
vw-online-review,"VW Online Review",1.3.3,1.3.2,https://downloads.wordpress.org/theme/vw-online-review.1.3.3.zip,"2026-05-05 10:22:39",https://wordpress.org/themes/vw-online-review/,5.9,5.6,40
vw-shopping-mall,"VW Shopping Mall",1.2.3,1.2.2,https://downloads.wordpress.org/theme/vw-shopping-mall.1.2.3.zip,"2026-05-05 10:29:01",https://wordpress.org/themes/vw-shopping-mall/,5.9,5.6,90
vw-taxi-booking,"VW Taxi Booking",1.3.0,1.2.9,https://downloads.wordpress.org/theme/vw-taxi-booking.1.3.0.zip,"2026-05-05 10:29:40",https://wordpress.org/themes/vw-taxi-booking/,5.9,5.6,300
yoga-workout,"Yoga Workout",0.0.9,0.0.8,https://downloads.wordpress.org/theme/yoga-workout.0.0.9.zip,"2026-05-05 10:58:52",https://wordpress.org/themes/yoga-workout/,5.9,5.6,40
interior-style,"Interior Style",1.2,,https://downloads.wordpress.org/theme/interior-style.1.2.zip,"2026-05-05 09:32:01",https://wordpress.org/themes/interior-style/,,5.6,0
minamaze-ecommerce,"Minamaze eCommerce",1.0.0,,https://downloads.wordpress.org/theme/minamaze-ecommerce.1.0.0.zip,"2026-05-05 09:46:11",https://wordpress.org/themes/minamaze-ecommerce/,5.0,7.0,0
advancea,Advancea,1.0.42,1.0.41,https://downloads.wordpress.org/theme/advancea.1.0.42.zip,"2026-05-05 13:09:37",https://wordpress.org/themes/advancea/,4.7,5.6,200
anynews,AnyNews,1.0.36,1.0.35,https://downloads.wordpress.org/theme/anynews.1.0.36.zip,"2026-05-05 13:06:26",https://wordpress.org/themes/anynews/,4.7,7.0,700
avanta,Avanta,1.0.39,1.0.38,https://downloads.wordpress.org/theme/avanta.1.0.39.zip,"2026-05-05 13:10:11",https://wordpress.org/themes/avanta/,4.7,5.6,400
coffee-shop-bistro,"Coffee Shop Bistro",1.2.1,1.2.0,https://downloads.wordpress.org/theme/coffee-shop-bistro.1.2.1.zip,"2026-05-05 13:35:14",https://wordpress.org/themes/coffee-shop-bistro/,5.9,5.6,60
corpiva,Corpiva,1.1.7,1.1.6,https://downloads.wordpress.org/theme/corpiva.1.1.7.zip,"2026-05-05 13:07:59",https://wordpress.org/themes/corpiva/,4.7,5.6,2000
corvia,Corvia,1.0.71,1.0.70,https://downloads.wordpress.org/theme/corvia.1.0.71.zip,"2026-05-05 13:09:06",https://wordpress.org/themes/corvia/,4.7,5.6,100
corvine,Corvine,1.0.33,1.0.32,https://downloads.wordpress.org/theme/corvine.1.0.33.zip,"2026-05-05 13:10:43",https://wordpress.org/themes/corvine/,4.7,5.6,200
corvita,Corvita,1.0.81,1.0.80,https://downloads.wordpress.org/theme/corvita.1.0.81.zip,"2026-05-05 13:08:30",https://wordpress.org/themes/corvita/,4.7,5.6,500
courier-company,"Courier Company",1.0.5,1.0.4,https://downloads.wordpress.org/theme/courier-company.1.0.5.zip,"2026-05-05 13:33:23",https://wordpress.org/themes/courier-company/,5.9,5.6,30
coviant,Coviant,1.0,0.9,https://downloads.wordpress.org/theme/coviant.1.0.zip,"2026-05-05 13:11:18",https://wordpress.org/themes/coviant/,4.7,5.6,100
daystory,DayStory,1.1.27,1.1.26,https://downloads.wordpress.org/theme/daystory.1.1.27.zip,"2026-05-05 13:04:43",https://wordpress.org/themes/daystory/,4.7,7.0,100
education-institution,"Education Institution",1.3,1.2,https://downloads.wordpress.org/theme/education-institution.1.3.zip,"2026-05-05 11:52:42",https://wordpress.org/themes/education-institution/,6.1,5.6,70
elevate-construction,"Elevate Construction",1.0.5,1.0.4,https://downloads.wordpress.org/theme/elevate-construction.1.0.5.zip,"2026-05-05 14:23:45",https://wordpress.org/themes/elevate-construction/,5.9,7.4,60
exercise-workout-studio,"Exercise Workout Studio",1.0.6,1.0.5,https://downloads.wordpress.org/theme/exercise-workout-studio.1.0.6.zip,"2026-05-05 13:33:45",https://wordpress.org/themes/exercise-workout-studio/,5.9,5.6,50
fse-dental-clinic,"FSE Dental Clinic",1.1.2,1.1.1,https://downloads.wordpress.org/theme/fse-dental-clinic.1.1.2.zip,"2026-05-05 13:32:19",https://wordpress.org/themes/fse-dental-clinic/,5.9,5.6,200
fse-personal-blog,"FSE Personal Blog",1.1.3,1.1.2,https://downloads.wordpress.org/theme/fse-personal-blog.1.1.3.zip,"2026-05-05 13:32:38",https://wordpress.org/themes/fse-personal-blog/,5.9,5.6,100
fse-pet-shop,"FSE Pet Shop",1.1.4,1.1.3,https://downloads.wordpress.org/theme/fse-pet-shop.1.1.4.zip,"2026-05-05 13:34:44",https://wordpress.org/themes/fse-pet-shop/,5.9,5.6,100
fse-transportation-company,"FSE Transportation Company",1.0.8,1.0.7,https://downloads.wordpress.org/theme/fse-transportation-company.1.0.8.zip,"2026-05-05 13:31:30",https://wordpress.org/themes/fse-transportation-company/,5.9,5.6,100
futuristic-vision,"Futuristic Vision",1.0.6,1.0.5,https://downloads.wordpress.org/theme/futuristic-vision.1.0.6.zip,"2026-05-05 13:28:51",https://wordpress.org/themes/futuristic-vision/,5.9,5.6,100
grocerymart,Grocerymart,1.0.5,1.0.4,https://downloads.wordpress.org/theme/grocerymart.1.0.5.zip,"2026-05-05 13:29:16",https://wordpress.org/themes/grocerymart/,5.9,5.6,200
newsalt,NewsAlt,1.1.7,1.1.6,https://downloads.wordpress.org/theme/newsalt.1.1.7.zip,"2026-05-05 13:05:17",https://wordpress.org/themes/newsalt/,4.7,7.0,300
newsdaily,NewsDaily,1.1.29,1.1.28,https://downloads.wordpress.org/theme/newsdaily.1.1.29.zip,"2026-05-05 13:04:04",https://wordpress.org/themes/newsdaily/,4.7,7.0,900
newshours,NewsHours,1.1,1.0.99,https://downloads.wordpress.org/theme/newshours.1.1.zip,"2026-05-05 13:05:51",https://wordpress.org/themes/newshours/,4.7,7.0,200
newsmash,NewsMash,1.1.45,1.1.44,https://downloads.wordpress.org/theme/newsmash.1.1.45.zip,"2026-05-05 13:03:12",https://wordpress.org/themes/newsmash/,4.7,7.0,700
newsxo,Newsxo,1.5.1,1.5.0,https://downloads.wordpress.org/theme/newsxo.1.5.1.zip,"2026-05-05 13:34:19",https://wordpress.org/themes/newsxo/,6.7,7.4,900
quantum-computing,"Quantum Computing",1.2.0,1.1.9,https://downloads.wordpress.org/theme/quantum-computing.1.2.0.zip,"2026-05-05 13:28:09",https://wordpress.org/themes/quantum-computing/,5.9,5.6,400
tech-software,"Tech Software",1.1.4,1.1.3,https://downloads.wordpress.org/theme/tech-software.1.1.4.zip,"2026-05-05 13:29:35",https://wordpress.org/themes/tech-software/,5.9,5.6,200
event-camera,"Event Camera",1.0,,https://downloads.wordpress.org/theme/event-camera.1.0.zip,"2026-05-05 13:01:15",https://wordpress.org/themes/event-camera/,6.1,5.6,0
fotografie-blocks,"Fotografie Blocks",2.0.1,2.0,https://downloads.wordpress.org/theme/fotografie-blocks.2.0.1.zip,"2026-05-05 16:46:09",https://wordpress.org/themes/fotografie-blocks/,5.9,5.6,1000
pawscentral,PawsCentral,2.4.1,2.4,https://downloads.wordpress.org/theme/pawscentral.2.4.1.zip,"2026-05-05 16:37:12",https://wordpress.org/themes/pawscentral/,5.9,5.6,60
photofocus-blocks,"Photofocus Blocks",3.0.1,3.0,https://downloads.wordpress.org/theme/photofocus-blocks.3.0.1.zip,"2026-05-05 17:05:24",https://wordpress.org/themes/photofocus-blocks/,5.9,7.4,200
teach-kiddo,"Teach Kiddo",1.0.5,1.0.4,https://downloads.wordpress.org/theme/teach-kiddo.1.0.5.zip,"2026-05-05 17:20:31",https://wordpress.org/themes/teach-kiddo/,5.1,5.6,20
top-event,"Top Event",1.0.6,1.0.5,https://downloads.wordpress.org/theme/top-event.1.0.6.zip,"2026-05-05 17:19:16",https://wordpress.org/themes/top-event/,5.0,5.6,80
villa-estate,"Villa Estate",1.0.7,1.0.6,https://downloads.wordpress.org/theme/villa-estate.1.0.7.zip,"2026-05-05 17:18:18",https://wordpress.org/themes/villa-estate/,5.0,5.6,50
workart,Workart,1.0.5,1.0.4,https://downloads.wordpress.org/theme/workart.1.0.5.zip,"2026-05-05 17:17:24",https://wordpress.org/themes/workart/,5.0,5.6,90
flex-blogging,"Flex Blogging",1.1.0,1.0.9,https://downloads.wordpress.org/theme/flex-blogging.1.1.0.zip,"2026-05-05 19:10:46",https://wordpress.org/themes/flex-blogging/,,5.6,200
flex-charity,"Flex Charity",1.1.6,1.1.5,https://downloads.wordpress.org/theme/flex-charity.1.1.6.zip,"2026-05-05 19:10:19",https://wordpress.org/themes/flex-charity/,,5.6,20
flex-fast-food,"Flex Fast Food",1.1.9,1.1.8,https://downloads.wordpress.org/theme/flex-fast-food.1.1.9.zip,"2026-05-05 19:09:59",https://wordpress.org/themes/flex-fast-food/,,5.6,100
flex-home-decor,"Flex Home Decor",1.1.5,1.1.4,https://downloads.wordpress.org/theme/flex-home-decor.1.1.5.zip,"2026-05-05 19:09:37",https://wordpress.org/themes/flex-home-decor/,,5.6,100
flex-interior-design,"Flex Interior Design",1.0.3,1.0.2,https://downloads.wordpress.org/theme/flex-interior-design.1.0.3.zip,"2026-05-05 19:09:15",https://wordpress.org/themes/flex-interior-design/,,5.6,20
flex-kindergarten,"Flex Kindergarten",1.1.2,1.1.1,https://downloads.wordpress.org/theme/flex-kindergarten.1.1.2.zip,"2026-05-05 19:08:47",https://wordpress.org/themes/flex-kindergarten/,,5.6,10
flex-medical,"Flex Medical",1.3,1.2.9,https://downloads.wordpress.org/theme/flex-medical.1.3.zip,"2026-05-05 19:08:29",https://wordpress.org/themes/flex-medical/,,5.6,60
flex-pet-care,"Flex Pet Care",1.0.3,1.0.1,https://downloads.wordpress.org/theme/flex-pet-care.1.0.3.zip,"2026-05-05 19:08:13",https://wordpress.org/themes/flex-pet-care/,,5.6,0
flex-real-estate,"Flex Real Estate",1.1.3,1.1.2,https://downloads.wordpress.org/theme/flex-real-estate.1.1.3.zip,"2026-05-05 19:07:56",https://wordpress.org/themes/flex-real-estate/,,5.6,50
flex-restaurant,"Flex Restaurant",1.1.2,1.1.1,https://downloads.wordpress.org/theme/flex-restaurant.1.1.2.zip,"2026-05-05 19:07:32",https://wordpress.org/themes/flex-restaurant/,,5.6,30
flex-travel,"Flex Travel",1.0.7,1.0.6,https://downloads.wordpress.org/theme/flex-travel.1.0.7.zip,"2026-05-05 19:07:04",https://wordpress.org/themes/flex-travel/,,5.6,80
legal-notary-firm,"Legal Notary Firm",1.0.4,1.0.3,https://downloads.wordpress.org/theme/legal-notary-firm.1.0.4.zip,"2026-05-05 19:05:55",https://wordpress.org/themes/legal-notary-firm/,,5.6,10
neovantage,NEOVANTAGE,2.1.0,2.0.12,https://downloads.wordpress.org/theme/neovantage.2.1.0.zip,"2026-05-05 20:33:59",https://wordpress.org/themes/neovantage/,,8.0,0
academic-tutor,"Academic Tutor",0.0.8,0.0.7,https://downloads.wordpress.org/theme/academic-tutor.0.0.8.zip,"2026-05-06 03:03:11",https://wordpress.org/themes/academic-tutor/,5.0,7.2,40
author-book-publisher,"Author Book Publisher",0.5,0.4,https://downloads.wordpress.org/theme/author-book-publisher.0.5.zip,"2026-05-06 03:02:55",https://wordpress.org/themes/author-book-publisher/,5.0,7.2,70
blogger-base,"Blogger Base",1.1.7,1.1.6,https://downloads.wordpress.org/theme/blogger-base.1.1.7.zip,"2026-05-06 02:43:12",https://wordpress.org/themes/blogger-base/,5.0,7.2,80
blogger-hub,"Blogger Hub",1.5.5,1.5.4,https://downloads.wordpress.org/theme/blogger-hub.1.5.5.zip,"2026-05-06 02:43:41",https://wordpress.org/themes/blogger-hub/,5.0,7.2,90
campus-education,"Campus Education",1.5.4,1.5.3,https://downloads.wordpress.org/theme/campus-education.1.5.4.zip,"2026-05-06 02:43:49",https://wordpress.org/themes/campus-education/,5.0,7.2,70
charity-fundraiser,"Charity Fundraiser",1.4.4,1.4.3,https://downloads.wordpress.org/theme/charity-fundraiser.1.4.4.zip,"2026-05-06 02:43:59",https://wordpress.org/themes/charity-fundraiser/,5.0,7.2,200
core-fitness,"Core Fitness",1.4.1,1.4.0,https://downloads.wordpress.org/theme/core-fitness.1.4.1.zip,"2026-05-06 02:45:31",https://wordpress.org/themes/core-fitness/,5.0,7.2,20
decor-shop,"Decor Shop",0.0.5,0.0.4,https://downloads.wordpress.org/theme/decor-shop.0.0.5.zip,"2026-05-06 03:02:46",https://wordpress.org/themes/decor-shop/,6.2,7.2,20
driving-school-lite,"Driving School Lite",1.3.7,1.3.6,https://downloads.wordpress.org/theme/driving-school-lite.1.3.7.zip,"2026-05-06 02:44:06",https://wordpress.org/themes/driving-school-lite/,5.0,7.2,300
ecommerce-hub,"Ecommerce Hub",1.3.8,1.3.7,https://downloads.wordpress.org/theme/ecommerce-hub.1.3.8.zip,"2026-05-06 02:44:19",https://wordpress.org/themes/ecommerce-hub/,5.0,7.2,70
grocery-marketplace,"Grocery Marketplace",0.0.7,0.0.6,https://downloads.wordpress.org/theme/grocery-marketplace.0.0.7.zip,"2026-05-06 03:01:47",https://wordpress.org/themes/grocery-marketplace/,5.0,7.2,40
house-roofing,"House Roofing",0.0.3,0.0.2,https://downloads.wordpress.org/theme/house-roofing.0.0.3.zip,"2026-05-06 03:01:35",https://wordpress.org/themes/house-roofing/,5.0,7.2,0
luxury-travel,"Luxury Travel",1.4.7,1.4.6,https://downloads.wordpress.org/theme/luxury-travel.1.4.7.zip,"2026-05-06 02:45:56",https://wordpress.org/themes/luxury-travel/,5.0,7.2,50
medical-hospital,"Medical Hospital",1.4.4,1.4.3,https://downloads.wordpress.org/theme/medical-hospital.1.4.4.zip,"2026-05-06 02:44:25",https://wordpress.org/themes/medical-hospital/,5.0,7.2,100
mega-construction,"Mega Construction",1.3.5,1.3.4,https://downloads.wordpress.org/theme/mega-construction.1.3.5.zip,"2026-05-06 02:44:38",https://wordpress.org/themes/mega-construction/,5.0,7.2,90
modern-construction,"Modern Construction",1.1.6,1.1.5,https://downloads.wordpress.org/theme/modern-construction.1.1.6.zip,"2026-05-06 02:44:27",https://wordpress.org/themes/modern-construction/,5.0,7.2,40
multipurpose-lawyer,"Multipurpose Lawyer",1.3.3,1.3.2,https://downloads.wordpress.org/theme/multipurpose-lawyer.1.3.3.zip,"2026-05-06 02:44:56",https://wordpress.org/themes/multipurpose-lawyer/,5.0,7.2,80
multipurpose-magazine,"Multipurpose Magazine",1.4.1,1.4.0,https://downloads.wordpress.org/theme/multipurpose-magazine.1.4.1.zip,"2026-05-06 02:45:06",https://wordpress.org/themes/multipurpose-magazine/,5.0,7.2,100
multipurpose-startup,"Multipurpose Startup",1.3.8,1.3.7,https://downloads.wordpress.org/theme/multipurpose-startup.1.3.8.zip,"2026-05-06 02:45:05",https://wordpress.org/themes/multipurpose-startup/,5.0,7.2,60
plumbing-mechanic,"Plumbing Mechanic",0.0.3,0.0.2,https://downloads.wordpress.org/theme/plumbing-mechanic.0.0.3.zip,"2026-05-06 03:01:07",https://wordpress.org/themes/plumbing-mechanic/,6.2,7.2,0
preschool-classes,"Preschool Classes",0.1.2,0.1.1,https://downloads.wordpress.org/theme/preschool-classes.0.1.2.zip,"2026-05-06 03:00:51",https://wordpress.org/themes/preschool-classes/,5.0,7.2,40
saas-software,"SAAS Software",0.1.2,0.1.1,https://downloads.wordpress.org/theme/saas-software.0.1.2.zip,"2026-05-06 03:00:39",https://wordpress.org/themes/saas-software/,5.0,7.2,40
study-abroad,"Study Abroad",0.1.1,0.1.0,https://downloads.wordpress.org/theme/study-abroad.0.1.1.zip,"2026-05-06 03:04:23",https://wordpress.org/themes/study-abroad/,5.0,7.2,40
taina,Tainá,0.2.7,0.2.6,https://downloads.wordpress.org/theme/taina.0.2.7.zip,"2026-05-06 02:11:11",https://wordpress.org/themes/taina/,6.0,7.3,30
the-perfumist,"The Perfumist",0.0.8,0.0.7,https://downloads.wordpress.org/theme/the-perfumist.0.0.8.zip,"2026-05-06 03:00:04",https://wordpress.org/themes/the-perfumist/,5.0,7.2,40
the-wp-business,"The WP Business",2.3.7,2.3.6,https://downloads.wordpress.org/theme/the-wp-business.2.3.7.zip,"2026-05-06 02:45:59",https://wordpress.org/themes/the-wp-business/,5.0,7.2,60
the-wp-fitness,"The WP Fitness",1.3.6,1.3.5,https://downloads.wordpress.org/theme/the-wp-fitness.1.3.6.zip,"2026-05-06 02:46:04",https://wordpress.org/themes/the-wp-fitness/,5.0,7.2,60
timber-work,"Timber Work",0.0.5,0.0.4,https://downloads.wordpress.org/theme/timber-work.0.0.5.zip,"2026-05-06 02:59:54",https://wordpress.org/themes/timber-work/,5.0,7.2,10
watch-store-shop,"Watch Store Shop",0.0.6,0.0.5,https://downloads.wordpress.org/theme/watch-store-shop.0.0.6.zip,"2026-05-06 02:58:26",https://wordpress.org/themes/watch-store-shop/,5.0,7.2,40
creativ-travel-fse,"Creativ Travel FSE",1.0.4,,https://downloads.wordpress.org/theme/creativ-travel-fse.1.0.4.zip,"2026-05-06 06:01:19",https://wordpress.org/themes/creativ-travel-fse/,6.4,7.4,0
multi-purpose,"Multi Purpose",0.0.1,,https://downloads.wordpress.org/theme/multi-purpose.0.0.1.zip,"2026-05-06 06:01:29",https://wordpress.org/themes/multi-purpose/,6.2,7.2,0
alpha-digital-agency,"Alpha Digital Agency",4.8,4.7,https://downloads.wordpress.org/theme/alpha-digital-agency.4.8.zip,"2026-05-06 08:31:17",https://wordpress.org/themes/alpha-digital-agency/,5.9,5.6,60
alpha-travel-vacations,"Alpha Travel Vacations",4.8,4.7,https://downloads.wordpress.org/theme/alpha-travel-vacations.4.8.zip,"2026-05-06 08:36:54",https://wordpress.org/themes/alpha-travel-vacations/,5.9,5.6,100
blogification,Blogification,1.5,1.4,https://downloads.wordpress.org/theme/blogification.1.5.zip,"2026-05-06 08:44:59",https://wordpress.org/themes/blogification/,5.1,5.6,60
builder-and-developer,"Builder And Developer",1.3.2,1.3.1,https://downloads.wordpress.org/theme/builder-and-developer.1.3.2.zip,"2026-05-06 09:12:19",https://wordpress.org/themes/builder-and-developer/,5.9,5.6,200
carpet-store,"Carpet Store",4.8,4.7,https://downloads.wordpress.org/theme/carpet-store.4.8.zip,"2026-05-06 08:37:48",https://wordpress.org/themes/carpet-store/,5.9,5.6,30
charity-welfare-funds,"Charity Welfare Funds",0.4.6,0.4.5,https://downloads.wordpress.org/theme/charity-welfare-funds.0.4.6.zip,"2026-05-06 09:12:32",https://wordpress.org/themes/charity-welfare-funds/,5.0,7.2,100
dark-music,"Dark Music",1.0.7,1.0.6,https://downloads.wordpress.org/theme/dark-music.1.0.7.zip,"2026-05-06 08:44:29",https://wordpress.org/themes/dark-music/,5.0,5.6,100
eco-solar-power,"Eco Solar Power",0.2.0,0.1.9,https://downloads.wordpress.org/theme/eco-solar-power.0.2.0.zip,"2026-05-06 08:14:55",https://wordpress.org/themes/eco-solar-power/,5.0,7.2,50
express-movers,"Express Movers",23.0,22.0,https://downloads.wordpress.org/theme/express-movers.23.0.zip,"2026-05-06 07:26:14",https://wordpress.org/themes/express-movers/,,7.4,30
halloween-gift-store,"Halloween Gift Store",1.3.7,1.3.6,https://downloads.wordpress.org/theme/halloween-gift-store.1.3.7.zip,"2026-05-06 09:12:34",https://wordpress.org/themes/halloween-gift-store/,5.9,5.6,40
health-assistant,"Health Assistant",1.0.1,1.0.0,https://downloads.wordpress.org/theme/health-assistant.1.0.1.zip,"2026-05-06 08:21:20",https://wordpress.org/themes/health-assistant/,5.9,7.2,20
home-repair-service,"Home Repair Service",0.3.5,0.3.4,https://downloads.wordpress.org/theme/home-repair-service.0.3.5.zip,"2026-05-06 09:12:31",https://wordpress.org/themes/home-repair-service/,5.0,7.2,30
home-tutor,"Home Tutor",0.9,0.8,https://downloads.wordpress.org/theme/home-tutor.0.9.zip,"2026-05-06 09:12:34",https://wordpress.org/themes/home-tutor/,5.0,7.2,20
ice-cream-dish,"Ice Cream Dish",3.8,3.7,https://downloads.wordpress.org/theme/ice-cream-dish.3.8.zip,"2026-05-06 08:38:29",https://wordpress.org/themes/ice-cream-dish/,5.9,5.6,30
jobstride-resume,"Jobstride Resume",0.2.3,0.2.2,https://downloads.wordpress.org/theme/jobstride-resume.0.2.3.zip,"2026-05-06 08:14:20",https://wordpress.org/themes/jobstride-resume/,5.0,7.2,50
jungle-safari,"Jungle Safari",0.2.7,0.2.6,https://downloads.wordpress.org/theme/jungle-safari.0.2.7.zip,"2026-05-06 09:13:02",https://wordpress.org/themes/jungle-safari/,5.0,7.2,40
kindergarten-learning,"Kindergarten Learning",4.1,4.0,https://downloads.wordpress.org/theme/kindergarten-learning.4.1.zip,"2026-05-06 08:38:28",https://wordpress.org/themes/kindergarten-learning/,5.9,5.6,30
lz-food-recipee,"LZ Food Recipee",0.5.5,0.5.4,https://downloads.wordpress.org/theme/lz-food-recipee.0.5.5.zip,"2026-05-06 08:15:20",https://wordpress.org/themes/lz-food-recipee/,,7.2,60
lz-software-company,"LZ Software Company",0.5.1,0.5.0,https://downloads.wordpress.org/theme/lz-software-company.0.5.1.zip,"2026-05-06 08:16:11",https://wordpress.org/themes/lz-software-company/,,7.2,60
master-study-lite,"Master Study Lite",0.3.5,0.3.4,https://downloads.wordpress.org/theme/master-study-lite.0.3.5.zip,"2026-05-06 09:13:01",https://wordpress.org/themes/master-study-lite/,5.0,7.2,90
mattress-shop,"Mattress Shop",1.1.5,1.1.4,https://downloads.wordpress.org/theme/mattress-shop.1.1.5.zip,"2026-05-06 09:13:27",https://wordpress.org/themes/mattress-shop/,5.9,5.6,200
outdoor-restaurant,"Outdoor Restaurant",4.8,4.7,https://downloads.wordpress.org/theme/outdoor-restaurant.4.8.zip,"2026-05-06 08:39:17",https://wordpress.org/themes/outdoor-restaurant/,5.9,5.6,400
pc-gaming,"PC Gaming",4.8,4.7,https://downloads.wordpress.org/theme/pc-gaming.4.8.zip,"2026-05-06 08:39:49",https://wordpress.org/themes/pc-gaming/,5.9,5.6,70
prime-fitness-gym,"Prime Fitness Gym",1.0.24,1.0.23,https://downloads.wordpress.org/theme/prime-fitness-gym.1.0.24.zip,"2026-05-06 07:32:27",https://wordpress.org/themes/prime-fitness-gym/,,5.6,0
print-on-demand-shop,"Print On Demand Shop",0.2.9,0.2.8,https://downloads.wordpress.org/theme/print-on-demand-shop.0.2.9.zip,"2026-05-06 09:13:32",https://wordpress.org/themes/print-on-demand-shop/,5.0,7.2,90
real-estate-valuation,"Real Estate Valuation",4.4,4.3,https://downloads.wordpress.org/theme/real-estate-valuation.4.4.zip,"2026-05-06 08:41:02",https://wordpress.org/themes/real-estate-valuation/,5.9,5.6,90
rest-house,"Rest House",1.2.5,1.2.4,https://downloads.wordpress.org/theme/rest-house.1.2.5.zip,"2026-05-06 09:13:32",https://wordpress.org/themes/rest-house/,5.9,5.6,100
school-classroom,"School Classroom",3.9,3.8,https://downloads.wordpress.org/theme/school-classroom.3.9.zip,"2026-05-06 08:41:35",https://wordpress.org/themes/school-classroom/,5.9,5.6,200
spa-treatment,"Spa Treatment",3.8,3.7,https://downloads.wordpress.org/theme/spa-treatment.3.8.zip,"2026-05-06 08:41:50",https://wordpress.org/themes/spa-treatment/,5.9,5.6,60
stylish-fashion-designer,"Stylish Fashion Designer",0.3.7,0.3.6,https://downloads.wordpress.org/theme/stylish-fashion-designer.0.3.7.zip,"2026-05-06 09:13:39",https://wordpress.org/themes/stylish-fashion-designer/,,7.2,100
tastypress,Tastypress,1.0.7,1.0.6,https://downloads.wordpress.org/theme/tastypress.1.0.7.zip,"2026-05-06 08:43:56",https://wordpress.org/themes/tastypress/,5.0,5.6,30
toy-storefront,"Toy Storefront",4.7,4.6,https://downloads.wordpress.org/theme/toy-storefront.4.7.zip,"2026-05-06 08:41:43",https://wordpress.org/themes/toy-storefront/,5.9,5.6,100
travel-holiday-spots,"Travel Holiday Spots",3.9,3.8,https://downloads.wordpress.org/theme/travel-holiday-spots.3.9.zip,"2026-05-06 08:42:42",https://wordpress.org/themes/travel-holiday-spots/,5.9,5.6,70
ultra-print,"Ultra Print",0.6.3,0.6.2,https://downloads.wordpress.org/theme/ultra-print.0.6.3.zip,"2026-05-06 08:16:44",https://wordpress.org/themes/ultra-print/,5.0,7.2,60
vw-bakery-blocks,"VW Bakery Blocks",1.6.3,1.6.2,https://downloads.wordpress.org/theme/vw-bakery-blocks.1.6.3.zip,"2026-05-06 09:17:00",https://wordpress.org/themes/vw-bakery-blocks/,5.9,7.2,200
vw-church,"VW Church",0.7.9,0.7.8,https://downloads.wordpress.org/theme/vw-church.0.7.9.zip,"2026-05-06 09:18:18",https://wordpress.org/themes/vw-church/,5.0,7.2,200
vw-dark,"VW Dark",0.9.8,0.9.7,https://downloads.wordpress.org/theme/vw-dark.0.9.8.zip,"2026-05-06 09:19:29",https://wordpress.org/themes/vw-dark/,5.0,7.2,100
vw-handyman-services,"VW Handyman Services",1.2.2,1.2.1,https://downloads.wordpress.org/theme/vw-handyman-services.1.2.2.zip,"2026-05-06 09:22:16",https://wordpress.org/themes/vw-handyman-services/,5.0,7.2,50
vw-healthcare,"VW Healthcare",1.4.9,1.4.8,https://downloads.wordpress.org/theme/vw-healthcare.1.4.9.zip,"2026-05-06 09:22:54",https://wordpress.org/themes/vw-healthcare/,5.0,7.2,300
vw-job-board,"VW Job Board",0.9.8,0.9.7,https://downloads.wordpress.org/theme/vw-job-board.0.9.8.zip,"2026-05-06 09:23:17",https://wordpress.org/themes/vw-job-board/,5.0,7.2,300
vw-kids-store,"VW Kids Store",1.9.6,1.9.5,https://downloads.wordpress.org/theme/vw-kids-store.1.9.6.zip,"2026-05-06 09:17:21",https://wordpress.org/themes/vw-kids-store/,5.0,7.2,100
vw-kindergarten,"VW Kindergarten",1.1.3,1.1.2,https://downloads.wordpress.org/theme/vw-kindergarten.1.1.3.zip,"2026-05-06 09:24:23",https://wordpress.org/themes/vw-kindergarten/,5.0,7.2,300
vw-logistics-shipping,"VW Logistics Shipping",0.6.7,0.6.6,https://downloads.wordpress.org/theme/vw-logistics-shipping.0.6.7.zip,"2026-05-06 09:26:42",https://wordpress.org/themes/vw-logistics-shipping/,5.0,7.2,200
vw-nutritionist-coach,"VW Nutritionist Coach",1.7.4,1.7.3,https://downloads.wordpress.org/theme/vw-nutritionist-coach.1.7.4.zip,"2026-05-06 09:27:00",https://wordpress.org/themes/vw-nutritionist-coach/,5.0,7.2,200
vw-sports,"VW Sports",1.2.1,1.2.0,https://downloads.wordpress.org/theme/vw-sports.1.2.1.zip,"2026-05-06 09:28:10",https://wordpress.org/themes/vw-sports/,5.0,7.2,400
vw-wellness-coach,"VW Wellness Coach",2.2.4,2.2.3,https://downloads.wordpress.org/theme/vw-wellness-coach.2.2.4.zip,"2026-05-06 09:17:53",https://wordpress.org/themes/vw-wellness-coach/,5.0,7.2,200
academic-education,"Academic Education",0.7.3,0.7.2,https://downloads.wordpress.org/theme/academic-education.0.7.3.zip,"2026-05-06 11:02:43",https://wordpress.org/themes/academic-education/,5.0,7.2,100
appliance-ecommerce-store,"Appliance Ecommerce Store",2.3,2.2,https://downloads.wordpress.org/theme/appliance-ecommerce-store.2.3.zip,"2026-05-06 10:42:15",https://wordpress.org/themes/appliance-ecommerce-store/,5.0,5.6,200
buildora-architect,"Buildora Architect",1.6,1.4,https://downloads.wordpress.org/theme/buildora-architect.1.6.zip,"2026-05-06 10:42:00",https://wordpress.org/themes/buildora-architect/,5.0,5.6,40
construction-architect,"Construction Architect",2.0.6,2.0.5,https://downloads.wordpress.org/theme/construction-architect.2.0.6.zip,"2026-05-06 09:56:49",https://wordpress.org/themes/construction-architect/,,5.6,200
construction-service,"Construction Service",1.6.3,1.6.2,https://downloads.wordpress.org/theme/construction-service.1.6.3.zip,"2026-05-06 11:41:04",https://wordpress.org/themes/construction-service/,,7.2,100
crowdfunding-nonprofit,"Crowdfunding Nonprofit",2.0,1.9,https://downloads.wordpress.org/theme/crowdfunding-nonprofit.2.0.zip,"2026-05-06 10:41:39",https://wordpress.org/themes/crowdfunding-nonprofit/,5.0,5.6,20
ecommerce-gift-cart,"Ecommerce Gift Cart",1.5.6,1.5.5,https://downloads.wordpress.org/theme/ecommerce-gift-cart.1.5.6.zip,"2026-05-06 09:56:02",https://wordpress.org/themes/ecommerce-gift-cart/,,5.6,300
estate-brokerage-services,"Estate Brokerage Services",1.6,1.5,https://downloads.wordpress.org/theme/estate-brokerage-services.1.6.zip,"2026-05-06 10:41:24",https://wordpress.org/themes/estate-brokerage-services/,5.0,5.6,30
event-managerial-service,"Event Managerial Service",1.0.2,1.0.1,https://downloads.wordpress.org/theme/event-managerial-service.1.0.2.zip,"2026-05-06 11:18:43",https://wordpress.org/themes/event-managerial-service/,5.5,5.6,0
expert-business-consultant,"Expert Business Consultant",11.8,11.7,https://downloads.wordpress.org/theme/expert-business-consultant.11.8.zip,"2026-05-06 11:41:45",https://wordpress.org/themes/expert-business-consultant/,,7.2,40
finix-investment-firm,"Finix Investment Firm",0.5,0.3,https://downloads.wordpress.org/theme/finix-investment-firm.0.5.zip,"2026-05-06 10:40:23",https://wordpress.org/themes/finix-investment-firm/,5.0,5.6,10
fm-radio-station,"FM Radio Station",1.9,1.8,https://downloads.wordpress.org/theme/fm-radio-station.1.9.zip,"2026-05-06 10:40:16",https://wordpress.org/themes/fm-radio-station/,5.0,5.6,80
fse-coaching-institute,"FSE Coaching Institute",1.3.4,1.3.3,https://downloads.wordpress.org/theme/fse-coaching-institute.1.3.4.zip,"2026-05-06 09:55:16",https://wordpress.org/themes/fse-coaching-institute/,,5.6,400
green-grocer,"Green Grocer",0.9,0.8,https://downloads.wordpress.org/theme/green-grocer.0.9.zip,"2026-05-06 11:41:46",https://wordpress.org/themes/green-grocer/,,7.2,80
green-market,"Green Market",1.7.6,1.7.4,https://downloads.wordpress.org/theme/green-market.1.7.6.zip,"2026-05-06 09:55:39",https://wordpress.org/themes/green-market/,,5.6,200
hotel-resort,"Hotel Resort",1.3.3,1.3.2,https://downloads.wordpress.org/theme/hotel-resort.1.3.3.zip,"2026-05-06 11:02:04",https://wordpress.org/themes/hotel-resort/,,7.2,100
hr-services,"HR Services",1.7,1.6,https://downloads.wordpress.org/theme/hr-services.1.7.zip,"2026-05-06 10:39:43",https://wordpress.org/themes/hr-services/,5.0,5.6,40
montessori-kindergarten,"Montessori Kindergarten",2.2.5,2.2.4,https://downloads.wordpress.org/theme/montessori-kindergarten.2.2.5.zip,"2026-05-06 09:57:31",https://wordpress.org/themes/montessori-kindergarten/,,5.6,200
multipurpose-sports-club,"Multipurpose Sports Club",2.1,2.0,https://downloads.wordpress.org/theme/multipurpose-sports-club.2.1.zip,"2026-05-06 10:38:01",https://wordpress.org/themes/multipurpose-sports-club/,5.0,5.6,100
nexter,Nexter,4.2.10,4.2.9,https://downloads.wordpress.org/theme/nexter.4.2.10.zip,"2026-05-06 10:05:28",https://wordpress.org/themes/nexter/,4.7,5.6,2000
oigny-lite,"Oigny Lite",1.1.1,1.0.5,https://downloads.wordpress.org/theme/oigny-lite.1.1.1.zip,"2026-05-06 09:44:34",https://wordpress.org/themes/oigny-lite/,6.5,7.4.21,2000
online-education-lms,"Online Education LMS",2.0,1.9,https://downloads.wordpress.org/theme/online-education-lms.2.0.zip,"2026-05-06 10:37:47",https://wordpress.org/themes/online-education-lms/,5.0,5.6,100
online-startup-agency,"Online Startup Agency",2.2,2.1,https://downloads.wordpress.org/theme/online-startup-agency.2.2.zip,"2026-05-06 10:36:14",https://wordpress.org/themes/online-startup-agency/,5.0,5.6,30
panoramic,Panoramic,1.1.91,1.1.90,https://downloads.wordpress.org/theme/panoramic.1.1.91.zip,"2026-05-06 10:46:49",https://wordpress.org/themes/panoramic/,4.7,5.3,6000
plant-nursery,"Plant Nursery",1.6.4,1.6.2,https://downloads.wordpress.org/theme/plant-nursery.1.6.4.zip,"2026-05-06 09:56:13",https://wordpress.org/themes/plant-nursery/,,5.6,200
product-review,"Product Review",2.4,2.3,https://downloads.wordpress.org/theme/product-review.2.4.zip,"2026-05-06 10:35:28",https://wordpress.org/themes/product-review/,5.0,5.6,100
residential-real-estate,"Residential Real Estate",2.2.3,2.2.1,https://downloads.wordpress.org/theme/residential-real-estate.2.2.3.zip,"2026-05-06 09:56:37",https://wordpress.org/themes/residential-real-estate/,,5.6,400
startupzy,Startupzy,1.2.1,1.1.6,https://downloads.wordpress.org/theme/startupzy.1.2.1.zip,"2026-05-06 09:40:46",https://wordpress.org/themes/startupzy/,6.5,7.0,2000
style-accessories,"Style Accessories",1.2,1.0,https://downloads.wordpress.org/theme/style-accessories.1.2.zip,"2026-05-06 11:43:41",https://wordpress.org/themes/style-accessories/,5.9,5.6,40
zeever,Zeever,1.2.1,1.2.0,https://downloads.wordpress.org/theme/zeever.1.2.1.zip,"2026-05-06 09:42:51",https://wordpress.org/themes/zeever/,6.5,7.0,9000
zooey,Zooey,1.2.4,1.2.3,https://downloads.wordpress.org/theme/zooey.1.2.4.zip,"2026-05-06 11:30:37",https://wordpress.org/themes/zooey/,6.4,7.0,200
anavo,Anavo,3.6,3.5,https://downloads.wordpress.org/theme/anavo.3.6.zip,"2026-05-06 13:06:35",https://wordpress.org/themes/anavo/,4.7,5.6,20
appointable,Appointable,18.2,18.1,https://downloads.wordpress.org/theme/appointable.18.2.zip,"2026-05-06 12:58:29",https://wordpress.org/themes/appointable/,4.7,5.6,50
arkbiz,ArkBiz,18.2,18.1,https://downloads.wordpress.org/theme/arkbiz.18.2.zip,"2026-05-06 13:04:40",https://wordpress.org/themes/arkbiz/,4.7,5.6,60
aromatic,Aromatic,26.9,26.8,https://downloads.wordpress.org/theme/aromatic.26.9.zip,"2026-05-06 13:25:32",https://wordpress.org/themes/aromatic/,4.7,5.6,100
avira,Avira,20.3,20.2,https://downloads.wordpress.org/theme/avira.20.3.zip,"2026-05-06 13:06:11",https://wordpress.org/themes/avira/,4.7,5.6,600
ayroma,Ayroma,26.2,26.1,https://downloads.wordpress.org/theme/ayroma.26.2.zip,"2026-05-06 13:23:45",https://wordpress.org/themes/ayroma/,4.7,5.6,100
benzer,Benzer,20.3,20.2,https://downloads.wordpress.org/theme/benzer.20.3.zip,"2026-05-06 13:11:19",https://wordpress.org/themes/benzer/,4.7,5.6,800
car-service-center,"Car Service Center",4.1,4.0,https://downloads.wordpress.org/theme/car-service-center.4.1.zip,"2026-05-06 12:52:59",https://wordpress.org/themes/car-service-center/,,5.6,40
cartable,Cartable,18.2,18.1,https://downloads.wordpress.org/theme/cartable.18.2.zip,"2026-05-06 12:53:37",https://wordpress.org/themes/cartable/,4.7,5.6,100
centrum,Centrum,2.7,2.6,https://downloads.wordpress.org/theme/centrum.2.7.zip,"2026-05-06 13:10:58",https://wordpress.org/themes/centrum/,4.7,5.6,90
contry,Contry,3.3,3.2,https://downloads.wordpress.org/theme/contry.3.3.zip,"2026-05-06 13:08:17",https://wordpress.org/themes/contry/,4.7,5.6,20
daily-mart,"Daily Mart",5.2,5.1,https://downloads.wordpress.org/theme/daily-mart.5.2.zip,"2026-05-06 13:21:46",https://wordpress.org/themes/daily-mart/,,5.6,30
electromix-digital,"Electromix Digital",1.6,1.5,https://downloads.wordpress.org/theme/electromix-digital.1.6.zip,"2026-05-06 13:36:36",https://wordpress.org/themes/electromix-digital/,,5.6,20
electromix,Electromix,2.2,2.1,https://downloads.wordpress.org/theme/electromix.2.2.zip,"2026-05-06 13:37:39",https://wordpress.org/themes/electromix/,4.7,5.6,100
envitech,Envitech,11.8,11.7,https://downloads.wordpress.org/theme/envitech.11.8.zip,"2026-05-06 13:09:39",https://wordpress.org/themes/envitech/,,7.0,50
exnova,Exnova,9.6,9.5,https://downloads.wordpress.org/theme/exnova.9.6.zip,"2026-05-06 13:10:09",https://wordpress.org/themes/exnova/,4.7,5.6,40
express-store,"Express Store",22.3,22.2,https://downloads.wordpress.org/theme/express-store.22.3.zip,"2026-05-06 13:33:36",https://wordpress.org/themes/express-store/,,5.6,40
fabify,Fabify,20.3,20.2,https://downloads.wordpress.org/theme/fabify.20.3.zip,"2026-05-06 13:07:57",https://wordpress.org/themes/fabify/,4.7,5.6,800
feauty,Feauty,26.1,26.0,https://downloads.wordpress.org/theme/feauty.26.1.zip,"2026-05-06 13:35:17",https://wordpress.org/themes/feauty/,4.7,5.6,200
flexi-mart,"Flexi Mart",13.3,13.2,https://downloads.wordpress.org/theme/flexi-mart.13.3.zip,"2026-05-06 13:33:59",https://wordpress.org/themes/flexi-mart/,,5.6,10
flossy,Flossy,18.7,18.6,https://downloads.wordpress.org/theme/flossy.18.7.zip,"2026-05-06 13:32:08",https://wordpress.org/themes/flossy/,4.7,5.6,40
flow-store,"Flow Store",14.4,14.3,https://downloads.wordpress.org/theme/flow-store.14.4.zip,"2026-05-06 13:22:05",https://wordpress.org/themes/flow-store/,,5.6,20
fortify,Fortify,10.2,10.1,https://downloads.wordpress.org/theme/fortify.10.2.zip,"2026-05-06 13:04:20",https://wordpress.org/themes/fortify/,4.7,5.6,30
grocerly,Grocerly,4.6,4.5,https://downloads.wordpress.org/theme/grocerly.4.6.zip,"2026-05-06 13:20:42",https://wordpress.org/themes/grocerly/,,5.6,50
grocery-supermarket-chain,"Grocery Supermarket Chain",4.0,3.9,https://downloads.wordpress.org/theme/grocery-supermarket-chain.4.0.zip,"2026-05-06 12:53:09",https://wordpress.org/themes/grocery-supermarket-chain/,,5.6,30
heropress,HeroPress,20.2,20.1,https://downloads.wordpress.org/theme/heropress.20.2.zip,"2026-05-06 13:03:56",https://wordpress.org/themes/heropress/,4.7,5.6,300
hstore,hstore,18.2,18.1,https://downloads.wordpress.org/theme/hstore.18.2.zip,"2026-05-06 13:02:44",https://wordpress.org/themes/hstore/,4.7,5.6,20
ideate,Ideate,18.2,18.1,https://downloads.wordpress.org/theme/ideate.18.2.zip,"2026-05-06 12:32:05",https://wordpress.org/themes/ideate/,4.7,5.6,50
law-justice,"Law Justice",1.3.2,1.3.1,https://downloads.wordpress.org/theme/law-justice.1.3.2.zip,"2026-05-06 12:52:43",https://wordpress.org/themes/law-justice/,,5.6,40
laxity,Laxity,18.2,18.1,https://downloads.wordpress.org/theme/laxity.18.2.zip,"2026-05-06 13:03:29",https://wordpress.org/themes/laxity/,4.7,5.6,60
magzee,MagZee,20.2,20.1,https://downloads.wordpress.org/theme/magzee.20.2.zip,"2026-05-06 13:01:27",https://wordpress.org/themes/magzee/,4.7,5.6,600
medo-pixel,"Medo Pixel",1.2.7,1.2.6,https://downloads.wordpress.org/theme/medo-pixel.1.2.7.zip,"2026-05-06 12:49:06",https://wordpress.org/themes/medo-pixel/,,5.6,10
mega-mart,"Mega Mart",4.9,4.8,https://downloads.wordpress.org/theme/mega-mart.4.9.zip,"2026-05-06 13:19:05",https://wordpress.org/themes/mega-mart/,4.7,5.6,70
multi-purpose,"Multi Purpose",0.0.2,0.0.1,https://downloads.wordpress.org/theme/multi-purpose.0.0.2.zip,"2026-05-06 12:46:57",https://wordpress.org/themes/multi-purpose/,6.2,7.2,0
neek,Neek,18.2,18.1,https://downloads.wordpress.org/theme/neek.18.2.zip,"2026-05-06 13:00:12",https://wordpress.org/themes/neek/,4.7,5.6,80
nifty-lite,"Nifty Lite",20.1,20.0,https://downloads.wordpress.org/theme/nifty-lite.20.1.zip,"2026-05-06 12:27:02",https://wordpress.org/themes/nifty-lite/,4.7,5.6,300
paw-bazaar,"Paw Bazaar",10.1,10.0,https://downloads.wordpress.org/theme/paw-bazaar.10.1.zip,"2026-05-06 13:35:39",https://wordpress.org/themes/paw-bazaar/,,5.6,10
pet-bazaar,"Pet Bazaar",10.9,10.8,https://downloads.wordpress.org/theme/pet-bazaar.10.9.zip,"2026-05-06 13:34:39",https://wordpress.org/themes/pet-bazaar/,4.7,5.6,90
pet-store,"Pet Store",9.7,9.6,https://downloads.wordpress.org/theme/pet-store.9.7.zip,"2026-05-06 13:32:38",https://wordpress.org/themes/pet-store/,,5.6,70
pixel-digital-marketing,"Pixel Digital Marketing",4.1,4.0,https://downloads.wordpress.org/theme/pixel-digital-marketing.4.1.zip,"2026-05-06 12:53:20",https://wordpress.org/themes/pixel-digital-marketing/,,5.6,40
pixel-transport,"Pixel Transport",1.3.3,1.3.2,https://downloads.wordpress.org/theme/pixel-transport.1.3.3.zip,"2026-05-06 12:51:39",https://wordpress.org/themes/pixel-transport/,,5.6,40
proficient,Proficient,20.1,20.0,https://downloads.wordpress.org/theme/proficient.20.1.zip,"2026-05-06 13:00:43",https://wordpress.org/themes/proficient/,4.7,5.6,700
retailsy,Retailsy,26.2,26.1,https://downloads.wordpress.org/theme/retailsy.26.2.zip,"2026-05-06 13:29:05",https://wordpress.org/themes/retailsy/,4.7,5.6,300
rockbiz,RockBiz,18.1,18.0,https://downloads.wordpress.org/theme/rockbiz.18.1.zip,"2026-05-06 12:25:47",https://wordpress.org/themes/rockbiz/,4.7,5.6,20
scelar,Scelar,18.1,18.0,https://downloads.wordpress.org/theme/scelar.18.1.zip,"2026-05-06 12:57:00",https://wordpress.org/themes/scelar/,4.7,5.6,40
scolax,Scolax,19.4,19.3,https://downloads.wordpress.org/theme/scolax.19.4.zip,"2026-05-06 13:07:35",https://wordpress.org/themes/scolax/,4.7,5.6,90
shopient,Shopient,26.1,26.0,https://downloads.wordpress.org/theme/shopient.26.1.zip,"2026-05-06 13:25:56",https://wordpress.org/themes/shopient/,4.7,5.6,900
shopiva,Shopiva,26.1,26.0,https://downloads.wordpress.org/theme/shopiva.26.1.zip,"2026-05-06 13:24:33",https://wordpress.org/themes/shopiva/,4.7,5.6,200
shoply,Shoply,26.2,26.1,https://downloads.wordpress.org/theme/shoply.26.2.zip,"2026-05-06 13:22:59",https://wordpress.org/themes/shoply/,4.7,5.6,400
spa-skincare,"Spa Skincare",1.3.1,1.3.0,https://downloads.wordpress.org/theme/spa-skincare.1.3.1.zip,"2026-05-06 12:52:01",https://wordpress.org/themes/spa-skincare/,,5.6,20
specia,Specia,20.9,20.8,https://downloads.wordpress.org/theme/specia.20.9.zip,"2026-05-06 13:07:13",https://wordpress.org/themes/specia/,4.7,5.6,2000
spyropress,SpyroPress,20.1,20.0,https://downloads.wordpress.org/theme/spyropress.20.1.zip,"2026-05-06 12:31:40",https://wordpress.org/themes/spyropress/,4.7,5.6,100
storefit,Storefit,20.8,20.7,https://downloads.wordpress.org/theme/storefit.20.8.zip,"2026-05-06 13:23:22",https://wordpress.org/themes/storefit/,,5.6,20
storely,Storely,26.7,26.6,https://downloads.wordpress.org/theme/storely.26.7.zip,"2026-05-06 13:33:17",https://wordpress.org/themes/storely/,4.7,5.6,1000
storess,Storess,26.1,26.0,https://downloads.wordpress.org/theme/storess.26.1.zip,"2026-05-06 13:31:34",https://wordpress.org/themes/storess/,4.7,5.6,300
storezia,Storezia,26.2,26.1,https://downloads.wordpress.org/theme/storezia.26.2.zip,"2026-05-06 13:26:40",https://wordpress.org/themes/storezia/,4.7,5.6,400
super-mart,"Super Mart",4.7,4.6,https://downloads.wordpress.org/theme/super-mart.4.7.zip,"2026-05-06 13:22:24",https://wordpress.org/themes/super-mart/,,5.6,40
webstrap,Webstrap,20.1,20.0,https://downloads.wordpress.org/theme/webstrap.20.1.zip,"2026-05-06 12:30:55",https://wordpress.org/themes/webstrap/,4.7,5.6,100
zestoria,Zestoria,3.6,3.5,https://downloads.wordpress.org/theme/zestoria.3.6.zip,"2026-05-06 13:10:35",https://wordpress.org/themes/zestoria/,4.7,5.6,30
accron,Accron,2.5.4,2.5.3,https://downloads.wordpress.org/theme/accron.2.5.4.zip,"2026-05-06 15:11:44",https://wordpress.org/themes/accron/,4.7,5.6,100
appointo,Appointo,18.1,18.0,https://downloads.wordpress.org/theme/appointo.18.1.zip,"2026-05-06 15:10:55",https://wordpress.org/themes/appointo/,4.7,5.6,400
artist-painter,"Artist Painter",2.2,2.0,https://downloads.wordpress.org/theme/artist-painter.2.2.zip,"2026-05-06 15:42:50",https://wordpress.org/themes/artist-painter/,,7.0,40
avril,Avril,20.6,20.5,https://downloads.wordpress.org/theme/avril.20.6.zip,"2026-05-06 15:08:03",https://wordpress.org/themes/avril/,4.7,5.6,4000
business-solutions,"Business Solutions",2.7,2.5,https://downloads.wordpress.org/theme/business-solutions.2.7.zip,"2026-05-06 15:42:27",https://wordpress.org/themes/business-solutions/,,7.0,50
citylogic,CityLogic,1.1.58,1.1.57,https://downloads.wordpress.org/theme/citylogic.1.1.58.zip,"2026-05-06 14:46:59",https://wordpress.org/themes/citylogic/,4.7,5.3,1000
colorpress,ColorPress,18.5,18.4,https://downloads.wordpress.org/theme/colorpress.18.5.zip,"2026-05-06 15:55:43",https://wordpress.org/themes/colorpress/,4.7,5.6,1000
conceptly,Conceptly,21.2,21.1,https://downloads.wordpress.org/theme/conceptly.21.2.zip,"2026-05-06 15:55:17",https://wordpress.org/themes/conceptly/,4.7,5.6,1000
construction-works,"Construction Works",1.1.0,1.0.9,https://downloads.wordpress.org/theme/construction-works.1.1.0.zip,"2026-05-06 15:02:12",https://wordpress.org/themes/construction-works/,6.0,5.6,200
content-marketing,"Content Marketing",2.8,2.6,https://downloads.wordpress.org/theme/content-marketing.2.8.zip,"2026-05-06 15:42:09",https://wordpress.org/themes/content-marketing/,,7.0,30
corpex,Corpex,14.2,14.1,https://downloads.wordpress.org/theme/corpex.14.2.zip,"2026-05-06 15:22:41",https://wordpress.org/themes/corpex/,4.7,5.6,100
eco-store,"Eco Store",2.7,2.5,https://downloads.wordpress.org/theme/eco-store.2.7.zip,"2026-05-06 15:41:47",https://wordpress.org/themes/eco-store/,,7.0,20
ecology-park,"Ecology Park",1.1.0,1.0.9,https://downloads.wordpress.org/theme/ecology-park.1.1.0.zip,"2026-05-06 15:01:29",https://wordpress.org/themes/ecology-park/,6.0,5.6,100
eduvert,Eduvert,20.3,20.2,https://downloads.wordpress.org/theme/eduvert.20.3.zip,"2026-05-06 15:17:55",https://wordpress.org/themes/eduvert/,4.7,5.6,400
esports-blog,"Esports Blog",2.6,2.4,https://downloads.wordpress.org/theme/esports-blog.2.6.zip,"2026-05-06 15:41:33",https://wordpress.org/themes/esports-blog/,,7.0,100
farm-adventure-resort,"Farm Adventure Resort",3.1,2.9,https://downloads.wordpress.org/theme/farm-adventure-resort.3.1.zip,"2026-05-06 15:41:08",https://wordpress.org/themes/farm-adventure-resort/,,7.0,30
flavita,Flavita,18.7,18.6,https://downloads.wordpress.org/theme/flavita.18.7.zip,"2026-05-06 15:17:23",https://wordpress.org/themes/flavita/,4.7,5.6,2000
fse-corporate-business,"FSE Corporate Business",1.0.5,1.0.4,https://downloads.wordpress.org/theme/fse-corporate-business.1.0.5.zip,"2026-05-06 15:04:02",https://wordpress.org/themes/fse-corporate-business/,6.0,5.6,60
fse-handyman,"FSE Handyman",1.1.3,1.1.2,https://downloads.wordpress.org/theme/fse-handyman.1.1.3.zip,"2026-05-06 15:01:11",https://wordpress.org/themes/fse-handyman/,6.0,5.6,100
fundraiser-nonprofit,"Fundraiser Nonprofit",1.0.5,1.0.4,https://downloads.wordpress.org/theme/fundraiser-nonprofit.1.0.5.zip,"2026-05-06 15:00:18",https://wordpress.org/themes/fundraiser-nonprofit/,6.0,5.6,40
gradiant,Gradiant,21.1,21.0,https://downloads.wordpress.org/theme/gradiant.21.1.zip,"2026-05-06 15:15:38",https://wordpress.org/themes/gradiant/,4.7,5.6,2000
graphic-design-portfolio,"Graphic Design Portfolio",2.6,2.4,https://downloads.wordpress.org/theme/graphic-design-portfolio.2.6.zip,"2026-05-06 15:40:45",https://wordpress.org/themes/graphic-design-portfolio/,,7.0,70
gym-training-center,"Gym Training Center",1.0.5,1.0.4,https://downloads.wordpress.org/theme/gym-training-center.1.0.5.zip,"2026-05-06 15:00:01",https://wordpress.org/themes/gym-training-center/,6.0,5.6,300
hantus,Hantus,21.3,21.2,https://downloads.wordpress.org/theme/hantus.21.3.zip,"2026-05-06 15:15:04",https://wordpress.org/themes/hantus/,4.7,5.6,1000
kids-birthday-party,"Kids Birthday Party",2.8,2.6,https://downloads.wordpress.org/theme/kids-birthday-party.2.8.zip,"2026-05-06 15:40:24",https://wordpress.org/themes/kids-birthday-party/,,7.0,30
legal-consultant-blocks,"Legal Consultant Blocks",1.0.6,1.0.5,https://downloads.wordpress.org/theme/legal-consultant-blocks.1.0.6.zip,"2026-05-06 14:59:29",https://wordpress.org/themes/legal-consultant-blocks/,6.0,5.6,100
marketplace-shop,"Marketplace Shop",1.0.9,1.0.8,https://downloads.wordpress.org/theme/marketplace-shop.1.0.9.zip,"2026-05-06 14:52:04",https://wordpress.org/themes/marketplace-shop/,6.0,5.6,300
medazin,Medazin,18.1,18.0,https://downloads.wordpress.org/theme/medazin.18.1.zip,"2026-05-06 15:21:14",https://wordpress.org/themes/medazin/,4.7,5.6,300
movers-company,"Movers Company",1.0.5,1.0.4,https://downloads.wordpress.org/theme/movers-company.1.0.5.zip,"2026-05-06 14:51:42",https://wordpress.org/themes/movers-company/,6.0,5.6,90
multi-blogger,"Multi Blogger",2.5,2.3,https://downloads.wordpress.org/theme/multi-blogger.2.5.zip,"2026-05-06 15:39:54",https://wordpress.org/themes/multi-blogger/,,7.0,100
news-25,"News 25",3.1,3.0,https://downloads.wordpress.org/theme/news-25.3.1.zip,"2026-05-06 15:16:16",https://wordpress.org/themes/news-25/,4.7,5.6,200
nexcraft,NexCraft,12.9,12.8,https://downloads.wordpress.org/theme/nexcraft.12.9.zip,"2026-05-06 15:13:30",https://wordpress.org/themes/nexcraft/,4.7,5.6,90
novel-collections,"Novel Collections",1.0.7,1.0.6,https://downloads.wordpress.org/theme/novel-collections.1.0.7.zip,"2026-05-06 14:51:05",https://wordpress.org/themes/novel-collections/,6.0,5.6,60
organic-gardening,"Organic Gardening",2.9,2.7,https://downloads.wordpress.org/theme/organic-gardening.2.9.zip,"2026-05-06 15:39:39",https://wordpress.org/themes/organic-gardening/,,7.0,40
prime-fashion,"Prime Fashion",3.0,2.8,https://downloads.wordpress.org/theme/prime-fashion.3.0.zip,"2026-05-06 15:38:57",https://wordpress.org/themes/prime-fashion/,,7.0,30
psychologist-counselor,"Psychologist Counselor",2.7,2.5,https://downloads.wordpress.org/theme/psychologist-counselor.2.7.zip,"2026-05-06 15:38:17",https://wordpress.org/themes/psychologist-counselor/,,7.0,30
startkit,StartKit,22.5,22.4,https://downloads.wordpress.org/theme/startkit.22.5.zip,"2026-05-06 15:12:40",https://wordpress.org/themes/startkit/,4.7,5.6,900
villapress,VillaPress,9.9,9.8,https://downloads.wordpress.org/theme/villapress.9.9.zip,"2026-05-06 15:12:11",https://wordpress.org/themes/villapress/,,7.0,100
webique,Webique,6.4,6.3,https://downloads.wordpress.org/theme/webique.6.4.zip,"2026-05-06 15:08:51",https://wordpress.org/themes/webique/,4.7,5.6,300
wedding-planning-services,"Wedding Planning Services",1.0.2,1.0.1,https://downloads.wordpress.org/theme/wedding-planning-services.1.0.2.zip,"2026-05-06 14:50:40",https://wordpress.org/themes/wedding-planning-services/,6.0,5.6,10
bosa-finance-company,"Bosa Finance Company",1.0.0,,https://downloads.wordpress.org/theme/bosa-finance-company.1.0.0.zip,"2026-05-06 15:46:23",https://wordpress.org/themes/bosa-finance-company/,,5.6,0
wens-travel-studio,"WENS Travel Studio",1.0.1,,https://downloads.wordpress.org/theme/wens-travel-studio.1.0.1.zip,"2026-05-06 16:01:15",https://wordpress.org/themes/wens-travel-studio/,6.0,7.4,0
broker-agency,"Broker Agency",1.9,1.8,https://downloads.wordpress.org/theme/broker-agency.1.9.zip,"2026-05-06 18:02:25",https://wordpress.org/themes/broker-agency/,6.1,7.2,100
digital-services-company,"Digital Services Company",1.0.8,1.0.7,https://downloads.wordpress.org/theme/digital-services-company.1.0.8.zip,"2026-05-06 18:01:48",https://wordpress.org/themes/digital-services-company/,6.1,7.2,100
family-photographer,"Family Photographer",2.5,2.4,https://downloads.wordpress.org/theme/family-photographer.2.5.zip,"2026-05-06 18:01:20",https://wordpress.org/themes/family-photographer/,6.1,7.2,100
florist-blocks,"Florist Blocks",2.0,1.9,https://downloads.wordpress.org/theme/florist-blocks.2.0.zip,"2026-05-06 18:01:05",https://wordpress.org/themes/florist-blocks/,6.1,7.2,40
fse-green,"FSE Green",1.7,1.6,https://downloads.wordpress.org/theme/fse-green.1.7.zip,"2026-05-06 17:59:36",https://wordpress.org/themes/fse-green/,6.1,7.2,100
logistics-firm,"Logistics Firm",1.0.2,1.0.1,https://downloads.wordpress.org/theme/logistics-firm.1.0.2.zip,"2026-05-06 17:59:11",https://wordpress.org/themes/logistics-firm/,6.1,7.2,30
modern-bakery-shop,"Modern Bakery Shop",1.0.2,1.0.0,https://downloads.wordpress.org/theme/modern-bakery-shop.1.0.2.zip,"2026-05-06 17:57:15",https://wordpress.org/themes/modern-bakery-shop/,6.1,7.2,10
organic-honey,"Organic Honey",1.9,1.8,https://downloads.wordpress.org/theme/organic-honey.1.9.zip,"2026-05-06 17:56:52",https://wordpress.org/themes/organic-honey/,6.1,7.2,60
readers-digest,"Readers Digest",2.1,2.0,https://downloads.wordpress.org/theme/readers-digest.2.1.zip,"2026-05-06 17:56:36",https://wordpress.org/themes/readers-digest/,6.1,7.2,20
spark-construction-lite,"Spark Construction Lite",1.0.8,1.0.7,https://downloads.wordpress.org/theme/spark-construction-lite.1.0.8.zip,"2026-05-06 18:49:53",https://wordpress.org/themes/spark-construction-lite/,6.4,7.2,100
titan-tools-center,"Titan Tools center",2.2,2.1,https://downloads.wordpress.org/theme/titan-tools-center.2.2.zip,"2026-05-06 17:56:18",https://wordpress.org/themes/titan-tools-center/,6.1,7.2,100
web-designer-blocks,"Web Designer Blocks",1.6,1.5,https://downloads.wordpress.org/theme/web-designer-blocks.1.6.zip,"2026-05-06 17:55:56",https://wordpress.org/themes/web-designer-blocks/,6.1,7.2,60
web-designer-courses,"Web Designer Courses",1.6,1.5,https://downloads.wordpress.org/theme/web-designer-courses.1.6.zip,"2026-05-06 17:55:28",https://wordpress.org/themes/web-designer-courses/,6.1,7.2,40
affiliate-marketing-business,"Affiliate Marketing Business",0.4.9,0.4.8,https://downloads.wordpress.org/theme/affiliate-marketing-business.0.4.9.zip,"2026-05-07 02:26:28",https://wordpress.org/themes/affiliate-marketing-business/,5.0,7.2,100
artist-portfolio,"Artist Portfolio",0.9.2,0.9.1,https://downloads.wordpress.org/theme/artist-portfolio.0.9.2.zip,"2026-05-07 02:26:49",https://wordpress.org/themes/artist-portfolio/,5.0,7.2,300
bio-energy,"Bio Energy",1.1.8,1.1.7,https://downloads.wordpress.org/theme/bio-energy.1.1.8.zip,"2026-05-07 03:23:54",https://wordpress.org/themes/bio-energy/,5.9,5.6,200
car-dealer-shop,"Car Dealer Shop",1.2.0,1.1.9,https://downloads.wordpress.org/theme/car-dealer-shop.1.2.0.zip,"2026-05-07 03:24:17",https://wordpress.org/themes/car-dealer-shop/,5.9,5.6,300
creative-design-agency,"Creative Design Agency",1.1.5,1.1.4,https://downloads.wordpress.org/theme/creative-design-agency.1.1.5.zip,"2026-05-07 03:24:39",https://wordpress.org/themes/creative-design-agency/,5.9,5.6,400
election-campaign,"Election Campaign",0.5.7,0.5.6,https://downloads.wordpress.org/theme/election-campaign.0.5.7.zip,"2026-05-07 02:27:06",https://wordpress.org/themes/election-campaign/,5.0,7.2,80
fast-food-truck,"Fast Food Truck",0.5.1,0.5.0,https://downloads.wordpress.org/theme/fast-food-truck.0.5.1.zip,"2026-05-07 02:27:21",https://wordpress.org/themes/fast-food-truck/,5.0,7.2,40
fitness-health-coach,"Fitness Health Coach",1.1.8,1.1.7,https://downloads.wordpress.org/theme/fitness-health-coach.1.1.8.zip,"2026-05-07 03:23:30",https://wordpress.org/themes/fitness-health-coach/,5.9,5.6,100
fse-barber-shop,"FSE Barber Shop",1.1.8,1.1.7,https://downloads.wordpress.org/theme/fse-barber-shop.1.1.8.zip,"2026-05-07 03:22:51",https://wordpress.org/themes/fse-barber-shop/,5.9,5.6,100
fse-home-decor,"FSE Home Decor",1.2.0,1.1.9,https://downloads.wordpress.org/theme/fse-home-decor.1.2.0.zip,"2026-05-07 03:22:38",https://wordpress.org/themes/fse-home-decor/,,5.6,100
fse-renovation-services,"FSE Renovation Services",1.1.5,1.1.4,https://downloads.wordpress.org/theme/fse-renovation-services.1.1.5.zip,"2026-05-07 03:20:56",https://wordpress.org/themes/fse-renovation-services/,5.9,5.6,100
golf-landscape,"Golf Landscape",0.4.9,0.4.8,https://downloads.wordpress.org/theme/golf-landscape.0.4.9.zip,"2026-05-07 02:27:25",https://wordpress.org/themes/golf-landscape/,5.0,7.2,70
gym-training-coach,"Gym Training Coach",0.8.6,0.8.5,https://downloads.wordpress.org/theme/gym-training-coach.0.8.6.zip,"2026-05-07 02:27:32",https://wordpress.org/themes/gym-training-coach/,5.0,7.2,40
handyman-cleaner,"Handyman Cleaner",0.6.2,0.6.1,https://downloads.wordpress.org/theme/handyman-cleaner.0.6.2.zip,"2026-05-07 02:28:05",https://wordpress.org/themes/handyman-cleaner/,5.0,7.2,50
online-electro-store,"Online Electro Store",1.2.0,1.1.9,https://downloads.wordpress.org/theme/online-electro-store.1.2.0.zip,"2026-05-07 03:20:33",https://wordpress.org/themes/online-electro-store/,5.9,5.6,100
outdoor-camping,"Outdoor Camping",1.1.5,1.1.4,https://downloads.wordpress.org/theme/outdoor-camping.1.1.5.zip,"2026-05-07 03:21:21",https://wordpress.org/themes/outdoor-camping/,5.9,5.6,60
solace,Solace,2.1.20,2.1.19,https://downloads.wordpress.org/theme/solace.2.1.20.zip,"2026-05-07 02:00:08",https://wordpress.org/themes/solace/,,7.4,10000
sports-league,"Sports League",0.8.5,0.8.4,https://downloads.wordpress.org/theme/sports-league.0.8.5.zip,"2026-05-07 02:28:19",https://wordpress.org/themes/sports-league/,5.0,7.2,200
startup-solutions,"Startup Solutions",0.5.9,0.5.8,https://downloads.wordpress.org/theme/startup-solutions.0.5.9.zip,"2026-05-07 02:28:28",https://wordpress.org/themes/startup-solutions/,5.0,7.2,70
swimming-pool-cleaning,"Swimming Pool Cleaning",0.8.4,0.8.3,https://downloads.wordpress.org/theme/swimming-pool-cleaning.0.8.4.zip,"2026-05-07 02:28:36",https://wordpress.org/themes/swimming-pool-cleaning/,5.0,7.2,50
township-house-villa,"Township House Villa",0.8.2,0.8.1,https://downloads.wordpress.org/theme/township-house-villa.0.8.2.zip,"2026-05-07 02:28:47",https://wordpress.org/themes/township-house-villa/,5.0,7.2,40
ultimate-audio-streaming,"Ultimate Audio Streaming",0.8,0.7.9,https://downloads.wordpress.org/theme/ultimate-audio-streaming.0.8.zip,"2026-05-07 02:29:16",https://wordpress.org/themes/ultimate-audio-streaming/,5.0,7.2,200
veterinary-dogcare,"Veterinary Dogcare",1.1.4,1.1.3,https://downloads.wordpress.org/theme/veterinary-dogcare.1.1.4.zip,"2026-05-07 03:21:50",https://wordpress.org/themes/veterinary-dogcare/,5.9,5.6,50
web-security-services,"Web Security Services",1.1.9,1.1.8,https://downloads.wordpress.org/theme/web-security-services.1.1.9.zip,"2026-05-07 03:16:29",https://wordpress.org/themes/web-security-services/,,5.6,200
wedding-planner-firm,"Wedding Planner Firm",1.1.4,1.1.3,https://downloads.wordpress.org/theme/wedding-planner-firm.1.1.4.zip,"2026-05-07 03:19:19",https://wordpress.org/themes/wedding-planner-firm/,5.9,5.6,100
appointment-management,"Appointment Management",3.2,3.1,https://downloads.wordpress.org/theme/appointment-management.3.2.zip,"2026-05-07 05:48:16",https://wordpress.org/themes/appointment-management/,,7.4,30
aster-it-courses,"Aster IT Courses",2.6,2.5,https://downloads.wordpress.org/theme/aster-it-courses.2.6.zip,"2026-05-07 05:48:37",https://wordpress.org/themes/aster-it-courses/,,7.4,50
bexplore,BExplore,1.3.2,1.3.0,https://downloads.wordpress.org/theme/bexplore.1.3.2.zip,"2026-05-07 05:32:03",https://wordpress.org/themes/bexplore/,,5.6,0
bike-workshop,"Bike Workshop",2.4,2.3,https://downloads.wordpress.org/theme/bike-workshop.2.4.zip,"2026-05-07 05:49:55",https://wordpress.org/themes/bike-workshop/,,7.4,40
bridal-dresses,"Bridal Dresses",3.0,2.9,https://downloads.wordpress.org/theme/bridal-dresses.3.0.zip,"2026-05-07 05:50:35",https://wordpress.org/themes/bridal-dresses/,,7.4,80
car-exhibition,"Car Exhibition",0.1.8,0.1.7,https://downloads.wordpress.org/theme/car-exhibition.0.1.8.zip,"2026-05-07 06:48:18",https://wordpress.org/themes/car-exhibition/,5.0,5.6,100
career-counseling,"Career Counseling",0.1.6,0.1.5,https://downloads.wordpress.org/theme/career-counseling.0.1.6.zip,"2026-05-07 05:47:08",https://wordpress.org/themes/career-counseling/,5.0,7.2,40
classic-saas-company,"Classic SaaS Company",0.7,0.6,https://downloads.wordpress.org/theme/classic-saas-company.0.7.zip,"2026-05-07 06:47:51",https://wordpress.org/themes/classic-saas-company/,5.0,5.6,200
clothes-boutique,"Clothes Boutique",0.2.7,0.2.6,https://downloads.wordpress.org/theme/clothes-boutique.0.2.7.zip,"2026-05-07 06:48:53",https://wordpress.org/themes/clothes-boutique/,5.0,5.6,400
comic-ebook,"Comic ebook",0.1.9,0.1.8,https://downloads.wordpress.org/theme/comic-ebook.0.1.9.zip,"2026-05-07 05:47:19",https://wordpress.org/themes/comic-ebook/,5.0,7.2,100
content-creator,"Content Creator",0.1.3,0.1.2,https://downloads.wordpress.org/theme/content-creator.0.1.3.zip,"2026-05-07 06:49:03",https://wordpress.org/themes/content-creator/,5.0,5.6,30
coupon-shop,"Coupon Shop",0.2,0.1.9,https://downloads.wordpress.org/theme/coupon-shop.0.2.zip,"2026-05-07 06:47:27",https://wordpress.org/themes/coupon-shop/,5.0,5.6,70
ecommerce-store-elementor,"Ecommerce Store Elementor",1.5.5,1.5.4,https://downloads.wordpress.org/theme/ecommerce-store-elementor.1.5.5.zip,"2026-05-07 05:52:01",https://wordpress.org/themes/ecommerce-store-elementor/,5.6,7.2,300
electrical-repair,"Electrical Repair",2.7,2.6,https://downloads.wordpress.org/theme/electrical-repair.2.7.zip,"2026-05-07 05:50:52",https://wordpress.org/themes/electrical-repair/,,7.4,20
elemento-business,"Elemento Business",0.6.9,0.6.8,https://downloads.wordpress.org/theme/elemento-business.0.6.9.zip,"2026-05-07 05:49:01",https://wordpress.org/themes/elemento-business/,5.0,5.6,60
elemento-conference,"Elemento Conference",0.6.7,0.6.6,https://downloads.wordpress.org/theme/elemento-conference.0.6.7.zip,"2026-05-07 05:49:13",https://wordpress.org/themes/elemento-conference/,5.0,5.6,100
elemento-it-solutions,"Elemento IT Solutions",0.6.7,0.6.6,https://downloads.wordpress.org/theme/elemento-it-solutions.0.6.7.zip,"2026-05-07 05:47:01",https://wordpress.org/themes/elemento-it-solutions/,5.0,5.6,100
ev-charging-station,"EV Charging Station",0.3.1,0.3.0,https://downloads.wordpress.org/theme/ev-charging-station.0.3.1.zip,"2026-05-07 06:48:02",https://wordpress.org/themes/ev-charging-station/,5.0,5.6,100
festival-events,"Festival Events",0.2.7,0.2.6,https://downloads.wordpress.org/theme/festival-events.0.2.7.zip,"2026-05-07 06:44:30",https://wordpress.org/themes/festival-events/,5.0,5.6,100
halloween-store,"Halloween Store",0.1.5,0.1.4,https://downloads.wordpress.org/theme/halloween-store.0.1.5.zip,"2026-05-07 05:47:26",https://wordpress.org/themes/halloween-store/,5.0,7.2,30
house-dealer,"House Dealer",0.1.6,0.1.4,https://downloads.wordpress.org/theme/house-dealer.0.1.6.zip,"2026-05-07 06:47:31",https://wordpress.org/themes/house-dealer/,5.0,5.6,100
italian-house-restaurant,"Italian House Restaurant",2.8,2.7,https://downloads.wordpress.org/theme/italian-house-restaurant.2.8.zip,"2026-05-07 05:51:15",https://wordpress.org/themes/italian-house-restaurant/,,7.4,40
landscape-gardening,"Landscape Gardening",3.1,3.0,https://downloads.wordpress.org/theme/landscape-gardening.3.1.zip,"2026-05-07 05:51:48",https://wordpress.org/themes/landscape-gardening/,,7.4,80
luxury-watch-store,"Luxury Watch Store",0.1.8,0.1.7,https://downloads.wordpress.org/theme/luxury-watch-store.0.1.8.zip,"2026-05-07 05:47:32",https://wordpress.org/themes/luxury-watch-store/,5.0,7.2,90
medical-store,"Medical Store",0.1.8,0.1.7,https://downloads.wordpress.org/theme/medical-store.0.1.8.zip,"2026-05-07 05:47:41",https://wordpress.org/themes/medical-store/,5.0,7.2,100
minamaze-ecommerce,"Minamaze eCommerce",1.0.1,1.0.0,https://downloads.wordpress.org/theme/minamaze-ecommerce.1.0.1.zip,"2026-05-07 05:56:53",https://wordpress.org/themes/minamaze-ecommerce/,5.0,7.0,0
online-school-courses,"Online School Courses",2.5,2.4,https://downloads.wordpress.org/theme/online-school-courses.2.5.zip,"2026-05-07 05:52:23",https://wordpress.org/themes/online-school-courses/,,7.4,80
production-industry,"Production Industry",0.1.6,0.1.5,https://downloads.wordpress.org/theme/production-industry.0.1.6.zip,"2026-05-07 05:48:07",https://wordpress.org/themes/production-industry/,5.0,7.2,60
restaurant-brunch,"Restaurant Brunch",2.6,2.5,https://downloads.wordpress.org/theme/restaurant-brunch.2.6.zip,"2026-05-07 05:53:16",https://wordpress.org/themes/restaurant-brunch/,,7.4,80
school-education,"School Education",1.3.2,1.3.1,https://downloads.wordpress.org/theme/school-education.1.3.2.zip,"2026-05-07 05:51:35",https://wordpress.org/themes/school-education/,5.6,7.2,200
seafood-shop,"Seafood Shop",0.3.9,0.3.8,https://downloads.wordpress.org/theme/seafood-shop.0.3.9.zip,"2026-05-07 06:46:58",https://wordpress.org/themes/seafood-shop/,5.0,5.6,200
solar-panel-distributor,"Solar Panel Distributor",1.2.8,1.2.7,https://downloads.wordpress.org/theme/solar-panel-distributor.1.2.8.zip,"2026-05-07 05:51:44",https://wordpress.org/themes/solar-panel-distributor/,5.6,7.2,70
sports-accessories,"Sports Accessories",3.0,2.9,https://downloads.wordpress.org/theme/sports-accessories.3.0.zip,"2026-05-07 05:57:42",https://wordpress.org/themes/sports-accessories/,,7.4,40
sports-agency,"Sports Agency",0.1.8,0.1.7,https://downloads.wordpress.org/theme/sports-agency.0.1.8.zip,"2026-05-07 05:48:14",https://wordpress.org/themes/sports-agency/,5.0,7.2,100
sports-outlet,"Sports Outlet",0.4,0.3,https://downloads.wordpress.org/theme/sports-outlet.0.4.zip,"2026-05-07 06:46:52",https://wordpress.org/themes/sports-outlet/,6.2,7.2,200
tour-booking-agency,"Tour booking Agency",0.1.7,0.1.6,https://downloads.wordpress.org/theme/tour-booking-agency.0.1.7.zip,"2026-05-07 05:48:22",https://wordpress.org/themes/tour-booking-agency/,5.0,7.2,80
trucking-services,"Trucking Services",0.1.8,0.1.7,https://downloads.wordpress.org/theme/trucking-services.0.1.8.zip,"2026-05-07 06:44:50",https://wordpress.org/themes/trucking-services/,5.0,5.6,300
unique-graphic-designer,"Unique Graphic Designer",1.5.6,1.5.5,https://downloads.wordpress.org/theme/unique-graphic-designer.1.5.6.zip,"2026-05-07 05:51:51",https://wordpress.org/themes/unique-graphic-designer/,5.6,7.2,40
unique-pizza-shop,"Unique Pizza Shop",2.2.6,2.2.5,https://downloads.wordpress.org/theme/unique-pizza-shop.2.2.6.zip,"2026-05-07 05:51:28",https://wordpress.org/themes/unique-pizza-shop/,5.6,7.2,80
unique-restaurant,"Unique Restaurant",2.4.4,2.4.3,https://downloads.wordpress.org/theme/unique-restaurant.2.4.4.zip,"2026-05-07 05:51:19",https://wordpress.org/themes/unique-restaurant/,5.6,7.2,60
vertical-gardening,"Vertical Gardening",0.1.5,0.1.4,https://downloads.wordpress.org/theme/vertical-gardening.0.1.5.zip,"2026-05-07 05:48:36",https://wordpress.org/themes/vertical-gardening/,5.0,7.2,30
veterinary-pet-wellness,"Veterinary Pet Wellness",2.6,2.5,https://downloads.wordpress.org/theme/veterinary-pet-wellness.2.6.zip,"2026-05-07 05:58:21",https://wordpress.org/themes/veterinary-pet-wellness/,,7.4,50
wheel-alignment-service,"Wheel Alignment Service",2.4,2.3,https://downloads.wordpress.org/theme/wheel-alignment-service.2.4.zip,"2026-05-07 05:57:58",https://wordpress.org/themes/wheel-alignment-service/,,7.4,30
yoga-center,"Yoga Center",0.1.9,0.1.8,https://downloads.wordpress.org/theme/yoga-center.0.1.9.zip,"2026-05-07 05:48:43",https://wordpress.org/themes/yoga-center/,5.0,5.6,40
zoo-safari,"Zoo Safari",0.1.4,0.1.3,https://downloads.wordpress.org/theme/zoo-safari.0.1.4.zip,"2026-05-07 05:48:50",https://wordpress.org/themes/zoo-safari/,5.0,7.2,30
animal-caretaker,"Animal Caretaker",3.8.4,3.8.3,https://downloads.wordpress.org/theme/animal-caretaker.3.8.4.zip,"2026-05-07 08:51:48",https://wordpress.org/themes/animal-caretaker/,,7.2,40
baseball-sports-club,"Baseball Sports Club",1.0.24,1.0.23,https://downloads.wordpress.org/theme/baseball-sports-club.1.0.24.zip,"2026-05-07 08:36:52",https://wordpress.org/themes/baseball-sports-club/,,5.6,20
bizboost,BizBoost,2.2.1,2.2,https://downloads.wordpress.org/theme/bizboost.2.2.1.zip,"2026-05-07 08:58:08",https://wordpress.org/themes/bizboost/,5.9,5.6,4000
business-accounting,"Business Accounting",0.7.8,0.7.7,https://downloads.wordpress.org/theme/business-accounting.0.7.8.zip,"2026-05-07 08:27:54",https://wordpress.org/themes/business-accounting/,5.0,7.2,300
cargo-ships,"Cargo Ships",9.8.4,9.8.3,https://downloads.wordpress.org/theme/cargo-ships.9.8.4.zip,"2026-05-07 08:51:42",https://wordpress.org/themes/cargo-ships/,,7.2,60
contrax-lite,"Contrax Lite",1.1.1,1.0.5,https://downloads.wordpress.org/theme/contrax-lite.1.1.1.zip,"2026-05-07 07:31:55",https://wordpress.org/themes/contrax-lite/,6.5,7.4.21,2000
corporate-firm,"Corporate Firm",2.5,2.4,https://downloads.wordpress.org/theme/corporate-firm.2.5.zip,"2026-05-07 07:31:06",https://wordpress.org/themes/corporate-firm/,6.1,5.6,200
dermatologist-clinic,"Dermatologist Clinic",2.8,2.7,https://downloads.wordpress.org/theme/dermatologist-clinic.2.8.zip,"2026-05-07 07:30:24",https://wordpress.org/themes/dermatologist-clinic/,6.1,5.6,100
education-skill-development,"Education Skill Development",9.7.4,9.7.3,https://downloads.wordpress.org/theme/education-skill-development.9.7.4.zip,"2026-05-07 08:51:02",https://wordpress.org/themes/education-skill-development/,,7.2,100
electronics-market,"Electronics Market",2.9,2.8,https://downloads.wordpress.org/theme/electronics-market.2.9.zip,"2026-05-07 07:29:56",https://wordpress.org/themes/electronics-market/,6.1,5.6,300
elite-construction-industry,"Elite Construction Industry",11.6.4,11.6.3,https://downloads.wordpress.org/theme/elite-construction-industry.11.6.4.zip,"2026-05-07 08:50:27",https://wordpress.org/themes/elite-construction-industry/,,7.2,30
elite-creative-agency,"Elite Creative Agency",4.2.4,4.2.3,https://downloads.wordpress.org/theme/elite-creative-agency.4.2.4.zip,"2026-05-07 08:49:14",https://wordpress.org/themes/elite-creative-agency/,,7.2,20
elite-security-guard,"Elite Security Guard",4.6.4,4.6.3,https://downloads.wordpress.org/theme/elite-security-guard.4.6.4.zip,"2026-05-07 08:48:48",https://wordpress.org/themes/elite-security-guard/,,7.2,80
expert-tailor,"Expert Tailor",0.8.6,0.8.5,https://downloads.wordpress.org/theme/expert-tailor.0.8.6.zip,"2026-05-07 08:29:10",https://wordpress.org/themes/expert-tailor/,5.0,7.2,60
farm-cultivation,"Farm Cultivation",2.7,2.6,https://downloads.wordpress.org/theme/farm-cultivation.2.7.zip,"2026-05-07 07:29:21",https://wordpress.org/themes/farm-cultivation/,6.1,5.6,300
flight-booking,"Flight Booking",7.9.4,7.9.3,https://downloads.wordpress.org/theme/flight-booking.7.9.4.zip,"2026-05-07 08:48:30",https://wordpress.org/themes/flight-booking/,,7.2,30
free-business,"Free Business",0.2.1,0.2.0,https://downloads.wordpress.org/theme/free-business.0.2.1.zip,"2026-05-07 08:26:45",https://wordpress.org/themes/free-business/,5.0,7.2,60
green-vegetable-store,"Green Vegetable Store",3.1,2.9,https://downloads.wordpress.org/theme/green-vegetable-store.3.1.zip,"2026-05-07 07:28:42",https://wordpress.org/themes/green-vegetable-store/,6.1,5.6,100
gym-workout,"Gym Workout",3.9.4,3.9.3,https://downloads.wordpress.org/theme/gym-workout.3.9.4.zip,"2026-05-07 08:48:00",https://wordpress.org/themes/gym-workout/,,7.2,40
home-decor-shop,"Home Decor Shop",4.5.4,4.5.3,https://downloads.wordpress.org/theme/home-decor-shop.4.5.4.zip,"2026-05-07 08:47:51",https://wordpress.org/themes/home-decor-shop/,,7.2,40
interior-design-firm,"Interior Design Firm",3.2,3.0,https://downloads.wordpress.org/theme/interior-design-firm.3.2.zip,"2026-05-07 07:38:58",https://wordpress.org/themes/interior-design-firm/,6.1,5.6,200
intrace,Intrace,1.2.1,1.1.5,https://downloads.wordpress.org/theme/intrace.1.2.1.zip,"2026-05-07 07:30:29",https://wordpress.org/themes/intrace/,6.5,7.0,6000
namaha,Namaha,1.0.74,1.0.73,https://downloads.wordpress.org/theme/namaha.1.0.74.zip,"2026-05-07 09:34:05",https://wordpress.org/themes/namaha/,4.7,5.3,2000
online-library,"Online Library",2.3,2.2,https://downloads.wordpress.org/theme/online-library.2.3.zip,"2026-05-07 07:27:42",https://wordpress.org/themes/online-library/,6.1,5.6,400
online-magazine,"Online Magazine",3.2,3.1,https://downloads.wordpress.org/theme/online-magazine.3.2.zip,"2026-05-07 07:38:17",https://wordpress.org/themes/online-magazine/,6.1,5.6,100
online-retailer,"Online Retailer",3.2,3.1,https://downloads.wordpress.org/theme/online-retailer.3.2.zip,"2026-05-07 07:36:17",https://wordpress.org/themes/online-retailer/,6.1,5.6,80
pizza-delivery,"Pizza Delivery",3.0,2.9,https://downloads.wordpress.org/theme/pizza-delivery.3.0.zip,"2026-05-07 07:35:48",https://wordpress.org/themes/pizza-delivery/,6.1,5.6,80
prime-home-renovation,"Prime Home Renovation",1.0.19,1.0.18,https://downloads.wordpress.org/theme/prime-home-renovation.1.0.19.zip,"2026-05-07 08:37:26",https://wordpress.org/themes/prime-home-renovation/,,5.6,0
radio-shows,"Radio Shows",3.0,2.9,https://downloads.wordpress.org/theme/radio-shows.3.0.zip,"2026-05-07 07:26:57",https://wordpress.org/themes/radio-shows/,6.1,5.6,300
real-estate-property,"Real Estate Property",7.4.4,7.4.3,https://downloads.wordpress.org/theme/real-estate-property.7.4.4.zip,"2026-05-07 08:47:36",https://wordpress.org/themes/real-estate-property/,,7.2,100
recipe-blogs,"Recipe Blogs",3.2,3.1,https://downloads.wordpress.org/theme/recipe-blogs.3.2.zip,"2026-05-07 07:35:17",https://wordpress.org/themes/recipe-blogs/,6.1,5.6,90
renovater,Renovater,1.1.1,1.1.0,https://downloads.wordpress.org/theme/renovater.1.1.1.zip,"2026-05-07 07:29:20",https://wordpress.org/themes/renovater/,6.5,7.4,1000
royal-banquet-hall,"Royal Banquet Hall",0.1.8,0.1.7,https://downloads.wordpress.org/theme/royal-banquet-hall.0.1.8.zip,"2026-05-07 08:27:23",https://wordpress.org/themes/royal-banquet-hall/,5.0,7.2,10
saas-company,"SAAS Company",3.2,3.1,https://downloads.wordpress.org/theme/saas-company.3.2.zip,"2026-05-07 07:34:46",https://wordpress.org/themes/saas-company/,6.1,5.6,200
space-exploration,"Space Exploration",2.4,2.3,https://downloads.wordpress.org/theme/space-exploration.2.4.zip,"2026-05-07 07:26:15",https://wordpress.org/themes/space-exploration/,6.1,5.6,400
transport-services,"Transport Services",2.9,2.8,https://downloads.wordpress.org/theme/transport-services.2.9.zip,"2026-05-07 07:22:37",https://wordpress.org/themes/transport-services/,6.1,5.6,400
videography,Videography,0.6.2,0.6.1,https://downloads.wordpress.org/theme/videography.0.6.2.zip,"2026-05-07 08:28:30",https://wordpress.org/themes/videography/,5.0,7.2,80
vw-cleaning-company,"VW Cleaning Company",1.3.9,1.3.8,https://downloads.wordpress.org/theme/vw-cleaning-company.1.3.9.zip,"2026-05-07 08:23:15",https://wordpress.org/themes/vw-cleaning-company/,5.0,7.2,200
vw-consulting,"VW Consulting",1.0.6,1.0.5,https://downloads.wordpress.org/theme/vw-consulting.1.0.6.zip,"2026-05-07 08:23:56",https://wordpress.org/themes/vw-consulting/,5.0,7.2,200
vw-eco-nature,"VW Eco Nature",1.5.4,1.5.3,https://downloads.wordpress.org/theme/vw-eco-nature.1.5.4.zip,"2026-05-07 08:24:34",https://wordpress.org/themes/vw-eco-nature/,5.0,7.2,500
vw-ecommerce-store,"VW Ecommerce Store",1.6.2,1.6.1,https://downloads.wordpress.org/theme/vw-ecommerce-store.1.6.2.zip,"2026-05-07 08:24:20",https://wordpress.org/themes/vw-ecommerce-store/,5.0,7.2,400
vw-fitness-gym,"VW Fitness Gym",1.4.4,1.4.3,https://downloads.wordpress.org/theme/vw-fitness-gym.1.4.4.zip,"2026-05-07 08:24:59",https://wordpress.org/themes/vw-fitness-gym/,5.0,7.2,200
vw-furniture-carpenter,"VW Furniture Carpenter",1.4.8,1.4.7,https://downloads.wordpress.org/theme/vw-furniture-carpenter.1.4.8.zip,"2026-05-07 08:25:25",https://wordpress.org/themes/vw-furniture-carpenter/,5.0,7.2,200
vw-life-coach,"VW Life Coach",1.2.1,1.2.0,https://downloads.wordpress.org/theme/vw-life-coach.1.2.1.zip,"2026-05-07 08:25:50",https://wordpress.org/themes/vw-life-coach/,5.0,7.2,200
vw-maintenance-services,"VW Maintenance Services",1.6.1,1.6.0,https://downloads.wordpress.org/theme/vw-maintenance-services.1.6.1.zip,"2026-05-07 08:26:21",https://wordpress.org/themes/vw-maintenance-services/,5.0,7.2,300
vw-minimalist,"VW Minimalist",1.1.4,1.1.3,https://downloads.wordpress.org/theme/vw-minimalist.1.1.4.zip,"2026-05-07 08:27:09",https://wordpress.org/themes/vw-minimalist/,5.0,7.2,400
vw-real-estate,"VW Real Estate",2.7.5,2.7.4,https://downloads.wordpress.org/theme/vw-real-estate.2.7.5.zip,"2026-05-07 08:27:27",https://wordpress.org/themes/vw-real-estate/,5.0,7.2,300
vw-storefront,"VW Storefront",1.1.8,1.1.7,https://downloads.wordpress.org/theme/vw-storefront.1.1.8.zip,"2026-05-07 08:28:03",https://wordpress.org/themes/vw-storefront/,5.0,7.2,400
vw-travel,"VW Travel",1.4.8,1.4.7,https://downloads.wordpress.org/theme/vw-travel.1.4.8.zip,"2026-05-07 08:28:38",https://wordpress.org/themes/vw-travel/,5.0,7.2,300
agriculture-farm-lite,"Agriculture Farm Lite",3.3.4,3.3.2,https://downloads.wordpress.org/theme/agriculture-farm-lite.3.3.4.zip,"2026-05-07 10:17:56",https://wordpress.org/themes/agriculture-farm-lite/,5.3,5.6,80
automobile-elementor,"Automobile Elementor",2.1,2.0,https://downloads.wordpress.org/theme/automobile-elementor.2.1.zip,"2026-05-07 11:52:44",https://wordpress.org/themes/automobile-elementor/,,5.6,100
beauty-parlour-salon,"Beauty Parlour Salon",3.3.4,3.3.2,https://downloads.wordpress.org/theme/beauty-parlour-salon.3.3.4.zip,"2026-05-07 10:18:34",https://wordpress.org/themes/beauty-parlour-salon/,5.5,7.2,70
board-games,"Board Games",1.1.8,1.1.6,https://downloads.wordpress.org/theme/board-games.1.1.8.zip,"2026-05-07 10:19:00",https://wordpress.org/themes/board-games/,5.5,7.2,100
boat-rental,"Boat Rental",1.1.5,1.1.4,https://downloads.wordpress.org/theme/boat-rental.1.1.5.zip,"2026-05-07 10:20:33",https://wordpress.org/themes/boat-rental/,5.3,5.6,60
car-booking,"Car Booking",3.3.3,3.3.2,https://downloads.wordpress.org/theme/car-booking.3.3.3.zip,"2026-05-07 10:21:10",https://wordpress.org/themes/car-booking/,5.3,5.6,100
consultancy-firm,"Consultancy Firm",1.3.5,1.3.3,https://downloads.wordpress.org/theme/consultancy-firm.1.3.5.zip,"2026-05-07 10:21:26",https://wordpress.org/themes/consultancy-firm/,5.3,7.2,20
electrician-company,"Electrician Company",1.1.7,1.1.5,https://downloads.wordpress.org/theme/electrician-company.1.1.7.zip,"2026-05-07 10:22:39",https://wordpress.org/themes/electrician-company/,5.5,7.2,50
event-decorations,"Event Decorations",1.1.9,1.1.7,https://downloads.wordpress.org/theme/event-decorations.1.1.9.zip,"2026-05-07 10:24:05",https://wordpress.org/themes/event-decorations/,5.5,7.2,70
minimalistic-portfolio,"Minimalistic Portfolio",1.0.2,1.0.1,https://downloads.wordpress.org/theme/minimalistic-portfolio.1.0.2.zip,"2026-05-07 10:44:31",https://wordpress.org/themes/minimalistic-portfolio/,6.0,5.6,10
modern-architecture-design,"Modern Architecture Design",1.1.8,1.1.6,https://downloads.wordpress.org/theme/modern-architecture-design.1.1.8.zip,"2026-05-07 10:23:40",https://wordpress.org/themes/modern-architecture-design/,5.5,7.2,40
modern-art-gallery,"Modern Art Gallery",1.1.7,1.1.5,https://downloads.wordpress.org/theme/modern-art-gallery.1.1.7.zip,"2026-05-07 10:27:02",https://wordpress.org/themes/modern-art-gallery/,5.3,5.6,50
outdoor-adventure,"Outdoor Adventure",1.1.9,1.1.7,https://downloads.wordpress.org/theme/outdoor-adventure.1.1.9.zip,"2026-05-07 10:24:39",https://wordpress.org/themes/outdoor-adventure/,5.3,5.6,30
vacation-rental-booking,"Vacation Rental Booking",1.1.6,1.1.4,https://downloads.wordpress.org/theme/vacation-rental-booking.1.1.6.zip,"2026-05-07 10:25:12",https://wordpress.org/themes/vacation-rental-booking/,5.3,7.2,100
academic-education-lite,"Academic Education Lite",0.1.7,0.1.6,https://downloads.wordpress.org/theme/academic-education-lite.0.1.7.zip,"2026-05-07 13:37:02",https://wordpress.org/themes/academic-education-lite/,5.0,7.2,70
ambulance-paramedics,"Ambulance Paramedics",0.1.8,0.1.7,https://downloads.wordpress.org/theme/ambulance-paramedics.0.1.8.zip,"2026-05-07 13:36:44",https://wordpress.org/themes/ambulance-paramedics/,5.0,7.2,20
anamio,Anamio,19.4,19.3,https://downloads.wordpress.org/theme/anamio.19.4.zip,"2026-05-07 12:50:38",https://wordpress.org/themes/anamio/,4.7,5.6,30
appointable,Appointable,18.3,18.2,https://downloads.wordpress.org/theme/appointable.18.3.zip,"2026-05-07 12:52:18",https://wordpress.org/themes/appointable/,4.7,5.6,50
arkbiz,ArkBiz,18.3,18.2,https://downloads.wordpress.org/theme/arkbiz.18.3.zip,"2026-05-07 12:51:48",https://wordpress.org/themes/arkbiz/,4.7,5.6,60
article-blog-writer,"Article Blog Writer",0.1.2,0.1.1,https://downloads.wordpress.org/theme/article-blog-writer.0.1.2.zip,"2026-05-07 13:36:33",https://wordpress.org/themes/article-blog-writer/,5.0,7.2,100
automobile-detailing-shop,"Automobile Detailing Shop",0.1.6,0.1.5,https://downloads.wordpress.org/theme/automobile-detailing-shop.0.1.6.zip,"2026-05-07 13:36:14",https://wordpress.org/themes/automobile-detailing-shop/,5.0,7.2,40
beauty-store,"Beauty Store",0.1.2,0.1.1,https://downloads.wordpress.org/theme/beauty-store.0.1.2.zip,"2026-05-07 13:35:34",https://wordpress.org/themes/beauty-store/,5.0,7.2,90
camera-rental,"Camera Rental",3.2,3.1,https://downloads.wordpress.org/theme/camera-rental.3.2.zip,"2026-05-07 14:36:20",https://wordpress.org/themes/camera-rental/,6.1,5.6,100
cartable,Cartable,18.3,18.2,https://downloads.wordpress.org/theme/cartable.18.3.zip,"2026-05-07 12:52:48",https://wordpress.org/themes/cartable/,4.7,5.6,100
cat-walking,"Cat Walking",0.1.2,0.1.1,https://downloads.wordpress.org/theme/cat-walking.0.1.2.zip,"2026-05-07 13:35:21",https://wordpress.org/themes/cat-walking/,5.0,7.2,30
corpo-digital,"Corpo Digital",1.6,1.5,https://downloads.wordpress.org/theme/corpo-digital.1.6.zip,"2026-05-07 14:47:59",https://wordpress.org/themes/corpo-digital/,5.0,5.6,40
cupcake-shop,"Cupcake Shop",0.2,0.1.9,https://downloads.wordpress.org/theme/cupcake-shop.0.2.zip,"2026-05-07 13:35:05",https://wordpress.org/themes/cupcake-shop/,5.0,7.2,80
daizy,Daizy,18.2,18.1,https://downloads.wordpress.org/theme/daizy.18.2.zip,"2026-05-07 13:23:20",https://wordpress.org/themes/daizy/,4.7,5.6,100
eauto-repair,"Eauto Repair",0.1.7,0.1.6,https://downloads.wordpress.org/theme/eauto-repair.0.1.7.zip,"2026-05-07 13:27:32",https://wordpress.org/themes/eauto-repair/,5.0,7.2,20
event-camera,"Event Camera",1.1,1.0,https://downloads.wordpress.org/theme/event-camera.1.1.zip,"2026-05-07 14:35:59",https://wordpress.org/themes/event-camera/,6.1,5.6,0
event-dining-catering,"Event Dining Catering",0.1.8,0.1.7,https://downloads.wordpress.org/theme/event-dining-catering.0.1.8.zip,"2026-05-07 13:27:12",https://wordpress.org/themes/event-dining-catering/,5.0,7.2,30
ferio,Ferio,11.2,11.1,https://downloads.wordpress.org/theme/ferio.11.2.zip,"2026-05-07 13:14:34",https://wordpress.org/themes/ferio/,4.7,5.6,30
food-restro-zone,"Food Restro Zone",0.1.9,0.1.8,https://downloads.wordpress.org/theme/food-restro-zone.0.1.9.zip,"2026-05-07 13:26:47",https://wordpress.org/themes/food-restro-zone/,5.0,7.2,40
fortify,Fortify,10.3,10.2,https://downloads.wordpress.org/theme/fortify.10.3.zip,"2026-05-07 13:20:14",https://wordpress.org/themes/fortify/,4.7,5.6,30
fresh-food-restaurant,"Fresh Food Restaurant",0.1.5,0.1.4,https://downloads.wordpress.org/theme/fresh-food-restaurant.0.1.5.zip,"2026-05-07 14:28:07",https://wordpress.org/themes/fresh-food-restaurant/,,5.6,100
gruj,Gruj,19.3,19.2,https://downloads.wordpress.org/theme/gruj.19.3.zip,"2026-05-07 13:10:18",https://wordpress.org/themes/gruj/,4.7,5.6,30
gym-nutrition-shop,"Gym Nutrition Shop",0.1.3,0.1.2,https://downloads.wordpress.org/theme/gym-nutrition-shop.0.1.3.zip,"2026-05-07 13:26:30",https://wordpress.org/themes/gym-nutrition-shop/,5.0,7.2,100
heropress,HeroPress,20.3,20.2,https://downloads.wordpress.org/theme/heropress.20.3.zip,"2026-05-07 13:11:48",https://wordpress.org/themes/heropress/,4.7,5.6,300
holiday-travel-cruise,"Holiday Travel Cruise",0.1.8,0.1.7,https://downloads.wordpress.org/theme/holiday-travel-cruise.0.1.8.zip,"2026-05-07 13:25:57",https://wordpress.org/themes/holiday-travel-cruise/,5.0,7.2,20
hstore,hstore,18.3,18.2,https://downloads.wordpress.org/theme/hstore.18.3.zip,"2026-05-07 13:07:41",https://wordpress.org/themes/hstore/,4.7,5.6,20
ideate,Ideate,18.3,18.2,https://downloads.wordpress.org/theme/ideate.18.3.zip,"2026-05-07 12:47:39",https://wordpress.org/themes/ideate/,4.7,5.6,50
ignite-grocery,"Ignite Grocery",1.2,1.1,https://downloads.wordpress.org/theme/ignite-grocery.1.2.zip,"2026-05-07 12:14:41",https://wordpress.org/themes/ignite-grocery/,,7.0,0
it-software-service,"IT Software Service",1.0.2,1.0.1,https://downloads.wordpress.org/theme/it-software-service.1.0.2.zip,"2026-05-07 12:19:47",https://wordpress.org/themes/it-software-service/,5.9,5.6,10
laundry-care,"Laundry Care",0.1.7,0.1.6,https://downloads.wordpress.org/theme/laundry-care.0.1.7.zip,"2026-05-07 14:27:08",https://wordpress.org/themes/laundry-care/,,5.6,10
laxity,Laxity,18.3,18.2,https://downloads.wordpress.org/theme/laxity.18.3.zip,"2026-05-07 13:08:23",https://wordpress.org/themes/laxity/,4.7,5.6,60
magzee,MagZee,20.3,20.2,https://downloads.wordpress.org/theme/magzee.20.3.zip,"2026-05-07 13:00:59",https://wordpress.org/themes/magzee/,4.7,5.6,600
neek,Neek,18.3,18.2,https://downloads.wordpress.org/theme/neek.18.3.zip,"2026-05-07 12:53:46",https://wordpress.org/themes/neek/,4.7,5.6,80
proficient,Proficient,20.2,20.1,https://downloads.wordpress.org/theme/proficient.20.2.zip,"2026-05-07 13:03:49",https://wordpress.org/themes/proficient/,4.7,5.6,700
shopstar,Shopstar!,1.1.64,1.1.63,https://downloads.wordpress.org/theme/shopstar.1.1.64.zip,"2026-05-07 14:46:47",https://wordpress.org/themes/shopstar/,4.7,5.3,1000
soga,Soga,18.9,18.8,https://downloads.wordpress.org/theme/soga.18.9.zip,"2026-05-07 13:06:15",https://wordpress.org/themes/soga/,4.7,5.6,50
spera,Spera,19.3,19.2,https://downloads.wordpress.org/theme/spera.19.3.zip,"2026-05-07 12:54:16",https://wordpress.org/themes/spera/,4.7,5.6,100
blocksy,Blocksy,2.1.41,2.1.40,https://downloads.wordpress.org/theme/blocksy.2.1.41.zip,"2026-05-07 16:25:48",https://wordpress.org/themes/blocksy/,6.5,7.0,300000
catch-bells,"Catch Bells",2.0.1,2.0,https://downloads.wordpress.org/theme/catch-bells.2.0.1.zip,"2026-05-07 14:59:12",https://wordpress.org/themes/catch-bells/,5.9,5.6,100
oceanic,Oceanic,1.0.73,1.0.72,https://downloads.wordpress.org/theme/oceanic.1.0.73.zip,"2026-05-07 15:16:38",https://wordpress.org/themes/oceanic/,4.7,5.3,700
travel-life,"Travel Life",1.0.9,1.0.8,https://downloads.wordpress.org/theme/travel-life.1.0.9.zip,"2026-05-07 14:48:37",https://wordpress.org/themes/travel-life/,5.0,5.6,30
tropicana,Tropicana,1.1.02,1.1.0,https://downloads.wordpress.org/theme/tropicana.1.1.02.zip,"2026-05-07 15:35:36",https://wordpress.org/themes/tropicana/,4.7,5.3,400
ultra-gym,"Ultra Gym",1.0.7,1.0.6,https://downloads.wordpress.org/theme/ultra-gym.1.0.7.zip,"2026-05-07 14:49:14",https://wordpress.org/themes/ultra-gym/,5.1,5.6,40
destination-hotel-booking,"Destination Hotel Booking",2.4,2.3,https://downloads.wordpress.org/theme/destination-hotel-booking.2.4.zip,"2026-05-07 18:18:09",https://wordpress.org/themes/destination-hotel-booking/,5.0,5.6,100
farming-store,"Farming Store",2.6,2.4,https://downloads.wordpress.org/theme/farming-store.2.6.zip,"2026-05-07 18:17:54",https://wordpress.org/themes/farming-store/,5.0,5.6,60
graceful,Graceful,1.0.5,1.0.4,https://downloads.wordpress.org/theme/graceful.1.0.5.zip,"2026-05-07 17:57:15",https://wordpress.org/themes/graceful/,5.3,5.6,1000
logistics-provider,"Logistics Provider",2.0,1.8,https://downloads.wordpress.org/theme/logistics-provider.2.0.zip,"2026-05-07 18:17:42",https://wordpress.org/themes/logistics-provider/,5.0,5.6,100
manufacturing-hub,"Manufacturing Hub",2.7,2.5,https://downloads.wordpress.org/theme/manufacturing-hub.2.7.zip,"2026-05-07 18:17:28",https://wordpress.org/themes/manufacturing-hub/,5.0,5.6,60
marketing-campaigns,"Marketing Campaigns",2.7,2.5,https://downloads.wordpress.org/theme/marketing-campaigns.2.7.zip,"2026-05-07 18:16:59",https://wordpress.org/themes/marketing-campaigns/,5.0,5.6,60
medicare-clinic,"Medicare Clinic",2.7,2.5,https://downloads.wordpress.org/theme/medicare-clinic.2.7.zip,"2026-05-07 18:16:31",https://wordpress.org/themes/medicare-clinic/,5.0,5.6,80
modern-fashion-store,"Modern Fashion Store",2.5,2.3,https://downloads.wordpress.org/theme/modern-fashion-store.2.5.zip,"2026-05-07 18:16:14",https://wordpress.org/themes/modern-fashion-store/,5.0,5.6,200
newspaper-magazine-blog,"Newspaper Magazine Blog",2.6,2.4,https://downloads.wordpress.org/theme/newspaper-magazine-blog.2.6.zip,"2026-05-07 18:15:55",https://wordpress.org/themes/newspaper-magazine-blog/,5.0,5.6,300
notary-services,"Notary Services",2.7,2.5,https://downloads.wordpress.org/theme/notary-services.2.7.zip,"2026-05-07 18:15:32",https://wordpress.org/themes/notary-services/,5.0,5.6,50
saas-agency,"SAAS Agency",2.5,2.3,https://downloads.wordpress.org/theme/saas-agency.2.5.zip,"2026-05-07 18:15:10",https://wordpress.org/themes/saas-agency/,5.0,5.6,20
super-agency,"Super Agency",1.0.7.1,1.0.6,https://downloads.wordpress.org/theme/super-agency.1.0.7.1.zip,"2026-05-07 18:09:03",https://wordpress.org/themes/super-agency/,6.1,7.4,200
travel-booking-offers,"Travel Booking Offers",1.9,1.7,https://downloads.wordpress.org/theme/travel-booking-offers.1.9.zip,"2026-05-07 18:14:55",https://wordpress.org/themes/travel-booking-offers/,5.0,5.6,200
consulting,Consulting,1.6.0,1.5.1,https://downloads.wordpress.org/theme/consulting.1.6.0.zip,"2026-05-07 20:30:49",https://wordpress.org/themes/consulting/,5.0,7.0,10000
engrave-lite,"Engrave (Lite)",1.14.0,1.13.1,https://downloads.wordpress.org/theme/engrave-lite.1.14.0.zip,"2026-05-07 20:31:23",https://wordpress.org/themes/engrave-lite/,5.0,7.0,400
minamaze,Minamaze,1.11.0,1.10.3,https://downloads.wordpress.org/theme/minamaze.1.11.0.zip,"2026-05-07 20:31:28",https://wordpress.org/themes/minamaze/,5.0,7.0,3000
alante,Alante,1.6.0,1.5.3,https://downloads.wordpress.org/theme/alante.1.6.0.zip,"2026-05-07 20:45:40",https://wordpress.org/themes/alante/,5.0,7.0,1000
bb-ecommerce-store,"BB Ecommerce Store",2.5.5,2.5.4,https://downloads.wordpress.org/theme/bb-ecommerce-store.2.5.5.zip,"2026-05-08 02:34:19",https://wordpress.org/themes/bb-ecommerce-store/,5.0,7.2,100
bb-mobile-application,"BB Mobile Application",2.2.4,2.2.3,https://downloads.wordpress.org/theme/bb-mobile-application.2.2.4.zip,"2026-05-08 02:34:25",https://wordpress.org/themes/bb-mobile-application/,5.0,7.2,100
bb-wedding-bliss,"BB Wedding Bliss",2.2.8,2.2.7,https://downloads.wordpress.org/theme/bb-wedding-bliss.2.2.8.zip,"2026-05-08 02:34:40",https://wordpress.org/themes/bb-wedding-bliss/,5.0,7.2,40
e-commerce-shop,"E-commerce Shop",6.4.2,6.4.1,https://downloads.wordpress.org/theme/e-commerce-shop.6.4.2.zip,"2026-05-08 02:34:39",https://wordpress.org/themes/e-commerce-shop/,5.0,7.2,80
ignite-grocery,"Ignite Grocery",1.3,1.2,https://downloads.wordpress.org/theme/ignite-grocery.1.3.zip,"2026-05-08 03:41:01",https://wordpress.org/themes/ignite-grocery/,,7.0,0
lawyer-lite,"Lawyer Lite",1.4.8,1.4.7,https://downloads.wordpress.org/theme/lawyer-lite.1.4.8.zip,"2026-05-08 02:34:57",https://wordpress.org/themes/lawyer-lite/,5.0,7.2,100
perfect-blog,"Perfect Blog",1.4.4,1.4.3,https://downloads.wordpress.org/theme/perfect-blog.1.4.4.zip,"2026-05-08 02:35:12",https://wordpress.org/themes/perfect-blog/,5.0,7.2,70
travel-planning,"Travel Planning",1.7,1.5,https://downloads.wordpress.org/theme/travel-planning.1.7.zip,"2026-05-08 03:41:50",https://wordpress.org/themes/travel-planning/,,7.0,60
ts-charity,"TS Charity",1.3.2,1.3.1,https://downloads.wordpress.org/theme/ts-charity.1.3.2.zip,"2026-05-08 02:35:27",https://wordpress.org/themes/ts-charity/,5.0,7.2,100
yummy-bites,"Yummy Bites",1.3.6,1.3.5,https://downloads.wordpress.org/theme/yummy-bites.1.3.6.zip,"2026-05-08 02:34:49",https://wordpress.org/themes/yummy-bites/,6.2,7.4,800
awesome-shop,"Awesome Shop",1.0.4,1.0.3,https://downloads.wordpress.org/theme/awesome-shop.1.0.4.zip,"2026-05-08 05:54:25",https://wordpress.org/themes/awesome-shop/,,5.6,10
chemical-laboratory,"Chemical Laboratory",2.3,2.1,https://downloads.wordpress.org/theme/chemical-laboratory.2.3.zip,"2026-05-08 03:56:15",https://wordpress.org/themes/chemical-laboratory/,,7.0,90
fresh-bakers-shop,"Fresh Bakers Shop",2.0,1.8,https://downloads.wordpress.org/theme/fresh-bakers-shop.2.0.zip,"2026-05-08 03:55:17",https://wordpress.org/themes/fresh-bakers-shop/,,7.0,100
luxury-shop,"Luxury Shop",1.9,1.7,https://downloads.wordpress.org/theme/luxury-shop.1.9.zip,"2026-05-08 03:54:22",https://wordpress.org/themes/luxury-shop/,,7.0,100
museum-exhibition,"Museum Exhibition",1.8,1.6,https://downloads.wordpress.org/theme/museum-exhibition.1.8.zip,"2026-05-08 03:54:04",https://wordpress.org/themes/museum-exhibition/,,7.0,30
online-mobile-accessories,"Online Mobile Accessories",1.4,1.2,https://downloads.wordpress.org/theme/online-mobile-accessories.1.4.zip,"2026-05-08 03:53:41",https://wordpress.org/themes/online-mobile-accessories/,,7.0,30
pizzeria-online-delivery,"Pizzeria Online Delivery",1.6,1.4,https://downloads.wordpress.org/theme/pizzeria-online-delivery.1.6.zip,"2026-05-08 03:53:23",https://wordpress.org/themes/pizzeria-online-delivery/,,7.0,20
plumber-handyman-lite,"Plumber Handyman Lite",1.9,1.7,https://downloads.wordpress.org/theme/plumber-handyman-lite.1.9.zip,"2026-05-08 03:52:56",https://wordpress.org/themes/plumber-handyman-lite/,,7.0,10
popular-blogger,"Popular Blogger",1.8,1.7,https://downloads.wordpress.org/theme/popular-blogger.1.8.zip,"2026-05-08 03:52:38",https://wordpress.org/themes/popular-blogger/,,7.0,200
prime-fashion-magazine,"Prime Fashion Magazine",3.6,3.4,https://downloads.wordpress.org/theme/prime-fashion-magazine.3.6.zip,"2026-05-08 03:59:15",https://wordpress.org/themes/prime-fashion-magazine/,,7.0,100
prime-tutor-academy,"Prime Tutor Academy",3.1,2.9,https://downloads.wordpress.org/theme/prime-tutor-academy.3.1.zip,"2026-05-08 03:58:56",https://wordpress.org/themes/prime-tutor-academy/,,7.0,40
seo-consultant,"SEO Consultant",3.1,2.9,https://downloads.wordpress.org/theme/seo-consultant.3.1.zip,"2026-05-08 03:58:38",https://wordpress.org/themes/seo-consultant/,,7.0,30
shoes-footwear,"Shoes Footwear",1.2,1.1,https://downloads.wordpress.org/theme/shoes-footwear.1.2.zip,"2026-05-08 03:52:26",https://wordpress.org/themes/shoes-footwear/,,7.2,20
skincare-shop,"Skincare Shop",2.1,1.9,https://downloads.wordpress.org/theme/skincare-shop.2.1.zip,"2026-05-08 03:52:02",https://wordpress.org/themes/skincare-shop/,,7.0,50
ac-care,"AC Care",2.1.9,2.1.8,https://downloads.wordpress.org/theme/ac-care.2.1.9.zip,"2026-05-08 06:22:13",https://wordpress.org/themes/ac-care/,5.0,7.2,80
alankar-jewelry-store,"Alankar Jewelry Store",0.1.5,0.1.4,https://downloads.wordpress.org/theme/alankar-jewelry-store.0.1.5.zip,"2026-05-08 06:20:36",https://wordpress.org/themes/alankar-jewelry-store/,5.0,7.2,100
anexa,Anexa,1.1.24,1.1.23,https://downloads.wordpress.org/theme/anexa.1.1.24.zip,"2026-05-08 07:47:18",https://wordpress.org/themes/anexa/,,5.6,70
appetizer,Appetizer,1.1.25,1.1.24,https://downloads.wordpress.org/theme/appetizer.1.1.25.zip,"2026-05-08 07:55:17",https://wordpress.org/themes/appetizer/,,5.6,600
ayurvedic-medicine,"Ayurvedic Medicine",0.2.7,0.2.6,https://downloads.wordpress.org/theme/ayurvedic-medicine.0.2.7.zip,"2026-05-08 06:18:08",https://wordpress.org/themes/ayurvedic-medicine/,5.0,5.6,100
blog-over,"Blog Over",0.0.9,0.0.8,https://downloads.wordpress.org/theme/blog-over.0.0.9.zip,"2026-05-08 07:13:08",https://wordpress.org/themes/blog-over/,,7.4,200
blood-donation-campaign,"Blood Donation Campaign",0.3.3,0.3.2,https://downloads.wordpress.org/theme/blood-donation-campaign.0.3.3.zip,"2026-05-08 06:18:29",https://wordpress.org/themes/blood-donation-campaign/,5.0,5.6,10
business-article-ship,"Business Article Ship",3.7,3.6,https://downloads.wordpress.org/theme/business-article-ship.3.7.zip,"2026-05-08 06:32:27",https://wordpress.org/themes/business-article-ship/,5.5,5.6,50
business-incubator,"Business Incubator",0.2.7,0.2.6,https://downloads.wordpress.org/theme/business-incubator.0.2.7.zip,"2026-05-08 06:28:10",https://wordpress.org/themes/business-incubator/,5.0,5.6,50
classic-plumbing-services,"Classic Plumbing Services",0.3.9,0.3.8,https://downloads.wordpress.org/theme/classic-plumbing-services.0.3.9.zip,"2026-05-08 06:28:48",https://wordpress.org/themes/classic-plumbing-services/,5.0,5.6,60
cleaning-specialist,"Cleaning Specialist",3.1,3.0,https://downloads.wordpress.org/theme/cleaning-specialist.3.1.zip,"2026-05-08 06:33:06",https://wordpress.org/themes/cleaning-specialist/,5.5,5.6,60
cloud-storage-services,"Cloud Storage Services",0.3.2,0.3.1,https://downloads.wordpress.org/theme/cloud-storage-services.0.3.2.zip,"2026-05-08 06:29:33",https://wordpress.org/themes/cloud-storage-services/,5.0,5.6,30
creamy-bakery,"Creamy Bakery",3.1,3.0,https://downloads.wordpress.org/theme/creamy-bakery.3.1.zip,"2026-05-08 06:48:34",https://wordpress.org/themes/creamy-bakery/,5.5,5.6,100
eco-landscaping,"Eco Landscaping",3.0,2.9,https://downloads.wordpress.org/theme/eco-landscaping.3.0.zip,"2026-05-08 06:49:17",https://wordpress.org/themes/eco-landscaping/,5.5,5.6,300
eco-solar-energy,"Eco Solar Energy",1.0.42,1.0.41,https://downloads.wordpress.org/theme/eco-solar-energy.1.0.42.zip,"2026-05-08 07:04:50",https://wordpress.org/themes/eco-solar-energy/,,7.4,10
garden-care,"Garden Care",3.1.2,3.1.1,https://downloads.wordpress.org/theme/garden-care.3.1.2.zip,"2026-05-08 06:21:11",https://wordpress.org/themes/garden-care/,5.0,7.2,60
gymnastics-center,"Gymnastics Center",0.3.3,0.3.2,https://downloads.wordpress.org/theme/gymnastics-center.0.3.3.zip,"2026-05-08 06:29:47",https://wordpress.org/themes/gymnastics-center/,5.0,5.6,30
home-shifting-services,"Home Shifting Services",3.1,3.0,https://downloads.wordpress.org/theme/home-shifting-services.3.1.zip,"2026-05-08 06:50:10",https://wordpress.org/themes/home-shifting-services/,5.5,5.6,40
it-security,"IT Security",0.3.6,0.3.5,https://downloads.wordpress.org/theme/it-security.0.3.6.zip,"2026-05-08 06:30:04",https://wordpress.org/themes/it-security/,5.0,5.6,100
jungle-eco-tours,"Jungle Eco Tours",2.8,2.7,https://downloads.wordpress.org/theme/jungle-eco-tours.2.8.zip,"2026-05-08 06:50:57",https://wordpress.org/themes/jungle-eco-tours/,5.5,5.6,300
kindergarten-art-school,"Kindergarten Art School",3.1,3.0,https://downloads.wordpress.org/theme/kindergarten-art-school.3.1.zip,"2026-05-08 06:51:29",https://wordpress.org/themes/kindergarten-art-school/,5.5,5.6,100
kindergarten-toddler,"Kindergarten Toddler",2.7,2.6,https://downloads.wordpress.org/theme/kindergarten-toddler.2.7.zip,"2026-05-08 06:52:44",https://wordpress.org/themes/kindergarten-toddler/,5.5,5.6,70
legacy-real-estate,"Legacy Real Estate",1.8,1.7,https://downloads.wordpress.org/theme/legacy-real-estate.1.8.zip,"2026-05-08 06:53:29",https://wordpress.org/themes/legacy-real-estate/,5.5,5.6,100
legacy-videography,"Legacy Videography",2.3,2.2,https://downloads.wordpress.org/theme/legacy-videography.2.3.zip,"2026-05-08 06:54:17",https://wordpress.org/themes/legacy-videography/,5.5,5.6,30
legacy-wellness-coach,"Legacy Wellness Coach",2.7,2.6,https://downloads.wordpress.org/theme/legacy-wellness-coach.2.7.zip,"2026-05-08 06:54:58",https://wordpress.org/themes/legacy-wellness-coach/,5.5,5.6,50
mobile-accessories-shop,"Mobile Accessories Shop",0.3.5,0.3.3,https://downloads.wordpress.org/theme/mobile-accessories-shop.0.3.5.zip,"2026-05-08 06:30:20",https://wordpress.org/themes/mobile-accessories-shop/,5.0,5.6,100
mobile-repair,"Mobile Repair",0.8.4,0.8.3,https://downloads.wordpress.org/theme/mobile-repair.0.8.4.zip,"2026-05-08 06:21:41",https://wordpress.org/themes/mobile-repair/,5.0,7.2,30
online-courier-services,"Online Courier Services",0.0.5,0.0.3,https://downloads.wordpress.org/theme/online-courier-services.0.0.5.zip,"2026-05-08 06:55:38",https://wordpress.org/themes/online-courier-services/,6.2,7.2,60
online-education-classes,"Online Education Classes",2.9,2.8,https://downloads.wordpress.org/theme/online-education-classes.2.9.zip,"2026-05-08 06:56:28",https://wordpress.org/themes/online-education-classes/,5.5,5.6,200
pacer,Pacer,1.0.9,1.0.7,https://downloads.wordpress.org/theme/pacer.1.0.9.zip,"2026-05-08 06:10:28",https://wordpress.org/themes/pacer/,6.2,7.4,50
pedicure-makeup-store,"Pedicure Makeup Store",2.6,2.5,https://downloads.wordpress.org/theme/pedicure-makeup-store.2.6.zip,"2026-05-08 06:57:21",https://wordpress.org/themes/pedicure-makeup-store/,5.5,5.6,80
rehab-center,"Rehab Center",0.3.4,0.3.3,https://downloads.wordpress.org/theme/rehab-center.0.3.4.zip,"2026-05-08 06:30:46",https://wordpress.org/themes/rehab-center/,5.0,5.6,30
robotics-services,"Robotics Services",0.4.3,0.4.2,https://downloads.wordpress.org/theme/robotics-services.0.4.3.zip,"2026-05-08 06:30:48",https://wordpress.org/themes/robotics-services/,5.0,5.6,30
roofing-installation,"Roofing Installation",0.3.3,0.3.2,https://downloads.wordpress.org/theme/roofing-installation.0.3.3.zip,"2026-05-08 06:31:11",https://wordpress.org/themes/roofing-installation/,5.0,5.6,20
siara-corporate-business,"Siara Corporate Business",4.0.5,4.0.4,https://downloads.wordpress.org/theme/siara-corporate-business.4.0.5.zip,"2026-05-08 07:54:41",https://wordpress.org/themes/siara-corporate-business/,5.3,5.6,30
sweet-delights-bakery,"Sweet Delights Bakery",0.1.7,0.1.6,https://downloads.wordpress.org/theme/sweet-delights-bakery.0.1.7.zip,"2026-05-08 06:19:57",https://wordpress.org/themes/sweet-delights-bakery/,5.0,7.2,30
weight-loss-club,"Weight Loss Club",0.3.5,0.3.4,https://downloads.wordpress.org/theme/weight-loss-club.0.3.5.zip,"2026-05-08 06:31:22",https://wordpress.org/themes/weight-loss-club/,5.0,5.6,30
astrocare,Astrocare,1.0.16,1.0.15,https://downloads.wordpress.org/theme/astrocare.1.0.16.zip,"2026-05-08 07:57:16",https://wordpress.org/themes/astrocare/,,5.6,200
atua,Atua,1.1.62,1.1.61,https://downloads.wordpress.org/theme/atua.1.1.62.zip,"2026-05-08 09:50:53",https://wordpress.org/themes/atua/,4.7,5.6,500
burgertech,Burgertech,1.28,1.27,https://downloads.wordpress.org/theme/burgertech.1.28.zip,"2026-05-08 08:13:06",https://wordpress.org/themes/burgertech/,,5.6,80
caresoft,CareSoft,1.1.28,1.1.27,https://downloads.wordpress.org/theme/caresoft.1.1.28.zip,"2026-05-08 09:45:16",https://wordpress.org/themes/caresoft/,4.7,5.6,100
corapress,CoraPress,1.17,1.16,https://downloads.wordpress.org/theme/corapress.1.17.zip,"2026-05-08 08:21:42",https://wordpress.org/themes/corapress/,,5.6,10
cozibee,CoziBee,1.0.30,1.0.29,https://downloads.wordpress.org/theme/cozibee.1.0.30.zip,"2026-05-08 08:24:21",https://wordpress.org/themes/cozibee/,,5.6,100
cozigo,Cozigo,1.0.22,1.0.21,https://downloads.wordpress.org/theme/cozigo.1.0.22.zip,"2026-05-08 08:30:18",https://wordpress.org/themes/cozigo/,,5.6,20
coziplus,CoziPlus,1.0.33,1.0.32,https://downloads.wordpress.org/theme/coziplus.1.0.33.zip,"2026-05-08 08:34:16",https://wordpress.org/themes/coziplus/,,5.6,100
cozipress,CoziPress,1.0.47,1.0.46,https://downloads.wordpress.org/theme/cozipress.1.0.47.zip,"2026-05-08 08:36:24",https://wordpress.org/themes/cozipress/,,5.6,900
coziweb,CoziWeb,1.0.33,1.0.32,https://downloads.wordpress.org/theme/coziweb.1.0.33.zip,"2026-05-08 08:38:22",https://wordpress.org/themes/coziweb/,,5.6,200
cozysoft,CozySoft,1.1.45,1.1.44,https://downloads.wordpress.org/theme/cozysoft.1.1.45.zip,"2026-05-08 09:44:45",https://wordpress.org/themes/cozysoft/,4.7,5.6,80
crowl,Crowl,1.0.32,1.0.31,https://downloads.wordpress.org/theme/crowl.1.0.32.zip,"2026-05-08 08:40:09",https://wordpress.org/themes/crowl/,,5.6,100
decorme,DecorMe,1.0.34,1.0.33,https://downloads.wordpress.org/theme/decorme.1.0.34.zip,"2026-05-08 08:48:34",https://wordpress.org/themes/decorme/,,5.6,100
digipress,DigiPress,1.0.30,1.0.29,https://downloads.wordpress.org/theme/digipress.1.0.30.zip,"2026-05-08 08:52:17",https://wordpress.org/themes/digipress/,,5.6,80
easytech,EasyTech,1.1.17,1.1.16,https://downloads.wordpress.org/theme/easytech.1.1.17.zip,"2026-05-08 09:46:24",https://wordpress.org/themes/easytech/,4.7,5.6,1000
event-caterer,"Event Caterer",2.2,2.1,https://downloads.wordpress.org/theme/event-caterer.2.2.zip,"2026-05-08 09:12:09",https://wordpress.org/themes/event-caterer/,5.9,5.6,50
expert-cleaning,"Expert Cleaning",2.2,2.1,https://downloads.wordpress.org/theme/expert-cleaning.2.2.zip,"2026-05-08 09:12:52",https://wordpress.org/themes/expert-cleaning/,5.9,5.6,100
expert-influencer-agency,"Expert Influencer Agency",1.9,1.8,https://downloads.wordpress.org/theme/expert-influencer-agency.1.9.zip,"2026-05-08 09:14:06",https://wordpress.org/themes/expert-influencer-agency/,5.9,5.6,30
expert-travel-agent,"Expert Travel Agent",2.5,2.4,https://downloads.wordpress.org/theme/expert-travel-agent.2.5.zip,"2026-05-08 09:14:30",https://wordpress.org/themes/expert-travel-agent/,5.9,5.6,300
hair-dresser-and-salon,"Hair Dresser and Salon",1.4,1.3,https://downloads.wordpress.org/theme/hair-dresser-and-salon.1.4.zip,"2026-05-08 09:15:23",https://wordpress.org/themes/hair-dresser-and-salon/,5.9,5.6,30
hotel-galaxy,"Hotel Galaxy",4.4.42,4.4.41,https://downloads.wordpress.org/theme/hotel-galaxy.4.4.42.zip,"2026-05-08 09:12:23",https://wordpress.org/themes/hotel-galaxy/,5.0,7.2,700
hotelpress,HotelPress,1.16,1.15,https://downloads.wordpress.org/theme/hotelpress.1.16.zip,"2026-05-08 09:15:11",https://wordpress.org/themes/hotelpress/,,5.6,100
interio,Interio,1.16,1.15,https://downloads.wordpress.org/theme/interio.1.16.zip,"2026-05-08 09:17:47",https://wordpress.org/themes/interio/,,5.6,100
it-software-technology,"IT Software Technology",1.6,1.5,https://downloads.wordpress.org/theme/it-software-technology.1.6.zip,"2026-05-08 09:15:48",https://wordpress.org/themes/it-software-technology/,5.9,5.6,100
itpress,ITpress,1.0.47,1.0.46,https://downloads.wordpress.org/theme/itpress.1.0.47.zip,"2026-05-08 09:29:27",https://wordpress.org/themes/itpress/,,5.6,400
massage-wellness-retreat,"Massage Wellness Retreat",1.3.6,1.3.5,https://downloads.wordpress.org/theme/massage-wellness-retreat.1.3.6.zip,"2026-05-08 08:25:43",https://wordpress.org/themes/massage-wellness-retreat/,5.5,7.2,80
multipurpose-corporate,"Multipurpose Corporate",0.9.4,0.9.3,https://downloads.wordpress.org/theme/multipurpose-corporate.0.9.4.zip,"2026-05-08 09:49:31",https://wordpress.org/themes/multipurpose-corporate/,,7.2,40
nonprofit-give,"Nonprofit Give",1.2,0.1,https://downloads.wordpress.org/theme/nonprofit-give.1.2.zip,"2026-05-08 09:15:56",https://wordpress.org/themes/nonprofit-give/,,7.2,0
online-education-academy,"Online Education Academy",1.7,1.6,https://downloads.wordpress.org/theme/online-education-academy.1.7.zip,"2026-05-08 09:16:15",https://wordpress.org/themes/online-education-academy/,5.9,5.6,200
pest-control-company,"Pest Control Company",2.5,2.4,https://downloads.wordpress.org/theme/pest-control-company.2.5.zip,"2026-05-08 09:17:17",https://wordpress.org/themes/pest-control-company/,5.9,5.6,40
phone-accessories-store,"Phone Accessories Store",2.0,1.9,https://downloads.wordpress.org/theme/phone-accessories-store.2.0.zip,"2026-05-08 08:25:26",https://wordpress.org/themes/phone-accessories-store/,5.5,7.2,100
prime-construction,"Prime Construction",1.0.14,1.0.13,https://downloads.wordpress.org/theme/prime-construction.1.0.14.zip,"2026-05-08 08:54:07",https://wordpress.org/themes/prime-construction/,,5.6,10
rental-estate-realtor,"Rental Estate Realtor",1.2.4,1.2.3,https://downloads.wordpress.org/theme/rental-estate-realtor.1.2.4.zip,"2026-05-08 08:25:09",https://wordpress.org/themes/rental-estate-realtor/,5.5,7.2,80
seo-expert,"SEO Expert",2.2,2.1,https://downloads.wordpress.org/theme/seo-expert.2.2.zip,"2026-05-08 09:17:28",https://wordpress.org/themes/seo-expert/,5.9,5.6,60
skincare-cosmetic-store,"Skincare Cosmetic Store",1.2,1.1,https://downloads.wordpress.org/theme/skincare-cosmetic-store.1.2.zip,"2026-05-08 08:24:49",https://wordpress.org/themes/skincare-cosmetic-store/,5.5,7.2,70
softalt,SoftAlt,1.0.72,1.0.71,https://downloads.wordpress.org/theme/softalt.1.0.72.zip,"2026-05-08 09:47:54",https://wordpress.org/themes/softalt/,4.7,5.6,100
softica,Softica,1.0.7,1.0.6,https://downloads.wordpress.org/theme/softica.1.0.7.zip,"2026-05-08 09:48:24",https://wordpress.org/themes/softica/,4.7,5.6,100
softinn,Softinn,1.1.43,1.1.42,https://downloads.wordpress.org/theme/softinn.1.1.43.zip,"2026-05-08 09:44:14",https://wordpress.org/themes/softinn/,4.7,5.6,100
softme,SoftMe,1.1.54,1.1.53,https://downloads.wordpress.org/theme/softme.1.1.54.zip,"2026-05-08 09:43:34",https://wordpress.org/themes/softme/,4.7,5.6,800
softmunch,SoftMunch,1.0.93,1.0.92,https://downloads.wordpress.org/theme/softmunch.1.0.93.zip,"2026-05-08 09:47:23",https://wordpress.org/themes/softmunch/,4.7,5.6,200
solar-generator,"Solar Generator",1.8.2,1.8.1,https://downloads.wordpress.org/theme/solar-generator.1.8.2.zip,"2026-05-08 08:24:09",https://wordpress.org/themes/solar-generator/,5.5,7.2,50
suntech,Suntech,1.1.21,1.1.20,https://downloads.wordpress.org/theme/suntech.1.1.21.zip,"2026-05-08 09:45:49",https://wordpress.org/themes/suntech/,4.7,5.6,200
travel-tourist,"Travel Tourist",1.2.3,1.2.2,https://downloads.wordpress.org/theme/travel-tourist.1.2.3.zip,"2026-05-08 08:28:00",https://wordpress.org/themes/travel-tourist/,5.5,7.2,80
tree-plantation,"Tree Plantation",1.2.9,1.2.8,https://downloads.wordpress.org/theme/tree-plantation.1.2.9.zip,"2026-05-08 08:27:42",https://wordpress.org/themes/tree-plantation/,5.5,7.2,100
truesoft,TrueSoft,1.1,1.0.99,https://downloads.wordpress.org/theme/truesoft.1.1.zip,"2026-05-08 09:46:55",https://wordpress.org/themes/truesoft/,4.7,5.6,200
ultimate-ecommerce-shop,"Ultimate Ecommerce Shop",0.8.1,0.8.0,https://downloads.wordpress.org/theme/ultimate-ecommerce-shop.0.8.1.zip,"2026-05-08 09:49:01",https://wordpress.org/themes/ultimate-ecommerce-shop/,5.0,7.2,30
university-institute,"University Institute",2.1,2.0,https://downloads.wordpress.org/theme/university-institute.2.1.zip,"2026-05-08 08:27:24",https://wordpress.org/themes/university-institute/,5.5,7.2,50
vet-care-center,"Vet Care Center",2.0,1.9,https://downloads.wordpress.org/theme/vet-care-center.2.0.zip,"2026-05-08 08:27:06",https://wordpress.org/themes/vet-care-center/,5.5,7.2,40
wellness-therapy,"Wellness Therapy",1.2.9,1.2.8,https://downloads.wordpress.org/theme/wellness-therapy.1.2.9.zip,"2026-05-08 08:26:33",https://wordpress.org/themes/wellness-therapy/,5.5,5.6,50
ac-maintenance,"AC Maintenance",3.1,3.0,https://downloads.wordpress.org/theme/ac-maintenance.3.1.zip,"2026-05-08 11:15:02",https://wordpress.org/themes/ac-maintenance/,6.1,7.2,100
acronix,Acronix,2.1.0,2.0.9,https://downloads.wordpress.org/theme/acronix.2.1.0.zip,"2026-05-08 11:21:44",https://wordpress.org/themes/acronix/,,5.6,50
aera,Aera,18.6,18.5,https://downloads.wordpress.org/theme/aera.18.6.zip,"2026-05-08 11:20:06",https://wordpress.org/themes/aera/,4.7,5.6,400
altra,Altra,1.1.47,1.1.46,https://downloads.wordpress.org/theme/altra.1.1.47.zip,"2026-05-08 09:51:22",https://wordpress.org/themes/altra/,4.7,5.6,100
ameya,Ameya,18.5,18.4,https://downloads.wordpress.org/theme/ameya.18.5.zip,"2026-05-08 11:18:04",https://wordpress.org/themes/ameya/,4.7,5.6,400
aravalli,Aravalli,20.3,20.2,https://downloads.wordpress.org/theme/aravalli.20.3.zip,"2026-05-08 10:59:18",https://wordpress.org/themes/aravalli/,4.7,5.6,500
arbuda,Arbuda,18.4,18.3,https://downloads.wordpress.org/theme/arbuda.18.4.zip,"2026-05-08 11:35:48",https://wordpress.org/themes/arbuda/,4.7,5.6,200
atrux,Atrux,1.1.30,1.1.29,https://downloads.wordpress.org/theme/atrux.1.1.30.zip,"2026-05-08 09:54:24",https://wordpress.org/themes/atrux/,4.7,5.6,70
atus,Atus,1.1.42,1.1.41,https://downloads.wordpress.org/theme/atus.1.1.42.zip,"2026-05-08 09:52:58",https://wordpress.org/themes/atus/,4.7,5.6,100
atuvi,Atuvi,1.0.92,1.0.91,https://downloads.wordpress.org/theme/atuvi.1.0.92.zip,"2026-05-08 09:56:03",https://wordpress.org/themes/atuvi/,4.7,5.6,100
atuxa,Atuxa,1.0.97,1.0.96,https://downloads.wordpress.org/theme/atuxa.1.0.97.zip,"2026-05-08 09:55:25",https://wordpress.org/themes/atuxa/,4.7,5.6,70
avvy,Avvy,1.1.44,1.1.43,https://downloads.wordpress.org/theme/avvy.1.1.44.zip,"2026-05-08 09:52:27",https://wordpress.org/themes/avvy/,4.7,5.6,60
belltech,Belltech,18.4,18.3,https://downloads.wordpress.org/theme/belltech.18.4.zip,"2026-05-08 11:35:01",https://wordpress.org/themes/belltech/,4.7,5.6,40
bluetooth-speaker,"Bluetooth Speaker",3.3,3.2,https://downloads.wordpress.org/theme/bluetooth-speaker.3.3.zip,"2026-05-08 11:14:38",https://wordpress.org/themes/bluetooth-speaker/,6.1,7.2,40
boostify,Boostify,20.3,20.2,https://downloads.wordpress.org/theme/boostify.20.3.zip,"2026-05-08 11:16:04",https://wordpress.org/themes/boostify/,4.7,5.6,100
bridal-store,"Bridal Store",2.8,2.7,https://downloads.wordpress.org/theme/bridal-store.2.8.zip,"2026-05-08 11:14:17",https://wordpress.org/themes/bridal-store/,6.1,7.2,40
builderse,Builderse,16.8,16.7,https://downloads.wordpress.org/theme/builderse.16.8.zip,"2026-05-08 11:33:28",https://wordpress.org/themes/builderse/,4.7,5.6,100
colorflow,ColorFlow,7.8,7.7,https://downloads.wordpress.org/theme/colorflow.7.8.zip,"2026-05-08 11:32:19",https://wordpress.org/themes/colorflow/,4.7,5.6,40
colorsy,Colorsy,18.4,18.3,https://downloads.wordpress.org/theme/colorsy.18.4.zip,"2026-05-08 11:03:34",https://wordpress.org/themes/colorsy/,4.7,5.6,100
convo,Convo,13.7,13.6,https://downloads.wordpress.org/theme/convo.13.7.zip,"2026-05-08 11:03:12",https://wordpress.org/themes/convo/,,7.0,100
cosmics,Cosmics,18.4,18.3,https://downloads.wordpress.org/theme/cosmics.18.4.zip,"2026-05-08 11:02:15",https://wordpress.org/themes/cosmics/,4.7,5.6,400
digital-growth-strategist,"Digital Growth Strategist",2.6,2.5,https://downloads.wordpress.org/theme/digital-growth-strategist.2.6.zip,"2026-05-08 11:13:39",https://wordpress.org/themes/digital-growth-strategist/,6.1,7.2,50
digital-marketing-freelancer,"Digital Marketing Freelancer",2.2.4,2.2.3,https://downloads.wordpress.org/theme/digital-marketing-freelancer.2.2.4.zip,"2026-05-08 10:14:43",https://wordpress.org/themes/digital-marketing-freelancer/,,5.6,300
divine-word,"Divine Word",2.2.3,2.2.1,https://downloads.wordpress.org/theme/divine-word.2.2.3.zip,"2026-05-08 10:14:23",https://wordpress.org/themes/divine-word/,,5.6,90
dogcare-grooming,"Dogcare Grooming",2.5,2.4,https://downloads.wordpress.org/theme/dogcare-grooming.2.5.zip,"2026-05-08 11:12:57",https://wordpress.org/themes/dogcare-grooming/,6.1,7.2,30
ecommerce-trendy-outfits,"Ecommerce Trendy Outfits",2.5,2.4,https://downloads.wordpress.org/theme/ecommerce-trendy-outfits.2.5.zip,"2026-05-08 11:12:08",https://wordpress.org/themes/ecommerce-trendy-outfits/,6.1,7.2,200
eractor,Eractor,16.4,16.3,https://downloads.wordpress.org/theme/eractor.16.4.zip,"2026-05-08 11:26:05",https://wordpress.org/themes/eractor/,4.7,5.6,100
eventplus,EventPlus,18.1,18.0,https://downloads.wordpress.org/theme/eventplus.18.1.zip,"2026-05-08 11:01:50",https://wordpress.org/themes/eventplus/,4.7,5.6,200
evita,Evita,5.6,5.5,https://downloads.wordpress.org/theme/evita.5.6.zip,"2026-05-08 11:01:20",https://wordpress.org/themes/evita/,,5.6,200
exotic-plant-store,"Exotic Plant Store",2.2.3,2.2.2,https://downloads.wordpress.org/theme/exotic-plant-store.2.2.3.zip,"2026-05-08 10:15:44",https://wordpress.org/themes/exotic-plant-store/,,5.6,100
fiona-blog,"Fiona Blog",20.4,20.3,https://downloads.wordpress.org/theme/fiona-blog.20.4.zip,"2026-05-08 11:00:46",https://wordpress.org/themes/fiona-blog/,4.7,5.6,500
fiona-food,"Fiona Food",18.6,18.4,https://downloads.wordpress.org/theme/fiona-food.18.6.zip,"2026-05-08 11:23:53",https://wordpress.org/themes/fiona-food/,4.7,5.6,60
fitness-cardio,"Fitness Cardio",2.2.4,2.2.3,https://downloads.wordpress.org/theme/fitness-cardio.2.2.4.zip,"2026-05-08 10:15:59",https://wordpress.org/themes/fitness-cardio/,,5.6,90
flexea,Flexea,1.1.32,1.1.31,https://downloads.wordpress.org/theme/flexea.1.1.32.zip,"2026-05-08 09:53:30",https://wordpress.org/themes/flexea/,4.7,5.6,200
flexeo,Flexeo,1.1.51,1.1.50,https://downloads.wordpress.org/theme/flexeo.1.1.51.zip,"2026-05-08 09:51:56",https://wordpress.org/themes/flexeo/,4.7,5.6,90
flexina,Flexina,1.0.88,1.0.87,https://downloads.wordpress.org/theme/flexina.1.0.88.zip,"2026-05-08 09:56:34",https://wordpress.org/themes/flexina/,4.7,5.6,100
flexiva,Flexiva,1.0.42,1.0.41,https://downloads.wordpress.org/theme/flexiva.1.0.42.zip,"2026-05-08 09:57:05",https://wordpress.org/themes/flexiva/,4.7,5.6,200
fluxa,Fluxa,1.1.16,1.1.15,https://downloads.wordpress.org/theme/fluxa.1.1.16.zip,"2026-05-08 09:54:53",https://wordpress.org/themes/fluxa/,4.7,5.6,200
gradiantx,GradiantX,7.7,7.6,https://downloads.wordpress.org/theme/gradiantx.7.7.zip,"2026-05-08 11:00:15",https://wordpress.org/themes/gradiantx/,4.7,5.6,100
hair-dressing-salon,"Hair Dressing Salon",1.3.7,1.3.6,https://downloads.wordpress.org/theme/hair-dressing-salon.1.3.7.zip,"2026-05-08 10:16:43",https://wordpress.org/themes/hair-dressing-salon/,,5.6,100
holy-word,"Holy Word",2.2.2,2.2.0,https://downloads.wordpress.org/theme/holy-word.2.2.2.zip,"2026-05-08 10:16:47",https://wordpress.org/themes/holy-word/,,5.6,80
home-styling-interior,"Home Styling Interior",2.2.4,2.2.2,https://downloads.wordpress.org/theme/home-styling-interior.2.2.4.zip,"2026-05-08 10:17:21",https://wordpress.org/themes/home-styling-interior/,,7.2,300
home-theatre,"Home Theatre",2.8,2.7,https://downloads.wordpress.org/theme/home-theatre.2.8.zip,"2026-05-08 11:10:59",https://wordpress.org/themes/home-theatre/,6.1,7.2,60
kitepress,KitePress,1.1.24,1.1.23,https://downloads.wordpress.org/theme/kitepress.1.1.24.zip,"2026-05-08 10:15:10",https://wordpress.org/themes/kitepress/,,5.6,50
kundoo,Kundoo,1.17,1.16,https://downloads.wordpress.org/theme/kundoo.1.17.zip,"2026-05-08 10:20:12",https://wordpress.org/themes/kundoo/,,5.6,40
maxtech,Maxtech,1.17,1.16,https://downloads.wordpress.org/theme/maxtech.1.17.zip,"2026-05-08 10:21:26",https://wordpress.org/themes/maxtech/,,5.6,60
medisafe,Medisafe,2.9,2.7,https://downloads.wordpress.org/theme/medisafe.2.9.zip,"2026-05-08 11:23:01",https://wordpress.org/themes/medisafe/,4.7,5.6,30
metasoft,MetaSoft,20.3,20.2,https://downloads.wordpress.org/theme/metasoft.20.3.zip,"2026-05-08 10:59:57",https://wordpress.org/themes/metasoft/,4.7,5.6,300
news25-live,"News25 Live",2.8,2.7,https://downloads.wordpress.org/theme/news25-live.2.8.zip,"2026-05-08 11:08:27",https://wordpress.org/themes/news25-live/,4.7,5.6,90
news25-prime,"News25 Prime",2.5,2.3,https://downloads.wordpress.org/theme/news25-prime.2.5.zip,"2026-05-08 11:34:17",https://wordpress.org/themes/news25-prime/,4.7,5.6,100
numerology,Numerology,1.0.11,1.0.10,https://downloads.wordpress.org/theme/numerology.1.0.11.zip,"2026-05-08 10:30:12",https://wordpress.org/themes/numerology/,,8.2.4,40
online-sneaker-shop,"Online Sneaker Shop",3.2,3.1,https://downloads.wordpress.org/theme/online-sneaker-shop.3.2.zip,"2026-05-08 11:10:22",https://wordpress.org/themes/online-sneaker-shop/,6.1,7.2,70
organic-store,"Organic Store",2.6,2.5,https://downloads.wordpress.org/theme/organic-store.2.6.zip,"2026-05-08 11:06:14",https://wordpress.org/themes/organic-store/,6.1,7.2,100
owlpress,OwlPress,1.0.34,1.0.33,https://downloads.wordpress.org/theme/owlpress.1.0.34.zip,"2026-05-08 10:36:30",https://wordpress.org/themes/owlpress/,,5.6,300
pubnews,Pubnews,1.0.11,1.0.9,https://downloads.wordpress.org/theme/pubnews.1.0.11.zip,"2026-05-08 10:47:19",https://wordpress.org/themes/pubnews/,,5.6,1000
rasam,Rasam,1.0.31,1.0.30,https://downloads.wordpress.org/theme/rasam.1.0.31.zip,"2026-05-08 10:37:40",https://wordpress.org/themes/rasam/,,5.6,400
renoval,Renoval,19.6,19.5,https://downloads.wordpress.org/theme/renoval.19.6.zip,"2026-05-08 11:02:49",https://wordpress.org/themes/renoval/,4.7,5.6,500
seokart,SeoKart,1.0.39,1.0.38,https://downloads.wordpress.org/theme/seokart.1.0.39.zip,"2026-05-08 11:24:40",https://wordpress.org/themes/seokart/,,5.6,200
setto-lifestyle,"Setto Lifestyle",1.0.29,1.0.28,https://downloads.wordpress.org/theme/setto-lifestyle.1.0.29.zip,"2026-05-08 11:33:49",https://wordpress.org/themes/setto-lifestyle/,,5.6,200
setto,Setto,1.0.33,1.0.32,https://downloads.wordpress.org/theme/setto.1.0.33.zip,"2026-05-08 11:31:50",https://wordpress.org/themes/setto/,,5.6,200
shopmax,ShopMax,1.1.24,1.1.23,https://downloads.wordpress.org/theme/shopmax.1.1.24.zip,"2026-05-08 11:37:41",https://wordpress.org/themes/shopmax/,,5.6,200
soul-anchor,"Soul Anchor",2.1.2,2.1.0,https://downloads.wordpress.org/theme/soul-anchor.2.1.2.zip,"2026-05-08 10:17:29",https://wordpress.org/themes/soul-anchor/,,5.6,300
startbiz,StartBiz,19.4,19.3,https://downloads.wordpress.org/theme/startbiz.19.4.zip,"2026-05-08 11:33:07",https://wordpress.org/themes/startbiz/,4.7,5.6,400
summer-fashion-store,"Summer Fashion Store",2.0.3,2.0.1,https://downloads.wordpress.org/theme/summer-fashion-store.2.0.3.zip,"2026-05-08 10:17:57",https://wordpress.org/themes/summer-fashion-store/,,7.2,100
titan-elearning,"Titan Elearning",2.9,2.8,https://downloads.wordpress.org/theme/titan-elearning.2.9.zip,"2026-05-08 11:05:19",https://wordpress.org/themes/titan-elearning/,6.1,7.2,100
travel-cart,"Travel Cart",2.1.5,2.1.3,https://downloads.wordpress.org/theme/travel-cart.2.1.5.zip,"2026-05-08 10:18:34",https://wordpress.org/themes/travel-cart/,,5.6,100
travel-influencer-blogs,"Travel Influencer Blogs",3.1,3.0,https://downloads.wordpress.org/theme/travel-influencer-blogs.3.1.zip,"2026-05-08 11:02:46",https://wordpress.org/themes/travel-influencer-blogs/,6.1,7.2,100
vacation-booking,"Vacation Booking",2.7,2.6,https://downloads.wordpress.org/theme/vacation-booking.2.7.zip,"2026-05-08 11:02:04",https://wordpress.org/themes/vacation-booking/,6.1,7.2,100
varuda,Varuda,18.5,18.4,https://downloads.wordpress.org/theme/varuda.18.5.zip,"2026-05-08 11:26:59",https://wordpress.org/themes/varuda/,4.7,5.6,200
vw-car-rental,"VW Car Rental",1.5.0,1.4.9,https://downloads.wordpress.org/theme/vw-car-rental.1.5.0.zip,"2026-05-08 10:24:25",https://wordpress.org/themes/vw-car-rental/,5.0,7.2,200
vw-dentist,"VW Dentist",1.5.4,1.5.3,https://downloads.wordpress.org/theme/vw-dentist.1.5.4.zip,"2026-05-08 10:25:10",https://wordpress.org/themes/vw-dentist/,5.0,7.2,300
vw-education-academy,"VW Education Academy",1.5.4,1.5.3,https://downloads.wordpress.org/theme/vw-education-academy.1.5.4.zip,"2026-05-08 10:25:38",https://wordpress.org/themes/vw-education-academy/,5.0,7.2,300
vw-event-planner,"VW Event Planner",1.5.0,1.4.9,https://downloads.wordpress.org/theme/vw-event-planner.1.5.0.zip,"2026-05-08 10:26:08",https://wordpress.org/themes/vw-event-planner/,5.0,7.2,200
vw-gardening-landscaping,"VW Gardening Landscaping",1.8.3,1.8.2,https://downloads.wordpress.org/theme/vw-gardening-landscaping.1.8.3.zip,"2026-05-08 10:26:51",https://wordpress.org/themes/vw-gardening-landscaping/,5.0,7.2,800
vw-health-coaching,"VW Health Coaching",1.8.2,1.8.1,https://downloads.wordpress.org/theme/vw-health-coaching.1.8.2.zip,"2026-05-08 10:27:24",https://wordpress.org/themes/vw-health-coaching/,5.0,7.2,200
vw-kids,"VW Kids",1.6.9,1.6.8,https://downloads.wordpress.org/theme/vw-kids.1.6.9.zip,"2026-05-08 10:28:00",https://wordpress.org/themes/vw-kids/,5.0,7.2,500
vw-landing-page,"VW Landing Page",1.4.8,1.4.7,https://downloads.wordpress.org/theme/vw-landing-page.1.4.8.zip,"2026-05-08 10:28:38",https://wordpress.org/themes/vw-landing-page/,5.0,7.2,200
vw-medical-care,"VW Medical Care",1.5.0,1.4.9,https://downloads.wordpress.org/theme/vw-medical-care.1.5.0.zip,"2026-05-08 10:29:10",https://wordpress.org/themes/vw-medical-care/,5.0,7.2,400
vw-personal-trainer,"VW Personal Trainer",1.3.9,1.3.8,https://downloads.wordpress.org/theme/vw-personal-trainer.1.3.9.zip,"2026-05-08 10:29:51",https://wordpress.org/themes/vw-personal-trainer/,5.0,7.2,100
vw-transport-cargo,"VW Transport Cargo",1.3.4,1.3.3,https://downloads.wordpress.org/theme/vw-transport-cargo.1.3.4.zip,"2026-05-08 10:30:31",https://wordpress.org/themes/vw-transport-cargo/,5.0,7.2,200
vw-yoga-fitness,"VW Yoga Fitness",2.3.4,2.3.3,https://downloads.wordpress.org/theme/vw-yoga-fitness.2.3.4.zip,"2026-05-08 10:31:04",https://wordpress.org/themes/vw-yoga-fitness/,5.0,7.2,200
zinify,Zinify,1.0.15,1.0.14,https://downloads.wordpress.org/theme/zinify.1.0.15.zip,"2026-05-08 09:57:32",https://wordpress.org/themes/zinify/,4.7,5.6,100
ampark,Ampark,18.4,18.3,https://downloads.wordpress.org/theme/ampark.18.4.zip,"2026-05-08 13:37:25",https://wordpress.org/themes/ampark/,4.7,5.6,100
arowana,Arowana,19.4,19.3,https://downloads.wordpress.org/theme/arowana.19.4.zip,"2026-05-08 13:36:38",https://wordpress.org/themes/arowana/,4.7,5.6,300
avail,Avail,18.3,18.2,https://downloads.wordpress.org/theme/avail.18.3.zip,"2026-05-08 13:46:14",https://wordpress.org/themes/avail/,4.7,5.6,200
avenza,Avenza,2.1.3,2.1.2,https://downloads.wordpress.org/theme/avenza.2.1.3.zip,"2026-05-08 13:16:45",https://wordpress.org/themes/avenza/,,5.6,80
aviser,Aviser,18.3,18.2,https://downloads.wordpress.org/theme/aviser.18.3.zip,"2026-05-08 13:44:35",https://wordpress.org/themes/aviser/,4.7,5.6,200
avitech,Avitech,18.4,18.3,https://downloads.wordpress.org/theme/avitech.18.4.zip,"2026-05-08 13:15:18",https://wordpress.org/themes/avitech/,4.7,5.6,200
avtari,Avtari,18.4,18.3,https://downloads.wordpress.org/theme/avtari.18.4.zip,"2026-05-08 13:13:38",https://wordpress.org/themes/avtari/,4.7,5.6,100
axtia,Axtia,18.3,18.2,https://downloads.wordpress.org/theme/axtia.18.3.zip,"2026-05-08 13:43:18",https://wordpress.org/themes/axtia/,4.7,5.6,100
azwa,Azwa,18.5,18.4,https://downloads.wordpress.org/theme/azwa.18.5.zip,"2026-05-08 13:32:11",https://wordpress.org/themes/azwa/,4.7,5.6,200
beauty-makeup-stylist,"Beauty Makeup Stylist",1.2.0,1.1.9,https://downloads.wordpress.org/theme/beauty-makeup-stylist.1.2.0.zip,"2026-05-08 13:06:44",https://wordpress.org/themes/beauty-makeup-stylist/,5.9,5.6,30
business-consulting-agency,"Business Consulting Agency",1.2.5,1.2.4,https://downloads.wordpress.org/theme/business-consulting-agency.1.2.5.zip,"2026-05-08 13:06:22",https://wordpress.org/themes/business-consulting-agency/,5.9,5.6,200
cardiopress,CardioPress,10.8,10.7,https://downloads.wordpress.org/theme/cardiopress.10.8.zip,"2026-05-08 13:42:46",https://wordpress.org/themes/cardiopress/,4.7,5.6,100
comoxa,Comoxa,18.3,18.2,https://downloads.wordpress.org/theme/comoxa.18.3.zip,"2026-05-08 13:41:37",https://wordpress.org/themes/comoxa/,4.7,5.6,100
cormex,Cormex,11.0,10.8,https://downloads.wordpress.org/theme/cormex.11.0.zip,"2026-05-08 13:29:33",https://wordpress.org/themes/cormex/,,5.6,30
envira,Envira,18.4,18.2,https://downloads.wordpress.org/theme/envira.18.4.zip,"2026-05-08 13:27:57",https://wordpress.org/themes/envira/,4.7,5.6,200
eventpress,EventPress,22.4,22.3,https://downloads.wordpress.org/theme/eventpress.22.4.zip,"2026-05-08 13:41:13",https://wordpress.org/themes/eventpress/,4.7,5.6,500
evion,Evion,8.9,8.8,https://downloads.wordpress.org/theme/evion.8.9.zip,"2026-05-08 13:39:38",https://wordpress.org/themes/evion/,4.7,5.6,10
fiona-news,"Fiona News",18.6,18.5,https://downloads.wordpress.org/theme/fiona-news.18.6.zip,"2026-05-08 13:22:53",https://wordpress.org/themes/fiona-news/,4.7,5.6,60
fse-band-artist,"FSE Band Artist",1.2.1,1.2.0,https://downloads.wordpress.org/theme/fse-band-artist.1.2.1.zip,"2026-05-08 13:06:07",https://wordpress.org/themes/fse-band-artist/,5.9,5.6,300
fse-cleaning-services,"FSE Cleaning Services",1.1.9,1.1.8,https://downloads.wordpress.org/theme/fse-cleaning-services.1.1.9.zip,"2026-05-08 13:05:26",https://wordpress.org/themes/fse-cleaning-services/,5.9,5.6,200
fse-lawyer-firm,"FSE Lawyer Firm",1.2.2,1.2.1,https://downloads.wordpress.org/theme/fse-lawyer-firm.1.2.2.zip,"2026-05-08 13:05:53",https://wordpress.org/themes/fse-lawyer-firm/,5.9,5.6,500
fse-medical-clinic,"FSE Medical Clinic",1.2.4,1.2.3,https://downloads.wordpress.org/theme/fse-medical-clinic.1.2.4.zip,"2026-05-08 13:07:59",https://wordpress.org/themes/fse-medical-clinic/,5.9,5.6,100
fse-nonprofit-ngo,"FSE Nonprofit NGO",1.2.0,1.1.9,https://downloads.wordpress.org/theme/fse-nonprofit-ngo.1.2.0.zip,"2026-05-08 13:04:55",https://wordpress.org/themes/fse-nonprofit-ngo/,5.9,5.6,300
gemstone-jewelry,"Gemstone Jewelry",1.3.0,1.2.9,https://downloads.wordpress.org/theme/gemstone-jewelry.1.3.0.zip,"2026-05-08 13:03:54",https://wordpress.org/themes/gemstone-jewelry/,5.9,5.6,60
healthy-food-blogger,"Healthy Food Blogger",1.3.0,1.2.9,https://downloads.wordpress.org/theme/healthy-food-blogger.1.3.0.zip,"2026-05-08 13:04:20",https://wordpress.org/themes/healthy-food-blogger/,5.9,5.6,100
kindergarten-preschool,"Kindergarten Preschool",1.2.3,1.2.2,https://downloads.wordpress.org/theme/kindergarten-preschool.1.2.3.zip,"2026-05-08 13:03:31",https://wordpress.org/themes/kindergarten-preschool/,5.9,5.6,100
medical-pharmacy,"Medical Pharmacy",1.2.4,1.2.3,https://downloads.wordpress.org/theme/medical-pharmacy.1.2.4.zip,"2026-05-08 13:03:07",https://wordpress.org/themes/medical-pharmacy/,5.9,5.6,100
news25-breaking,"News25 Breaking",2.6,2.5,https://downloads.wordpress.org/theme/news25-breaking.2.6.zip,"2026-05-08 13:20:10",https://wordpress.org/themes/news25-breaking/,4.7,5.6,100
profolio,Profolio,10.5,10.4,https://downloads.wordpress.org/theme/profolio.10.5.zip,"2026-05-08 13:17:38",https://wordpress.org/themes/profolio/,,5.6,70
quickgamely,QuickGamely,1.0.4.2.2,1.0.4.2.1,https://downloads.wordpress.org/theme/quickgamely.1.0.4.2.2.zip,"2026-05-08 11:46:20",https://wordpress.org/themes/quickgamely/,,5.6,30
shadiant,Shadiant,7.4,7.3,https://downloads.wordpress.org/theme/shadiant.7.4.zip,"2026-05-08 13:44:13",https://wordpress.org/themes/shadiant/,4.7,5.6,10
sipri,Sipri,1.0.38,1.0.37,https://downloads.wordpress.org/theme/sipri.1.0.38.zip,"2026-05-08 12:00:35",https://wordpress.org/themes/sipri/,,5.6,300
softura,Softura,1.11,1.10,https://downloads.wordpress.org/theme/softura.1.11.zip,"2026-05-08 12:15:45",https://wordpress.org/themes/softura/,,5.6,30
spabiz,SpaBiz,1.0.30,1.0.29,https://downloads.wordpress.org/theme/spabiz.1.0.30.zip,"2026-05-08 12:17:03",https://wordpress.org/themes/spabiz/,,5.6,200
spacare,SpaCare,1.29,1.28,https://downloads.wordpress.org/theme/spacare.1.29.zip,"2026-05-08 12:21:19",https://wordpress.org/themes/spacare/,,5.6,10
spinsoft,SpinSoft,1.0.29,1.0.28,https://downloads.wordpress.org/theme/spinsoft.1.0.29.zip,"2026-05-08 12:24:13",https://wordpress.org/themes/spinsoft/,,5.6,20
spintech,Spintech,1.0.68,1.0.67,https://downloads.wordpress.org/theme/spintech.1.0.68.zip,"2026-05-08 12:29:41",https://wordpress.org/themes/spintech/,,5.6,1000
storebiz,StoreBiz,1.0.44,1.0.43,https://downloads.wordpress.org/theme/storebiz.1.0.44.zip,"2026-05-08 12:35:01",https://wordpress.org/themes/storebiz/,,5.6,300
storewise,StoreWise,1.0.30,1.0.29,https://downloads.wordpress.org/theme/storewise.1.0.30.zip,"2026-05-08 12:36:14",https://wordpress.org/themes/storewise/,,5.6,20
storex,StoreX,1.0.10,1.0.9,https://downloads.wordpress.org/theme/storex.1.0.10.zip,"2026-05-08 12:03:45",https://wordpress.org/themes/storex/,,8.2,50
techine,Techine,18.4,18.3,https://downloads.wordpress.org/theme/techine.18.4.zip,"2026-05-08 13:17:12",https://wordpress.org/themes/techine/,4.7,5.6,100
thai-spa,"Thai Spa",18.6,18.5,https://downloads.wordpress.org/theme/thai-spa.18.6.zip,"2026-05-08 13:19:34",https://wordpress.org/themes/thai-spa/,4.7,5.6,300
timeblog,TimeBlog,14.6,14.5,https://downloads.wordpress.org/theme/timeblog.14.6.zip,"2026-05-08 13:23:40",https://wordpress.org/themes/timeblog/,4.7,5.6,100
webaura,WebAura,2.9,2.8,https://downloads.wordpress.org/theme/webaura.2.9.zip,"2026-05-08 13:23:19",https://wordpress.org/themes/webaura/,4.7,5.6,90
webora,Webora,4.6,4.5,https://downloads.wordpress.org/theme/webora.4.6.zip,"2026-05-08 13:42:15",https://wordpress.org/themes/webora/,4.7,5.6,100
websy,Websy,4.6,4.5,https://downloads.wordpress.org/theme/websy.4.6.zip,"2026-05-08 13:21:27",https://wordpress.org/themes/websy/,4.7,5.6,200
yoga-trainer,"Yoga Trainer",1.2.2,1.2.1,https://downloads.wordpress.org/theme/yoga-trainer.1.2.2.zip,"2026-05-08 13:02:44",https://wordpress.org/themes/yoga-trainer/,5.9,5.6,50
alante,Alante,1.6.1,1.6.0,https://downloads.wordpress.org/theme/alante.1.6.1.zip,"2026-05-08 15:10:46",https://wordpress.org/themes/alante/,5.0,7.0,1000
consulting,Consulting,1.6.1,1.6.0,https://downloads.wordpress.org/theme/consulting.1.6.1.zip,"2026-05-08 15:11:14",https://wordpress.org/themes/consulting/,5.0,7.0,10000
engrave-lite,"Engrave (Lite)",1.14.1,1.14.0,https://downloads.wordpress.org/theme/engrave-lite.1.14.1.zip,"2026-05-08 15:11:35",https://wordpress.org/themes/engrave-lite/,5.0,7.0,400
minamaze,Minamaze,1.11.1,1.11.0,https://downloads.wordpress.org/theme/minamaze.1.11.1.zip,"2026-05-08 15:11:41",https://wordpress.org/themes/minamaze/,5.0,7.0,3000
ogma,Ogma,1.0.9,1.0.8,https://downloads.wordpress.org/theme/ogma.1.0.9.zip,"2026-05-08 14:16:51",https://wordpress.org/themes/ogma/,,7.2,100
travel-agent-blocks,"Travel Agent Blocks",3.6,3.5,https://downloads.wordpress.org/theme/travel-agent-blocks.3.6.zip,"2026-05-08 15:51:55",https://wordpress.org/themes/travel-agent-blocks/,6.1,5.6,200
water-sports-rental,"Water Sports Rental",3.5,3.3,https://downloads.wordpress.org/theme/water-sports-rental.3.5.zip,"2026-05-08 15:51:07",https://wordpress.org/themes/water-sports-rental/,6.1,5.6,200
adventure-tourism,"Adventure Tourism",0.2.5,0.2.4,https://downloads.wordpress.org/theme/adventure-tourism.0.2.5.zip,"2026-05-08 16:45:34",https://wordpress.org/themes/adventure-tourism/,5.0,7.2,40
alante,Alante,1.6.2,1.6.1,https://downloads.wordpress.org/theme/alante.1.6.2.zip,"2026-05-08 16:14:22",https://wordpress.org/themes/alante/,5.0,7.0,1000
art-and-craft,"Art And Craft",3.1,3.0,https://downloads.wordpress.org/theme/art-and-craft.3.1.zip,"2026-05-08 16:01:04",https://wordpress.org/themes/art-and-craft/,6.1,5.6,300
call-center-services,"Call Center Services",3.1,2.9,https://downloads.wordpress.org/theme/call-center-services.3.1.zip,"2026-05-08 16:00:45",https://wordpress.org/themes/call-center-services/,6.1,5.6,100
cinema-house,"Cinema House",3.2,3.0,https://downloads.wordpress.org/theme/cinema-house.3.2.zip,"2026-05-08 15:59:47",https://wordpress.org/themes/cinema-house/,6.1,5.6,200
consulting,Consulting,1.6.2,1.6.1,https://downloads.wordpress.org/theme/consulting.1.6.2.zip,"2026-05-08 16:14:53",https://wordpress.org/themes/consulting/,5.0,7.0,10000
deep-cleaning,"Deep Cleaning",0.2.2,0.2.1,https://downloads.wordpress.org/theme/deep-cleaning.0.2.2.zip,"2026-05-08 16:45:14",https://wordpress.org/themes/deep-cleaning/,5.0,7.2,40
engrave-lite,"Engrave (Lite)",1.14.2,1.14.1,https://downloads.wordpress.org/theme/engrave-lite.1.14.2.zip,"2026-05-08 16:15:32",https://wordpress.org/themes/engrave-lite/,5.0,7.0,400
equestrian-sports,"Equestrian Sports",2.9,2.8,https://downloads.wordpress.org/theme/equestrian-sports.2.9.zip,"2026-05-08 15:59:31",https://wordpress.org/themes/equestrian-sports/,6.1,5.6,100
fire-fighter,"Fire Fighter",3.0,2.9,https://downloads.wordpress.org/theme/fire-fighter.3.0.zip,"2026-05-08 15:59:00",https://wordpress.org/themes/fire-fighter/,6.1,5.6,200
futuristic-architecture,"Futuristic Architecture",0.2.1,0.2.0,https://downloads.wordpress.org/theme/futuristic-architecture.0.2.1.zip,"2026-05-08 16:44:47",https://wordpress.org/themes/futuristic-architecture/,5.0,7.2,30
home-internet-provider,"Home Internet Provider",3.1,2.9,https://downloads.wordpress.org/theme/home-internet-provider.3.1.zip,"2026-05-08 15:58:08",https://wordpress.org/themes/home-internet-provider/,6.1,5.6,100
hr-management,"HR Management",3.2,3.0,https://downloads.wordpress.org/theme/hr-management.3.2.zip,"2026-05-08 15:57:50",https://wordpress.org/themes/hr-management/,6.1,5.6,300
jewelry-blocks,"Jewelry Blocks",3.3,3.1,https://downloads.wordpress.org/theme/jewelry-blocks.3.3.zip,"2026-05-08 15:57:21",https://wordpress.org/themes/jewelry-blocks/,6.1,5.6,90
kids-learning-toys,"Kids Learning Toys",3.5,3.3,https://downloads.wordpress.org/theme/kids-learning-toys.3.5.zip,"2026-05-08 15:56:57",https://wordpress.org/themes/kids-learning-toys/,6.1,5.6,100
minamaze,Minamaze,1.11.2,1.11.1,https://downloads.wordpress.org/theme/minamaze.1.11.2.zip,"2026-05-08 16:15:58",https://wordpress.org/themes/minamaze/,5.0,7.0,3000
mobile-repair-center,"Mobile Repair Center",0.1.5,0.1.4,https://downloads.wordpress.org/theme/mobile-repair-center.0.1.5.zip,"2026-05-08 16:19:44",https://wordpress.org/themes/mobile-repair-center/,,5.6,20
moviemaker,Moviemaker,0.2.3,0.2.2,https://downloads.wordpress.org/theme/moviemaker.0.2.3.zip,"2026-05-08 16:43:49",https://wordpress.org/themes/moviemaker/,5.0,7.2,40
ovation-bookstore,"Ovation Bookstore",3.5,3.3,https://downloads.wordpress.org/theme/ovation-bookstore.3.5.zip,"2026-05-08 15:56:05",https://wordpress.org/themes/ovation-bookstore/,6.1,5.6,90
ovation-car-wash,"Ovation Car Wash",3.6,3.4,https://downloads.wordpress.org/theme/ovation-car-wash.3.6.zip,"2026-05-08 15:55:39",https://wordpress.org/themes/ovation-car-wash/,6.1,5.6,100
personal-coach-lite,"Personal Coach Lite",0.2.5,0.2.4,https://downloads.wordpress.org/theme/personal-coach-lite.0.2.5.zip,"2026-05-08 16:43:11",https://wordpress.org/themes/personal-coach-lite/,5.0,7.2,10
plumber-man,"Plumber Man",0.1.5,0.1.4,https://downloads.wordpress.org/theme/plumber-man.0.1.5.zip,"2026-05-08 16:18:58",https://wordpress.org/themes/plumber-man/,,5.6,10
recipe-maker,"Recipe Maker",0.2.2,0.2.1,https://downloads.wordpress.org/theme/recipe-maker.0.2.2.zip,"2026-05-08 16:42:42",https://wordpress.org/themes/recipe-maker/,5.0,7.2,50
scholarship-school,"Scholarship School",3.5,3.3,https://downloads.wordpress.org/theme/scholarship-school.3.5.zip,"2026-05-08 15:54:25",https://wordpress.org/themes/scholarship-school/,6.1,5.6,100
security-officer,"Security Officer",3.4,3.2,https://downloads.wordpress.org/theme/security-officer.3.4.zip,"2026-05-08 15:54:05",https://wordpress.org/themes/security-officer/,6.1,5.6,100
shuttle,Shuttle,1.6.0,1.5.3,https://downloads.wordpress.org/theme/shuttle.1.6.0.zip,"2026-05-08 16:24:25",https://wordpress.org/themes/shuttle/,5.0,5.6,1000
skating-routines,"Skating Routines",3.7,3.5,https://downloads.wordpress.org/theme/skating-routines.3.7.zip,"2026-05-08 15:53:43",https://wordpress.org/themes/skating-routines/,6.1,5.6,20
social-media-marketing,"Social Media Marketing",0.2.1,0.2.0,https://downloads.wordpress.org/theme/social-media-marketing.0.2.1.zip,"2026-05-08 16:42:17",https://wordpress.org/themes/social-media-marketing/,5.0,7.2,60
solar-power-energy,"Solar Power Energy",3.5,3.3,https://downloads.wordpress.org/theme/solar-power-energy.3.5.zip,"2026-05-08 15:53:23",https://wordpress.org/themes/solar-power-energy/,6.1,5.6,100
spa-sauna,"Spa Sauna",0.2.1,0.2.0,https://downloads.wordpress.org/theme/spa-sauna.0.2.1.zip,"2026-05-08 16:41:55",https://wordpress.org/themes/spa-sauna/,5.0,7.2,30
store-eshop,"Store Eshop",0.2.0,0.1.9,https://downloads.wordpress.org/theme/store-eshop.0.2.0.zip,"2026-05-08 16:41:24",https://wordpress.org/themes/store-eshop/,5.0,7.2,100
virtual-yoga-sessions,"Virtual Yoga Sessions",0.2.1,0.2.0,https://downloads.wordpress.org/theme/virtual-yoga-sessions.0.2.1.zip,"2026-05-08 16:41:02",https://wordpress.org/themes/virtual-yoga-sessions/,5.0,7.2,30
vlog-channel,"Vlog Channel",0.2,0.1.9,https://downloads.wordpress.org/theme/vlog-channel.0.2.zip,"2026-05-08 16:40:15",https://wordpress.org/themes/vlog-channel/,5.0,7.2,50
water-delivery-services,"Water Delivery Services",0.2.4,0.2.3,https://downloads.wordpress.org/theme/water-delivery-services.0.2.4.zip,"2026-05-08 16:39:20",https://wordpress.org/themes/water-delivery-services/,5.0,7.2,40
wens-travel-studio,"WENS Travel Studio",1.0.2,1.0.1,https://downloads.wordpress.org/theme/wens-travel-studio.1.0.2.zip,"2026-05-08 17:18:52",https://wordpress.org/themes/wens-travel-studio/,6.0,7.4,0
architecture-firm,"Architecture Firm",0.2.2,0.2.1,https://downloads.wordpress.org/theme/architecture-firm.0.2.2.zip,"2026-05-09 04:03:56",https://wordpress.org/themes/architecture-firm/,5.0,5.6,30
author-personal-blog,"Author Personal Blog",3.2.57,3.2.56,https://downloads.wordpress.org/theme/author-personal-blog.3.2.57.zip,"2026-05-09 04:03:52",https://wordpress.org/themes/author-personal-blog/,4.9,8.0,200
author-portfolio,"Author Portfolio",4.2.52,4.2.51,https://downloads.wordpress.org/theme/author-portfolio.4.2.52.zip,"2026-05-09 04:13:16",https://wordpress.org/themes/author-portfolio/,5.0,8.0,200
authorpro,AuthorPro,1.0.6,1.0.5,https://downloads.wordpress.org/theme/authorpro.1.0.6.zip,"2026-05-09 04:53:05",https://wordpress.org/themes/authorpro/,6.0,7.4,30
book-author-blog,"Book Author Blog",5.2.33,5.2.32,https://downloads.wordpress.org/theme/book-author-blog.5.2.33.zip,"2026-05-09 05:18:51",https://wordpress.org/themes/book-author-blog/,5.0,8.0,100
consultant-agency,"Consultant Agency",0.2.6,0.2.5,https://downloads.wordpress.org/theme/consultant-agency.0.2.6.zip,"2026-05-09 04:04:07",https://wordpress.org/themes/consultant-agency/,5.0,5.6,70
ecommerce-bazaar,"Ecommerce Bazaar",3.6,3.5,https://downloads.wordpress.org/theme/ecommerce-bazaar.3.6.zip,"2026-05-09 05:35:50",https://wordpress.org/themes/ecommerce-bazaar/,5.5,5.6,100
ethical-hacking,"Ethical Hacking",0.2.7,0.2.6,https://downloads.wordpress.org/theme/ethical-hacking.0.2.7.zip,"2026-05-09 04:04:14",https://wordpress.org/themes/ethical-hacking/,5.0,5.6,40
fitness-trainer-elementor,"Fitness Trainer Elementor",0.2.5,0.2.4,https://downloads.wordpress.org/theme/fitness-trainer-elementor.0.2.5.zip,"2026-05-09 04:04:22",https://wordpress.org/themes/fitness-trainer-elementor/,5.0,5.6,100
kindergarten-elementor,"Kindergarten Elementor",0.2.6,0.2.5,https://downloads.wordpress.org/theme/kindergarten-elementor.0.2.6.zip,"2026-05-09 04:04:30",https://wordpress.org/themes/kindergarten-elementor/,5.0,5.6,70
lawyer-consultant,"Lawyer Consultant",3.5,3.4,https://downloads.wordpress.org/theme/lawyer-consultant.3.5.zip,"2026-05-09 05:36:39",https://wordpress.org/themes/lawyer-consultant/,5.5,5.6,90
legacy-book-club,"Legacy Book Club",3.7,3.6,https://downloads.wordpress.org/theme/legacy-book-club.3.7.zip,"2026-05-09 05:37:19",https://wordpress.org/themes/legacy-book-club/,5.5,5.6,70
legacy-medical-appointment,"Legacy Medical Appointment",3.6,3.5,https://downloads.wordpress.org/theme/legacy-medical-appointment.3.6.zip,"2026-05-09 05:37:57",https://wordpress.org/themes/legacy-medical-appointment/,5.5,5.6,30
live-music-band,"Live Music Band",0.2.1,0.2.0,https://downloads.wordpress.org/theme/live-music-band.0.2.1.zip,"2026-05-09 04:04:42",https://wordpress.org/themes/live-music-band/,5.0,5.6,100
museum-artifact,"Museum Artifact",0.2.7,0.2.6,https://downloads.wordpress.org/theme/museum-artifact.0.2.7.zip,"2026-05-09 04:04:49",https://wordpress.org/themes/museum-artifact/,5.0,5.6,40
old-age-home,"Old Age Home",0.2.9,0.2.8,https://downloads.wordpress.org/theme/old-age-home.0.2.9.zip,"2026-05-09 04:05:01",https://wordpress.org/themes/old-age-home/,5.0,5.6,50
photo-gallery,"Photo Gallery",0.2.4,0.2.3,https://downloads.wordpress.org/theme/photo-gallery.0.2.4.zip,"2026-05-09 04:05:09",https://wordpress.org/themes/photo-gallery/,5.0,5.6,100
quantic,Quantic,3.3,3.2,https://downloads.wordpress.org/theme/quantic.3.3.zip,"2026-05-09 05:46:29",https://wordpress.org/themes/quantic/,5.5,5.6,30
scholarsgate,ScholarsGate,3.2,3.1,https://downloads.wordpress.org/theme/scholarsgate.3.2.zip,"2026-05-09 05:47:12",https://wordpress.org/themes/scholarsgate/,5.5,5.6,20
tattoo-studio,"Tattoo Studio",0.2.2,0.2.1,https://downloads.wordpress.org/theme/tattoo-studio.0.2.2.zip,"2026-05-09 04:05:20",https://wordpress.org/themes/tattoo-studio/,5.0,5.6,80
tech-review-blog,"Tech Review Blog",0.2.5,0.2.4,https://downloads.wordpress.org/theme/tech-review-blog.0.2.5.zip,"2026-05-09 04:05:41",https://wordpress.org/themes/tech-review-blog/,5.0,5.6,200
technical-blogging,"Technical Blogging",3.4,3.3,https://downloads.wordpress.org/theme/technical-blogging.3.4.zip,"2026-05-09 05:32:59",https://wordpress.org/themes/technical-blogging/,5.5,5.6,100
ticket-booking,"Ticket Booking",3.2,3.1,https://downloads.wordpress.org/theme/ticket-booking.3.2.zip,"2026-05-09 05:32:11",https://wordpress.org/themes/ticket-booking/,5.5,5.6,70
unique-gift-shop,"Unique Gift Shop",2.9,2.8,https://downloads.wordpress.org/theme/unique-gift-shop.2.9.zip,"2026-05-09 05:29:17",https://wordpress.org/themes/unique-gift-shop/,5.5,5.6,200
veterinary-shop,"Veterinary Shop",0.2.8,0.2.7,https://downloads.wordpress.org/theme/veterinary-shop.0.2.8.zip,"2026-05-09 04:05:39",https://wordpress.org/themes/veterinary-shop/,5.0,5.6,10
writers-portfolio,"Writers Portfolio",1.3.0,1.2.9,https://downloads.wordpress.org/theme/writers-portfolio.1.3.0.zip,"2026-05-09 05:09:30",https://wordpress.org/themes/writers-portfolio/,5.0,8.1,60
all-cleaning-services,"All Cleaning Services",1.0.13,1.0.12,https://downloads.wordpress.org/theme/all-cleaning-services.1.0.13.zip,"2026-05-09 07:15:43",https://wordpress.org/themes/all-cleaning-services/,,5.6,10
business-landing-page,"Business Landing Page",0.6.3,0.6.2,https://downloads.wordpress.org/theme/business-landing-page.0.6.3.zip,"2026-05-09 07:27:42",https://wordpress.org/themes/business-landing-page/,5.0,7.2,100
coupons-deals,"Coupons Deals",1.0.2,1.0.1,https://downloads.wordpress.org/theme/coupons-deals.1.0.2.zip,"2026-05-09 06:32:45",https://wordpress.org/themes/coupons-deals/,5.0,7.2,100
dropshipping-store,"Dropshipping Store",1.2,1.1.9,https://downloads.wordpress.org/theme/dropshipping-store.1.2.zip,"2026-05-09 07:14:08",https://wordpress.org/themes/dropshipping-store/,5.0,7.2,100
ecommerce-landing-page,"Ecommerce Landing Page",0.7.7,0.7.6,https://downloads.wordpress.org/theme/ecommerce-landing-page.0.7.7.zip,"2026-05-09 07:28:47",https://wordpress.org/themes/ecommerce-landing-page/,5.0,7.2,100
ecommerce-watch-store,"Ecommerce Watch Store",0.6.2,0.6.1,https://downloads.wordpress.org/theme/ecommerce-watch-store.0.6.2.zip,"2026-05-09 07:28:56",https://wordpress.org/themes/ecommerce-watch-store/,5.0,7.2,200
educational-landing-page,"Educational Landing Page",0.5.2,0.5.1,https://downloads.wordpress.org/theme/educational-landing-page.0.5.2.zip,"2026-05-09 07:29:37",https://wordpress.org/themes/educational-landing-page/,5.0,7.2,200
electronics-marketplace,"Electronics Marketplace",0.9.1,0.9.0,https://downloads.wordpress.org/theme/electronics-marketplace.0.9.1.zip,"2026-05-09 07:14:41",https://wordpress.org/themes/electronics-marketplace/,5.0,7.2,30
event-management,"Event Management",9.0.8,9.0.7,https://downloads.wordpress.org/theme/event-management.9.0.8.zip,"2026-05-09 07:15:26",https://wordpress.org/themes/event-management/,5.0,7.2,100
fast-food-pizza,"Fast Food Pizza",1.0.5,1.0.4,https://downloads.wordpress.org/theme/fast-food-pizza.1.0.5.zip,"2026-05-09 07:15:43",https://wordpress.org/themes/fast-food-pizza/,5.0,7.2,100
influencer-agency,"Influencer Agency",1.3.8,1.3.7,https://downloads.wordpress.org/theme/influencer-agency.1.3.8.zip,"2026-05-09 07:30:29",https://wordpress.org/themes/influencer-agency/,5.9,5.6,70
learnpress-coaching,"LearnPress Coaching",0.9.4,0.9.3,https://downloads.wordpress.org/theme/learnpress-coaching.0.9.4.zip,"2026-05-09 07:15:42",https://wordpress.org/themes/learnpress-coaching/,5.0,7.2,90
lms-education-courses,"LMS Education Courses",0.6.2,0.6.1,https://downloads.wordpress.org/theme/lms-education-courses.0.6.2.zip,"2026-05-09 07:31:12",https://wordpress.org/themes/lms-education-courses/,5.0,7.2,200
medical-landing-page,"Medical Landing Page",0.5.3,0.5.2,https://downloads.wordpress.org/theme/medical-landing-page.0.5.3.zip,"2026-05-09 07:31:48",https://wordpress.org/themes/medical-landing-page/,5.0,7.2,100
packers-and-movers,"Packers And Movers",2.2,2.1,https://downloads.wordpress.org/theme/packers-and-movers.2.2.zip,"2026-05-09 07:32:16",https://wordpress.org/themes/packers-and-movers/,5.0,5.6,50
pet-rescue-lite,"Pet Rescue Lite",1.1.6,1.1.5,https://downloads.wordpress.org/theme/pet-rescue-lite.1.1.6.zip,"2026-05-09 07:16:33",https://wordpress.org/themes/pet-rescue-lite/,5.0,7.2,100
real-estate-broker,"Real Estate Broker",0.9.1,0.9.0,https://downloads.wordpress.org/theme/real-estate-broker.0.9.1.zip,"2026-05-09 07:16:40",https://wordpress.org/themes/real-estate-broker/,5.0,7.2,70
real-estate-realtor,"Real Estate Realtor",1.0.8,1.0.7,https://downloads.wordpress.org/theme/real-estate-realtor.1.0.8.zip,"2026-05-09 07:16:56",https://wordpress.org/themes/real-estate-realtor/,5.0,7.2,200
seo-enterprise,"SEO Enterprise",2.0,1.9,https://downloads.wordpress.org/theme/seo-enterprise.2.0.zip,"2026-05-09 07:30:59",https://wordpress.org/themes/seo-enterprise/,5.0,5.6,60
shopping-solution,"Shopping Solution",0.9.5,0.9.4,https://downloads.wordpress.org/theme/shopping-solution.0.9.5.zip,"2026-05-09 07:17:05",https://wordpress.org/themes/shopping-solution/,5.0,7.2,50
sports-hub,"Sports Hub",3.0,2.9,https://downloads.wordpress.org/theme/sports-hub.3.0.zip,"2026-05-09 07:30:04",https://wordpress.org/themes/sports-hub/,5.0,5.6,100
storefront-ecommerce,"Storefront Ecommerce",1.0.1,1.0.0,https://downloads.wordpress.org/theme/storefront-ecommerce.1.0.1.zip,"2026-05-09 07:17:26",https://wordpress.org/themes/storefront-ecommerce/,5.0,7.2,100
video-streaming,"Video Streaming",1.0.4,1.0.3,https://downloads.wordpress.org/theme/video-streaming.1.0.4.zip,"2026-05-09 07:17:34",https://wordpress.org/themes/video-streaming/,,7.2,100
voltmaster-electrician,"Voltmaster Electrician",15.0,14.0,https://downloads.wordpress.org/theme/voltmaster-electrician.15.0.zip,"2026-05-09 07:14:44",https://wordpress.org/themes/voltmaster-electrician/,,7.4,30
vw-audio-podcast,"VW Audio Podcast",1.4.2,1.4.1,https://downloads.wordpress.org/theme/vw-audio-podcast.1.4.2.zip,"2026-05-09 10:33:46",https://wordpress.org/themes/vw-audio-podcast/,5.9,5.6,40
vw-business-consulting,"VW Business Consulting",0.5.5,0.5.4,https://downloads.wordpress.org/theme/vw-business-consulting.0.5.5.zip,"2026-05-09 10:34:39",https://wordpress.org/themes/vw-business-consulting/,5.0,7.2,50
vw-clothing-store,"VW Clothing Store",0.6.4,0.6.3,https://downloads.wordpress.org/theme/vw-clothing-store.0.6.4.zip,"2026-05-09 10:36:01",https://wordpress.org/themes/vw-clothing-store/,5.0,7.2,200
vw-home-renovation,"VW Home Renovation",0.7.0,0.6.9,https://downloads.wordpress.org/theme/vw-home-renovation.0.7.0.zip,"2026-05-09 10:38:26",https://wordpress.org/themes/vw-home-renovation/,5.0,7.2,90
vw-pet-care,"VW Pet Care",0.5.6,0.5.5,https://downloads.wordpress.org/theme/vw-pet-care.0.5.6.zip,"2026-05-09 10:47:29",https://wordpress.org/themes/vw-pet-care/,5.0,7.2,50
cctv-security-camera,"Cctv Security Camera",0.1.4,0.1.3,https://downloads.wordpress.org/theme/cctv-security-camera.0.1.4.zip,"2026-05-09 11:23:19",https://wordpress.org/themes/cctv-security-camera/,,5.6,40
home-repair-solutions,"Home Repair Solutions",0.1.5,0.1.4,https://downloads.wordpress.org/theme/home-repair-solutions.0.1.5.zip,"2026-05-09 11:22:28",https://wordpress.org/themes/home-repair-solutions/,,5.6,30
ai-automation,"AI Automation",2.1,2.0,https://downloads.wordpress.org/theme/ai-automation.2.1.zip,"2026-05-09 12:48:23",https://wordpress.org/themes/ai-automation/,5.0,5.6,100
appliances-store,"Appliances Store",2.2,2.1,https://downloads.wordpress.org/theme/appliances-store.2.2.zip,"2026-05-09 12:48:07",https://wordpress.org/themes/appliances-store/,5.0,5.6,40
best-classifieds,"Best Classifieds",2.0.0,1.2.2,https://downloads.wordpress.org/theme/best-classifieds.2.0.0.zip,"2026-05-09 12:07:01",https://wordpress.org/themes/best-classifieds/,6.0,7.4,100
carpentry-contractor,"Carpentry Contractor",2.0,1.9,https://downloads.wordpress.org/theme/carpentry-contractor.2.0.zip,"2026-05-09 12:47:49",https://wordpress.org/themes/carpentry-contractor/,5.0,5.6,50
crockery-store,"Crockery Store",2.0,1.9,https://downloads.wordpress.org/theme/crockery-store.2.0.zip,"2026-05-09 12:46:39",https://wordpress.org/themes/crockery-store/,5.0,5.6,100
doctor-general-physician,"Doctor General Physician",3.6,3.5,https://downloads.wordpress.org/theme/doctor-general-physician.3.6.zip,"2026-05-09 12:47:24",https://wordpress.org/themes/doctor-general-physician/,5.0,5.6,50
food-blogger-hub,"Food Blogger Hub",2.8,2.7,https://downloads.wordpress.org/theme/food-blogger-hub.2.8.zip,"2026-05-09 12:46:20",https://wordpress.org/themes/food-blogger-hub/,5.0,5.6,100
food-grocery-hub,"Food Grocery Hub",2.1,2.0,https://downloads.wordpress.org/theme/food-grocery-hub.2.1.zip,"2026-05-09 12:45:11",https://wordpress.org/themes/food-grocery-hub/,5.0,5.6,100
gym-coach,"Gym Coach",1.9,1.8,https://downloads.wordpress.org/theme/gym-coach.1.9.zip,"2026-05-09 12:44:56",https://wordpress.org/themes/gym-coach/,5.0,5.6,40
home-interior-decor,"Home Interior Decor",2.2,2.1,https://downloads.wordpress.org/theme/home-interior-decor.2.2.zip,"2026-05-09 12:44:41",https://wordpress.org/themes/home-interior-decor/,5.0,5.6,90
home-renovation-agency,"Home Renovation Agency",3.5,3.4,https://downloads.wordpress.org/theme/home-renovation-agency.3.5.zip,"2026-05-09 12:44:17",https://wordpress.org/themes/home-renovation-agency/,5.0,5.6,20
industrial-hub,"Industrial Hub",2.1,2.0,https://downloads.wordpress.org/theme/industrial-hub.2.1.zip,"2026-05-09 12:43:36",https://wordpress.org/themes/industrial-hub/,5.0,5.6,90
job-seeker-resume,"Job Seeker Resume",2.1,2.0,https://downloads.wordpress.org/theme/job-seeker-resume.2.1.zip,"2026-05-09 12:42:36",https://wordpress.org/themes/job-seeker-resume/,5.0,5.6,30
best-shop,"Best Shop",1.6.2,1.6.1,https://downloads.wordpress.org/theme/best-shop.1.6.2.zip,"2026-05-10 03:55:33",https://wordpress.org/themes/best-shop/,4.7,7.0,2000
bosa-accounting,"Bosa Accounting",1.0.1,1.0.0,https://downloads.wordpress.org/theme/bosa-accounting.1.0.1.zip,"2026-05-10 08:41:31",https://wordpress.org/themes/bosa-accounting/,,5.6,200
bosa-advertising-agency,"Bosa Advertising Agency",1.0.1,1.0.0,https://downloads.wordpress.org/theme/bosa-advertising-agency.1.0.1.zip,"2026-05-10 08:49:35",https://wordpress.org/themes/bosa-advertising-agency/,,5.6,90
bosa-agency-dark,"Bosa Agency Dark",1.0.2,1.0.1,https://downloads.wordpress.org/theme/bosa-agency-dark.1.0.2.zip,"2026-05-10 08:51:41",https://wordpress.org/themes/bosa-agency-dark/,,5.6,200
bosa-ai-robotics-sector,"Bosa AI Robotics Sector",1.0.1,1.0.0,https://downloads.wordpress.org/theme/bosa-ai-robotics-sector.1.0.1.zip,"2026-05-10 08:52:34",https://wordpress.org/themes/bosa-ai-robotics-sector/,,5.6,60
bosa-ai-robotics,"Bosa AI Robotics",1.0.1,1.0.0,https://downloads.wordpress.org/theme/bosa-ai-robotics.1.0.1.zip,"2026-05-10 08:54:29",https://wordpress.org/themes/bosa-ai-robotics/,,5.6,400
bosa-app-hub,"Bosa App Hub",1.0.1,1.0.0,https://downloads.wordpress.org/theme/bosa-app-hub.1.0.1.zip,"2026-05-10 08:59:49",https://wordpress.org/themes/bosa-app-hub/,,5.6,60
favblog,Favblog,1.0.8,1.0.7,https://downloads.wordpress.org/theme/favblog.1.0.8.zip,"2026-05-10 08:53:05",https://wordpress.org/themes/favblog/,5.1,5.6,100
house-state,"House State",1.0.7,1.0.6,https://downloads.wordpress.org/theme/house-state.1.0.7.zip,"2026-05-10 08:52:34",https://wordpress.org/themes/house-state/,5.0,5.6,60
raise-charity,"Raise Charity",1.0.7,1.0.6,https://downloads.wordpress.org/theme/raise-charity.1.0.7.zip,"2026-05-10 08:51:55",https://wordpress.org/themes/raise-charity/,5.1,5.6,50
bosa-beauty-care,"Bosa Beauty Care",1.0.1,1.0.0,https://downloads.wordpress.org/theme/bosa-beauty-care.1.0.1.zip,"2026-05-10 09:02:28",https://wordpress.org/themes/bosa-beauty-care/,,5.6,80
bosa-beauty-shop,"Bosa Beauty Shop",1.0.1,1.0.0,https://downloads.wordpress.org/theme/bosa-beauty-shop.1.0.1.zip,"2026-05-10 09:03:50",https://wordpress.org/themes/bosa-beauty-shop/,,5.5,200
bosa-biz,"Bosa Biz",1.0.1,1.0.0,https://downloads.wordpress.org/theme/bosa-biz.1.0.1.zip,"2026-05-10 09:04:45",https://wordpress.org/themes/bosa-biz/,,5.6,100
bosa-blog-dark,"Bosa Blog Dark",1.0.5,1.0.4,https://downloads.wordpress.org/theme/bosa-blog-dark.1.0.5.zip,"2026-05-10 09:05:25",https://wordpress.org/themes/bosa-blog-dark/,,5.5,100
bosa-blog,"Bosa Blog",1.0.5,1.0.4,https://downloads.wordpress.org/theme/bosa-blog.1.0.5.zip,"2026-05-10 09:06:32",https://wordpress.org/themes/bosa-blog/,,5.5,100
bosa-business-agency,"Bosa Business Agency",1.0.2,1.0.1,https://downloads.wordpress.org/theme/bosa-business-agency.1.0.2.zip,"2026-05-10 09:07:26",https://wordpress.org/themes/bosa-business-agency/,,5.6,50
bosa-business-coach,"Bosa Business Coach",1.0.3,1.0.2,https://downloads.wordpress.org/theme/bosa-business-coach.1.0.3.zip,"2026-05-10 09:08:14",https://wordpress.org/themes/bosa-business-coach/,,5.6,100
bosa-business-firm,"Bosa Business Firm",1.0.1,1.0.0,https://downloads.wordpress.org/theme/bosa-business-firm.1.0.1.zip,"2026-05-10 09:09:01",https://wordpress.org/themes/bosa-business-firm/,,5.6,70
bosa-business-services,"Bosa Business Services",1.0.2,1.0.1,https://downloads.wordpress.org/theme/bosa-business-services.1.0.2.zip,"2026-05-10 09:10:35",https://wordpress.org/themes/bosa-business-services/,,5.6,200
bosa-business-solutions,"Bosa Business Solutions",1.0.1,1.0.0,https://downloads.wordpress.org/theme/bosa-business-solutions.1.0.1.zip,"2026-05-10 09:11:29",https://wordpress.org/themes/bosa-business-solutions/,,5.6,50
bosa-business,"Bosa Business",1.0.9,1.0.8,https://downloads.wordpress.org/theme/bosa-business.1.0.9.zip,"2026-05-10 09:12:48",https://wordpress.org/themes/bosa-business/,,5.5,200
bosa-charity-firm,"Bosa Charity Firm",1.0.1,1.0.0,https://downloads.wordpress.org/theme/bosa-charity-firm.1.0.1.zip,"2026-05-10 09:13:51",https://wordpress.org/themes/bosa-charity-firm/,,5.6,100
bosa-charity-fundraiser,"Bosa Charity Fundraiser",1.0.3,1.0.2,https://downloads.wordpress.org/theme/bosa-charity-fundraiser.1.0.3.zip,"2026-05-10 09:15:40",https://wordpress.org/themes/bosa-charity-fundraiser/,,5.5,400
bosa-charity,"Bosa Charity",1.0.4,1.0.3,https://downloads.wordpress.org/theme/bosa-charity.1.0.4.zip,"2026-05-10 09:16:25",https://wordpress.org/themes/bosa-charity/,,5.5,1000
bosa-cleaning-service,"Bosa Cleaning Service",1.0.1,1.0.0,https://downloads.wordpress.org/theme/bosa-cleaning-service.1.0.1.zip,"2026-05-10 09:20:14",https://wordpress.org/themes/bosa-cleaning-service/,,5.6,100
bosa-clinic,"Bosa Clinic",1.0.2,1.0.1,https://downloads.wordpress.org/theme/bosa-clinic.1.0.2.zip,"2026-05-10 09:21:09",https://wordpress.org/themes/bosa-clinic/,,5.6,80
bosa-construction-company,"Bosa Construction Company",1.0.2,1.0.1,https://downloads.wordpress.org/theme/bosa-construction-company.1.0.2.zip,"2026-05-10 09:22:21",https://wordpress.org/themes/bosa-construction-company/,,5.6,100
bosa-construction-industrial,"Bosa Construction Industrial",1.0.1,1.0.0,https://downloads.wordpress.org/theme/bosa-construction-industrial.1.0.1.zip,"2026-05-10 09:23:06",https://wordpress.org/themes/bosa-construction-industrial/,,5.6,600
bosa-construction-shop,"Bosa Construction Shop",1.0.2,1.0.1,https://downloads.wordpress.org/theme/bosa-construction-shop.1.0.2.zip,"2026-05-10 09:23:54",https://wordpress.org/themes/bosa-construction-shop/,,5.5,100
bosa-consulting,"Bosa Consulting",1.0.6,1.0.5,https://downloads.wordpress.org/theme/bosa-consulting.1.0.6.zip,"2026-05-10 09:24:28",https://wordpress.org/themes/bosa-consulting/,,5.5,300
bosa-corpo,"Bosa Corpo",1.0.1,1.0.0,https://downloads.wordpress.org/theme/bosa-corpo.1.0.1.zip,"2026-05-10 09:25:43",https://wordpress.org/themes/bosa-corpo/,,5.6,80
bosa-corporate-business,"Bosa Corporate Business",1.0.4,1.0.3,https://downloads.wordpress.org/theme/bosa-corporate-business.1.0.4.zip,"2026-05-10 09:26:20",https://wordpress.org/themes/bosa-corporate-business/,,5.5,100
bosa-corporate-dark,"Bosa Corporate Dark",1.0.9,1.0.8,https://downloads.wordpress.org/theme/bosa-corporate-dark.1.0.9.zip,"2026-05-10 09:28:43",https://wordpress.org/themes/bosa-corporate-dark/,,5.5,100
bosa-creative-agency,"Bosa Creative Agency",1.0.2,1.0.1,https://downloads.wordpress.org/theme/bosa-creative-agency.1.0.2.zip,"2026-05-10 09:30:06",https://wordpress.org/themes/bosa-creative-agency/,,5.6,90
bosa-crypto,"Bosa Crypto",1.0.3,1.0.2,https://downloads.wordpress.org/theme/bosa-crypto.1.0.3.zip,"2026-05-10 09:32:23",https://wordpress.org/themes/bosa-crypto/,,5.6,200
bosa-cyber-security,"Bosa Cyber Security",1.0.2,1.0.1,https://downloads.wordpress.org/theme/bosa-cyber-security.1.0.2.zip,"2026-05-10 09:33:46",https://wordpress.org/themes/bosa-cyber-security/,,5.6,70
bosa-decor-shop,"Bosa Decor Shop",1.0.1,1.0.0,https://downloads.wordpress.org/theme/bosa-decor-shop.1.0.1.zip,"2026-05-10 09:46:10",https://wordpress.org/themes/bosa-decor-shop/,,5.6,200
bosa-dental-care,"Bosa Dental Care",1.0.1,1.0.0,https://downloads.wordpress.org/theme/bosa-dental-care.1.0.1.zip,"2026-05-10 09:47:05",https://wordpress.org/themes/bosa-dental-care/,,5.6,400
bosa-digital-agency,"Bosa Digital Agency",1.0.1,1.0.0,https://downloads.wordpress.org/theme/bosa-digital-agency.1.0.1.zip,"2026-05-10 09:47:44",https://wordpress.org/themes/bosa-digital-agency/,,5.5,700
bosa-digital-marketing,"Bosa Digital Marketing",1.0.1,1.0.0,https://downloads.wordpress.org/theme/bosa-digital-marketing.1.0.1.zip,"2026-05-10 09:48:32",https://wordpress.org/themes/bosa-digital-marketing/,,5.6,400
bosa-driving-school,"Bosa Driving School",1.0.1,1.0.0,https://downloads.wordpress.org/theme/bosa-driving-school.1.0.1.zip,"2026-05-10 09:49:32",https://wordpress.org/themes/bosa-driving-school/,,5.6,40
bosa-ecommerce-shop,"Bosa Ecommerce Shop",1.0.3,1.0.2,https://downloads.wordpress.org/theme/bosa-ecommerce-shop.1.0.3.zip,"2026-05-10 09:50:11",https://wordpress.org/themes/bosa-ecommerce-shop/,,5.5,400
bosa-ecommerce,"Bosa Ecommerce",1.0.5,1.0.4,https://downloads.wordpress.org/theme/bosa-ecommerce.1.0.5.zip,"2026-05-10 09:50:51",https://wordpress.org/themes/bosa-ecommerce/,,5.5,400
bosa-educare,"Bosa Educare",1.0.1,1.0.0,https://downloads.wordpress.org/theme/bosa-educare.1.0.1.zip,"2026-05-10 09:51:35",https://wordpress.org/themes/bosa-educare/,,5.6,200
bosa-education-hub,"Bosa Education Hub",1.0.1,1.0.0,https://downloads.wordpress.org/theme/bosa-education-hub.1.0.1.zip,"2026-05-10 09:52:13",https://wordpress.org/themes/bosa-education-hub/,,5.5,300
bosa-education-zone,"Bosa Education Zone",1.0.1,1.0.0,https://downloads.wordpress.org/theme/bosa-education-zone.1.0.1.zip,"2026-05-10 09:53:07",https://wordpress.org/themes/bosa-education-zone/,,5.6,80
bosa-ev-charging-station,"Bosa EV Charging Station",1.0.1,1.0.0,https://downloads.wordpress.org/theme/bosa-ev-charging-station.1.0.1.zip,"2026-05-10 09:54:20",https://wordpress.org/themes/bosa-ev-charging-station/,,5.5,200
bosa-ev-rental-car,"Bosa EV Rental Car",1.0.1,1.0.0,https://downloads.wordpress.org/theme/bosa-ev-rental-car.1.0.1.zip,"2026-05-10 09:56:05",https://wordpress.org/themes/bosa-ev-rental-car/,,5.6,60
bosa-event-conference,"Bosa Event Conference",1.0.1,1.0.0,https://downloads.wordpress.org/theme/bosa-event-conference.1.0.1.zip,"2026-05-10 09:56:52",https://wordpress.org/themes/bosa-event-conference/,,5.5,400
bosa-event-organizer,"Bosa Event Organizer",1.0.1,1.0.0,https://downloads.wordpress.org/theme/bosa-event-organizer.1.0.1.zip,"2026-05-10 09:58:12",https://wordpress.org/themes/bosa-event-organizer/,,5.6,80
bosa-finance-business,"Bosa Finance Business",1.0.1,1.0.0,https://downloads.wordpress.org/theme/bosa-finance-business.1.0.1.zip,"2026-05-10 09:58:57",https://wordpress.org/themes/bosa-finance-business/,,5.6,300
bosa-finance-consult,"Bosa Finance Consult",1.0.1,1.0.0,https://downloads.wordpress.org/theme/bosa-finance-consult.1.0.1.zip,"2026-05-10 10:00:15",https://wordpress.org/themes/bosa-finance-consult/,,5.6,100
bosa-finance,"Bosa Finance",1.0.3,1.0.2,https://downloads.wordpress.org/theme/bosa-finance.1.0.3.zip,"2026-05-10 10:01:23",https://wordpress.org/themes/bosa-finance/,,5.5,300
bosa-fitness,"Bosa Fitness",1.0.3,1.0.2,https://downloads.wordpress.org/theme/bosa-fitness.1.0.3.zip,"2026-05-10 10:02:02",https://wordpress.org/themes/bosa-fitness/,,5.5,200
bosa-garden-care,"Bosa Garden Care",1.0.2,1.0.1,https://downloads.wordpress.org/theme/bosa-garden-care.1.0.2.zip,"2026-05-10 10:03:14",https://wordpress.org/themes/bosa-garden-care/,,5.6,100
bosa-gym-fitness,"Bosa Gym Fitness",1.0.1,1.0.0,https://downloads.wordpress.org/theme/bosa-gym-fitness.1.0.1.zip,"2026-05-10 10:06:05",https://wordpress.org/themes/bosa-gym-fitness/,,5.6,70
bosa-handyman-services,"Bosa Handyman Services",1.0.1,1.0.0,https://downloads.wordpress.org/theme/bosa-handyman-services.1.0.1.zip,"2026-05-10 10:06:53",https://wordpress.org/themes/bosa-handyman-services/,,5.6,80
bosa-hotel,"Bosa Hotel",1.0.2,1.0.1,https://downloads.wordpress.org/theme/bosa-hotel.1.0.2.zip,"2026-05-10 10:07:56",https://wordpress.org/themes/bosa-hotel/,,5.6,500
bosa-influencer-marketing,"Bosa Influencer Marketing",1.0.1,1.0.0,https://downloads.wordpress.org/theme/bosa-influencer-marketing.1.0.1.zip,"2026-05-10 10:09:11",https://wordpress.org/themes/bosa-influencer-marketing/,,5.6,50
bosa-insurance-agency,"Bosa Insurance Agency",1.0.1,1.0.0,https://downloads.wordpress.org/theme/bosa-insurance-agency.1.0.1.zip,"2026-05-10 10:10:16",https://wordpress.org/themes/bosa-insurance-agency/,,5.6,200
bosa-insurance,"Bosa Insurance",1.0.4,1.0.3,https://downloads.wordpress.org/theme/bosa-insurance.1.0.4.zip,"2026-05-10 10:11:12",https://wordpress.org/themes/bosa-insurance/,,5.5,100
bosa-interior-design,"Bosa Interior Design",1.0.1,1.0.0,https://downloads.wordpress.org/theme/bosa-interior-design.1.0.1.zip,"2026-05-10 10:12:30",https://wordpress.org/themes/bosa-interior-design/,,5.6,100
bosa-it-services,"Bosa IT Services",1.0.3,1.0.2,https://downloads.wordpress.org/theme/bosa-it-services.1.0.3.zip,"2026-05-10 10:14:02",https://wordpress.org/themes/bosa-it-services/,,5.6,100
bosa-job-portal,"Bosa Job Portal",1.0.2,1.0.1,https://downloads.wordpress.org/theme/bosa-job-portal.1.0.2.zip,"2026-05-10 10:15:21",https://wordpress.org/themes/bosa-job-portal/,,5.6,10
bosa-kindergarten,"Bosa kindergarten",1.0.1,1.0.0,https://downloads.wordpress.org/theme/bosa-kindergarten.1.0.1.zip,"2026-05-10 10:20:28",https://wordpress.org/themes/bosa-kindergarten/,,5.6,100
bosa-law-firm,"Bosa Law Firm",1.0.3,1.0.2,https://downloads.wordpress.org/theme/bosa-law-firm.1.0.3.zip,"2026-05-10 10:21:17",https://wordpress.org/themes/bosa-law-firm/,,5.6,90
bosa-lawyer,"Bosa Lawyer",1.0.8,1.0.7,https://downloads.wordpress.org/theme/bosa-lawyer.1.0.8.zip,"2026-05-10 10:22:24",https://wordpress.org/themes/bosa-lawyer/,,5.5,500
bosa-logistics,"Bosa Logistics",1.0.2,1.0.1,https://downloads.wordpress.org/theme/bosa-logistics.1.0.2.zip,"2026-05-10 10:23:58",https://wordpress.org/themes/bosa-logistics/,,5.6,80
bosa-marketing,"Bosa Marketing",1.0.4,1.0.3,https://downloads.wordpress.org/theme/bosa-marketing.1.0.4.zip,"2026-05-10 10:24:35",https://wordpress.org/themes/bosa-marketing/,,5.5,100
bosa-marketplace,"Bosa Marketplace",1.0.1,1.0.0,https://downloads.wordpress.org/theme/bosa-marketplace.1.0.1.zip,"2026-05-10 10:25:37",https://wordpress.org/themes/bosa-marketplace/,,5.5,100
bosa-media-marketing,"Bosa Media Marketing",1.0.2,1.0.1,https://downloads.wordpress.org/theme/bosa-media-marketing.1.0.2.zip,"2026-05-10 10:26:50",https://wordpress.org/themes/bosa-media-marketing/,,5.6,100
bosa-medical-care,"Bosa Medical Care",1.0.1,1.0.0,https://downloads.wordpress.org/theme/bosa-medical-care.1.0.1.zip,"2026-05-10 10:28:21",https://wordpress.org/themes/bosa-medical-care/,,5.6,100
bosa-medical-health,"Bosa Medical Health",1.0.2,1.0.1,https://downloads.wordpress.org/theme/bosa-medical-health.1.0.2.zip,"2026-05-10 10:29:08",https://wordpress.org/themes/bosa-medical-health/,,5.6,600
bosa-mobile-app,"Bosa Mobile App",1.0.1,1.0.0,https://downloads.wordpress.org/theme/bosa-mobile-app.1.0.1.zip,"2026-05-10 10:30:08",https://wordpress.org/themes/bosa-mobile-app/,,5.6,200
bosa-news-blog,"Bosa News Blog",1.0.7,1.0.6,https://downloads.wordpress.org/theme/bosa-news-blog.1.0.7.zip,"2026-05-10 10:30:47",https://wordpress.org/themes/bosa-news-blog/,,5.5,100
bosa-online-education,"Bosa Online Education",1.0.1,1.0.0,https://downloads.wordpress.org/theme/bosa-online-education.1.0.1.zip,"2026-05-10 10:32:14",https://wordpress.org/themes/bosa-online-education/,,5.6,300
bosa-online-marketing,"Bosa Online Marketing",1.0.2,1.0.1,https://downloads.wordpress.org/theme/bosa-online-marketing.1.0.2.zip,"2026-05-10 10:33:13",https://wordpress.org/themes/bosa-online-marketing/,,5.6,100
bosa-online-shop,"Bosa Online Shop",1.0.4,1.0.3,https://downloads.wordpress.org/theme/bosa-online-shop.1.0.4.zip,"2026-05-10 10:34:15",https://wordpress.org/themes/bosa-online-shop/,,5.5,100
bosa-photograph,"Bosa Photograph",1.0.1,1.0.0,https://downloads.wordpress.org/theme/bosa-photograph.1.0.1.zip,"2026-05-10 10:35:03",https://wordpress.org/themes/bosa-photograph/,,5.6,50
bosa-plumber,"Bosa Plumber",1.0.2,1.0.1,https://downloads.wordpress.org/theme/bosa-plumber.1.0.2.zip,"2026-05-10 10:35:52",https://wordpress.org/themes/bosa-plumber/,,5.6,200
pentatonic,Pentatonic,2.3.1,2.3,https://downloads.wordpress.org/theme/pentatonic.2.3.1.zip,"2026-05-10 09:16:37",https://wordpress.org/themes/pentatonic/,5.9,5.6,700
bosa-portfolio-bio,"Bosa Portfolio Bio",1.0.1,1.0.0,https://downloads.wordpress.org/theme/bosa-portfolio-bio.1.0.1.zip,"2026-05-10 10:37:11",https://wordpress.org/themes/bosa-portfolio-bio/,,5.6,100
bosa-portfolio-resume,"Bosa Portfolio Resume",1.0.1,1.0.0,https://downloads.wordpress.org/theme/bosa-portfolio-resume.1.0.1.zip,"2026-05-10 12:02:00",https://wordpress.org/themes/bosa-portfolio-resume/,,5.6,300
bosa-preschool,"Bosa Preschool",1.0.1,1.0.0,https://downloads.wordpress.org/theme/bosa-preschool.1.0.1.zip,"2026-05-10 11:29:46",https://wordpress.org/themes/bosa-preschool/,,5.6,80
bosa-real-estate-group,"Bosa Real Estate Group",1.0.1,1.0.0,https://downloads.wordpress.org/theme/bosa-real-estate-group.1.0.1.zip,"2026-05-10 10:38:14",https://wordpress.org/themes/bosa-real-estate-group/,,5.6,100
bosa-real-estate,"Bosa Real Estate",1.0.3,1.0.2,https://downloads.wordpress.org/theme/bosa-real-estate.1.0.3.zip,"2026-05-10 10:39:14",https://wordpress.org/themes/bosa-real-estate/,,5.6,300
bosa-rental-car,"Bosa Rental Car",1.0.2,1.0.1,https://downloads.wordpress.org/theme/bosa-rental-car.1.0.2.zip,"2026-05-10 11:30:50",https://wordpress.org/themes/bosa-rental-car/,,5.6,300
bosa-resort,"Bosa Resort",1.0.1,1.0.0,https://downloads.wordpress.org/theme/bosa-resort.1.0.1.zip,"2026-05-10 10:40:59",https://wordpress.org/themes/bosa-resort/,,5.6,70
bosa-restaurant-cafe,"Bosa Restaurant Cafe",1.0.2,1.0.1,https://downloads.wordpress.org/theme/bosa-restaurant-cafe.1.0.2.zip,"2026-05-10 10:43:38",https://wordpress.org/themes/bosa-restaurant-cafe/,,5.6,300
bosa-restaurant-inn,"Bosa Restaurant Inn",1.0.1,1.0.0,https://downloads.wordpress.org/theme/bosa-restaurant-inn.1.0.1.zip,"2026-05-10 10:44:37",https://wordpress.org/themes/bosa-restaurant-inn/,,5.6,100
bosa-shop-dark,"Bosa Shop Dark",1.0.1,1.0.0,https://downloads.wordpress.org/theme/bosa-shop-dark.1.0.1.zip,"2026-05-10 10:45:46",https://wordpress.org/themes/bosa-shop-dark/,,5.5,100
bosa-shop-store,"Bosa Shop Store",1.0.2,1.0.1,https://downloads.wordpress.org/theme/bosa-shop-store.1.0.2.zip,"2026-05-10 10:46:24",https://wordpress.org/themes/bosa-shop-store/,,5.5,100
bosa-shop,"Bosa Shop",1.0.8,1.0.7,https://downloads.wordpress.org/theme/bosa-shop.1.0.8.zip,"2026-05-10 10:47:29",https://wordpress.org/themes/bosa-shop/,,5.5,80
bosa-shopfront,"Bosa Shopfront",1.0.1,1.0.0,https://downloads.wordpress.org/theme/bosa-shopfront.1.0.1.zip,"2026-05-10 10:49:49",https://wordpress.org/themes/bosa-shopfront/,,5.5,100
bosa-shopper,"Bosa Shopper",1.0.4,1.0.3,https://downloads.wordpress.org/theme/bosa-shopper.1.0.4.zip,"2026-05-10 10:53:59",https://wordpress.org/themes/bosa-shopper/,,5.5,100
bosa-startup-business,"Bosa Startup Business",1.0.2,1.0.1,https://downloads.wordpress.org/theme/bosa-startup-business.1.0.2.zip,"2026-05-10 10:54:53",https://wordpress.org/themes/bosa-startup-business/,,5.6,40
bosa-store,"Bosa Store",1.0.6,1.0.5,https://downloads.wordpress.org/theme/bosa-store.1.0.6.zip,"2026-05-10 10:55:59",https://wordpress.org/themes/bosa-store/,,5.5,400
bosa-storefront,"Bosa Storefront",1.0.4,1.0.3,https://downloads.wordpress.org/theme/bosa-storefront.1.0.4.zip,"2026-05-10 10:56:35",https://wordpress.org/themes/bosa-storefront/,,5.5,100
bosa-tech-company,"Bosa Tech Company",1.0.1,1.0.0,https://downloads.wordpress.org/theme/bosa-tech-company.1.0.1.zip,"2026-05-10 10:57:36",https://wordpress.org/themes/bosa-tech-company/,,5.6,60
bosa-travel-agency,"Bosa Travel Agency",1.0.2,1.0.1,https://downloads.wordpress.org/theme/bosa-travel-agency.1.0.2.zip,"2026-05-10 11:01:01",https://wordpress.org/themes/bosa-travel-agency/,,5.6,100
bosa-travel-shop,"Bosa Travel Shop",1.0.3,1.0.2,https://downloads.wordpress.org/theme/bosa-travel-shop.1.0.3.zip,"2026-05-10 11:01:36",https://wordpress.org/themes/bosa-travel-shop/,,5.6,40
bosa-travel-tour,"Bosa Travel Tour",1.0.2,1.0.1,https://downloads.wordpress.org/theme/bosa-travel-tour.1.0.2.zip,"2026-05-10 11:04:30",https://wordpress.org/themes/bosa-travel-tour/,,5.6,300
bosa-travelers-blog,"Bosa Travelers Blog",1.0.5,1.0.4,https://downloads.wordpress.org/theme/bosa-travelers-blog.1.0.5.zip,"2026-05-10 11:06:26",https://wordpress.org/themes/bosa-travelers-blog/,,5.5,100
bosa-university,"Bosa University",1.0.2,1.0.1,https://downloads.wordpress.org/theme/bosa-university.1.0.2.zip,"2026-05-10 11:09:37",https://wordpress.org/themes/bosa-university/,,5.6,40
bosa-veterinary-care,"Bosa Veterinary Care",1.0.1,1.0.0,https://downloads.wordpress.org/theme/bosa-veterinary-care.1.0.1.zip,"2026-05-10 11:08:39",https://wordpress.org/themes/bosa-veterinary-care/,,5.6,50
bosa-veterinary,"Bosa Veterinary",1.0.1,1.0.0,https://downloads.wordpress.org/theme/bosa-veterinary.1.0.1.zip,"2026-05-10 11:10:44",https://wordpress.org/themes/bosa-veterinary/,,5.6,50
bosa-wedding,"Bosa Wedding",1.0.4,1.0.3,https://downloads.wordpress.org/theme/bosa-wedding.1.0.4.zip,"2026-05-10 11:12:26",https://wordpress.org/themes/bosa-wedding/,,5.5,300
bosa-yoga,"Bosa Yoga",1.0.1,1.0.0,https://downloads.wordpress.org/theme/bosa-yoga.1.0.1.zip,"2026-05-10 11:13:27",https://wordpress.org/themes/bosa-yoga/,,5.6,100
adventure-resort,"Adventure Resort",0.2.8,0.2.7,https://downloads.wordpress.org/theme/adventure-resort.0.2.8.zip,"2026-05-10 13:02:24",https://wordpress.org/themes/adventure-resort/,5.0,7.2,80
camping-zone,"Camping Zone",0.2.8,0.2.7,https://downloads.wordpress.org/theme/camping-zone.0.2.8.zip,"2026-05-10 13:01:56",https://wordpress.org/themes/camping-zone/,5.0,7.2,30
cinematic-videos,"Cinematic Videos",0.2.9,0.2.8,https://downloads.wordpress.org/theme/cinematic-videos.0.2.9.zip,"2026-05-10 12:56:16",https://wordpress.org/themes/cinematic-videos/,5.0,7.2,90
construction-demolition-services,"Construction Demolition Services",0.2.6,0.2.5,https://downloads.wordpress.org/theme/construction-demolition-services.0.2.6.zip,"2026-05-10 12:55:36",https://wordpress.org/themes/construction-demolition-services/,5.0,7.2,80
cooking-master-class,"Cooking Master Class",0.7.6,0.7.5,https://downloads.wordpress.org/theme/cooking-master-class.0.7.6.zip,"2026-05-10 13:01:34",https://wordpress.org/themes/cooking-master-class/,5.0,7.2,50
cosmetics-salon,"Cosmetics Salon",0.5.8,0.5.7,https://downloads.wordpress.org/theme/cosmetics-salon.0.5.8.zip,"2026-05-10 13:01:07",https://wordpress.org/themes/cosmetics-salon/,5.0,7.2,60
eco-nature-zone,"Eco Nature Zone",0.2.4,0.2.3,https://downloads.wordpress.org/theme/eco-nature-zone.0.2.4.zip,"2026-05-10 12:55:11",https://wordpress.org/themes/eco-nature-zone/,5.0,7.2,100
flower-delivery-shop,"Flower Delivery Shop",0.5.6,0.5.5,https://downloads.wordpress.org/theme/flower-delivery-shop.0.5.6.zip,"2026-05-10 13:00:05",https://wordpress.org/themes/flower-delivery-shop/,5.0,7.2,30
indoor-sports-zone,"Indoor Sports Zone",0.4.9,0.4.8,https://downloads.wordpress.org/theme/indoor-sports-zone.0.4.9.zip,"2026-05-10 12:59:44",https://wordpress.org/themes/indoor-sports-zone/,5.0,7.2,60
kindergarten-playschool,"Kindergarten Playschool",0.3.0,0.2.9,https://downloads.wordpress.org/theme/kindergarten-playschool.0.3.0.zip,"2026-05-10 12:54:20",https://wordpress.org/themes/kindergarten-playschool/,5.0,7.2,90
kitchen-interior-design,"Kitchen Interior Design",0.2.7,0.2.6,https://downloads.wordpress.org/theme/kitchen-interior-design.0.2.7.zip,"2026-05-10 12:53:46",https://wordpress.org/themes/kitchen-interior-design/,5.0,7.2,60
online-educational-courses,"Online Educational Courses",0.2.2,0.2.1,https://downloads.wordpress.org/theme/online-educational-courses.0.2.2.zip,"2026-05-10 12:50:01",https://wordpress.org/themes/online-educational-courses/,5.0,7.2,70
pet-accessory-store,"Pet Accessory Store",0.2.3,0.2.2,https://downloads.wordpress.org/theme/pet-accessory-store.0.2.3.zip,"2026-05-10 12:49:42",https://wordpress.org/themes/pet-accessory-store/,5.0,7.2,50
skin-care-products,"Skin Care Products",0.2.6,0.2.5,https://downloads.wordpress.org/theme/skin-care-products.0.2.6.zip,"2026-05-10 12:49:04",https://wordpress.org/themes/skin-care-products/,5.0,7.2,50
vr-games,"VR Games",0.2.5,0.2.4,https://downloads.wordpress.org/theme/vr-games.0.2.5.zip,"2026-05-10 12:48:19",https://wordpress.org/themes/vr-games/,5.0,7.2,90
weet,weet,2.5.0,2.4.1,https://downloads.wordpress.org/theme/weet.2.5.0.zip,"2026-05-10 14:37:13",https://wordpress.org/themes/weet/,4.9,5.4,30
hf-lite,"HF Lite",1.2.4,1.2.3,https://downloads.wordpress.org/theme/hf-lite.1.2.4.zip,"2026-05-10 15:49:09",https://wordpress.org/themes/hf-lite/,6.0,7.4,10
author-book-writer,"Author Book Writer",3.9,3.8,https://downloads.wordpress.org/theme/author-book-writer.3.9.zip,"2026-05-10 17:35:02",https://wordpress.org/themes/author-book-writer/,6.1,5.6,100
automobile-repair-blocks,"Automobile Repair Blocks",4.3,4.2,https://downloads.wordpress.org/theme/automobile-repair-blocks.4.3.zip,"2026-05-10 17:34:37",https://wordpress.org/themes/automobile-repair-blocks/,6.1,5.6,200
car-repair-blocks,"Car Repair Blocks",4.1,4.0,https://downloads.wordpress.org/theme/car-repair-blocks.4.1.zip,"2026-05-10 17:34:19",https://wordpress.org/themes/car-repair-blocks/,6.1,5.6,500
clothing-store-blocks,"Clothing Store Blocks",4.3,4.2,https://downloads.wordpress.org/theme/clothing-store-blocks.4.3.zip,"2026-05-10 17:33:23",https://wordpress.org/themes/clothing-store-blocks/,6.1,5.6,100
football-coach-club,"Football Coach Club",4.1,4.0,https://downloads.wordpress.org/theme/football-coach-club.4.1.zip,"2026-05-10 17:33:02",https://wordpress.org/themes/football-coach-club/,6.1,5.6,100
garden-lawn-care,"Garden Lawn Care",3.9,3.8,https://downloads.wordpress.org/theme/garden-lawn-care.3.9.zip,"2026-05-10 17:31:56",https://wordpress.org/themes/garden-lawn-care/,6.1,5.6,300
golf-country-club,"Golf Country Club",4.2,4.1,https://downloads.wordpress.org/theme/golf-country-club.4.2.zip,"2026-05-10 17:31:14",https://wordpress.org/themes/golf-country-club/,,5.6,50
hardware-tools-store,"Hardware Tools Store",3.7,3.6,https://downloads.wordpress.org/theme/hardware-tools-store.3.7.zip,"2026-05-10 17:30:29",https://wordpress.org/themes/hardware-tools-store/,6.1,5.6,200
medical-hospital-blocks,"Medical Hospital Blocks",3.8,3.7,https://downloads.wordpress.org/theme/medical-hospital-blocks.3.8.zip,"2026-05-10 17:29:57",https://wordpress.org/themes/medical-hospital-blocks/,6.1,5.6,100
one-page-blocks,"One Page Blocks",4.2,4.1,https://downloads.wordpress.org/theme/one-page-blocks.4.2.zip,"2026-05-10 17:29:08",https://wordpress.org/themes/one-page-blocks/,6.1,5.6,100
organic-green-blocks,"Organic Green Blocks",4.9,4.8,https://downloads.wordpress.org/theme/organic-green-blocks.4.9.zip,"2026-05-10 17:29:01",https://wordpress.org/themes/organic-green-blocks/,6.1,5.6,200
ovation-spa-blocks,"Ovation Spa Blocks",4.2,4.1,https://downloads.wordpress.org/theme/ovation-spa-blocks.4.2.zip,"2026-05-10 17:28:32",https://wordpress.org/themes/ovation-spa-blocks/,6.1,5.6,60
real-estate-deals,"Real Estate Deals",3.7,3.6,https://downloads.wordpress.org/theme/real-estate-deals.3.7.zip,"2026-05-10 17:26:05",https://wordpress.org/themes/real-estate-deals/,6.1,5.6,100
tailor-suits,"Tailor Suits",3.6,3.4,https://downloads.wordpress.org/theme/tailor-suits.3.6.zip,"2026-05-10 17:24:06",https://wordpress.org/themes/tailor-suits/,6.1,5.6,60
trekking-blocks,"Trekking Blocks",4.5,4.4,https://downloads.wordpress.org/theme/trekking-blocks.4.5.zip,"2026-05-10 17:23:11",https://wordpress.org/themes/trekking-blocks/,6.1,5.6,100
aerial-drone,"Aerial Drone",1.2.5,1.2.4,https://downloads.wordpress.org/theme/aerial-drone.1.2.5.zip,"2026-05-11 02:35:01",https://wordpress.org/themes/aerial-drone/,5.3,7.2,70
automobile-car-dealer,"Automobile Car Dealer",1.6,1.5.9,https://downloads.wordpress.org/theme/automobile-car-dealer.1.6.zip,"2026-05-11 03:13:57",https://wordpress.org/themes/automobile-car-dealer/,5.0,7.2,200
aviation-industry,"Aviation Industry",1.2.8,1.2.7,https://downloads.wordpress.org/theme/aviation-industry.1.2.8.zip,"2026-05-11 02:33:45",https://wordpress.org/themes/aviation-industry/,5.5,7.2,100
bakery-elementor,"Bakery Elementor",0.3.0,0.2.9,https://downloads.wordpress.org/theme/bakery-elementor.0.3.0.zip,"2026-05-11 04:03:26",https://wordpress.org/themes/bakery-elementor/,5.0,5.6,100
business-classified-ads,"Business Classified Ads",1.2.0,1.1.9,https://downloads.wordpress.org/theme/business-classified-ads.1.2.0.zip,"2026-05-11 02:35:26",https://wordpress.org/themes/business-classified-ads/,5.3,7.2,50
car-rental-service,"Car Rental Service",1.1.9,1.1.7,https://downloads.wordpress.org/theme/car-rental-service.1.1.9.zip,"2026-05-11 02:35:51",https://wordpress.org/themes/car-rental-service/,5.3,5.6,50
car-washing-center,"Car Washing Center",0.3.4,0.3.3,https://downloads.wordpress.org/theme/car-washing-center.0.3.4.zip,"2026-05-11 04:03:32",https://wordpress.org/themes/car-washing-center/,5.0,5.6,60
charity-nonprofit,"Charity Nonprofit",1.2.0,1.1.9,https://downloads.wordpress.org/theme/charity-nonprofit.1.2.0.zip,"2026-05-11 02:36:29",https://wordpress.org/themes/charity-nonprofit/,5.5,7.2,40
construction-contractor,"Construction Contractor",0.2.8,0.2.7,https://downloads.wordpress.org/theme/construction-contractor.0.2.8.zip,"2026-05-11 04:03:40",https://wordpress.org/themes/construction-contractor/,5.0,5.6,60
construction-realestate,"Construction Realestate",1.6.5,1.6.4,https://downloads.wordpress.org/theme/construction-realestate.1.6.5.zip,"2026-05-11 03:14:24",https://wordpress.org/themes/construction-realestate/,5.0,7.2,300
designer-boutique-shop,"Designer Boutique Shop",0.3.4,0.3.3,https://downloads.wordpress.org/theme/designer-boutique-shop.0.3.4.zip,"2026-05-11 04:03:53",https://wordpress.org/themes/designer-boutique-shop/,5.0,5.6,40
digital-media,"Digital Media",1.2.5,1.2.4,https://downloads.wordpress.org/theme/digital-media.1.2.5.zip,"2026-05-11 02:34:05",https://wordpress.org/themes/digital-media/,5.3,7.2,30
digitalgrove,DigitalGrove,1.4,1.3,https://downloads.wordpress.org/theme/digitalgrove.1.4.zip,"2026-05-11 03:20:33",https://wordpress.org/themes/digitalgrove/,6.0,7.0,600
ecommerce-solution,"Ecommerce Solution",1.8,1.7.9,https://downloads.wordpress.org/theme/ecommerce-solution.1.8.zip,"2026-05-11 03:14:33",https://wordpress.org/themes/ecommerce-solution/,5.0,7.2,300
fast-food-delivery,"Fast Food Delivery",0.3.7,0.3.6,https://downloads.wordpress.org/theme/fast-food-delivery.0.3.7.zip,"2026-05-11 04:04:07",https://wordpress.org/themes/fast-food-delivery/,5.0,5.6,100
flower-shop-elementor,"Flower Shop Elementor",0.3.2,0.3.1,https://downloads.wordpress.org/theme/flower-shop-elementor.0.3.2.zip,"2026-05-11 04:04:05",https://wordpress.org/themes/flower-shop-elementor/,5.0,5.6,200
food-restaurant-elementor,"Food Restaurant Elementor",0.3.1,0.3.0,https://downloads.wordpress.org/theme/food-restaurant-elementor.0.3.1.zip,"2026-05-11 04:04:23",https://wordpress.org/themes/food-restaurant-elementor/,5.0,5.6,90
fruits-farming,"Fruits Farming",1.3.1,1.3.0,https://downloads.wordpress.org/theme/fruits-farming.1.3.1.zip,"2026-05-11 02:34:38",https://wordpress.org/themes/fruits-farming/,5.5,7.2,80
grocery-supermarket-elementor,"Grocery Supermarket Elementor",0.3.2,0.3.1,https://downloads.wordpress.org/theme/grocery-supermarket-elementor.0.3.2.zip,"2026-05-11 04:04:33",https://wordpress.org/themes/grocery-supermarket-elementor/,5.0,5.6,100
hardware-dealer,"Hardware Dealer",0.3.1,0.3.0,https://downloads.wordpress.org/theme/hardware-dealer.0.3.1.zip,"2026-05-11 04:04:38",https://wordpress.org/themes/hardware-dealer/,5.0,5.6,90
health-care-center,"Health Care Center",1.2.2,1.2.1,https://downloads.wordpress.org/theme/health-care-center.1.2.2.zip,"2026-05-11 02:36:46",https://wordpress.org/themes/health-care-center/,5.3,7.2,10
kindergarten-education,"Kindergarten Education",1.7.9,1.7.8,https://downloads.wordpress.org/theme/kindergarten-education.1.7.9.zip,"2026-05-11 03:14:38",https://wordpress.org/themes/kindergarten-education/,5.0,7.2,300
multi-sports-club,"Multi Sports Club",1.2.0,1.1.9,https://downloads.wordpress.org/theme/multi-sports-club.1.2.0.zip,"2026-05-11 02:37:07",https://wordpress.org/themes/multi-sports-club/,5.3,7.2,100
multipurpose-blog,"Multipurpose Blog",4.1.6,4.1.5,https://downloads.wordpress.org/theme/multipurpose-blog.4.1.6.zip,"2026-05-11 03:14:54",https://wordpress.org/themes/multipurpose-blog/,5.0,7.2,100
news-channel,"News Channel",1.2.2,1.2.1,https://downloads.wordpress.org/theme/news-channel.1.2.2.zip,"2026-05-11 02:41:10",https://wordpress.org/themes/news-channel/,5.3,7.2,50
omega-digital-store,"Omega Digital Store",1.2.1,1.2.0,https://downloads.wordpress.org/theme/omega-digital-store.1.2.1.zip,"2026-05-11 02:37:35",https://wordpress.org/themes/omega-digital-store/,5.3,5.6,80
omega-food-delivery,"Omega Food Delivery",1.2.1,1.2.0,https://downloads.wordpress.org/theme/omega-food-delivery.1.2.1.zip,"2026-05-11 02:37:51",https://wordpress.org/themes/omega-food-delivery/,5.3,7.2,50
online-bakery-shop,"Online Bakery Shop",1.2.0,1.1.9,https://downloads.wordpress.org/theme/online-bakery-shop.1.2.0.zip,"2026-05-11 02:38:51",https://wordpress.org/themes/online-bakery-shop/,5.5,7.2,100
property-listing-elementor,"Property Listing Elementor",0.3.5,0.3.4,https://downloads.wordpress.org/theme/property-listing-elementor.0.3.5.zip,"2026-05-11 04:04:42",https://wordpress.org/themes/property-listing-elementor/,5.0,5.6,100
rc-drone,"RC Drone",1.3.6,1.3.5,https://downloads.wordpress.org/theme/rc-drone.1.3.6.zip,"2026-05-11 04:04:50",https://wordpress.org/themes/rc-drone/,5.0,5.6,60
security-services-elementor,"Security Services Elementor",0.2.9,0.2.8,https://downloads.wordpress.org/theme/security-services-elementor.0.2.9.zip,"2026-05-11 04:04:59",https://wordpress.org/themes/security-services-elementor/,5.0,5.6,100
transport-movers,"Transport Movers",1.7.3,1.7.2,https://downloads.wordpress.org/theme/transport-movers.1.7.3.zip,"2026-05-11 03:15:00",https://wordpress.org/themes/transport-movers/,5.0,7.2,70
travel-destination,"Travel Destination",1.2.2,1.2.1,https://downloads.wordpress.org/theme/travel-destination.1.2.2.zip,"2026-05-11 02:38:10",https://wordpress.org/themes/travel-destination/,5.3,7.2,50
ultimate-blogger,"Ultimate Blogger",1.5.4,1.5.3,https://downloads.wordpress.org/theme/ultimate-blogger.1.5.4.zip,"2026-05-11 03:15:06",https://wordpress.org/themes/ultimate-blogger/,5.0,7.2,90
wind-energy,"Wind Energy",2.3.2,2.3.1,https://downloads.wordpress.org/theme/wind-energy.2.3.2.zip,"2026-05-11 02:39:26",https://wordpress.org/themes/wind-energy/,5.4,7.2,30
flex-political-candidate,"Flex Political Candidate",1.0.1,,https://downloads.wordpress.org/theme/flex-political-candidate.1.0.1.zip,"2026-05-11 03:46:14",https://wordpress.org/themes/flex-political-candidate/,,5.6,0
affiliate-store,"Affiliate Store",0.4,0.3.9,https://downloads.wordpress.org/theme/affiliate-store.0.4.zip,"2026-05-11 07:10:17",https://wordpress.org/themes/affiliate-store/,5.0,5.6,200
apartment-rental-services,"Apartment Rental Services",0.3.7,0.3.6,https://downloads.wordpress.org/theme/apartment-rental-services.0.3.7.zip,"2026-05-11 07:09:58",https://wordpress.org/themes/apartment-rental-services/,5.0,5.6,40
artist-art-gallery,"Artist Art Gallery",1.4.0,1.3.9,https://downloads.wordpress.org/theme/artist-art-gallery.1.4.0.zip,"2026-05-11 06:43:15",https://wordpress.org/themes/artist-art-gallery/,6.0,7.2,400
banquet-wedding-hall,"Banquet Wedding Hall",1.1.6,1.1.5,https://downloads.wordpress.org/theme/banquet-wedding-hall.1.1.6.zip,"2026-05-11 06:47:32",https://wordpress.org/themes/banquet-wedding-hall/,6.0,7.2,200
blogspare,BlogSpare,2.0.0,1.0.0,https://downloads.wordpress.org/theme/blogspare.2.0.0.zip,"2026-05-11 05:54:31",https://wordpress.org/themes/blogspare/,5.0,5.0,100
building-architect,"Building Architect",1.2.5,1.2.4,https://downloads.wordpress.org/theme/building-architect.1.2.5.zip,"2026-05-11 08:21:06",https://wordpress.org/themes/building-architect/,5.9,5.6,70
building-renovation,"Building Renovation",1.2.6,1.2.5,https://downloads.wordpress.org/theme/building-renovation.1.2.6.zip,"2026-05-11 08:19:54",https://wordpress.org/themes/building-renovation/,5.9,5.6,100
charity-organization,"Charity Organization",1.2.6,1.2.5,https://downloads.wordpress.org/theme/charity-organization.1.2.6.zip,"2026-05-11 08:18:40",https://wordpress.org/themes/charity-organization/,5.9,5.6,300
christmas-event,"Christmas Event",0.3.5,0.3.4,https://downloads.wordpress.org/theme/christmas-event.0.3.5.zip,"2026-05-11 07:09:31",https://wordpress.org/themes/christmas-event/,5.0,5.6,20
circus-fair,"Circus Fair",2.1.7,2.1.6,https://downloads.wordpress.org/theme/circus-fair.2.1.7.zip,"2026-05-11 08:18:05",https://wordpress.org/themes/circus-fair/,5.9,5.6,90
classic-attorney,"Classic Attorney",0.3,0.2.9,https://downloads.wordpress.org/theme/classic-attorney.0.3.zip,"2026-05-11 07:13:03",https://wordpress.org/themes/classic-attorney/,5.0,5.6,30
classic-beauty-parlour,"Classic Beauty Parlour",2.2.3,2.2.2,https://downloads.wordpress.org/theme/classic-beauty-parlour.2.2.3.zip,"2026-05-11 07:12:57",https://wordpress.org/themes/classic-beauty-parlour/,5.0,5.6,40
classic-dentist-clinic,"Classic Dentist Clinic",0.4.3,0.4.2,https://downloads.wordpress.org/theme/classic-dentist-clinic.0.4.3.zip,"2026-05-11 07:09:24",https://wordpress.org/themes/classic-dentist-clinic/,5.0,5.6,60
classic-dog-breeder,"Classic Dog Breeder",0.3.3,0.3.2,https://downloads.wordpress.org/theme/classic-dog-breeder.0.3.3.zip,"2026-05-11 07:12:33",https://wordpress.org/themes/classic-dog-breeder/,5.0,5.6,80
classic-fashion-blog,"Classic Fashion Blog",0.4.3,0.4.2,https://downloads.wordpress.org/theme/classic-fashion-blog.0.4.3.zip,"2026-05-11 07:09:06",https://wordpress.org/themes/classic-fashion-blog/,5.0,5.6,40
classic-gaming,"Classic Gaming",0.3.4,0.3.3,https://downloads.wordpress.org/theme/classic-gaming.0.3.4.zip,"2026-05-11 07:12:10",https://wordpress.org/themes/classic-gaming/,5.0,5.6,100
classic-law-firm,"Classic Law Firm",0.3.7,0.3.6,https://downloads.wordpress.org/theme/classic-law-firm.0.3.7.zip,"2026-05-11 07:08:56",https://wordpress.org/themes/classic-law-firm/,5.0,5.6,40
classic-toy-store,"Classic Toy Store",0.3.1,0.3.0,https://downloads.wordpress.org/theme/classic-toy-store.0.3.1.zip,"2026-05-11 07:12:13",https://wordpress.org/themes/classic-toy-store/,5.0,5.6,200
comic-book-store,"Comic Book Store",0.4.1,0.3.8,https://downloads.wordpress.org/theme/comic-book-store.0.4.1.zip,"2026-05-11 07:08:40",https://wordpress.org/themes/comic-book-store/,5.0,5.6,100
di-business,"Di Business",2.3,2.2,https://downloads.wordpress.org/theme/di-business.2.3.zip,"2026-05-11 07:58:47",https://wordpress.org/themes/di-business/,5.2,7.0,600
dry-cleaning-services,"Dry Cleaning Services",0.4.3,0.3.9,https://downloads.wordpress.org/theme/dry-cleaning-services.0.4.3.zip,"2026-05-11 07:03:07",https://wordpress.org/themes/dry-cleaning-services/,5.0,5.6,30
educational-university,"Educational University",0.3.4,0.3.3,https://downloads.wordpress.org/theme/educational-university.0.3.4.zip,"2026-05-11 07:03:33",https://wordpress.org/themes/educational-university/,5.0,5.6,100
electronics-retail-shop,"Electronics Retail Shop",1.1.8,1.1.7,https://downloads.wordpress.org/theme/electronics-retail-shop.1.1.8.zip,"2026-05-11 06:58:01",https://wordpress.org/themes/electronics-retail-shop/,6.0,7.2,100
foodie-review-blog,"Foodie Review Blog",0.3.8,0.3.7,https://downloads.wordpress.org/theme/foodie-review-blog.0.3.8.zip,"2026-05-11 07:02:46",https://wordpress.org/themes/foodie-review-blog/,5.0,5.6,100
fse-book-store,"FSE Book Store",1.2.6,1.2.5,https://downloads.wordpress.org/theme/fse-book-store.1.2.6.zip,"2026-05-11 08:24:27",https://wordpress.org/themes/fse-book-store/,5.9,5.6,100
fse-gym-trainer,"FSE Gym Trainer",1.2.8,1.2.7,https://downloads.wordpress.org/theme/fse-gym-trainer.1.2.8.zip,"2026-05-11 08:17:03",https://wordpress.org/themes/fse-gym-trainer/,,5.6,40
fse-photographs,"FSE Photographs",1.2.5,1.2.4,https://downloads.wordpress.org/theme/fse-photographs.1.2.5.zip,"2026-05-11 08:15:57",https://wordpress.org/themes/fse-photographs/,5.9,5.6,100
fse-soccer-league,"FSE Soccer League",1.2.8,1.2.7,https://downloads.wordpress.org/theme/fse-soccer-league.1.2.8.zip,"2026-05-11 08:17:21",https://wordpress.org/themes/fse-soccer-league/,5.9,5.6,200
fse-tour-booking,"FSE Tour Booking",1.2.5,1.2.4,https://downloads.wordpress.org/theme/fse-tour-booking.1.2.5.zip,"2026-05-11 08:15:37",https://wordpress.org/themes/fse-tour-booking/,5.9,5.6,100
fse-travel-blog,"FSE Travel Blog",1.2.3,1.2.2,https://downloads.wordpress.org/theme/fse-travel-blog.1.2.3.zip,"2026-05-11 08:14:25",https://wordpress.org/themes/fse-travel-blog/,,5.6,90
garden-farm,"Garden Farm",0.3.9,0.3.8,https://downloads.wordpress.org/theme/garden-farm.0.3.9.zip,"2026-05-11 07:02:22",https://wordpress.org/themes/garden-farm/,5.0,5.6,90
hairsaloon,Hairsaloon,1.0.2,1.0.1,https://downloads.wordpress.org/theme/hairsaloon.1.0.2.zip,"2026-05-11 07:37:57",https://wordpress.org/themes/hairsaloon/,6.7,7.2,100
live-artist,"Live Artist",0.3.1,0.3.0,https://downloads.wordpress.org/theme/live-artist.0.3.1.zip,"2026-05-11 07:11:45",https://wordpress.org/themes/live-artist/,5.0,5.6,40
logistic-warehouse,"Logistic Warehouse",0.3.1,0.3.0,https://downloads.wordpress.org/theme/logistic-warehouse.0.3.1.zip,"2026-05-11 07:11:38",https://wordpress.org/themes/logistic-warehouse/,5.0,5.6,50
machine-learning,"Machine Learning",1.2.5,1.2.4,https://downloads.wordpress.org/theme/machine-learning.1.2.5.zip,"2026-05-11 08:12:53",https://wordpress.org/themes/machine-learning/,,5.6,100
marketing-firm,"Marketing Firm",1.1.9,1.1.8,https://downloads.wordpress.org/theme/marketing-firm.1.1.9.zip,"2026-05-11 06:58:16",https://wordpress.org/themes/marketing-firm/,6.0,7.2,100
nature-photography,"Nature Photography",1.1.9,1.1.8,https://downloads.wordpress.org/theme/nature-photography.1.1.9.zip,"2026-05-11 06:59:46",https://wordpress.org/themes/nature-photography/,6.0,7.2,100
numerology,Numerology,1.0.12,1.0.11,https://downloads.wordpress.org/theme/numerology.1.0.12.zip,"2026-05-11 06:43:18",https://wordpress.org/themes/numerology/,,5.6,40
outdoor-kitchen,"Outdoor Kitchen",1.3.0,1.2.9,https://downloads.wordpress.org/theme/outdoor-kitchen.1.3.0.zip,"2026-05-11 08:11:35",https://wordpress.org/themes/outdoor-kitchen/,,5.6,100
painting-company,"Painting Company",0.3.7,0.3.5,https://downloads.wordpress.org/theme/painting-company.0.3.7.zip,"2026-05-11 07:01:56",https://wordpress.org/themes/painting-company/,5.0,5.6,100
perfume-store,"Perfume Store",0.4.0,0.3.7,https://downloads.wordpress.org/theme/perfume-store.0.4.0.zip,"2026-05-11 07:11:20",https://wordpress.org/themes/perfume-store/,5.0,5.6,100
personal-life-coach,"Personal Life Coach",1.1.8,1.1.7,https://downloads.wordpress.org/theme/personal-life-coach.1.1.8.zip,"2026-05-11 06:55:15",https://wordpress.org/themes/personal-life-coach/,6.0,7.2,100
printing-services,"Printing Services",0.3.0,0.2.7,https://downloads.wordpress.org/theme/printing-services.0.3.0.zip,"2026-05-11 07:11:20",https://wordpress.org/themes/printing-services/,5.0,5.6,50
production-factory,"Production Factory",1.1.4,1.1.3,https://downloads.wordpress.org/theme/production-factory.1.1.4.zip,"2026-05-11 07:00:43",https://wordpress.org/themes/production-factory/,6.0,7.2,500
professional-vlogger,"Professional Vlogger",1.2.7,1.2.6,https://downloads.wordpress.org/theme/professional-vlogger.1.2.7.zip,"2026-05-11 07:01:27",https://wordpress.org/themes/professional-vlogger/,6.0,7.2,70
psychotherapy,Psychotherapy,1.2.7,1.2.6,https://downloads.wordpress.org/theme/psychotherapy.1.2.7.zip,"2026-05-11 07:01:53",https://wordpress.org/themes/psychotherapy/,6.0,7.2,300
radiant-adventure-tour,"Radiant Adventure Tour",1.2.1,1.2.0,https://downloads.wordpress.org/theme/radiant-adventure-tour.1.2.1.zip,"2026-05-11 07:04:33",https://wordpress.org/themes/radiant-adventure-tour/,6.0,7.2,400
shipping-company,"Shipping Company",0.3.0,0.2.9,https://downloads.wordpress.org/theme/shipping-company.0.3.0.zip,"2026-05-11 07:10:56",https://wordpress.org/themes/shipping-company/,5.0,5.6,90
storex,StoreX,1.0.11,1.0.10,https://downloads.wordpress.org/theme/storex.1.0.11.zip,"2026-05-11 06:41:58",https://wordpress.org/themes/storex/,,5.6,60
swimming-pool-service,"Swimming Pool Service",1.2.9,1.2.8,https://downloads.wordpress.org/theme/swimming-pool-service.1.2.9.zip,"2026-05-11 07:05:20",https://wordpress.org/themes/swimming-pool-service/,6.0,7.2,200
t-shirt-printing-shop,"T Shirt Printing Shop",1.1.6,1.1.5,https://downloads.wordpress.org/theme/t-shirt-printing-shop.1.1.6.zip,"2026-05-11 07:05:06",https://wordpress.org/themes/t-shirt-printing-shop/,6.0,7.2,300
tennis-club,"Tennis Club",1.3.0,1.2.9,https://downloads.wordpress.org/theme/tennis-club.1.3.0.zip,"2026-05-11 08:11:51",https://wordpress.org/themes/tennis-club/,,5.6,100
toy-store-fse,"Toy Store FSE",1.3.0,1.2.9,https://downloads.wordpress.org/theme/toy-store-fse.1.3.0.zip,"2026-05-11 08:10:49",https://wordpress.org/themes/toy-store-fse/,5.9,5.6,100
travey,Travey,1.1.0,1.0.9,https://downloads.wordpress.org/theme/travey.1.1.0.zip,"2026-05-11 08:34:34",https://wordpress.org/themes/travey/,6.5,7.4,1000
vegetable-gardening,"Vegetable Gardening",1.2.6,1.2.5,https://downloads.wordpress.org/theme/vegetable-gardening.1.2.6.zip,"2026-05-11 08:12:30",https://wordpress.org/themes/vegetable-gardening/,5.9,5.6,100
waste-management,"Waste Management",0.2.9,0.2.8,https://downloads.wordpress.org/theme/waste-management.0.2.9.zip,"2026-05-11 07:10:44",https://wordpress.org/themes/waste-management/,5.0,5.6,50
wildlife-lite,"Wildlife Lite",1.2.3,1.2.2,https://downloads.wordpress.org/theme/wildlife-lite.1.2.3.zip,"2026-05-11 07:20:06",https://wordpress.org/themes/wildlife-lite/,6.7,7.2,100
blog-over-dark,"Blog Over Dark",0.0.2,,https://downloads.wordpress.org/theme/blog-over-dark.0.0.2.zip,"2026-05-11 05:46:23",https://wordpress.org/themes/blog-over-dark/,,7.4,0
anavo,Anavo,3.7,3.6,https://downloads.wordpress.org/theme/anavo.3.7.zip,"2026-05-11 11:03:57",https://wordpress.org/themes/anavo/,4.7,5.6,20
animal-wildlife,"Animal Wildlife",0.6.2,0.6.1,https://downloads.wordpress.org/theme/animal-wildlife.0.6.2.zip,"2026-05-11 11:55:38",https://wordpress.org/themes/animal-wildlife/,5.0,7.2,30
aromatic,Aromatic,27.0,26.9,https://downloads.wordpress.org/theme/aromatic.27.0.zip,"2026-05-11 11:19:54",https://wordpress.org/themes/aromatic/,4.7,5.6,100
aster-bike-rental,"Aster Bike Rental",3.7,3.6,https://downloads.wordpress.org/theme/aster-bike-rental.3.7.zip,"2026-05-11 11:57:53",https://wordpress.org/themes/aster-bike-rental/,,7.4,30
aster-photography,"Aster Photography",3.8,3.7,https://downloads.wordpress.org/theme/aster-photography.3.8.zip,"2026-05-11 11:58:19",https://wordpress.org/themes/aster-photography/,,7.4,30
aster-startup,"Aster Startup",3.5,3.4,https://downloads.wordpress.org/theme/aster-startup.3.5.zip,"2026-05-11 11:58:49",https://wordpress.org/themes/aster-startup/,,7.4,10
aster-travel-blog,"Aster Travel Blog",2.4,2.3,https://downloads.wordpress.org/theme/aster-travel-blog.2.4.zip,"2026-05-11 11:59:24",https://wordpress.org/themes/aster-travel-blog/,,7.4,100
avira,Avira,20.4,20.3,https://downloads.wordpress.org/theme/avira.20.4.zip,"2026-05-11 11:02:04",https://wordpress.org/themes/avira/,4.7,5.6,600
ayroma,Ayroma,26.3,26.2,https://downloads.wordpress.org/theme/ayroma.26.3.zip,"2026-05-11 11:36:59",https://wordpress.org/themes/ayroma/,4.7,5.6,100
barbecue-cafeteria,"Barbecue Cafeteria",0.5.3,0.5.2,https://downloads.wordpress.org/theme/barbecue-cafeteria.0.5.3.zip,"2026-05-11 11:22:01",https://wordpress.org/themes/barbecue-cafeteria/,5.0,7.2,30
bee-corp,"Bee Corp",1.0.4,1.0.3,https://downloads.wordpress.org/theme/bee-corp.1.0.4.zip,"2026-05-11 11:15:40",https://wordpress.org/themes/bee-corp/,6.1,7.2,30
benzer,Benzer,20.4,20.3,https://downloads.wordpress.org/theme/benzer.20.4.zip,"2026-05-11 10:46:13",https://wordpress.org/themes/benzer/,4.7,5.6,800
burger-joint,"Burger Joint",2.6,2.4,https://downloads.wordpress.org/theme/burger-joint.2.6.zip,"2026-05-11 11:59:46",https://wordpress.org/themes/burger-joint/,,7.2,60
cat-groomer,"Cat Groomer",3.4,3.3,https://downloads.wordpress.org/theme/cat-groomer.3.4.zip,"2026-05-11 12:00:34",https://wordpress.org/themes/cat-groomer/,,7.4,30
centrum,Centrum,2.8,2.7,https://downloads.wordpress.org/theme/centrum.2.8.zip,"2026-05-11 10:45:03",https://wordpress.org/themes/centrum/,4.7,5.6,90
cleaning-services-agent,"Cleaning Services Agent",2.5,2.4,https://downloads.wordpress.org/theme/cleaning-services-agent.2.5.zip,"2026-05-11 12:07:58",https://wordpress.org/themes/cleaning-services-agent/,,7.4,50
coaching-classes,"Coaching Classes",0.5.3,0.5.2,https://downloads.wordpress.org/theme/coaching-classes.0.5.3.zip,"2026-05-11 11:21:32",https://wordpress.org/themes/coaching-classes/,,7.2,20
contry,Contry,3.4,3.3,https://downloads.wordpress.org/theme/contry.3.4.zip,"2026-05-11 10:43:10",https://wordpress.org/themes/contry/,4.7,5.6,20
corporate-office,"Corporate Office",0.5.0,0.4.9,https://downloads.wordpress.org/theme/corporate-office.0.5.0.zip,"2026-05-11 11:21:23",https://wordpress.org/themes/corporate-office/,5.0,7.2,30
curtains-fabric,"Curtains Fabric",0.5.6,0.5.5,https://downloads.wordpress.org/theme/curtains-fabric.0.5.6.zip,"2026-05-11 11:20:45",https://wordpress.org/themes/curtains-fabric/,5.0,7.2,20
daily-mart,"Daily Mart",5.3,5.2,https://downloads.wordpress.org/theme/daily-mart.5.3.zip,"2026-05-11 11:36:35",https://wordpress.org/themes/daily-mart/,,5.6,30
di-blog,"Di Blog",2.2,2.1,https://downloads.wordpress.org/theme/di-blog.2.2.zip,"2026-05-11 10:57:36",https://wordpress.org/themes/di-blog/,5.2,7.0,500
di-ecommerce,"Di eCommerce",2.1,2.0,https://downloads.wordpress.org/theme/di-ecommerce.2.1.zip,"2026-05-11 11:10:21",https://wordpress.org/themes/di-ecommerce/,5.2,7.0,200
di-magazine,"Di Magazine",1.5,1.4,https://downloads.wordpress.org/theme/di-magazine.1.5.zip,"2026-05-11 11:38:14",https://wordpress.org/themes/di-magazine/,5.2,7.0,70
di-multipurpose,"Di Multipurpose",1.8,1.7,https://downloads.wordpress.org/theme/di-multipurpose.1.8.zip,"2026-05-11 11:50:06",https://wordpress.org/themes/di-multipurpose/,5.2,7.0,600
di-responsive,"Di Responsive",2.3,2.2,https://downloads.wordpress.org/theme/di-responsive.2.3.zip,"2026-05-11 12:11:29",https://wordpress.org/themes/di-responsive/,5.2,7.0,600
doctor-clinic,"Doctor Clinic",0.7.9,0.7.8,https://downloads.wordpress.org/theme/doctor-clinic.0.7.9.zip,"2026-05-11 11:41:55",https://wordpress.org/themes/doctor-clinic/,,7.2,100
eco-energy,"Eco Energy",1.6.2,1.6.1,https://downloads.wordpress.org/theme/eco-energy.1.6.2.zip,"2026-05-11 11:55:45",https://wordpress.org/themes/eco-energy/,5.4,5.6,40
electromix-digital,"Electromix Digital",1.7,1.6,https://downloads.wordpress.org/theme/electromix-digital.1.7.zip,"2026-05-11 11:33:24",https://wordpress.org/themes/electromix-digital/,,5.6,20
electromix-tech,"Electromix Tech",1.6,1.4,https://downloads.wordpress.org/theme/electromix-tech.1.6.zip,"2026-05-11 11:32:26",https://wordpress.org/themes/electromix-tech/,,5.6,70
electromix,Electromix,2.3,2.2,https://downloads.wordpress.org/theme/electromix.2.3.zip,"2026-05-11 11:34:48",https://wordpress.org/themes/electromix/,4.7,5.6,100
envitech,Envitech,11.9,11.8,https://downloads.wordpress.org/theme/envitech.11.9.zip,"2026-05-11 10:42:46",https://wordpress.org/themes/envitech/,,7.0,50
event-conference,"Event Conference",0.5.4,0.5.2,https://downloads.wordpress.org/theme/event-conference.0.5.4.zip,"2026-05-11 11:20:30",https://wordpress.org/themes/event-conference/,5.0,7.2,50
evento-corp,"Evento Corp",1.0.3,1.0.2,https://downloads.wordpress.org/theme/evento-corp.1.0.3.zip,"2026-05-11 11:15:12",https://wordpress.org/themes/evento-corp/,6.1,7.2,70
exnova,Exnova,9.7,9.6,https://downloads.wordpress.org/theme/exnova.9.7.zip,"2026-05-11 10:42:16",https://wordpress.org/themes/exnova/,4.7,5.6,40
express-store,"Express Store",22.4,22.3,https://downloads.wordpress.org/theme/express-store.22.4.zip,"2026-05-11 11:31:10",https://wordpress.org/themes/express-store/,,5.6,40
fabify,Fabify,20.4,20.3,https://downloads.wordpress.org/theme/fabify.20.4.zip,"2026-05-11 10:41:49",https://wordpress.org/themes/fabify/,4.7,5.6,800
feauty,Feauty,26.2,26.1,https://downloads.wordpress.org/theme/feauty.26.2.zip,"2026-05-11 11:29:54",https://wordpress.org/themes/feauty/,4.7,5.6,200
flexi-mart,"Flexi Mart",13.4,13.3,https://downloads.wordpress.org/theme/flexi-mart.13.4.zip,"2026-05-11 11:28:25",https://wordpress.org/themes/flexi-mart/,,5.6,10
flossy,Flossy,18.8,18.7,https://downloads.wordpress.org/theme/flossy.18.8.zip,"2026-05-11 11:24:41",https://wordpress.org/themes/flossy/,4.7,5.6,40
flow-store,"Flow Store",14.5,14.4,https://downloads.wordpress.org/theme/flow-store.14.5.zip,"2026-05-11 11:20:15",https://wordpress.org/themes/flow-store/,,5.6,20
grocerly,Grocerly,4.7,4.6,https://downloads.wordpress.org/theme/grocerly.4.7.zip,"2026-05-11 11:19:11",https://wordpress.org/themes/grocerly/,,5.6,50
home-construction,"Home Construction",2.0.8,2.0.7,https://downloads.wordpress.org/theme/home-construction.2.0.8.zip,"2026-05-11 11:44:15",https://wordpress.org/themes/home-construction/,5.0,7.2,50
hospital-management,"Hospital Management",0.5.1,0.5.0,https://downloads.wordpress.org/theme/hospital-management.0.5.1.zip,"2026-05-11 11:20:09",https://wordpress.org/themes/hospital-management/,5.0,7.2,100
interior-decor-studio,"Interior Decor Studio",0.5.3,0.5.2,https://downloads.wordpress.org/theme/interior-decor-studio.0.5.3.zip,"2026-05-11 11:19:56",https://wordpress.org/themes/interior-decor-studio/,5.0,7.2,30
iqra-education,"Iqra Education",1.2.6,1.2.5,https://downloads.wordpress.org/theme/iqra-education.1.2.6.zip,"2026-05-11 11:56:00",https://wordpress.org/themes/iqra-education/,5.0,7.2,100
kitchen-decor,"Kitchen Decor",2.2.0,2.1.9,https://downloads.wordpress.org/theme/kitchen-decor.2.2.0.zip,"2026-05-11 11:43:13",https://wordpress.org/themes/kitchen-decor/,5.0,7.2,70
knowledgehub,KnowledgeHub,1.0.4,1.0.3,https://downloads.wordpress.org/theme/knowledgehub.1.0.4.zip,"2026-05-11 11:14:38",https://wordpress.org/themes/knowledgehub/,6.1,7.2,50
mega-mart,"Mega Mart",5.0,4.9,https://downloads.wordpress.org/theme/mega-mart.5.0.zip,"2026-05-11 11:17:48",https://wordpress.org/themes/mega-mart/,4.7,5.6,70
nataraj-dance-studio,"Nataraj Dance Studio",0.7.6,0.7.5,https://downloads.wordpress.org/theme/nataraj-dance-studio.0.7.6.zip,"2026-05-11 11:41:15",https://wordpress.org/themes/nataraj-dance-studio/,,7.2,100
ngo-fundraiser,"NGO Fundraiser",0.5.0,0.4.9,https://downloads.wordpress.org/theme/ngo-fundraiser.0.5.0.zip,"2026-05-11 11:19:34",https://wordpress.org/themes/ngo-fundraiser/,5.0,7.2,60
nifty-lite,"Nifty Lite",20.2,20.1,https://downloads.wordpress.org/theme/nifty-lite.20.2.zip,"2026-05-11 10:33:16",https://wordpress.org/themes/nifty-lite/,4.7,5.6,300
party-corp,"Party Corp",1.0.3,1.0.2,https://downloads.wordpress.org/theme/party-corp.1.0.3.zip,"2026-05-11 11:14:10",https://wordpress.org/themes/party-corp/,6.1,7.2,60
pastry-bakers,"Pastry Bakers",0.6.2,0.6.1,https://downloads.wordpress.org/theme/pastry-bakers.0.6.2.zip,"2026-05-11 11:19:17",https://wordpress.org/themes/pastry-bakers/,5.0,7.2,40
paw-bazaar,"Paw Bazaar",10.2,10.1,https://downloads.wordpress.org/theme/paw-bazaar.10.2.zip,"2026-05-11 11:15:58",https://wordpress.org/themes/paw-bazaar/,,5.6,10
pest-control-services,"Pest Control Services",0.4.9,0.4.8,https://downloads.wordpress.org/theme/pest-control-services.0.4.9.zip,"2026-05-11 11:17:48",https://wordpress.org/themes/pest-control-services/,5.0,7.2,20
pet-bazaar,"Pet Bazaar",11.0,10.9,https://downloads.wordpress.org/theme/pet-bazaar.11.0.zip,"2026-05-11 11:36:00",https://wordpress.org/themes/pet-bazaar/,4.7,5.6,90
pet-store,"Pet Store",9.8,9.7,https://downloads.wordpress.org/theme/pet-store.9.8.zip,"2026-05-11 11:32:54",https://wordpress.org/themes/pet-store/,,5.6,70
preschool-nursery,"Preschool Nursery",0.8.4,0.8.3,https://downloads.wordpress.org/theme/preschool-nursery.0.8.4.zip,"2026-05-11 11:56:09",https://wordpress.org/themes/preschool-nursery/,5.0,7.2,20
product-affiliate,"Product Affiliate",0.5.7,0.5.6,https://downloads.wordpress.org/theme/product-affiliate.0.5.7.zip,"2026-05-11 11:16:20",https://wordpress.org/themes/product-affiliate/,5.0,7.2,70
relief-medical-hospital,"Relief Medical Hospital",0.8.2,0.8.1,https://downloads.wordpress.org/theme/relief-medical-hospital.0.8.2.zip,"2026-05-11 11:46:51",https://wordpress.org/themes/relief-medical-hospital/,,7.2,40
retailer-bookstore,"Retailer Bookstore",2.7,2.6,https://downloads.wordpress.org/theme/retailer-bookstore.2.7.zip,"2026-05-11 12:08:51",https://wordpress.org/themes/retailer-bookstore/,,7.4,70
retailsy,Retailsy,26.3,26.2,https://downloads.wordpress.org/theme/retailsy.26.3.zip,"2026-05-11 11:32:01",https://wordpress.org/themes/retailsy/,4.7,5.6,300
rockbiz,RockBiz,18.2,18.1,https://downloads.wordpress.org/theme/rockbiz.18.2.zip,"2026-05-11 10:31:48",https://wordpress.org/themes/rockbiz/,4.7,5.6,20
roof-water-proofing,"Roof Water Proofing",3.7,3.6,https://downloads.wordpress.org/theme/roof-water-proofing.3.7.zip,"2026-05-11 12:09:10",https://wordpress.org/themes/roof-water-proofing/,,7.4,30
roofing-flooring,"Roofing Flooring",0.2.7,0.2.5,https://downloads.wordpress.org/theme/roofing-flooring.0.2.7.zip,"2026-05-11 11:16:01",https://wordpress.org/themes/roofing-flooring/,5.0,7.2,20
safha-one-page,"Safha One Page",1.4,1.3,https://downloads.wordpress.org/theme/safha-one-page.1.4.zip,"2026-05-11 11:56:53",https://wordpress.org/themes/safha-one-page/,5.0,7.2,200
salecraft-ecommerce,"SaleCraft Ecommerce",1.0.6,1.0.5,https://downloads.wordpress.org/theme/salecraft-ecommerce.1.0.6.zip,"2026-05-11 11:13:39",https://wordpress.org/themes/salecraft-ecommerce/,6.1,7.2,300
sayara-automotive,"Sayara Automotive",1.3.0,1.2.9,https://downloads.wordpress.org/theme/sayara-automotive.1.3.0.zip,"2026-05-11 11:57:09",https://wordpress.org/themes/sayara-automotive/,5.0,7.2,200
scelar,Scelar,18.2,18.1,https://downloads.wordpress.org/theme/scelar.18.2.zip,"2026-05-11 10:31:18",https://wordpress.org/themes/scelar/,4.7,5.6,40
scolax,Scolax,19.5,19.4,https://downloads.wordpress.org/theme/scolax.19.5.zip,"2026-05-11 10:38:36",https://wordpress.org/themes/scolax/,4.7,5.6,90
shams-solar,"Shams Solar",8.5.3,8.5.2,https://downloads.wordpress.org/theme/shams-solar.8.5.3.zip,"2026-05-11 11:57:24",https://wordpress.org/themes/shams-solar/,5.0,7.2,100
shopient,Shopient,26.2,26.1,https://downloads.wordpress.org/theme/shopient.26.2.zip,"2026-05-11 11:29:19",https://wordpress.org/themes/shopient/,4.7,5.6,900
shopiva,Shopiva,26.2,26.1,https://downloads.wordpress.org/theme/shopiva.26.2.zip,"2026-05-11 11:25:03",https://wordpress.org/themes/shopiva/,4.7,5.6,200
shoply,Shoply,26.3,26.2,https://downloads.wordpress.org/theme/shoply.26.3.zip,"2026-05-11 11:22:07",https://wordpress.org/themes/shoply/,4.7,5.6,400
solar-power,"Solar Power",0.5.3,0.5.2,https://downloads.wordpress.org/theme/solar-power.0.5.3.zip,"2026-05-11 11:47:35",https://wordpress.org/themes/solar-power/,,7.2,80
specia,Specia,21.0,20.9,https://downloads.wordpress.org/theme/specia.21.0.zip,"2026-05-11 10:37:16",https://wordpress.org/themes/specia/,4.7,5.6,2000
sports-nutritionist,"Sports Nutritionist",2.6,2.5,https://downloads.wordpress.org/theme/sports-nutritionist.2.6.zip,"2026-05-11 12:09:38",https://wordpress.org/themes/sports-nutritionist/,,7.4,30
spyropress,SpyroPress,20.2,20.1,https://downloads.wordpress.org/theme/spyropress.20.2.zip,"2026-05-11 10:30:55",https://wordpress.org/themes/spyropress/,4.7,5.6,100
steps-dance-academy,"Steps Dance Academy",2.2.9,2.2.8,https://downloads.wordpress.org/theme/steps-dance-academy.2.2.9.zip,"2026-05-11 11:42:32",https://wordpress.org/themes/steps-dance-academy/,5.0,7.2,70
storefit,Storefit,20.9,20.8,https://downloads.wordpress.org/theme/storefit.20.9.zip,"2026-05-11 11:18:18",https://wordpress.org/themes/storefit/,,5.6,20
storely,Storely,26.8,26.7,https://downloads.wordpress.org/theme/storely.26.8.zip,"2026-05-11 11:30:38",https://wordpress.org/themes/storely/,4.7,5.6,1000
storess,Storess,26.2,26.1,https://downloads.wordpress.org/theme/storess.26.2.zip,"2026-05-11 11:27:31",https://wordpress.org/themes/storess/,4.7,5.6,300
storezia,Storezia,26.3,26.2,https://downloads.wordpress.org/theme/storezia.26.3.zip,"2026-05-11 11:25:50",https://wordpress.org/themes/storezia/,4.7,5.6,400
super-mart,"Super Mart",4.8,4.7,https://downloads.wordpress.org/theme/super-mart.4.8.zip,"2026-05-11 11:21:23",https://wordpress.org/themes/super-mart/,,5.6,40
sydney,Sydney,2.67,2.66,https://downloads.wordpress.org/theme/sydney.2.67.zip,"2026-05-11 10:52:38",https://wordpress.org/themes/sydney/,,7.2,90000
tabib-hospital,"Tabib Hospital",0.6.9,0.6.8,https://downloads.wordpress.org/theme/tabib-hospital.0.6.9.zip,"2026-05-11 11:57:38",https://wordpress.org/themes/tabib-hospital/,5.0,7.2,80
tafri-travel-blog,"Tafri Travel Blog",0.4.5,0.4.4,https://downloads.wordpress.org/theme/tafri-travel-blog.0.4.5.zip,"2026-05-11 11:57:52",https://wordpress.org/themes/tafri-travel-blog/,5.0,7.2,70
tanawul-bakery,"Tanawul Bakery",1.4.3,1.4.2,https://downloads.wordpress.org/theme/tanawul-bakery.1.4.3.zip,"2026-05-11 11:58:06",https://wordpress.org/themes/tanawul-bakery/,5.0,7.2,50
the-perfume-shop,"The Perfume Shop",0.2.7,0.2.6,https://downloads.wordpress.org/theme/the-perfume-shop.0.2.7.zip,"2026-05-11 11:15:15",https://wordpress.org/themes/the-perfume-shop/,5.5,7.2,100
tour-traveler,"Tour Traveler",1.5.4,1.5.3,https://downloads.wordpress.org/theme/tour-traveler.1.5.4.zip,"2026-05-11 11:58:21",https://wordpress.org/themes/tour-traveler/,5.4,7.2,60
villa-estate-zone,"Villa Estate Zone",0.4.9,0.4.8,https://downloads.wordpress.org/theme/villa-estate-zone.0.4.9.zip,"2026-05-11 11:14:59",https://wordpress.org/themes/villa-estate-zone/,5.0,7.2,20
webstrap,Webstrap,20.2,20.1,https://downloads.wordpress.org/theme/webstrap.20.2.zip,"2026-05-11 10:29:08",https://wordpress.org/themes/webstrap/,4.7,5.6,100
wedding-ceremony,"Wedding Ceremony",3.0,2.9,https://downloads.wordpress.org/theme/wedding-ceremony.3.0.zip,"2026-05-11 12:10:04",https://wordpress.org/themes/wedding-ceremony/,,7.2,30
wooden-furniture,"Wooden Furniture",0.2.9,0.2.8,https://downloads.wordpress.org/theme/wooden-furniture.0.2.9.zip,"2026-05-11 11:08:18",https://wordpress.org/themes/wooden-furniture/,5.0,7.2,30
zestoria,Zestoria,3.7,3.6,https://downloads.wordpress.org/theme/zestoria.3.7.zip,"2026-05-11 10:45:48",https://wordpress.org/themes/zestoria/,4.7,5.6,30
disinfection,Disinfection,1.1,,https://downloads.wordpress.org/theme/disinfection.1.1.zip,"2026-05-11 10:16:14",https://wordpress.org/themes/disinfection/,5.9,5.6,0
ai-and-saas-agency-wda,"AI and SaaS Agency WDA",1.0.8,1.0.7,https://downloads.wordpress.org/theme/ai-and-saas-agency-wda.1.0.8.zip,"2026-05-11 14:29:16",https://wordpress.org/themes/ai-and-saas-agency-wda/,5.1,5.6,70
appointo,Appointo,18.2,18.1,https://downloads.wordpress.org/theme/appointo.18.2.zip,"2026-05-11 13:35:50",https://wordpress.org/themes/appointo/,4.7,5.6,400
astrostar,AstroStar,1.3.3,1.3.2,https://downloads.wordpress.org/theme/astrostar.1.3.3.zip,"2026-05-11 14:17:02",https://wordpress.org/themes/astrostar/,5.1,5.6,200
author-writer-wda,"Author: Writer WDA",1.1.6,1.1.5,https://downloads.wordpress.org/theme/author-writer-wda.1.1.6.zip,"2026-05-11 14:37:03",https://wordpress.org/themes/author-writer-wda/,5.1,5.6,0
avril,Avril,20.7,20.6,https://downloads.wordpress.org/theme/avril.20.7.zip,"2026-05-11 13:35:29",https://wordpress.org/themes/avril/,4.7,5.6,4000
car-rental-wda,"Car Rental WDA",1.1.8,1.1.7,https://downloads.wordpress.org/theme/car-rental-wda.1.1.8.zip,"2026-05-11 14:37:36",https://wordpress.org/themes/car-rental-wda/,5.1,5.6,200
church-wda,"Church WDA",1.1.6,1.1.5,https://downloads.wordpress.org/theme/church-wda.1.1.6.zip,"2026-05-11 14:44:33",https://wordpress.org/themes/church-wda/,5.1,5.6,100
colorpress,ColorPress,18.6,18.5,https://downloads.wordpress.org/theme/colorpress.18.6.zip,"2026-05-11 13:35:01",https://wordpress.org/themes/colorpress/,4.7,5.6,1000
conceptly,Conceptly,21.3,21.2,https://downloads.wordpress.org/theme/conceptly.21.3.zip,"2026-05-11 13:33:53",https://wordpress.org/themes/conceptly/,4.7,5.6,1000
construction-company-wda,"Construction Company WDA",1.2.7,1.2.6,https://downloads.wordpress.org/theme/construction-company-wda.1.2.7.zip,"2026-05-11 14:18:55",https://wordpress.org/themes/construction-company-wda/,5.1,5.6,100
consulting-services-wda,"Consulting Services WDA",1.2.0,1.1.9,https://downloads.wordpress.org/theme/consulting-services-wda.1.2.0.zip,"2026-05-11 14:19:31",https://wordpress.org/themes/consulting-services-wda/,5.1,5.6,70
corpex,Corpex,14.3,14.2,https://downloads.wordpress.org/theme/corpex.14.3.zip,"2026-05-11 13:26:12",https://wordpress.org/themes/corpex/,4.7,5.6,100
corporate-wda,"Corporate WDA",1.1.9,1.1.8,https://downloads.wordpress.org/theme/corporate-wda.1.1.9.zip,"2026-05-11 14:23:14",https://wordpress.org/themes/corporate-wda/,5.1,5.6,50
dental-and-dentist-wda,"Dental and Dentist WDA",1.0.3,1.0.2,https://downloads.wordpress.org/theme/dental-and-dentist-wda.1.0.3.zip,"2026-05-11 14:45:09",https://wordpress.org/themes/dental-and-dentist-wda/,5.1,5.6,0
driving-school-academy,"Driving School Academy",0.1.4,0.1.3,https://downloads.wordpress.org/theme/driving-school-academy.0.1.4.zip,"2026-05-11 15:11:20",https://wordpress.org/themes/driving-school-academy/,,5.6,20
education-wda,"Education WDA",1.2.2,1.2.1,https://downloads.wordpress.org/theme/education-wda.1.2.2.zip,"2026-05-11 14:45:40",https://wordpress.org/themes/education-wda/,5.1,5.6,100
eduvert,Eduvert,20.4,20.3,https://downloads.wordpress.org/theme/eduvert.20.4.zip,"2026-05-11 13:25:07",https://wordpress.org/themes/eduvert/,4.7,5.6,400
fitness-and-gym-wda,"Fitness and Gym WDA",1.0.5,1.0.4,https://downloads.wordpress.org/theme/fitness-and-gym-wda.1.0.5.zip,"2026-05-11 14:46:22",https://wordpress.org/themes/fitness-and-gym-wda/,5.1,5.6,50
flavita,Flavita,18.8,18.7,https://downloads.wordpress.org/theme/flavita.18.8.zip,"2026-05-11 13:23:49",https://wordpress.org/themes/flavita/,4.7,5.6,2000
gaming-wda,"Gaming WDA",1.1.0,1.0.9,https://downloads.wordpress.org/theme/gaming-wda.1.1.0.zip,"2026-05-11 14:46:58",https://wordpress.org/themes/gaming-wda/,5.1,5.6,100
gradiant,Gradiant,21.2,21.1,https://downloads.wordpress.org/theme/gradiant.21.2.zip,"2026-05-11 13:17:32",https://wordpress.org/themes/gradiant/,4.7,5.6,2000
hantus,Hantus,21.4,21.3,https://downloads.wordpress.org/theme/hantus.21.4.zip,"2026-05-11 13:16:00",https://wordpress.org/themes/hantus/,4.7,5.6,1000
hotel-26,"Hotel 26",1.3,1.2,https://downloads.wordpress.org/theme/hotel-26.1.3.zip,"2026-05-11 13:14:31",https://wordpress.org/themes/hotel-26/,4.7,5.6,30
hotel-booking-wda,"Hotel Booking WDA",1.3.0,1.2.9,https://downloads.wordpress.org/theme/hotel-booking-wda.1.3.0.zip,"2026-05-11 14:24:24",https://wordpress.org/themes/hotel-booking-wda/,5.1,5.6,200
interior-design-wda,"Interior Design WDA",1.1.9,1.1.8,https://downloads.wordpress.org/theme/interior-design-wda.1.1.9.zip,"2026-05-11 14:47:33",https://wordpress.org/themes/interior-design-wda/,5.1,5.6,100
lightning,Lightning,15.35.2,15.35.1,https://downloads.wordpress.org/theme/lightning.15.35.2.zip,"2026-05-11 13:17:58",https://wordpress.org/themes/lightning/,6.5,7.4,100000
medazin,Medazin,18.2,18.1,https://downloads.wordpress.org/theme/medazin.18.2.zip,"2026-05-11 13:16:45",https://wordpress.org/themes/medazin/,4.7,5.6,300
news-25,"News 25",3.2,3.1,https://downloads.wordpress.org/theme/news-25.3.2.zip,"2026-05-11 13:12:56",https://wordpress.org/themes/news-25/,4.7,5.6,200
nexcraft-bpo,"Nexcraft BPO",9.3,9.2,https://downloads.wordpress.org/theme/nexcraft-bpo.9.3.zip,"2026-05-11 13:36:22",https://wordpress.org/themes/nexcraft-bpo/,,5.6,20
nexcraft,NexCraft,13.0,12.9,https://downloads.wordpress.org/theme/nexcraft.13.0.zip,"2026-05-11 13:33:16",https://wordpress.org/themes/nexcraft/,4.7,5.6,90
pet-care-veterinary-center,"Pet Care Veterinary Center",0.1.2,0.1.1,https://downloads.wordpress.org/theme/pet-care-veterinary-center.0.1.2.zip,"2026-05-11 15:10:11",https://wordpress.org/themes/pet-care-veterinary-center/,,5.6,10
promptless,Promptless,1.1.5,1.1.4,https://downloads.wordpress.org/theme/promptless.1.1.5.zip,"2026-05-11 13:24:50",https://wordpress.org/themes/promptless/,6.6,7.4,50
realty-real-estate-wda,"Realty: Real Estate WDA",1.2.3,1.2.2,https://downloads.wordpress.org/theme/realty-real-estate-wda.1.2.3.zip,"2026-05-11 14:26:32",https://wordpress.org/themes/realty-real-estate-wda/,5.1,5.6,200
restaurant-wda,"Restaurant WDA",1.2.9,1.2.8,https://downloads.wordpress.org/theme/restaurant-wda.1.2.9.zip,"2026-05-11 14:27:08",https://wordpress.org/themes/restaurant-wda/,5.1,5.6,200
startkit,StartKit,22.6,22.5,https://downloads.wordpress.org/theme/startkit.22.6.zip,"2026-05-11 13:26:44",https://wordpress.org/themes/startkit/,4.7,5.6,900
travel-agency-wda,"Travel Agency WDA",1.2.2,1.2.1,https://downloads.wordpress.org/theme/travel-agency-wda.1.2.2.zip,"2026-05-11 14:27:44",https://wordpress.org/themes/travel-agency-wda/,5.1,5.6,100
villapress,VillaPress,10.0,9.9,https://downloads.wordpress.org/theme/villapress.10.0.zip,"2026-05-11 13:25:28",https://wordpress.org/themes/villapress/,,7.0,100
vw-charity-ngo,"VW Charity NGO",1.4.9,1.4.8,https://downloads.wordpress.org/theme/vw-charity-ngo.1.4.9.zip,"2026-05-11 13:48:04",https://wordpress.org/themes/vw-charity-ngo/,5.0,7.2,100
vw-corporate-business,"VW Corporate Business",1.3.4,1.3.3,https://downloads.wordpress.org/theme/vw-corporate-business.1.3.4.zip,"2026-05-11 13:48:24",https://wordpress.org/themes/vw-corporate-business/,5.0,7.2,400
vw-food-corner,"VW Food Corner",1.0.7,1.0.6,https://downloads.wordpress.org/theme/vw-food-corner.1.0.7.zip,"2026-05-11 13:48:43",https://wordpress.org/themes/vw-food-corner/,5.0,7.2,90
vw-hair-salon,"VW Hair Salon",1.5.1,1.5.0,https://downloads.wordpress.org/theme/vw-hair-salon.1.5.1.zip,"2026-05-11 13:49:18",https://wordpress.org/themes/vw-hair-salon/,5.0,7.2,200
vw-hotel,"VW Hotel",1.3.8,1.3.7,https://downloads.wordpress.org/theme/vw-hotel.1.3.8.zip,"2026-05-11 13:49:29",https://wordpress.org/themes/vw-hotel/,5.0,7.2,200
vw-magazine,"VW Magazine",1.3.4,1.3.3,https://downloads.wordpress.org/theme/vw-magazine.1.3.4.zip,"2026-05-11 13:49:48",https://wordpress.org/themes/vw-magazine/,5.0,7.2,100
vw-newspaper,"VW Newspaper",1.4.8,1.4.7,https://downloads.wordpress.org/theme/vw-newspaper.1.4.8.zip,"2026-05-11 13:50:15",https://wordpress.org/themes/vw-newspaper/,5.0,7.2,200
vw-pet-shop,"VW Pet Shop",1.5.1,1.5.0,https://downloads.wordpress.org/theme/vw-pet-shop.1.5.1.zip,"2026-05-11 13:51:12",https://wordpress.org/themes/vw-pet-shop/,5.0,7.2,100
vw-portfolio,"VW Portfolio",1.3.10,1.3.9,https://downloads.wordpress.org/theme/vw-portfolio.1.3.10.zip,"2026-05-11 13:51:36",https://wordpress.org/themes/vw-portfolio/,5.0,7.2,100
vw-school-education,"VW School Education",1.5.1,1.5.0,https://downloads.wordpress.org/theme/vw-school-education.1.5.1.zip,"2026-05-11 13:53:03",https://wordpress.org/themes/vw-school-education/,,7.2,100
vw-startup,"VW Startup",1.4.5,1.4.4,https://downloads.wordpress.org/theme/vw-startup.1.4.5.zip,"2026-05-11 13:53:29",https://wordpress.org/themes/vw-startup/,5.0,7.2,200
vw-wedding,"VW Wedding",1.3.6,1.3.5,https://downloads.wordpress.org/theme/vw-wedding.1.3.6.zip,"2026-05-11 13:53:49",https://wordpress.org/themes/vw-wedding/,5.0,7.2,100
webique,Webique,6.5,6.4,https://downloads.wordpress.org/theme/webique.6.5.zip,"2026-05-11 13:23:23",https://wordpress.org/themes/webique/,4.7,5.6,300
broadnews,BroadNews,5.1.5,5.1.4,https://downloads.wordpress.org/theme/broadnews.5.1.5.zip,"2026-05-11 17:07:49",https://wordpress.org/themes/broadnews/,4.0,5.0,500
chromenews,ChromeNews,6.1.5,6.1.4,https://downloads.wordpress.org/theme/chromenews.6.1.5.zip,"2026-05-11 17:06:54",https://wordpress.org/themes/chromenews/,4.0,5.0,6000
covernews,CoverNews,6.1.5,6.1.4,https://downloads.wordpress.org/theme/covernews.6.1.5.zip,"2026-05-11 17:05:47",https://wordpress.org/themes/covernews/,4.0,5.0,7000
darknews,DarkNews,3.4.5,3.4.4,https://downloads.wordpress.org/theme/darknews.3.4.5.zip,"2026-05-11 17:04:43",https://wordpress.org/themes/darknews/,4.0,5.0,1000
elegant-magazine,"Elegant Magazine",4.4.5,4.4.4,https://downloads.wordpress.org/theme/elegant-magazine.4.4.5.zip,"2026-05-11 17:03:33",https://wordpress.org/themes/elegant-magazine/,4.0,5.0,1000
enternews,EnterNews,3.4.5,3.4.4,https://downloads.wordpress.org/theme/enternews.3.4.5.zip,"2026-05-11 17:02:32",https://wordpress.org/themes/enternews/,4.0,5.0,1000
magazine-7,"Magazine 7",3.3.5,3.3.4,https://downloads.wordpress.org/theme/magazine-7.3.3.5.zip,"2026-05-11 17:01:41",https://wordpress.org/themes/magazine-7/,4.0,5.0,700
magnitude,Magnitude,3.3.5,3.3.4,https://downloads.wordpress.org/theme/magnitude.3.3.5.zip,"2026-05-11 17:00:48",https://wordpress.org/themes/magnitude/,4.0,5.0,900
morenews,MoreNews,4.0.3,4.0.2,https://downloads.wordpress.org/theme/morenews.4.0.3.zip,"2026-05-11 16:59:52",https://wordpress.org/themes/morenews/,4.0,5.0,7000
newsever,Newsever,4.4.5,4.4.4,https://downloads.wordpress.org/theme/newsever.4.4.5.zip,"2026-05-11 16:58:45",https://wordpress.org/themes/newsever/,4.0,5.0,1000
newsium,Newsium,4.3.5,4.3.4,https://downloads.wordpress.org/theme/newsium.4.3.5.zip,"2026-05-11 16:57:47",https://wordpress.org/themes/newsium/,4.0,5.0,1000
newsphere,Newsphere,4.5.5,4.5.4,https://downloads.wordpress.org/theme/newsphere.4.5.5.zip,"2026-05-11 16:56:52",https://wordpress.org/themes/newsphere/,4.0,5.0,2000
reviewnews,ReviewNews,1.4.9,1.4.8,https://downloads.wordpress.org/theme/reviewnews.1.4.9.zip,"2026-05-11 16:55:55",https://wordpress.org/themes/reviewnews/,4.0,5.0,1000
shopical,Shopical,2.5.4,2.5.3,https://downloads.wordpress.org/theme/shopical.2.5.4.zip,"2026-05-11 16:54:42",https://wordpress.org/themes/shopical/,,5.0,400
alvert,Alvert,1.0.65,1.0.64,https://downloads.wordpress.org/theme/alvert.1.0.65.zip,"2026-05-11 19:03:06",https://wordpress.org/themes/alvert/,,5.4,200
avinza,Avinza,1.0.56,1.0.55,https://downloads.wordpress.org/theme/avinza.1.0.56.zip,"2026-05-11 19:07:19",https://wordpress.org/themes/avinza/,,5.4,200
britely,Britely,1.0.49,1.0.48,https://downloads.wordpress.org/theme/britely.1.0.49.zip,"2026-05-11 19:06:27",https://wordpress.org/themes/britely/,,5.4,100
flecto,Flecto,1.0.77,1.0.76,https://downloads.wordpress.org/theme/flecto.1.0.77.zip,"2026-05-11 19:05:21",https://wordpress.org/themes/flecto/,,5.4,300
quickbiz,QuickBiz,1.0.72,1.0.71,https://downloads.wordpress.org/theme/quickbiz.1.0.72.zip,"2026-05-11 19:04:15",https://wordpress.org/themes/quickbiz/,,5.4,300
quickify,Quickify,1.0.60,1.0.59,https://downloads.wordpress.org/theme/quickify.1.0.60.zip,"2026-05-11 19:08:26",https://wordpress.org/themes/quickify/,,5.4,200
toocheke,Toocheke,1.2.9,1.2.8,https://downloads.wordpress.org/theme/toocheke.1.2.9.zip,"2026-05-11 20:08:55",https://wordpress.org/themes/toocheke/,,7.4,900
automobile-rental,"Automobile Rental",3.2,3.1,https://downloads.wordpress.org/theme/automobile-rental.3.2.zip,"2026-05-12 02:02:41",https://wordpress.org/themes/automobile-rental/,5.0,7.2,90
data-analytics-center,"Data Analytics Center",3.9,3.8,https://downloads.wordpress.org/theme/data-analytics-center.3.9.zip,"2026-05-12 02:02:32",https://wordpress.org/themes/data-analytics-center/,5.0,7.2,50
fresh-bakers,"Fresh Bakers",4.0,3.9,https://downloads.wordpress.org/theme/fresh-bakers.4.0.zip,"2026-05-12 02:01:50",https://wordpress.org/themes/fresh-bakers/,5.0,7.2,30
influencer-marketing,"Influencer Marketing",3.9,3.8,https://downloads.wordpress.org/theme/influencer-marketing.3.9.zip,"2026-05-12 02:01:41",https://wordpress.org/themes/influencer-marketing/,5.5,7.2,10
interior-decor-consultation,"Interior Decor Consultation",3.9,3.8,https://downloads.wordpress.org/theme/interior-decor-consultation.3.9.zip,"2026-05-12 02:01:27",https://wordpress.org/themes/interior-decor-consultation/,5.0,7.2,30
job-listing,"Job Listing",3.7,3.6,https://downloads.wordpress.org/theme/job-listing.3.7.zip,"2026-05-12 02:00:05",https://wordpress.org/themes/job-listing/,5.0,7.2,100
kadence,Kadence,1.5.0,1.4.5,https://downloads.wordpress.org/theme/kadence.1.5.0.zip,"2026-05-12 03:28:53",https://wordpress.org/themes/kadence/,6.3,7.4,500000
laundry-cleaner,"Laundry Cleaner",3.6,3.5,https://downloads.wordpress.org/theme/laundry-cleaner.3.6.zip,"2026-05-12 01:59:49",https://wordpress.org/themes/laundry-cleaner/,5.0,7.2,0
ngo-disaster-relief,"NGO Disaster Relief",3.2,3.0,https://downloads.wordpress.org/theme/ngo-disaster-relief.3.2.zip,"2026-05-12 01:59:31",https://wordpress.org/themes/ngo-disaster-relief/,5.0,7.2,40
project-management,"Project Management",4.0,3.8,https://downloads.wordpress.org/theme/project-management.4.0.zip,"2026-05-12 01:59:12",https://wordpress.org/themes/project-management/,5.0,7.2,30
soccer-sports,"Soccer Sports",1.2.1,1.1.9,https://downloads.wordpress.org/theme/soccer-sports.1.2.1.zip,"2026-05-12 01:58:51",https://wordpress.org/themes/soccer-sports/,6.0,5.6,50
the-home-decor,"The Home Decor",3.6,3.5,https://downloads.wordpress.org/theme/the-home-decor.3.6.zip,"2026-05-12 01:57:48",https://wordpress.org/themes/the-home-decor/,5.0,7.2,20
alexia,Alexia,1.1.3,1.1.2,https://downloads.wordpress.org/theme/alexia.1.1.3.zip,"2026-05-12 05:17:47",https://wordpress.org/themes/alexia/,,5.4,200
arvila,Arvila,1.0.98,1.0.97,https://downloads.wordpress.org/theme/arvila.1.0.98.zip,"2026-05-12 05:20:08",https://wordpress.org/themes/arvila/,,5.4,100
ashe,Ashe,2.269,2.268,https://downloads.wordpress.org/theme/ashe.2.269.zip,"2026-05-12 06:14:42",https://wordpress.org/themes/ashe/,4.7,5.2.4,30000
avine,Avine,1.0.92,1.0.91,https://downloads.wordpress.org/theme/avine.1.0.92.zip,"2026-05-12 05:18:37",https://wordpress.org/themes/avine/,,5.4,100
avire,Avire,1.0.82,1.0.81,https://downloads.wordpress.org/theme/avire.1.0.82.zip,"2026-05-12 05:23:21",https://wordpress.org/themes/avire/,,5.4,200
brightly,Brightly,1.0.30,1.0.26,https://downloads.wordpress.org/theme/brightly.1.0.30.zip,"2026-05-12 06:21:36",https://wordpress.org/themes/brightly/,5.8,7.1,700
business-networking-conference,"Business Networking Conference",3.0,2.9,https://downloads.wordpress.org/theme/business-networking-conference.3.0.zip,"2026-05-12 06:25:07",https://wordpress.org/themes/business-networking-conference/,,7.0,50
cinematico,Cinematico,1.0.32,1.0.29,https://downloads.wordpress.org/theme/cinematico.1.0.32.zip,"2026-05-12 06:22:47",https://wordpress.org/themes/cinematico/,5.8,7.1,1000
cityline,Cityline,1.0.30,1.0.27,https://downloads.wordpress.org/theme/cityline.1.0.30.zip,"2026-05-12 06:23:45",https://wordpress.org/themes/cityline/,5.8,7.1,500
consus,Consus,1.0.29,1.0.20,https://downloads.wordpress.org/theme/consus.1.0.29.zip,"2026-05-12 06:24:30",https://wordpress.org/themes/consus/,5.8,7.1,500
designer-dresses,"Designer Dresses",3.4,3.2,https://downloads.wordpress.org/theme/designer-dresses.3.4.zip,"2026-05-12 06:24:52",https://wordpress.org/themes/designer-dresses/,,7.0,10
elevate-wp,"Elevate WP",1.0.55,1.0.52,https://downloads.wordpress.org/theme/elevate-wp.1.0.55.zip,"2026-05-12 06:25:14",https://wordpress.org/themes/elevate-wp/,5.8,7.1,2000
enovia,Enovia,1.0.90,1.0.89,https://downloads.wordpress.org/theme/enovia.1.0.90.zip,"2026-05-12 05:21:25",https://wordpress.org/themes/enovia/,,5.4,100
flectine,Flectine,1.0.49,1.0.48,https://downloads.wordpress.org/theme/flectine.1.0.49.zip,"2026-05-12 05:25:12",https://wordpress.org/themes/flectine/,,5.4,300
flixicart,FlixiCart,1.1.10,1.1.9,https://downloads.wordpress.org/theme/flixicart.1.1.10.zip,"2026-05-12 05:16:49",https://wordpress.org/themes/flixicart/,,5.4,100
flixify,Flixify,1.0.80,1.0.79,https://downloads.wordpress.org/theme/flixify.1.0.80.zip,"2026-05-12 05:24:09",https://wordpress.org/themes/flixify/,,5.4,300
flixita,Flixita,1.1.38,1.1.37,https://downloads.wordpress.org/theme/flixita.1.1.38.zip,"2026-05-12 05:15:25",https://wordpress.org/themes/flixita/,,5.4,1000
house-rental,"House Rental",3.2,3.0,https://downloads.wordpress.org/theme/house-rental.3.2.zip,"2026-05-12 06:24:18",https://wordpress.org/themes/house-rental/,,7.0,40
ketos,Ketos,1.0.31,1.0.22,https://downloads.wordpress.org/theme/ketos.1.0.31.zip,"2026-05-12 06:25:59",https://wordpress.org/themes/ketos/,5.8,7.1,1000
luminai,LuminAI,1.0.23,1.0.15,https://downloads.wordpress.org/theme/luminai.1.0.23.zip,"2026-05-12 06:26:52",https://wordpress.org/themes/luminai/,5.8,7.1,100
momota,Momota,1.0.25,1.0.23,https://downloads.wordpress.org/theme/momota.1.0.25.zip,"2026-05-12 06:27:47",https://wordpress.org/themes/momota/,5.8,7.1,600
monivo,Monivo,1.0.18,1.0.9,https://downloads.wordpress.org/theme/monivo.1.0.18.zip,"2026-05-12 06:28:33",https://wordpress.org/themes/monivo/,5.8,7.1,100
multibiz,MultiBiz,1.0.95,1.0.94,https://downloads.wordpress.org/theme/multibiz.1.0.95.zip,"2026-05-12 05:19:07",https://wordpress.org/themes/multibiz/,,5.4,200
news-magazine-x,"News Magazine X",1.2.54,1.2.53,https://downloads.wordpress.org/theme/news-magazine-x.1.2.54.zip,"2026-05-12 06:12:46",https://wordpress.org/themes/news-magazine-x/,4.7,7.4,8000
niveau,Niveau,1.0.31,1.0.24,https://downloads.wordpress.org/theme/niveau.1.0.31.zip,"2026-05-12 06:29:16",https://wordpress.org/themes/niveau/,5.8,7.1,700
opensky,Opensky,1.0.28,1.0.27,https://downloads.wordpress.org/theme/opensky.1.0.28.zip,"2026-05-12 06:30:16",https://wordpress.org/themes/opensky/,5.8,7.1,500
ott-tv-shows,"OTT TV Shows",3.4,3.2,https://downloads.wordpress.org/theme/ott-tv-shows.3.4.zip,"2026-05-12 06:22:44",https://wordpress.org/themes/ott-tv-shows/,,7.0,40
packers-agency,"Packers Agency",3.2,3.0,https://downloads.wordpress.org/theme/packers-agency.3.2.zip,"2026-05-12 06:21:59",https://wordpress.org/themes/packers-agency/,,7.0,30
pathway,Pathway,1.0.46,1.0.45,https://downloads.wordpress.org/theme/pathway.1.0.46.zip,"2026-05-12 06:31:02",https://wordpress.org/themes/pathway/,5.8.3,7.1,3000
prime-cyber-security,"Prime Cyber Security",3.0,2.8,https://downloads.wordpress.org/theme/prime-cyber-security.3.0.zip,"2026-05-12 06:21:17",https://wordpress.org/themes/prime-cyber-security/,,7.0,30
prime-education-learning,"Prime Education Learning",3.7,3.5,https://downloads.wordpress.org/theme/prime-education-learning.3.7.zip,"2026-05-12 06:20:14",https://wordpress.org/themes/prime-education-learning/,,7.0,60
prime-electronic-store,"Prime Electronic Store",4.0,3.8,https://downloads.wordpress.org/theme/prime-electronic-store.4.0.zip,"2026-05-12 06:32:13",https://wordpress.org/themes/prime-electronic-store/,,7.0,40
prime-english-classes,"Prime English Classes",3.5,3.3,https://downloads.wordpress.org/theme/prime-english-classes.3.5.zip,"2026-05-12 05:54:56",https://wordpress.org/themes/prime-english-classes/,,7.0,20
prime-events,"Prime Events",3.7,3.5,https://downloads.wordpress.org/theme/prime-events.3.7.zip,"2026-05-12 05:54:00",https://wordpress.org/themes/prime-events/,,7.0,20
prime-portfolio-resume,"Prime Portfolio Resume",4.0,3.8,https://downloads.wordpress.org/theme/prime-portfolio-resume.4.0.zip,"2026-05-12 06:30:45",https://wordpress.org/themes/prime-portfolio-resume/,,7.2,30
prime-seo-agency,"Prime SEO Agency",3.8,3.6,https://downloads.wordpress.org/theme/prime-seo-agency.3.8.zip,"2026-05-12 06:31:22",https://wordpress.org/themes/prime-seo-agency/,,7.2,40
prime-yoga-classes,"Prime Yoga Classes",3.9,3.7,https://downloads.wordpress.org/theme/prime-yoga-classes.3.9.zip,"2026-05-12 06:30:11",https://wordpress.org/themes/prime-yoga-classes/,,7.0,10
rayforce,Rayforce,1.0.20,1.0.19,https://downloads.wordpress.org/theme/rayforce.1.0.20.zip,"2026-05-12 06:31:56",https://wordpress.org/themes/rayforce/,5.8,7.1,500
remote-startup-solutions,"Remote Startup Solutions",3.9,3.7,https://downloads.wordpress.org/theme/remote-startup-solutions.3.9.zip,"2026-05-12 06:27:51",https://wordpress.org/themes/remote-startup-solutions/,,7.0,10
resort-vacation,"Resort Vacation",3.8,3.6,https://downloads.wordpress.org/theme/resort-vacation.3.8.zip,"2026-05-12 06:25:46",https://wordpress.org/themes/resort-vacation/,,7.2,30
royal-elementor-kit,"Royal Elementor Kit",1.0.144,1.0.143,https://downloads.wordpress.org/theme/royal-elementor-kit.1.0.144.zip,"2026-05-12 06:09:20",https://wordpress.org/themes/royal-elementor-kit/,4.7,5.2,100000
stormea,Stormea,1.0.25,1.0.24,https://downloads.wordpress.org/theme/stormea.1.0.25.zip,"2026-05-12 06:32:54",https://wordpress.org/themes/stormea/,5.8,7.1,400
virtuai,VirtuAI,1.0.34,1.0.27,https://downloads.wordpress.org/theme/virtuai.1.0.34.zip,"2026-05-12 06:33:44",https://wordpress.org/themes/virtuai/,5.8,7.1,100
warble,Warble,2.0,1.2,https://downloads.wordpress.org/theme/warble.2.0.zip,"2026-05-12 05:40:49",https://wordpress.org/themes/warble/,5.9,7.4,100
zeka,Zeka,1.0.32,1.0.25,https://downloads.wordpress.org/theme/zeka.1.0.32.zip,"2026-05-12 06:34:35",https://wordpress.org/themes/zeka/,5.8,7.1,700
design-studio,"Design Studio",1.2,,https://downloads.wordpress.org/theme/design-studio.1.2.zip,"2026-05-12 05:50:47",https://wordpress.org/themes/design-studio/,,7.2,20
astra,Astra,4.13.2,4.13.1,https://downloads.wordpress.org/theme/astra.4.13.2.zip,"2026-05-12 09:04:08",https://wordpress.org/themes/astra/,5.3,5.3,1000000
auto-car-repair,"Auto Car Repair",0.3.8,0.3.7,https://downloads.wordpress.org/theme/auto-car-repair.0.3.8.zip,"2026-05-12 08:35:35",https://wordpress.org/themes/auto-car-repair/,5.0,5.6,80
blogging-hub,"Blogging Hub",1.3,1.2,https://downloads.wordpress.org/theme/blogging-hub.1.3.zip,"2026-05-12 08:43:38",https://wordpress.org/themes/blogging-hub/,5.5,5.6,100
books-printing,"Books Printing",0.4.9,0.4.8,https://downloads.wordpress.org/theme/books-printing.0.4.9.zip,"2026-05-12 08:35:41",https://wordpress.org/themes/books-printing/,5.0,5.6,80
business-startup-expert,"Business Startup Expert",3.0,2.8,https://downloads.wordpress.org/theme/business-startup-expert.3.0.zip,"2026-05-12 09:20:15",https://wordpress.org/themes/business-startup-expert/,,7.2,20
cafe-coffee-charm,"Cafe Coffee Charm",1.2,1.0,https://downloads.wordpress.org/theme/cafe-coffee-charm.1.2.zip,"2026-05-12 09:20:45",https://wordpress.org/themes/cafe-coffee-charm/,,7.2,80
carpets-and-rugs,"Carpets and Rugs",1.0.4,1.0.3,https://downloads.wordpress.org/theme/carpets-and-rugs.1.0.4.zip,"2026-05-12 06:54:57",https://wordpress.org/themes/carpets-and-rugs/,5.5,7.2,40
coming-soon-shortly,"Coming Soon Shortly",0.3.6,0.3.5,https://downloads.wordpress.org/theme/coming-soon-shortly.0.3.6.zip,"2026-05-12 08:36:26",https://wordpress.org/themes/coming-soon-shortly/,5.0,5.6,1000
commercial-construction,"Commercial Construction",1.2.2,1.2.1,https://downloads.wordpress.org/theme/commercial-construction.1.2.2.zip,"2026-05-12 06:54:34",https://wordpress.org/themes/commercial-construction/,5.5,7.2,60
construction-equipments,"Construction Equipments",1.4,1.3,https://downloads.wordpress.org/theme/construction-equipments.1.4.zip,"2026-05-12 06:53:54",https://wordpress.org/themes/construction-equipments/,5.5,5.6,20
construction-service,"Construction Service",1.6.4,1.6.3,https://downloads.wordpress.org/theme/construction-service.1.6.4.zip,"2026-05-12 09:21:11",https://wordpress.org/themes/construction-service/,,7.2,100
consultancy-services,"Consultancy Services",2.7,2.6,https://downloads.wordpress.org/theme/consultancy-services.2.7.zip,"2026-05-12 07:00:25",https://wordpress.org/themes/consultancy-services/,5.5,7.2,100
corporate-consultancy,"Corporate Consultancy",1.3,1.2,https://downloads.wordpress.org/theme/corporate-consultancy.1.3.zip,"2026-05-12 07:00:03",https://wordpress.org/themes/corporate-consultancy/,5.5,7.2,60
cyber-security-elementor,"Cyber Security Elementor",0.3.7,0.3.6,https://downloads.wordpress.org/theme/cyber-security-elementor.0.3.7.zip,"2026-05-12 08:36:37",https://wordpress.org/themes/cyber-security-elementor/,5.0,5.6,400
demolition-services,"Demolition Services",1.6.4,1.6.2,https://downloads.wordpress.org/theme/demolition-services.1.6.4.zip,"2026-05-12 09:21:31",https://wordpress.org/themes/demolition-services/,,7.2,20
dinero,Dinero,0.3.0,0.2.9,https://downloads.wordpress.org/theme/dinero.0.3.0.zip,"2026-05-12 08:21:37",https://wordpress.org/themes/dinero/,5.0,7.2,10
diy-tutorials,"DIY Tutorials",0.5.0,0.4.9,https://downloads.wordpress.org/theme/diy-tutorials.0.5.0.zip,"2026-05-12 08:36:52",https://wordpress.org/themes/diy-tutorials/,5.0,5.6,90
equipment-rental,"Equipment Rental",0.4.8,0.4.7,https://downloads.wordpress.org/theme/equipment-rental.0.4.8.zip,"2026-05-12 08:36:57",https://wordpress.org/themes/equipment-rental/,5.0,5.6,100
ev-bike-shop,"EV Bike Shop",0.5.3,0.5.2,https://downloads.wordpress.org/theme/ev-bike-shop.0.5.3.zip,"2026-05-12 08:37:07",https://wordpress.org/themes/ev-bike-shop/,5.0,5.6,200
event-organizer-elemento,"Event Organizer Elemento",0.4.2,0.4.1,https://downloads.wordpress.org/theme/event-organizer-elemento.0.4.2.zip,"2026-05-12 08:37:24",https://wordpress.org/themes/event-organizer-elemento/,5.0,5.6,40
expert-ac-repair,"Expert AC Repair",0.4.9,0.4.8,https://downloads.wordpress.org/theme/expert-ac-repair.0.4.9.zip,"2026-05-12 09:21:56",https://wordpress.org/themes/expert-ac-repair/,,7.2,50
expert-carpenter-shop,"Expert Carpenter Shop",2.1,1.9,https://downloads.wordpress.org/theme/expert-carpenter-shop.2.1.zip,"2026-05-12 09:22:03",https://wordpress.org/themes/expert-carpenter-shop/,,7.2,30
expert-finance-manager,"Expert Finance Manager",0.5.9,0.5.8,https://downloads.wordpress.org/theme/expert-finance-manager.0.5.9.zip,"2026-05-12 09:26:07",https://wordpress.org/themes/expert-finance-manager/,,7.2,30
expert-lawyer,"Expert Lawyer",1.3.6,1.3.5,https://downloads.wordpress.org/theme/expert-lawyer.1.3.6.zip,"2026-05-12 08:19:18",https://wordpress.org/themes/expert-lawyer/,,7.2,300
expert-nurses,"Expert Nurses",0.6,0.5,https://downloads.wordpress.org/theme/expert-nurses.0.6.zip,"2026-05-12 09:26:18",https://wordpress.org/themes/expert-nurses/,,7.2,20
food-critic-blogs,"Food Critic Blogs",0.6.9,0.6.8,https://downloads.wordpress.org/theme/food-critic-blogs.0.6.9.zip,"2026-05-12 09:27:48",https://wordpress.org/themes/food-critic-blogs/,,7.2,200
gadget-shop,"Gadget Shop",1.2,1.1,https://downloads.wordpress.org/theme/gadget-shop.1.2.zip,"2026-05-12 09:27:46",https://wordpress.org/themes/gadget-shop/,,7.2,90
hairstylist-salon,"Hairstylist Salon",0.4.7,0.4.6,https://downloads.wordpress.org/theme/hairstylist-salon.0.4.7.zip,"2026-05-12 08:37:31",https://wordpress.org/themes/hairstylist-salon/,5.0,5.6,20
handyman-agency,"Handyman Agency",2.1.1,2.1.0,https://downloads.wordpress.org/theme/handyman-agency.2.1.1.zip,"2026-05-12 06:59:21",https://wordpress.org/themes/handyman-agency/,5.5,7.2,30
house-cleaning,"House Cleaning",0.4.7,0.4.6,https://downloads.wordpress.org/theme/house-cleaning.0.4.7.zip,"2026-05-12 08:37:41",https://wordpress.org/themes/house-cleaning/,5.0,5.6,20
jewellery-boutique,"Jewellery Boutique",0.7,0.6.9,https://downloads.wordpress.org/theme/jewellery-boutique.0.7.zip,"2026-05-12 09:29:20",https://wordpress.org/themes/jewellery-boutique/,,7.2,50
legal-services-firm,"Legal Services Firm",1.9.2,1.9.1,https://downloads.wordpress.org/theme/legal-services-firm.1.9.2.zip,"2026-05-12 06:58:42",https://wordpress.org/themes/legal-services-firm/,5.5,7.2,60
lightning,Lightning,15.35.3,15.35.2,https://downloads.wordpress.org/theme/lightning.15.35.3.zip,"2026-05-12 08:32:16",https://wordpress.org/themes/lightning/,6.5,7.4,100000
lights-store,"Lights Store",2.3.1,2.3.0,https://downloads.wordpress.org/theme/lights-store.2.3.1.zip,"2026-05-12 06:58:23",https://wordpress.org/themes/lights-store/,5.5,7.2,100
local-business-directory,"Local Business Directory",1.5.2,1.5.1,https://downloads.wordpress.org/theme/local-business-directory.1.5.2.zip,"2026-05-12 06:56:07",https://wordpress.org/themes/local-business-directory/,5.5,7.2,80
lz-computer-repair,"LZ Computer Repair",0.7.6,0.7.5,https://downloads.wordpress.org/theme/lz-computer-repair.0.7.6.zip,"2026-05-12 08:20:30",https://wordpress.org/themes/lz-computer-repair/,,7.2,200
magazine-news-agency,"Magazine News Agency",0.4.1,0.3.9,https://downloads.wordpress.org/theme/magazine-news-agency.0.4.1.zip,"2026-05-12 08:37:53",https://wordpress.org/themes/magazine-news-agency/,5.0,5.6,70
massage-therapy,"Massage Therapy",0.1.5,0.1.4,https://downloads.wordpress.org/theme/massage-therapy.0.1.5.zip,"2026-05-12 06:55:33",https://wordpress.org/themes/massage-therapy/,5.5,5.6,40
my-wedding,"My Wedding",2.1.9,2.1.8,https://downloads.wordpress.org/theme/my-wedding.2.1.9.zip,"2026-05-12 08:24:08",https://wordpress.org/themes/my-wedding/,5.0,7.2,50
newsexo,NewsExo,7.5,7.4,https://downloads.wordpress.org/theme/newsexo.7.5.zip,"2026-05-12 07:33:03",https://wordpress.org/themes/newsexo/,,5.6,2000
shoppable-beauty,"Shoppable Beauty",1.0.1,1.0.0,https://downloads.wordpress.org/theme/shoppable-beauty.1.0.1.zip,"2026-05-12 09:26:46",https://wordpress.org/themes/shoppable-beauty/,,5.6,200
shoppable-camera,"Shoppable Camera",1.0.1,1.0.0,https://downloads.wordpress.org/theme/shoppable-camera.1.0.1.zip,"2026-05-12 09:26:03",https://wordpress.org/themes/shoppable-camera/,,5.6,100
shoppable-electronics,"Shoppable Electronics",1.0.1,1.0.0,https://downloads.wordpress.org/theme/shoppable-electronics.1.0.1.zip,"2026-05-12 09:27:58",https://wordpress.org/themes/shoppable-electronics/,,5.6,60
shoppable-fashion,"Shoppable Fashion",1.0.2,1.0.1,https://downloads.wordpress.org/theme/shoppable-fashion.1.0.2.zip,"2026-05-12 08:40:28",https://wordpress.org/themes/shoppable-fashion/,,5.6,60
shoppable-furnish,"Shoppable Furnish",1.0.1,1.0.0,https://downloads.wordpress.org/theme/shoppable-furnish.1.0.1.zip,"2026-05-12 09:24:35",https://wordpress.org/themes/shoppable-furnish/,,5.6,70
shoppable-grocery-store,"Shoppable Grocery Store",1.0.1,1.0.0,https://downloads.wordpress.org/theme/shoppable-grocery-store.1.0.1.zip,"2026-05-12 09:25:00",https://wordpress.org/themes/shoppable-grocery-store/,,5.6,80
shoppable-jewelry,"Shoppable Jewelry",1.0.2,1.0.1,https://downloads.wordpress.org/theme/shoppable-jewelry.1.0.2.zip,"2026-05-12 09:25:32",https://wordpress.org/themes/shoppable-jewelry/,,5.6,200
shoppable-marketplace,"Shoppable Marketplace",1.0.1,1.0.0,https://downloads.wordpress.org/theme/shoppable-marketplace.1.0.1.zip,"2026-05-12 09:24:01",https://wordpress.org/themes/shoppable-marketplace/,,5.6,80
shoppable-style,"Shoppable Style",1.0.2,1.0.1,https://downloads.wordpress.org/theme/shoppable-style.1.0.2.zip,"2026-05-12 09:27:16",https://wordpress.org/themes/shoppable-style/,,5.6,300
shoppable-wardrobe,"Shoppable Wardrobe",1.0.1,1.0.0,https://downloads.wordpress.org/theme/shoppable-wardrobe.1.0.1.zip,"2026-05-12 08:41:08",https://wordpress.org/themes/shoppable-wardrobe/,,5.6,40
trendy-storefront,"Trendy Storefront",1.4,1.3,https://downloads.wordpress.org/theme/trendy-storefront.1.4.zip,"2026-05-12 08:43:48",https://wordpress.org/themes/trendy-storefront/,5.5,5.6,80
vw-automobile-lite,"VW Automobile Lite",2.3.3,2.3.2,https://downloads.wordpress.org/theme/vw-automobile-lite.2.3.3.zip,"2026-05-12 09:01:51",https://wordpress.org/themes/vw-automobile-lite/,5.0,7.2,800
vw-blog-magazine,"VW Blog Magazine",1.4.2,1.4.1,https://downloads.wordpress.org/theme/vw-blog-magazine.1.4.2.zip,"2026-05-12 09:01:55",https://wordpress.org/themes/vw-blog-magazine/,5.0,7.2,100
vw-construction-estate,"VW Construction Estate",1.6.0,1.5.9,https://downloads.wordpress.org/theme/vw-construction-estate.1.6.0.zip,"2026-05-12 09:02:40",https://wordpress.org/themes/vw-construction-estate/,5.0,7.2,100
vw-corporate-lite,"VW Corporate Lite",2.8.6,2.8.5,https://downloads.wordpress.org/theme/vw-corporate-lite.2.8.6.zip,"2026-05-12 09:02:58",https://wordpress.org/themes/vw-corporate-lite/,5.0,7.2,100
wood-master,"Wood Master",2.2.0,2.1.9,https://downloads.wordpress.org/theme/wood-master.2.2.0.zip,"2026-05-12 08:23:08",https://wordpress.org/themes/wood-master/,5.0,7.2,80
wuppi,Wuppi,1.3.2,1.2.0,https://downloads.wordpress.org/theme/wuppi.1.3.2.zip,"2026-05-12 08:47:17",https://wordpress.org/themes/wuppi/,6.5,8.0,20
wellness-center,"Wellness Center",1.0.0,,https://downloads.wordpress.org/theme/wellness-center.1.0.0.zip,"2026-05-12 09:46:17",https://wordpress.org/themes/wellness-center/,5.9,5.6,0
vw-ecommerce-shop,"VW Ecommerce Shop",1.4.5,1.4.4,https://downloads.wordpress.org/theme/vw-ecommerce-shop.1.4.5.zip,"2026-05-12 09:54:40",https://wordpress.org/themes/vw-ecommerce-shop/,5.0,7.2,200
vw-education-lite,"VW Education Lite",2.2.4,2.2.3,https://downloads.wordpress.org/theme/vw-education-lite.2.2.4.zip,"2026-05-12 09:54:53",https://wordpress.org/themes/vw-education-lite/,5.0,7.2,100
vw-fitness,"VW Fitness",4.3.8,4.3.7,https://downloads.wordpress.org/theme/vw-fitness.4.3.8.zip,"2026-05-12 10:34:22",https://wordpress.org/themes/vw-fitness/,5.0,7.2,100
gigantic-agency,"Gigantic Agency",1.0.0,,https://downloads.wordpress.org/theme/gigantic-agency.1.0.0.zip,"2026-05-12 10:31:50",https://wordpress.org/themes/gigantic-agency/,6.0,5.6,0
graceful-pixel-blog,"Graceful Pixel Blog",1.0.1,,https://downloads.wordpress.org/theme/graceful-pixel-blog.1.0.1.zip,"2026-05-12 11:16:26",https://wordpress.org/themes/graceful-pixel-blog/,5.3,5.6,0
hotel-elegance,"Hotel Elegance",1.1,,https://downloads.wordpress.org/theme/hotel-elegance.1.1.zip,"2026-05-12 11:16:38",https://wordpress.org/themes/hotel-elegance/,4.7,5.6,0
x-nihilo,X-Nihilo,1.0.7,,https://downloads.wordpress.org/theme/x-nihilo.1.0.7.zip,"2026-05-12 11:16:07",https://wordpress.org/themes/x-nihilo/,6.0,8.0,0
aravalli,Aravalli,20.4,20.3,https://downloads.wordpress.org/theme/aravalli.20.4.zip,"2026-05-12 13:06:02",https://wordpress.org/themes/aravalli/,4.7,5.6,500
boostify,Boostify,20.4,20.3,https://downloads.wordpress.org/theme/boostify.20.4.zip,"2026-05-12 13:05:03",https://wordpress.org/themes/boostify/,4.7,5.6,100
colorsy,Colorsy,18.5,18.4,https://downloads.wordpress.org/theme/colorsy.18.5.zip,"2026-05-12 13:16:45",https://wordpress.org/themes/colorsy/,4.7,5.6,100
convo,Convo,13.8,13.7,https://downloads.wordpress.org/theme/convo.13.8.zip,"2026-05-12 13:16:11",https://wordpress.org/themes/convo/,,7.0,100
cosmics,Cosmics,18.5,18.4,https://downloads.wordpress.org/theme/cosmics.18.5.zip,"2026-05-12 13:15:36",https://wordpress.org/themes/cosmics/,4.7,5.6,400
eventplus,EventPlus,18.2,18.1,https://downloads.wordpress.org/theme/eventplus.18.2.zip,"2026-05-12 13:12:02",https://wordpress.org/themes/eventplus/,4.7,5.6,200
evita,Evita,5.7,5.6,https://downloads.wordpress.org/theme/evita.5.7.zip,"2026-05-12 13:10:35",https://wordpress.org/themes/evita/,,5.6,200
fiona-blog,"Fiona Blog",20.5,20.4,https://downloads.wordpress.org/theme/fiona-blog.20.5.zip,"2026-05-12 13:09:21",https://wordpress.org/themes/fiona-blog/,4.7,5.6,500
gradiantx,GradiantX,7.8,7.7,https://downloads.wordpress.org/theme/gradiantx.7.8.zip,"2026-05-12 13:07:26",https://wordpress.org/themes/gradiantx/,4.7,5.6,100
metasoft,MetaSoft,20.4,20.3,https://downloads.wordpress.org/theme/metasoft.20.4.zip,"2026-05-12 13:06:42",https://wordpress.org/themes/metasoft/,4.7,5.6,300
news25-live,"News25 Live",2.9,2.8,https://downloads.wordpress.org/theme/news25-live.2.9.zip,"2026-05-12 13:15:06",https://wordpress.org/themes/news25-live/,4.7,5.6,90
renoval,Renoval,19.7,19.6,https://downloads.wordpress.org/theme/renoval.19.7.zip,"2026-05-12 13:12:46",https://wordpress.org/themes/renoval/,4.7,5.6,500
x-t9,X-T9,1.38.0,1.37.4,https://downloads.wordpress.org/theme/x-t9.1.38.0.zip,"2026-05-12 14:47:30",https://wordpress.org/themes/x-t9/,6.5,7.4,5000
blockskit-resort,"Blockskit Resort",1.0.1,,https://downloads.wordpress.org/theme/blockskit-resort.1.0.1.zip,"2026-05-12 14:46:18",https://wordpress.org/themes/blockskit-resort/,6.0,5.6,0
anamio,Anamio,19.5,19.4,https://downloads.wordpress.org/theme/anamio.19.5.zip,"2026-05-12 16:33:28",https://wordpress.org/themes/anamio/,4.7,5.6,30
blooming-blog,"Blooming Blog",1.1.1,1.1.0,https://downloads.wordpress.org/theme/blooming-blog.1.1.1.zip,"2026-05-12 15:45:47",https://wordpress.org/themes/blooming-blog/,5.0,7.4,100
civil-construction,"civil construction",0.3.2,0.3.1,https://downloads.wordpress.org/theme/civil-construction.0.3.2.zip,"2026-05-12 16:28:16",https://wordpress.org/themes/civil-construction/,,5.6,50
daizy,Daizy,18.3,18.2,https://downloads.wordpress.org/theme/daizy.18.3.zip,"2026-05-12 16:33:00",https://wordpress.org/themes/daizy/,4.7,5.6,100
ferio,Ferio,11.3,11.2,https://downloads.wordpress.org/theme/ferio.11.3.zip,"2026-05-12 16:35:25",https://wordpress.org/themes/ferio/,4.7,5.6,30
graceful-pixel-blog,"Graceful Pixel Blog",1.0.2,1.0.1,https://downloads.wordpress.org/theme/graceful-pixel-blog.1.0.2.zip,"2026-05-12 15:53:32",https://wordpress.org/themes/graceful-pixel-blog/,5.3,5.6,0
gruj,Gruj,19.4,19.3,https://downloads.wordpress.org/theme/gruj.19.4.zip,"2026-05-12 16:34:58",https://wordpress.org/themes/gruj/,4.7,5.6,30
houdabusiness,HoudaBusiness,0.4.1,0.4,https://downloads.wordpress.org/theme/houdabusiness.0.4.1.zip,"2026-05-12 16:29:00",https://wordpress.org/themes/houdabusiness/,,5.6,0
promptless,Promptless,1.1.6,1.1.5,https://downloads.wordpress.org/theme/promptless.1.1.6.zip,"2026-05-12 15:11:51",https://wordpress.org/themes/promptless/,6.6,7.4,50
shanti,Shanti,1.1.0,1.0.3,https://downloads.wordpress.org/theme/shanti.1.1.0.zip,"2026-05-12 15:47:58",https://wordpress.org/themes/shanti/,6.7,7.4,100
soga,Soga,19.0,18.9,https://downloads.wordpress.org/theme/soga.19.0.zip,"2026-05-12 16:34:31",https://wordpress.org/themes/soga/,4.7,5.6,50
spera,Spera,19.4,19.3,https://downloads.wordpress.org/theme/spera.19.4.zip,"2026-05-12 16:33:59",https://wordpress.org/themes/spera/,4.7,5.6,100
car-auto-parts,"Car Auto Parts",3.4,3.3,https://downloads.wordpress.org/theme/car-auto-parts.3.4.zip,"2026-05-12 17:31:38",https://wordpress.org/themes/car-auto-parts/,5.0,5.6,90
electronic-gadget-store,"Electronic Gadget Store",3.4,3.3,https://downloads.wordpress.org/theme/electronic-gadget-store.3.4.zip,"2026-05-12 17:30:58",https://wordpress.org/themes/electronic-gadget-store/,5.0,5.6,90
fashion-accessories,"Fashion Accessories",3.3,3.2,https://downloads.wordpress.org/theme/fashion-accessories.3.3.zip,"2026-05-12 17:30:48",https://wordpress.org/themes/fashion-accessories/,5.0,5.6,50
interior-design-studio,"Interior Design Studio",3.1,3.0,https://downloads.wordpress.org/theme/interior-design-studio.3.1.zip,"2026-05-12 17:30:25",https://wordpress.org/themes/interior-design-studio/,5.0,5.6,40
movie-review-hub,"Movie Review Hub",7.8,7.7,https://downloads.wordpress.org/theme/movie-review-hub.7.8.zip,"2026-05-12 17:29:48",https://wordpress.org/themes/movie-review-hub/,5.0,5.6,100
real-estate-manager,"Real Estate Manager",3.2,3.1,https://downloads.wordpress.org/theme/real-estate-manager.3.2.zip,"2026-05-12 17:29:16",https://wordpress.org/themes/real-estate-manager/,5.0,5.6,100
context-blog,"Context Blog",1.3.5,1.3.4,https://downloads.wordpress.org/theme/context-blog.1.3.5.zip,"2026-05-13 06:50:17",https://wordpress.org/themes/context-blog/,4.5,5.6,1000
editorial-news-agency,"Editorial News Agency",0.5.5,0.5.4,https://downloads.wordpress.org/theme/editorial-news-agency.0.5.5.zip,"2026-05-13 04:14:20",https://wordpress.org/themes/editorial-news-agency/,5.0,5.6,10
elayne,Elayne,4.0.0,3.9.1,https://downloads.wordpress.org/theme/elayne.4.0.0.zip,"2026-05-13 06:50:21",https://wordpress.org/themes/elayne/,6.6,8.0,50
fashion-nook,"Fashion Nook",1.1.4,1.1.3,https://downloads.wordpress.org/theme/fashion-nook.1.1.4.zip,"2026-05-13 06:23:19",https://wordpress.org/themes/fashion-nook/,6.9,,200
fashion-shop-storefront,"Fashion Shop Storefront",0.5.8,0.5.7,https://downloads.wordpress.org/theme/fashion-shop-storefront.0.5.8.zip,"2026-05-13 04:14:27",https://wordpress.org/themes/fashion-shop-storefront/,5.0,5.6,10
fitness-elementor,"Fitness Elementor",0.5.5,0.5.4,https://downloads.wordpress.org/theme/fitness-elementor.0.5.5.zip,"2026-05-13 04:14:32",https://wordpress.org/themes/fitness-elementor/,5.0,5.6,900
materialis,Materialis,1.1.65,1.1.60,https://downloads.wordpress.org/theme/materialis.1.1.65.zip,"2026-05-13 06:13:10",https://wordpress.org/themes/materialis/,,5.6,3000
medical-healthcare-elementor,"Medical Healthcare Elementor",0.5.9,0.5.8,https://downloads.wordpress.org/theme/medical-healthcare-elementor.0.5.9.zip,"2026-05-13 04:14:57",https://wordpress.org/themes/medical-healthcare-elementor/,5.0,5.6,200
one-page-express,"One Page Express",1.3.58,1.3.55,https://downloads.wordpress.org/theme/one-page-express.1.3.58.zip,"2026-05-13 06:21:43",https://wordpress.org/themes/one-page-express/,,5.6,10000
photographer-elementor,"Photographer Elementor",0.6.4,0.6.3,https://downloads.wordpress.org/theme/photographer-elementor.0.6.4.zip,"2026-05-13 04:15:11",https://wordpress.org/themes/photographer-elementor/,5.0,5.6,100
prime-industry,"Prime Industry",1.0.18,1.0.17,https://downloads.wordpress.org/theme/prime-industry.1.0.18.zip,"2026-05-13 06:56:41",https://wordpress.org/themes/prime-industry/,,5.6,10
prime-software-company,"Prime Software Company",14.0,13.0,https://downloads.wordpress.org/theme/prime-software-company.14.0.zip,"2026-05-13 06:57:06",https://wordpress.org/themes/prime-software-company/,,7.4,0
printing-press,"Printing Press",0.5.5,0.5.4,https://downloads.wordpress.org/theme/printing-press.0.5.5.zip,"2026-05-13 04:15:18",https://wordpress.org/themes/printing-press/,5.0,5.6,80
scuba-diving-sport,"Scuba Diving Sport",0.6.0,0.5.9,https://downloads.wordpress.org/theme/scuba-diving-sport.0.6.0.zip,"2026-05-13 04:15:32",https://wordpress.org/themes/scuba-diving-sport/,5.0,5.6,90
seo-digital-agency,"SEO Digital Agency",0.5.3,0.5.2,https://downloads.wordpress.org/theme/seo-digital-agency.0.5.3.zip,"2026-05-13 04:15:42",https://wordpress.org/themes/seo-digital-agency/,5.0,5.6,30
shoes-store-elementor,"Shoes Store Elementor",0.5.8,0.5.7,https://downloads.wordpress.org/theme/shoes-store-elementor.0.5.8.zip,"2026-05-13 04:15:55",https://wordpress.org/themes/shoes-store-elementor/,5.0,5.6,100
travel-hiking,"Travel Hiking",0.5.5,0.5.4,https://downloads.wordpress.org/theme/travel-hiking.0.5.5.zip,"2026-05-13 04:15:59",https://wordpress.org/themes/travel-hiking/,5.0,5.6,100
oasis-wellness-and-spa,"Oasis Wellness and Spa",1.1,,https://downloads.wordpress.org/theme/oasis-wellness-and-spa.1.1.zip,"2026-05-13 04:16:07",https://wordpress.org/themes/oasis-wellness-and-spa/,6.1,5.6,0
cctv-security,"CCTV Security",2.0.9,2.0.8,https://downloads.wordpress.org/theme/cctv-security.2.0.9.zip,"2026-05-13 09:05:15",https://wordpress.org/themes/cctv-security/,5.0,7.2,100
charity-blocks,"Charity Blocks",4.9,4.8,https://downloads.wordpress.org/theme/charity-blocks.4.9.zip,"2026-05-13 08:07:43",https://wordpress.org/themes/charity-blocks/,6.1,5.6,100
construction-blocks,"Construction Blocks",4.6,4.5,https://downloads.wordpress.org/theme/construction-blocks.4.6.zip,"2026-05-13 08:07:17",https://wordpress.org/themes/construction-blocks/,6.1,5.6,300
cyber-security-blocks,"Cyber Security Blocks",5.0,4.9,https://downloads.wordpress.org/theme/cyber-security-blocks.5.0.zip,"2026-05-13 08:06:20",https://wordpress.org/themes/cyber-security-blocks/,6.1,5.6,900
dental-blocks,"Dental Blocks",4.7,4.6,https://downloads.wordpress.org/theme/dental-blocks.4.7.zip,"2026-05-13 08:05:55",https://wordpress.org/themes/dental-blocks/,6.1,5.6,100
educate-training-coach,"Educate Training Coach",5.6,5.5,https://downloads.wordpress.org/theme/educate-training-coach.5.6.zip,"2026-05-13 08:05:09",https://wordpress.org/themes/educate-training-coach/,5.0,5.6,90
expert-consultant,"Expert Consultant",2.0.7,2.0.6,https://downloads.wordpress.org/theme/expert-consultant.2.0.7.zip,"2026-05-13 09:06:05",https://wordpress.org/themes/expert-consultant/,5.0,7.2,100
expert-movers,"Expert Movers",0.8.4,0.8.3,https://downloads.wordpress.org/theme/expert-movers.0.8.4.zip,"2026-05-13 09:00:28",https://wordpress.org/themes/expert-movers/,,7.2,100
fitness-life-coach,"Fitness Life Coach",4.2,4.1,https://downloads.wordpress.org/theme/fitness-life-coach.4.2.zip,"2026-05-13 08:03:34",https://wordpress.org/themes/fitness-life-coach/,,5.6,40
history-museum,"History Museum",5.3,5.2,https://downloads.wordpress.org/theme/history-museum.5.3.zip,"2026-05-13 08:03:22",https://wordpress.org/themes/history-museum/,6.1,5.6,200
home-services-blocks,"Home Services Blocks",4.3,4.2,https://downloads.wordpress.org/theme/home-services-blocks.4.3.zip,"2026-05-13 08:02:15",https://wordpress.org/themes/home-services-blocks/,6.1,5.6,200
lawyer-firm-blocks,"Lawyer Firm Blocks",4.9,4.8,https://downloads.wordpress.org/theme/lawyer-firm-blocks.4.9.zip,"2026-05-13 08:01:24",https://wordpress.org/themes/lawyer-firm-blocks/,6.1,5.6,200
lifestyle-store,"Lifestyle Store",4.8,4.7,https://downloads.wordpress.org/theme/lifestyle-store.4.8.zip,"2026-05-13 08:00:59",https://wordpress.org/themes/lifestyle-store/,6.1,5.6,50
lighting-store,"Lighting Store",0.5.0,0.4.9,https://downloads.wordpress.org/theme/lighting-store.0.5.0.zip,"2026-05-13 09:11:44",https://wordpress.org/themes/lighting-store/,,7.2,70
lz-cleaning-services,"LZ Cleaning Services",0.7.7,0.7.6,https://downloads.wordpress.org/theme/lz-cleaning-services.0.7.7.zip,"2026-05-13 09:01:15",https://wordpress.org/themes/lz-cleaning-services/,,7.2,200
one-business-blocks,"One Business Blocks",4.8,4.7,https://downloads.wordpress.org/theme/one-business-blocks.4.8.zip,"2026-05-13 08:00:06",https://wordpress.org/themes/one-business-blocks/,6.1,5.6,2000
ppc-specialist,"PPC Specialist",5.7,5.6,https://downloads.wordpress.org/theme/ppc-specialist.5.7.zip,"2026-05-13 07:55:20",https://wordpress.org/themes/ppc-specialist/,5.0,5.6,40
smart-tech-blog,"Smart Tech Blog",0.6.1,0.6.0,https://downloads.wordpress.org/theme/smart-tech-blog.0.6.1.zip,"2026-05-13 09:32:50",https://wordpress.org/themes/smart-tech-blog/,5.0,7.2,100
soccer-academy,"Soccer Academy",4.6,4.5,https://downloads.wordpress.org/theme/soccer-academy.4.6.zip,"2026-05-13 07:54:58",https://wordpress.org/themes/soccer-academy/,5.0,5.6,70
stylish-fashion-shop,"Stylish Fashion Shop",1.5.3,1.5.2,https://downloads.wordpress.org/theme/stylish-fashion-shop.1.5.3.zip,"2026-05-13 09:34:10",https://wordpress.org/themes/stylish-fashion-shop/,5.0,7.2,50
supermart-ecommerce,"Supermart Ecommerce",2.1.9,2.1.8,https://downloads.wordpress.org/theme/supermart-ecommerce.2.1.9.zip,"2026-05-13 09:02:43",https://wordpress.org/themes/supermart-ecommerce/,5.0,7.2,80
trekking-sports,"Trekking Sports",4.2,4.1,https://downloads.wordpress.org/theme/trekking-sports.4.2.zip,"2026-05-13 07:54:27",https://wordpress.org/themes/trekking-sports/,,5.6,100
watch-store,"Watch Store",0.7.2,0.7.1,https://downloads.wordpress.org/theme/watch-store.0.7.2.zip,"2026-05-13 09:10:57",https://wordpress.org/themes/watch-store/,5.0,7.2,50
weight-loss-trainer,"Weight Loss Trainer",0.5.2,0.5.1,https://downloads.wordpress.org/theme/weight-loss-trainer.0.5.2.zip,"2026-05-13 09:31:51",https://wordpress.org/themes/weight-loss-trainer/,5.0,7.2,20
news-host,"News Host",0.1,,https://downloads.wordpress.org/theme/news-host.0.1.zip,"2026-05-13 09:16:11",https://wordpress.org/themes/news-host/,6.6,7.4,0
vyrola,VYROLA,1.0.1,,https://downloads.wordpress.org/theme/vyrola.1.0.1.zip,"2026-05-13 09:16:25",https://wordpress.org/themes/vyrola/,6.7,7.2,0
audio-player,"Audio Player",1.5.7,1.5.6,https://downloads.wordpress.org/theme/audio-player.1.5.7.zip,"2026-05-13 09:57:33",https://wordpress.org/themes/audio-player/,5.0,7.2,60
bookseller-publication,"Bookseller Publication",0.5.5,0.5.3,https://downloads.wordpress.org/theme/bookseller-publication.0.5.5.zip,"2026-05-13 09:57:09",https://wordpress.org/themes/bookseller-publication/,,7.2,90
estore-woocommerce,"Estore Woocommerce",1.5.9,1.5.8,https://downloads.wordpress.org/theme/estore-woocommerce.1.5.9.zip,"2026-05-13 09:56:36",https://wordpress.org/themes/estore-woocommerce/,5.0,7.2,400
grocery-supermarket,"Grocery Supermarket",1.5.8,1.5.7,https://downloads.wordpress.org/theme/grocery-supermarket.1.5.8.zip,"2026-05-13 09:56:15",https://wordpress.org/themes/grocery-supermarket/,5.0,7.2,200
hf-lite,"HF Lite",1.2.5,1.2.4,https://downloads.wordpress.org/theme/hf-lite.1.2.5.zip,"2026-05-13 10:20:52",https://wordpress.org/themes/hf-lite/,6.0,7.4,10
medical-appointment,"Medical Appointment",1.5.8,1.5.7,https://downloads.wordpress.org/theme/medical-appointment.1.5.8.zip,"2026-05-13 09:55:50",https://wordpress.org/themes/medical-appointment/,5.0,7.2,100
melos,Melos,1.6.4,1.6.3,https://downloads.wordpress.org/theme/melos.1.6.4.zip,"2026-05-13 10:21:53",https://wordpress.org/themes/melos/,5.0,7.0,1000
mobile-repair-services,"Mobile Repair Services",2.4.2,2.4.1,https://downloads.wordpress.org/theme/mobile-repair-services.2.4.2.zip,"2026-05-13 09:59:48",https://wordpress.org/themes/mobile-repair-services/,5.0,7.2,50
modular-kitchen,"Modular Kitchen",1.6.3,1.6.2,https://downloads.wordpress.org/theme/modular-kitchen.1.6.3.zip,"2026-05-13 09:53:04",https://wordpress.org/themes/modular-kitchen/,5.0,7.2,50
motivational-life-coach,"Motivational Life Coach",0.5.6,0.5.5,https://downloads.wordpress.org/theme/motivational-life-coach.0.5.6.zip,"2026-05-13 09:52:51",https://wordpress.org/themes/motivational-life-coach/,5.0,7.2,40
nonprofit-foundation,"Nonprofit Foundation",0.5.8,0.5.7,https://downloads.wordpress.org/theme/nonprofit-foundation.0.5.8.zip,"2026-05-13 09:51:24",https://wordpress.org/themes/nonprofit-foundation/,,7.2,80
royal-jewellery,"Royal Jewellery",0.5.6,0.5.5,https://downloads.wordpress.org/theme/royal-jewellery.0.5.6.zip,"2026-05-13 09:50:02",https://wordpress.org/themes/royal-jewellery/,5.0,7.2,80
viral-news-center,"Viral News Center",0.7.0,0.6.9,https://downloads.wordpress.org/theme/viral-news-center.0.7.0.zip,"2026-05-13 09:58:42",https://wordpress.org/themes/viral-news-center/,5.0,7.2,80
vw-modern-kitchen,"VW Modern Kitchen",0.1,,https://downloads.wordpress.org/theme/vw-modern-kitchen.0.1.zip,"2026-05-13 10:01:15",https://wordpress.org/themes/vw-modern-kitchen/,5.0,7.2,0
appointable,Appointable,18.4,18.3,https://downloads.wordpress.org/theme/appointable.18.4.zip,"2026-05-13 11:12:19",https://wordpress.org/themes/appointable/,4.7,5.6,50
arkbiz,ArkBiz,18.4,18.3,https://downloads.wordpress.org/theme/arkbiz.18.4.zip,"2026-05-13 11:11:49",https://wordpress.org/themes/arkbiz/,4.7,5.6,50
cartable,Cartable,18.4,18.3,https://downloads.wordpress.org/theme/cartable.18.4.zip,"2026-05-13 11:23:12",https://wordpress.org/themes/cartable/,4.7,5.6,100
devroot,Devroot,1.0.6,1.0.4,https://downloads.wordpress.org/theme/devroot.1.0.6.zip,"2026-05-13 13:02:14",https://wordpress.org/themes/devroot/,6.4,8.0,20
disinfection,Disinfection,1.2,1.1,https://downloads.wordpress.org/theme/disinfection.1.2.zip,"2026-05-13 12:36:25",https://wordpress.org/themes/disinfection/,5.9,5.6,10
fortify,Fortify,10.4,10.3,https://downloads.wordpress.org/theme/fortify.10.4.zip,"2026-05-13 11:16:25",https://wordpress.org/themes/fortify/,4.7,5.6,30
heropress,HeroPress,20.4,20.3,https://downloads.wordpress.org/theme/heropress.20.4.zip,"2026-05-13 11:15:11",https://wordpress.org/themes/heropress/,4.7,5.6,300
hf-lite,"HF Lite",1.2.6,1.2.5,https://downloads.wordpress.org/theme/hf-lite.1.2.6.zip,"2026-05-13 10:44:49",https://wordpress.org/themes/hf-lite/,6.0,7.4,10
hstore,hstore,18.4,18.3,https://downloads.wordpress.org/theme/hstore.18.4.zip,"2026-05-13 11:14:33",https://wordpress.org/themes/hstore/,4.7,5.6,20
ideate,Ideate,18.4,18.3,https://downloads.wordpress.org/theme/ideate.18.4.zip,"2026-05-13 11:30:29",https://wordpress.org/themes/ideate/,4.7,5.6,50
laxity,Laxity,18.4,18.3,https://downloads.wordpress.org/theme/laxity.18.4.zip,"2026-05-13 11:28:50",https://wordpress.org/themes/laxity/,4.7,5.6,60
magzee,MagZee,20.4,20.3,https://downloads.wordpress.org/theme/magzee.20.4.zip,"2026-05-13 11:27:14",https://wordpress.org/themes/magzee/,4.7,5.6,600
multi-purpose,"Multi Purpose",0.0.3,0.0.2,https://downloads.wordpress.org/theme/multi-purpose.0.0.3.zip,"2026-05-13 12:40:53",https://wordpress.org/themes/multi-purpose/,6.2,7.2,20
neek,Neek,18.4,18.3,https://downloads.wordpress.org/theme/neek.18.4.zip,"2026-05-13 11:24:00",https://wordpress.org/themes/neek/,4.7,5.6,80
nifty-lite,"Nifty Lite",20.3,20.2,https://downloads.wordpress.org/theme/nifty-lite.20.3.zip,"2026-05-13 11:26:52",https://wordpress.org/themes/nifty-lite/,4.7,5.6,300
proficient,Proficient,20.3,20.2,https://downloads.wordpress.org/theme/proficient.20.3.zip,"2026-05-13 11:14:05",https://wordpress.org/themes/proficient/,4.7,5.6,700
rockbiz,RockBiz,18.3,18.2,https://downloads.wordpress.org/theme/rockbiz.18.3.zip,"2026-05-13 11:23:32",https://wordpress.org/themes/rockbiz/,4.7,5.6,20
scelar,Scelar,18.3,18.2,https://downloads.wordpress.org/theme/scelar.18.3.zip,"2026-05-13 11:22:49",https://wordpress.org/themes/scelar/,4.7,5.6,40
spyropress,SpyroPress,20.3,20.2,https://downloads.wordpress.org/theme/spyropress.20.3.zip,"2026-05-13 11:22:18",https://wordpress.org/themes/spyropress/,4.7,5.6,100
taina,Tainá,0.2.8,0.2.7,https://downloads.wordpress.org/theme/taina.0.2.8.zip,"2026-05-13 12:45:33",https://wordpress.org/themes/taina/,6.0,7.3,30
webstrap,Webstrap,20.3,20.2,https://downloads.wordpress.org/theme/webstrap.20.3.zip,"2026-05-13 11:21:51",https://wordpress.org/themes/webstrap/,4.7,5.6,100
acronix,Acronix,2.1.1,2.1.0,https://downloads.wordpress.org/theme/acronix.2.1.1.zip,"2026-05-13 14:44:20",https://wordpress.org/themes/acronix/,,5.6,50
aera,Aera,18.7,18.6,https://downloads.wordpress.org/theme/aera.18.7.zip,"2026-05-13 14:43:45",https://wordpress.org/themes/aera/,4.7,5.6,400
ameya,Ameya,18.6,18.5,https://downloads.wordpress.org/theme/ameya.18.6.zip,"2026-05-13 14:54:23",https://wordpress.org/themes/ameya/,4.7,5.6,400
arbuda,Arbuda,18.5,18.4,https://downloads.wordpress.org/theme/arbuda.18.5.zip,"2026-05-13 14:53:00",https://wordpress.org/themes/arbuda/,4.7,5.6,200
auto-repair-center,"Auto Repair Center",1.3.3,1.3.2,https://downloads.wordpress.org/theme/auto-repair-center.1.3.3.zip,"2026-05-13 13:33:40",https://wordpress.org/themes/auto-repair-center/,6.0,7.2,100
belltech,Belltech,18.5,18.4,https://downloads.wordpress.org/theme/belltech.18.5.zip,"2026-05-13 14:47:44",https://wordpress.org/themes/belltech/,4.7,5.6,40
builderse,Builderse,16.9,16.8,https://downloads.wordpress.org/theme/builderse.16.9.zip,"2026-05-13 14:46:43",https://wordpress.org/themes/builderse/,4.7,5.6,100
cafe-coffee-blocks,"Cafe Coffee Blocks",1.2.5,1.2.4,https://downloads.wordpress.org/theme/cafe-coffee-blocks.1.2.5.zip,"2026-05-13 13:34:00",https://wordpress.org/themes/cafe-coffee-blocks/,6.0,7.2,50
cloud-kitchen,"Cloud Kitchen",1.2.5,1.2.4,https://downloads.wordpress.org/theme/cloud-kitchen.1.2.5.zip,"2026-05-13 13:34:38",https://wordpress.org/themes/cloud-kitchen/,6.0,7.2,50
color-magazinex,"Color MagazineX",1.0.7,1.0.6,https://downloads.wordpress.org/theme/color-magazinex.1.0.7.zip,"2026-05-13 15:15:35",https://wordpress.org/themes/color-magazinex/,5.6,7.4,400
colorflow,ColorFlow,7.9,7.8,https://downloads.wordpress.org/theme/colorflow.7.9.zip,"2026-05-13 14:46:16",https://wordpress.org/themes/colorflow/,4.7,5.6,40
cricket-club-league,"Cricket Club League",1.3.2,1.3.1,https://downloads.wordpress.org/theme/cricket-club-league.1.3.2.zip,"2026-05-13 13:35:00",https://wordpress.org/themes/cricket-club-league/,6.0,7.2,100
devblock,Devblock,1.0.3,1.0.2,https://downloads.wordpress.org/theme/devblock.1.0.3.zip,"2026-05-13 13:34:22",https://wordpress.org/themes/devblock/,6.4,8.0,10
ecommerce-gadget-store,"Ecommerce Gadget Store",1.2.3,1.2.2,https://downloads.wordpress.org/theme/ecommerce-gadget-store.1.2.3.zip,"2026-05-13 13:53:37",https://wordpress.org/themes/ecommerce-gadget-store/,6.0,7.2,500
eractor,Eractor,16.5,16.4,https://downloads.wordpress.org/theme/eractor.16.5.zip,"2026-05-13 14:45:52",https://wordpress.org/themes/eractor/,4.7,5.6,100
fiona-food,"Fiona Food",18.7,18.6,https://downloads.wordpress.org/theme/fiona-food.18.7.zip,"2026-05-13 14:45:25",https://wordpress.org/themes/fiona-food/,4.7,5.6,60
general-food-store,"General Food Store",1.2.4,1.2.3,https://downloads.wordpress.org/theme/general-food-store.1.2.4.zip,"2026-05-13 13:54:23",https://wordpress.org/themes/general-food-store/,6.0,7.2,200
illustrator-designer,"Illustrator Designer",1.2.2,1.2.1,https://downloads.wordpress.org/theme/illustrator-designer.1.2.2.zip,"2026-05-13 13:55:05",https://wordpress.org/themes/illustrator-designer/,6.0,7.2,100
landscape-designer,"Landscape Designer",1.3.1,1.3.0,https://downloads.wordpress.org/theme/landscape-designer.1.3.1.zip,"2026-05-13 13:59:03",https://wordpress.org/themes/landscape-designer/,6.0,7.2,100
listdomer,Listdomer,4.4.0,4.3.0,https://downloads.wordpress.org/theme/listdomer.4.4.0.zip,"2026-05-13 15:05:55",https://wordpress.org/themes/listdomer/,5.3,7.4,500
medisafe,Medisafe,3.0,2.9,https://downloads.wordpress.org/theme/medisafe.3.0.zip,"2026-05-13 14:44:57",https://wordpress.org/themes/medisafe/,4.7,5.6,30
news25-prime,"News25 Prime",2.6,2.5,https://downloads.wordpress.org/theme/news25-prime.2.6.zip,"2026-05-13 14:53:33",https://wordpress.org/themes/news25-prime/,4.7,5.6,100
personal-bodyguard,"Personal Bodyguard",1.2.6,1.2.5,https://downloads.wordpress.org/theme/personal-bodyguard.1.2.6.zip,"2026-05-13 13:59:15",https://wordpress.org/themes/personal-bodyguard/,6.0,7.2,50
radiant-home-decor,"Radiant Home Decor",1.2.2,1.2.1,https://downloads.wordpress.org/theme/radiant-home-decor.1.2.2.zip,"2026-05-13 14:01:28",https://wordpress.org/themes/radiant-home-decor/,6.0,7.2,50
radiant-portfolio,"Radiant Portfolio",1.2.6,1.2.5,https://downloads.wordpress.org/theme/radiant-portfolio.1.2.6.zip,"2026-05-13 14:02:00",https://wordpress.org/themes/radiant-portfolio/,6.0,7.2,100
skincare-product-store,"Skincare Product Store",1.2.3,1.2.2,https://downloads.wordpress.org/theme/skincare-product-store.1.2.3.zip,"2026-05-13 14:02:31",https://wordpress.org/themes/skincare-product-store/,6.0,7.2,100
startbiz,StartBiz,19.5,19.4,https://downloads.wordpress.org/theme/startbiz.19.5.zip,"2026-05-13 14:52:04",https://wordpress.org/themes/startbiz/,4.7,5.6,400
varuda,Varuda,18.6,18.5,https://downloads.wordpress.org/theme/varuda.18.6.zip,"2026-05-13 14:47:09",https://wordpress.org/themes/varuda/,4.7,5.6,200
wedding-planner-blocks,"Wedding Planner Blocks",1.2.3,1.2.2,https://downloads.wordpress.org/theme/wedding-planner-blocks.1.2.3.zip,"2026-05-13 14:02:59",https://wordpress.org/themes/wedding-planner-blocks/,6.0,7.2,40
cafe-eatery,"Cafe Eatery",1.3.5,1.3.4,https://downloads.wordpress.org/theme/cafe-eatery.1.3.5.zip,"2026-05-13 18:36:38",https://wordpress.org/themes/cafe-eatery/,,5.6,100
data-science-specialist,"Data Science Specialist",1.2.7,1.2.6,https://downloads.wordpress.org/theme/data-science-specialist.1.2.7.zip,"2026-05-13 18:36:14",https://wordpress.org/themes/data-science-specialist/,,5.6,400
farmerpress,Farmerpress,1.0.6,1.0.5,https://downloads.wordpress.org/theme/farmerpress.1.0.6.zip,"2026-05-13 17:30:35",https://wordpress.org/themes/farmerpress/,4.8,5.6,100
fse-cloths-rental,"FSE Cloths Rental",1.2.9,1.2.8,https://downloads.wordpress.org/theme/fse-cloths-rental.1.2.9.zip,"2026-05-13 18:35:49",https://wordpress.org/themes/fse-cloths-rental/,5.9,5.6,90
fse-fashion-store,"FSE Fashion Store",1.2.9,1.2.8,https://downloads.wordpress.org/theme/fse-fashion-store.1.2.9.zip,"2026-05-13 18:34:28",https://wordpress.org/themes/fse-fashion-store/,5.9,5.6,100
fse-photography,"FSE Photography",1.3.1,1.3.0,https://downloads.wordpress.org/theme/fse-photography.1.3.1.zip,"2026-05-13 18:33:27",https://wordpress.org/themes/fse-photography/,,5.6,80
fse-social-ngo,"FSE Social NGO",1.2.8,1.2.7,https://downloads.wordpress.org/theme/fse-social-ngo.1.2.8.zip,"2026-05-13 18:34:03",https://wordpress.org/themes/fse-social-ngo/,,5.6,100
fse-sports-arena,"FSE Sports Arena",1.2.7,1.2.6,https://downloads.wordpress.org/theme/fse-sports-arena.1.2.7.zip,"2026-05-13 18:32:49",https://wordpress.org/themes/fse-sports-arena/,5.9,5.6,100
fse-travel-agent,"FSE Travel Agent",1.3.2,1.3.1,https://downloads.wordpress.org/theme/fse-travel-agent.1.3.2.zip,"2026-05-13 18:31:35",https://wordpress.org/themes/fse-travel-agent/,5.9,5.6,20
garden-plant-shop,"Garden Plant Shop",2.1.8,2.1.7,https://downloads.wordpress.org/theme/garden-plant-shop.2.1.8.zip,"2026-05-13 18:31:04",https://wordpress.org/themes/garden-plant-shop/,5.9,5.6,200
legal-counselor,"Legal Counselor",1.3.6,1.3.5,https://downloads.wordpress.org/theme/legal-counselor.1.3.6.zip,"2026-05-13 18:30:08",https://wordpress.org/themes/legal-counselor/,5.9,5.6,100
legit-news,"Legit News",1.1.0,1.0.9,https://downloads.wordpress.org/theme/legit-news.1.1.0.zip,"2026-05-13 17:29:15",https://wordpress.org/themes/legit-news/,,5.6,90
mega-charity,"Mega Charity",1.1.0,1.0.9,https://downloads.wordpress.org/theme/mega-charity.1.1.0.zip,"2026-05-13 17:28:26",https://wordpress.org/themes/mega-charity/,5.1,5.6,40
novel-writer,"Novel Writer",2.2.3,2.2.2,https://downloads.wordpress.org/theme/novel-writer.2.2.3.zip,"2026-05-13 18:29:45",https://wordpress.org/themes/novel-writer/,5.9,5.6,100
physical-therapy,"Physical Therapy",2.2.1,2.2.0,https://downloads.wordpress.org/theme/physical-therapy.2.2.1.zip,"2026-05-13 18:29:14",https://wordpress.org/themes/physical-therapy/,5.9,5.6,90
seo-marketing-agency,"SEO Marketing Agency",3.2.4,3.2.3,https://downloads.wordpress.org/theme/seo-marketing-agency.3.2.4.zip,"2026-05-13 18:28:52",https://wordpress.org/themes/seo-marketing-agency/,5.9,5.6,40
yoga-master,"Yoga Master",1.3.5,1.3.4,https://downloads.wordpress.org/theme/yoga-master.1.3.5.zip,"2026-05-13 18:28:35",https://wordpress.org/themes/yoga-master/,5.9,5.6,70
althea-wp,"Althea WP",1.0.53,1.0.52,https://downloads.wordpress.org/theme/althea-wp.1.0.53.zip,"2026-05-14 07:07:23",https://wordpress.org/themes/althea-wp/,,5.8,2000
brite,Brite,1.0.54,1.0.53,https://downloads.wordpress.org/theme/brite.1.0.54.zip,"2026-05-14 07:08:09",https://wordpress.org/themes/brite/,,5.6,3000
business-directory-elementor,"Business Directory Elementor",0.6.7,0.6.6,https://downloads.wordpress.org/theme/business-directory-elementor.0.6.7.zip,"2026-05-14 04:30:55",https://wordpress.org/themes/business-directory-elementor/,5.0,5.6,100
digital-marketing-elementor,"Digital Marketing Elementor",0.6.5,0.6.4,https://downloads.wordpress.org/theme/digital-marketing-elementor.0.6.5.zip,"2026-05-14 04:31:09",https://wordpress.org/themes/digital-marketing-elementor/,5.0,5.6,80
digitala,Digitala,1.0.26,1.0.25,https://downloads.wordpress.org/theme/digitala.1.0.26.zip,"2026-05-14 07:08:57",https://wordpress.org/themes/digitala/,,5.8,300
elemento-business,"Elemento Business",0.7.0,0.6.9,https://downloads.wordpress.org/theme/elemento-business.0.7.0.zip,"2026-05-14 04:30:15",https://wordpress.org/themes/elemento-business/,5.0,5.6,60
elemento-conference,"Elemento Conference",0.6.8,0.6.7,https://downloads.wordpress.org/theme/elemento-conference.0.6.8.zip,"2026-05-14 04:30:31",https://wordpress.org/themes/elemento-conference/,5.0,5.6,100
elemento-it-solutions,"Elemento IT Solutions",0.6.8,0.6.7,https://downloads.wordpress.org/theme/elemento-it-solutions.0.6.8.zip,"2026-05-14 04:30:41",https://wordpress.org/themes/elemento-it-solutions/,5.0,5.6,100
elemento-startup,"Elemento Startup",0.6.6,0.6.5,https://downloads.wordpress.org/theme/elemento-startup.0.6.6.zip,"2026-05-14 04:31:33",https://wordpress.org/themes/elemento-startup/,5.0,5.6,10
hillstar,Hillstar,1.0.42,1.0.40,https://downloads.wordpress.org/theme/hillstar.1.0.42.zip,"2026-05-14 07:09:44",https://wordpress.org/themes/hillstar/,,5.8,1000
hugo-wp,"Hugo WP",1.0.41,1.0.40,https://downloads.wordpress.org/theme/hugo-wp.1.0.41.zip,"2026-05-14 07:10:33",https://wordpress.org/themes/hugo-wp/,,5.8,1000
linnet,Linnet,1.0.31,1.0.26,https://downloads.wordpress.org/theme/linnet.1.0.31.zip,"2026-05-14 07:11:27",https://wordpress.org/themes/linnet/,,5.8,300
skylink,Skylink,1.0.19,1.0.17,https://downloads.wordpress.org/theme/skylink.1.0.19.zip,"2026-05-14 07:12:19",https://wordpress.org/themes/skylink/,,5.8,600
synclet,Synclet,1.0.23,1.0.21,https://downloads.wordpress.org/theme/synclet.1.0.23.zip,"2026-05-14 07:13:10",https://wordpress.org/themes/synclet/,,5.8,300
teluro,Teluro,1.0.72,1.0.70,https://downloads.wordpress.org/theme/teluro.1.0.72.zip,"2026-05-14 07:13:53",https://wordpress.org/themes/teluro/,,5.6,4000
janitorial-cleaning-services,"Janitorial Cleaning Services",0.1,,https://downloads.wordpress.org/theme/janitorial-cleaning-services.0.1.zip,"2026-05-14 06:01:08",https://wordpress.org/themes/janitorial-cleaning-services/,5.3,7.2,0
animal-pet-care,"Animal Pet Care",0.7.7,0.7.6,https://downloads.wordpress.org/theme/animal-pet-care.0.7.7.zip,"2026-05-14 08:09:38",https://wordpress.org/themes/animal-pet-care/,5.0,7.2,50
architect-engineer,"Architect Engineer",2.4.6,2.4.5,https://downloads.wordpress.org/theme/architect-engineer.2.4.6.zip,"2026-05-14 08:09:06",https://wordpress.org/themes/architect-engineer/,5.0,7.2,70
bakers-bakery,"Bakers Bakery",0.8.9,0.8.8,https://downloads.wordpress.org/theme/bakers-bakery.0.8.9.zip,"2026-05-14 08:08:32",https://wordpress.org/themes/bakers-bakery/,,7.2,30
barista-coffee-shop,"Barista Coffee Shop",2.4.7,2.4.6,https://downloads.wordpress.org/theme/barista-coffee-shop.2.4.7.zip,"2026-05-14 08:08:15",https://wordpress.org/themes/barista-coffee-shop/,5.0,7.2,100
bike-rental-shop,"Bike Rental Shop",2.0.9,2.0.8,https://downloads.wordpress.org/theme/bike-rental-shop.2.0.9.zip,"2026-05-14 08:07:53",https://wordpress.org/themes/bike-rental-shop/,5.0,7.2,200
boutique-garment-store,"Boutique Garment Store",1.0.7,1.0.6,https://downloads.wordpress.org/theme/boutique-garment-store.1.0.7.zip,"2026-05-14 08:07:26",https://wordpress.org/themes/boutique-garment-store/,,7.2,50
cake-shop-bakery,"Cake Shop Bakery",2.4.7,2.4.6,https://downloads.wordpress.org/theme/cake-shop-bakery.2.4.7.zip,"2026-05-14 08:07:11",https://wordpress.org/themes/cake-shop-bakery/,5.0,7.2,100
carpenter-shop,"Carpenter Shop",1.3.0,1.2.9,https://downloads.wordpress.org/theme/carpenter-shop.1.3.0.zip,"2026-05-14 09:58:26",https://wordpress.org/themes/carpenter-shop/,5.3,5.6,20
chocolate-cake,"Chocolate Cake",1.2.9,1.2.8,https://downloads.wordpress.org/theme/chocolate-cake.1.2.9.zip,"2026-05-14 09:58:54",https://wordpress.org/themes/chocolate-cake/,5.5,7.2,80
cleaning-maintenance,"Cleaning Maintenance",1.3.4,1.3.3,https://downloads.wordpress.org/theme/cleaning-maintenance.1.3.4.zip,"2026-05-14 09:59:19",https://wordpress.org/themes/cleaning-maintenance/,5.3,7.2,20
computer-repair-store,"Computer Repair Store",0.6.8,0.6.7,https://downloads.wordpress.org/theme/computer-repair-store.0.6.8.zip,"2026-05-14 08:06:47",https://wordpress.org/themes/computer-repair-store/,5.0,7.2,50
cooking-food-blogger,"Cooking Food Blogger",2.0.8,2.0.7,https://downloads.wordpress.org/theme/cooking-food-blogger.2.0.8.zip,"2026-05-14 08:06:35",https://wordpress.org/themes/cooking-food-blogger/,5.0,7.2,70
cosmetic-ecommerce-store,"Cosmetic Ecommerce Store",1.9.1,1.9.0,https://downloads.wordpress.org/theme/cosmetic-ecommerce-store.1.9.1.zip,"2026-05-14 08:06:10",https://wordpress.org/themes/cosmetic-ecommerce-store/,5.0,7.2,100
elearning-online-courses,"Elearning Online Courses",1.5.4,1.5.3,https://downloads.wordpress.org/theme/elearning-online-courses.1.5.4.zip,"2026-05-14 08:05:46",https://wordpress.org/themes/elearning-online-courses/,,7.2,60
electrical-home-gadget,"Electrical Home Gadget",0.9.8,0.9.6,https://downloads.wordpress.org/theme/electrical-home-gadget.0.9.8.zip,"2026-05-14 08:05:21",https://wordpress.org/themes/electrical-home-gadget/,,7.2,40
electronics-appliances,"Electronics Appliances",2.0.9,2.0.8,https://downloads.wordpress.org/theme/electronics-appliances.2.0.9.zip,"2026-05-14 08:05:11",https://wordpress.org/themes/electronics-appliances/,5.0,7.2,50
electronics-storefront,"Electronics Storefront",1.3.2,1.3.1,https://downloads.wordpress.org/theme/electronics-storefront.1.3.2.zip,"2026-05-14 09:59:46",https://wordpress.org/themes/electronics-storefront/,5.3,7.2,90
grocery-shopping-store,"Grocery Shopping Store",1.2.8,1.2.7,https://downloads.wordpress.org/theme/grocery-shopping-store.1.2.8.zip,"2026-05-14 10:00:53",https://wordpress.org/themes/grocery-shopping-store/,5.5,7.2,1000
home-construction-builder,"Home Construction Builder",1.2.9,1.2.8,https://downloads.wordpress.org/theme/home-construction-builder.1.2.9.zip,"2026-05-14 10:01:19",https://wordpress.org/themes/home-construction-builder/,5.5,7.2,20
kindergarten-toys,"Kindergarten Toys",1.2.6,1.2.5,https://downloads.wordpress.org/theme/kindergarten-toys.1.2.6.zip,"2026-05-14 10:05:12",https://wordpress.org/themes/kindergarten-toys/,5.3,7.2,30
library-bookstore,"Library Bookstore",0.9.9,0.9.8,https://downloads.wordpress.org/theme/library-bookstore.0.9.9.zip,"2026-05-14 08:04:18",https://wordpress.org/themes/library-bookstore/,,7.2,200
morenews,MoreNews,4.1.0,4.0.3,https://downloads.wordpress.org/theme/morenews.4.1.0.zip,"2026-05-14 08:29:33",https://wordpress.org/themes/morenews/,4.0,5.0,7000
nightingale,Nightingale,2.7.13,2.7.12,https://downloads.wordpress.org/theme/nightingale.2.7.13.zip,"2026-05-14 08:41:57",https://wordpress.org/themes/nightingale/,5.0,8.0,300
omega-blogger,"Omega Blogger",1.3.2,1.3.1,https://downloads.wordpress.org/theme/omega-blogger.1.3.2.zip,"2026-05-14 10:04:27",https://wordpress.org/themes/omega-blogger/,5.3,7.2,60
omega-design-agency,"Omega Design Agency",1.2.6,1.2.5,https://downloads.wordpress.org/theme/omega-design-agency.1.2.6.zip,"2026-05-14 10:05:51",https://wordpress.org/themes/omega-design-agency/,5.3,7.2,20
omega-refrigeration,"Omega Refrigeration",1.2.3,1.2.2,https://downloads.wordpress.org/theme/omega-refrigeration.1.2.3.zip,"2026-05-14 10:06:18",https://wordpress.org/themes/omega-refrigeration/,5.3,7.2,0
omega-storefront,"Omega Storefront",1.2.8,1.2.7,https://downloads.wordpress.org/theme/omega-storefront.1.2.8.zip,"2026-05-14 10:06:57",https://wordpress.org/themes/omega-storefront/,5.3,7.2,90
omega-travel-agents,"Omega Travel Agents",1.2.6,1.2.5,https://downloads.wordpress.org/theme/omega-travel-agents.1.2.6.zip,"2026-05-14 10:08:06",https://wordpress.org/themes/omega-travel-agents/,5.3,7.2,40
ott-vlogger,"OTT Vlogger",1.2.9,1.2.8,https://downloads.wordpress.org/theme/ott-vlogger.1.2.9.zip,"2026-05-14 10:08:55",https://wordpress.org/themes/ott-vlogger/,5.3,7.2,20
plumbing-technician,"Plumbing Technician",1.2.9,1.2.8,https://downloads.wordpress.org/theme/plumbing-technician.1.2.9.zip,"2026-05-14 10:09:43",https://wordpress.org/themes/plumbing-technician/,5.5,7.2,20
riverbank,Riverbank,1.0.16,1.0.15,https://downloads.wordpress.org/theme/riverbank.1.0.16.zip,"2026-05-14 10:17:24",https://wordpress.org/themes/riverbank/,5.5,7.0,3000
sneakers-sports-shoes,"Sneakers Sports Shoes",1.2.6,1.2.5,https://downloads.wordpress.org/theme/sneakers-sports-shoes.1.2.6.zip,"2026-05-14 10:10:16",https://wordpress.org/themes/sneakers-sports-shoes/,5.3,7.2,80
training-institute-academy,"Training Institute Academy",1.2.9,1.2.8,https://downloads.wordpress.org/theme/training-institute-academy.1.2.9.zip,"2026-05-14 10:10:36",https://wordpress.org/themes/training-institute-academy/,5.5,7.2,20
mavix-preschool,"Mavix Preschool",1.1,,https://downloads.wordpress.org/theme/mavix-preschool.1.1.zip,"2026-05-14 10:01:15",https://wordpress.org/themes/mavix-preschool/,5.1,5.6,0
academic-institute,"Academic Institute",2.1.7,2.1.6,https://downloads.wordpress.org/theme/academic-institute.2.1.7.zip,"2026-05-14 11:38:31",https://wordpress.org/themes/academic-institute/,5.9,5.6,100
apparel-ecommerce-store,"Apparel Ecommerce Store",3.1.9,3.1.8,https://downloads.wordpress.org/theme/apparel-ecommerce-store.3.1.9.zip,"2026-05-14 11:36:14",https://wordpress.org/themes/apparel-ecommerce-store/,5.9,5.6,80
aqeeq-agency,"Aqeeq Agency",0.7.7,0.7.6,https://downloads.wordpress.org/theme/aqeeq-agency.0.7.7.zip,"2026-05-14 10:46:44",https://wordpress.org/themes/aqeeq-agency/,5.0,7.2,80
auto-car-dealership,"Auto Car Dealership",1.7.2,1.7.1,https://downloads.wordpress.org/theme/auto-car-dealership.1.7.2.zip,"2026-05-14 10:47:03",https://wordpress.org/themes/auto-car-dealership/,5.9,7.2,1000
digital-services-agency,"Digital Services Agency",3.2.2,3.2.1,https://downloads.wordpress.org/theme/digital-services-agency.3.2.2.zip,"2026-05-14 11:35:49",https://wordpress.org/themes/digital-services-agency/,5.9,5.6,100
diner-restaurant,"Diner Restaurant",1.7.5,1.7.4,https://downloads.wordpress.org/theme/diner-restaurant.1.7.5.zip,"2026-05-14 10:47:34",https://wordpress.org/themes/diner-restaurant/,5.0,7.2,100
ebook-store,"Ebook Store",0.8.7,0.8.6,https://downloads.wordpress.org/theme/ebook-store.0.8.7.zip,"2026-05-14 10:48:27",https://wordpress.org/themes/ebook-store/,5.0,7.2,200
fitness-crossfit,"Fitness Crossfit",1.8.4,1.8.3,https://downloads.wordpress.org/theme/fitness-crossfit.1.8.4.zip,"2026-05-14 10:48:46",https://wordpress.org/themes/fitness-crossfit/,5.0,7.2,80
fse-agency,"FSE Agency",2.2.3,2.2.2,https://downloads.wordpress.org/theme/fse-agency.2.2.3.zip,"2026-05-14 11:38:13",https://wordpress.org/themes/fse-agency/,5.9,5.6,40
fse-baseball,"FSE Baseball",2.2.1,2.2.0,https://downloads.wordpress.org/theme/fse-baseball.2.2.1.zip,"2026-05-14 11:37:26",https://wordpress.org/themes/fse-baseball/,5.9,5.6,90
fse-business,"FSE Business",4.1.5,4.1.4,https://downloads.wordpress.org/theme/fse-business.4.1.5.zip,"2026-05-14 11:35:25",https://wordpress.org/themes/fse-business/,5.9,5.6,100
fse-education-school,"FSE Education School",3.1.7,3.1.6,https://downloads.wordpress.org/theme/fse-education-school.3.1.7.zip,"2026-05-14 11:34:11",https://wordpress.org/themes/fse-education-school/,5.9,5.6,100
fse-foodie-blog,"FSE Foodie Blog",2.3.3,2.3.2,https://downloads.wordpress.org/theme/fse-foodie-blog.2.3.3.zip,"2026-05-14 11:37:48",https://wordpress.org/themes/fse-foodie-blog/,5.9,5.6,200
fse-freelancer-portfolio,"FSE Freelancer Portfolio",3.1.9,3.1.8,https://downloads.wordpress.org/theme/fse-freelancer-portfolio.3.1.9.zip,"2026-05-14 11:33:43",https://wordpress.org/themes/fse-freelancer-portfolio/,5.9,5.6,100
fse-real-estate,"FSE Real Estate",1.3.5,1.3.4,https://downloads.wordpress.org/theme/fse-real-estate.1.3.5.zip,"2026-05-14 11:36:40",https://wordpress.org/themes/fse-real-estate/,5.9,5.6,100
fse-sem-agency,"FSE SEM Agency",2.1.7,2.1.6,https://downloads.wordpress.org/theme/fse-sem-agency.2.1.7.zip,"2026-05-14 11:37:01",https://wordpress.org/themes/fse-sem-agency/,5.9,5.6,20
halloween-party,"Halloween Party",0.8.3,0.8.2,https://downloads.wordpress.org/theme/halloween-party.0.8.3.zip,"2026-05-14 10:49:38",https://wordpress.org/themes/halloween-party/,5.0,7.2,100
hockey-sports,"Hockey Sports",2.2.6,2.2.5,https://downloads.wordpress.org/theme/hockey-sports.2.2.6.zip,"2026-05-14 11:34:28",https://wordpress.org/themes/hockey-sports/,5.9,5.6,60
law-advocate,"Law Advocate",0.6.9,0.6.8,https://downloads.wordpress.org/theme/law-advocate.0.6.9.zip,"2026-05-14 10:49:48",https://wordpress.org/themes/law-advocate/,5.0,7.2,80
lighting-fixtures,"Lighting Fixtures",3.2.0,3.1.9,https://downloads.wordpress.org/theme/lighting-fixtures.3.2.0.zip,"2026-05-14 11:32:57",https://wordpress.org/themes/lighting-fixtures/,5.9,5.6,80
musician-band-artist,"Musician Band Artist",0.7.4,0.7.3,https://downloads.wordpress.org/theme/musician-band-artist.0.7.4.zip,"2026-05-14 10:50:21",https://wordpress.org/themes/musician-band-artist/,5.0,7.2,100
podcaster-radio,"Podcaster Radio",0.7.9,0.7.8,https://downloads.wordpress.org/theme/podcaster-radio.0.7.9.zip,"2026-05-14 10:51:19",https://wordpress.org/themes/podcaster-radio/,5.0,7.2,300
resort-hotel-inn,"Resort Hotel Inn",3.2.1,3.2.0,https://downloads.wordpress.org/theme/resort-hotel-inn.3.2.1.zip,"2026-05-14 11:31:31",https://wordpress.org/themes/resort-hotel-inn/,5.9,5.6,100
spexo,Spexo,2.0.7,2.0.6,https://downloads.wordpress.org/theme/spexo.2.0.7.zip,"2026-05-14 11:06:01",https://wordpress.org/themes/spexo/,4.7,7.4,3000
tailor-stylist,"Tailor Stylist",3.1.7,3.1.6,https://downloads.wordpress.org/theme/tailor-stylist.3.1.7.zip,"2026-05-14 11:32:21",https://wordpress.org/themes/tailor-stylist/,5.9,5.6,60
vw-bakery-blocks,"VW Bakery Blocks",1.6.4,1.6.3,https://downloads.wordpress.org/theme/vw-bakery-blocks.1.6.4.zip,"2026-05-14 10:51:39",https://wordpress.org/themes/vw-bakery-blocks/,5.9,7.2,200
vw-hospital-lite,"VW Hospital Lite",2.2.9,2.2.8,https://downloads.wordpress.org/theme/vw-hospital-lite.2.2.9.zip,"2026-05-14 10:37:00",https://wordpress.org/themes/vw-hospital-lite/,5.0,7.2,200
vw-job-board,"VW Job Board",0.9.9,0.9.8,https://downloads.wordpress.org/theme/vw-job-board.0.9.9.zip,"2026-05-14 10:52:06",https://wordpress.org/themes/vw-job-board/,5.0,7.2,300
vw-lawyer-attorney,"VW Lawyer Attorney",2.2.9,2.2.8,https://downloads.wordpress.org/theme/vw-lawyer-attorney.2.2.9.zip,"2026-05-14 10:37:42",https://wordpress.org/themes/vw-lawyer-attorney/,5.0,7.2,300
vw-modern-kitchen,"VW Modern Kitchen",0.2,0.1,https://downloads.wordpress.org/theme/vw-modern-kitchen.0.2.zip,"2026-05-14 10:45:29",https://wordpress.org/themes/vw-modern-kitchen/,5.0,7.2,0
vw-nutritionist-coach,"VW Nutritionist Coach",1.7.5,1.7.4,https://downloads.wordpress.org/theme/vw-nutritionist-coach.1.7.5.zip,"2026-05-14 10:52:40",https://wordpress.org/themes/vw-nutritionist-coach/,5.0,7.2,200
vw-restaurant-lite,"VW Restaurant Lite",2.5.8,2.5.7,https://downloads.wordpress.org/theme/vw-restaurant-lite.2.5.8.zip,"2026-05-14 10:38:51",https://wordpress.org/themes/vw-restaurant-lite/,5.0,7.2,200
vw-spa-lite,"VW Spa Lite",2.6.8,2.6.7,https://downloads.wordpress.org/theme/vw-spa-lite.2.6.8.zip,"2026-05-14 10:39:56",https://wordpress.org/themes/vw-spa-lite/,5.0,7.2,100
vw-tour-lite,"VW Tour Lite",2.0.7,2.0.6,https://downloads.wordpress.org/theme/vw-tour-lite.2.0.7.zip,"2026-05-14 10:40:47",https://wordpress.org/themes/vw-tour-lite/,5.0,7.2,200
wellness-center,"Wellness Center",1.0.1,1.0.0,https://downloads.wordpress.org/theme/wellness-center.1.0.1.zip,"2026-05-14 11:40:00",https://wordpress.org/themes/wellness-center/,5.9,5.6,0
apura,Apura,1.1.1,,https://downloads.wordpress.org/theme/apura.1.1.1.zip,"2026-05-14 10:46:04",https://wordpress.org/themes/apura/,6.6,7.4,0
electronics-equipment,"Electronics Equipment",0.0.2,,https://downloads.wordpress.org/theme/electronics-equipment.0.0.2.zip,"2026-05-14 11:01:16",https://wordpress.org/themes/electronics-equipment/,5.0,7.2,0
st-psychology,"ST Psychology",1.1,,https://downloads.wordpress.org/theme/st-psychology.1.1.zip,"2026-05-14 11:01:07",https://wordpress.org/themes/st-psychology/,4.7,5.2,0
app-development-company,"App Development Company",1.4.1,1.4.0,https://downloads.wordpress.org/theme/app-development-company.1.4.1.zip,"2026-05-14 15:03:34",https://wordpress.org/themes/app-development-company/,6.0,7.2,100
architect-construction,"Architect Construction",1.4.1,1.4.0,https://downloads.wordpress.org/theme/architect-construction.1.4.1.zip,"2026-05-14 15:04:42",https://wordpress.org/themes/architect-construction/,6.0,7.2,100
basketball-club,"Basketball Club",1.5.3,1.5.2,https://downloads.wordpress.org/theme/basketball-club.1.5.3.zip,"2026-05-14 15:05:28",https://wordpress.org/themes/basketball-club/,6.0,7.2,100
blogger-blocks,"Blogger Blocks",1.3.7,1.3.6,https://downloads.wordpress.org/theme/blogger-blocks.1.3.7.zip,"2026-05-14 15:06:07",https://wordpress.org/themes/blogger-blocks/,6.0,7.2,30
cleaning-equipment,"Cleaning Equipment",1.4.3,1.4.2,https://downloads.wordpress.org/theme/cleaning-equipment.1.4.3.zip,"2026-05-14 15:06:42",https://wordpress.org/themes/cleaning-equipment/,6.0,7.2,200
consulting-blocks,"Consulting Blocks",1.3.4,1.3.3,https://downloads.wordpress.org/theme/consulting-blocks.1.3.4.zip,"2026-05-14 15:07:16",https://wordpress.org/themes/consulting-blocks/,6.0,7.2,50
eco-renewable-energy,"Eco Renewable Energy",1.2.7,1.2.6,https://downloads.wordpress.org/theme/eco-renewable-energy.1.2.7.zip,"2026-05-14 15:07:42",https://wordpress.org/themes/eco-renewable-energy/,6.0,7.2,100
event-management-blocks,"Event Management Blocks",1.3.0,1.2.9,https://downloads.wordpress.org/theme/event-management-blocks.1.3.0.zip,"2026-05-14 15:08:08",https://wordpress.org/themes/event-management-blocks/,6.0,7.2,200
frosty-cake,"Frosty Cake",1.3.5,1.3.4,https://downloads.wordpress.org/theme/frosty-cake.1.3.5.zip,"2026-05-14 15:08:42",https://wordpress.org/themes/frosty-cake/,6.0,7.2,200
furniture-shop-blocks,"Furniture Shop Blocks",1.3.6,1.3.5,https://downloads.wordpress.org/theme/furniture-shop-blocks.1.3.6.zip,"2026-05-14 15:08:58",https://wordpress.org/themes/furniture-shop-blocks/,6.0,7.2,100
hotel-suite,"Hotel Suite",1.3.9,1.3.8,https://downloads.wordpress.org/theme/hotel-suite.1.3.9.zip,"2026-05-14 15:09:32",https://wordpress.org/themes/hotel-suite/,6.0,7.2,100
pool-cleaning,"Pool Cleaning",0.3.5,0.3.4,https://downloads.wordpress.org/theme/pool-cleaning.0.3.5.zip,"2026-05-14 14:46:14",https://wordpress.org/themes/pool-cleaning/,,5.6,30
property-management-company,"Property Management Company",1.3.0,1.2.9,https://downloads.wordpress.org/theme/property-management-company.1.3.0.zip,"2026-05-14 15:09:54",https://wordpress.org/themes/property-management-company/,6.0,7.2,200
smart-home-automation,"Smart Home Automation",1.4.2,1.4.1,https://downloads.wordpress.org/theme/smart-home-automation.1.4.2.zip,"2026-05-14 15:10:14",https://wordpress.org/themes/smart-home-automation/,6.0,7.2,100
st-psychology,"ST Psychology",1.2,1.1,https://downloads.wordpress.org/theme/st-psychology.1.2.zip,"2026-05-14 14:12:51",https://wordpress.org/themes/st-psychology/,4.7,5.2,0
startup-blocks,"Startup Blocks",1.2.5,1.2.4,https://downloads.wordpress.org/theme/startup-blocks.1.2.5.zip,"2026-05-14 15:10:29",https://wordpress.org/themes/startup-blocks/,6.0,7.2,100
super-salon,"Super Salon",0.3,0.2.9,https://downloads.wordpress.org/theme/super-salon.0.3.zip,"2026-05-14 14:46:53",https://wordpress.org/themes/super-salon/,,5.6,0
travel-booking-solutions,"Travel Booking Solutions",1.3.0,1.2.9,https://downloads.wordpress.org/theme/travel-booking-solutions.1.3.0.zip,"2026-05-14 15:10:47",https://wordpress.org/themes/travel-booking-solutions/,6.0,7.2,100
blocksy,Blocksy,2.1.42,2.1.41,https://downloads.wordpress.org/theme/blocksy.2.1.42.zip,"2026-05-14 17:02:45",https://wordpress.org/themes/blocksy/,6.5,7.0,300000
blogsy,Blogsy,1.0.13,1.0.12,https://downloads.wordpress.org/theme/blogsy.1.0.13.zip,"2026-05-14 17:09:37",https://wordpress.org/themes/blogsy/,6.6,7.4,2000
kalasakti,Kalasakti,1.0.1,,https://downloads.wordpress.org/theme/kalasakti.1.0.1.zip,"2026-05-14 16:46:15",https://wordpress.org/themes/kalasakti/,6.1,7.0,0
qalour-lite,"Qalour Lite",1.0.1,,https://downloads.wordpress.org/theme/qalour-lite.1.0.1.zip,"2026-05-14 16:32:09",https://wordpress.org/themes/qalour-lite/,6.5,7.4,0
art-blog,"Art Blog",2.7,2.6,https://downloads.wordpress.org/theme/art-blog.2.7.zip,"2026-05-15 04:15:17",https://wordpress.org/themes/art-blog/,5.5,7.2,200
automotive-parts,"Automotive Parts",2.8,2.7,https://downloads.wordpress.org/theme/automotive-parts.2.8.zip,"2026-05-15 04:14:58",https://wordpress.org/themes/automotive-parts/,5.5,7.2,50
consultant-appointment,"Consultant Appointment",3.0.4,3.0.3,https://downloads.wordpress.org/theme/consultant-appointment.3.0.4.zip,"2026-05-15 04:14:03",https://wordpress.org/themes/consultant-appointment/,5.5,5.6,50
digital-magazine,"Digital Magazine",2.1,2.0,https://downloads.wordpress.org/theme/digital-magazine.2.1.zip,"2026-05-15 04:13:37",https://wordpress.org/themes/digital-magazine/,5.5,7.2,100
elayne,Elayne,4.0.2,4.0.0,https://downloads.wordpress.org/theme/elayne.4.0.2.zip,"2026-05-15 04:06:36",https://wordpress.org/themes/elayne/,6.6,8.0,50
green-farm-elementor,"Green Farm Elementor",0.7.5,0.7.4,https://downloads.wordpress.org/theme/green-farm-elementor.0.7.5.zip,"2026-05-15 04:02:50",https://wordpress.org/themes/green-farm-elementor/,5.0,5.6,400
industrial-revolution,"Industrial Revolution",0.1.9,0.1.8,https://downloads.wordpress.org/theme/industrial-revolution.0.1.9.zip,"2026-05-15 04:11:47",https://wordpress.org/themes/industrial-revolution/,5.5,5.6,50
industrial-services-elementor,"Industrial Services Elementor",0.6.4,0.6.3,https://downloads.wordpress.org/theme/industrial-services-elementor.0.6.4.zip,"2026-05-15 04:02:57",https://wordpress.org/themes/industrial-services-elementor/,5.0,5.6,200
software-company-elementor,"Software Company Elementor",0.6.3,0.6.2,https://downloads.wordpress.org/theme/software-company-elementor.0.6.3.zip,"2026-05-15 04:03:11",https://wordpress.org/themes/software-company-elementor/,5.0,5.6,90
surgical-hospital,"Surgical Hospital",1.7.2,1.7.1,https://downloads.wordpress.org/theme/surgical-hospital.1.7.2.zip,"2026-05-15 04:15:45",https://wordpress.org/themes/surgical-hospital/,5.5,7.2,40
web-agency-elementor,"Web Agency Elementor",0.6.1,0.6.0,https://downloads.wordpress.org/theme/web-agency-elementor.0.6.1.zip,"2026-05-15 04:03:16",https://wordpress.org/themes/web-agency-elementor/,5.0,5.6,100
web-designer-elementor,"Web Designer Elementor",0.6.3,0.6.2,https://downloads.wordpress.org/theme/web-designer-elementor.0.6.3.zip,"2026-05-15 04:03:26",https://wordpress.org/themes/web-designer-elementor/,5.0,5.6,100
web-developer-elementor,"Web Developer Elementor",0.6.1,0.6.0,https://downloads.wordpress.org/theme/web-developer-elementor.0.6.1.zip,"2026-05-15 04:03:37",https://wordpress.org/themes/web-developer-elementor/,5.0,5.6,100
accountra,Accountra,1.1.0,1.0.8,https://downloads.wordpress.org/theme/accountra.1.1.0.zip,"2026-05-15 06:16:21",https://wordpress.org/themes/accountra/,6.5,7.0,4000
apura,Apura,1.1.2,1.1.1,https://downloads.wordpress.org/theme/apura.1.1.2.zip,"2026-05-15 06:51:50",https://wordpress.org/themes/apura/,6.6,7.4,0
aster-dental-clinic,"Aster Dental Clinic",4.5,4.4,https://downloads.wordpress.org/theme/aster-dental-clinic.4.5.zip,"2026-05-15 06:39:38",https://wordpress.org/themes/aster-dental-clinic/,,7.4,40
aster-ebooks,"Aster Ebooks",5.2,5.1,https://downloads.wordpress.org/theme/aster-ebooks.5.2.zip,"2026-05-15 06:37:27",https://wordpress.org/themes/aster-ebooks/,,7.4,80
aster-it-solutions,"Aster IT Solutions",5.8,5.7,https://downloads.wordpress.org/theme/aster-it-solutions.5.8.zip,"2026-05-15 06:38:04",https://wordpress.org/themes/aster-it-solutions/,,7.2,30
auto-mechanic,"Auto Mechanic",5.0,4.9,https://downloads.wordpress.org/theme/auto-mechanic.5.0.zip,"2026-05-15 06:38:26",https://wordpress.org/themes/auto-mechanic/,,7.2,40
bakery-confectionery,"Bakery Confectionery",4.6,4.5,https://downloads.wordpress.org/theme/bakery-confectionery.4.6.zip,"2026-05-15 06:40:26",https://wordpress.org/themes/bakery-confectionery/,,7.4,30
blog-over,"Blog Over",1.0.0,0.0.9,https://downloads.wordpress.org/theme/blog-over.1.0.0.zip,"2026-05-15 06:34:13",https://wordpress.org/themes/blog-over/,,7.4,300
bridal-jewelry-store,"Bridal Jewelry Store",4.0,3.9,https://downloads.wordpress.org/theme/bridal-jewelry-store.4.0.zip,"2026-05-15 06:40:59",https://wordpress.org/themes/bridal-jewelry-store/,,7.4,40
clean-charity,"Clean Charity",0.6,0.5,https://downloads.wordpress.org/theme/clean-charity.0.6.zip,"2026-05-15 06:49:55",https://wordpress.org/themes/clean-charity/,,5.6,200
coming-soon-lite,"Coming Soon Lite",0.6.5,0.6.4,https://downloads.wordpress.org/theme/coming-soon-lite.0.6.5.zip,"2026-05-15 07:32:16",https://wordpress.org/themes/coming-soon-lite/,,7.2,1000
construction-engineer,"Construction Engineer",4.4,4.3,https://downloads.wordpress.org/theme/construction-engineer.4.4.zip,"2026-05-15 06:41:39",https://wordpress.org/themes/construction-engineer/,,7.4,40
doctor-physician,"Doctor Physician",4.0,3.9,https://downloads.wordpress.org/theme/doctor-physician.4.0.zip,"2026-05-15 06:42:29",https://wordpress.org/themes/doctor-physician/,,7.4,30
ecommerce-clothing,"Ecommerce Clothing",4.0,3.9,https://downloads.wordpress.org/theme/ecommerce-clothing.4.0.zip,"2026-05-15 06:43:13",https://wordpress.org/themes/ecommerce-clothing/,,7.4,200
fashion-freak,"Fashion Freak",0.5,0.4,https://downloads.wordpress.org/theme/fashion-freak.0.5.zip,"2026-05-15 06:54:42",https://wordpress.org/themes/fashion-freak/,,5.6,20
financio,Financio,1.3.0,1.2.1,https://downloads.wordpress.org/theme/financio.1.3.0.zip,"2026-05-15 06:19:11",https://wordpress.org/themes/financio/,6.5,7.0,2000
freelancer-resume,"Freelancer Resume",18.0,17.0,https://downloads.wordpress.org/theme/freelancer-resume.18.0.zip,"2026-05-15 07:30:48",https://wordpress.org/themes/freelancer-resume/,,7.4,10
gamers-studio,"Gamers Studio",4.3,4.2,https://downloads.wordpress.org/theme/gamers-studio.4.3.zip,"2026-05-15 06:47:29",https://wordpress.org/themes/gamers-studio/,,7.4,100
home-decor-store,"Home Decor Store",4.6,4.5,https://downloads.wordpress.org/theme/home-decor-store.4.6.zip,"2026-05-15 06:47:56",https://wordpress.org/themes/home-decor-store/,,7.4,20
hotel-elegance,"Hotel Elegance",1.2,1.1,https://downloads.wordpress.org/theme/hotel-elegance.1.2.zip,"2026-05-15 04:39:08",https://wordpress.org/themes/hotel-elegance/,4.7,5.6,0
logistic-transport,"Logistic Transport",1.6.4,1.6.3,https://downloads.wordpress.org/theme/logistic-transport.1.6.4.zip,"2026-05-15 06:27:19",https://wordpress.org/themes/logistic-transport/,5.0,7.2,300
moun10,Moun10,1.2.5,1.2.4,https://downloads.wordpress.org/theme/moun10.1.2.5.zip,"2026-05-15 07:10:34",https://wordpress.org/themes/moun10/,5.0,5.6,60
movie-theatre,"Movie Theatre",4.3,4.2,https://downloads.wordpress.org/theme/movie-theatre.4.3.zip,"2026-05-15 06:51:19",https://wordpress.org/themes/movie-theatre/,,7.4,40
moving-truck-rental,"Moving Truck Rental",4.0,3.8,https://downloads.wordpress.org/theme/moving-truck-rental.4.0.zip,"2026-05-15 06:57:45",https://wordpress.org/themes/moving-truck-rental/,,7.4,60
next-travel,"Next Travel",1.1.3,1.1.2,https://downloads.wordpress.org/theme/next-travel.1.1.3.zip,"2026-05-15 07:09:53",https://wordpress.org/themes/next-travel/,5.0,5.6,100
open-shop,"Open Shop",1.7.2,1.7.0,https://downloads.wordpress.org/theme/open-shop.1.7.2.zip,"2026-05-15 06:49:02",https://wordpress.org/themes/open-shop/,5.3,7.0,1000
restance,Restance,1.1.0,1.0.9,https://downloads.wordpress.org/theme/restance.1.1.0.zip,"2026-05-15 06:21:56",https://wordpress.org/themes/restance/,6.5,7.4,2000
sociatic,Sociatic,1.1.0,1.0.8,https://downloads.wordpress.org/theme/sociatic.1.1.0.zip,"2026-05-15 06:24:37",https://wordpress.org/themes/sociatic/,6.5,7.4,2000
startupzy,Startupzy,1.2.2,1.2.1,https://downloads.wordpress.org/theme/startupzy.1.2.2.zip,"2026-05-15 06:25:22",https://wordpress.org/themes/startupzy/,6.5,7.0,3000
stortech,Stortech,1.2.2,1.2.1,https://downloads.wordpress.org/theme/stortech.1.2.2.zip,"2026-05-15 07:09:14",https://wordpress.org/themes/stortech/,4.8,5.6,40
the-corporate-business,"The Corporate Business",1.0.19,1.0.18,https://downloads.wordpress.org/theme/the-corporate-business.1.0.19.zip,"2026-05-15 07:31:22",https://wordpress.org/themes/the-corporate-business/,,5.6,0
top-store,"Top Store",1.7.0,1.6.8,https://downloads.wordpress.org/theme/top-store.1.7.0.zip,"2026-05-15 06:49:42",https://wordpress.org/themes/top-store/,5.0,5.5,2000
top-travel,"Top Travel",1.1.0,1.0.9,https://downloads.wordpress.org/theme/top-travel.1.1.0.zip,"2026-05-15 07:08:35",https://wordpress.org/themes/top-travel/,5.0,5.6,70
water-sports-gear,"Water Sports Gear",4.4,4.3,https://downloads.wordpress.org/theme/water-sports-gear.4.4.zip,"2026-05-15 06:58:31",https://wordpress.org/themes/water-sports-gear/,,7.4,60
wedding-event-management,"Wedding Event Management",4.3,4.2,https://downloads.wordpress.org/theme/wedding-event-management.4.3.zip,"2026-05-15 07:00:09",https://wordpress.org/themes/wedding-event-management/,,7.4,30
adventure-tour,"Adventure Tour",5.4,5.3,https://downloads.wordpress.org/theme/adventure-tour.5.4.zip,"2026-05-15 09:47:21",https://wordpress.org/themes/adventure-tour/,,5.6,60
air-conditioning-services,"Air Conditioning Services",4.4,4.3,https://downloads.wordpress.org/theme/air-conditioning-services.4.4.zip,"2026-05-15 09:46:58",https://wordpress.org/themes/air-conditioning-services/,5.0,5.6,70
antique-jewelry,"Antique Jewelry",4.0,3.9,https://downloads.wordpress.org/theme/antique-jewelry.4.0.zip,"2026-05-15 07:55:17",https://wordpress.org/themes/antique-jewelry/,6.1,7.2,90
apartment-blocks,"Apartment Blocks",5.5,5.4,https://downloads.wordpress.org/theme/apartment-blocks.5.5.zip,"2026-05-15 09:45:26",https://wordpress.org/themes/apartment-blocks/,6.1,5.6,200
boutique-designer-shop,"Boutique Designer Shop",4.3,4.2,https://downloads.wordpress.org/theme/boutique-designer-shop.4.3.zip,"2026-05-15 09:44:34",https://wordpress.org/themes/boutique-designer-shop/,5.0,5.6,100
business-event-conference,"Business Event Conference",0.8,0.7,https://downloads.wordpress.org/theme/business-event-conference.0.8.zip,"2026-05-15 08:00:39",https://wordpress.org/themes/business-event-conference/,4.9,5.6,200
business-venture,"Business Venture",3.6,3.5,https://downloads.wordpress.org/theme/business-venture.3.6.zip,"2026-05-15 07:54:58",https://wordpress.org/themes/business-venture/,6.1,7.2,80
classic-barbershop,"Classic Barbershop",1.0.2,0.9.8,https://downloads.wordpress.org/theme/classic-barbershop.1.0.2.zip,"2026-05-15 10:36:45",https://wordpress.org/themes/classic-barbershop/,5.0,5.6,50
classic-corporate,"Classic Corporate",1.4.9,1.4.5,https://downloads.wordpress.org/theme/classic-corporate.1.4.9.zip,"2026-05-15 10:36:06",https://wordpress.org/themes/classic-corporate/,5.0,5.6,50
classic-digital-marketing,"Classic Digital Marketing",0.8.2,0.7.8,https://downloads.wordpress.org/theme/classic-digital-marketing.0.8.2.zip,"2026-05-15 10:35:08",https://wordpress.org/themes/classic-digital-marketing/,5.0,5.6,50
classic-industry,"Classic Industry",1.3.0,1.2.6,https://downloads.wordpress.org/theme/classic-industry.1.3.0.zip,"2026-05-15 10:35:04",https://wordpress.org/themes/classic-industry/,5.0,5.6,40
clothing-apparel-shop,"Clothing Apparel Shop",5.3,5.2,https://downloads.wordpress.org/theme/clothing-apparel-shop.5.3.zip,"2026-05-15 09:44:19",https://wordpress.org/themes/clothing-apparel-shop/,6.1,5.6,100
cv-workfolio,"CV Workfolio",3.6,3.5,https://downloads.wordpress.org/theme/cv-workfolio.3.6.zip,"2026-05-15 07:54:41",https://wordpress.org/themes/cv-workfolio/,6.1,7.2,70
digital-online-courses,"Digital Online Courses",4.0,3.9,https://downloads.wordpress.org/theme/digital-online-courses.4.0.zip,"2026-05-15 07:54:25",https://wordpress.org/themes/digital-online-courses/,6.1,7.2,100
ebooks-collection,"Ebooks Collection",1.4.8,1.4.4,https://downloads.wordpress.org/theme/ebooks-collection.1.4.8.zip,"2026-05-15 10:34:48",https://wordpress.org/themes/ebooks-collection/,5.0,5.6,50
education-business-school,"Education Business School",0.8,0.7,https://downloads.wordpress.org/theme/education-business-school.0.8.zip,"2026-05-15 07:56:57",https://wordpress.org/themes/education-business-school/,4.9,5.6,200
education-management,"Education Management",3.3,3.2,https://downloads.wordpress.org/theme/education-management.3.3.zip,"2026-05-15 07:53:36",https://wordpress.org/themes/education-management/,6.1,7.2,100
fashion-stylist-lite,"Fashion Stylist Lite",5.7,5.6,https://downloads.wordpress.org/theme/fashion-stylist-lite.5.7.zip,"2026-05-15 09:46:39",https://wordpress.org/themes/fashion-stylist-lite/,5.0,5.6,50
forever-young,"Forever Young",0.8,0.7,https://downloads.wordpress.org/theme/forever-young.0.8.zip,"2026-05-15 07:54:28",https://wordpress.org/themes/forever-young/,,5.6,100
freelance-portfolio,"Freelance Portfolio",3.5,3.4,https://downloads.wordpress.org/theme/freelance-portfolio.3.5.zip,"2026-05-15 07:53:00",https://wordpress.org/themes/freelance-portfolio/,6.1,7.2,100
fresh-bakery-cake,"Fresh Bakery Cake",1.4.8,1.4.4,https://downloads.wordpress.org/theme/fresh-bakery-cake.1.4.8.zip,"2026-05-15 10:34:39",https://wordpress.org/themes/fresh-bakery-cake/,5.0,5.6,30
fundraising-charity-campaign,"Fundraising Charity Campaign",5.6,5.3,https://downloads.wordpress.org/theme/fundraising-charity-campaign.5.6.zip,"2026-05-15 09:42:24",https://wordpress.org/themes/fundraising-charity-campaign/,5.0,5.6,90
holistic-health-coach,"Holistic Health Coach",3.2,3.1,https://downloads.wordpress.org/theme/holistic-health-coach.3.2.zip,"2026-05-15 07:52:39",https://wordpress.org/themes/holistic-health-coach/,6.1,7.2,90
home-appliances-store,"Home Appliances Store",3.5,3.4,https://downloads.wordpress.org/theme/home-appliances-store.3.5.zip,"2026-05-15 07:52:12",https://wordpress.org/themes/home-appliances-store/,6.1,7.2,60
home-decoration-shop,"Home Decoration Shop",4.2,4.1,https://downloads.wordpress.org/theme/home-decoration-shop.4.2.zip,"2026-05-15 07:51:30",https://wordpress.org/themes/home-decoration-shop/,6.1,7.2,20
home-decorative-items,"Home Decorative Items",3.3,3.2,https://downloads.wordpress.org/theme/home-decorative-items.3.3.zip,"2026-05-15 07:45:10",https://wordpress.org/themes/home-decorative-items/,6.1,7.2,100
home-maintenance-services,"Home Maintenance Services",5.5,5.4,https://downloads.wordpress.org/theme/home-maintenance-services.5.5.zip,"2026-05-15 09:36:16",https://wordpress.org/themes/home-maintenance-services/,,5.6,70
it-services-management,"IT Services Management",3.5,3.4,https://downloads.wordpress.org/theme/it-services-management.3.5.zip,"2026-05-15 07:44:20",https://wordpress.org/themes/it-services-management/,6.1,7.2,200
landscape-architecture,"Landscape Architecture",1.5.0,1.4.6,https://downloads.wordpress.org/theme/landscape-architecture.1.5.0.zip,"2026-05-15 10:34:33",https://wordpress.org/themes/landscape-architecture/,5.0,5.6,60
martial-arts-training,"Martial Arts Training",5.5,5.4,https://downloads.wordpress.org/theme/martial-arts-training.5.5.zip,"2026-05-15 09:35:17",https://wordpress.org/themes/martial-arts-training/,5.0,5.6,200
mechanic-car-repair,"Mechanic Car Repair",3.7,3.6,https://downloads.wordpress.org/theme/mechanic-car-repair.3.7.zip,"2026-05-15 07:43:07",https://wordpress.org/themes/mechanic-car-repair/,6.1,7.2,200
mobile-app-company,"Mobile App Company",4.1,4.0,https://downloads.wordpress.org/theme/mobile-app-company.4.1.zip,"2026-05-15 07:38:38",https://wordpress.org/themes/mobile-app-company/,6.1,7.2,50
motorcycle-repair,"Motorcycle Repair",3.5,3.4,https://downloads.wordpress.org/theme/motorcycle-repair.3.5.zip,"2026-05-15 07:37:56",https://wordpress.org/themes/motorcycle-repair/,6.1,7.2,100
next-level-blog,"Next Level Blog",1.0,0.9,https://downloads.wordpress.org/theme/next-level-blog.1.0.zip,"2026-05-15 08:04:37",https://wordpress.org/themes/next-level-blog/,,5.6,200
oh-my-blog,"Oh My Blog",1.8,1.7,https://downloads.wordpress.org/theme/oh-my-blog.1.8.zip,"2026-05-15 08:02:53",https://wordpress.org/themes/oh-my-blog/,,5.6,200
omg-blog,"OMG Blog",1.3,1.2,https://downloads.wordpress.org/theme/omg-blog.1.3.zip,"2026-05-15 08:06:41",https://wordpress.org/themes/omg-blog/,,5.6,200
planet-green,"Planet Green",0.7,0.6,https://downloads.wordpress.org/theme/planet-green.0.7.zip,"2026-05-15 07:58:53",https://wordpress.org/themes/planet-green/,,5.6,500
raft,Raft,1.1.11,1.1.10,https://downloads.wordpress.org/theme/raft.1.1.11.zip,"2026-05-15 10:33:50",https://wordpress.org/themes/raft/,5.5,7.0,10000
rock-tune,"Rock Tune",2.2.1,2.2,https://downloads.wordpress.org/theme/rock-tune.2.2.1.zip,"2026-05-15 08:02:37",https://wordpress.org/themes/rock-tune/,5.9,7.4,300
security-camera,"Security Camera",5.3,5.0,https://downloads.wordpress.org/theme/security-camera.5.3.zip,"2026-05-15 09:34:55",https://wordpress.org/themes/security-camera/,,5.6,70
seo-digital-marketing,"SEO Digital Marketing",5.5,5.4,https://downloads.wordpress.org/theme/seo-digital-marketing.5.5.zip,"2026-05-15 09:34:20",https://wordpress.org/themes/seo-digital-marketing/,5.0,5.6,100
solar-renewable-energy,"Solar Renewable Energy",5.6,5.5,https://downloads.wordpress.org/theme/solar-renewable-energy.5.6.zip,"2026-05-15 09:33:38",https://wordpress.org/themes/solar-renewable-energy/,5.0,5.6,100
storefront-ecommerce-shop,"Storefront Ecommerce Shop",5.6,5.5,https://downloads.wordpress.org/theme/storefront-ecommerce-shop.5.6.zip,"2026-05-15 09:33:15",https://wordpress.org/themes/storefront-ecommerce-shop/,5.0,5.6,100
transportation,Transportation,1.1.4,1.1.3,https://downloads.wordpress.org/theme/transportation.1.1.4.zip,"2026-05-15 07:52:34",https://wordpress.org/themes/transportation/,6.7,7.2,200
tv-channel-insight,"TV Channel Insight",5.4,5.1,https://downloads.wordpress.org/theme/tv-channel-insight.5.4.zip,"2026-05-15 09:32:53",https://wordpress.org/themes/tv-channel-insight/,5.0,5.6,100
yoga-meditation,"Yoga Meditation",5.7,5.6,https://downloads.wordpress.org/theme/yoga-meditation.5.7.zip,"2026-05-15 09:32:20",https://wordpress.org/themes/yoga-meditation/,5.0,5.6,50
advance-consultancy,"Advance Consultancy",0.7.8,0.7.7,https://downloads.wordpress.org/theme/advance-consultancy.0.7.8.zip,"2026-05-15 10:46:22",https://wordpress.org/themes/advance-consultancy/,5.0,7.2,60
advance-marketing-agency,"Advance Marketing Agency",0.7.8,0.7.7,https://downloads.wordpress.org/theme/advance-marketing-agency.0.7.8.zip,"2026-05-15 10:46:21",https://wordpress.org/themes/advance-marketing-agency/,5.0,7.2,30
advance-training-academy,"Advance Training Academy",0.8.5,0.8.4,https://downloads.wordpress.org/theme/advance-training-academy.0.8.5.zip,"2026-05-15 10:46:33",https://wordpress.org/themes/advance-training-academy/,,7.2,100
affiliate-review,"Affiliate Review",1.0.1,1.0.0,https://downloads.wordpress.org/theme/affiliate-review.1.0.1.zip,"2026-05-15 11:41:44",https://wordpress.org/themes/affiliate-review/,5.0,7.2,300
agriculture-farm,"Agriculture Farm",0.9.4,0.9.3,https://downloads.wordpress.org/theme/agriculture-farm.0.9.4.zip,"2026-05-15 10:46:43",https://wordpress.org/themes/agriculture-farm/,5.0,7.2,80
alpha-marketing-agency,"Alpha Marketing Agency",1.3,1.2,https://downloads.wordpress.org/theme/alpha-marketing-agency.1.3.zip,"2026-05-15 11:11:07",https://wordpress.org/themes/alpha-marketing-agency/,,7.4,60
ampark,Ampark,18.5,18.4,https://downloads.wordpress.org/theme/ampark.18.5.zip,"2026-05-15 11:57:13",https://wordpress.org/themes/ampark/,4.7,5.6,100
arowana,Arowana,19.5,19.4,https://downloads.wordpress.org/theme/arowana.19.5.zip,"2026-05-15 12:06:47",https://wordpress.org/themes/arowana/,4.7,5.6,300
audio-podcast,"Audio Podcast",1.1.0,1.0.9,https://downloads.wordpress.org/theme/audio-podcast.1.1.0.zip,"2026-05-15 11:42:27",https://wordpress.org/themes/audio-podcast/,5.0,7.2,500
ava-wp,"Ava WP",0.1.3,0.1.2,https://downloads.wordpress.org/theme/ava-wp.0.1.3.zip,"2026-05-15 11:11:20",https://wordpress.org/themes/ava-wp/,,7.4,30
avail,Avail,18.4,18.3,https://downloads.wordpress.org/theme/avail.18.4.zip,"2026-05-15 12:05:29",https://wordpress.org/themes/avail/,4.7,5.6,200
avenza,Avenza,2.1.4,2.1.3,https://downloads.wordpress.org/theme/avenza.2.1.4.zip,"2026-05-15 12:00:21",https://wordpress.org/themes/avenza/,,5.6,80
aviser,Aviser,18.4,18.3,https://downloads.wordpress.org/theme/aviser.18.4.zip,"2026-05-15 12:03:51",https://wordpress.org/themes/aviser/,4.7,5.6,200
avitech,Avitech,18.5,18.4,https://downloads.wordpress.org/theme/avitech.18.5.zip,"2026-05-15 12:12:08",https://wordpress.org/themes/avitech/,4.7,5.6,100
avtari,Avtari,18.5,18.4,https://downloads.wordpress.org/theme/avtari.18.5.zip,"2026-05-15 12:10:56",https://wordpress.org/themes/avtari/,4.7,5.6,100
axtia,Axtia,18.4,18.3,https://downloads.wordpress.org/theme/axtia.18.4.zip,"2026-05-15 12:03:27",https://wordpress.org/themes/axtia/,4.7,5.6,100
azhar,Azhar,0.6,0.5,https://downloads.wordpress.org/theme/azhar.0.6.zip,"2026-05-15 11:11:33",https://wordpress.org/themes/azhar/,,7.4,20
azwa,Azwa,18.6,18.5,https://downloads.wordpress.org/theme/azwa.18.6.zip,"2026-05-15 12:10:33",https://wordpress.org/themes/azwa/,4.7,5.6,200
basal-fse,"Basal FSE",1.4,1.3,https://downloads.wordpress.org/theme/basal-fse.1.4.zip,"2026-05-15 11:08:46",https://wordpress.org/themes/basal-fse/,,7.4,700
bicycle-repair-shop,"Bicycle Repair Shop",1.5.7,1.5.3,https://downloads.wordpress.org/theme/bicycle-repair-shop.1.5.7.zip,"2026-05-15 10:37:50",https://wordpress.org/themes/bicycle-repair-shop/,5.0,5.6,70
blogsy,Blogsy,1.0.14,1.0.13,https://downloads.wordpress.org/theme/blogsy.1.0.14.zip,"2026-05-15 11:29:29",https://wordpress.org/themes/blogsy/,6.6,7.4,2000
broker-consultants,"Broker Consultants",1.3.0,1.2.6,https://downloads.wordpress.org/theme/broker-consultants.1.3.0.zip,"2026-05-15 10:37:28",https://wordpress.org/themes/broker-consultants/,5.0,5.6,20
building-contractor,"Building Contractor",1.5.0,1.4.6,https://downloads.wordpress.org/theme/building-contractor.1.5.0.zip,"2026-05-15 10:38:03",https://wordpress.org/themes/building-contractor/,5.0,5.6,80
business-school,"Business School",0.5.0,0.4.6,https://downloads.wordpress.org/theme/business-school.0.5.0.zip,"2026-05-15 10:56:19",https://wordpress.org/themes/business-school/,5.0,5.6,60
cardiopress,CardioPress,10.9,10.8,https://downloads.wordpress.org/theme/cardiopress.10.9.zip,"2026-05-15 11:59:54",https://wordpress.org/themes/cardiopress/,4.7,5.6,100
charity-funds,"Charity Funds",4.7,4.6,https://downloads.wordpress.org/theme/charity-funds.4.7.zip,"2026-05-15 11:37:18",https://wordpress.org/themes/charity-funds/,,7.4,30
classic-artificial-intelligence,"Classic Artificial Intelligence",0.4.4,0.3.9,https://downloads.wordpress.org/theme/classic-artificial-intelligence.0.4.4.zip,"2026-05-15 10:56:08",https://wordpress.org/themes/classic-artificial-intelligence/,5.0,5.6,50
classic-charity-ngo,"Classic Charity NGO",0.4.9,0.4.5,https://downloads.wordpress.org/theme/classic-charity-ngo.0.4.9.zip,"2026-05-15 10:55:55",https://wordpress.org/themes/classic-charity-ngo/,5.0,5.6,90
classic-cosmetics,"Classic Cosmetics",0.7.2,0.6.8,https://downloads.wordpress.org/theme/classic-cosmetics.0.7.2.zip,"2026-05-15 10:55:59",https://wordpress.org/themes/classic-cosmetics/,5.0,5.6,100
classic-events,"Classic Events",0.8.7,0.8.3,https://downloads.wordpress.org/theme/classic-events.0.8.7.zip,"2026-05-15 10:53:52",https://wordpress.org/themes/classic-events/,5.0,5.6,40
classic-marketing-agency,"Classic Marketing Agency",0.4.1,0.3.7,https://downloads.wordpress.org/theme/classic-marketing-agency.0.4.1.zip,"2026-05-15 10:44:19",https://wordpress.org/themes/classic-marketing-agency/,5.0,5.6,30
classic-portfolio,"Classic Portfolio",0.4.3,0.3.9,https://downloads.wordpress.org/theme/classic-portfolio.0.4.3.zip,"2026-05-15 10:43:54",https://wordpress.org/themes/classic-portfolio/,5.0,5.6,90
classic-tour-booking,"Classic Tour Booking",0.5.3,0.4.9,https://downloads.wordpress.org/theme/classic-tour-booking.0.5.3.zip,"2026-05-15 10:40:05",https://wordpress.org/themes/classic-tour-booking/,5.0,5.6,40
comoxa,Comoxa,18.4,18.3,https://downloads.wordpress.org/theme/comoxa.18.4.zip,"2026-05-15 11:59:28",https://wordpress.org/themes/comoxa/,4.7,5.6,100
construction-sewa,"Construction Sewa",0.4,0.3,https://downloads.wordpress.org/theme/construction-sewa.0.4.zip,"2026-05-15 11:30:11",https://wordpress.org/themes/construction-sewa/,4.9,5.6,100
cormex,Cormex,11.1,11.0,https://downloads.wordpress.org/theme/cormex.11.1.zip,"2026-05-15 12:09:33",https://wordpress.org/themes/cormex/,,5.6,30
creative-blogger,"Creative Blogger",0.5.0,0.4.6,https://downloads.wordpress.org/theme/creative-blogger.0.5.0.zip,"2026-05-15 10:40:15",https://wordpress.org/themes/creative-blogger/,5.0,5.6,300
creative-one-page,"Creative One Page",0.9.8,0.9.7,https://downloads.wordpress.org/theme/creative-one-page.0.9.8.zip,"2026-05-15 10:46:52",https://wordpress.org/themes/creative-one-page/,5.0,7.2,80
dog-groomer,"Dog Groomer",3.8,3.7,https://downloads.wordpress.org/theme/dog-groomer.3.8.zip,"2026-05-15 11:30:23",https://wordpress.org/themes/dog-groomer/,,7.0,20
educator-education,"Educator Education",0.9.8,0.9.7,https://downloads.wordpress.org/theme/educator-education.0.9.8.zip,"2026-05-15 10:47:01",https://wordpress.org/themes/educator-education/,5.0,7.2,300
electrician-contractor,"Electrician Contractor",0.0.2,0.0.1,https://downloads.wordpress.org/theme/electrician-contractor.0.0.2.zip,"2026-05-15 10:56:47",https://wordpress.org/themes/electrician-contractor/,5.0,5.6,20
envira,Envira,18.5,18.4,https://downloads.wordpress.org/theme/envira.18.5.zip,"2026-05-15 12:08:39",https://wordpress.org/themes/envira/,4.7,5.6,200
epic-business-event,"Epic Business Event",0.4,0.3,https://downloads.wordpress.org/theme/epic-business-event.0.4.zip,"2026-05-15 11:18:31",https://wordpress.org/themes/epic-business-event/,,5.6,500
eventpress,EventPress,22.5,22.4,https://downloads.wordpress.org/theme/eventpress.22.5.zip,"2026-05-15 11:58:45",https://wordpress.org/themes/eventpress/,4.7,5.6,500
evion,Evion,9.0,8.9,https://downloads.wordpress.org/theme/evion.9.0.zip,"2026-05-15 11:58:01",https://wordpress.org/themes/evion/,4.7,5.6,10
fine-dining-restaurant,"Fine Dining Restaurant",3.7,3.6,https://downloads.wordpress.org/theme/fine-dining-restaurant.3.7.zip,"2026-05-15 11:38:15",https://wordpress.org/themes/fine-dining-restaurant/,,7.0,40
fiona-news,"Fiona News",18.7,18.6,https://downloads.wordpress.org/theme/fiona-news.18.7.zip,"2026-05-15 12:07:18",https://wordpress.org/themes/fiona-news/,4.7,5.6,70
freelancer-services,"Freelancer Services",1.0.4,1.0.3,https://downloads.wordpress.org/theme/freelancer-services.1.0.4.zip,"2026-05-15 11:42:48",https://wordpress.org/themes/freelancer-services/,5.0,7.2,100
fully-green,"Fully Green",0.5,0.4,https://downloads.wordpress.org/theme/fully-green.0.5.zip,"2026-05-15 11:24:37",https://wordpress.org/themes/fully-green/,,5.6,500
green-globe,"Green Globe",0.5,0.4,https://downloads.wordpress.org/theme/green-globe.0.5.zip,"2026-05-15 10:49:32",https://wordpress.org/themes/green-globe/,,5.6,300
higher-education-business,"Higher Education Business",0.5,0.4,https://downloads.wordpress.org/theme/higher-education-business.0.5.zip,"2026-05-15 11:04:56",https://wordpress.org/themes/higher-education-business/,4.9,5.6,200
kids-toy-center,"Kids Toy Center",3.7,3.6,https://downloads.wordpress.org/theme/kids-toy-center.3.7.zip,"2026-05-15 11:29:42",https://wordpress.org/themes/kids-toy-center/,,7.0,30
life-coach-agency,"Life Coach Agency",4.7,4.5,https://downloads.wordpress.org/theme/life-coach-agency.4.7.zip,"2026-05-15 11:38:30",https://wordpress.org/themes/life-coach-agency/,,5.6,40
makeup-artist,"Makeup Artist",1.0.9,1.0.8,https://downloads.wordpress.org/theme/makeup-artist.1.0.9.zip,"2026-05-15 11:44:24",https://wordpress.org/themes/makeup-artist/,5.0,7.2,50
movers-agency,"Movers Agency",4.0,3.8,https://downloads.wordpress.org/theme/movers-agency.4.0.zip,"2026-05-15 11:39:28",https://wordpress.org/themes/movers-agency/,,7.2,20
multi-advance,"Multi Advance",1.1.7,1.1.6,https://downloads.wordpress.org/theme/multi-advance.1.1.7.zip,"2026-05-15 10:47:09",https://wordpress.org/themes/multi-advance/,5.0,7.2,50
music-recording-studio,"Music Recording Studio",1.0.9,1.0.8,https://downloads.wordpress.org/theme/music-recording-studio.1.0.9.zip,"2026-05-15 11:44:45",https://wordpress.org/themes/music-recording-studio/,5.0,7.2,200
news-press-release,"News Press Release",4.8,4.6,https://downloads.wordpress.org/theme/news-press-release.4.8.zip,"2026-05-15 11:41:23",https://wordpress.org/themes/news-press-release/,,5.6,70
news25-breaking,"News25 Breaking",2.7,2.6,https://downloads.wordpress.org/theme/news25-breaking.2.7.zip,"2026-05-15 12:05:58",https://wordpress.org/themes/news25-breaking/,4.7,5.6,100
nexcraft-bpo,"Nexcraft BPO",9.4,9.3,https://downloads.wordpress.org/theme/nexcraft-bpo.9.4.zip,"2026-05-15 11:57:42",https://wordpress.org/themes/nexcraft-bpo/,,5.6,20
organic-market,"Organic Market",0.7.9,0.7.8,https://downloads.wordpress.org/theme/organic-market.0.7.9.zip,"2026-05-15 10:47:33",https://wordpress.org/themes/organic-market/,5.0,7.2,80
perfect-electrician,"Perfect Electrician",3.4.4,3.3.9,https://downloads.wordpress.org/theme/perfect-electrician.3.4.4.zip,"2026-05-15 10:56:36",https://wordpress.org/themes/perfect-electrician/,5.0,5.6,100
pin-donation,"Pin Donation",1.3,1.2,https://downloads.wordpress.org/theme/pin-donation.1.3.zip,"2026-05-15 11:07:54",https://wordpress.org/themes/pin-donation/,,5.6,100
plumber-workshop,"Plumber Workshop",3.9,3.7,https://downloads.wordpress.org/theme/plumber-workshop.3.9.zip,"2026-05-15 11:28:56",https://wordpress.org/themes/plumber-workshop/,,7.0,20
prime-beauty-salon,"Prime Beauty Salon",3.5,3.3,https://downloads.wordpress.org/theme/prime-beauty-salon.3.5.zip,"2026-05-15 11:36:13",https://wordpress.org/themes/prime-beauty-salon/,5.1,7.2,30
prime-cleaning-services,"Prime Cleaning Services",3.8,3.6,https://downloads.wordpress.org/theme/prime-cleaning-services.3.8.zip,"2026-05-15 11:28:30",https://wordpress.org/themes/prime-cleaning-services/,,7.0,40
prime-ecommerce-shop,"Prime Ecommerce Shop",4.0,3.8,https://downloads.wordpress.org/theme/prime-ecommerce-shop.4.0.zip,"2026-05-15 11:27:20",https://wordpress.org/themes/prime-ecommerce-shop/,,7.0,60
prime-education,"Prime Education",3.6,3.4,https://downloads.wordpress.org/theme/prime-education.3.6.zip,"2026-05-15 11:35:44",https://wordpress.org/themes/prime-education/,,7.0,100
prime-kindergarten,"Prime Kindergarten",4.1,4.0,https://downloads.wordpress.org/theme/prime-kindergarten.4.1.zip,"2026-05-15 11:34:41",https://wordpress.org/themes/prime-kindergarten/,,7.4,20
prime-magazine,"Prime Magazine",4.3,4.1,https://downloads.wordpress.org/theme/prime-magazine.4.3.zip,"2026-05-15 11:34:35",https://wordpress.org/themes/prime-magazine/,,7.2,60
profolio,Profolio,10.6,10.5,https://downloads.wordpress.org/theme/profolio.10.6.zip,"2026-05-15 12:04:16",https://wordpress.org/themes/profolio/,,5.6,70
safety-wear,"Safety Wear",3.9,3.7,https://downloads.wordpress.org/theme/safety-wear.3.9.zip,"2026-05-15 11:32:07",https://wordpress.org/themes/safety-wear/,,5.6,60
shadiant,Shadiant,7.5,7.4,https://downloads.wordpress.org/theme/shadiant.7.5.zip,"2026-05-15 12:05:04",https://wordpress.org/themes/shadiant/,4.7,5.6,10
swimwear-shop,"Swimwear Shop",0.5.0,0.4.5,https://downloads.wordpress.org/theme/swimwear-shop.0.5.0.zip,"2026-05-15 10:38:00",https://wordpress.org/themes/swimwear-shop/,5.0,5.6,20
tech-software-company,"Tech Software Company",0.8.7,0.8.6,https://downloads.wordpress.org/theme/tech-software-company.0.8.7.zip,"2026-05-15 10:47:42",https://wordpress.org/themes/tech-software-company/,5.0,7.2,100
tech-startup,"Tech Startup",0.8.0,0.7.9,https://downloads.wordpress.org/theme/tech-startup.0.8.0.zip,"2026-05-15 10:47:48",https://wordpress.org/themes/tech-startup/,5.0,7.2,20
techine,Techine,18.5,18.4,https://downloads.wordpress.org/theme/techine.18.5.zip,"2026-05-15 12:00:59",https://wordpress.org/themes/techine/,4.7,5.6,100
thai-spa,"Thai Spa",18.7,18.6,https://downloads.wordpress.org/theme/thai-spa.18.7.zip,"2026-05-15 12:01:29",https://wordpress.org/themes/thai-spa/,4.7,5.6,300
the-fashion-woocommerce,"The Fashion Woocommerce",0.6.0,0.5.9,https://downloads.wordpress.org/theme/the-fashion-woocommerce.0.6.0.zip,"2026-05-15 10:48:07",https://wordpress.org/themes/the-fashion-woocommerce/,5.0,7.2,70
the-green,"The Green",0.5,0.4,https://downloads.wordpress.org/theme/the-green.0.5.zip,"2026-05-15 11:11:44",https://wordpress.org/themes/the-green/,,7.4,40
the-maverick,"The Maverick",0.1.3,0.1.2,https://downloads.wordpress.org/theme/the-maverick.0.1.3.zip,"2026-05-15 11:11:57",https://wordpress.org/themes/the-maverick/,,7.4,40
the-wonders,"The Wonders",0.3,0.2,https://downloads.wordpress.org/theme/the-wonders.0.3.zip,"2026-05-15 11:12:16",https://wordpress.org/themes/the-wonders/,,7.4,30
timeblog,TimeBlog,14.7,14.6,https://downloads.wordpress.org/theme/timeblog.14.7.zip,"2026-05-15 12:10:08",https://wordpress.org/themes/timeblog/,4.7,5.6,100
tour-planner-ebooking,"Tour Planner eBooking",0.4.6,0.4.5,https://downloads.wordpress.org/theme/tour-planner-ebooking.0.4.6.zip,"2026-05-15 10:48:19",https://wordpress.org/themes/tour-planner-ebooking/,5.0,7.2,40
video-podcasting,"Video Podcasting",1.1.4,1.1.3,https://downloads.wordpress.org/theme/video-podcasting.1.1.4.zip,"2026-05-15 11:45:38",https://wordpress.org/themes/video-podcasting/,5.0,7.2,100
videography-studio,"Videography Studio",0.9.2,0.8.8,https://downloads.wordpress.org/theme/videography-studio.0.9.2.zip,"2026-05-15 10:57:30",https://wordpress.org/themes/videography-studio/,5.0,5.6,40
vw-dark,"VW Dark",0.9.9,0.9.8,https://downloads.wordpress.org/theme/vw-dark.0.9.9.zip,"2026-05-15 11:46:24",https://wordpress.org/themes/vw-dark/,5.0,7.2,100
vw-handyman-services,"VW Handyman Services",1.2.3,1.2.2,https://downloads.wordpress.org/theme/vw-handyman-services.1.2.3.zip,"2026-05-15 11:48:23",https://wordpress.org/themes/vw-handyman-services/,5.0,7.2,50
vw-kids-store,"VW Kids Store",1.9.7,1.9.6,https://downloads.wordpress.org/theme/vw-kids-store.1.9.7.zip,"2026-05-15 12:05:22",https://wordpress.org/themes/vw-kids-store/,5.0,7.2,100
vw-kindergarten,"VW Kindergarten",1.1.4,1.1.3,https://downloads.wordpress.org/theme/vw-kindergarten.1.1.4.zip,"2026-05-15 12:12:04",https://wordpress.org/themes/vw-kindergarten/,5.0,7.2,300
vw-wellness-coach,"VW Wellness Coach",2.2.5,2.2.4,https://downloads.wordpress.org/theme/vw-wellness-coach.2.2.5.zip,"2026-05-15 12:12:30",https://wordpress.org/themes/vw-wellness-coach/,5.0,7.2,200
web-designer,"Web Designer",0.9.5,0.9.4,https://downloads.wordpress.org/theme/web-designer.0.9.5.zip,"2026-05-15 12:16:11",https://wordpress.org/themes/web-designer/,5.0,7.2,100
webaura,WebAura,3.0,2.9,https://downloads.wordpress.org/theme/webaura.3.0.zip,"2026-05-15 12:08:10",https://wordpress.org/themes/webaura/,4.7,5.6,80
webora,Webora,4.7,4.6,https://downloads.wordpress.org/theme/webora.4.7.zip,"2026-05-15 12:02:58",https://wordpress.org/themes/webora/,4.7,5.6,100
websy,Websy,4.7,4.6,https://downloads.wordpress.org/theme/websy.4.7.zip,"2026-05-15 12:07:42",https://wordpress.org/themes/websy/,4.7,5.6,200
charging-station,"Charging Station",0.3.8,0.3.7,https://downloads.wordpress.org/theme/charging-station.0.3.8.zip,"2026-05-15 14:32:27",https://wordpress.org/themes/charging-station/,,7.2,10
jaxon,Jaxon,1.0.12,1.0.11,https://downloads.wordpress.org/theme/jaxon.1.0.12.zip,"2026-05-15 13:42:15",https://wordpress.org/themes/jaxon/,5.5,7.0,2000
soccer-club-academy,"Soccer Club Academy",0.4,0.3.9,https://downloads.wordpress.org/theme/soccer-club-academy.0.4.zip,"2026-05-15 14:33:47",https://wordpress.org/themes/soccer-club-academy/,,5.6,80
