Slug,Name,Version,"Previous Version","Download Link",Released,"WordPress.org URL","Required WP","Required PHP","Active Installs"
conekta-payment-gateway,"Conekta Payment Gateway",5.0.6,5.0.2,https://downloads.wordpress.org/plugin/conekta-payment-gateway.5.0.6.zip,"2024-11-01 00:07:00",https://wordpress.org/plugins/conekta-payment-gateway/,6.1,7.4
wpematico,"WPeMatico RSS Feed Fetcher",2.7.10,2.7.7.1,https://downloads.wordpress.org/plugin/wpematico.2.7.10.zip,"2024-11-01 00:27:00",https://wordpress.org/plugins/wpematico/,4.8,7.0
handmade-dropshipping-for-etsy-and-woo,"HANDMADE – Dropshipping for Etsy and WooCommerce",1.0.0,,https://downloads.wordpress.org/plugin/handmade-dropshipping-for-etsy-and-woo.zip,"2024-11-01 01:21:00",https://wordpress.org/plugins/handmade-dropshipping-for-etsy-and-woo/,6.2,7.0
acumulus,Acumulus,8.3.4,8.2.0,https://downloads.wordpress.org/plugin/acumulus.zip,"2024-11-01 08:41:00",https://wordpress.org/plugins/acumulus/,5.9,8.0
cleantalk-spam-protect,"Spam protection, Anti-Spam, FireWall by CleanTalk",6.44,6.43.1,https://downloads.wordpress.org/plugin/cleantalk-spam-protect.6.44.zip,"2024-11-01 08:48:00",https://wordpress.org/plugins/cleantalk-spam-protect/,4.7,5.6
customize-my-account-for-woocommerce,"SysBasics Customize My Account for WooCommerce",2.7.25,2.7.18,https://downloads.wordpress.org/plugin/customize-my-account-for-woocommerce.2.7.25.zip,"2024-11-01 08:19:00",https://wordpress.org/plugins/customize-my-account-for-woocommerce/,3.3,5.2
email-template-customizer-for-woo,"Email Template Customizer for WooCommerce",1.2.7,1.2.6,https://downloads.wordpress.org/plugin/email-template-customizer-for-woo.zip,"2024-11-01 08:54:00",https://wordpress.org/plugins/email-template-customizer-for-woo/,5.0,7.0
linkedin-auto-publish,"WP to LinkedIn Auto Publish",1.9.4,1.9.2,https://downloads.wordpress.org/plugin/linkedin-auto-publish.1.9.4.zip,"2024-11-01 09:23:00",https://wordpress.org/plugins/linkedin-auto-publish/,2.8,
logistra-woocommerce-integrasjon-fra-wildrobot-app,"Freight Integration for Woocommerce to Logistra Cargonizer or Profrakt by WildRobot",7.5.0,7.4.3,https://downloads.wordpress.org/plugin/logistra-woocommerce-integrasjon-fra-wildrobot-app.7.5.0.zip,"2024-11-01 09:19:00",https://wordpress.org/plugins/logistra-woocommerce-integrasjon-fra-wildrobot-app/,5.1,
mine-cloudvod,"Video and Audio Player for WordPress – Mine CloudVod LMS",1.9.18,1.9.17,https://downloads.wordpress.org/plugin/mine-cloudvod.zip,"2024-11-01 06:57:00",https://wordpress.org/plugins/mine-cloudvod/,6.1,7.0
morkva-ua-shipping,"Morkva UA Shipping",1.0.8,1.0.7,https://downloads.wordpress.org/plugin/morkva-ua-shipping.1.0.8.zip,"2024-11-01 07:23:00",https://wordpress.org/plugins/morkva-ua-shipping/,5.0,7.0
pop-up-pop-up,Pop-up,1.2.7,1.2.6,https://downloads.wordpress.org/plugin/pop-up-pop-up.1.2.7.zip,"2024-11-01 08:51:00",https://wordpress.org/plugins/pop-up-pop-up/,4.6,5.6
secure-wp-admin,"Secure WP Admin",1.4.2,1.4.1,https://downloads.wordpress.org/plugin/secure-wp-admin.1.4.2.zip,"2024-11-01 08:16:00",https://wordpress.org/plugins/secure-wp-admin/,4.0,
security-malware-firewall,"Security & Malware scan by CleanTalk",2.145.1,2.142,https://downloads.wordpress.org/plugin/security-malware-firewall.2.145.1.zip,"2024-11-01 07:52:00",https://wordpress.org/plugins/security-malware-firewall/,5.0,5.6
storelinkr,StoreLinkr,2.3.7,2.3.2,https://downloads.wordpress.org/plugin/storelinkr.2.3.7.zip,"2024-11-01 08:08:00",https://wordpress.org/plugins/storelinkr/,6.4,
user-management,"User Management",1.1,1.0,https://downloads.wordpress.org/plugin/user-management.1.1.zip,"2024-11-01 07:53:00",https://wordpress.org/plugins/user-management/,5.2,7.0
wdesignkit,"WDesignKit – Elementor & Gutenberg Starter Templates, Patterns, Cloud Workspace & Widget Builder",1.0.40,1.0.39,https://downloads.wordpress.org/plugin/wdesignkit.1.0.40.zip,"2024-11-01 07:42:00",https://wordpress.org/plugins/wdesignkit/,5.7.0,5.6
writerx,WriterX,1.3.8,1.3.6,https://downloads.wordpress.org/plugin/writerx.1.3.8.zip,"2024-11-01 09:19:00",https://wordpress.org/plugins/writerx/,5.0,
conzent,"Conzent – Cookie Banner – Conzent CMP – Google CMP & IAB TCF Certified",1.0.9,,https://downloads.wordpress.org/plugin/conzent.zip,"2024-11-01 09:09:00",https://wordpress.org/plugins/conzent/,5.8,7.3
data-diagrams,"Data Diagrams",1.0,,https://downloads.wordpress.org/plugin/data-diagrams.zip,"2024-11-01 08:54:00",https://wordpress.org/plugins/data-diagrams/,6.0,
robo-ivr-call-pakistan,"Robo IVR Call Pakistan",1.0.0,,https://downloads.wordpress.org/plugin/robo-ivr-call-pakistan.1.0.0.zip,"2024-11-01 09:18:00",https://wordpress.org/plugins/robo-ivr-call-pakistan/,5.0,5.4
security-header,"Security Header",2.0,,https://downloads.wordpress.org/plugin/security-header.zip,"2024-11-01 07:09:00",https://wordpress.org/plugins/security-header/,5.0,7.0
storelinkr,StoreLinkr,2.4.0,2.3.7,https://downloads.wordpress.org/plugin/storelinkr.2.4.0.zip,"2024-11-01 10:06:00",https://wordpress.org/plugins/storelinkr/,6.4,
acf-frontend-form-element,"Frontend Admin by DynamiApps",3.24.4,3.24.1,https://downloads.wordpress.org/plugin/acf-frontend-form-element.3.24.4.zip,"2024-11-01 14:44:00",https://wordpress.org/plugins/acf-frontend-form-element/,4.6,5.6.0
acf-views,"Advanced Views Framework – Display Posts, WooCommerce, ACF, MetaBox and Pods fields",3.7.6,3.7.5,https://downloads.wordpress.org/plugin/acf-views.3.7.6.zip,"2024-11-01 13:00:00",https://wordpress.org/plugins/acf-views/,5.5,7.4
administrator-z,"Administrator Z",2024.10.27,2024.10.12,https://downloads.wordpress.org/plugin/administrator-z.zip,"2024-11-01 14:34:00",https://wordpress.org/plugins/administrator-z/,6.0,8.0
age-verification-screen-for-woocommerce,"Age Verification Screen for WooCommerce",1.1.1,1.1.0,https://downloads.wordpress.org/plugin/age-verification-screen-for-woocommerce.1.1.1.zip,"2024-11-01 13:50:00",https://wordpress.org/plugins/age-verification-screen-for-woocommerce/,5.6.1,5.6
automatically-hierarchic-categories-in-menu,"Automatically Hierarchic Categories in Menu",2.0.7,2.0.5,https://downloads.wordpress.org/plugin/automatically-hierarchic-categories-in-menu.2.0.7.zip,"2024-11-01 14:27:00",https://wordpress.org/plugins/automatically-hierarchic-categories-in-menu/,5.0.2,5.6
bc-woo-custom-thank-you-pages,"Custom Thank You Page Customize For WooCommerce by Binary Carpenter",1.4.19,1.4.17,https://downloads.wordpress.org/plugin/bc-woo-custom-thank-you-pages.zip,"2024-11-01 14:53:00",https://wordpress.org/plugins/bc-woo-custom-thank-you-pages/,5.0,5.3
bitfinex-pay,"Bitfinex Pay",3.2.1,3.2.0,https://downloads.wordpress.org/plugin/bitfinex-pay.3.2.1.zip,"2024-11-01 14:23:00",https://wordpress.org/plugins/bitfinex-pay/,6.0,7.4
conditional-logic-for-woo-product-add-ons,"Conditional Logic for Woo Product Add-ons",2.1.6,2.1.4,https://downloads.wordpress.org/plugin/conditional-logic-for-woo-product-add-ons.2.1.6.zip,"2024-11-01 13:46:00",https://wordpress.org/plugins/conditional-logic-for-woo-product-add-ons/,4.2,7.2
constellation-client-portal,"Constellation Client Portal",1.10.0,1.9.0,https://downloads.wordpress.org/plugin/constellation-client-portal.1.10.0.zip,"2024-11-01 12:51:00",https://wordpress.org/plugins/constellation-client-portal/,6.0.0,7.4
cost-of-goods-for-woocommerce,"Cost of Goods: Product Cost & Profit Calculator for WooCommerce",3.5.7,3.5.4,https://downloads.wordpress.org/plugin/cost-of-goods-for-woocommerce.3.5.7.zip,"2024-11-01 13:32:00",https://wordpress.org/plugins/cost-of-goods-for-woocommerce/,6.1,
css-chat-button,"CSS chat button",1.0.2,1.0.1,https://downloads.wordpress.org/plugin/css-chat-button.1.0.2.zip,"2024-11-01 14:20:00",https://wordpress.org/plugins/css-chat-button/,3.0.1,5.6
database-backup,"Database Backup and check Tables Automated With Scheduler 2024",2.32,2.30,https://downloads.wordpress.org/plugin/database-backup.2.32.zip,"2024-11-01 15:08:00",https://wordpress.org/plugins/database-backup/,5.2,
disable-user-password-reset-emails,"Disable User Password Reset Admin Notifications",1.9,1.8,https://downloads.wordpress.org/plugin/disable-user-password-reset-emails.zip,"2024-11-01 14:59:00",https://wordpress.org/plugins/disable-user-password-reset-emails/,4.9,7.4
gutenberg,Gutenberg,19.5.1,19.5.0,https://downloads.wordpress.org/plugin/gutenberg.19.5.1.zip,"2024-11-01 13:20:00",https://wordpress.org/plugins/gutenberg/,6.5,7.2
hide-site-title,"Hide Title Remove, Hide Page And Post Title",1.07,1.05,https://downloads.wordpress.org/plugin/hide-site-title.1.07.zip,"2024-11-01 12:59:00",https://wordpress.org/plugins/hide-site-title/,4.0,
import-cdn-remote-images,"Import CDN-Remote Images",2.1.2,2.01,https://downloads.wordpress.org/plugin/import-cdn-remote-images.2.1.2.zip,"2024-11-01 13:47:00",https://wordpress.org/plugins/import-cdn-remote-images/,4.7.4,5.6
inavii-social-feed-for-elementor,"Inavii for Elementor Social Feed",2.7.2,2.7.1,https://downloads.wordpress.org/plugin/inavii-social-feed-for-elementor.2.7.2.zip,"2024-11-01 13:37:00",https://wordpress.org/plugins/inavii-social-feed-for-elementor/,5.6,7.4
list-last-changes,"List Last Changes",1.2.0,1.1.2,https://downloads.wordpress.org/plugin/list-last-changes.1.2.0.zip,"2024-11-01 13:07:00",https://wordpress.org/plugins/list-last-changes/,4.6.0,
powerpress,"PowerPress Podcasting plugin by Blubrry",11.10.2,11.10.0,https://downloads.wordpress.org/plugin/powerpress.11.10.2.zip,"2024-11-01 13:17:00",https://wordpress.org/plugins/powerpress/,3.6,5.2
subscribers-members-based-pricing,"Subscribers & Members Based Pricing",1.0.1,1.0.0,https://downloads.wordpress.org/plugin/subscribers-members-based-pricing.1.0.1.zip,"2024-11-01 13:56:00",https://wordpress.org/plugins/subscribers-members-based-pricing/,5.0,7.0
summarizes,Summarizes,2.0.2,2.0.0,https://downloads.wordpress.org/plugin/summarizes.zip,"2024-11-01 15:08:00",https://wordpress.org/plugins/summarizes/,5.3,7.0
the-bot-forge-chatbot,"The Bot Forge Chatbot",1.6.2,1.6.1,https://downloads.wordpress.org/plugin/the-bot-forge-chatbot.1.6.2.zip,"2024-11-01 14:17:00",https://wordpress.org/plugins/the-bot-forge-chatbot/,5.0,7.2
wpsso-commerce-manager-catalog-feed,"WPSSO Commerce Manager Catalog Feed XML",4.8.0,4.7.0,https://downloads.wordpress.org/plugin/wpsso-commerce-manager-catalog-feed.4.8.0.zip,"2024-11-01 14:22:00",https://wordpress.org/plugins/wpsso-commerce-manager-catalog-feed/,5.9,7.4.33
wpsso-google-merchant-feed,"WPSSO Google Merchant Feed XML",9.8.0,9.7.0,https://downloads.wordpress.org/plugin/wpsso-google-merchant-feed.9.8.0.zip,"2024-11-01 14:23:00",https://wordpress.org/plugins/wpsso-google-merchant-feed/,5.9,7.4.33
wpsso,"WPSSO Core – The Complete Structured Data SEO Plugin",18.16.0,18.15.0,https://downloads.wordpress.org/plugin/wpsso.18.16.0.zip,"2024-11-01 14:22:00",https://wordpress.org/plugins/wpsso/,5.9,7.4.33
block-editor-disabler,"Block Editor Disabler",1.0.0,,https://downloads.wordpress.org/plugin/block-editor-disabler.1.0.0.zip,"2024-11-01 14:52:00",https://wordpress.org/plugins/block-editor-disabler/,6.2.2,
muzapay,MúzaPay,0.1.1,,https://downloads.wordpress.org/plugin/muzapay.0.1.1.zip,"2024-11-01 13:45:00",https://wordpress.org/plugins/muzapay/,6.0.9,8.0.0
store-locations-map,"Store Locations Map",1.0.0,,https://downloads.wordpress.org/plugin/store-locations-map.zip,"2024-11-01 14:24:00",https://wordpress.org/plugins/store-locations-map/,5.2,7.2
tci-block-role-control,"TCI Block Role Control",1.2,,https://downloads.wordpress.org/plugin/tci-block-role-control.1.2.zip,"2024-11-01 13:56:00",https://wordpress.org/plugins/tci-block-role-control/,5.0,
users-bulk-delete-with-preview,"Users Bulk Delete With Preview",1.1.0,,https://downloads.wordpress.org/plugin/users-bulk-delete-with-preview.1.1.0.zip,"2024-11-01 12:45:00",https://wordpress.org/plugins/users-bulk-delete-with-preview/,6.2,8.0
webp-transformer,"Webp Transformer",1.0,,https://downloads.wordpress.org/plugin/webp-transformer.1.0.zip,"2024-11-01 14:12:00",https://wordpress.org/plugins/webp-transformer/,5.4,8.1
wp-connectr,"WPConnectr: Power Automate integration",1.0.1,,https://downloads.wordpress.org/plugin/wp-connectr.1.0.1.zip,"2024-11-01 14:38:00",https://wordpress.org/plugins/wp-connectr/,4.7,7.2.0
ac-custom-loop-shortcode,"AC Custom Loop Shortcode",1.5.1,1.5,https://downloads.wordpress.org/plugin/ac-custom-loop-shortcode.1.5.1.zip,"2024-11-01 16:16:00",https://wordpress.org/plugins/ac-custom-loop-shortcode/,5.2,5.2.4
webp-transformer,"Webp Transformer",1.0.1,1.0,https://downloads.wordpress.org/plugin/webp-transformer.1.0.1.zip,"2024-11-01 16:01:00",https://wordpress.org/plugins/webp-transformer/,6.0,8.1
accessibility-checker,"Equalize Digital Accessibility Checker – Audit Your Website for WCAG, ADA, and Section 508 Accessibility Errors",1.16.1,1.16.0,https://downloads.wordpress.org/plugin/accessibility-checker.1.16.1.zip,"2024-11-01 18:26:00",https://wordpress.org/plugins/accessibility-checker/,6.2,
am-cookies,"AM Cookies",1.2.2,1.0.2,https://downloads.wordpress.org/plugin/am-cookies.1.2.2.zip,"2024-11-01 19:31:00",https://wordpress.org/plugins/am-cookies/,5.9,7.0
bold-page-builder,"Bold Page Builder",5.2.1,5.1.4,https://downloads.wordpress.org/plugin/bold-page-builder.5.2.1.zip,"2024-11-01 19:21:00",https://wordpress.org/plugins/bold-page-builder/,5.0,
cache-warmer,"Cache Warmer",1.3.7,1.3.4,https://downloads.wordpress.org/plugin/cache-warmer.1.3.7.zip,"2024-11-01 21:04:00",https://wordpress.org/plugins/cache-warmer/,,7.4
connect-contact-form-7-to-constant-contact-v3,"Connect Contact Form 7 to Constant Contact V3",1.5,1.4,https://downloads.wordpress.org/plugin/connect-contact-form-7-to-constant-contact-v3.1.5.zip,"2024-11-01 19:18:00",https://wordpress.org/plugins/connect-contact-form-7-to-constant-contact-v3/,4.8,7.0
core-rollback,"Core Rollback",1.3.6,1.3.5,https://downloads.wordpress.org/plugin/core-rollback.1.3.6.zip,"2024-11-01 18:54:00",https://wordpress.org/plugins/core-rollback/,4.1,5.6
identity-verification-for-woocommerce,"Real ID: Identity Verification for WooCommerce",1.16.3,1.16.1,https://downloads.wordpress.org/plugin/identity-verification-for-woocommerce.1.16.3.zip,"2024-11-01 20:27:00",https://wordpress.org/plugins/identity-verification-for-woocommerce/,4.8,7.4
local-development,"Local Development",2.9.0,2.8.4,https://downloads.wordpress.org/plugin/local-development.2.9.0.zip,"2024-11-01 18:26:00",https://wordpress.org/plugins/local-development/,4.6,5.6
site-reviews,"Site Reviews",7.2.3,7.2.2,https://downloads.wordpress.org/plugin/site-reviews.7.2.3.zip,"2024-11-01 20:27:00",https://wordpress.org/plugins/site-reviews/,6.1,7.4
skip-updates,"Skip Updates",1.2.2,1.2.1,https://downloads.wordpress.org/plugin/skip-updates.1.2.2.zip,"2024-11-01 18:34:00",https://wordpress.org/plugins/skip-updates/,5.2,5.6
test-reports,"Test Reports",1.2.0,1.1.0,https://downloads.wordpress.org/plugin/test-reports.1.2.0.zip,"2024-11-01 18:41:00",https://wordpress.org/plugins/test-reports/,5.9,7.0
wp-debugging,"WP Debugging",2.12.0,2.11.24,https://downloads.wordpress.org/plugin/wp-debugging.2.12.0.zip,"2024-11-01 18:44:00",https://wordpress.org/plugins/wp-debugging/,5.2,5.6
cyrillic2latin,"Cyrillic 2 Latin",1.0,,https://downloads.wordpress.org/plugin/cyrillic2latin.zip,"2024-11-01 21:18:00",https://wordpress.org/plugins/cyrillic2latin/,5.2,7.2
blizhost-cache-purge,"Blizhost CloudCache Purge – Speed, Security, and Optimization",5.0.1,4.0.6,https://downloads.wordpress.org/plugin/blizhost-cache-purge.5.0.1.zip,"2024-11-02 01:51:00",https://wordpress.org/plugins/blizhost-cache-purge/,4.4,5.6
fantazy-sidebar,"Fantazy Sidebar",1.6.4,1.6.3,https://downloads.wordpress.org/plugin/fantazy-sidebar.1.6.4.zip,"2024-11-02 01:47:00",https://wordpress.org/plugins/fantazy-sidebar/,5.8,7.4
ctcl-analytics,"CTCL Analytics",1.1.0,,https://downloads.wordpress.org/plugin/ctcl-analytics.1.1.0.zip,"2024-11-02 04:12:00",https://wordpress.org/plugins/ctcl-analytics/,5.5.2,7.4.9
advanced-post-block,"Advanced Post Block- Great solution for displaying Posts",1.14.9,1.14.6,https://downloads.wordpress.org/plugin/advanced-post-block.1.14.9.zip,"2024-11-02 10:29:00",https://wordpress.org/plugins/advanced-post-block/,6.2,7.1
content-slider-block,"Content Slider Block",3.1.6,3.1.5,https://downloads.wordpress.org/plugin/content-slider-block.3.1.6.zip,"2024-11-02 09:59:00",https://wordpress.org/plugins/content-slider-block/,6.2,7.1
csv-importer-plus-for-acf,"CSV Importer Plus for ACF",1.0.8,1.0.4,https://downloads.wordpress.org/plugin/csv-importer-plus-for-acf.1.0.8.zip,"2024-11-02 10:25:00",https://wordpress.org/plugins/csv-importer-plus-for-acf/,5.8,5.6.20
deny-all-firewall,"Deny All Firewall",1.8.2,1.8.1,https://downloads.wordpress.org/plugin/deny-all-firewall.1.8.2.zip,"2024-11-02 11:45:00",https://wordpress.org/plugins/deny-all-firewall/,4.7.0,5.6
disable-payment-method-for-woocommerce,"Disable payment method / COD fees / Advance COD or Partial payment for Order for WooCommerce",1.1.7.66,1.1.7.64,https://downloads.wordpress.org/plugin/disable-payment-method-for-woocommerce.1.1.7.66.zip,"2024-11-02 10:02:00",https://wordpress.org/plugins/disable-payment-method-for-woocommerce/,4.0.1,
inactive-logout,"Inactive Logout",3.4.5,3.4.4,https://downloads.wordpress.org/plugin/inactive-logout.3.4.5.zip,"2024-11-02 10:19:00",https://wordpress.org/plugins/inactive-logout/,5.8,7.4
inet-webkit,"iNET Webkit",1.1.9,1.1.8,https://downloads.wordpress.org/plugin/inet-webkit.1.1.9.zip,"2024-11-02 09:49:00",https://wordpress.org/plugins/inet-webkit/,5.5,
list-of-contents,"List of Contents",1.0.5,1.0.4,https://downloads.wordpress.org/plugin/list-of-contents.1.0.5.zip,"2024-11-02 10:41:00",https://wordpress.org/plugins/list-of-contents/,5.0,7.0
sortable-dashboard-to-do-list,"Sortable Dashboard To-Do List",2.1.5,2.1.3,https://downloads.wordpress.org/plugin/sortable-dashboard-to-do-list.2.1.5.zip,"2024-11-02 12:44:00",https://wordpress.org/plugins/sortable-dashboard-to-do-list/,5.0,7.2.0
ultimate-addons-for-gutenberg,"Spectra – WordPress Gutenberg Blocks",2.16.3,2.16.0,https://downloads.wordpress.org/plugin/ultimate-addons-for-gutenberg.2.16.3.zip,"2024-11-02 10:59:00",https://wordpress.org/plugins/ultimate-addons-for-gutenberg/,5.6,7.4
users-bulk-delete-with-preview,"Users Bulk Delete With Preview",1.1.1,1.1.0,https://downloads.wordpress.org/plugin/users-bulk-delete-with-preview.1.1.1.zip,"2024-11-02 10:30:00",https://wordpress.org/plugins/users-bulk-delete-with-preview/,6.2,8.0
wcpas-product-attributes-shortcode,"Product Attributes Shortcode",2.0.2,2.0.1,https://downloads.wordpress.org/plugin/wcpas-product-attributes-shortcode.2.0.2.zip,"2024-11-02 11:53:00",https://wordpress.org/plugins/wcpas-product-attributes-shortcode/,6.3.0,7.4.0
wcpscr-product-search-category-redirect,"Product Search Category Redirect",1.4.1,1.4.0,https://downloads.wordpress.org/plugin/wcpscr-product-search-category-redirect.1.4.1.zip,"2024-11-02 12:19:00",https://wordpress.org/plugins/wcpscr-product-search-category-redirect/,6.3.0,7.4.0
woof-by-category,"WOOF by Category",3.2.0,3.1.1,https://downloads.wordpress.org/plugin/woof-by-category.3.2.0.zip,"2024-11-02 12:30:00",https://wordpress.org/plugins/woof-by-category/,5.0,7.0
xml-for-avito,"XML for Avito",2.5.2,2.5.1,https://downloads.wordpress.org/plugin/xml-for-avito.2.5.2.zip,"2024-11-02 11:36:00",https://wordpress.org/plugins/xml-for-avito/,4.5,7.4.0
avatars-minecraft,"Avatars Minecraft",2.0.1,,https://downloads.wordpress.org/plugin/avatars-minecraft.1.0.0.zip,"2024-11-02 11:04:00",https://wordpress.org/plugins/avatars-minecraft/,4.7,7.0
kleingarten,Kleingarten,1.0.0,,https://downloads.wordpress.org/plugin/kleingarten.1.0.0.zip,"2024-11-02 12:32:00",https://wordpress.org/plugins/kleingarten/,4.0,
poptics,"Poptics – Popup Builder for Lead Generation, Conversions, and Forms for Email Options",1.0.1,,https://downloads.wordpress.org/plugin/poptics.1.0.1.zip,"2024-11-02 12:28:00",https://wordpress.org/plugins/poptics/,5.2,7.3
pt-filter,"PT Filter",1.0.0,,https://downloads.wordpress.org/plugin/pt-filter.zip,"2024-11-02 10:56:00",https://wordpress.org/plugins/pt-filter/,6.2,7.4
replyto,"Reply-To for WP_Mail",1.0.2,,https://downloads.wordpress.org/plugin/replyto.1.0.2.zip,"2024-11-02 09:52:00",https://wordpress.org/plugins/replyto/,4.1,5.6
breeze-checkout,"Breeze Checkout",1.1.0,1.0.0,https://downloads.wordpress.org/plugin/breeze-checkout.1.1.0.zip,"2024-11-02 16:49:00",https://wordpress.org/plugins/breeze-checkout/,6.3,7.4
carousel-block,"Carousel Slider Block for Gutenberg",1.0.16,1.0.14,https://downloads.wordpress.org/plugin/carousel-block.1.0.16.zip,"2024-11-02 19:21:00",https://wordpress.org/plugins/carousel-block/,6.1,7.0
check-search-engine-visibility-on-migration,"Check Search Engine Visibility on Migration",0.2.9,0.2.8,https://downloads.wordpress.org/plugin/check-search-engine-visibility-on-migration.0.2.9.zip,"2024-11-02 17:43:00",https://wordpress.org/plugins/check-search-engine-visibility-on-migration/,3.0,
doliconnect,Doliconnect,8.10.6,8.9.20,https://downloads.wordpress.org/plugin/doliconnect.8.10.6.zip,"2024-11-02 17:43:00",https://wordpress.org/plugins/doliconnect/,5.0,7.4
doubles-rotation-tournament,"Rotation Tournaments",1.3.6,1.3.5,https://downloads.wordpress.org/plugin/doubles-rotation-tournament.1.3.6.zip,"2024-11-02 18:42:00",https://wordpress.org/plugins/doubles-rotation-tournament/,4.7,
ebay-feeds-for-wordpress,"WP eBay Product Feeds",3.4.6,3.4.5,https://downloads.wordpress.org/plugin/ebay-feeds-for-wordpress.3.4.6.zip,"2024-11-02 17:46:00",https://wordpress.org/plugins/ebay-feeds-for-wordpress/,3.0,
freelance-availability-widget,"Freelance Availability Widget",2.2.3,2.2.2,https://downloads.wordpress.org/plugin/freelance-availability-widget.2.2.3.zip,"2024-11-02 17:54:00",https://wordpress.org/plugins/freelance-availability-widget/,3.0.1,5.6
greenshift-animation-and-page-builder-blocks,"Greenshift – animation and page builder blocks",9.9.9.1,9.9.9,https://downloads.wordpress.org/plugin/greenshift-animation-and-page-builder-blocks.9.9.9.1.zip,"2024-11-02 17:58:00",https://wordpress.org/plugins/greenshift-animation-and-page-builder-blocks/,6.3,7.0
inline-tweet-sharer,"Inline Tweet Sharer – Twitter Sharing Plugin",2.6.7,2.6.6,https://downloads.wordpress.org/plugin/inline-tweet-sharer.2.6.7.zip,"2024-11-02 17:55:00",https://wordpress.org/plugins/inline-tweet-sharer/,3.8,
lgv-anmeldesystem,lgv-anmeldesystem,1.22,1.21,https://downloads.wordpress.org/plugin/lgv-anmeldesystem.zip,"2024-11-02 16:35:00",https://wordpress.org/plugins/lgv-anmeldesystem/,4.6,5.2.4
meetinghub,"Zoom Meeting, Jitsi Meet, Webex, & Google Meet – All-in-One Webinar & Video Conference Solution for WordPress: MeetingHub",1.18.2,1.18.1,https://downloads.wordpress.org/plugin/meetinghub.1.18.2.zip,"2024-11-02 17:21:00",https://wordpress.org/plugins/meetinghub/,5.0,7.2
notipress-noticias,"NotiPress Noticias",1.4.10,1.4.4,https://downloads.wordpress.org/plugin/notipress-noticias.1.4.10.zip,"2024-11-02 18:35:00",https://wordpress.org/plugins/notipress-noticias/,5.0,5.6
preload-lcp-image,"Preload LCP Image",1.3.1,1.3,https://downloads.wordpress.org/plugin/preload-lcp-image.1.3.1.zip,"2024-11-02 17:57:00",https://wordpress.org/plugins/preload-lcp-image/,6.1.1,8.0
saml-sso-wp-single-sign-on,"Login With SSO",1.3.5,1.3.4,https://downloads.wordpress.org/plugin/saml-sso-wp-single-sign-on.zip,"2024-11-02 18:39:00",https://wordpress.org/plugins/saml-sso-wp-single-sign-on/,3.9,7.1
sina-extension-for-elementor,"Sina Extension for Elementor (Slider, Gallery, Form, Modal, Data Table, Tab, Particle, Free Elementor Widgets & Elementor Templates)",3.5.9,3.5.7,https://downloads.wordpress.org/plugin/sina-extension-for-elementor.3.5.9.zip,"2024-11-02 16:30:00",https://wordpress.org/plugins/sina-extension-for-elementor/,4.8,7.0
specific-content-for-mobile,"Specific Content For Mobile – Customize the mobile version without redirections",0.3.0,0.2.3,https://downloads.wordpress.org/plugin/specific-content-for-mobile.0.3.0.zip,"2024-11-02 18:09:00",https://wordpress.org/plugins/specific-content-for-mobile/,4.6,5.6
template-editor,"Options for Block Themes",1.3.5,1.3.3,https://downloads.wordpress.org/plugin/template-editor.1.3.5.zip,"2024-11-02 18:58:00",https://wordpress.org/plugins/template-editor/,5.8,5.6
toocheke-companion,"Toocheke Companion",1.156,1.152,https://downloads.wordpress.org/plugin/toocheke-companion.1.156.zip,"2024-11-02 17:10:00",https://wordpress.org/plugins/toocheke-companion/,5.3,
wp-discord-invite,"WP Discord Invite",2.5.3,2.5.2,https://downloads.wordpress.org/plugin/wp-discord-invite.2.5.3.zip,"2024-11-02 19:15:00",https://wordpress.org/plugins/wp-discord-invite/,5.2,7.2
wp-email-capture,"WordPress Email Marketing Plugin – WP Email Capture",3.12.3,3.12.2,https://downloads.wordpress.org/plugin/wp-email-capture.3.12.3.zip,"2024-11-02 18:01:00",https://wordpress.org/plugins/wp-email-capture/,5.0,
yaypricing,"YayPricing – WooCommerce Dynamic Pricing & Discounts",3.4.1,3.3,https://downloads.wordpress.org/plugin/yaypricing.zip,"2024-11-02 19:02:00",https://wordpress.org/plugins/yaypricing/,3.0,5.7
doliconnect,Doliconnect,8.10.7,8.10.6,https://downloads.wordpress.org/plugin/doliconnect.8.10.7.zip,"2024-11-02 19:40:00",https://wordpress.org/plugins/doliconnect/,5.0,7.4
customize-my-account-for-woocommerce,"SysBasics Customize My Account for WooCommerce",2.7.27,2.7.25,https://downloads.wordpress.org/plugin/customize-my-account-for-woocommerce.2.7.27.zip,"2024-11-03 01:50:00",https://wordpress.org/plugins/customize-my-account-for-woocommerce/,3.3,5.2
easy-login-woocommerce,"Login/Signup Popup ( Inline Form + Woocommerce )",2.8,2.7.8,https://downloads.wordpress.org/plugin/easy-login-woocommerce.2.8.zip,"2024-11-03 00:49:00",https://wordpress.org/plugins/easy-login-woocommerce/,3.0.1,
hd-quiz-save-results-light,"HD Quiz – Save Results Light",0.7.0,0.6,https://downloads.wordpress.org/plugin/hd-quiz-save-results-light.0.7.0.zip,"2024-11-03 01:11:00",https://wordpress.org/plugins/hd-quiz-save-results-light/,5.0,7.0
jobwp,"WordPress Job Board and Recruitment Plugin – JobWP",2.3.7,2.3.5,https://downloads.wordpress.org/plugin/jobwp.2.3.7.zip,"2024-11-03 01:06:00",https://wordpress.org/plugins/jobwp/,5.4,7.2
unwanted-cleaner,"Unwanted Cleaner",1.1.3,1.1.1,https://downloads.wordpress.org/plugin/unwanted-cleaner.1.1.3.zip,"2024-11-02 23:30:00",https://wordpress.org/plugins/unwanted-cleaner/,6.5,7.0
buzzgrid,BuzzGrid,1.0,,https://downloads.wordpress.org/plugin/buzzgrid.1.0.zip,"2024-11-02 23:06:00",https://wordpress.org/plugins/buzzgrid/,4.7,7.0
customize-my-account-for-woocommerce,"SysBasics Customize My Account for WooCommerce",2.7.28,2.7.27,https://downloads.wordpress.org/plugin/customize-my-account-for-woocommerce.2.7.28.zip,"2024-11-03 08:17:00",https://wordpress.org/plugins/customize-my-account-for-woocommerce/,3.3,5.2
ablocks,"aBlocks – WordPress Gutenberg Blocks",1.3.1,1.3.0,https://downloads.wordpress.org/plugin/ablocks.1.3.1.zip,"2024-11-03 07:28:00",https://wordpress.org/plugins/ablocks/,6.3,7.4
adirectory,"aDirectory – Directory Listing WordPress Plugin",1.3.3,1.3.1,https://downloads.wordpress.org/plugin/adirectory.1.3.3.zip,"2024-11-03 07:02:00",https://wordpress.org/plugins/adirectory/,6.0,7.4
block-styler-for-gravity-forms,"Block Styler For Gravity Forms",6.4.1,6.4.0,https://downloads.wordpress.org/plugin/block-styler-for-gravity-forms.6.4.1.zip,"2024-11-03 09:09:00",https://wordpress.org/plugins/block-styler-for-gravity-forms/,4.5,7.4
chakra-test,"Chakra test",1.0.1,1.0,https://downloads.wordpress.org/plugin/chakra-test.1.0.1.zip,"2024-11-03 08:02:00",https://wordpress.org/plugins/chakra-test/,5.6,7.0
contact-form-7,"Contact Form 7",6.0,5.9.8,https://downloads.wordpress.org/plugin/contact-form-7.6.0.zip,"2024-11-03 08:10:00",https://wordpress.org/plugins/contact-form-7/,6.6,7.4
docswrite,"Docswrite – Export Google Docs to Your Site ✨",1.2.19,1.2.18,https://downloads.wordpress.org/plugin/docswrite.1.2.19.zip,"2024-11-03 07:26:00",https://wordpress.org/plugins/docswrite/,3.5.0,5.3
food-recipes,"Food Recipes",3.2.2,3.2.1,https://downloads.wordpress.org/plugin/food-recipes.3.2.2.zip,"2024-11-03 09:08:00",https://wordpress.org/plugins/food-recipes/,5.5.1,7.4
ithemelandco-woo-report,"WooCommerce Report",1.5.2,1.5.1,https://downloads.wordpress.org/plugin/ithemelandco-woo-report.1.5.2.zip,"2024-11-03 07:40:00",https://wordpress.org/plugins/ithemelandco-woo-report/,5.3,5.2.4
packaging-fit,"Packaging Fit",1.0.2,1.0.0,https://downloads.wordpress.org/plugin/packaging-fit.1.0.2.zip,"2024-11-03 07:30:00",https://wordpress.org/plugins/packaging-fit/,5.0,7.4
stockpack,"StockPack – Stock photos from Unsplash, Adobe Stock and more",3.4.4,3.4.3,https://downloads.wordpress.org/plugin/stockpack.3.4.4.zip,"2024-11-03 07:21:00",https://wordpress.org/plugins/stockpack/,4.6,
super-socializer,"Social Share, Social Login and Social Comments Plugin – Super Socializer",7.14,7.13.66,https://downloads.wordpress.org/plugin/super-socializer.7.14.zip,"2024-11-03 07:24:00",https://wordpress.org/plugins/super-socializer/,2.5.0,
v-form,"Lifetime free Drag & Drop Contact Form Builder for WordPress VForm",3.0.2,2.1.9,https://downloads.wordpress.org/plugin/v-form.3.0.2.zip,"2024-11-03 08:52:00",https://wordpress.org/plugins/v-form/,5.6,7.0
website-testimonials,"Divi Testimonial Plus",6.3.2,6.3.0,https://downloads.wordpress.org/plugin/website-testimonials.6.3.2.zip,"2024-11-03 09:18:00",https://wordpress.org/plugins/website-testimonials/,4.5,7.4
yaad-sarig-payment-gateway-for-wc,"Yaad Sarig Payment Gateway For WC",2.2.4,2.2.3,https://downloads.wordpress.org/plugin/yaad-sarig-payment-gateway-for-wc.2.2.4.zip,"2024-11-03 09:06:00",https://wordpress.org/plugins/yaad-sarig-payment-gateway-for-wc/,6.0,5.4
custom-meta-field,"Custom Meta Field",1.0.0,,https://downloads.wordpress.org/plugin/custom-meta-field.zip,"2024-11-03 09:09:00",https://wordpress.org/plugins/custom-meta-field/,4.6,7.0
customize-my-account-for-woocommerce,"SysBasics Customize My Account for WooCommerce",2.7.29,2.7.28,https://downloads.wordpress.org/plugin/customize-my-account-for-woocommerce.2.7.29.zip,"2024-11-03 10:57:00",https://wordpress.org/plugins/customize-my-account-for-woocommerce/,3.3,5.2
acf-frontend-form-element,"Frontend Admin by DynamiApps",3.24.5,3.24.4,https://downloads.wordpress.org/plugin/acf-frontend-form-element.3.24.5.zip,"2024-11-03 15:29:00",https://wordpress.org/plugins/acf-frontend-form-element/,4.6,5.6.0
administrator-z,"Administrator Z",2024.11.02,2024.10.27,https://downloads.wordpress.org/plugin/administrator-z.zip,"2024-11-03 15:25:00",https://wordpress.org/plugins/administrator-z/,6.0,8.0
comment-mention,"Comment Mention",1.7.13,1.7.10,https://downloads.wordpress.org/plugin/comment-mention.1.7.13.zip,"2024-11-03 14:26:00",https://wordpress.org/plugins/comment-mention/,4.6,5.6
comment-reply-email-notification,"Comment Reply Email Notification",1.34.0,1.33.0,https://downloads.wordpress.org/plugin/comment-reply-email-notification.1.34.0.zip,"2024-11-03 15:08:00",https://wordpress.org/plugins/comment-reply-email-notification/,4.4.0,
es-woocommerce-activecampaign,"WooCommerce – ActiveCampaign",2.1.6,2.1.4,https://downloads.wordpress.org/plugin/es-woocommerce-activecampaign.2.1.6.zip,"2024-11-03 14:09:00",https://wordpress.org/plugins/es-woocommerce-activecampaign/,4.4,5.3
gutty-related-posts,"Gutty Related Posts",1.3,1.2,https://downloads.wordpress.org/plugin/gutty-related-posts.1.3.zip,"2024-11-03 15:10:00",https://wordpress.org/plugins/gutty-related-posts/,6.4,7.4
ifolders,"iFolders – Ultimate Folder Organizer for Media Library, Pages, Posts and Users",2.7.1,2.7.0,https://downloads.wordpress.org/plugin/ifolders.2.7.1.zip,"2024-11-03 15:38:00",https://wordpress.org/plugins/ifolders/,4.6,7.4
ipanorama-360-virtual-tour-builder-lite,"iPanorama 360 –  WordPress Virtual Tour Builder",1.8.6,1.8.5,https://downloads.wordpress.org/plugin/ipanorama-360-virtual-tour-builder-lite.1.8.6.zip,"2024-11-03 14:27:00",https://wordpress.org/plugins/ipanorama-360-virtual-tour-builder-lite/,4.6,7.4
joomsport-sports-league-results-management,"JoomSport – for Sports: Team & League, Football, Hockey & more",5.6.13,5.6.9,https://downloads.wordpress.org/plugin/joomsport-sports-league-results-management.5.6.13.zip,"2024-11-03 14:17:00",https://wordpress.org/plugins/joomsport-sports-league-results-management/,4.0,7.4
lightbox-photoswipe,"Lightbox with PhotoSwipe",5.4.1,5.4.0,https://downloads.wordpress.org/plugin/lightbox-photoswipe.5.4.1.zip,"2024-11-03 15:05:00",https://wordpress.org/plugins/lightbox-photoswipe/,5.3,
marketking-multivendor-marketplace-for-woocommerce,"MarketKing — Ultimate WooCommerce Multivendor Marketplace Solution",2.0.00,1.9.80,https://downloads.wordpress.org/plugin/marketking-multivendor-marketplace-for-woocommerce.2.0.00.zip,"2024-11-03 15:32:00",https://wordpress.org/plugins/marketking-multivendor-marketplace-for-woocommerce/,4.8,5.6.20
private-google-calendars,"Private Google Calendars",20241103,20240106,https://downloads.wordpress.org/plugin/private-google-calendars.zip,"2024-11-03 13:42:00",https://wordpress.org/plugins/private-google-calendars/,4.6,5.4.0
reset-password-removed,"Reset Password Removed",1.2,1.1,https://downloads.wordpress.org/plugin/reset-password-removed.1.2.zip,"2024-11-03 13:58:00",https://wordpress.org/plugins/reset-password-removed/,5.0,7.4
resetstock,Resetstock,1.1,1.0,https://downloads.wordpress.org/plugin/resetstock.1.1.zip,"2024-11-03 16:04:00",https://wordpress.org/plugins/resetstock/,6.0,
thumbsupsurvey-wp-client,"ThumbsUpSurvey WP Client",1.4.0,1.3.6,https://downloads.wordpress.org/plugin/thumbsupsurvey-wp-client.zip,"2024-11-03 15:47:00",https://wordpress.org/plugins/thumbsupsurvey-wp-client/,6.0,
timed-content,"Timed Content",2.91,2.90,https://downloads.wordpress.org/plugin/timed-content.2.91.zip,"2024-11-03 15:02:00",https://wordpress.org/plugins/timed-content/,3.8,
very-simple-event-list,"VS Event List",18.0,17.8,https://downloads.wordpress.org/plugin/very-simple-event-list.18.0.zip,"2024-11-03 13:59:00",https://wordpress.org/plugins/very-simple-event-list/,5.3,7.1
wc-venipak-shipping,"Shipping with Venipak for WooCommerce",1.22.6,1.22.5,https://downloads.wordpress.org/plugin/wc-venipak-shipping.1.22.6.zip,"2024-11-03 15:29:00",https://wordpress.org/plugins/wc-venipak-shipping/,4.4,
webstats-matomo,"Website statistics with Matomo",1.10,1.9,https://downloads.wordpress.org/plugin/webstats-matomo.1.10.zip,"2024-11-03 15:11:00",https://wordpress.org/plugins/webstats-matomo/,4.0,
woo-floating-cart-lite,"XT Floating Cart for WooCommerce",2.8.2,2.8.1,https://downloads.wordpress.org/plugin/woo-floating-cart-lite.2.8.2.zip,"2024-11-03 14:43:00",https://wordpress.org/plugins/woo-floating-cart-lite/,4.6,5.4
b7-random-number,"B7 Random Number",1.0.0,,https://downloads.wordpress.org/plugin/b7-random-number.1.0.0.zip,"2024-11-03 14:49:00",https://wordpress.org/plugins/b7-random-number/,5.9,7.2
new-floating-cart-for-woocommerce,"New Floating Cart for WooCommerce",1.0.2,,https://downloads.wordpress.org/plugin/new-floating-cart-for-woocommerce.zip,"2024-11-03 14:32:00",https://wordpress.org/plugins/new-floating-cart-for-woocommerce/,4.0,5.4
ris-cloudflare-captcha,"RIS Cloudflare CAPTCHA",1.0,,https://downloads.wordpress.org/plugin/ris-cloudflare-captcha.1.0.zip,"2024-11-03 14:03:00",https://wordpress.org/plugins/ris-cloudflare-captcha/,5.0,7.4
safercheckout-lite,"SaferCheckout Lite – Fraud prevention for WooCommerce",1.0,,https://downloads.wordpress.org/plugin/safercheckout-lite.1.0.zip,"2024-11-03 14:32:00",https://wordpress.org/plugins/safercheckout-lite/,6.0.3,8.1
acf-extended,"Advanced Custom Fields: Extended",0.9.0.8,0.9.0.7,https://downloads.wordpress.org/plugin/acf-extended.0.9.0.8.zip,"2024-11-04 01:16:00",https://wordpress.org/plugins/acf-extended/,4.9,5.6
admin-site-enhancements,"Admin and Site Enhancements (ASE)",7.5.1,7.5.0,https://downloads.wordpress.org/plugin/admin-site-enhancements.7.5.1.zip,"2024-11-04 00:09:00",https://wordpress.org/plugins/admin-site-enhancements/,4.6,5.6
ai-engine,"AI Engine",2.6.6,2.6.3,https://downloads.wordpress.org/plugin/ai-engine.2.6.6.zip,"2024-11-04 01:11:00",https://wordpress.org/plugins/ai-engine/,6.0,7.4
auto-mail,"Auto Mail – Abandoned Cart Recovery, Newsletter Builder & Marketing Automation for WooCommerce",1.2.6,1.2.2,https://downloads.wordpress.org/plugin/auto-mail.zip,"2024-11-04 00:40:00",https://wordpress.org/plugins/auto-mail/,4.0,
auto-robot,"Auto Robot – WP Autoblogging and RSS Feed News Aggregator",3.8.53,3.8.49,https://downloads.wordpress.org/plugin/auto-robot.zip,"2024-11-04 00:41:00",https://wordpress.org/plugins/auto-robot/,4.0,
customizer-block-cf7,"Style Contact Form 7",1.1.9,1.1.8,https://downloads.wordpress.org/plugin/customizer-block-cf7.1.1.9.zip,"2024-11-04 00:14:00",https://wordpress.org/plugins/customizer-block-cf7/,6.0,7.2
fahad-hsbc-integration-for-woocommerce,"Fahad HSBC Integration for WooCommerce",1.1.1,1.1.0,https://downloads.wordpress.org/plugin/fahad-hsbc-integration-for-woocommerce.1.1.1.zip,"2024-11-04 01:39:00",https://wordpress.org/plugins/fahad-hsbc-integration-for-woocommerce/,4.4,
fc-loan-calculator,"AC's Loan Calculator",1.5.4.2,1.5.4.1,https://downloads.wordpress.org/plugin/fc-loan-calculator.zip,"2024-11-04 01:55:00",https://wordpress.org/plugins/fc-loan-calculator/,5.0.0,
fc-mortgage-calculator,"AC's Mortgage Calculator",1.5.4.2,1.5.4.1,https://downloads.wordpress.org/plugin/fc-mortgage-calculator.zip,"2024-11-04 01:35:00",https://wordpress.org/plugins/fc-mortgage-calculator/,5.0.0,
gallery-custom-links,"Gallery Custom Links",2.2.1,2.2.0,https://downloads.wordpress.org/plugin/gallery-custom-links.2.2.1.zip,"2024-11-04 01:53:00",https://wordpress.org/plugins/gallery-custom-links/,6.0,7.4
gravity-forms-google-analytics-event-tracking,"Event Tracking for Gravity Forms",2.5.0,2.4.14,https://downloads.wordpress.org/plugin/gravity-forms-google-analytics-event-tracking.2.5.0.zip,"2024-11-03 23:15:00",https://wordpress.org/plugins/gravity-forms-google-analytics-event-tracking/,5.5,5.6
gulri-slider,"Gulri Slider",3.5.8,3.5.7,https://downloads.wordpress.org/plugin/gulri-slider.3.5.8.zip,"2024-11-04 01:43:00",https://wordpress.org/plugins/gulri-slider/,3.9,7.0
mappress-google-maps-for-wordpress,"MapPress Maps for WordPress",2.94.2,2.93,https://downloads.wordpress.org/plugin/mappress-google-maps-for-wordpress.2.94.2.zip,"2024-11-04 01:15:00",https://wordpress.org/plugins/mappress-google-maps-for-wordpress/,5.9.5,7.0
media-cleaner,"Media Cleaner: Clean your WordPress!",6.8.1,6.7.9,https://downloads.wordpress.org/plugin/media-cleaner.6.8.1.zip,"2024-11-04 01:50:00",https://wordpress.org/plugins/media-cleaner/,6.0,7.4
memberpress-addon-for-wp-courseware,"WP Courseware for MemberPress",2.1,2.0,https://downloads.wordpress.org/plugin/memberpress-addon-for-wp-courseware.2.1.zip,"2024-11-04 01:19:00",https://wordpress.org/plugins/memberpress-addon-for-wp-courseware/,4.9,5.2.4
octolize-shipping-notices,"Shipping Notices and No shipping options found info for WooCommerce",1.6.1,1.5.17,https://downloads.wordpress.org/plugin/octolize-shipping-notices.1.6.1.zip,"2024-11-04 00:34:00",https://wordpress.org/plugins/octolize-shipping-notices/,6.4,7.4
snippet-vault,"Snippet Vault",0.2.6,0.2.3,https://downloads.wordpress.org/plugin/snippet-vault.0.2.6.zip,"2024-11-04 01:47:00",https://wordpress.org/plugins/snippet-vault/,6.0,
woo-stripe-payment,"Payment Plugins for Stripe WooCommerce",3.3.77,3.3.76,https://downloads.wordpress.org/plugin/woo-stripe-payment.3.3.77.zip,"2024-11-03 23:37:00",https://wordpress.org/plugins/woo-stripe-payment/,3.0.1,5.6
wp-shopify,"WP Shopify",1.4.8,1.4.7,https://downloads.wordpress.org/plugin/wp-shopify.1.4.8.zip,"2024-11-04 01:36:00",https://wordpress.org/plugins/wp-shopify/,4.3,
chat-icon,"Chat Icon",1.0,,https://downloads.wordpress.org/plugin/chat-icon.1.0.zip,"2024-11-04 00:40:00",https://wordpress.org/plugins/chat-icon/,5.0,
photo-block,"Photo Block",1.0.1,,https://downloads.wordpress.org/plugin/photo-block.1.0.1.zip,"2024-11-03 23:48:00",https://wordpress.org/plugins/photo-block/,6.0,7.2
fc-auto-loan-calculator,"AC's Auto Loan Calculator",1.5.4.1,1.5.4,https://downloads.wordpress.org/plugin/fc-auto-loan-calculator.zip,"2024-11-04 01:58:00",https://wordpress.org/plugins/fc-auto-loan-calculator/,5.0.0,
fc-retirement-age-calculator,"AC's Retirement Age Calculator",1.5.4.1,1.5.4,https://downloads.wordpress.org/plugin/fc-retirement-age-calculator.zip,"2024-11-04 01:59:00",https://wordpress.org/plugins/fc-retirement-age-calculator/,5.0.0,
fc-retirement-nest-egg-calculator,"AC's Retirement Nest Egg Calculator",1.5.4.1,1.5.4,https://downloads.wordpress.org/plugin/fc-retirement-nest-egg-calculator.zip,"2024-11-04 02:02:00",https://wordpress.org/plugins/fc-retirement-nest-egg-calculator/,5.0.0,
fc-retirement-savings-calculator,"AC's Retirement Savings Calculator",1.5.4.1,1.5.4,https://downloads.wordpress.org/plugin/fc-retirement-savings-calculator.1.5.4.1.zip,"2024-11-04 02:15:00",https://wordpress.org/plugins/fc-retirement-savings-calculator/,5.0.0,
fc-savings-calculator,"AC's Savings Calculator",1.5.4.1,1.5.4,https://downloads.wordpress.org/plugin/fc-savings-calculator.zip,"2024-11-04 02:06:00",https://wordpress.org/plugins/fc-savings-calculator/,5.0.0,
alojapro-widget,"Alojapro Booking Engine",2.0.5,2.0.4,https://downloads.wordpress.org/plugin/alojapro-widget.2.0.5.zip,"2024-11-04 09:08:00",https://wordpress.org/plugins/alojapro-widget/,4.9,5.6
alt-manager,"Alt Manager",1.6.5,1.6.3,https://downloads.wordpress.org/plugin/alt-manager.1.6.5.zip,"2024-11-04 08:41:00",https://wordpress.org/plugins/alt-manager/,2.8.0,5.2.4
ameliabooking,"Booking for Appointments and Events Calendar – Amelia",1.2.10,1.2.9,https://downloads.wordpress.org/plugin/ameliabooking.1.2.10.zip,"2024-11-04 08:25:00",https://wordpress.org/plugins/ameliabooking/,4.5,7.4
auto-making-json-ld,"auto making JSON-LD",4.4.9,4.4.3,https://downloads.wordpress.org/plugin/auto-making-json-ld.4.4.9.zip,"2024-11-04 07:13:00",https://wordpress.org/plugins/auto-making-json-ld/,5.7,7.0
bulk-interlinking-tool,"Bulk Interlinking Tool",1.0.4,1.0.3,https://downloads.wordpress.org/plugin/bulk-interlinking-tool.1.0.4.zip,"2024-11-04 07:01:00",https://wordpress.org/plugins/bulk-interlinking-tool/,5.0,7.2
choon-player,"Choon Player",2.2.3,2.2.2,https://downloads.wordpress.org/plugin/choon-player.2.2.3.zip,"2024-11-04 06:55:00",https://wordpress.org/plugins/choon-player/,5.5,7.0
custom-registration-form-builder-with-submission-manager,"RegistrationMagic – User Registration Plugin with Custom Registration Forms",6.0.2.7,6.0.2.5,https://downloads.wordpress.org/plugin/custom-registration-form-builder-with-submission-manager.zip,"2024-11-04 09:16:00",https://wordpress.org/plugins/custom-registration-form-builder-with-submission-manager/,5.2.0,7.2
duplica,"Duplica – Duplicate Posts, Pages, Custom Posts or Users",0.8,0.7,https://downloads.wordpress.org/plugin/duplica.0.8.zip,"2024-11-04 06:43:00",https://wordpress.org/plugins/duplica/,5.0,7.4
elite-gallery-widget,"Elite Gallery Widget for Elementor",1.0.2,1.0.1,https://downloads.wordpress.org/plugin/elite-gallery-widget.1.0.2.zip,"2024-11-04 07:20:00",https://wordpress.org/plugins/elite-gallery-widget/,5.9,7.0
empik-for-woocommerce,"EmpikPlace for Woocommerce",1.4.0,1.3.8,https://downloads.wordpress.org/plugin/empik-for-woocommerce.1.4.0.zip,"2024-11-04 09:03:00",https://wordpress.org/plugins/empik-for-woocommerce/,5.3,7.2
fattura24,Fattura24,8.0.4,8.0.3,https://downloads.wordpress.org/plugin/fattura24.8.0.4.zip,"2024-11-04 08:21:00",https://wordpress.org/plugins/fattura24/,4.6,5.6
flexible-cookies,"Flexible Cookies",1.1.4,1.1.3,https://downloads.wordpress.org/plugin/flexible-cookies.1.1.4.zip,"2024-11-04 08:21:00",https://wordpress.org/plugins/flexible-cookies/,6.2,7.4
flexible-quantity-measurement-price-calculator-for-woocommerce,"Flexible Quantity – Measurement Price Calculator for WooCommerce",2.1.5,2.1.4,https://downloads.wordpress.org/plugin/flexible-quantity-measurement-price-calculator-for-woocommerce.2.1.5.zip,"2024-11-04 08:15:00",https://wordpress.org/plugins/flexible-quantity-measurement-price-calculator-for-woocommerce/,5.8,7.4
forumpay-crypto-payments,"ForumPay Crypto Payments for WooCommerce",2.2.5,2.2.3,https://downloads.wordpress.org/plugin/forumpay-crypto-payments.2.2.5.zip,"2024-11-04 09:04:00",https://wordpress.org/plugins/forumpay-crypto-payments/,6.2,7.4
hiring-hub,"Hiring Center for recruiters",1.4.1,1.3.3,https://downloads.wordpress.org/plugin/hiring-hub.1.4.1.zip,"2024-11-04 09:14:00",https://wordpress.org/plugins/hiring-hub/,6.6,7.4
hm-cool-author-box-widget,"Cool Author Box – For Widget and Post Content",2.9.8,2.9.7,https://downloads.wordpress.org/plugin/hm-cool-author-box-widget.2.9.8.zip,"2024-11-04 07:26:00",https://wordpress.org/plugins/hm-cool-author-box-widget/,5.4,7.2
hostinger,"Hostinger Tools",3.0.17,3.0.16,https://downloads.wordpress.org/plugin/hostinger.3.0.17.zip,"2024-11-04 09:21:00",https://wordpress.org/plugins/hostinger/,5.5,8.0
iyzico-woocommerce,"iyzico WooCommerce",3.5.8,3.5.7,https://downloads.wordpress.org/plugin/iyzico-woocommerce.3.5.8.zip,"2024-11-04 07:01:00",https://wordpress.org/plugins/iyzico-woocommerce/,6.6.2,8.2
koko-analytics,"Koko Analytics",1.4.4,1.4.2,https://downloads.wordpress.org/plugin/koko-analytics.1.4.4.zip,"2024-11-04 09:08:00",https://wordpress.org/plugins/koko-analytics/,6.0,7.3
linguise,"Linguise – Automatic multilingual translation",2.0.23,2.0.19,https://downloads.wordpress.org/plugin/linguise.2.0.23.zip,"2024-11-04 08:57:00",https://wordpress.org/plugins/linguise/,4.0,7.0
low-key-toolbar,"Low-Key ToolBar",1.1.1,1.1.0,https://downloads.wordpress.org/plugin/low-key-toolbar.1.1.1.zip,"2024-11-04 07:22:00",https://wordpress.org/plugins/low-key-toolbar/,5.7,7.4
lws-optimize,"LWS Optimize",3.2.0.3,3.2.0.1,https://downloads.wordpress.org/plugin/lws-optimize.3.2.0.3.zip,"2024-11-04 08:06:00",https://wordpress.org/plugins/lws-optimize/,6.0,7.4
netgsm,Netgsm,2.9.31,2.9.28,https://downloads.wordpress.org/plugin/netgsm.zip,"2024-11-04 07:57:00",https://wordpress.org/plugins/netgsm/,3.0,8.0.1
offcanvas-block,"OffCanvas / Drawer – Drawer Plugin for WP",1.0.1,1.0.0,https://downloads.wordpress.org/plugin/offcanvas-block.1.0.1.zip,"2024-11-04 06:55:00",https://wordpress.org/plugins/offcanvas-block/,6.2,7.1
post-grid,"Post Grid and Gutenberg Blocks – ComboBlocks",2.2.98,2.2.96,https://downloads.wordpress.org/plugin/post-grid.zip,"2024-11-04 08:37:00",https://wordpress.org/plugins/post-grid/,5.0.0,
quiz-maker,"Quiz Maker",6.6.4.0,6.6.3.8,https://downloads.wordpress.org/plugin/quiz-maker.6.6.4.0.zip,"2024-11-04 08:09:00",https://wordpress.org/plugins/quiz-maker/,4.0,
responsive-block-editor-addons,"Responsive Blocks – WordPress Gutenberg Blocks",1.9.3,1.9.1,https://downloads.wordpress.org/plugin/responsive-block-editor-addons.1.9.3.zip,"2024-11-04 08:34:00",https://wordpress.org/plugins/responsive-block-editor-addons/,5.0,5.6
restrict-date-for-elementor-forms,"Restrict Date for Elementor Forms",1.2.5,1.2.4,https://downloads.wordpress.org/plugin/restrict-date-for-elementor-forms.zip,"2024-11-04 08:05:00",https://wordpress.org/plugins/restrict-date-for-elementor-forms/,2.0,5.2
shop-information-system,"Shop Information System",1.0.7,1.0.6,https://downloads.wordpress.org/plugin/shop-information-system.1.0.7.zip,"2024-11-04 09:16:00",https://wordpress.org/plugins/shop-information-system/,3.5,7.0
signature-field-for-elementor-forms,"Signature field for Elementor Forms",1.3.6,1.3.1,https://downloads.wordpress.org/plugin/signature-field-for-elementor-forms.zip,"2024-11-04 08:31:00",https://wordpress.org/plugins/signature-field-for-elementor-forms/,2.0,5.2
smart-auto-featured-image,"Smart Auto Featured Image – WordPress Plugin",1.0.5,1.0.4,https://downloads.wordpress.org/plugin/smart-auto-featured-image.1.0.5.zip,"2024-11-04 08:24:00",https://wordpress.org/plugins/smart-auto-featured-image/,5.0,7.0
smart-woo-service-invoicing,"Smart Woo Service Invoicing",2.1.1,2.0.15,https://downloads.wordpress.org/plugin/smart-woo-service-invoicing.2.1.1.zip,"2024-11-04 08:50:00",https://wordpress.org/plugins/smart-woo-service-invoicing/,6.0,7.4
survey-maker,"Survey Maker",5.1.0.5,5.1.0,https://downloads.wordpress.org/plugin/survey-maker.5.1.0.5.zip,"2024-11-04 08:48:00",https://wordpress.org/plugins/survey-maker/,4.0,
sync-sage-100,"Sync Sage 100",1.0.2,1.0.1,https://downloads.wordpress.org/plugin/sync-sage-100.1.0.2.zip,"2024-11-04 09:23:00",https://wordpress.org/plugins/sync-sage-100/,4.4,7.0
template-editor,"Options for Block Themes",1.3.6,1.3.5,https://downloads.wordpress.org/plugin/template-editor.1.3.6.zip,"2024-11-04 08:49:00",https://wordpress.org/plugins/template-editor/,5.8,5.6
thim-elementor-kit,"Thim Elementor Kit",1.2.6,1.2.4,https://downloads.wordpress.org/plugin/thim-elementor-kit.1.2.6.zip,"2024-11-04 06:48:00",https://wordpress.org/plugins/thim-elementor-kit/,6.0,7.4
toolkit-for-learndash-lms,"Toolkit for Learndash LMS",1.1.0,1.0.9,https://downloads.wordpress.org/plugin/toolkit-for-learndash-lms.1.1.0.zip,"2024-11-04 09:28:00",https://wordpress.org/plugins/toolkit-for-learndash-lms/,3.5,7.0
ultimate-shortcodes-creator,"Shortcodes Blocks Creator Ultimate",2.2.0,2.1.3,https://downloads.wordpress.org/plugin/ultimate-shortcodes-creator.zip,"2024-11-04 09:04:00",https://wordpress.org/plugins/ultimate-shortcodes-creator/,4.6,5.6
updraftplus,"UpdraftPlus: WP Backup & Migration Plugin",1.24.7,1.24.6,https://downloads.wordpress.org/plugin/updraftplus.1.24.7.zip,"2024-11-04 08:05:00",https://wordpress.org/plugins/updraftplus/,3.2,
wallets,"Bitcoin and Altcoin Wallets",6.3.3,6.3.1,https://downloads.wordpress.org/plugin/wallets.6.3.3.zip,"2024-11-04 08:07:00",https://wordpress.org/plugins/wallets/,6.0,7.2
wasa-kredit-checkout,"Wasa Kredit Checkout",2.6.1,2.6.0,https://downloads.wordpress.org/plugin/wasa-kredit-checkout.2.6.1.zip,"2024-11-04 09:19:00",https://wordpress.org/plugins/wasa-kredit-checkout/,4.0.0,7.2
webtoffee-product-feed,"Product Feed for WooCommerce – Google Shopping Feed, Pinterest Feed, TikTok Ads & More",2.2.4,2.2.2,https://downloads.wordpress.org/plugin/webtoffee-product-feed.zip,"2024-11-04 08:24:00",https://wordpress.org/plugins/webtoffee-product-feed/,4.0,5.6
woocommerce-improved-external-products,"Improved External Products for WooCommerce",1.6.8,,https://downloads.wordpress.org/plugin/woocommerce-improved-external-products.1.6.8.zip,"2024-11-04 08:38:00",https://wordpress.org/plugins/woocommerce-improved-external-products/,3.5,7.2
wp-lucky-wheel,"WordPress Lucky Wheel – Spin a Sale",1.0.13,1.0.12,https://downloads.wordpress.org/plugin/wp-lucky-wheel.zip,"2024-11-04 07:58:00",https://wordpress.org/plugins/wp-lucky-wheel/,5.0,7.0
wplegalpages,"Privacy Policy Generator, Terms & Conditions Generator WordPress Plugin : WP Legal Pages",3.2.5,3.2.4,https://downloads.wordpress.org/plugin/wplegalpages.3.2.5.zip,"2024-11-04 06:44:00",https://wordpress.org/plugins/wplegalpages/,5.0,7.0
zlick-paywall,"Zlick Paywall",3.3.5,3.3.3,https://downloads.wordpress.org/plugin/zlick-paywall.3.3.5.zip,"2024-11-04 08:41:00",https://wordpress.org/plugins/zlick-paywall/,5.1,7.0
bitpoke-geo-cache,"Bitpoke Geo Cache",1.0.0,,https://downloads.wordpress.org/plugin/bitpoke-geo-cache.1.0.0.zip,"2024-11-04 09:19:00",https://wordpress.org/plugins/bitpoke-geo-cache/,6.6,7.4
local-prospecting-tool,"Local Prospecting Tool",1.0,,https://downloads.wordpress.org/plugin/local-prospecting-tool.1.0.zip,"2024-11-04 07:41:00",https://wordpress.org/plugins/local-prospecting-tool/,5.0,5.6
nostr-login,"YEGHRO Nostr Login",1.2,,https://downloads.wordpress.org/plugin/nostr-login.1.2.zip,"2024-11-04 08:38:00",https://wordpress.org/plugins/nostr-login/,5.0,7.0
unzer-payments,"Unzer Payments",1.7.6,,https://downloads.wordpress.org/plugin/unzer-payments.1.7.6.zip,"2024-11-04 09:28:00",https://wordpress.org/plugins/unzer-payments/,4.5,
bitpoke-kubernetes,"Bitpoke Kubernetes",1.0.3,1.0.0,https://downloads.wordpress.org/plugin/bitpoke-kubernetes.1.0.3.zip,"2024-11-04 10:29:00",https://wordpress.org/plugins/bitpoke-kubernetes/,6.6,7.4
wp-plugin-manager,"WP Plugin Manager – Deactivate plugins per page",1.2.7,1.2.6,https://downloads.wordpress.org/plugin/wp-plugin-manager.1.2.7.zip,"2024-11-04 09:31:00",https://wordpress.org/plugins/wp-plugin-manager/,5.0,5.4
acymailing-integration-for-gravity-forms,"Gravity Forms integration – AcyMailing",3.6,3.4,https://downloads.wordpress.org/plugin/acymailing-integration-for-gravity-forms.3.6.zip,"2024-11-04 14:07:00",https://wordpress.org/plugins/acymailing-integration-for-gravity-forms/,4.7,7.4.0
acymailing,"AcyMailing – An Ultimate Newsletter Plugin and Marketing Automation Solution for WordPress",9.10.0,9.8.1,https://downloads.wordpress.org/plugin/acymailing.9.10.0.zip,"2024-11-04 14:03:00",https://wordpress.org/plugins/acymailing/,5.0,7.4
block-manager,"Block Manager",3.1.0,3.0.0,https://downloads.wordpress.org/plugin/block-manager.3.1.0.zip,"2024-11-04 14:43:00",https://wordpress.org/plugins/block-manager/,5.0,7.0
category-and-tag-feeds,"Category- and Tag-Feeds",1.1.5,1.1.4,https://downloads.wordpress.org/plugin/category-and-tag-feeds.1.1.5.zip,"2024-11-04 15:24:00",https://wordpress.org/plugins/category-and-tag-feeds/,6.0,7.4
coingate-for-woocommerce,"WooCommerce Crypto Payment Processor",2.2.0,2.1.1,https://downloads.wordpress.org/plugin/coingate-for-woocommerce.2.2.0.zip,"2024-11-04 14:50:00",https://wordpress.org/plugins/coingate-for-woocommerce/,5.3,7.3
disable-remove-google-fonts,"Disable and Remove Google Fonts | GDPR & DSGVO friendly",1.6.7,1.6.6,https://downloads.wordpress.org/plugin/disable-remove-google-fonts.zip,"2024-11-04 14:30:00",https://wordpress.org/plugins/disable-remove-google-fonts/,4.8,
dotdigital-for-woocommerce,"Dotdigital for WooCommerce",1.4.5,1.4.3,https://downloads.wordpress.org/plugin/dotdigital-for-woocommerce.1.4.5.zip,"2024-11-04 14:58:00",https://wordpress.org/plugins/dotdigital-for-woocommerce/,5.7,7.4
eduadmin-booking,"EduAdmin Booking",5.2.0,5.1.3,https://downloads.wordpress.org/plugin/eduadmin-booking.5.2.0.zip,"2024-11-04 14:12:00",https://wordpress.org/plugins/eduadmin-booking/,6.0,8.1
event-tickets,"Event Tickets and Registration",5.16.1,5.14.0,https://downloads.wordpress.org/plugin/event-tickets.5.16.1.zip,"2024-11-04 15:00:00",https://wordpress.org/plugins/event-tickets/,6.3,7.4
forumpay-crypto-payments,"ForumPay Crypto Payments for WooCommerce",2.2.6,2.2.5,https://downloads.wordpress.org/plugin/forumpay-crypto-payments.2.2.6.zip,"2024-11-04 14:37:00",https://wordpress.org/plugins/forumpay-crypto-payments/,6.2,7.4
fw-integration-for-emailoctopus,"EO4WP: EmailOctopus for WordPress",1.0.5,1.0.2,https://downloads.wordpress.org/plugin/fw-integration-for-emailoctopus.1.0.5.zip,"2024-11-04 15:02:00",https://wordpress.org/plugins/fw-integration-for-emailoctopus/,6.0,7.4
index-algolia,"Index on Algolia",1.2.1,1.1,https://downloads.wordpress.org/plugin/index-algolia.1.2.1.zip,"2024-11-04 14:54:00",https://wordpress.org/plugins/index-algolia/,5.0,8.0
input-masks-for-elementor-forms,"Input Masks for Elementor Forms",1.0.2,1.0.1,https://downloads.wordpress.org/plugin/input-masks-for-elementor-forms.zip,"2024-11-04 14:56:00",https://wordpress.org/plugins/input-masks-for-elementor-forms/,2.0,5.2
jvm-rich-text-icons,"JVM Gutenberg Rich Text Icons",1.3.1,1.2.9,https://downloads.wordpress.org/plugin/jvm-rich-text-icons.zip,"2024-11-04 14:40:00",https://wordpress.org/plugins/jvm-rich-text-icons/,5.4,
kintone-form,"Form data to kintone",2.27.7,2.27.6,https://downloads.wordpress.org/plugin/kintone-form.2.27.7.zip,"2024-11-04 13:57:00",https://wordpress.org/plugins/kintone-form/,6.3,7.4
mygdex-prime-for-woocommerce,"myGDEX Prime for WooCommerce",2.0.3,2.0.2,https://downloads.wordpress.org/plugin/mygdex-prime-for-woocommerce.2.0.3.zip,"2024-11-04 13:58:00",https://wordpress.org/plugins/mygdex-prime-for-woocommerce/,4.0,7.4
quicktasker,QuickTasker,1.8.0,1.7.0,https://downloads.wordpress.org/plugin/quicktasker.1.8.0.zip,"2024-11-04 14:36:00",https://wordpress.org/plugins/quicktasker/,5.3,7.2.28
rs-wp-books-showcase,"RS WP Book ShowCase – WordPress Book Gallery Plugin (Book Slider, Book Carousel, Book Grid, Book List))",6.6.10,6.6.9,https://downloads.wordpress.org/plugin/rs-wp-books-showcase.6.6.10.zip,"2024-11-04 14:08:00",https://wordpress.org/plugins/rs-wp-books-showcase/,4.9,5.6
scwriter,"SCwriter – AI SEO Content Generator & Blog Writer",0.1.0,0.0.9.1,https://downloads.wordpress.org/plugin/scwriter.0.1.0.zip,"2024-11-04 14:09:00",https://wordpress.org/plugins/scwriter/,6.0,7.4
sequra,seQura,3.0.3,2.0.12,https://downloads.wordpress.org/plugin/sequra.3.0.3.zip,"2024-11-04 14:37:00",https://wordpress.org/plugins/sequra/,5.9,7.3
seriously-simple-podcasting,"Seriously Simple Podcasting",3.6.0,3.5.0,https://downloads.wordpress.org/plugin/seriously-simple-podcasting.3.6.0.zip,"2024-11-04 13:59:00",https://wordpress.org/plugins/seriously-simple-podcasting/,5.3,7.4
spotlight-social-photo-feeds,"Spotlight Social Feeds – Block, Shortcode, and Widget",1.6.16,1.6.13,https://downloads.wordpress.org/plugin/spotlight-social-photo-feeds.1.6.16.zip,"2024-11-04 14:34:00",https://wordpress.org/plugins/spotlight-social-photo-feeds/,5.7,7.1
streamweasels-twitch-integration,"StreamWeasels Twitch Integration",1.9.1,1.9.0,https://downloads.wordpress.org/plugin/streamweasels-twitch-integration.zip,"2024-11-04 15:10:00",https://wordpress.org/plugins/streamweasels-twitch-integration/,5.0,
the-events-calendar,"The Events Calendar",6.8.1,6.6.4.2,https://downloads.wordpress.org/plugin/the-events-calendar.6.8.1.zip,"2024-11-04 15:05:00",https://wordpress.org/plugins/the-events-calendar/,6.3,7.4
themerain-core,"ThemeRain Core",1.1.5,1.1.3,https://downloads.wordpress.org/plugin/themerain-core.1.1.5.zip,"2024-11-04 14:13:00",https://wordpress.org/plugins/themerain-core/,6.0,7.4
tivents-products-feed,TIVENTS,1.6.2,1.6.0,https://downloads.wordpress.org/plugin/tivents-products-feed.1.6.2.zip,"2024-11-04 14:25:00",https://wordpress.org/plugins/tivents-products-feed/,3.0.1,7.4
travelmanager-buchungssoftware,"Travelmanager Buchungssoftware",21.78,21.76,https://downloads.wordpress.org/plugin/travelmanager-buchungssoftware.zip,"2024-11-04 14:35:00",https://wordpress.org/plugins/travelmanager-buchungssoftware/,6.0,8.0
video-callout,"Video Callout",1.2.3,1.2.2,https://downloads.wordpress.org/plugin/video-callout.1.2.3.zip,"2024-11-04 15:21:00",https://wordpress.org/plugins/video-callout/,5.8,7.2
wc-blacklist-manager,"Blacklist Manager – Anti Fraud / Fake / Spam Orders for WooCommerce",1.4.2.1,1.4.0,https://downloads.wordpress.org/plugin/wc-blacklist-manager.zip,"2024-11-04 14:57:00",https://wordpress.org/plugins/wc-blacklist-manager/,5.2,7.0
wc-order-splitter,"Order Splitter – Split / Duplicate orders for WooCommerce",1.3.6,1.3.5,https://downloads.wordpress.org/plugin/wc-order-splitter.1.3.6.zip,"2024-11-04 15:11:00",https://wordpress.org/plugins/wc-order-splitter/,5.2,7.2
woo-floating-cart-lite,"XT Floating Cart for WooCommerce",2.8.3,2.8.2,https://downloads.wordpress.org/plugin/woo-floating-cart-lite.2.8.3.zip,"2024-11-04 14:33:00",https://wordpress.org/plugins/woo-floating-cart-lite/,4.6,5.4
wpmastertoolkit,"WPMasterToolKit (WPMTK) – All in one plugin",1.12.5,1.12.4,https://downloads.wordpress.org/plugin/wpmastertoolkit.1.12.5.zip,"2024-11-04 15:25:00",https://wordpress.org/plugins/wpmastertoolkit/,4.0.0,7.4
wpsso,"WPSSO Core – The Complete Structured Data SEO Plugin",18.16.1,18.16.0,https://downloads.wordpress.org/plugin/wpsso.18.16.1.zip,"2024-11-04 15:11:00",https://wordpress.org/plugins/wpsso/,5.9,7.4.33
xt-woo-ajax-add-to-cart,"XT Ajax Add To Cart for WooCommerce",1.1.4,1.1.3,https://downloads.wordpress.org/plugin/xt-woo-ajax-add-to-cart.1.1.4.zip,"2024-11-04 14:38:00",https://wordpress.org/plugins/xt-woo-ajax-add-to-cart/,4.8,5.4
xt-woo-points-rewards,"XT Points & Rewards for WooCommerce",1.7.6,1.7.5,https://downloads.wordpress.org/plugin/xt-woo-points-rewards.1.7.6.zip,"2024-11-04 14:38:00",https://wordpress.org/plugins/xt-woo-points-rewards/,4.6,5.4
xt-woo-quick-view-lite,"XT Quick View for WooCommerce",2.1.4,2.1.3,https://downloads.wordpress.org/plugin/xt-woo-quick-view-lite.2.1.4.zip,"2024-11-04 14:35:00",https://wordpress.org/plugins/xt-woo-quick-view-lite/,4.6,5.4
xt-woo-variation-swatches,"XT Variation Swatches for WooCommerce",1.9.4,1.9.3,https://downloads.wordpress.org/plugin/xt-woo-variation-swatches.1.9.4.zip,"2024-11-04 14:36:00",https://wordpress.org/plugins/xt-woo-variation-swatches/,4.6,5.4
autoqa,AutoQA,0.9.8.3,,https://downloads.wordpress.org/plugin/autoqa.0.9.8.3.zip,"2024-11-04 14:10:00",https://wordpress.org/plugins/autoqa/,4.7,7.0
easy-panel-for-contact-form-7,"Easy Panel for Contact Form 7",1.0,,https://downloads.wordpress.org/plugin/easy-panel-for-contact-form-7.zip,"2024-11-04 15:25:00",https://wordpress.org/plugins/easy-panel-for-contact-form-7/,6.4,7.4
mailsoftly-form-embed,"Mailsoftly Form Embed",1.1,,https://downloads.wordpress.org/plugin/mailsoftly-form-embed.1.1.zip,"2024-11-04 15:02:00",https://wordpress.org/plugins/mailsoftly-form-embed/,5.0,7.0
simple-login-logout-redirect,"Simple Login Logout Redirect",1.0.3,,https://downloads.wordpress.org/plugin/simple-login-logout-redirect.1.0.3.zip,"2024-11-04 14:25:00",https://wordpress.org/plugins/simple-login-logout-redirect/,6.5,8.2
jvm-rich-text-icons,"JVM Gutenberg Rich Text Icons",1.3.2,1.3.1,https://downloads.wordpress.org/plugin/jvm-rich-text-icons.zip,"2024-11-04 16:00:00",https://wordpress.org/plugins/jvm-rich-text-icons/,5.4,
xt-woo-variation-swatches,"XT Variation Swatches for WooCommerce",1.9.5,1.9.4,https://downloads.wordpress.org/plugin/xt-woo-variation-swatches.1.9.5.zip,"2024-11-04 15:45:00",https://wordpress.org/plugins/xt-woo-variation-swatches/,4.6,5.4
tivents-products-feed,TIVENTS,1.6.4,1.6.2,https://downloads.wordpress.org/plugin/tivents-products-feed.1.6.4.zip,"2024-11-04 16:46:00",https://wordpress.org/plugins/tivents-products-feed/,3.0.1,7.4
block-bad-queries,"BBQ Firewall – Fast & Powerful Firewall Security",20241104,20240629,https://downloads.wordpress.org/plugin/block-bad-queries.20241104.zip,"2024-11-04 20:33:00",https://wordpress.org/plugins/block-bad-queries/,4.6,5.6.20
captcha-eu,Captcha.eu,1.0.43,1.0.41,https://downloads.wordpress.org/plugin/captcha-eu.zip,"2024-11-04 19:24:00",https://wordpress.org/plugins/captcha-eu/,4.9,7.0
digitalfemsa-payment-gateway,"Spin Payment Gateway",1.0.2,1.0.1,https://downloads.wordpress.org/plugin/digitalfemsa-payment-gateway.1.0.2.zip,"2024-11-04 20:57:00",https://wordpress.org/plugins/digitalfemsa-payment-gateway/,1.0.2,7.4
easy-svg,"Easy SVG Support",3.8,3.7,https://downloads.wordpress.org/plugin/easy-svg.3.8.zip,"2024-11-04 19:29:00",https://wordpress.org/plugins/easy-svg/,6.0,8.0
enjaneb,enjaneb,1.2,1.1,https://downloads.wordpress.org/plugin/enjaneb.1.2.zip,"2024-11-04 19:39:00",https://wordpress.org/plugins/enjaneb/,6.1,7.1
merchr-print-on-demand,"Merchr Print on Demand UK",1.1.30,1.1.28,https://downloads.wordpress.org/plugin/merchr-print-on-demand.1.1.30.zip,"2024-11-04 19:48:00",https://wordpress.org/plugins/merchr-print-on-demand/,5.0.0,7.0.0
paypal-brasil-para-woocommerce,"PayPal Brasil para WooCommerce",1.5.7,1.5.5,https://downloads.wordpress.org/plugin/paypal-brasil-para-woocommerce.1.5.7.zip,"2024-11-04 19:28:00",https://wordpress.org/plugins/paypal-brasil-para-woocommerce/,4.4,7.0
powerpress,"PowerPress Podcasting plugin by Blubrry",11.10.3,11.10.2,https://downloads.wordpress.org/plugin/powerpress.11.10.3.zip,"2024-11-04 19:06:00",https://wordpress.org/plugins/powerpress/,3.6,5.2
roadmap-wp,RoadMapWP,1.3.3,1.3.2,https://downloads.wordpress.org/plugin/roadmap-wp.1.3.2.zip,"2024-11-04 20:23:00",https://wordpress.org/plugins/roadmap-wp/,5.4,
search-filter,"Search & Filter",1.2.17,1.2.16,https://downloads.wordpress.org/plugin/search-filter.1.2.17.zip,"2024-11-04 20:15:00",https://wordpress.org/plugins/search-filter/,3.5,
tax-switch-for-woocommerce,"Tax Switch for WooCommerce",1.1.9,1.1.8,https://downloads.wordpress.org/plugin/tax-switch-for-woocommerce.1.1.9.zip,"2024-11-04 20:57:00",https://wordpress.org/plugins/tax-switch-for-woocommerce/,5.0,7.2
token-of-trust,"Token of Trust: AI Identity Verification, Age Verification, and KYC",3.4.0,3.3.5,https://downloads.wordpress.org/plugin/token-of-trust.3.4.0.zip,"2024-11-04 18:52:00",https://wordpress.org/plugins/token-of-trust/,5.3.0,7.2.0
wc-apg-nifcifnie-field,"WC – APG NIF/CIF/NIE Field",3.0.8,3.0.5,https://downloads.wordpress.org/plugin/wc-apg-nifcifnie-field.3.0.8.zip,"2024-11-04 19:09:00",https://wordpress.org/plugins/wc-apg-nifcifnie-field/,5.0,
wp-pagalocard-woocommerce,"Pagalo – WooCommerce Payment Gateway",2.1.1,2.1.0,https://downloads.wordpress.org/plugin/wp-pagalocard-woocommerce.2.1.1.zip,"2024-11-04 20:55:00",https://wordpress.org/plugins/wp-pagalocard-woocommerce/,3.8,5.2.4
xt-woo-ajax-add-to-cart,"XT Ajax Add To Cart for WooCommerce",1.1.5,1.1.4,https://downloads.wordpress.org/plugin/xt-woo-ajax-add-to-cart.1.1.5.zip,"2024-11-04 19:52:00",https://wordpress.org/plugins/xt-woo-ajax-add-to-cart/,4.8,5.4
xt-woo-points-rewards,"XT Points & Rewards for WooCommerce",1.7.7,1.7.6,https://downloads.wordpress.org/plugin/xt-woo-points-rewards.1.7.7.zip,"2024-11-04 19:52:00",https://wordpress.org/plugins/xt-woo-points-rewards/,4.6,5.4
xt-woo-quick-view-lite,"XT Quick View for WooCommerce",2.1.5,2.1.4,https://downloads.wordpress.org/plugin/xt-woo-quick-view-lite.2.1.5.zip,"2024-11-04 19:50:00",https://wordpress.org/plugins/xt-woo-quick-view-lite/,4.6,5.4
xt-woo-variation-swatches,"XT Variation Swatches for WooCommerce",1.9.6,1.9.5,https://downloads.wordpress.org/plugin/xt-woo-variation-swatches.1.9.6.zip,"2024-11-04 19:49:00",https://wordpress.org/plugins/xt-woo-variation-swatches/,4.6,5.4
ez-countdown-timer,"EZ Countdown Timer",1.0.3,,https://downloads.wordpress.org/plugin/ez-countdown-timer.zip,"2024-11-04 19:04:00",https://wordpress.org/plugins/ez-countdown-timer/,5.0,
show-event-for-rosadigitale,"Show Event for Rosadigitale",1.0.0,,https://downloads.wordpress.org/plugin/show-event-for-rosadigitale.1.0.0.zip,"2024-11-04 20:52:00",https://wordpress.org/plugins/show-event-for-rosadigitale/,5.0,
add-class-to-elementor-image,"Add class to Elementor Image",1.3.2,1.3.1,https://downloads.wordpress.org/plugin/add-class-to-elementor-image.1.3.2.zip,"2024-11-05 01:53:00",https://wordpress.org/plugins/add-class-to-elementor-image/,5.5,7.0
comment-limiter,"Comment Limiter",2.2.3,2.0,https://downloads.wordpress.org/plugin/comment-limiter.2.2.3.zip,"2024-11-05 04:19:00",https://wordpress.org/plugins/comment-limiter/,4.0,
content-blocks-builder,"Content Blocks Builder – Create block, variation, repeater block with carousel, grid, accordion, popup, off-canvas layout",2.7.2,2.7.1,https://downloads.wordpress.org/plugin/content-blocks-builder.2.7.2.zip,"2024-11-05 03:02:00",https://wordpress.org/plugins/content-blocks-builder/,6.6,7.4
dc-woocommerce-multi-vendor,"MultiVendorX – The Ultimate WooCommerce Multivendor Marketplace Solution",4.2.6,4.2.5,https://downloads.wordpress.org/plugin/dc-woocommerce-multi-vendor.4.2.6.zip,"2024-11-05 01:44:00",https://wordpress.org/plugins/dc-woocommerce-multi-vendor/,5.4,8.0
easy-menu-icons,"Easy Menu Icons – WordPress Menu Icon Plugin",1.0.7,1.0.5,https://downloads.wordpress.org/plugin/easy-menu-icons.1.0.7.zip,"2024-11-05 04:17:00",https://wordpress.org/plugins/easy-menu-icons/,5.0,
easy-pricing-tables,"Pricing Tables WordPress Plugin – Easy Pricing Tables",3.2.7,3.2.6,https://downloads.wordpress.org/plugin/easy-pricing-tables.zip,"2024-11-05 04:10:00",https://wordpress.org/plugins/easy-pricing-tables/,3.6,
extensions-for-elementor-form,"Extensions for Elementor Form",2.0.3,2.0.2,https://downloads.wordpress.org/plugin/extensions-for-elementor-form.2.0.3.zip,"2024-11-05 01:57:00",https://wordpress.org/plugins/extensions-for-elementor-form/,5.5,7.0
form-masks-for-elementor,"Form Masks for Elementor",1.6.5,1.6.4,https://downloads.wordpress.org/plugin/form-masks-for-elementor.1.6.5.zip,"2024-11-05 02:24:00",https://wordpress.org/plugins/form-masks-for-elementor/,5.5,7.0
myd-delivery-integration-sumup,"MyD Delivery integration with SumUp",1.2.4,1.2.3,https://downloads.wordpress.org/plugin/myd-delivery-integration-sumup.1.2.4.zip,"2024-11-05 02:30:00",https://wordpress.org/plugins/myd-delivery-integration-sumup/,5.5,7.4
myd-delivery-widgets,"MyD Delivery Widgets",1.6.1,1.6,https://downloads.wordpress.org/plugin/myd-delivery-widgets.1.6.1.zip,"2024-11-05 02:38:00",https://wordpress.org/plugins/myd-delivery-widgets/,5.4,7.4
pagbank-connect,"PagBank / PagSeguro Connect para WooCommerce",4.24.0,4.22.0,https://downloads.wordpress.org/plugin/pagbank-connect.4.24.0.zip,"2024-11-05 03:55:00",https://wordpress.org/plugins/pagbank-connect/,5.2,7.4
seatext-free-translation-and-conversion-rate-boost,"SEATEXT FREE Translation and Conversion Rate Boost",3.0.12,3.0.7,https://downloads.wordpress.org/plugin/seatext-free-translation-and-conversion-rate-boost.3.0.12.zip,"2024-11-05 01:43:00",https://wordpress.org/plugins/seatext-free-translation-and-conversion-rate-boost/,4.7,5.6
shipping-per-neighborhood-for-woocommerce,"Shipping per Neighborhood for WooCommerce",1.2.9,1.2.8,https://downloads.wordpress.org/plugin/shipping-per-neighborhood-for-woocommerce.1.2.9.zip,"2024-11-05 02:41:00",https://wordpress.org/plugins/shipping-per-neighborhood-for-woocommerce/,5.5,7.0
shopbuilder,"ShopBuilder – Elementor WooCommerce Builder Addons",2.4.0,2.3.0,https://downloads.wordpress.org/plugin/shopbuilder.2.4.0.zip,"2024-11-05 04:01:00",https://wordpress.org/plugins/shopbuilder/,5.5,7.4
shopperapproved-reviews,"Shopper Approved Reviews",2.1,2.0,https://downloads.wordpress.org/plugin/shopperapproved-reviews.zip,"2024-11-05 04:24:00",https://wordpress.org/plugins/shopperapproved-reviews/,6.4,7.0
social-sharing-block,"Social Sharing Block",1.3.0,1.2.0,https://downloads.wordpress.org/plugin/social-sharing-block.1.3.0.zip,"2024-11-05 03:03:00",https://wordpress.org/plugins/social-sharing-block/,6.5,7.4
ultimate-bootstrap-elements-for-elementor,"Ultimate Bootstrap Elements for Elementor",1.4.8,1.4.7,https://downloads.wordpress.org/plugin/ultimate-bootstrap-elements-for-elementor.1.4.8.zip,"2024-11-05 03:46:00",https://wordpress.org/plugins/ultimate-bootstrap-elements-for-elementor/,4.7,5.6
webappick-pdf-invoice-for-woocommerce,"Challan – PDF Invoice & Packing Slip for WooCommerce",3.7.19,3.7.18,https://downloads.wordpress.org/plugin/webappick-pdf-invoice-for-woocommerce.3.7.19.zip,"2024-11-05 04:30:00",https://wordpress.org/plugins/webappick-pdf-invoice-for-woocommerce/,4.4,7.4
weeconnectpay,"WeeConnectPay – Clover Payment Gateway for WooCommerce",3.11.4,3.11.3,https://downloads.wordpress.org/plugin/weeconnectpay.3.11.4.zip,"2024-11-05 01:36:00",https://wordpress.org/plugins/weeconnectpay/,5.6,7.2
woo-order-on-whatsapp,"Order on Mobile for Wocoommerce",2.3.4,2.3.3,https://downloads.wordpress.org/plugin/woo-order-on-whatsapp.2.3.4.zip,"2024-11-05 02:34:00",https://wordpress.org/plugins/woo-order-on-whatsapp/,5.5,7.0
ai-translator-for-polylang,"AI Translator for Polylang",1.1.0,1.0.12,https://downloads.wordpress.org/plugin/ai-translator-for-polylang.1.1.0.zip,"2024-11-05 11:00:00",https://wordpress.org/plugins/ai-translator-for-polylang/,5.0,7.0
block-for-mailchimp,"Block For MailChimp – Embed mailchimp form in WP",1.1.1,1.1.0,https://downloads.wordpress.org/plugin/block-for-mailchimp.1.1.1.zip,"2024-11-05 11:22:00",https://wordpress.org/plugins/block-for-mailchimp/,5.0,7.1
boxberry,"Интеграция со службой доставки Boxberry",2.21,2.20,https://downloads.wordpress.org/plugin/boxberry.2.21.zip,"2024-11-05 12:06:00",https://wordpress.org/plugins/boxberry/,4.9,5.4
captivatesync-trade,"Captivate Sync",3.0.0,2.0.26,https://downloads.wordpress.org/plugin/captivatesync-trade.3.0.0.zip,"2024-11-05 11:20:00",https://wordpress.org/plugins/captivatesync-trade/,5.7.0,
chart-builder,"Chartify – WordPress Chart Plugin",2.9.5,2.9.4,https://downloads.wordpress.org/plugin/chart-builder.2.9.5.zip,"2024-11-05 12:02:00",https://wordpress.org/plugins/chart-builder/,5.0,7.0
compressx,"AVIF, WebP Converter",0.9.19,0.9.17,https://downloads.wordpress.org/plugin/compressx.0.9.19.zip,"2024-11-05 12:27:00",https://wordpress.org/plugins/compressx/,5.8,7.0
core-web-vitals-pagespeed-booster,"Core Web Vitals & PageSpeed Booster",1.0.22,1.0.20,https://downloads.wordpress.org/plugin/core-web-vitals-pagespeed-booster.1.0.22.zip,"2024-11-05 12:04:00",https://wordpress.org/plugins/core-web-vitals-pagespeed-booster/,3.0,
court-reservation,"Court Reservation – Manage Your Court Bookings Online",1.9.2,1.9.0,https://downloads.wordpress.org/plugin/court-reservation.1.9.2.zip,"2024-11-05 10:15:00",https://wordpress.org/plugins/court-reservation/,3.0.1,5.2.4
cyke-logistics,"Cyke Logistics",1.1.2,1.1.0,https://downloads.wordpress.org/plugin/cyke-logistics.1.1.2.zip,"2024-11-05 11:41:00",https://wordpress.org/plugins/cyke-logistics/,5.0,7.0
easy-login-woocommerce,"Login/Signup Popup ( Inline Form + Woocommerce )",2.8.1,2.8,https://downloads.wordpress.org/plugin/easy-login-woocommerce.2.8.1.zip,"2024-11-05 11:05:00",https://wordpress.org/plugins/easy-login-woocommerce/,3.0.1,
easy-popups,"Responsive Modal Builder for High Conversion – Easy Popups",1.4.0,1.3.8,https://downloads.wordpress.org/plugin/easy-popups.1.4.0.zip,"2024-11-05 12:20:00",https://wordpress.org/plugins/easy-popups/,5.0,7.2
enquiry-quotation-for-woocommerce,"Product Enquiry for WooCommerce, WooCommerce product catalog",2.2.33.40,2.2.33.34,https://downloads.wordpress.org/plugin/enquiry-quotation-for-woocommerce.2.2.33.40.zip,"2024-11-05 11:18:00",https://wordpress.org/plugins/enquiry-quotation-for-woocommerce/,3.0.1,
envo-elementor-for-woocommerce,"Envo's Elementor Templates & Widgets for WooCommerce",1.4.21,1.4.19,https://downloads.wordpress.org/plugin/envo-elementor-for-woocommerce.1.4.21.zip,"2024-11-05 10:54:00",https://wordpress.org/plugins/envo-elementor-for-woocommerce/,4.4,5.6
envo-extra,"Envo Extra",1.9.4,1.9.3,https://downloads.wordpress.org/plugin/envo-extra.1.9.4.zip,"2024-11-05 10:51:00",https://wordpress.org/plugins/envo-extra/,4.9,5.6
express-pay-card,"Экспресс Платежи: Интернет-Эквайринг",1.1.1,1.1.0,https://downloads.wordpress.org/plugin/express-pay-card.1.1.1.zip,"2024-11-05 11:09:00",https://wordpress.org/plugins/express-pay-card/,4.0,5.4
express-pay-erip,"Экспресс Платежи: ЕРИП",1.1.1,1.0.5,https://downloads.wordpress.org/plugin/express-pay-erip.zip,"2024-11-05 10:42:00",https://wordpress.org/plugins/express-pay-erip/,4.0,5.4
fastpixel-website-accelerator,"FastPixel Caching – WP Optimization made easy",1.0.29,1.0.26,https://downloads.wordpress.org/plugin/fastpixel-website-accelerator.1.0.29.zip,"2024-11-05 12:04:00",https://wordpress.org/plugins/fastpixel-website-accelerator/,6.0,5.6
gtm-server-side,"GTM Server Side",2.1.22,2.1.21,https://downloads.wordpress.org/plugin/gtm-server-side.2.1.22.zip,"2024-11-05 11:36:00",https://wordpress.org/plugins/gtm-server-side/,5.2.0,
hack-info,Hack-Info,4.19.1,,https://downloads.wordpress.org/plugin/hack-info.zip,"2024-11-05 11:34:00",https://wordpress.org/plugins/hack-info/,4.1,5.4
hamail,"Hamail – Send Email via SendGrid",2.4.1,2.3.5,https://downloads.wordpress.org/plugin/hamail.2.4.1.zip,"2024-11-05 09:51:00",https://wordpress.org/plugins/hamail/,5.9,7.2
helpdesk-contact-form,"HelpDesk contact form plugin",1.1.3,1.1.2,https://downloads.wordpress.org/plugin/helpdesk-contact-form.1.1.3.zip,"2024-11-05 11:41:00",https://wordpress.org/plugins/helpdesk-contact-form/,4.6,6.1
hyperlink-group-block,"Hyperlink Group Block",2.0.0,1.17.5,https://downloads.wordpress.org/plugin/hyperlink-group-block.2.0.0.zip,"2024-11-05 12:31:00",https://wordpress.org/plugins/hyperlink-group-block/,5.6,7.0.0
ignore-single-update,"Ignore Or Disable Plugin Update",1.2.2,1.2,https://downloads.wordpress.org/plugin/ignore-single-update.1.2.2.zip,"2024-11-05 12:16:00",https://wordpress.org/plugins/ignore-single-update/,5.0,7.2.0
interactive-uk-map,"Interactive UK Map",3.4.9,3.1.9.2,https://downloads.wordpress.org/plugin/interactive-uk-map.zip,"2024-11-05 12:29:00",https://wordpress.org/plugins/interactive-uk-map/,3.3,
jetformbuilder,"JetFormBuilder — Dynamic Blocks Form Builder",3.4.3,3.4.2,https://downloads.wordpress.org/plugin/jetformbuilder.3.4.3.zip,"2024-11-05 12:45:00",https://wordpress.org/plugins/jetformbuilder/,6.1,7.0
magic-login-mail,"Magic Login Mail or QR Code",2.02,2.00,https://downloads.wordpress.org/plugin/magic-login-mail.2.02.zip,"2024-11-05 09:56:00",https://wordpress.org/plugins/magic-login-mail/,4.7,8.0
mail-mint,"Email Marketing, Email Automation, Newsletter & Cart Abandonment for WordPress and WooCommerce – Mail Mint",1.15.1,1.14.3,https://downloads.wordpress.org/plugin/mail-mint.1.15.1.zip,"2024-11-05 10:49:00",https://wordpress.org/plugins/mail-mint/,5.8,7.4
meetinghub,"Zoom Meeting, Jitsi Meet, Webex, & Google Meet – All-in-One Webinar & Video Conference Solution for WordPress: MeetingHub",1.18.4,1.18.2,https://downloads.wordpress.org/plugin/meetinghub.1.18.4.zip,"2024-11-05 12:15:00",https://wordpress.org/plugins/meetinghub/,5.0,7.2
modal-window,"Modal Window – create popup modal window",6.1.2,6.1,https://downloads.wordpress.org/plugin/modal-window.6.1.2.zip,"2024-11-05 10:05:00",https://wordpress.org/plugins/modal-window/,5.0,7.4
multisafepay,"MultiSafepay plugin for WooCommerce",6.6.2,6.6.1,https://downloads.wordpress.org/plugin/multisafepay.6.6.2.zip,"2024-11-05 11:50:00",https://wordpress.org/plugins/multisafepay/,6.0,7.3
new-user-approve,"New User Approve",2.6.2,2.6.1,https://downloads.wordpress.org/plugin/new-user-approve.2.6.2.zip,"2024-11-05 11:41:00",https://wordpress.org/plugins/new-user-approve/,4.0,
onoffice-for-wp-websites,"onOffice for WP-Websites",5.2.1,5.2,https://downloads.wordpress.org/plugin/onoffice-for-wp-websites.5.2.1.zip,"2024-11-05 10:25:00",https://wordpress.org/plugins/onoffice-for-wp-websites/,4.6,7.4
partnero,"Partnero – Affiliate & Referral Program Management for WooCommerce",2.0.0,1.3.4,https://downloads.wordpress.org/plugin/partnero.2.0.1.zip,"2024-11-05 11:09:00",https://wordpress.org/plugins/partnero/,5.3,7.4
payplug,"PayPlug for WooCommerce (Official)",2.10.1,2.10.0,https://downloads.wordpress.org/plugin/payplug.2.10.1.zip,"2024-11-05 12:14:00",https://wordpress.org/plugins/payplug/,4.4,5.6
pi-woocommerce-order-date-time-and-type,"Order date, Order pickup, Order date time, Pickup Location, delivery date  for WooCommerce",3.0.49.22,3.0.49.17,https://downloads.wordpress.org/plugin/pi-woocommerce-order-date-time-and-type.3.0.49.22.zip,"2024-11-05 11:38:00",https://wordpress.org/plugins/pi-woocommerce-order-date-time-and-type/,4.8,7.2
plaintracker,"Plain Tracker",2.2.6,2.2.3,https://downloads.wordpress.org/plugin/plaintracker.2.2.6.zip,"2024-11-05 10:13:00",https://wordpress.org/plugins/plaintracker/,4.8,7.0
post-snippets,"Post Snippets – Custom WordPress Code Snippets Customizer",4.0.7,4.0.6,https://downloads.wordpress.org/plugin/post-snippets.4.0.7.zip,"2024-11-05 12:12:00",https://wordpress.org/plugins/post-snippets/,5.3,
product-blocks,"WooCommerce Builder & Gutenberg WooCommerce Blocks – WowStore",4.1.1,4.1.0,https://downloads.wordpress.org/plugin/product-blocks.4.1.1.zip,"2024-11-05 09:56:00",https://wordpress.org/plugins/product-blocks/,5.0,7.0
product-delivery-date-for-woocommerce-lite,"Product Delivery Date for WooCommerce – Lite",2.8.0,2.7.4,https://downloads.wordpress.org/plugin/product-delivery-date-for-woocommerce-lite.zip,"2024-11-05 12:00:00",https://wordpress.org/plugins/product-delivery-date-for-woocommerce-lite/,1.3,5.6
really-simple-ssl,"Really Simple Security – Simple and Performant Security (formerly Really Simple SSL)",9.1.1,9.1.0,https://downloads.wordpress.org/plugin/really-simple-ssl.9.1.1.zip,"2024-11-05 10:43:00",https://wordpress.org/plugins/really-simple-ssl/,5.9,7.4
saskaita123-lt,Invoice123,1.5.3,1.5.1,https://downloads.wordpress.org/plugin/saskaita123-lt.1.5.3.zip,"2024-11-05 10:08:00",https://wordpress.org/plugins/saskaita123-lt/,5.5,7.2
time-express,"Time Express Parcels For WooCommerce",1.0.10,1.0.9,https://downloads.wordpress.org/plugin/time-express.zip,"2024-11-05 12:43:00",https://wordpress.org/plugins/time-express/,5.4,7.0
tourfic,"Tourfic – Ultimate Hotel Booking, Travel Booking & Apartment Booking WordPress Plugin | WooCommerce Booking",2.14.0,2.13.11,https://downloads.wordpress.org/plugin/tourfic.2.14.0.zip,"2024-11-05 11:39:00",https://wordpress.org/plugins/tourfic/,5.4,7.4
ultimate-color-schemes,"Ultimate Color Schemes",1.2.2,1.0.3,https://downloads.wordpress.org/plugin/ultimate-color-schemes.1.2.2.zip,"2024-11-05 10:00:00",https://wordpress.org/plugins/ultimate-color-schemes/,5.7,5.3
ultimate-responsive-image-slider,"Slider – Ultimate Responsive Image Slider",3.5.15,3.5.14,https://downloads.wordpress.org/plugin/ultimate-responsive-image-slider.3.5.15.zip,"2024-11-05 12:32:00",https://wordpress.org/plugins/ultimate-responsive-image-slider/,4.0,4.0
video-wc-gallery,"Video Gallery for WooCommerce",1.32,1.31,https://downloads.wordpress.org/plugin/video-wc-gallery.1.32.zip,"2024-11-05 11:19:00",https://wordpress.org/plugins/video-wc-gallery/,5.3,7.4
virtualjog,Virtuáljog,1.0.6,1.0.5,https://downloads.wordpress.org/plugin/virtualjog.1.0.6.zip,"2024-11-05 12:26:00",https://wordpress.org/plugins/virtualjog/,6.0,7.4
widget-for-eventbrite-api,"Display Eventbrite Events",6.1.8,6.1.7,https://downloads.wordpress.org/plugin/widget-for-eventbrite-api.6.1.8.zip,"2024-11-05 09:55:00",https://wordpress.org/plugins/widget-for-eventbrite-api/,5.6,7.4
woo-paypal-gateway,"Payment Gateway for PayPal on WooCommerce",9.0.10,9.0.9,https://downloads.wordpress.org/plugin/woo-paypal-gateway.9.0.10.zip,"2024-11-05 10:45:00",https://wordpress.org/plugins/woo-paypal-gateway/,5.3,7.2
woocommerce-shipping,"WooCommerce Shipping",1.2.2,1.2.1,https://downloads.wordpress.org/plugin/woocommerce-shipping.1.2.2.zip,"2024-11-05 10:29:00",https://wordpress.org/plugins/woocommerce-shipping/,6.5,7.4
wp-politic,"HT Politic – For Political WordPress Themes / Website",2.4.6,2.4.4,https://downloads.wordpress.org/plugin/wp-politic.2.4.6.zip,"2024-11-05 11:44:00",https://wordpress.org/plugins/wp-politic/,5.0,
wp-top-news,"WordPress News Plugin – TopNewsWp",2.4.0,2.3.9,https://downloads.wordpress.org/plugin/wp-top-news.2.4.0.zip,"2024-11-05 11:30:00",https://wordpress.org/plugins/wp-top-news/,5.4,7.2
yith-paypal-express-checkout-for-woocommerce,"YITH PayPal Express Checkout for WooCommerce",1.43.0,1.41.0,https://downloads.wordpress.org/plugin/yith-paypal-express-checkout-for-woocommerce.zip,"2024-11-05 11:20:00",https://wordpress.org/plugins/yith-paypal-express-checkout-for-woocommerce/,6.5,7.4
yith-woocommerce-ajax-search,"YITH WooCommerce Ajax Search",2.9.0,2.7.1,https://downloads.wordpress.org/plugin/yith-woocommerce-ajax-search.2.9.0.zip,"2024-11-05 12:07:00",https://wordpress.org/plugins/yith-woocommerce-ajax-search/,6.5,7.4
yith-woocommerce-featured-video,"YITH WooCommerce Featured Video",1.41.0,1.39.0,https://downloads.wordpress.org/plugin/yith-woocommerce-featured-video.1.41.0.zip,"2024-11-05 11:28:00",https://wordpress.org/plugins/yith-woocommerce-featured-video/,6.5,7.4
yith-woocommerce-product-slider-carousel,"YITH WooCommerce Product Slider Carousel",1.39.0,1.37.0,https://downloads.wordpress.org/plugin/yith-woocommerce-product-slider-carousel.1.39.0.zip,"2024-11-05 11:40:00",https://wordpress.org/plugins/yith-woocommerce-product-slider-carousel/,6.5,7.4
zip-codes-redirect,"Zip Code Redirect",5.2.6,5.2.5,https://downloads.wordpress.org/plugin/zip-codes-redirect.5.2.6.zip,"2024-11-05 12:32:00",https://wordpress.org/plugins/zip-codes-redirect/,6.3,7.4
botsailor-abandoned-cart-webhook,"BotSailor Abandoned Cart Webhook for WooCommerce",1.0.0,,https://downloads.wordpress.org/plugin/botsailor-abandoned-cart-webhook.1.0.0.zip,"2024-11-05 11:16:00",https://wordpress.org/plugins/botsailor-abandoned-cart-webhook/,5.0,7.2
duplicate-copy-post,"Duplicate Copy Post",1.0.1,,https://downloads.wordpress.org/plugin/duplicate-copy-post.1.0.1.zip,"2024-11-05 11:46:00",https://wordpress.org/plugins/duplicate-copy-post/,5.0,
hide-login-language-selector,"Hide Login Language Selector",1.0,,https://downloads.wordpress.org/plugin/hide-login-language-selector.1.0.zip,"2024-11-05 10:02:00",https://wordpress.org/plugins/hide-login-language-selector/,5.9,7.4
pdf-invoice-for-woo-order,"PDF Invoice For Woo Order",1.1.0,,https://downloads.wordpress.org/plugin/pdf-invoice-for-woo-order.1.1.0.zip,"2024-11-05 12:17:00",https://wordpress.org/plugins/pdf-invoice-for-woo-order/,4.7,5.6
time-express,"Time Express Parcels For WooCommerce",1.0.11,1.0.10,https://downloads.wordpress.org/plugin/time-express.1.0.11.zip,"2024-11-05 13:20:00",https://wordpress.org/plugins/time-express/,5.4,7.0
adaptive-login-action,"Adaptive Login Action",1.5,1.4,https://downloads.wordpress.org/plugin/adaptive-login-action.zip,"2024-11-05 17:37:00",https://wordpress.org/plugins/adaptive-login-action/,4.1,5.4
bundler,"Bundler – Quantity Discounts & Breaks, Product Bundles and Dynamic Pricing for Woocommerce",3.1.1,3.0.4,https://downloads.wordpress.org/plugin/bundler.3.1.1.zip,"2024-11-05 20:19:00",https://wordpress.org/plugins/bundler/,6.0,7.0
conveythis-translate,"Language Translate Widget for WP – ConveyThis",245,243,https://downloads.wordpress.org/plugin/conveythis-translate.245.zip,"2024-11-05 19:56:00",https://wordpress.org/plugins/conveythis-translate/,4.0,5.6
infinity-simple-faq,"Infinity Simple FAQ",1.0.14,1.0.13,https://downloads.wordpress.org/plugin/infinity-simple-faq.1.0.14.zip,"2024-11-05 19:11:00",https://wordpress.org/plugins/infinity-simple-faq/,5.0,7.0
infixs-correios-automatico,"Correios Automático – Rastreio, Etiqueta e Frete",1.1.4,1.1.0,https://downloads.wordpress.org/plugin/infixs-correios-automatico.1.1.4.zip,"2024-11-05 18:15:00",https://wordpress.org/plugins/infixs-correios-automatico/,6.0,7.4
my-fastapp,"My FastAPP",2.0.5,1.3.2,https://downloads.wordpress.org/plugin/my-fastapp.2.0.5.zip,"2024-11-05 17:32:00",https://wordpress.org/plugins/my-fastapp/,4.4.0,7.4.33
nota-ai-tools,Nota,0.13.0,0.12.1,https://downloads.wordpress.org/plugin/nota-ai-tools.0.13.0.zip,"2024-11-05 20:00:00",https://wordpress.org/plugins/nota-ai-tools/,,7.2.5
pt-filter,"PT Filter",1.0.1,1.0.0,https://downloads.wordpress.org/plugin/pt-filter.1.0.1.zip,"2024-11-05 19:58:00",https://wordpress.org/plugins/pt-filter/,6.2,7.4
shareaholic,"Professional Social Sharing Buttons, Icons & Related Posts – Shareaholic",9.7.13,9.7.12,https://downloads.wordpress.org/plugin/shareaholic.9.7.13.zip,"2024-11-05 19:08:00",https://wordpress.org/plugins/shareaholic/,3.7,5.3
simple-embed-code,"Code Embed",2.5.1,2.5,https://downloads.wordpress.org/plugin/simple-embed-code.2.5.1.zip,"2024-11-05 18:57:00",https://wordpress.org/plugins/simple-embed-code/,4.6,7.4
trulylegit-trulybadge,"TrulyLegit | TrulyBadge",1.0.9,1.0.8,https://downloads.wordpress.org/plugin/trulylegit-trulybadge.1.0.9.zip,"2024-11-05 17:43:00",https://wordpress.org/plugins/trulylegit-trulybadge/,4.6,
twism,"TWISM for WooCommerce",1.5.2,1.4.0,https://downloads.wordpress.org/plugin/twism.zip,"2024-11-05 20:08:00",https://wordpress.org/plugins/twism/,4.7,8.0.2
waitlist-woocommerce,"Waitlist Woocommerce ( Back in stock notifier )",2.7.9,2.7.7,https://downloads.wordpress.org/plugin/waitlist-woocommerce.2.7.9.zip,"2024-11-05 17:37:00",https://wordpress.org/plugins/waitlist-woocommerce/,3.0.1,
wc-product-feed-for-pinterest,"Product Feed for Pinterest Product Catalogs",1.0.5,1.0.4,https://downloads.wordpress.org/plugin/wc-product-feed-for-pinterest.1.0.5.zip,"2024-11-05 18:10:00",https://wordpress.org/plugins/wc-product-feed-for-pinterest/,6.6,7.2.14
widget-for-yandex-zen,"Widget for Zen",1.2.7,1.2.6,https://downloads.wordpress.org/plugin/widget-for-yandex-zen.1.2.7.zip,"2024-11-05 18:04:00",https://wordpress.org/plugins/widget-for-yandex-zen/,4.9,
woo-izettle-integration,"WooCommerce Zettle Integration",7.9.4,7.9.3,https://downloads.wordpress.org/plugin/woo-izettle-integration.7.9.4.zip,"2024-11-05 18:45:00",https://wordpress.org/plugins/woo-izettle-integration/,4.9,7.4
wp-advanced-search,"WordPress WP-Advanced-Search",3.3.9.3,3.3.9.1,https://downloads.wordpress.org/plugin/wp-advanced-search.3.3.9.3.zip,"2024-11-05 18:15:00",https://wordpress.org/plugins/wp-advanced-search/,2.5,
wp-compress-image-optimizer,"WP Compress – Instant Performance & Speed Optimization",6.21.15,6.21.13,https://downloads.wordpress.org/plugin/wp-compress-image-optimizer.6.21.15.zip,"2024-11-05 18:31:00",https://wordpress.org/plugins/wp-compress-image-optimizer/,5.6,7.0
wp-easycart,"Shopping Cart & eCommerce Store",5.7.6,5.7.5,https://downloads.wordpress.org/plugin/wp-easycart.5.7.6.zip,"2024-11-05 18:54:00",https://wordpress.org/plugins/wp-easycart/,,
wpmozo-addons-lite-for-elementor,"WPMozo Addons Lite for Elementor",1.2.0,1.0.0,https://downloads.wordpress.org/plugin/wpmozo-addons-lite-for-elementor.1.2.0.zip,"2024-11-05 18:13:00",https://wordpress.org/plugins/wpmozo-addons-lite-for-elementor/,5.3,7.0
wpnakama,"WPNakama – Team and client collaboration Starts Here",0.3.6,0.3.2,https://downloads.wordpress.org/plugin/wpnakama.0.3.6.zip,"2024-11-05 17:33:00",https://wordpress.org/plugins/wpnakama/,6.2.0,7.4
alt-magic-ai-powered-alt-texts,"Alt Magic: AI Powered Alt Texts",0.2.1,,https://downloads.wordpress.org/plugin/alt-magic-ai-powered-alt-texts.zip,"2024-11-05 19:53:00",https://wordpress.org/plugins/alt-magic-ai-powered-alt-texts/,5.0,7.0
kueskipay-gateway,"KueskiPay Gateway",2.3.5,,https://downloads.wordpress.org/plugin/kueskipay-gateway.2.3.5.zip,"2024-11-05 18:42:00",https://wordpress.org/plugins/kueskipay-gateway/,6.2,7.4
profiling-tool-for-wp,"Profiling Tool For WP",1.0.2,,https://downloads.wordpress.org/plugin/profiling-tool-for-wp.1.0.2.zip,"2024-11-05 18:23:00",https://wordpress.org/plugins/profiling-tool-for-wp/,3.0.1,7.0
agentwp,AgentWP,1.2.1,1.1.2,https://downloads.wordpress.org/plugin/agentwp.1.2.1.zip,"2024-11-06 01:50:00",https://wordpress.org/plugins/agentwp/,6.4,7.4
customize-my-account-for-woocommerce,"SysBasics Customize My Account for WooCommerce",2.7.30,2.7.29,https://downloads.wordpress.org/plugin/customize-my-account-for-woocommerce.2.7.30.zip,"2024-11-06 01:03:00",https://wordpress.org/plugins/customize-my-account-for-woocommerce/,3.3,5.2
elex-woocommerce-role-based-pricing-plugin-basic,"ELEX WooCommerce Role Based Pricing",1.4.11,1.4.10,https://downloads.wordpress.org/plugin/elex-woocommerce-role-based-pricing-plugin-basic.1.4.11.zip,"2024-11-06 03:14:00",https://wordpress.org/plugins/elex-woocommerce-role-based-pricing-plugin-basic/,3.0.1,
infility-global,"Infility Global",2.9.1,2.8.5,https://downloads.wordpress.org/plugin/infility-global.zip,"2024-11-06 02:50:00",https://wordpress.org/plugins/infility-global/,5.6,7.0
nostr-login,"YEGHRO Nostr Login",1.3,1.2,https://downloads.wordpress.org/plugin/nostr-login.1.3.zip,"2024-11-06 02:10:00",https://wordpress.org/plugins/nostr-login/,5.0,7.0
smtp-mailer,"SMTP Mailer",1.1.16,1.1.15,https://downloads.wordpress.org/plugin/smtp-mailer.zip,"2024-11-06 01:05:00",https://wordpress.org/plugins/smtp-mailer/,6.5,
swipe-slider,"Swipe Slider – Make dynamic slider with solid, gradient, or image background",0.11,0.10,https://downloads.wordpress.org/plugin/swipe-slider.0.11.zip,"2024-11-06 02:37:00",https://wordpress.org/plugins/swipe-slider/,6.2,7.2
woo-mp,"WooCommerce Manual Payment",2.8.5,2.8.4,https://downloads.wordpress.org/plugin/woo-mp.2.8.5.zip,"2024-11-06 02:37:00",https://wordpress.org/plugins/woo-mp/,4.7,5.6
wpvivid-backup-mainwp,"WPvivid Backup for MainWP",0.9.38,0.9.37,https://downloads.wordpress.org/plugin/wpvivid-backup-mainwp.0.9.38.zip,"2024-11-06 00:48:00",https://wordpress.org/plugins/wpvivid-backup-mainwp/,4.5,5.3
product-announcer,"Product Announcer",1.0.2,,https://downloads.wordpress.org/plugin/product-announcer.1.0.2.zip,"2024-11-06 03:08:00",https://wordpress.org/plugins/product-announcer/,4.6,7.4
topposts-for-google-analytics,"TopPosts for Google Analytics",1.1.5,,https://downloads.wordpress.org/plugin/topposts-for-google-analytics.1.1.5.zip,"2024-11-06 03:27:00",https://wordpress.org/plugins/topposts-for-google-analytics/,5.9,7.2.5
advanced-blog-post-block,"Advanced Blog Post Block",1.0.4,1.0.1,https://downloads.wordpress.org/plugin/advanced-blog-post-block.1.0.4.zip,"2024-11-06 09:57:00",https://wordpress.org/plugins/advanced-blog-post-block/,6.2,7.1
age-gate,"Age Gate",3.5.2,3.5.1,https://downloads.wordpress.org/plugin/age-gate.3.5.2.zip,"2024-11-06 09:08:00",https://wordpress.org/plugins/age-gate/,6.0.0,7.4
ali2woo-lite,"AliExpress Dropshipping Plugin for WooCommerce – AliNext",3.4.6,3.4.3,https://downloads.wordpress.org/plugin/ali2woo-lite.zip,"2024-11-06 10:28:00",https://wordpress.org/plugins/ali2woo-lite/,5.9,8.0
allpay-payment-gateway,"Allpay Payment Gateway",1.1.0,1.0.4,https://downloads.wordpress.org/plugin/allpay-payment-gateway.zip,"2024-11-06 08:55:00",https://wordpress.org/plugins/allpay-payment-gateway/,4.7,5.6
aruba-fatturazione-elettronica,"Aruba Fatturazione Elettronica",1.2.1,1.2.0,https://downloads.wordpress.org/plugin/aruba-fatturazione-elettronica.1.2.1.zip,"2024-11-06 09:11:00",https://wordpress.org/plugins/aruba-fatturazione-elettronica/,6.2,7.4
bwd-elementor-addons,"BWD Elementor Addons (2500+ presets, Meet The Team, Lottie, Lord Icon, Masking, Woocommerce, Theme Builder, Products, Blogs, CV, Contact Form 7 Styler, Header, Slider, Hero Section)",4.3.11,4.3.9,https://downloads.wordpress.org/plugin/bwd-elementor-addons.4.3.11.zip,"2024-11-06 09:23:00",https://wordpress.org/plugins/bwd-elementor-addons/,5.0,7.0
check-email,"Check & Log Email – Easy Email Testing & Mail logging",2.0.3,2.0.1,https://downloads.wordpress.org/plugin/check-email.2.0.3.zip,"2024-11-06 09:14:00",https://wordpress.org/plugins/check-email/,5.0,5.6
cozy-addons,"Cozy Blocks – Page Builder for Gutenberg & Site Editor, Post Blocks, WooCommerce Blocks, Magazine Blocks, WordPress Gutenberg Blocks, Patterns and Templates Library",2.0.21,2.0.18,https://downloads.wordpress.org/plugin/cozy-addons.2.0.21.zip,"2024-11-06 09:39:00",https://wordpress.org/plugins/cozy-addons/,5.8,7.3
custom-registration-form-builder-with-submission-manager,"RegistrationMagic – User Registration Plugin with Custom Registration Forms",6.0.2.8,6.0.2.7,https://downloads.wordpress.org/plugin/custom-registration-form-builder-with-submission-manager.zip,"2024-11-06 10:27:00",https://wordpress.org/plugins/custom-registration-form-builder-with-submission-manager/,5.2.0,7.2
dhl-for-woocommerce,"DHL Shipping Germany for WooCommerce",3.7.4,3.7.1,https://downloads.wordpress.org/plugin/dhl-for-woocommerce.3.7.4.zip,"2024-11-06 09:54:00",https://wordpress.org/plugins/dhl-for-woocommerce/,4.6,5.6
dokan-lite,"Dokan – Powerful WooCommerce Multivendor Marketplace Solution – Build Your Own Amazon, eBay, Etsy",3.12.6,3.12.4,https://downloads.wordpress.org/plugin/dokan-lite.3.12.6.zip,"2024-11-06 09:39:00",https://wordpress.org/plugins/dokan-lite/,6.4,7.4
eshoplogisticru,"Расчет доставки в корзине и карточке товара: СДЭК, DPD, Boxberry, Яндекс доставка, Энергия, Возовоз, Почта России, Деловые Линии, ПЭК, Dostavista, GTD, Байкал Сервис, ЖелДорЭкспедиция и др.",2.1.37,2.1.33,https://downloads.wordpress.org/plugin/eshoplogisticru.zip,"2024-11-06 08:55:00",https://wordpress.org/plugins/eshoplogisticru/,5.3,
essential-addons-for-elementor-lite,"Essential Addons for Elementor – Best Elementor Addon, Templates, Widgets, Kits & WooCommerce Builders",6.0.9,6.0.5,https://downloads.wordpress.org/plugin/essential-addons-for-elementor-lite.6.0.9.zip,"2024-11-06 08:23:00",https://wordpress.org/plugins/essential-addons-for-elementor-lite/,5.0,7.0
fapi-member,"FAPI Member",2.2.3,2.2.2,https://downloads.wordpress.org/plugin/fapi-member.2.2.3.zip,"2024-11-06 08:34:00",https://wordpress.org/plugins/fapi-member/,5.9,8.1
fg-prestashop-to-woocommerce,"FG PrestaShop to WooCommerce",4.57.0,4.56.1,https://downloads.wordpress.org/plugin/fg-prestashop-to-woocommerce.4.57.0.zip,"2024-11-06 09:47:00",https://wordpress.org/plugins/fg-prestashop-to-woocommerce/,4.5,5.6
freight-shipping-quote,"Freight Shipping Quote",1.3.2,1.2.7,https://downloads.wordpress.org/plugin/freight-shipping-quote.1.3.2.zip,"2024-11-06 07:42:00",https://wordpress.org/plugins/freight-shipping-quote/,4.6,7.3
gdata-antivirus,"Antivirus with G DATA VaaS Integration",2.1.0,2.0.8,https://downloads.wordpress.org/plugin/gdata-antivirus.2.1.0.zip,"2024-11-06 08:21:00",https://wordpress.org/plugins/gdata-antivirus/,6.2,8.1
helpdesk-contact-form,"HelpDesk contact form plugin",1.1.4,1.1.3,https://downloads.wordpress.org/plugin/helpdesk-contact-form.1.1.4.zip,"2024-11-06 09:26:00",https://wordpress.org/plugins/helpdesk-contact-form/,4.6,6.1
integration-toolkit-for-beehiiv,"beehiiv to WordPress – Publish beehiiv newsletters as posts",2.0.2,2.0.1,https://downloads.wordpress.org/plugin/integration-toolkit-for-beehiiv.2.0.2.zip,"2024-11-06 09:49:00",https://wordpress.org/plugins/integration-toolkit-for-beehiiv/,6.5.3,7.4
lightbox-block,"LightBox Block – Gutenberg block for creating fully functional lightbox",1.1.23,1.1.20,https://downloads.wordpress.org/plugin/lightbox-block.1.1.23.zip,"2024-11-06 08:43:00",https://wordpress.org/plugins/lightbox-block/,6.0,7.1
locatoraid,"Locatoraid Store Locator",3.9.49,3.9.46,https://downloads.wordpress.org/plugin/locatoraid.3.9.49.zip,"2024-11-06 08:39:00",https://wordpress.org/plugins/locatoraid/,3.3,5.3
materialis-companion,"Materialis Companion",1.3.46,1.3.44,https://downloads.wordpress.org/plugin/materialis-companion.zip,"2024-11-06 07:55:00",https://wordpress.org/plugins/materialis-companion/,5.6,
mesmerize-companion,"Mesmerize Companion",1.6.157,1.6.152,https://downloads.wordpress.org/plugin/mesmerize-companion.zip,"2024-11-06 07:56:00",https://wordpress.org/plugins/mesmerize-companion/,5.5,5.6
morkva-ua-shipping,"Morkva UA Shipping",1.0.10,1.0.8,https://downloads.wordpress.org/plugin/morkva-ua-shipping.1.0.10.zip,"2024-11-06 08:34:00",https://wordpress.org/plugins/morkva-ua-shipping/,5.0,7.0
nestech,"Authentication Plugin for the Baltics and Iceland",1.2.0,1.0,https://downloads.wordpress.org/plugin/nestech.1.2.0.zip,"2024-11-06 07:51:00",https://wordpress.org/plugins/nestech/,5.0,7.4
one-page-express-companion,"One Page Express Companion",1.6.42,1.6.40,https://downloads.wordpress.org/plugin/one-page-express-companion.zip,"2024-11-06 07:57:00",https://wordpress.org/plugins/one-page-express-companion/,5.6,
paid-member-subscriptions,"Paid Membership Subscriptions – Effortless Memberships, Recurring Payments & Content Restriction",2.13.1,2.12.9,https://downloads.wordpress.org/plugin/paid-member-subscriptions.2.13.1.zip,"2024-11-06 09:03:00",https://wordpress.org/plugins/paid-member-subscriptions/,3.1,
paytpv-for-woocommerce,"PAYCOMET for WooCommerce",5.38,5.37,https://downloads.wordpress.org/plugin/paytpv-for-woocommerce.5.38.zip,"2024-11-06 08:31:00",https://wordpress.org/plugins/paytpv-for-woocommerce/,3.0.1,5.6
paytrail-for-woocommerce,"Paytrail for WooCommerce",2.1.2,2.1.1,https://downloads.wordpress.org/plugin/paytrail-for-woocommerce.2.1.2.zip,"2024-11-06 07:34:00",https://wordpress.org/plugins/paytrail-for-woocommerce/,4.9,7.3
pdf-invoice-for-woo-order,"PDF Invoice For Woo Order",1.1.1,1.1.0,https://downloads.wordpress.org/plugin/pdf-invoice-for-woo-order.1.1.1.zip,"2024-11-06 07:53:00",https://wordpress.org/plugins/pdf-invoice-for-woo-order/,4.7,5.6
printess-editor,"Printess Editor",1.6.29,1.6.27,https://downloads.wordpress.org/plugin/printess-editor.zip,"2024-11-06 07:53:00",https://wordpress.org/plugins/printess-editor/,5.9,8.1
quiz-maker,"Quiz Maker",6.6.4.1,6.6.4.0,https://downloads.wordpress.org/plugin/quiz-maker.6.6.4.1.zip,"2024-11-06 08:16:00",https://wordpress.org/plugins/quiz-maker/,4.0,
quiz-master-next,"Quiz and Survey Master (QSM) – Easy Quiz and Survey Maker",9.2.1,9.1.3,https://downloads.wordpress.org/plugin/quiz-master-next.9.2.1.zip,"2024-11-06 10:06:00",https://wordpress.org/plugins/quiz-master-next/,4.9,5.4
regallery,"ReGallery – The Intuitive Photo Gallery Plugin",1.9.4,1.9.3,https://downloads.wordpress.org/plugin/regallery.1.9.4.zip,"2024-11-06 09:13:00",https://wordpress.org/plugins/regallery/,4.6,7.0
revenue,"WowRevenue – Product Bundles, Upsell, Cross Sell, Buy X Get Y, and More!",1.0.5,1.0.3,https://downloads.wordpress.org/plugin/revenue.1.0.5.zip,"2024-11-06 10:30:00",https://wordpress.org/plugins/revenue/,5.0,7.3
search-engines-blocked-in-header,"Search Engines Blocked in Header",1.1.0,1.0.0,https://downloads.wordpress.org/plugin/search-engines-blocked-in-header.1.1.0.zip,"2024-11-06 10:14:00",https://wordpress.org/plugins/search-engines-blocked-in-header/,3.2,7.0
seo-redirection,"SEO Redirection Plugin – 301 Redirect Manager",9.11,9.10,https://downloads.wordpress.org/plugin/seo-redirection.9.11.zip,"2024-11-06 10:04:00",https://wordpress.org/plugins/seo-redirection/,4.1,
servebolt-optimizer,"Servebolt Optimizer",3.5.44,3.5.37,https://downloads.wordpress.org/plugin/servebolt-optimizer.3.5.44.zip,"2024-11-06 08:55:00",https://wordpress.org/plugins/servebolt-optimizer/,4.9.2,7.4
simply-static,"Simply Static – The WordPress Static Site Generator",3.2.1,3.1.9,https://downloads.wordpress.org/plugin/simply-static.3.2.1.zip,"2024-11-06 09:17:00",https://wordpress.org/plugins/simply-static/,6.3,7.4
smartling-connector,"Smartling Connector",3.9.14,3.9.11,https://downloads.wordpress.org/plugin/smartling-connector.3.9.14.zip,"2024-11-06 09:05:00",https://wordpress.org/plugins/smartling-connector/,5.5,8.0
snow-monkey-editor,"Snow Monkey Editor",10.0.5,10.0.4,https://downloads.wordpress.org/plugin/snow-monkey-editor.10.0.5.zip,"2024-11-06 09:56:00",https://wordpress.org/plugins/snow-monkey-editor/,6.6,7.4
survey-maker,"Survey Maker",5.1.0.6,5.1.0.5,https://downloads.wordpress.org/plugin/survey-maker.5.1.0.6.zip,"2024-11-06 08:23:00",https://wordpress.org/plugins/survey-maker/,4.0,
tax-switch-for-woocommerce,"Tax Switch for WooCommerce",1.1.10,1.1.9,https://downloads.wordpress.org/plugin/tax-switch-for-woocommerce.1.1.10.zip,"2024-11-06 07:48:00",https://wordpress.org/plugins/tax-switch-for-woocommerce/,5.0,7.2
tickera-event-ticketing-system,"Tickera – WordPress Event Ticketing",3.5.4.7,3.5.4.5,https://downloads.wordpress.org/plugin/tickera-event-ticketing-system.3.5.4.7.zip,"2024-11-06 09:18:00",https://wordpress.org/plugins/tickera-event-ticketing-system/,4.1,5.6
tiledesk-live-chat,"Tiledesk — Live Chat and Chatbots Integration",1.0.9,1.0.8,https://downloads.wordpress.org/plugin/tiledesk-live-chat.1.0.10.zip,"2024-11-06 09:22:00",https://wordpress.org/plugins/tiledesk-live-chat/,5.0,7.0
trinity-audio,"Trinity Audio – Text to Speech AI audio player to convert content into audio",5.11,5.10,https://downloads.wordpress.org/plugin/trinity-audio.zip,"2024-11-06 09:34:00",https://wordpress.org/plugins/trinity-audio/,5.2,7.2
tripetto,"WordPress form builder plugin for contact forms, surveys and quizzes – Tripetto",8.0.5,8.0.3,https://downloads.wordpress.org/plugin/tripetto.8.0.5.zip,"2024-11-06 10:12:00",https://wordpress.org/plugins/tripetto/,4.9,5.6
unify,Unify,3.4.5,3.4.3,https://downloads.wordpress.org/plugin/unify.zip,"2024-11-06 07:53:00",https://wordpress.org/plugins/unify/,4.0,5.6
woocommerce-currency-switcher,"FOX – Currency Switcher Professional for WooCommerce",1.4.2.3,1.4.2.2,https://downloads.wordpress.org/plugin/woocommerce-currency-switcher.zip,"2024-11-06 10:14:00",https://wordpress.org/plugins/woocommerce-currency-switcher/,4.9.0,7.4
woocommerce-sequential-order-numbers,"Sequential Order Numbers for WooCommerce",1.11.0,1.10.1,https://downloads.wordpress.org/plugin/woocommerce-sequential-order-numbers.1.11.0.zip,"2024-11-06 07:50:00",https://wordpress.org/plugins/woocommerce-sequential-order-numbers/,5.6,7.4
woowbot-woocommerce-chatbot,"ChatBot for Woocommerce – WoowBot",3.8.2,3.8.1,https://downloads.wordpress.org/plugin/woowbot-woocommerce-chatbot.3.8.2.zip,"2024-11-06 09:40:00",https://wordpress.org/plugins/woowbot-woocommerce-chatbot/,4.9,5.6
wp-condition,"WordPress Health and Server Condition – Integrated with Google Page Speed",4.1.1,4.1.0,https://downloads.wordpress.org/plugin/wp-condition.zip,"2024-11-06 09:11:00",https://wordpress.org/plugins/wp-condition/,5.0,
wp-payment-form,"Paymattic – Secure, Simple Payment & Donation with Subscription Payments, Recurring Donations, Customer Management",4.6.2,4.6.1,https://downloads.wordpress.org/plugin/wp-payment-form.4.6.2.zip,"2024-11-06 09:26:00",https://wordpress.org/plugins/wp-payment-form/,4.5,7.1
cache-purger-for-bunnycdn,"Cache Purger for BunnyCDN",1.0,,https://downloads.wordpress.org/plugin/cache-purger-for-bunnycdn.1.0.zip,"2024-11-06 08:26:00",https://wordpress.org/plugins/cache-purger-for-bunnycdn/,5.0,5.6
digital-identity-login,"miniOrange Digital Identity Login",1.0.0,,https://downloads.wordpress.org/plugin/digital-identity-login.zip,"2024-11-06 08:25:00",https://wordpress.org/plugins/digital-identity-login/,4.0,7.0
linkmaster,LinkMaster,1.0,,https://downloads.wordpress.org/plugin/linkmaster.zip,"2024-11-06 10:27:00",https://wordpress.org/plugins/linkmaster/,5.0,7.2
loadify-preloader,Loadify-Preloader,1.0.0,,https://downloads.wordpress.org/plugin/loadify-preloader.1.0.0.zip,"2024-11-06 09:39:00",https://wordpress.org/plugins/loadify-preloader/,5.0,7.2
tzm-copyright-block,"TZM Copyright Block",1.0.0,,https://downloads.wordpress.org/plugin/tzm-copyright-block.1.0.0.zip,"2024-11-06 08:37:00",https://wordpress.org/plugins/tzm-copyright-block/,6.4.0,7.4.0
activity-ninja,"Activity Ninja",1.1.1,1.0.0,https://downloads.wordpress.org/plugin/activity-ninja.1.1.2.zip,"2024-11-06 16:22:00",https://wordpress.org/plugins/activity-ninja/,6.2,
dblocks-codepro,"DBlocks CodePro",1.2.5,1.2.4,https://downloads.wordpress.org/plugin/dblocks-codepro.1.2.5.zip,"2024-11-06 17:25:00",https://wordpress.org/plugins/dblocks-codepro/,6.3,7.4
flexi,"Flexi – Guest Submit",4.28,4.26,https://downloads.wordpress.org/plugin/flexi.4.28.zip,"2024-11-06 16:26:00",https://wordpress.org/plugins/flexi/,5.0.0,5.5
gp-convert-pt-ao90,"Convert PT AO90 for GlotPress",1.5.0,1.4.9,https://downloads.wordpress.org/plugin/gp-convert-pt-ao90.1.5.0.zip,"2024-11-06 16:15:00",https://wordpress.org/plugins/gp-convert-pt-ao90/,5.3,7.4
gutenberg,Gutenberg,19.6.0,19.5.1,https://downloads.wordpress.org/plugin/gutenberg.19.6.0.zip,"2024-11-06 16:08:00",https://wordpress.org/plugins/gutenberg/,6.5,7.2
instantsearch-for-woocommerce,"Search, Filters & Merchandising for WooCommerce",3.0.52,,https://downloads.wordpress.org/plugin/instantsearch-for-woocommerce.3.0.52.zip,"2024-11-06 15:55:00",https://wordpress.org/plugins/instantsearch-for-woocommerce/,3.3,
inventory-presser,"Inventory Presser – Car Dealer Listings",14.17.2,14.16.2,https://downloads.wordpress.org/plugin/inventory-presser.14.17.2.zip,"2024-11-06 16:45:00",https://wordpress.org/plugins/inventory-presser/,5.0.0,7.0.0
klump-wc-payment-gateway,"Klump WooCommerce Buy Now, Pay Later Plugin",1.3.6,1.3.5,https://downloads.wordpress.org/plugin/klump-wc-payment-gateway.1.3.6.zip,"2024-11-06 15:59:00",https://wordpress.org/plugins/klump-wc-payment-gateway/,6.2,7.4
multibanco-e-ou-payshop-by-lusopay,"Multibanco / MB Way  / Payshop / Cofidis Pay (by LUSOPAY) for WooCommerce",4.0.8,4.0.6,https://downloads.wordpress.org/plugin/multibanco-e-ou-payshop-by-lusopay.4.0.8.zip,"2024-11-06 16:37:00",https://wordpress.org/plugins/multibanco-e-ou-payshop-by-lusopay/,4.4,5.2.4
multiple-pages-generator-by-porthas,"Multiple Page Generator Plugin – MPG",4.0.3,4.0.1,https://downloads.wordpress.org/plugin/multiple-pages-generator-by-porthas.zip,"2024-11-06 17:13:00",https://wordpress.org/plugins/multiple-pages-generator-by-porthas/,5.6,7.2
norton-shopping-guarantee,"Norton Shopping Guarantee with Package Protection",1.1.1,1.0.0,https://downloads.wordpress.org/plugin/norton-shopping-guarantee.1.1.1.zip,"2024-11-06 15:35:00",https://wordpress.org/plugins/norton-shopping-guarantee/,4.0,7.2
pw-black-friday,"Black Friday and Cyber Monday Deals for WooCommerce",2.2,2.1,https://downloads.wordpress.org/plugin/pw-black-friday.2.2.zip,"2024-11-06 16:46:00",https://wordpress.org/plugins/pw-black-friday/,4.5,5.6
pw-bulk-edit,"PW WooCommerce Bulk Edit",2.130,2.129,https://downloads.wordpress.org/plugin/pw-bulk-edit.2.130.zip,"2024-11-06 16:49:00",https://wordpress.org/plugins/pw-bulk-edit/,4.5,5.6
pw-woocommerce-affiliates,"PW WooCommerce Affiliates",2.1,2.0,https://downloads.wordpress.org/plugin/pw-woocommerce-affiliates.2.1.zip,"2024-11-06 16:43:00",https://wordpress.org/plugins/pw-woocommerce-affiliates/,4.5,5.6
pw-woocommerce-bogo-free,"PW WooCommerce BOGO",3.2,3.0,https://downloads.wordpress.org/plugin/pw-woocommerce-bogo-free.3.2.zip,"2024-11-06 16:47:00",https://wordpress.org/plugins/pw-woocommerce-bogo-free/,4.5,5.6
pw-woocommerce-copy-coupon,"PW WooCommerce Copy Coupon",1.34,1.33,https://downloads.wordpress.org/plugin/pw-woocommerce-copy-coupon.1.34.zip,"2024-11-06 16:51:00",https://wordpress.org/plugins/pw-woocommerce-copy-coupon/,4.5,5.6
pw-woocommerce-exclude-free-shipping,"PW WooCommerce Exclude Free Shipping",1.39,1.38,https://downloads.wordpress.org/plugin/pw-woocommerce-exclude-free-shipping.1.39.zip,"2024-11-06 17:00:00",https://wordpress.org/plugins/pw-woocommerce-exclude-free-shipping/,4.5,5.6
pw-woocommerce-gift-cards,"PW WooCommerce Gift Cards",2.4,2.3,https://downloads.wordpress.org/plugin/pw-woocommerce-gift-cards.2.4.zip,"2024-11-06 16:53:00",https://wordpress.org/plugins/pw-woocommerce-gift-cards/,4.5,5.6
pw-woocommerce-lets-export,"PW WooCommerce Let's Export!",1.32,1.31,https://downloads.wordpress.org/plugin/pw-woocommerce-lets-export.1.32.zip,"2024-11-06 17:09:00",https://wordpress.org/plugins/pw-woocommerce-lets-export/,4.5,5.6
quiz-master-next,"Quiz and Survey Master (QSM) – Easy Quiz and Survey Maker",9.2.2,9.2.1,https://downloads.wordpress.org/plugin/quiz-master-next.9.2.2.zip,"2024-11-06 16:16:00",https://wordpress.org/plugins/quiz-master-next/,4.9,5.4
responsive-menu,"Responsive Menu – Create Mobile-Friendly Menu",4.5.0,4.4.2,https://downloads.wordpress.org/plugin/responsive-menu.4.5.0.zip,"2024-11-06 16:41:00",https://wordpress.org/plugins/responsive-menu/,3.6,5.6
sender-net-automated-emails,"Sender – Newsletter, SMS and Email Marketing Automation for WooCommerce",2.7.7,2.7.5,https://downloads.wordpress.org/plugin/sender-net-automated-emails.zip,"2024-11-06 15:12:00",https://wordpress.org/plugins/sender-net-automated-emails/,4.2,7.1
simple-editor-control,"Simple Editor Control",3.0.1,2.7.2,https://downloads.wordpress.org/plugin/simple-editor-control.3.0.1.zip,"2024-11-06 15:20:00",https://wordpress.org/plugins/simple-editor-control/,4.0,7.0
simple-tags,"WordPress Tag, Category, and Taxonomy Manager – AI Autotagger",3.27.0,3.25.1,https://downloads.wordpress.org/plugin/simple-tags.3.27.0.zip,"2024-11-06 15:24:00",https://wordpress.org/plugins/simple-tags/,3.3,5.6
support-x,"CRM Perks – WordPress HelpDesk Integration – Zendesk, Freshdesk, HelpScout",1.1.6,1.1.5,https://downloads.wordpress.org/plugin/support-x.zip,"2024-11-06 15:46:00",https://wordpress.org/plugins/support-x/,3.8,5.3
sureforms,"SureForms – Drag and Drop Form Builder for WordPress",1.0.3,1.0.1,https://downloads.wordpress.org/plugin/sureforms.1.0.3.zip,"2024-11-06 16:27:00",https://wordpress.org/plugins/sureforms/,6.4,7.4
tilopay,Tilopay,3.0.7,3.0.6,https://downloads.wordpress.org/plugin/tilopay.3.0.7.zip,"2024-11-06 15:42:00",https://wordpress.org/plugins/tilopay/,3.9,7.4
weeconnectpay,"WeeConnectPay – Clover Payment Gateway for WooCommerce",3.11.5,3.11.4,https://downloads.wordpress.org/plugin/weeconnectpay.3.11.5.zip,"2024-11-06 16:54:00",https://wordpress.org/plugins/weeconnectpay/,5.6,7.2
wp-cloudflare-page-cache,"Super Page Cache",5.0.7,5.0.4,https://downloads.wordpress.org/plugin/wp-cloudflare-page-cache.zip,"2024-11-06 15:41:00",https://wordpress.org/plugins/wp-cloudflare-page-cache/,5.3,7.4
wp-utility-and-performance,"WP Utility and Performance",1.1.3,1.0.0,https://downloads.wordpress.org/plugin/wp-utility-and-performance.1.1.3.zip,"2024-11-06 15:26:00",https://wordpress.org/plugins/wp-utility-and-performance/,4.0,5.2
wpsso-commerce-manager-catalog-feed,"WPSSO Commerce Manager Catalog Feed XML",4.9.0,4.8.0,https://downloads.wordpress.org/plugin/wpsso-commerce-manager-catalog-feed.4.9.0.zip,"2024-11-06 15:28:00",https://wordpress.org/plugins/wpsso-commerce-manager-catalog-feed/,5.9,7.4.33
wpsso-google-merchant-feed,"WPSSO Google Merchant Feed XML",9.9.0,9.8.0,https://downloads.wordpress.org/plugin/wpsso-google-merchant-feed.9.9.0.zip,"2024-11-06 15:28:00",https://wordpress.org/plugins/wpsso-google-merchant-feed/,5.9,7.4.33
wpsso,"WPSSO Core – The Complete Structured Data SEO Plugin",18.17.0,18.16.1,https://downloads.wordpress.org/plugin/wpsso.18.17.0.zip,"2024-11-06 15:28:00",https://wordpress.org/plugins/wpsso/,5.9,7.4.33
conditional-payment-method-for-woocommerce,"Conditional Payment Method for WooCommerce",1.0.0,,https://downloads.wordpress.org/plugin/conditional-payment-method-for-woocommerce.1.0.0.zip,"2024-11-06 15:37:00",https://wordpress.org/plugins/conditional-payment-method-for-woocommerce/,6.2.0,7.4.3
custom-fields-checkout-block-for-woocommerce,"Custom Fields Checkout Block For WooCommerce",1.0,,https://downloads.wordpress.org/plugin/custom-fields-checkout-block-for-woocommerce.zip,"2024-11-06 16:38:00",https://wordpress.org/plugins/custom-fields-checkout-block-for-woocommerce/,,
products-lists-from-prestashop,"Products Lists from PrestaShop – Listados Personalizados",2.2,,https://downloads.wordpress.org/plugin/products-lists-from-prestashop.2.2.zip,"2024-11-06 15:22:00",https://wordpress.org/plugins/products-lists-from-prestashop/,5.0,7.2
renewai-post-creator-free,"RenewAI Post Creator",1.3.3,,https://downloads.wordpress.org/plugin/renewai-post-creator-free.1.3.3.zip,"2024-11-06 17:18:00",https://wordpress.org/plugins/renewai-post-creator-free/,5.0,7.0
revix-reviews,"Revix Reviews",1.0.0,,https://downloads.wordpress.org/plugin/revix-reviews.1.0.0.zip,"2024-11-06 16:13:00",https://wordpress.org/plugins/revix-reviews/,5.4,7.4
rsdp-post-and-page-sellings,rsdp-post-and-page-sellings,1.0,,https://downloads.wordpress.org/plugin/rsdp-post-and-page-sellings.1.0.zip,"2024-11-06 16:43:00",https://wordpress.org/plugins/rsdp-post-and-page-sellings/,5.6,
am-lottieplayer,"AM LottiePlayer",3.3.6,3.3.1,https://downloads.wordpress.org/plugin/am-lottieplayer.3.3.6.zip,"2024-11-06 23:14:00",https://wordpress.org/plugins/am-lottieplayer/,5.9,7.0
bubble-chat,"Bubble Chat",4.0,3.1,https://downloads.wordpress.org/plugin/bubble-chat.4.0.zip,"2024-11-07 00:43:00",https://wordpress.org/plugins/bubble-chat/,5.6,7.0
gp-auto-extract,"GP Auto Extract",1.1,0.8,https://downloads.wordpress.org/plugin/gp-auto-extract.1.1.zip,"2024-11-07 00:24:00",https://wordpress.org/plugins/gp-auto-extract/,4.4,
index-wp-users-for-speed,"Index WP Users For Speed",1.1.8,1.1.7,https://downloads.wordpress.org/plugin/index-wp-users-for-speed.1.1.8.zip,"2024-11-06 22:54:00",https://wordpress.org/plugins/index-wp-users-for-speed/,5.2,5.6
integracion-afip,"AFIP para WooCommerce",3.1.2,3.1.0,https://downloads.wordpress.org/plugin/integracion-afip.3.1.2.zip,"2024-11-06 23:33:00",https://wordpress.org/plugins/integracion-afip/,4.8,7.1
litesurveys,LiteSurveys,2.0.0,1.0.3,https://downloads.wordpress.org/plugin/litesurveys.2.0.0.zip,"2024-11-07 01:15:00",https://wordpress.org/plugins/litesurveys/,6.1,8.0
login-rebuilder,"Login rebuilder",2.8.6,2.8.5,https://downloads.wordpress.org/plugin/login-rebuilder.zip,"2024-11-07 00:05:00",https://wordpress.org/plugins/login-rebuilder/,3.2.0,5.6
mb-custom-post-type,"MB Custom Post Types & Custom Taxonomies",2.7.9,2.7.7,https://downloads.wordpress.org/plugin/mb-custom-post-type.2.7.9.zip,"2024-11-07 01:24:00",https://wordpress.org/plugins/mb-custom-post-type/,5.9,7.2
mb-relationships,"MB Relationships",1.12.6,1.12.4,https://downloads.wordpress.org/plugin/mb-relationships.1.12.6.zip,"2024-11-07 01:29:00",https://wordpress.org/plugins/mb-relationships/,5.9,7.2
music-player-for-easy-digital-downloads,"Music Player for Easy Digital Downloads",1.2.3,1.2.2,https://downloads.wordpress.org/plugin/music-player-for-easy-digital-downloads.1.2.3.zip,"2024-11-06 23:52:00",https://wordpress.org/plugins/music-player-for-easy-digital-downloads/,3.5.0,
seatext-free-translation-and-conversion-rate-boost,"SEATEXT FREE Translation and Conversion Rate Boost",3.0.13,3.0.12,https://downloads.wordpress.org/plugin/seatext-free-translation-and-conversion-rate-boost.3.0.13.zip,"2024-11-07 01:35:00",https://wordpress.org/plugins/seatext-free-translation-and-conversion-rate-boost/,4.7,5.6
ez-horoscope,"EZ Horoscope",1.2,,https://downloads.wordpress.org/plugin/ez-horoscope.1.2.zip,"2024-11-06 22:52:00",https://wordpress.org/plugins/ez-horoscope/,5.0,7.0
free-wholesale-pricing-and-multiple-price-categories,"Free Wholesale Pricing and Multiple Price Categories",1.0.0,,https://downloads.wordpress.org/plugin/free-wholesale-pricing-and-multiple-price-categories.1.0.0.zip,"2024-11-07 00:37:00",https://wordpress.org/plugins/free-wholesale-pricing-and-multiple-price-categories/,5.2,5.6.20
sign-customiser,"Sign Customiser",1.1.0,,https://downloads.wordpress.org/plugin/sign-customiser.1.1.0.zip,"2024-11-06 23:36:00",https://wordpress.org/plugins/sign-customiser/,6.5,7.4
allpost-contactform,"All Post Contact Form",1.7.6,,https://downloads.wordpress.org/plugin/allpost-contactform.1.7.6.zip,"2024-11-07 07:45:00",https://wordpress.org/plugins/allpost-contactform/,4.7.3,
atum-stock-manager-for-woocommerce,"ATUM WooCommerce Inventory Management and Stock Tracking",1.9.42,1.9.41.2,https://downloads.wordpress.org/plugin/atum-stock-manager-for-woocommerce.1.9.42.zip,"2024-11-07 08:13:00",https://wordpress.org/plugins/atum-stock-manager-for-woocommerce/,5.9,7.3
ays-popup-box,"Popup Box – Create Countdown, Coupon, Video, Contact Form Popups",4.9.6,4.9.4,https://downloads.wordpress.org/plugin/ays-popup-box.4.9.6.zip,"2024-11-07 07:28:00",https://wordpress.org/plugins/ays-popup-box/,4.0,
click-n-chat,"Click n Chat (Chat Widget Integration)",1.0.5,1.0.3,https://downloads.wordpress.org/plugin/click-n-chat.1.0.5.zip,"2024-11-07 07:40:00",https://wordpress.org/plugins/click-n-chat/,5.0,5.6.4
customize-my-account-for-woocommerce,"SysBasics Customize My Account for WooCommerce",2.8.1,2.7.30,https://downloads.wordpress.org/plugin/customize-my-account-for-woocommerce.2.8.1.zip,"2024-11-07 08:06:00",https://wordpress.org/plugins/customize-my-account-for-woocommerce/,3.3,5.2
easy-form,"Easy Form by AYS – Form Builder Plugin for WordPress",2.5.3,2.5.1,https://downloads.wordpress.org/plugin/easy-form.2.5.3.zip,"2024-11-07 07:24:00",https://wordpress.org/plugins/easy-form/,5.0,7.0
essential-blocks,"Essential Blocks – Page Builder Gutenberg Blocks, Patterns & Templates",5.0.8,5.0.1,https://downloads.wordpress.org/plugin/essential-blocks.5.0.8.zip,"2024-11-07 07:12:00",https://wordpress.org/plugins/essential-blocks/,5.8,7.4
eurostocks,EuroStocks,3.1.17,3.1.16,https://downloads.wordpress.org/plugin/eurostocks.3.1.17.zip,"2024-11-07 08:17:00",https://wordpress.org/plugins/eurostocks/,4.7,7.4
hyve-lite,"AI Chatbot for WordPress – Hyve Lite",1.2.1,1.1.0,https://downloads.wordpress.org/plugin/hyve-lite.1.2.1.zip,"2024-11-07 08:22:00",https://wordpress.org/plugins/hyve-lite/,6.2,8.1
inpost-for-woocommerce,"InPost PL",1.5.9,1.5.7,https://downloads.wordpress.org/plugin/inpost-for-woocommerce.1.5.9.zip,"2024-11-07 08:28:00",https://wordpress.org/plugins/inpost-for-woocommerce/,5.3,7.2
lws-optimize,"LWS Optimize",3.2.0.5,3.2.0.3,https://downloads.wordpress.org/plugin/lws-optimize.3.2.0.5.zip,"2024-11-07 07:19:00",https://wordpress.org/plugins/lws-optimize/,6.0,7.4
post-grid,"Post Grid and Gutenberg Blocks – ComboBlocks",2.2.99,2.2.98,https://downloads.wordpress.org/plugin/post-grid.2.2.99.zip,"2024-11-07 07:49:00",https://wordpress.org/plugins/post-grid/,5.0.0,
quiz-maker,"Quiz Maker",6.6.4.2,6.6.4.1,https://downloads.wordpress.org/plugin/quiz-maker.6.6.4.2.zip,"2024-11-07 07:13:00",https://wordpress.org/plugins/quiz-maker/,4.0,
random-quote,"Random Quote",1.0.6,1.0.5,https://downloads.wordpress.org/plugin/random-quote.1.0.6.zip,"2024-11-07 07:42:00",https://wordpress.org/plugins/random-quote/,5.6,7.0
real-cookie-banner,"Real Cookie Banner: GDPR & ePrivacy Cookie Consent",5.0.0,4.8.0,https://downloads.wordpress.org/plugin/real-cookie-banner.5.0.0.zip,"2024-11-07 07:12:00",https://wordpress.org/plugins/real-cookie-banner/,5.9,7.4.0
vitepos-lite,"Vitepos – Point of sale (POS) plugin for WooCommerce",3.1.1,3.1.0,https://downloads.wordpress.org/plugin/vitepos-lite.3.1.1.zip,"2024-11-07 07:45:00",https://wordpress.org/plugins/vitepos-lite/,5.2,7.2
wp-travel-blocks,"WP Travel Gutenberg Blocks",3.8.1,3.7.0,https://downloads.wordpress.org/plugin/wp-travel-blocks.3.8.1.zip,"2024-11-07 08:29:00",https://wordpress.org/plugins/wp-travel-blocks/,6.0,7.4
eleapis,EleAPIs,1.5.1,,https://downloads.wordpress.org/plugin/eleapis.zip,"2024-11-07 07:47:00",https://wordpress.org/plugins/eleapis/,4.2,5.2.4
encrypt-blogs,"Encrypt Blogs",1.1.0,,https://downloads.wordpress.org/plugin/encrypt-blogs.zip,"2024-11-07 08:10:00",https://wordpress.org/plugins/encrypt-blogs/,5.0,7.2
marquee-addons-for-elementor,"MarqueeAddons – Smooth marquee carousel loop for elementor",1.1.0,,https://downloads.wordpress.org/plugin/marquee-addons-for-elementor.1.1.0.zip,"2024-11-07 07:36:00",https://wordpress.org/plugins/marquee-addons-for-elementor/,5.8,7.4
simple-map-locator,"Simple Map Locator",1.0.1,,https://downloads.wordpress.org/plugin/simple-map-locator.zip,"2024-11-07 07:23:00",https://wordpress.org/plugins/simple-map-locator/,5.8,5.6.20
booking-and-rental-manager-for-woocommerce,"Rental and Booking Manager for Bike, Car, Dress, Resort with WooCommerce Integration – WpRently | WordPress plugin",2.1.9,2.1.1,https://downloads.wordpress.org/plugin/booking-and-rental-manager-for-woocommerce.zip,"2024-11-07 06:48:00",https://wordpress.org/plugins/booking-and-rental-manager-for-woocommerce/,5.3,7.0
email-editor-plus,"Email Customizer for WooCommerce and WordPress – Customize WooCommerce Emails and WordPress Emails with Spark Editor",1.0.2,1.0.1,https://downloads.wordpress.org/plugin/email-editor-plus.1.0.2.zip,"2024-11-07 06:41:00",https://wordpress.org/plugins/email-editor-plus/,4.9.0,7.4
import-products-to-ozon,"Import Products to OZON",0.7.4,0.7.3,https://downloads.wordpress.org/plugin/import-products-to-ozon.0.7.4.zip,"2024-11-07 06:31:00",https://wordpress.org/plugins/import-products-to-ozon/,4.7,7.4.0
instantsearch-for-woocommerce,"Search, Filters & Merchandising for WooCommerce",3.0.53,3.0.52,https://downloads.wordpress.org/plugin/instantsearch-for-woocommerce.3.0.53.zip,"2024-11-07 07:02:00",https://wordpress.org/plugins/instantsearch-for-woocommerce/,3.3,
post-grid,"Post Grid and Gutenberg Blocks – ComboBlocks",2.3.0,2.2.99,https://downloads.wordpress.org/plugin/post-grid.zip,"2024-11-07 09:21:00",https://wordpress.org/plugins/post-grid/,5.0.0,
real-category-library-lite,"Real Category Management: Content Management in Category Folders",4.2.24,4.2.22,https://downloads.wordpress.org/plugin/real-category-library-lite.4.2.24.zip,"2024-11-07 07:09:00",https://wordpress.org/plugins/real-category-library-lite/,5.9,7.4.0
real-custom-post-order,"Real Custom Post Order: Create a custom order for your content",1.3.97,1.3.95,https://downloads.wordpress.org/plugin/real-custom-post-order.1.3.97.zip,"2024-11-07 07:08:00",https://wordpress.org/plugins/real-custom-post-order/,5.9,7.4.0
real-media-library-lite,"Real Media Library: Media Library Folder & File Manager",4.22.26,4.22.24,https://downloads.wordpress.org/plugin/real-media-library-lite.4.22.26.zip,"2024-11-07 07:08:00",https://wordpress.org/plugins/real-media-library-lite/,5.9,7.4.0
real-thumbnail-generator-lite,"Real Thumbnail Generator: Efficient regeneration of thumbnails in all sizes",2.6.91,2.6.89,https://downloads.wordpress.org/plugin/real-thumbnail-generator-lite.2.6.91.zip,"2024-11-07 07:08:00",https://wordpress.org/plugins/real-thumbnail-generator-lite/,5.9,7.4.0
seo-bulk-admin,"SEO Bulk Admin",1.1.0,1.0.0,https://downloads.wordpress.org/plugin/seo-bulk-admin.zip,"2024-11-07 06:39:00",https://wordpress.org/plugins/seo-bulk-admin/,6.2,7.0
templatiq,Templatiq,0.1.9,0.1.7,https://downloads.wordpress.org/plugin/templatiq.0.1.9.zip,"2024-11-07 07:10:00",https://wordpress.org/plugins/templatiq/,6.0,7.4
freightpop,FreightPOP,1.0,,https://downloads.wordpress.org/plugin/freightpop.zip,"2024-11-07 06:37:00",https://wordpress.org/plugins/freightpop/,6.5,
blizhost-cache-purge,"Blizhost CloudCache Purge – Speed, Security, and Optimization",5.0.2,5.0.1,https://downloads.wordpress.org/plugin/blizhost-cache-purge.5.0.2.zip,"2024-11-07 14:50:00",https://wordpress.org/plugins/blizhost-cache-purge/,4.4,5.6
bundler,"Bundler – Quantity Discounts & Breaks, Product Bundles and Dynamic Pricing for Woocommerce",3.1.2,3.1.1,https://downloads.wordpress.org/plugin/bundler.3.1.2.zip,"2024-11-07 13:45:00",https://wordpress.org/plugins/bundler/,6.0,7.0
calcurates-for-woocommerce,"Calcurates for WooCommerce",1.6.5,1.6.4,https://downloads.wordpress.org/plugin/calcurates-for-woocommerce.1.6.5.zip,"2024-11-07 15:02:00",https://wordpress.org/plugins/calcurates-for-woocommerce/,5.2,7.4
cm-on-demand-search-and-replace,"CM WordPress Search And Replace Plugin",1.4.2,1.4.1,https://downloads.wordpress.org/plugin/cm-on-demand-search-and-replace.zip,"2024-11-07 14:21:00",https://wordpress.org/plugins/cm-on-demand-search-and-replace/,5.4.0,5.2.4
cm-pop-up-banners,"CM Pop-Up Banners for WordPress",1.7.5,1.7.4,https://downloads.wordpress.org/plugin/cm-pop-up-banners.zip,"2024-11-07 14:18:00",https://wordpress.org/plugins/cm-pop-up-banners/,5.4.0,5.2.4
count-pagination-fix,"Count Pagination Fix for MySQL",1.1.2,1.1.1,https://downloads.wordpress.org/plugin/count-pagination-fix.1.1.2.zip,"2024-11-07 14:02:00",https://wordpress.org/plugins/count-pagination-fix/,6.0,7.0
foodle-for-democracy-poll,"Foodle Add-On for Democracy Poll",2.5.21.1,2.5.20.3,https://downloads.wordpress.org/plugin/foodle-for-democracy-poll.2.5.21.1.zip,"2024-11-07 14:38:00",https://wordpress.org/plugins/foodle-for-democracy-poll/,4.3,7.4
gpt3-ai-content-generator,"AI Power: Complete AI Pack",1.8.93,1.8.90,https://downloads.wordpress.org/plugin/gpt3-ai-content-generator.1.8.93.zip,"2024-11-07 13:56:00",https://wordpress.org/plugins/gpt3-ai-content-generator/,5.0.0,7.4
happyforms,"Form builder to get in touch with visitors and grow your email list — Happyforms",1.26.3,1.26.2,https://downloads.wordpress.org/plugin/happyforms.1.26.3.zip,"2024-11-07 14:03:00",https://wordpress.org/plugins/happyforms/,5.0,7.0
kaya-login-captcha,"Kaya Login Captcha",1.0.2,1.0.1,https://downloads.wordpress.org/plugin/kaya-login-captcha.1.0.2.zip,"2024-11-07 13:44:00",https://wordpress.org/plugins/kaya-login-captcha/,4.6.0,5.3
kaya-login-notification,"Kaya Login Notification",1.6.1,1.6.0,https://downloads.wordpress.org/plugin/kaya-login-notification.1.6.1.zip,"2024-11-07 14:06:00",https://wordpress.org/plugins/kaya-login-notification/,4.6.0,5.5
mobile-login-woocommerce,"OTP Login Woocommerce (Login with OTP)",2.6.3,2.6.2,https://downloads.wordpress.org/plugin/mobile-login-woocommerce.2.6.3.zip,"2024-11-07 14:00:00",https://wordpress.org/plugins/mobile-login-woocommerce/,3.0.1,5.2.4
mxchat-basic,"MxChat – AI Chatbot for WordPress",1.3,1.1.91,https://downloads.wordpress.org/plugin/mxchat-basic.1.3.zip,"2024-11-07 15:22:00",https://wordpress.org/plugins/mxchat-basic/,5.0,7.2
nlingual,nLingual,2.10.0.1,2.9.3,https://downloads.wordpress.org/plugin/nlingual.2.10.0.1.zip,"2024-11-07 14:39:00",https://wordpress.org/plugins/nlingual/,6.2.0,7.0.0
quicktasker,QuickTasker,1.9.0,1.8.0,https://downloads.wordpress.org/plugin/quicktasker.1.9.0.zip,"2024-11-07 14:14:00",https://wordpress.org/plugins/quicktasker/,5.3,7.2.28
starter-sites,"Starter Sites",2.0.2,2.0,https://downloads.wordpress.org/plugin/starter-sites.2.0.2.zip,"2024-11-07 14:45:00",https://wordpress.org/plugins/starter-sites/,6.4,7.4
tabbed-contents,"Tabbed Contents Block",1.0.6,1.0.5,https://downloads.wordpress.org/plugin/tabbed-contents.1.0.6.zip,"2024-11-07 14:10:00",https://wordpress.org/plugins/tabbed-contents/,6.3,7.2
themeisle-companion,"Orbit Fox by ThemeIsle",2.10.39,2.10.37,https://downloads.wordpress.org/plugin/themeisle-companion.zip,"2024-11-07 14:47:00",https://wordpress.org/plugins/themeisle-companion/,4.7,5.6
virtuaria-correios,"Virtuaria Correios – Frete, Etiqueta e Rastreio",1.7.6,1.7.2,https://downloads.wordpress.org/plugin/virtuaria-correios.1.7.6.zip,"2024-11-07 15:02:00",https://wordpress.org/plugins/virtuaria-correios/,4.7,7.4
wp-hide-security-enhancer,"WP Hide & Security Enhancer",2.5,2.4.7,https://downloads.wordpress.org/plugin/wp-hide-security-enhancer.2.5.zip,"2024-11-07 14:40:00",https://wordpress.org/plugins/wp-hide-security-enhancer/,4.0,5.4
ym-fast-seo,"YM Fast SEO",2.2.1,2.2.0,https://downloads.wordpress.org/plugin/ym-fast-seo.2.2.1.zip,"2024-11-07 14:43:00",https://wordpress.org/plugins/ym-fast-seo/,6.0,7.4
product-faq-manager,"Product FAQs Manager",1.0.0,,https://downloads.wordpress.org/plugin/product-faq-manager.1.0.0.zip,"2024-11-07 14:13:00",https://wordpress.org/plugins/product-faq-manager/,4.4,5.6
sticky-floating-notification-bar-call-to-action,"StickyCTA – Sticky Floating Notification Bar Call To Action A/B Testing",1.3.1,,https://downloads.wordpress.org/plugin/sticky-floating-notification-bar-call-to-action.1.3.1.zip,"2024-11-07 14:51:00",https://wordpress.org/plugins/sticky-floating-notification-bar-call-to-action/,6.2,7.4
cartflows,"WooCommerce Checkout & Funnel Builder by CartFlows – Create High Converting Stores For WooCommerce",2.1.0,2.0.11,https://downloads.wordpress.org/plugin/cartflows.2.1.0.zip,"2024-11-07 13:36:00",https://wordpress.org/plugins/cartflows/,5.8,7.2
job-postings,"Jobs for WordPress",2.7.11,2.7.7,https://downloads.wordpress.org/plugin/job-postings.2.7.11.zip,"2024-11-07 13:37:00",https://wordpress.org/plugins/job-postings/,5.0,
lkn-wc-gateway-cielo,"Payment Gateway for Cielo API on WooCommerce",1.12.1,1.11.4,https://downloads.wordpress.org/plugin/lkn-wc-gateway-cielo.1.12.1.zip,"2024-11-07 13:35:00",https://wordpress.org/plugins/lkn-wc-gateway-cielo/,5.7,7.2
formilla-chat-and-marketing,"Customer Support Software, Live Chat, & Marketing Automation",1.3,1.2,https://downloads.wordpress.org/plugin/formilla-chat-and-marketing.1.3.zip,"2024-11-07 22:18:00",https://wordpress.org/plugins/formilla-chat-and-marketing/,2.7,
getdave-responsive-navigation-block,"Responsive Navigation Block",1.0.9,1.0.8,https://downloads.wordpress.org/plugin/getdave-responsive-navigation-block.1.0.9.zip,"2024-11-07 20:30:00",https://wordpress.org/plugins/getdave-responsive-navigation-block/,6.5,
independent-analytics,"Independent Analytics – Google Analytics Alternative for WordPress",2.9.3,2.8.8,https://downloads.wordpress.org/plugin/independent-analytics.2.9.3.zip,"2024-11-07 19:33:00",https://wordpress.org/plugins/independent-analytics/,5.9,7.3.33
nestech,"Authentication Plugin for the Baltics and Iceland",1.2.1,1.2.0,https://downloads.wordpress.org/plugin/nestech.1.2.1.zip,"2024-11-07 21:23:00",https://wordpress.org/plugins/nestech/,5.0,7.4
newspack-newsletters,"Newspack Newsletters",3.3.3,3.3.2,https://downloads.wordpress.org/plugin/newspack-newsletters.zip,"2024-11-07 20:10:00",https://wordpress.org/plugins/newspack-newsletters/,6.6,7.4
parcelow,Parcelow,3.2.1,3.2.0,https://downloads.wordpress.org/plugin/parcelow.3.2.1.zip,"2024-11-07 21:17:00",https://wordpress.org/plugins/parcelow/,5.9,7.2
price-sync-for-emag,"Price Sync for eMAG",1.5.3,1.5.1,https://downloads.wordpress.org/plugin/price-sync-for-emag.1.5.3.zip,"2024-11-07 19:51:00",https://wordpress.org/plugins/price-sync-for-emag/,4.7,5.6
shipping-mipaquete-woocommerce,"Shipping Mipaquete Woocommerce",4.0.6,4.0.4,https://downloads.wordpress.org/plugin/shipping-mipaquete-woocommerce.4.0.6.zip,"2024-11-07 21:09:00",https://wordpress.org/plugins/shipping-mipaquete-woocommerce/,5.0,8.2
ultimate-blocks,"Ultimate Blocks – WordPress Blocks Plugin",3.2.3,3.2.2,https://downloads.wordpress.org/plugin/ultimate-blocks.3.2.3.zip,"2024-11-07 21:27:00",https://wordpress.org/plugins/ultimate-blocks/,5.8,5.6
woocommerce-gateway-stripe,"WooCommerce Stripe Payment Gateway",8.8.2,8.8.1,https://downloads.wordpress.org/plugin/woocommerce-gateway-stripe.8.8.2.zip,"2024-11-07 20:52:00",https://wordpress.org/plugins/woocommerce-gateway-stripe/,6.4,7.4
xcompliant,"Web Accessibility – Free Accessibility Scan and Audit for ADA & WCAG 2.1 Compliance by XCompliant",1.0.9,1.0.8,https://downloads.wordpress.org/plugin/xcompliant.zip,"2024-11-07 19:58:00",https://wordpress.org/plugins/xcompliant/,5.2,
zigaform-calculator-cost-estimation-form-builder-lite,"Zigaform – Price Calculator & Cost Estimation Form Builder Lite",7.3.1,7.1.2,https://downloads.wordpress.org/plugin/zigaform-calculator-cost-estimation-form-builder-lite.zip,"2024-11-07 19:39:00",https://wordpress.org/plugins/zigaform-calculator-cost-estimation-form-builder-lite/,5.0,
zigaform-form-builder-lite,"Zigaform – Form Builder Lite",7.3.1,7.1.2,https://downloads.wordpress.org/plugin/zigaform-form-builder-lite.zip,"2024-11-07 19:37:00",https://wordpress.org/plugins/zigaform-form-builder-lite/,5.0,5.4
codebaby-avatar,"Codebaby Avatar",1.0.0,,https://downloads.wordpress.org/plugin/codebaby-avatar.zip,"2024-11-07 22:21:00",https://wordpress.org/plugins/codebaby-avatar/,4.7,7.0
quicklinks-manager,"QuickLinks Manager by Press.Zone",1.2.7,,https://downloads.wordpress.org/plugin/quicklinks-manager.1.2.7.zip,"2024-11-07 20:46:00",https://wordpress.org/plugins/quicklinks-manager/,5.2.4,5.4
click-to-mail,"Click To Email – Chat Bubble & Mail Button for WP",1.2.2,1.2.1,https://downloads.wordpress.org/plugin/click-to-mail.1.2.2.zip,"2024-11-08 03:56:00",https://wordpress.org/plugins/click-to-mail/,5.0,
cost-calculator-for-elementor,"Cost Calculator for Elementor",1.3.3,1.3.1,https://downloads.wordpress.org/plugin/cost-calculator-for-elementor.zip,"2024-11-08 04:24:00",https://wordpress.org/plugins/cost-calculator-for-elementor/,2.0,5.2
event-manager-for-divi,"Events Calendar For Divi",5.0.1,5.0.0,https://downloads.wordpress.org/plugin/event-manager-for-divi.5.0.1.zip,"2024-11-08 03:11:00",https://wordpress.org/plugins/event-manager-for-divi/,4.5,7.4.3
gatographql,"Gato GraphQL",7.0.0,5.0.0,https://downloads.wordpress.org/plugin/gatographql.7.0.0.zip,"2024-11-08 01:36:00",https://wordpress.org/plugins/gatographql/,6.1,7.4
image-carousel-for-divi,"Image Carousel For Divi",1.8.1,1.8.0,https://downloads.wordpress.org/plugin/image-carousel-for-divi.1.8.1.zip,"2024-11-08 03:19:00",https://wordpress.org/plugins/image-carousel-for-divi/,4.9.8,7.4
inventory-presser,"Inventory Presser – Car Dealer Listings",14.17.3,14.17.2,https://downloads.wordpress.org/plugin/inventory-presser.14.17.3.zip,"2024-11-08 04:20:00",https://wordpress.org/plugins/inventory-presser/,5.0.0,7.0.0
pagbank-connect,"PagBank / PagSeguro Connect para WooCommerce",4.24.1,4.24.0,https://downloads.wordpress.org/plugin/pagbank-connect.4.24.1.zip,"2024-11-08 03:44:00",https://wordpress.org/plugins/pagbank-connect/,5.2,7.4
quttera-web-malware-scanner,"Quttera Web Malware Scanner",3.5.0.71,3.5.0.67,https://downloads.wordpress.org/plugin/quttera-web-malware-scanner.3.5.0.71.zip,"2024-11-08 03:05:00",https://wordpress.org/plugins/quttera-web-malware-scanner/,3.3.2,
smtp-mail,"SMTP Mail",1.3.36,1.3.34,https://downloads.wordpress.org/plugin/smtp-mail.1.3.36.zip,"2024-11-08 02:47:00",https://wordpress.org/plugins/smtp-mail/,6.2,7.4
wp-tools-divi-blog-carousel,"WP Tools Divi Blog Carousel",1.5.1,1.5.0,https://downloads.wordpress.org/plugin/wp-tools-divi-blog-carousel.1.5.1.zip,"2024-11-08 03:23:00",https://wordpress.org/plugins/wp-tools-divi-blog-carousel/,4.9.8,7.4
wp-tools-divi-product-carousel,"WP Tools Divi Product Carousel",1.7.1,1.7.0,https://downloads.wordpress.org/plugin/wp-tools-divi-product-carousel.1.7.1.zip,"2024-11-08 03:27:00",https://wordpress.org/plugins/wp-tools-divi-product-carousel/,4.9.8,7.4
wpc-badge-management,"WPC Badge Management for WooCommerce",3.0.4,3.0.3,https://downloads.wordpress.org/plugin/wpc-badge-management.3.0.4.zip,"2024-11-08 02:54:00",https://wordpress.org/plugins/wpc-badge-management/,4.0,
wpc-force-sells,"WPC Force Sells for WooCommerce",6.2.1,6.2.0,https://downloads.wordpress.org/plugin/wpc-force-sells.6.2.1.zip,"2024-11-08 03:20:00",https://wordpress.org/plugins/wpc-force-sells/,4.0,
quick-orders,"Quick Orders",1.0.0,,https://downloads.wordpress.org/plugin/quick-orders.1.0.0.zip,"2024-11-08 04:25:00",https://wordpress.org/plugins/quick-orders/,5.0,8.0
quick-orders,"Quick Orders",1.0.1,1.0.0,https://downloads.wordpress.org/plugin/quick-orders.1.0.1.zip,"2024-11-08 06:23:00",https://wordpress.org/plugins/quick-orders/,5.0,8.0
abc-pricing-table,"Pricing Table – Price Table, Price list, Easy Pricing Table",1.4.6,1.4.5,https://downloads.wordpress.org/plugin/abc-pricing-table.1.4.6.zip,"2024-11-08 09:21:00",https://wordpress.org/plugins/abc-pricing-table/,4.0,
animated-live-wall,"Animated Live Wall – Photo Animation, Feed Gallery Image Change Animation",1.2.2,1.2.1,https://downloads.wordpress.org/plugin/animated-live-wall.1.2.2.zip,"2024-11-08 09:26:00",https://wordpress.org/plugins/animated-live-wall/,3.0.1,5.2.4
apaczka-pl,"Apaczka.pl WooCommerce 2.0",1.2.8,1.2.5,https://downloads.wordpress.org/plugin/apaczka-pl.1.2.8.zip,"2024-11-08 11:06:00",https://wordpress.org/plugins/apaczka-pl/,5.3,7.2
chat-telegram,"Chat Support for Telegram – Bubble & Button with Gutenberg, Elementor and Shortcode",1.1.2,1.1.1,https://downloads.wordpress.org/plugin/chat-telegram.1.1.2.zip,"2024-11-08 11:09:00",https://wordpress.org/plugins/chat-telegram/,5.0,
chat2,Chat2,3.6.3,3.6.2,https://downloads.wordpress.org/plugin/chat2.3.6.3.zip,"2024-11-08 10:28:00",https://wordpress.org/plugins/chat2/,3.2.0,
classified-listing,"Classified Listing – Classified ads & Business Directory Plugin",3.1.15,3.1.10,https://downloads.wordpress.org/plugin/classified-listing.3.1.15.zip,"2024-11-08 10:21:00",https://wordpress.org/plugins/classified-listing/,5.0,7.4
coupon-lite,"Coupon Plugin",1.1.9,1.1.3,https://downloads.wordpress.org/plugin/coupon-lite.1.1.9.zip,"2024-11-08 11:03:00",https://wordpress.org/plugins/coupon-lite/,4.5,7.4
customizer-login-page,"Login Page Customizer – Customizer Login Page, Admin Page, Custom Design",2.0.8,2.0.7,https://downloads.wordpress.org/plugin/customizer-login-page.2.0.8.zip,"2024-11-08 09:28:00",https://wordpress.org/plugins/customizer-login-page/,4.0,
dynamic-product-categories-design,"Dynamic Product Category Grid, Slider for WooCommerce",1.1.4,1.1.2,https://downloads.wordpress.org/plugin/dynamic-product-categories-design.1.1.4.zip,"2024-11-08 10:14:00",https://wordpress.org/plugins/dynamic-product-categories-design/,5.0,7.0
easy-fattura-elettronica-free,"Easy Fattura Elettronica FREE",1.6.8,1.6.7,https://downloads.wordpress.org/plugin/easy-fattura-elettronica-free.1.6.8.zip,"2024-11-08 09:34:00",https://wordpress.org/plugins/easy-fattura-elettronica-free/,3.5,5.3
eu-vat-for-woocommerce,"EU/UK VAT Manager for WooCommerce",3.1.0,2.12.14,https://downloads.wordpress.org/plugin/eu-vat-for-woocommerce.3.1.0.zip,"2024-11-08 09:42:00",https://wordpress.org/plugins/eu-vat-for-woocommerce/,6.1,
event-monster,"Event Monster – Event Management, Tickets Booking, Upcoming Event",1.4.3,1.4.2,https://downloads.wordpress.org/plugin/event-monster.1.4.3.zip,"2024-11-08 09:58:00",https://wordpress.org/plugins/event-monster/,4.0,
hertwill,"Hertwill ‑ Premium Dropshipping",1.1.0,1.0.5,https://downloads.wordpress.org/plugin/hertwill.1.1.0.zip,"2024-11-08 11:14:00",https://wordpress.org/plugins/hertwill/,6.3,7.4
hide-my-wp,"Hide My WP Ghost – Security & Firewall",5.3.02,5.3.01,https://downloads.wordpress.org/plugin/hide-my-wp.zip,"2024-11-08 10:30:00",https://wordpress.org/plugins/hide-my-wp/,4.6,7.0
insta-type-gallery,"Stylish Profile Gallery – WordPress Gallery, Custom Profile",1.1.29,1.1.27,https://downloads.wordpress.org/plugin/insta-type-gallery.1.1.29.zip,"2024-11-08 10:07:00",https://wordpress.org/plugins/insta-type-gallery/,4.0,
keon-toolset,"Keon Toolset",1.9.3,1.8.8,https://downloads.wordpress.org/plugin/keon-toolset.1.9.3.zip,"2024-11-08 09:38:00",https://wordpress.org/plugins/keon-toolset/,4.6,4.6
media-slider,"Media Slider – Photo Slider, Video Slider, Link Slider, Carousal Slideshow",1.4.6,1.4.4,https://downloads.wordpress.org/plugin/media-slider.1.4.6.zip,"2024-11-08 10:10:00",https://wordpress.org/plugins/media-slider/,,
mice-operations,"MICE Operations Widget",1.0.3,1.0.2,https://downloads.wordpress.org/plugin/mice-operations.1.0.3.zip,"2024-11-08 08:33:00",https://wordpress.org/plugins/mice-operations/,3.0,5.6
modal-popup-box,"Modal Popup Box – Popup Builder, Show Offers And News in Popup",1.5.7,1.5.5,https://downloads.wordpress.org/plugin/modal-popup-box.1.5.7.zip,"2024-11-08 10:13:00",https://wordpress.org/plugins/modal-popup-box/,4.0,
new-album-gallery,"Album Gallery – WordPress Gallery",1.6.1,1.5.9,https://downloads.wordpress.org/plugin/new-album-gallery.1.6.1.zip,"2024-11-08 10:16:00",https://wordpress.org/plugins/new-album-gallery/,4.0,
new-contact-form-widget,"Contact Form Widget – Contact Query, Contact Page, Form Maker, Query Table",1.4.4,1.4.2,https://downloads.wordpress.org/plugin/new-contact-form-widget.1.4.4.zip,"2024-11-08 10:20:00",https://wordpress.org/plugins/new-contact-form-widget/,3.8,
new-grid-gallery,"Grid Gallery – Photo Image Grid Gallery",1.4.8,1.4.6,https://downloads.wordpress.org/plugin/new-grid-gallery.1.4.8.zip,"2024-11-08 10:43:00",https://wordpress.org/plugins/new-grid-gallery/,3.8,
new-image-gallery,"Image Gallery – Lightbox Gallery, Responsive Photo Gallery, Masonry Gallery",1.5.4,1.5.3,https://downloads.wordpress.org/plugin/new-image-gallery.1.5.4.zip,"2024-11-08 10:46:00",https://wordpress.org/plugins/new-image-gallery/,3.0,
new-photo-gallery,"Photo Gallery – Responsive Photo Gallery, Image Gallery, Portfolio Gallery, Logo Gallery And Team Gallery",1.4.6,1.4.5,https://downloads.wordpress.org/plugin/new-photo-gallery.1.4.6.zip,"2024-11-08 10:50:00",https://wordpress.org/plugins/new-photo-gallery/,4.0,
new-social-media-widget,"Social Media Icons – Social Icons Widget",1.2.5,1.2.4,https://downloads.wordpress.org/plugin/new-social-media-widget.1.2.5.zip,"2024-11-08 10:56:00",https://wordpress.org/plugins/new-social-media-widget/,3.0,
new-video-gallery,"Video Gallery – Api Gallery, YouTube and Vimeo, Link Gallery",1.5.7,1.5.6,https://downloads.wordpress.org/plugin/new-video-gallery.1.5.7.zip,"2024-11-08 11:03:00",https://wordpress.org/plugins/new-video-gallery/,4.0,
persian-elementor,"المنتور فارسی",2.7.6.7,2.7.6.5,https://downloads.wordpress.org/plugin/persian-elementor.zip,"2024-11-08 10:59:00",https://wordpress.org/plugins/persian-elementor/,5.0,7.4
quick-adsense-reloaded,"Ads by WPQuads – Adsense Ads, Banner Ads, Popup Ads",2.0.86,2.0.85,https://downloads.wordpress.org/plugin/quick-adsense-reloaded.2.0.86.zip,"2024-11-08 10:04:00",https://wordpress.org/plugins/quick-adsense-reloaded/,3.6,5.4
responsive-slider-gallery,"Responsive Slider Gallery – Image Slideshow Maker",1.4.6,1.4.5,https://downloads.wordpress.org/plugin/responsive-slider-gallery.1.4.6.zip,"2024-11-08 11:08:00",https://wordpress.org/plugins/responsive-slider-gallery/,3.0,
ry-woocommerce-tools,"RY Tools for WooCommerce",3.4.19,3.4.16,https://downloads.wordpress.org/plugin/ry-woocommerce-tools.3.4.19.zip,"2024-11-08 09:12:00",https://wordpress.org/plugins/ry-woocommerce-tools/,6.3,8.0
slider-responsive-slideshow,"Slider Responsive Slideshow – Image slider, Gallery slideshow",1.4.8,1.4.7,https://downloads.wordpress.org/plugin/slider-responsive-slideshow.1.4.8.zip,"2024-11-08 11:09:00",https://wordpress.org/plugins/slider-responsive-slideshow/,3.8,
super-payments,"Super Payments – WooCommerce Payment Gateway",1.25.9,1.25.4,https://downloads.wordpress.org/plugin/super-payments.1.25.9.zip,"2024-11-08 10:43:00",https://wordpress.org/plugins/super-payments/,,
support-wp,"Support WP",41,38,https://downloads.wordpress.org/plugin/support-wp.41.zip,"2024-11-08 10:25:00",https://wordpress.org/plugins/support-wp/,6.2,8.1
team-builder-member-showcase,"Team Builder Member Showcase – Team Slider, Team Grid Design",0.1.11,0.1.10,https://downloads.wordpress.org/plugin/team-builder-member-showcase.0.1.11.zip,"2024-11-08 11:12:00",https://wordpress.org/plugins/team-builder-member-showcase/,5.4,7.2
testimonial-maker,"Testimonial – Customer Feedback, Client Testimonial, Review",1.1.27,1.1.26,https://downloads.wordpress.org/plugin/testimonial-maker.1.1.27.zip,"2024-11-08 11:13:00",https://wordpress.org/plugins/testimonial-maker/,4.0,
ticketmachine-event-manager,"TicketMachine Event Manager & Calendar",1.9.12,1.9.11,https://downloads.wordpress.org/plugin/ticketmachine-event-manager.zip,"2024-11-08 11:06:00",https://wordpress.org/plugins/ticketmachine-event-manager/,4.5,
tiledesk-live-chat,"Tiledesk — Live Chat and Chatbots Integration",1.0.11,1.0.9,https://downloads.wordpress.org/plugin/tiledesk-live-chat.1.0.11.zip,"2024-11-08 09:42:00",https://wordpress.org/plugins/tiledesk-live-chat/,5.0,7.0
users-customers-import-export-for-wp-woocommerce,"Export and Import Users and Customers",2.5.9,2.5.8,https://downloads.wordpress.org/plugin/users-customers-import-export-for-wp-woocommerce.2.5.9.zip,"2024-11-08 09:29:00",https://wordpress.org/plugins/users-customers-import-export-for-wp-woocommerce/,3.0,5.6
videoadshtml5,VideoADShtml5,2.5.1,2.5,https://downloads.wordpress.org/plugin/videoadshtml5.zip,"2024-11-08 10:31:00",https://wordpress.org/plugins/videoadshtml5/,5.3,
viking-bookings,"Viking Bookings",1.0.3,1.0.2,https://downloads.wordpress.org/plugin/viking-bookings.1.0.3.zip,"2024-11-08 08:28:00",https://wordpress.org/plugins/viking-bookings/,3.0,5.6
visual-regression-tests,"VRTs – Visual Regression Tests",2.0.1,2.0.0,https://downloads.wordpress.org/plugin/visual-regression-tests.2.0.1.zip,"2024-11-08 09:32:00",https://wordpress.org/plugins/visual-regression-tests/,5.0,7.0
vk-blocks,"VK Blocks",1.90.0.1,1.88.0.2,https://downloads.wordpress.org/plugin/vk-blocks.1.90.0.1.zip,"2024-11-08 09:55:00",https://wordpress.org/plugins/vk-blocks/,6.3,7.4
wc-pagarme-pix-payment,"Pix Automático com Pagarme para WooCommerce",2.3.0,2.2.1,https://downloads.wordpress.org/plugin/wc-pagarme-pix-payment.2.3.0.zip,"2024-11-08 08:31:00",https://wordpress.org/plugins/wc-pagarme-pix-payment/,5.2,7.0
weather-effect,"Weather Effect – Christmas, Santa, Snow Falling, Snowflake Effect",1.5.4,1.5.3,https://downloads.wordpress.org/plugin/weather-effect.1.5.4.zip,"2024-11-08 11:18:00",https://wordpress.org/plugins/weather-effect/,4.0,5.0
woocommerce-product-addon,"PPOM – Product Addons & Custom Fields for WooCommerce",33.0.8,33.0.6,https://downloads.wordpress.org/plugin/woocommerce-product-addon.33.0.8.zip,"2024-11-08 09:04:00",https://wordpress.org/plugins/woocommerce-product-addon/,3.5,7.2
wp-data-access,"WP Data Access – App, Table, Form and Chart Builder plugin",5.5.17,5.5.14,https://downloads.wordpress.org/plugin/wp-data-access.5.5.17.zip,"2024-11-08 11:04:00",https://wordpress.org/plugins/wp-data-access/,,7.0
wp-flickr-gallery,"Album And Photo Gallery For Flickr – Album Flickr Widget",1.4.5,1.4.4,https://downloads.wordpress.org/plugin/wp-flickr-gallery.1.4.5.zip,"2024-11-08 10:01:00",https://wordpress.org/plugins/wp-flickr-gallery/,4.0,
wp-full-screen-search,"WP Full Screen Search",1.1.0,1.0.0,https://downloads.wordpress.org/plugin/wp-full-screen-search.1.1.zip,"2024-11-08 09:50:00",https://wordpress.org/plugins/wp-full-screen-search/,4.0,5.2
wp-instagram-feed-awplife,"Social Media Feed – Social Feed Gallery With API",1.4.1,1.4.0,https://downloads.wordpress.org/plugin/wp-instagram-feed-awplife.1.4.1.zip,"2024-11-08 10:05:00",https://wordpress.org/plugins/wp-instagram-feed-awplife/,4.0,
enhanced-admin-user-search,"Enhanced Admin User Search",1.0.2,,https://downloads.wordpress.org/plugin/enhanced-admin-user-search.1.0.2.zip,"2024-11-08 09:42:00",https://wordpress.org/plugins/enhanced-admin-user-search/,5.0,7.0
form-notify,"Receive Notifications After Form Submitting – Form Notify for Any Forms",1.1.06,,https://downloads.wordpress.org/plugin/form-notify.1.1.06.zip,"2024-11-08 08:29:00",https://wordpress.org/plugins/form-notify/,4.8,8.0
gumlet-video,"Gumlet Video",1.0.1,,https://downloads.wordpress.org/plugin/gumlet-video.1.0.1.zip,"2024-11-08 09:53:00",https://wordpress.org/plugins/gumlet-video/,5.2,7.2
rankology-seo-all-in-one-seo-analytics,"Rankology SEO – On-site SEO",1.11,,https://downloads.wordpress.org/plugin/rankology-seo-all-in-one-seo-analytics.1.11.zip,"2024-11-08 09:36:00",https://wordpress.org/plugins/rankology-seo-all-in-one-seo-analytics/,5.8,7.2
super-payments,"Super Payments – WooCommerce Payment Gateway",1.25.10,1.25.9,https://downloads.wordpress.org/plugin/super-payments.1.25.10.zip,"2024-11-08 11:42:00",https://wordpress.org/plugins/super-payments/,,
ticketmachine-event-manager,"TicketMachine Event Manager & Calendar",1.9.13,1.9.12,https://downloads.wordpress.org/plugin/ticketmachine-event-manager.zip,"2024-11-08 11:51:00",https://wordpress.org/plugins/ticketmachine-event-manager/,4.5,
am-lottieplayer,"AM LottiePlayer",3.3.9,3.3.6,https://downloads.wordpress.org/plugin/am-lottieplayer.3.3.9.zip,"2024-11-08 16:10:00",https://wordpress.org/plugins/am-lottieplayer/,5.9,7.0
attesa-extra,"Attesa Extra",1.4.3,1.4.1,https://downloads.wordpress.org/plugin/attesa-extra.1.4.3.zip,"2024-11-08 16:16:00",https://wordpress.org/plugins/attesa-extra/,4.6.5,
audio-editor-recorder,"Audio Editor & Recorder",2.2.1,2.1.2,https://downloads.wordpress.org/plugin/audio-editor-recorder.zip,"2024-11-08 16:31:00",https://wordpress.org/plugins/audio-editor-recorder/,5.8,5.6
dynamic-post-grid-elementor-addon,"Dynamic Post Grid Elementor Addon",1.0.8,1.0.4,https://downloads.wordpress.org/plugin/dynamic-post-grid-elementor-addon.1.0.8.zip,"2024-11-08 17:24:00",https://wordpress.org/plugins/dynamic-post-grid-elementor-addon/,5.0,5.6
easy-player,"Easy Video Player For WordPress – By Easy Player",1.4.8,1.4.6,https://downloads.wordpress.org/plugin/easy-player.1.4.8.zip,"2024-11-08 16:08:00",https://wordpress.org/plugins/easy-player/,5.0,5.6
embeds-for-proven-expert,"Embeds for ProvenExpert",1.1.0,1.0.2.1,https://downloads.wordpress.org/plugin/embeds-for-proven-expert.1.1.0.zip,"2024-11-08 17:07:00",https://wordpress.org/plugins/embeds-for-proven-expert/,5.0,5.6
foxtool,"Foxtool All-in-One: Contact chat button, Custom login, Media optimize images",2.4.7,2.3.1,https://downloads.wordpress.org/plugin/foxtool.2.4.7.zip,"2024-11-08 15:45:00",https://wordpress.org/plugins/foxtool/,,5.8
hello-world,"Hello World",2.2.0,2.1.1,https://downloads.wordpress.org/plugin/hello-world.2.2.0.zip,"2024-11-08 15:45:00",https://wordpress.org/plugins/hello-world/,,5.2
lifterlms,"LifterLMS – WP LMS for eLearning, Online Courses, & Quizzes",7.8.3,7.8.1,https://downloads.wordpress.org/plugin/lifterlms.7.8.3.zip,"2024-11-08 16:32:00",https://wordpress.org/plugins/lifterlms/,5.9,7.4
lws-optimize,"LWS Optimize",3.2.0.7,3.2.0.5,https://downloads.wordpress.org/plugin/lws-optimize.3.2.0.7.zip,"2024-11-08 15:41:00",https://wordpress.org/plugins/lws-optimize/,6.0,7.4
metrepay,Metrepay,1.4.1,1.3.0,https://downloads.wordpress.org/plugin/metrepay.1.4.1.zip,"2024-11-08 16:39:00",https://wordpress.org/plugins/metrepay/,5.3,7.3.5
notification-bbpress,"Notification : bbPress",4.0.1,4.0.0,https://downloads.wordpress.org/plugin/notification-bbpress.4.0.1.zip,"2024-11-08 15:35:00",https://wordpress.org/plugins/notification-bbpress/,4.9,
single-page-booking-system,"Simple rental system",2.0.0,1.0.0,https://downloads.wordpress.org/plugin/single-page-booking-system.zip,"2024-11-08 16:11:00",https://wordpress.org/plugins/single-page-booking-system/,4.7,7.4
ambikly,"Ambikly – The easiest way to start selling online",0.0.5,,https://downloads.wordpress.org/plugin/ambikly.0.0.5.zip,"2024-11-08 15:48:00",https://wordpress.org/plugins/ambikly/,5.4,5.6
fast-short-news,"Fast Short News",1.0.0,,https://downloads.wordpress.org/plugin/fast-short-news.1.0.0.zip,"2024-11-08 16:28:00",https://wordpress.org/plugins/fast-short-news/,5.0,7.4
kratos-skin-for-wp-configurator-pro,"Kratos Skin for WP Configurator Pro",1.0,,https://downloads.wordpress.org/plugin/kratos-skin-for-wp-configurator-pro.1.0.zip,"2024-11-08 15:40:00",https://wordpress.org/plugins/kratos-skin-for-wp-configurator-pro/,6.0,7.4
read-little,"Read a little for WooCommerce",1.1.0,,https://downloads.wordpress.org/plugin/read-little.1.1.0.zip,"2024-11-08 15:51:00",https://wordpress.org/plugins/read-little/,4.0,
ai-muse,"AI Muse – AI Chatbot, AI Content Generator & Writer, AI Image Generator, AI Assistant, ChatGPT, GPT-4o, Gemini, LLAMA, Claude",1.3.0,1.2.3,https://downloads.wordpress.org/plugin/ai-muse.1.3.0.zip,"2024-11-08 21:51:00",https://wordpress.org/plugins/ai-muse/,6.1,7.4
autentify-anti-fraud-for-woocommerce,"Autentify anti fraud for WooCommerce",2.2.0,2.1.3,https://downloads.wordpress.org/plugin/autentify-anti-fraud-for-woocommerce.2.2.0.zip,"2024-11-08 23:04:00",https://wordpress.org/plugins/autentify-anti-fraud-for-woocommerce/,4.7,5.6
calculated-fields-form,"Calculated Fields Form",5.2.54,5.2.52,https://downloads.wordpress.org/plugin/calculated-fields-form.5.2.54.zip,"2024-11-08 22:55:00",https://wordpress.org/plugins/calculated-fields-form/,3.0.5,
carnet-de-vols,"Carnet de vols ULM",1.12.2,1.11.2,https://downloads.wordpress.org/plugin/carnet-de-vols.1.12.2.zip,"2024-11-08 21:16:00",https://wordpress.org/plugins/carnet-de-vols/,6.0,7.0
contact-form-7-dynamic-text-extension,"Contact Form 7 – Dynamic Text Extension",5.0.0,4.4.2,https://downloads.wordpress.org/plugin/contact-form-7-dynamic-text-extension.5.0.0.zip,"2024-11-08 20:39:00",https://wordpress.org/plugins/contact-form-7-dynamic-text-extension/,5.5,7.4
contact-forms-anti-spam,"Maspik – Advanced Spam Protection",2.2.8,2.2.7,https://downloads.wordpress.org/plugin/contact-forms-anti-spam.2.2.8.zip,"2024-11-08 22:26:00",https://wordpress.org/plugins/contact-forms-anti-spam/,5.0,7.0
echo-show-ids,"Show IDs by Echo",1.3.0,1.2.0,https://downloads.wordpress.org/plugin/echo-show-ids.1.3.0.zip,"2024-11-08 22:26:00",https://wordpress.org/plugins/echo-show-ids/,4.0,5.5
email-otp-authenticator,"Email OTP Authenticator",4.7.5,4.7.1,https://downloads.wordpress.org/plugin/email-otp-authenticator.4.7.5.zip,"2024-11-08 22:32:00",https://wordpress.org/plugins/email-otp-authenticator/,5.6,7.3
igw-memory-usage-info,"IGW Memory Usage Info",1.1,1.0.3,https://downloads.wordpress.org/plugin/igw-memory-usage-info.1.1.zip,"2024-11-08 22:16:00",https://wordpress.org/plugins/igw-memory-usage-info/,6.2,7.4
multimanager-wp,"MultiManager WP – Manage All Your WordPress Sites Easily",1.1.1,1.0.4,https://downloads.wordpress.org/plugin/multimanager-wp.1.1.1.zip,"2024-11-08 23:14:00",https://wordpress.org/plugins/multimanager-wp/,6.0,
scroll-down-arrow,"Scroll Down Arrow",1.2.0,1.1.0,https://downloads.wordpress.org/plugin/scroll-down-arrow.1.2.0.zip,"2024-11-08 22:38:00",https://wordpress.org/plugins/scroll-down-arrow/,5.2,5.6
product-restrictions,"Product Visiblity by User Role – Hide Price and Add To Cart – Min Max Quantity Limit",1.0.0,,https://downloads.wordpress.org/plugin/product-restrictions.1.0.0.zip,"2024-11-08 21:24:00",https://wordpress.org/plugins/product-restrictions/,4.7,7.0
quickaffilink,QuickAffiLink,1.1.0,,https://downloads.wordpress.org/plugin/quickaffilink.1.1.0.zip,"2024-11-08 20:40:00",https://wordpress.org/plugins/quickaffilink/,5.0,7.0
add-coupon-by-link-for-woocommerce,"Add coupon by link / URL coupons / Add coupon by Qr Code for Woocommerce",1.1.63,1.1.62,https://downloads.wordpress.org/plugin/add-coupon-by-link-for-woocommerce.1.1.63.zip,"2024-11-09 06:55:00",https://wordpress.org/plugins/add-coupon-by-link-for-woocommerce/,3.0.1,
auto-robot,"Auto Robot – WP Autoblogging and RSS Feed News Aggregator",3.8.57,3.8.53,https://downloads.wordpress.org/plugin/auto-robot.zip,"2024-11-09 06:48:00",https://wordpress.org/plugins/auto-robot/,4.0,
depay-donations,"Web3 Cryptocurrency Donations by DePay for WordPress",2.4.1,2.3.8,https://downloads.wordpress.org/plugin/depay-donations.2.4.1.zip,"2024-11-09 07:10:00",https://wordpress.org/plugins/depay-donations/,5.0,5.6
depay-payments-for-woocommerce,"Web3 Cryptocurrency Payments by DePay for WooCommerce",2.12.7,2.12.3,https://downloads.wordpress.org/plugin/depay-payments-for-woocommerce.2.12.7.zip,"2024-11-09 07:15:00",https://wordpress.org/plugins/depay-payments-for-woocommerce/,5.8,7.0
depay-payments,"Web3 Cryptocurrency Payments by DePay for WordPress",2.5.1,2.4.8,https://downloads.wordpress.org/plugin/depay-payments.2.5.1.zip,"2024-11-09 07:08:00",https://wordpress.org/plugins/depay-payments/,5.0,5.6
domain-mapping-system,"Domain Mapping System | Create Microsites with Multiple Alias Domains (multisite optional)",2.1.3,2.1.2,https://downloads.wordpress.org/plugin/domain-mapping-system.2.1.3.zip,"2024-11-09 06:25:00",https://wordpress.org/plugins/domain-mapping-system/,5.1,7.1
hide-wp-admin-notifications,"Hide WP Admin Notifications",0.2,0.1,https://downloads.wordpress.org/plugin/hide-wp-admin-notifications.0.2.zip,"2024-11-09 06:43:00",https://wordpress.org/plugins/hide-wp-admin-notifications/,5.2,7.0
sim-site-maintenance,"Sim Site Maintenance",0.2.12,0.2.11,https://downloads.wordpress.org/plugin/sim-site-maintenance.0.2.12.zip,"2024-11-09 06:30:00",https://wordpress.org/plugins/sim-site-maintenance/,4.0,7.3
ultimakit-for-wp,"UltimaKit For WP – All-in-One Toolkit for Quick and Easy WordPress Enhancements",1.6.0,1.5.1,https://downloads.wordpress.org/plugin/ultimakit-for-wp.1.6.0.zip,"2024-11-09 07:12:00",https://wordpress.org/plugins/ultimakit-for-wp/,5.6,7.4
woo-multi-currency,"CURCY – Multi Currency for WooCommerce – The best free currency exchange plugin – Run smoothly on WooCommerce 8.x",2.2.4,2.2.3,https://downloads.wordpress.org/plugin/woo-multi-currency.zip,"2024-11-09 06:58:00",https://wordpress.org/plugins/woo-multi-currency/,6.0,7.0
wp-smart-import,"WP Smart Import : Import any XML File to WordPress",1.1.1,1.1.0,https://downloads.wordpress.org/plugin/wp-smart-import.1.1.1.zip,"2024-11-09 06:10:00",https://wordpress.org/plugins/wp-smart-import/,4.0,5.3
wpnakama,"WPNakama – Team and client collaboration Starts Here",0.3.7,0.3.6,https://downloads.wordpress.org/plugin/wpnakama.0.3.7.zip,"2024-11-09 07:22:00",https://wordpress.org/plugins/wpnakama/,6.2.0,7.4
exit-engagement-popup,"Exit Engagement Popup",1.0,,https://downloads.wordpress.org/plugin/exit-engagement-popup.1.0.zip,"2024-11-09 06:59:00",https://wordpress.org/plugins/exit-engagement-popup/,4.0,7.3.11
a3-portfolio,"a3 Portfolio",3.2.3,3.2.2,https://downloads.wordpress.org/plugin/a3-portfolio.3.2.3.zip,"2024-11-09 05:48:00",https://wordpress.org/plugins/a3-portfolio/,6.0,
bricksable,"Bricksable for Bricks Builder",1.6.62,1.6.61,https://downloads.wordpress.org/plugin/bricksable.1.6.62.zip,"2024-11-09 05:36:00",https://wordpress.org/plugins/bricksable/,5.6,7.4
performance-for-everyone,"WP-performance for everyone – boost page speed & performance",1.4.2,1.2.5,https://downloads.wordpress.org/plugin/performance-for-everyone.1.4.2.zip,"2024-11-09 06:01:00",https://wordpress.org/plugins/performance-for-everyone/,6.0,7.4
persian-woocommerce-sms,"افزونه پیامک ووکامرس Persian WooCommerce SMS",7.0.5,7.0.3,https://downloads.wordpress.org/plugin/persian-woocommerce-sms.7.0.5.zip,"2024-11-09 06:08:00",https://wordpress.org/plugins/persian-woocommerce-sms/,5.8,7.4
administrator-z,"Administrator Z",2024.11.09,2024.11.02,https://downloads.wordpress.org/plugin/administrator-z.zip,"2024-11-09 14:06:00",https://wordpress.org/plugins/administrator-z/,6.0,8.0
contact-form-7-image-captcha,"Contact Form 7 Image CAPTCHA, WPForms Image CAPTCHA, Contact Form 7 Spam Image CAPTCHA, WPForms Spam Image CAPTCHA, GDPR",3.3.21,3.3.19,https://downloads.wordpress.org/plugin/contact-form-7-image-captcha.3.3.21.zip,"2024-11-09 13:28:00",https://wordpress.org/plugins/contact-form-7-image-captcha/,4.7,7.0
disable-block-editor-fullscreen-mode,"Disable Block Editor FullScreen mode",2.9.2,2.8.3,https://downloads.wordpress.org/plugin/disable-block-editor-fullscreen-mode.2.9.2.zip,"2024-11-09 13:23:00",https://wordpress.org/plugins/disable-block-editor-fullscreen-mode/,5.4,
hide-admin-bar-based-on-user-roles,"Hide Admin Bar Based on User Roles",4.0.0,3.8.3,https://downloads.wordpress.org/plugin/hide-admin-bar-based-on-user-roles.4.0.0.zip,"2024-11-09 13:41:00",https://wordpress.org/plugins/hide-admin-bar-based-on-user-roles/,5.5,5.6
import-products-to-ozon,"Import Products to OZON",0.7.5,0.7.4,https://downloads.wordpress.org/plugin/import-products-to-ozon.0.7.5.zip,"2024-11-09 11:57:00",https://wordpress.org/plugins/import-products-to-ozon/,4.7,7.4.0
like-dislike-for-wp,"Like Dislike For WP",1.3.0,1.0.3,https://downloads.wordpress.org/plugin/like-dislike-for-wp.1.3.0.zip,"2024-11-09 12:59:00",https://wordpress.org/plugins/like-dislike-for-wp/,4.0,
marquee-addons-for-elementor,"MarqueeAddons – Smooth marquee carousel loop for elementor",1.1.1,1.1.0,https://downloads.wordpress.org/plugin/marquee-addons-for-elementor.zip,"2024-11-09 12:00:00",https://wordpress.org/plugins/marquee-addons-for-elementor/,5.8,7.4
multimanager-wp,"MultiManager WP – Manage All Your WordPress Sites Easily",1.1.2,1.1.1,https://downloads.wordpress.org/plugin/multimanager-wp.1.1.2.zip,"2024-11-09 11:35:00",https://wordpress.org/plugins/multimanager-wp/,6.0,
shiftcontroller,"ShiftController Employee Shift Scheduling",4.9.70,4.9.66,https://downloads.wordpress.org/plugin/shiftcontroller.4.9.70.zip,"2024-11-09 11:46:00",https://wordpress.org/plugins/shiftcontroller/,4.1,5.6
simple-history,"Simple History – Track, Log, and Audit WordPress Changes",5.1.0,5.0.3,https://downloads.wordpress.org/plugin/simple-history.5.1.0.zip,"2024-11-09 12:38:00",https://wordpress.org/plugins/simple-history/,6.6,7.4
ultimakit-for-wp,"UltimaKit For WP – All-in-One Toolkit for Quick and Easy WordPress Enhancements",1.6.1,1.6.0,https://downloads.wordpress.org/plugin/ultimakit-for-wp.1.6.1.zip,"2024-11-09 12:45:00",https://wordpress.org/plugins/ultimakit-for-wp/,5.6,7.4
wp-youtube-lyte,"WP YouTube Lyte",1.7.26,1.7.23,https://downloads.wordpress.org/plugin/wp-youtube-lyte.1.7.26.zip,"2024-11-09 11:43:00",https://wordpress.org/plugins/wp-youtube-lyte/,4.0,
ymc-smart-filter,"Filter & Grids",2.9.40,2.9.38,https://downloads.wordpress.org/plugin/ymc-smart-filter.zip,"2024-11-09 11:40:00",https://wordpress.org/plugins/ymc-smart-filter/,5.5,7.2
404-designer,"404 Designer",1.2.2,,https://downloads.wordpress.org/plugin/404-designer.1.2.2.zip,"2024-11-09 13:54:00",https://wordpress.org/plugins/404-designer/,5.2,7.2
floating-contact-sidebar,"Floating Contact Sidebar",1.0.0,,https://downloads.wordpress.org/plugin/floating-contact-sidebar.1.0.0.zip,"2024-11-09 12:51:00",https://wordpress.org/plugins/floating-contact-sidebar/,6.1,7.2
luckynode,LuckyNode,1.0.4,,https://downloads.wordpress.org/plugin/luckynode.zip,"2024-11-09 13:23:00",https://wordpress.org/plugins/luckynode/,6.4,7.4
modal-maker,"Modal Maker",1.2,,https://downloads.wordpress.org/plugin/modal-maker.zip,"2024-11-09 13:14:00",https://wordpress.org/plugins/modal-maker/,5.0,7.0
accessibility-menu-pro,"Accessibility Menu Pro",1.4.0,1.3.0,https://downloads.wordpress.org/plugin/accessibility-menu-pro.1.4.0.zip,"2024-11-09 19:16:00",https://wordpress.org/plugins/accessibility-menu-pro/,5.0,7.2
bible-reading-plans,"Bible Reading Plans",3.0.3,3.0.2,https://downloads.wordpress.org/plugin/bible-reading-plans.zip,"2024-11-09 20:12:00",https://wordpress.org/plugins/bible-reading-plans/,2.8,5.6
coneblog-widgets,"ConeBlog – Elementor Blog Widgets",1.5.3,1.5.0,https://downloads.wordpress.org/plugin/coneblog-widgets.1.5.3.zip,"2024-11-09 20:14:00",https://wordpress.org/plugins/coneblog-widgets/,6.0,7.4
crouton,crouton,3.20.6,3.20.1,https://downloads.wordpress.org/plugin/crouton.3.20.6.zip,"2024-11-09 20:24:00",https://wordpress.org/plugins/crouton/,4.0,
customtables,"Custom Tables – Create, Read, Update and Delete",1.3.1,1.2.9,https://downloads.wordpress.org/plugin/customtables.1.3.1.zip,"2024-11-09 19:17:00",https://wordpress.org/plugins/customtables/,6.0,7.4
help-dialog,"Help Dialog Chat – FAQs, Search, Contact Form, AI",2.12.0,2.11.0,https://downloads.wordpress.org/plugin/help-dialog.2.12.0.zip,"2024-11-09 19:39:00",https://wordpress.org/plugins/help-dialog/,5.2,5.6
makeiteasy-popup,"MakeITeasy Popup",1.2.0,1.1.4,https://downloads.wordpress.org/plugin/makeiteasy-popup.1.2.0.zip,"2024-11-09 18:41:00",https://wordpress.org/plugins/makeiteasy-popup/,6.5,7.4
wpb-accordion-menu-or-category,"WPB Accordion Menu – Responsive Collapse Vertical Sidebar Menu – WooCommerce Category Accordion",1.7.2,1.7,https://downloads.wordpress.org/plugin/wpb-accordion-menu-or-category.1.7.2.zip,"2024-11-09 18:53:00",https://wordpress.org/plugins/wpb-accordion-menu-or-category/,5.0,
db-manager-cf7,"db manager for contact form 7",1.0.0,,https://downloads.wordpress.org/plugin/db-manager-cf7.1.0.0.zip,"2024-11-09 18:51:00",https://wordpress.org/plugins/db-manager-cf7/,5.0,7.0
autentify-anti-fraud-for-woocommerce,"Autentify anti fraud for WooCommerce",2.2.1,2.2.0,https://downloads.wordpress.org/plugin/autentify-anti-fraud-for-woocommerce.2.2.1.zip,"2024-11-10 00:33:00",https://wordpress.org/plugins/autentify-anti-fraud-for-woocommerce/,4.7,5.6
contact-form-7-multi-step-module,"Contact Form 7 Multi-Step Forms",4.4.1,4.4,https://downloads.wordpress.org/plugin/contact-form-7-multi-step-module.4.4.1.zip,"2024-11-10 01:28:00",https://wordpress.org/plugins/contact-form-7-multi-step-module/,4.7,
delyvax,Delyva,1.1.57,1.1.54,https://downloads.wordpress.org/plugin/delyvax.1.1.57.zip,"2024-11-10 03:24:00",https://wordpress.org/plugins/delyvax/,5.4,7.2
global-site-tag-tracking,"Global Site Tag Tracking",1.0.2,1.0.1,https://downloads.wordpress.org/plugin/global-site-tag-tracking.zip,"2024-11-10 01:07:00",https://wordpress.org/plugins/global-site-tag-tracking/,4.8,
hyakunin-isshu-admin-bar,"Hyakunin Isshu Admin Bar",1.14,1.13,https://downloads.wordpress.org/plugin/hyakunin-isshu-admin-bar.1.14.zip,"2024-11-10 01:02:00",https://wordpress.org/plugins/hyakunin-isshu-admin-bar/,5.0,8.0
trueroas,"TrueROAS AI Ad Attribution",3.2,2.9,https://downloads.wordpress.org/plugin/trueroas.3.2.zip,"2024-11-10 02:10:00",https://wordpress.org/plugins/trueroas/,2.0,7.0
wpc-product-faqs,"WPC Product FAQs for WooCommerce",2.2.2,2.2.1,https://downloads.wordpress.org/plugin/wpc-product-faqs.2.2.2.zip,"2024-11-10 03:08:00",https://wordpress.org/plugins/wpc-product-faqs/,4.0,
wpc-show-single-variations,"WPC Show Single Variations for WooCommerce",2.4.1,2.4.0,https://downloads.wordpress.org/plugin/wpc-show-single-variations.2.4.1.zip,"2024-11-10 03:05:00",https://wordpress.org/plugins/wpc-show-single-variations/,4.0,
wpc-variation-bulk-editor,"WPC Variation Bulk Editor for WooCommerce",1.1.9,1.1.8,https://downloads.wordpress.org/plugin/wpc-variation-bulk-editor.1.1.9.zip,"2024-11-10 03:14:00",https://wordpress.org/plugins/wpc-variation-bulk-editor/,4.0,
wpc-variation-duplicator,"WPC Variation Duplicator for WooCommerce",1.0.8,1.0.7,https://downloads.wordpress.org/plugin/wpc-variation-duplicator.1.0.8.zip,"2024-11-10 03:01:00",https://wordpress.org/plugins/wpc-variation-duplicator/,4.0,
wpmake-advance-user-avatar,"Advance User Avatar",1.0.0,,https://downloads.wordpress.org/plugin/wpmake-advance-user-avatar.1.0.0.zip,"2024-11-10 03:03:00",https://wordpress.org/plugins/wpmake-advance-user-avatar/,5.2,7.4
bayarcash-wc,"Bayarcash WooCommerce",4.2.6,4.1.1,https://downloads.wordpress.org/plugin/bayarcash-wc.4.2.6.zip,"2024-11-10 08:30:00",https://wordpress.org/plugins/bayarcash-wc/,5.6,7.4
connector-mobilizon,"Connector for Mobilizon",1.3.0,1.2.0,https://downloads.wordpress.org/plugin/connector-mobilizon.1.3.0.zip,"2024-11-10 08:52:00",https://wordpress.org/plugins/connector-mobilizon/,5.6,7.4
cpt-woo-integration,"Custom Post Type WooCommerce Integration",2.0.6.1,2.0.6,https://downloads.wordpress.org/plugin/cpt-woo-integration.2.0.6.1.zip,"2024-11-10 10:01:00",https://wordpress.org/plugins/cpt-woo-integration/,6.0,7.4
hamail,"Hamail – Send Email via SendGrid",2.6.1,2.4.1,https://downloads.wordpress.org/plugin/hamail.2.6.1.zip,"2024-11-10 09:04:00",https://wordpress.org/plugins/hamail/,5.9,7.2
kenta-blocks,"Kenta Blocks – Responsive Blocks and block templates library",1.4.3,1.4.2,https://downloads.wordpress.org/plugin/kenta-blocks.1.4.3.zip,"2024-11-10 09:37:00",https://wordpress.org/plugins/kenta-blocks/,5.6,7.4
kenta-companion,"Kenta Companion",1.3.0,1.2.6,https://downloads.wordpress.org/plugin/kenta-companion.1.3.0.zip,"2024-11-10 09:30:00",https://wordpress.org/plugins/kenta-companion/,5.4,7.4
media-library-tools,"Media File Rename, Find Unused File, Add Alt text, Caption, Desc For Image SEO – Media Library Tools",1.5.1,1.3.8,https://downloads.wordpress.org/plugin/media-library-tools.1.5.1.zip,"2024-11-10 09:50:00",https://wordpress.org/plugins/media-library-tools/,5.5,7.4
modal-maker,"Modal Maker",1.3,1.2,https://downloads.wordpress.org/plugin/modal-maker.zip,"2024-11-10 08:51:00",https://wordpress.org/plugins/modal-maker/,5.0,7.0
paymob-for-woocommerce,"Paymob for WooCommerce",2.0.3,2.0.2,https://downloads.wordpress.org/plugin/paymob-for-woocommerce.2.0.3.zip,"2024-11-10 08:02:00",https://wordpress.org/plugins/paymob-for-woocommerce/,5.0,7.0
payplus-payment-gateway,"PayPlus Payment Gateway",7.2.0,7.1.8,https://downloads.wordpress.org/plugin/payplus-payment-gateway.7.2.0.zip,"2024-11-10 09:05:00",https://wordpress.org/plugins/payplus-payment-gateway/,6.2,7.4
product-blocks,"WooCommerce Builder & Gutenberg WooCommerce Blocks – WowStore",4.1.2,4.1.1,https://downloads.wordpress.org/plugin/product-blocks.4.1.2.zip,"2024-11-10 10:23:00",https://wordpress.org/plugins/product-blocks/,5.0,7.0
wc-key-manager,"WC Key Manager – Effortlessly sell license keys, game keys, pin codes, gift cards, and more with WooCommerce",1.1.0,1.0.8,https://downloads.wordpress.org/plugin/wc-key-manager.1.1.0.zip,"2024-11-10 10:09:00",https://wordpress.org/plugins/wc-key-manager/,5.0,8.0
add-bootstrap-tailwind-css,"Add Bootstrap and Tailwind Css",1.0,,https://downloads.wordpress.org/plugin/add-bootstrap-tailwind-css.zip,"2024-11-10 10:12:00",https://wordpress.org/plugins/add-bootstrap-tailwind-css/,5.6,7.2
bank-transfer-bacs-through-stripe,"Bank Transfer (BACS) through Stripe",1.0.0,,https://downloads.wordpress.org/plugin/bank-transfer-bacs-through-stripe.1.0.0.zip,"2024-11-10 08:48:00",https://wordpress.org/plugins/bank-transfer-bacs-through-stripe/,5.0,7.4
integration-cf7-mollie,"Integration for CF7 and Mollie",1.1,,https://downloads.wordpress.org/plugin/integration-cf7-mollie.1.1.zip,"2024-11-10 09:49:00",https://wordpress.org/plugins/integration-cf7-mollie/,6.3,7.4
primekit-addons,"PrimeKit Addons and Templates",1.0.2,,https://downloads.wordpress.org/plugin/primekit-addons.1.0.2.zip,"2024-11-10 07:53:00",https://wordpress.org/plugins/primekit-addons/,5.4,8.0
ai-image-alt-text-generator-for-wp,"Ai Image Alt Text Generator for WP",1.0.2,1.0.1,https://downloads.wordpress.org/plugin/ai-image-alt-text-generator-for-wp.1.0.2.zip,"2024-11-10 14:05:00",https://wordpress.org/plugins/ai-image-alt-text-generator-for-wp/,5.0,7.0
attribute-stock-for-woocommerce,"WooCommerce Attribute Stock – Shared Stock & Variable Quantities (Lite Version)",2.1.0,2.0.3,https://downloads.wordpress.org/plugin/attribute-stock-for-woocommerce.2.1.0.zip,"2024-11-10 15:44:00",https://wordpress.org/plugins/attribute-stock-for-woocommerce/,5.4,7.4
autowp-ai-content-writer-rewriter,"AutoWP – AI Content Writer & Rewriter",2.0.6,2.0.4,https://downloads.wordpress.org/plugin/autowp-ai-content-writer-rewriter.2.0.6.zip,"2024-11-10 16:03:00",https://wordpress.org/plugins/autowp-ai-content-writer-rewriter/,5.2,7.2
easy-replace-image,"Easy Replace Image",3.4.2,3.4.1,https://downloads.wordpress.org/plugin/easy-replace-image.3.4.2.zip,"2024-11-10 13:37:00",https://wordpress.org/plugins/easy-replace-image/,5.2,7.4
fw-integration-for-emailoctopus,"EO4WP: EmailOctopus for WordPress",1.0.6,1.0.5,https://downloads.wordpress.org/plugin/fw-integration-for-emailoctopus.1.0.6.zip,"2024-11-10 15:50:00",https://wordpress.org/plugins/fw-integration-for-emailoctopus/,6.0,7.4
hamail,"Hamail – Send Email via SendGrid",2.6.2,2.6.1,https://downloads.wordpress.org/plugin/hamail.2.6.2.zip,"2024-11-10 14:23:00",https://wordpress.org/plugins/hamail/,5.9,7.2
sticky-buttons,"Sticky Buttons – floating buttons builder",4.0.2,4.0.1,https://downloads.wordpress.org/plugin/sticky-buttons.4.0.2.zip,"2024-11-10 13:33:00",https://wordpress.org/plugins/sticky-buttons/,5.5,7.4
verse-of-the-day-widget-for-wp,"Verse of the Day Widget for WP",7.3.16,7.3.14,https://downloads.wordpress.org/plugin/verse-of-the-day-widget-for-wp.zip,"2024-11-10 15:50:00",https://wordpress.org/plugins/verse-of-the-day-widget-for-wp/,6.6,
wp-copy-protect-with-color-design,"WP Content Copy Protection with Color Design",2.4.0,2.3.9,https://downloads.wordpress.org/plugin/wp-copy-protect-with-color-design.2.4.0.zip,"2024-11-10 13:53:00",https://wordpress.org/plugins/wp-copy-protect-with-color-design/,3.0,
trustcaptcha,Trustcaptcha,1.0.0,,https://downloads.wordpress.org/plugin/trustcaptcha.zip,"2024-11-10 16:17:00",https://wordpress.org/plugins/trustcaptcha/,4.0,7.0
administrator-z,"Administrator Z",2024.11.10,2024.11.09,https://downloads.wordpress.org/plugin/administrator-z.zip,"2024-11-10 17:22:00",https://wordpress.org/plugins/administrator-z/,6.0,8.0
your-web-shield,"Your Web Shield",1.2.1,1.2,https://downloads.wordpress.org/plugin/your-web-shield.zip,"2024-11-10 17:16:00",https://wordpress.org/plugins/your-web-shield/,5.0,
admin-site-enhancements,"Admin and Site Enhancements (ASE)",7.5.2,7.5.1,https://downloads.wordpress.org/plugin/admin-site-enhancements.7.5.2.zip,"2024-11-11 00:05:00",https://wordpress.org/plugins/admin-site-enhancements/,4.6,5.6
am-lottieplayer,"AM LottiePlayer",3.3.10,3.3.9,https://downloads.wordpress.org/plugin/am-lottieplayer.3.3.10.zip,"2024-11-10 23:08:00",https://wordpress.org/plugins/am-lottieplayer/,5.9,7.0
autowp-ai-content-writer-rewriter,"AutoWP – AI Content Writer & Rewriter",2.0.7,2.0.6,https://downloads.wordpress.org/plugin/autowp-ai-content-writer-rewriter.2.0.7.zip,"2024-11-10 23:29:00",https://wordpress.org/plugins/autowp-ai-content-writer-rewriter/,5.2,7.2
child-pages-card,"Child Pages Card",2.03,2.01,https://downloads.wordpress.org/plugin/child-pages-card.2.03.zip,"2024-11-10 23:39:00",https://wordpress.org/plugins/child-pages-card/,6.6,8.0
countdown-to-force-logout,"Countdown to force logout",1.07,1.04,https://downloads.wordpress.org/plugin/countdown-to-force-logout.1.07.zip,"2024-11-11 00:42:00",https://wordpress.org/plugins/countdown-to-force-logout/,6.6,8.0
database-cleaner,"Database Cleaner",1.1.6,1.1.4,https://downloads.wordpress.org/plugin/database-cleaner.1.1.6.zip,"2024-11-10 23:59:00",https://wordpress.org/plugins/database-cleaner/,6.0,7.4
disable-generate-thumbnails,"Disable Generate Thumbnails",2.18,2.16,https://downloads.wordpress.org/plugin/disable-generate-thumbnails.2.18.zip,"2024-11-10 23:56:00",https://wordpress.org/plugins/disable-generate-thumbnails/,6.6,8.0
fixed-bottom-menu,"Fixed Bottom Menu",2.10,2.08,https://downloads.wordpress.org/plugin/fixed-bottom-menu.2.10.zip,"2024-11-11 00:07:00",https://wordpress.org/plugins/fixed-bottom-menu/,6.6,8.0
g-ffl-checkout,"g-FFL Checkout",1.4.25,1.4.24,https://downloads.wordpress.org/plugin/g-ffl-checkout.1.4.25.zip,"2024-11-11 00:12:00",https://wordpress.org/plugins/g-ffl-checkout/,5.0,7.0
geo-mashup,"Geo Mashup",1.13.15,1.13.13,https://downloads.wordpress.org/plugin/geo-mashup.1.13.15.zip,"2024-11-11 00:17:00",https://wordpress.org/plugins/geo-mashup/,3.7,
hyakunin-isshu-admin-bar,"Hyakunin Isshu Admin Bar",1.15,1.14,https://downloads.wordpress.org/plugin/hyakunin-isshu-admin-bar.1.15.zip,"2024-11-11 00:25:00",https://wordpress.org/plugins/hyakunin-isshu-admin-bar/,6.6,8.0
libro-de-reclamaciones-y-quejas,"Libro de Reclamaciones y Quejas",0.4,0.3,https://downloads.wordpress.org/plugin/libro-de-reclamaciones-y-quejas.zip,"2024-11-11 01:11:00",https://wordpress.org/plugins/libro-de-reclamaciones-y-quejas/,5.6,5.6.20
metorik-helper,"Metorik – Reports & Email Automation for WooCommerce",2.0.8,2.0.7,https://downloads.wordpress.org/plugin/metorik-helper.2.0.8.zip,"2024-11-10 23:32:00",https://wordpress.org/plugins/metorik-helper/,5.0,7.4
my-tickets,"My Tickets – Accessible Event Ticketing",2.0.7,2.0.5,https://downloads.wordpress.org/plugin/my-tickets.2.0.7.zip,"2024-11-10 23:04:00",https://wordpress.org/plugins/my-tickets/,4.9,7.4
pdf-invoice-japan-for-woocommerce,"PDF Invoice Japan for WooCommerce",2.09,2.06,https://downloads.wordpress.org/plugin/pdf-invoice-japan-for-woocommerce.2.09.zip,"2024-11-11 01:07:00",https://wordpress.org/plugins/pdf-invoice-japan-for-woocommerce/,6.6,8.0
widget-google-reviews,"Plugin for Google Reviews",4.8,4.6,https://downloads.wordpress.org/plugin/widget-google-reviews.4.8.zip,"2024-11-10 23:59:00",https://wordpress.org/plugins/widget-google-reviews/,3.0.1,
woo-category-slider-grid,"Product Category Slider and Product Category Showcase for WooCommerce – WooCategory",1.5.2,1.5.0,https://downloads.wordpress.org/plugin/woo-category-slider-grid.1.5.2.zip,"2024-11-10 22:55:00",https://wordpress.org/plugins/woo-category-slider-grid/,5.0,5.6
wp-accessibility,"WP Accessibility",2.1.13,2.1.12,https://downloads.wordpress.org/plugin/wp-accessibility.2.1.13.zip,"2024-11-10 23:14:00",https://wordpress.org/plugins/wp-accessibility/,4.9,7.4
wpsso,"WPSSO Core – Complete and Optimized Structured Data SEO",18.18.0,18.17.0,https://downloads.wordpress.org/plugin/wpsso.18.18.0.zip,"2024-11-10 23:52:00",https://wordpress.org/plugins/wpsso/,5.9,7.4.33
all-in-one-currency-exchange,"All In One Currency Exchange",1.0.0,,https://downloads.wordpress.org/plugin/all-in-one-currency-exchange.1.0.0.zip,"2024-11-11 01:39:00",https://wordpress.org/plugins/all-in-one-currency-exchange/,5.9,7.2
afterpay-payment-gateway-for-woocommerce,"Riverty Payments for Woocommerce",7.1.8,7.1.6,https://downloads.wordpress.org/plugin/afterpay-payment-gateway-for-woocommerce.7.1.8.zip,"2024-11-11 08:12:00",https://wordpress.org/plugins/afterpay-payment-gateway-for-woocommerce/,4.5.0,5.6
booking,"WP Booking Calendar",10.7,10.6.3,https://downloads.wordpress.org/plugin/booking.10.7.zip,"2024-11-11 09:18:00",https://wordpress.org/plugins/booking/,5.3,5.6
boostify-header-footer-builder,"Boostify Header Footer Builder for Elementor",1.3.7,1.3.6,https://downloads.wordpress.org/plugin/boostify-header-footer-builder.1.3.7.zip,"2024-11-11 07:43:00",https://wordpress.org/plugins/boostify-header-footer-builder/,5.8,
bulk-interlinking-tool,"Bulk Interlinking Tool",1.0.5,1.0.4,https://downloads.wordpress.org/plugin/bulk-interlinking-tool.1.0.5.zip,"2024-11-11 07:06:00",https://wordpress.org/plugins/bulk-interlinking-tool/,5.0,7.2
coming-soon-by-boomdevs,"BoomDevs WordPress Coming Soon Plugin",1.0.4,1.0.2,https://downloads.wordpress.org/plugin/coming-soon-by-boomdevs.1.0.4.zip,"2024-11-11 06:35:00",https://wordpress.org/plugins/coming-soon-by-boomdevs/,5.0,7.0
digital-identity-login,"miniOrange Digital Identity Login",1.0.1,1.0.0,https://downloads.wordpress.org/plugin/digital-identity-login.zip,"2024-11-11 08:11:00",https://wordpress.org/plugins/digital-identity-login/,4.0,7.0
ecab-taxi-booking-manager,"Taxi Booking Manager for WooCommerce – WordPress plugin | Ecab",1.1.5,1.1.3,https://downloads.wordpress.org/plugin/ecab-taxi-booking-manager.zip,"2024-11-11 07:44:00",https://wordpress.org/plugins/ecab-taxi-booking-manager/,5.3,7.0
exportfeed-for-woocommerce-product-to-etsy,"WooCommerce Etsy Integration",6.4.0,6.3.9,https://downloads.wordpress.org/plugin/exportfeed-for-woocommerce-product-to-etsy.zip,"2024-11-11 07:34:00",https://wordpress.org/plugins/exportfeed-for-woocommerce-product-to-etsy/,5.8.0,5.4
fattura24,Fattura24,8.0.5,8.0.4,https://downloads.wordpress.org/plugin/fattura24.8.0.5.zip,"2024-11-11 07:21:00",https://wordpress.org/plugins/fattura24/,4.6,5.6
gallery-slider-for-woocommerce,"Product Gallery Slider, Additional Variation Images Gallery, Product Video Gallery, Product Video, and Product Image Zoom for WooCommerce – WooGallery",2.1.4,2.1.2,https://downloads.wordpress.org/plugin/gallery-slider-for-woocommerce.2.1.4.zip,"2024-11-11 07:01:00",https://wordpress.org/plugins/gallery-slider-for-woocommerce/,5.3,7.0
jim-soft-swiss-qr-invoice,"Jim Soft Swiss QR Invoice",1.2.18,1.2.15,https://downloads.wordpress.org/plugin/jim-soft-swiss-qr-invoice.1.2.18.zip,"2024-11-11 07:47:00",https://wordpress.org/plugins/jim-soft-swiss-qr-invoice/,4.7,7.4
linguise,"Linguise – Automatic multilingual translation",2.0.26,2.0.23,https://downloads.wordpress.org/plugin/linguise.2.0.26.zip,"2024-11-11 09:14:00",https://wordpress.org/plugins/linguise/,4.0,7.0
loan-calculator-wp,"Loan Calculator WP",1.5.3,1.5.0,https://downloads.wordpress.org/plugin/loan-calculator-wp.1.5.3.zip,"2024-11-11 09:16:00",https://wordpress.org/plugins/loan-calculator-wp/,5.8,7.4
mailchimp-for-wp,"MC4WP: Mailchimp for WordPress",4.9.19,4.9.17,https://downloads.wordpress.org/plugin/mailchimp-for-wp.4.9.19.zip,"2024-11-11 08:53:00",https://wordpress.org/plugins/mailchimp-for-wp/,4.6,7.2
mergado-marketing-pack,"Mergado Pack",4.0.0,3.7.4,https://downloads.wordpress.org/plugin/mergado-marketing-pack.4.0.0.zip,"2024-11-11 08:26:00",https://wordpress.org/plugins/mergado-marketing-pack/,4.5.1,
move-addons,"Move Addons for Elementor",1.3.6,1.3.4,https://downloads.wordpress.org/plugin/move-addons.1.3.6.zip,"2024-11-11 08:39:00",https://wordpress.org/plugins/move-addons/,5.0,
nex-forms-express-wp-form-builder,"NEX-Forms – Ultimate Form Builder – Contact forms and much more",8.7.9,8.7.8,https://downloads.wordpress.org/plugin/nex-forms-express-wp-form-builder.8.7.9.zip,"2024-11-11 06:45:00",https://wordpress.org/plugins/nex-forms-express-wp-form-builder/,4.0,
ninjafirewall,"NinjaFirewall (WP Edition) – Advanced Security Plugin and Firewall",4.7,4.6.1,https://downloads.wordpress.org/plugin/ninjafirewall.4.7.zip,"2024-11-11 06:50:00",https://wordpress.org/plugins/ninjafirewall/,4.9,7.1
nm-gift-registry-and-wishlist-lite,"NM Gift Registry and Wishlist Lite",5.5.1,5.4.1,https://downloads.wordpress.org/plugin/nm-gift-registry-and-wishlist-lite.5.5.1.zip,"2024-11-11 08:41:00",https://wordpress.org/plugins/nm-gift-registry-and-wishlist-lite/,5.6,7.4
optimole-wp,"Image Optimization by Optimole – Lazy Load, CDN, Convert WebP & AVIF",3.13.8,3.13.7,https://downloads.wordpress.org/plugin/optimole-wp.3.13.8.zip,"2024-11-11 08:01:00",https://wordpress.org/plugins/optimole-wp/,5.5,7.4
order-picking-app,"Order Picking App",1.6.8,1.6.2,https://downloads.wordpress.org/plugin/order-picking-app.zip,"2024-11-11 07:49:00",https://wordpress.org/plugins/order-picking-app/,6.0,7.4
payment-gateway-stripe-and-woocommerce-integration,"Stripe Payment Plugin for WooCommerce",4.0.2,4.0.1,https://downloads.wordpress.org/plugin/payment-gateway-stripe-and-woocommerce-integration.4.0.2.zip,"2024-11-11 07:46:00",https://wordpress.org/plugins/payment-gateway-stripe-and-woocommerce-integration/,5.6,5.6
payssion-international-payment-gateway,"Payssion Plugin for Woocommerce",1.2.8,1.2.7,https://downloads.wordpress.org/plugin/payssion-international-payment-gateway.1.2.8.zip,"2024-11-11 09:10:00",https://wordpress.org/plugins/payssion-international-payment-gateway/,4.0,
performance-for-everyone,"WP-performance for everyone – boost page speed & performance",2.0.1,1.4.2,https://downloads.wordpress.org/plugin/performance-for-everyone.2.0.1.zip,"2024-11-11 09:14:00",https://wordpress.org/plugins/performance-for-everyone/,6.0,7.4
persian-woocommerce-shipping,"افزونه حمل و نقل ووکامرس (پست پیشتاز و سفارشی، پیک موتوری)",4.2.0,4.1.5,https://downloads.wordpress.org/plugin/persian-woocommerce-shipping.zip,"2024-11-11 09:09:00",https://wordpress.org/plugins/persian-woocommerce-shipping/,6.0.0,7.4
popularis-extra,"Popularis Extra",1.2.8,1.2.6,https://downloads.wordpress.org/plugin/popularis-extra.1.2.8.zip,"2024-11-11 09:09:00",https://wordpress.org/plugins/popularis-extra/,4.4,5.6
product-delivery-date-for-woocommerce-lite,"Product Delivery Date for WooCommerce – Lite",2.8.1,2.8.0,https://downloads.wordpress.org/plugin/product-delivery-date-for-woocommerce-lite.zip,"2024-11-11 08:59:00",https://wordpress.org/plugins/product-delivery-date-for-woocommerce-lite/,1.3,5.6
quiz-maker,"Quiz Maker",6.6.4.4,6.6.4.2,https://downloads.wordpress.org/plugin/quiz-maker.6.6.4.4.zip,"2024-11-11 06:40:00",https://wordpress.org/plugins/quiz-maker/,4.0,
read-little,"Read a little for WooCommerce",1.1.2,1.1.0,https://downloads.wordpress.org/plugin/read-little.1.1.2.zip,"2024-11-11 08:29:00",https://wordpress.org/plugins/read-little/,4.0,
safe-ai-malware-protection-for-wp,"Safe Ai Malware Protection for WP",1.0.17,1.0.16,https://downloads.wordpress.org/plugin/safe-ai-malware-protection-for-wp.1.0.17.zip,"2024-11-11 09:10:00",https://wordpress.org/plugins/safe-ai-malware-protection-for-wp/,5.0,7.4
sepay-gateway,"SePay Gateway",1.0.11,1.0.10,https://downloads.wordpress.org/plugin/sepay-gateway.1.0.11.zip,"2024-11-11 09:05:00",https://wordpress.org/plugins/sepay-gateway/,5.6,7.2
sg-security,"Security Optimizer – The All-In-One Protection Plugin",1.5.6,1.5.5,https://downloads.wordpress.org/plugin/sg-security.1.5.6.zip,"2024-11-11 07:51:00",https://wordpress.org/plugins/sg-security/,4.7,7.0
sign-in-with-essentials,"Sign In With Socials (Google, Apple, Microsoft)",1.4.0,1.3.1,https://downloads.wordpress.org/plugin/sign-in-with-essentials.1.4.0.zip,"2024-11-11 06:33:00",https://wordpress.org/plugins/sign-in-with-essentials/,6.0,7.0
survey-maker,"Survey Maker",5.1.0.8,5.1.0.6,https://downloads.wordpress.org/plugin/survey-maker.5.1.0.8.zip,"2024-11-11 06:59:00",https://wordpress.org/plugins/survey-maker/,4.0,
vidjet,"Vidjet – Shoppable Videos",1.1.3,1.1.2,https://downloads.wordpress.org/plugin/vidjet.1.1.3.zip,"2024-11-11 09:24:00",https://wordpress.org/plugins/vidjet/,4.6,5.6
widget-for-yandex-zen,"Widget for Zen",1.2.8,1.2.7,https://downloads.wordpress.org/plugin/widget-for-yandex-zen.1.2.8.zip,"2024-11-11 07:55:00",https://wordpress.org/plugins/widget-for-yandex-zen/,4.9,
woo-order-export-lite,"Advanced Order Export For WooCommerce",3.5.6,3.5.4,https://downloads.wordpress.org/plugin/woo-order-export-lite.3.5.6.zip,"2024-11-11 07:31:00",https://wordpress.org/plugins/woo-order-export-lite/,4.7,5.4.0
wp-google-maps,"WP Go Maps (formerly WP Google Maps)",9.0.43,9.0.40,https://downloads.wordpress.org/plugin/wp-google-maps.zip,"2024-11-11 09:10:00",https://wordpress.org/plugins/wp-google-maps/,3.5,7.0
wp-product-feed-manager,"WooCommerce Google Feed Manager",2.11.0,2.10.0,https://downloads.wordpress.org/plugin/wp-product-feed-manager.2.11.0.zip,"2024-11-11 08:20:00",https://wordpress.org/plugins/wp-product-feed-manager/,6.5,7.4
zephyr-project-manager,"Zephyr Project Manager",3.3.104,3.3.103,https://downloads.wordpress.org/plugin/zephyr-project-manager.zip,"2024-11-11 08:49:00",https://wordpress.org/plugins/zephyr-project-manager/,3.2,5.2.4
am-demo-importer,"AM Demo Importer",0.0.3,,https://downloads.wordpress.org/plugin/am-demo-importer.zip,"2024-11-11 07:40:00",https://wordpress.org/plugins/am-demo-importer/,5.2,7.4
bulksmsplans-sms-notifications,"BULK SMS PLANS SMS Notifications",1.0.0,,https://downloads.wordpress.org/plugin/bulksmsplans-sms-notifications.1.0.0.zip,"2024-11-11 07:16:00",https://wordpress.org/plugins/bulksmsplans-sms-notifications/,5.0,7.2
casa-courses,"CASA Courses",1.0.2,,https://downloads.wordpress.org/plugin/casa-courses.1.0.2.zip,"2024-11-11 09:01:00",https://wordpress.org/plugins/casa-courses/,6.4,8.1
hydra-booking,"Hydra Booking – All-in-One Appointment Management Solution",1.0.2,,https://downloads.wordpress.org/plugin/hydra-booking.1.0.2.zip,"2024-11-11 07:25:00",https://wordpress.org/plugins/hydra-booking/,4.2,7.4
add-product-frontend-for-woocommerce,"Add Product Frontend for WooCommerce",1.0.5,1.0.4,https://downloads.wordpress.org/plugin/add-product-frontend-for-woocommerce.1.0.5.zip,"2024-11-11 15:02:00",https://wordpress.org/plugins/add-product-frontend-for-woocommerce/,5.6,7.4
all-in-one-forms,"AIO Forms – The most complete and affordable form builder",1.2.204,1.2.202,https://downloads.wordpress.org/plugin/all-in-one-forms.zip,"2024-11-11 15:26:00",https://wordpress.org/plugins/all-in-one-forms/,3.3,
bangla-press,"BanglaPress Payment – bKash and Partial Payment",1.0,1.1,https://downloads.wordpress.org/plugin/bangla-press.zip,"2024-11-11 15:13:00",https://wordpress.org/plugins/bangla-press/,5.0,
customize-my-account-for-woocommerce,"SysBasics Customize My Account for WooCommerce",2.8.8,2.8.1,https://downloads.wordpress.org/plugin/customize-my-account-for-woocommerce.2.8.8.zip,"2024-11-11 14:50:00",https://wordpress.org/plugins/customize-my-account-for-woocommerce/,3.3,5.2
error-log-monitor,"Error Log Monitor",1.7.10,1.7.8,https://downloads.wordpress.org/plugin/error-log-monitor.1.7.10.zip,"2024-11-11 15:08:00",https://wordpress.org/plugins/error-log-monitor/,4.5,7.4
feedzy-rss-feeds,"RSS Aggregator by Feedzy – Feed to Post, Autoblogging, News & YouTube Video Feeds Aggregator",4.4.15,4.4.13,https://downloads.wordpress.org/plugin/feedzy-rss-feeds.zip,"2024-11-11 15:25:00",https://wordpress.org/plugins/feedzy-rss-feeds/,6.0,7.2
magic-post-thumbnail,"Generate Images – Magic Post Thumbnail",6.0.1,5.2.10,https://downloads.wordpress.org/plugin/magic-post-thumbnail.6.0.1.zip,"2024-11-11 15:25:00",https://wordpress.org/plugins/magic-post-thumbnail/,6.0,7.3
mindspun-responsive-blocks,"Mindspun Responsive Blocks",0.18.0,0.17.1,https://downloads.wordpress.org/plugin/mindspun-responsive-blocks.0.18.0.zip,"2024-11-11 15:04:00",https://wordpress.org/plugins/mindspun-responsive-blocks/,6.2,7.4
real-cookie-banner,"Real Cookie Banner: GDPR & ePrivacy Cookie Consent",5.0.1,5.0.0,https://downloads.wordpress.org/plugin/real-cookie-banner.5.0.1.zip,"2024-11-11 15:02:00",https://wordpress.org/plugins/real-cookie-banner/,5.9,7.4.0
revolut-gateway-for-woocommerce,"Revolut Gateway for WooCommerce",4.18.4,4.18.2,https://downloads.wordpress.org/plugin/revolut-gateway-for-woocommerce.4.18.4.zip,"2024-11-11 15:02:00",https://wordpress.org/plugins/revolut-gateway-for-woocommerce/,4.4,7.2
smartbill-facturare-si-gestiune,"SmartBill Facturare si Gestiune",3.3.5,3.2.6,https://downloads.wordpress.org/plugin/smartbill-facturare-si-gestiune.zip,"2024-11-11 15:12:00",https://wordpress.org/plugins/smartbill-facturare-si-gestiune/,4.7.0,
tweet-old-post,"Revive Social – Social Media Auto Post and Scheduling Automation Plugin",9.1.3,9.1.2,https://downloads.wordpress.org/plugin/tweet-old-post.zip,"2024-11-11 15:07:00",https://wordpress.org/plugins/tweet-old-post/,4.7,7.4
wedevs-project-manager,"WP Project Manager – Task, team, and project management plugin featuring kanban board and gantt charts",2.6.14,2.6.13,https://downloads.wordpress.org/plugin/wedevs-project-manager.zip,"2024-11-11 14:46:00",https://wordpress.org/plugins/wedevs-project-manager/,4.4,5.6
woo-fattureincloud,"WooCommerce Fattureincloud",2.6.7,2.6.6,https://downloads.wordpress.org/plugin/woo-fattureincloud.2.6.7.zip,"2024-11-11 14:52:00",https://wordpress.org/plugins/woo-fattureincloud/,5.0,7.4
wp-time-slots-booking-form,"WP Time Slots Booking Form",1.2.20,1.2.18,https://downloads.wordpress.org/plugin/wp-time-slots-booking-form.1.2.20.zip,"2024-11-11 15:16:00",https://wordpress.org/plugins/wp-time-slots-booking-form/,3.0.5,
nex-button,NexButton,1.0.0,,https://downloads.wordpress.org/plugin/nex-button.zip,"2024-11-11 14:41:00",https://wordpress.org/plugins/nex-button/,5.0,7.2
accordion-and-accordion-slider,"Accordion and Accordion Slider",1.4.1,1.4,https://downloads.wordpress.org/plugin/accordion-and-accordion-slider.1.4.1.zip,"2024-11-11 14:00:00",https://wordpress.org/plugins/accordion-and-accordion-slider/,4.0,
advanced-form-integration,"AFI – The Easiest Integration Plugin",1.92.1,1.90.2,https://downloads.wordpress.org/plugin/advanced-form-integration.1.92.1.zip,"2024-11-11 14:04:00",https://wordpress.org/plugins/advanced-form-integration/,3.0.1,5.6
blog2social,"Blog2Social: Social Media Auto Post & Scheduler",8.1.1,8.1.0,https://downloads.wordpress.org/plugin/blog2social.8.1.1.zip,"2024-11-11 14:27:00",https://wordpress.org/plugins/blog2social/,4.7.0,5.5.3
cartasi-x-pay,"Nexi XPay",7.4.0,7.3.4,https://downloads.wordpress.org/plugin/cartasi-x-pay.7.4.0.zip,"2024-11-11 14:12:00",https://wordpress.org/plugins/cartasi-x-pay/,4.6,
fv-player,"FV Player 8",8.0.9,8.0.7,https://downloads.wordpress.org/plugin/fv-player.zip,"2024-11-11 14:06:00",https://wordpress.org/plugins/fv-player/,5.7,5.6
guttypress,GuttyPress,0.6,0.5,https://downloads.wordpress.org/plugin/guttypress.0.6.zip,"2024-11-11 14:40:00",https://wordpress.org/plugins/guttypress/,6.4,7.4
ics-calendar,"ICS Calendar",11.3.6.1,11.3.4.4,https://downloads.wordpress.org/plugin/ics-calendar.11.3.6.1.zip,"2024-11-11 14:24:00",https://wordpress.org/plugins/ics-calendar/,4.9,7.0
keto-calculator,"Keto Calculator Plugin",1.5,1.4,https://downloads.wordpress.org/plugin/keto-calculator.zip,"2024-11-11 13:37:00",https://wordpress.org/plugins/keto-calculator/,4.4.2,
mailplus-forms,"Spotler Mail+ Forms",1.3.0,1.2.6,https://downloads.wordpress.org/plugin/mailplus-forms.1.3.0.zip,"2024-11-11 14:34:00",https://wordpress.org/plugins/mailplus-forms/,3.3,7.2
nexi-xpay-build,"Nexi XPay Build",7.4.0,7.3.4,https://downloads.wordpress.org/plugin/nexi-xpay-build.7.4.0.zip,"2024-11-11 14:13:00",https://wordpress.org/plugins/nexi-xpay-build/,4.6,
payaza,Payaza,0.2.6,0.1.11,https://downloads.wordpress.org/plugin/payaza.zip,"2024-11-11 14:15:00",https://wordpress.org/plugins/payaza/,6.2,7.4
prosopo-procaptcha,"Prosopo Procaptcha",1.6.0,1.2.0,https://downloads.wordpress.org/plugin/prosopo-procaptcha.1.6.0.zip,"2024-11-11 14:09:00",https://wordpress.org/plugins/prosopo-procaptcha/,5.5,7.4
r2b2-monetization,"R2B2 Monetization",1.1.2,1.0.3,https://downloads.wordpress.org/plugin/r2b2-monetization.1.1.2.zip,"2024-11-11 13:48:00",https://wordpress.org/plugins/r2b2-monetization/,5.2,7.2
shutterpress-gallery,"Shutterpress Gallery",1.2.4,1.2.3,https://downloads.wordpress.org/plugin/shutterpress-gallery.1.2.4.zip,"2024-11-11 14:28:00",https://wordpress.org/plugins/shutterpress-gallery/,5.3,7.0
vk-blocks,"VK Blocks",1.90.1.1,1.90.0.1,https://downloads.wordpress.org/plugin/vk-blocks.1.90.1.1.zip,"2024-11-11 13:51:00",https://wordpress.org/plugins/vk-blocks/,6.3,7.4
woo-rede,"Integration Rede for WooCommerce",3.4.3,3.3.2,https://downloads.wordpress.org/plugin/woo-rede.3.4.3.zip,"2024-11-11 13:43:00",https://wordpress.org/plugins/woo-rede/,5.0,7.2
woo-retailcrm,"Woocommerce Simla.com",4.8.14,4.8.11,https://downloads.wordpress.org/plugin/woo-retailcrm.4.8.14.zip,"2024-11-11 13:56:00",https://wordpress.org/plugins/woo-retailcrm/,5.3,7.1
wpcf7-redirect,"Redirection for Contact Form 7",3.1.9,3.1.8,https://downloads.wordpress.org/plugin/wpcf7-redirect.3.1.9.zip,"2024-11-11 14:04:00",https://wordpress.org/plugins/wpcf7-redirect/,5.1,
customize-my-account-for-woocommerce,"SysBasics Customize My Account for WooCommerce",2.8.9,2.8.8,https://downloads.wordpress.org/plugin/customize-my-account-for-woocommerce.2.8.9.zip,"2024-11-11 16:38:00",https://wordpress.org/plugins/customize-my-account-for-woocommerce/,3.3,5.2
cookiepal-banner,CookiePal,1.0,,https://downloads.wordpress.org/plugin/cookiepal-banner.zip,"2024-11-11 17:06:00",https://wordpress.org/plugins/cookiepal-banner/,5.0,7.0
antispam-bee,"Antispam Bee",2.11.7,2.11.6,https://downloads.wordpress.org/plugin/antispam-bee.2.11.7.zip,"2024-11-11 20:48:00",https://wordpress.org/plugins/antispam-bee/,4.6,5.2
better-wp-security,"Solid Security – Password, Two Factor Authentication, and Brute Force Protection",9.3.4,9.3.3,https://downloads.wordpress.org/plugin/better-wp-security.9.3.4.zip,"2024-11-11 21:15:00",https://wordpress.org/plugins/better-wp-security/,6.5,7.3
emplibot,"Emplibot – AI Content Writer with Keyword Research, Infographics, and Linking | SEO Optimized | Fully Automated",1.0.2,1.0.0,https://downloads.wordpress.org/plugin/emplibot.1.0.2.zip,"2024-11-11 20:38:00",https://wordpress.org/plugins/emplibot/,6.4,7.2
iplocationtools-real-time-visitor-widget,IPLocationTools,1.1.17,1.1.16,https://downloads.wordpress.org/plugin/iplocationtools-real-time-visitor-widget.1.1.17.zip,"2024-11-11 22:57:00",https://wordpress.org/plugins/iplocationtools-real-time-visitor-widget/,2.0.0,
lightbox-photoswipe,"Lightbox with PhotoSwipe",5.5.1,5.4.1,https://downloads.wordpress.org/plugin/lightbox-photoswipe.5.5.1.zip,"2024-11-11 22:20:00",https://wordpress.org/plugins/lightbox-photoswipe/,5.3,
luckynode,LuckyNode,1.0.7,1.0.4,https://downloads.wordpress.org/plugin/luckynode.1.0.7.zip,"2024-11-11 20:32:00",https://wordpress.org/plugins/luckynode/,6.4,7.4
mindspun-responsive-blocks,"Mindspun Responsive Blocks",0.18.1,0.18.0,https://downloads.wordpress.org/plugin/mindspun-responsive-blocks.0.18.1.zip,"2024-11-11 21:28:00",https://wordpress.org/plugins/mindspun-responsive-blocks/,6.2,7.4
mon-laboratoire,"Mon Laboratoire",4.9,4.8.3,https://downloads.wordpress.org/plugin/mon-laboratoire.4.9.zip,"2024-11-11 21:37:00",https://wordpress.org/plugins/mon-laboratoire/,5.6,7.2
post-expirator,"Schedule Post Changes: Unpublish, Delete, Change Status, Trash, Change Categories and Tags with PublishPress Future",4.1.0,4.0.3,https://downloads.wordpress.org/plugin/post-expirator.4.1.0.zip,"2024-11-11 20:33:00",https://wordpress.org/plugins/post-expirator/,6.1,7.2.5
pwa,PWA,0.8.2,0.8.1,https://downloads.wordpress.org/plugin/pwa.0.8.2.zip,"2024-11-11 22:23:00",https://wordpress.org/plugins/pwa/,6.6,7.2
quick-ajax-post-loader,"Quick Ajax Post Loader",1.3.1,1.2.1,https://downloads.wordpress.org/plugin/quick-ajax-post-loader.1.3.1.zip,"2024-11-11 21:33:00",https://wordpress.org/plugins/quick-ajax-post-loader/,5.6,7.4
slick-engagement,"Slickstream: Engagement and Conversions",2.0.1,1.4.4,https://downloads.wordpress.org/plugin/slick-engagement.2.0.1.zip,"2024-11-11 22:45:00",https://wordpress.org/plugins/slick-engagement/,5.2.0,7.4.0
sozlesmeler,Sözleşmeler,2.6.0,2.5.0,https://downloads.wordpress.org/plugin/sozlesmeler.2.6.0.zip,"2024-11-11 22:24:00",https://wordpress.org/plugins/sozlesmeler/,5.0,7.4
sunshine-photo-cart,"Sunshine Photo Cart: Free Client Photo Galleries for Photographers",3.4.1,3.2.10,https://downloads.wordpress.org/plugin/sunshine-photo-cart.3.4.1.zip,"2024-11-11 21:49:00",https://wordpress.org/plugins/sunshine-photo-cart/,5.5,7.4
w3-total-cache,"W3 Total Cache",2.7.7,2.7.5,https://downloads.wordpress.org/plugin/w3-total-cache.2.7.7.zip,"2024-11-11 20:44:00",https://wordpress.org/plugins/w3-total-cache/,5.3,7.2.5
woocommerce-paypal-payments,"WooCommerce PayPal Payments",2.9.4,2.9.2,https://downloads.wordpress.org/plugin/woocommerce-paypal-payments.2.9.4.zip,"2024-11-11 22:24:00",https://wordpress.org/plugins/woocommerce-paypal-payments/,6.3,7.4
woocommerce-square,"WooCommerce Square",4.8.3,4.8.2,https://downloads.wordpress.org/plugin/woocommerce-square.4.8.3.zip,"2024-11-11 20:46:00",https://wordpress.org/plugins/woocommerce-square/,6.5,7.4
acemedia-login-block,"Ace Login Block",0.424.0,,https://downloads.wordpress.org/plugin/acemedia-login-block.0.424.0.zip,"2024-11-11 23:18:00",https://wordpress.org/plugins/acemedia-login-block/,6.6,7.2
paychoice,Paychoice,1.0.0,,https://downloads.wordpress.org/plugin/paychoice.1.0.0.zip,"2024-11-11 21:36:00",https://wordpress.org/plugins/paychoice/,3.0,
acemedia-login-block,"Ace Login Block",0.425.0,0.424.0,https://downloads.wordpress.org/plugin/acemedia-login-block.0.425.0.zip,"2024-11-12 00:13:00",https://wordpress.org/plugins/acemedia-login-block/,6.6,7.2
couponapi,"Coupon API",6.2.8,6.2.4,https://downloads.wordpress.org/plugin/couponapi.zip,"2024-11-12 04:46:00",https://wordpress.org/plugins/couponapi/,3.2,5.6
delicious-recipes,"WP Delicious – Recipe Plugin for Food Bloggers (formerly Delicious Recipes)",1.7.4,1.7.2,https://downloads.wordpress.org/plugin/delicious-recipes.1.7.4.zip,"2024-11-12 06:01:00",https://wordpress.org/plugins/delicious-recipes/,5.1,7.4
easy-footnotes,"Easy Footnotes",1.1.9,1.1.8,https://downloads.wordpress.org/plugin/easy-footnotes.1.1.9.zip,"2024-11-12 05:53:00",https://wordpress.org/plugins/easy-footnotes/,3.0.1,
honeypot,"WP Armour – Honeypot Anti Spam",2.2.04,2.2.02,https://downloads.wordpress.org/plugin/honeypot.2.2.04.zip,"2024-11-12 05:10:00",https://wordpress.org/plugins/honeypot/,3.0,
pw-bulk-edit,"PW WooCommerce Bulk Edit",2.131,2.130,https://downloads.wordpress.org/plugin/pw-bulk-edit.2.131.zip,"2024-11-12 05:59:00",https://wordpress.org/plugins/pw-bulk-edit/,4.5,5.6
responsive-block-editor-addons,"Responsive Blocks – WordPress Gutenberg Blocks",1.9.4,1.9.3,https://downloads.wordpress.org/plugin/responsive-block-editor-addons.1.9.4.zip,"2024-11-12 05:45:00",https://wordpress.org/plugins/responsive-block-editor-addons/,5.0,5.6
sellkit,"SellKit – Funnel builder and checkout optimizer for WooCommerce to sell more, faster",2.3.2,2.0.5,https://downloads.wordpress.org/plugin/sellkit.zip,"2024-11-12 05:42:00",https://wordpress.org/plugins/sellkit/,5.6,7.0
seo-site-auditor-agency,"WordPress SEO Audit Plugin – WP Site Auditor",1.2.10,1.2.9,https://downloads.wordpress.org/plugin/seo-site-auditor-agency.1.2.10.zip,"2024-11-12 06:20:00",https://wordpress.org/plugins/seo-site-auditor-agency/,3.6,
templatiq,Templatiq,0.2.0,0.1.9,https://downloads.wordpress.org/plugin/templatiq.0.2.0.zip,"2024-11-12 05:54:00",https://wordpress.org/plugins/templatiq/,6.0,7.4
travelmanager-buchungssoftware,"Travelmanager Buchungssoftware",21.79,21.78,https://downloads.wordpress.org/plugin/travelmanager-buchungssoftware.zip,"2024-11-12 06:31:00",https://wordpress.org/plugins/travelmanager-buchungssoftware/,6.0,8.0
turbo-addons-elementor,"Turbo Addons Elementor",1.5.1,1.5.0,https://downloads.wordpress.org/plugin/turbo-addons-elementor.zip,"2024-11-12 06:20:00",https://wordpress.org/plugins/turbo-addons-elementor/,3.0,7.4
ultimate-store-kit,"Ultimate Store Kit Elementor Addons, Woocommerce Builder, EDD Builder, Elementor Store Builder, Product Grid, Product Table, Woocommerce Slider",2.2.1,2.1.7,https://downloads.wordpress.org/plugin/ultimate-store-kit.2.2.1.zip,"2024-11-12 05:06:00",https://wordpress.org/plugins/ultimate-store-kit/,5.0.0,7.0.0
wc-blacklist-manager,"Blacklist Manager – Anti Fraud / Fake / Spam Orders for WooCommerce",1.4.3,1.4.2.1,https://downloads.wordpress.org/plugin/wc-blacklist-manager.1.4.3.zip,"2024-11-12 05:16:00",https://wordpress.org/plugins/wc-blacklist-manager/,5.2,7.0
wc-shipos-delivery,"Deliver via Shipos for WooCommerce",2.1.2,2.1.0,https://downloads.wordpress.org/plugin/wc-shipos-delivery.2.1.2.zip,"2024-11-12 05:31:00",https://wordpress.org/plugins/wc-shipos-delivery/,5.8.0,7.4
wp-slimstat,"SlimStat Analytics",5.2.9,5.2.8,https://downloads.wordpress.org/plugin/wp-slimstat.5.2.9.zip,"2024-11-12 05:01:00",https://wordpress.org/plugins/wp-slimstat/,5.6,7.4
wpfront-user-role-editor,"WPFront User Role Editor",4.2.1,4.1.1,https://downloads.wordpress.org/plugin/wpfront-user-role-editor.4.2.1.zip,"2024-11-12 04:49:00",https://wordpress.org/plugins/wpfront-user-role-editor/,5.1,7.0
advanced-autocomplete-orders-for-woocommerce,"Advanced Autocomplete Orders for WooCommerce",1.0.1,,https://downloads.wordpress.org/plugin/advanced-autocomplete-orders-for-woocommerce.zip,"2024-11-12 06:03:00",https://wordpress.org/plugins/advanced-autocomplete-orders-for-woocommerce/,4.4,5.6
arviewz,ARViewz,1.1.2,,https://downloads.wordpress.org/plugin/arviewz.zip,"2024-11-12 06:16:00",https://wordpress.org/plugins/arviewz/,6.0,7.4
easy-hotel,"Easy Hotel – WordPress Hotel Booking Plugin | WooCommerce Booking",1.0.0,,https://downloads.wordpress.org/plugin/easy-hotel.1.0.0.zip,"2024-11-12 06:07:00",https://wordpress.org/plugins/easy-hotel/,5.0,
jupiterx-core,"Jupiter X Core",4.8.5,,https://downloads.wordpress.org/plugin/jupiterx-core.zip,"2024-11-12 05:31:00",https://wordpress.org/plugins/jupiterx-core/,5.6,7.0
login-stripe-customer-portal,"Login for Stripe Customer Portal",1.0,,https://downloads.wordpress.org/plugin/login-stripe-customer-portal.1.0.zip,"2024-11-12 05:36:00",https://wordpress.org/plugins/login-stripe-customer-portal/,5.0,7.0
login-stripe-customer-portal,"Login for Stripe Customer Portal",1.0.1,1.0,https://downloads.wordpress.org/plugin/login-stripe-customer-portal.1.0.1.zip,"2024-11-12 08:22:00",https://wordpress.org/plugins/login-stripe-customer-portal/,5.0,7.0
accelerated-mobile-pages,"AMP for WP – Accelerated Mobile Pages",1.1.1,1.0.99.1,https://downloads.wordpress.org/plugin/accelerated-mobile-pages.1.1.1.zip,"2024-11-12 13:14:00",https://wordpress.org/plugins/accelerated-mobile-pages/,3.0,
advanced-export,"Advanced Export: Export WordPress Site Data Including Widget, Customizer & Media Files",1.1.0,1.0.9,https://downloads.wordpress.org/plugin/advanced-export.1.1.0.zip,"2024-11-12 14:03:00",https://wordpress.org/plugins/advanced-export/,5.0,5.6.20
advanced-import,"Advanced Import : One Click Import for WordPress or Theme Demo Data",1.4.4,1.4.3,https://downloads.wordpress.org/plugin/advanced-import.1.4.4.zip,"2024-11-12 12:42:00",https://wordpress.org/plugins/advanced-import/,5.0,5.6.20
advanced-options-for-woocommerce,"Advanced Options for WooCommerce",1.1.7,1.1.6,https://downloads.wordpress.org/plugin/advanced-options-for-woocommerce.1.1.7.zip,"2024-11-12 14:18:00",https://wordpress.org/plugins/advanced-options-for-woocommerce/,5.2,7.0
all-in-one-forms,"AIO Forms – The most complete and affordable form builder",1.2.205,1.2.204,https://downloads.wordpress.org/plugin/all-in-one-forms.zip,"2024-11-12 14:29:00",https://wordpress.org/plugins/all-in-one-forms/,3.3,
ambikly,"Ambikly – The easiest way to start selling online",0.0.6,0.0.5,https://downloads.wordpress.org/plugin/ambikly.0.0.6.zip,"2024-11-12 13:54:00",https://wordpress.org/plugins/ambikly/,5.4,7.4
api2cart-bridge-connector,"Api2Cart Bridge Connector",3.0.2,2.5.4,https://downloads.wordpress.org/plugin/api2cart-bridge-connector.zip,"2024-11-12 13:24:00",https://wordpress.org/plugins/api2cart-bridge-connector/,4.5,
ayecode-connect,"AyeCode Connect",1.3.8,1.3.7,https://downloads.wordpress.org/plugin/ayecode-connect.1.3.8.zip,"2024-11-12 13:39:00",https://wordpress.org/plugins/ayecode-connect/,4.7,5.6
bit-integrations,"Webhook Automator & Contact Form Integration to Automate 230+ Platforms – Bit Integrations",2.3.4,2.3.2,https://downloads.wordpress.org/plugin/bit-integrations.2.3.4.zip,"2024-11-12 12:29:00",https://wordpress.org/plugins/bit-integrations/,5.1,7.0
blockstrap-page-builder-blocks,"BlockStrap Page Builder – Bootstrap Blocks",0.1.29,0.1.27,https://downloads.wordpress.org/plugin/blockstrap-page-builder-blocks.0.1.29.zip,"2024-11-12 13:35:00",https://wordpress.org/plugins/blockstrap-page-builder-blocks/,6.0,7.2
cities-shipping-zones-for-woocommerce,"Cities Shipping Zones for WooCommerce",1.2.9,1.2.8,https://downloads.wordpress.org/plugin/cities-shipping-zones-for-woocommerce.1.2.9.zip,"2024-11-12 14:11:00",https://wordpress.org/plugins/cities-shipping-zones-for-woocommerce/,5.2,7.0
click-to-chat-for-whatsapp,"Click to Chat – HoliThemes",4.12,4.9,https://downloads.wordpress.org/plugin/click-to-chat-for-whatsapp.4.12.zip,"2024-11-12 14:04:00",https://wordpress.org/plugins/click-to-chat-for-whatsapp/,4.7,5.6
customize-admin,"Customize Admin",1.9.4,1.9.3,https://downloads.wordpress.org/plugin/customize-admin.1.9.4.zip,"2024-11-12 13:28:00",https://wordpress.org/plugins/customize-admin/,3.5,
default-attributes-for-woocommerce,"Default Attributes for WooCommerce",1.1.9,1.1.8,https://downloads.wordpress.org/plugin/default-attributes-for-woocommerce.1.1.9.zip,"2024-11-12 14:22:00",https://wordpress.org/plugins/default-attributes-for-woocommerce/,5.2,7.0
elementor,"Elementor Website Builder – More than Just a Page Builder",3.25.5,3.25.2,https://downloads.wordpress.org/plugin/elementor.3.25.5.zip,"2024-11-12 14:04:00",https://wordpress.org/plugins/elementor/,6.3,7.4
fastpixel-website-accelerator,"FastPixel Caching – WP Optimization made easy",1.0.30,1.0.29,https://downloads.wordpress.org/plugin/fastpixel-website-accelerator.1.0.30.zip,"2024-11-12 15:17:00",https://wordpress.org/plugins/fastpixel-website-accelerator/,6.0,5.6
filester,"File Manager Pro – Filester",1.8.5,1.8.4,https://downloads.wordpress.org/plugin/filester.zip,"2024-11-12 13:03:00",https://wordpress.org/plugins/filester/,3.0,
foodle-for-democracy-poll,"Foodle Add-On for Democracy Poll",2.5.21.2,2.5.21.1,https://downloads.wordpress.org/plugin/foodle-for-democracy-poll.2.5.21.2.zip,"2024-11-12 14:05:00",https://wordpress.org/plugins/foodle-for-democracy-poll/,4.3,7.4
geodirectory,"GeoDirectory – WP Business Directory Plugin and Classified Listings Directory",2.3.85,2.3.82,https://downloads.wordpress.org/plugin/geodirectory.2.3.85.zip,"2024-11-12 13:32:00",https://wordpress.org/plugins/geodirectory/,4.5,5.6
gtm-ecommerce-woo,"Tag Pilot FREE – Google Tag Manager Integration for WooCommerce",1.11.0,1.10.34,https://downloads.wordpress.org/plugin/gtm-ecommerce-woo.1.11.0.zip,"2024-11-12 12:39:00",https://wordpress.org/plugins/gtm-ecommerce-woo/,5.1.0,7.0
hide-address-fields-for-woocommerce,"Hide Address Fields for WooCommerce",1.2.1,1.2,https://downloads.wordpress.org/plugin/hide-address-fields-for-woocommerce.1.2.1.zip,"2024-11-12 14:29:00",https://wordpress.org/plugins/hide-address-fields-for-woocommerce/,5.2,7.0
invoicing,"Payment forms, Buy now buttons, and Invoicing System | GetPaid",2.8.17,2.8.16,https://downloads.wordpress.org/plugin/invoicing.2.8.17.zip,"2024-11-12 13:51:00",https://wordpress.org/plugins/invoicing/,4.9,5.6
klarna-order-management-for-woocommerce,"Klarna Order Management for WooCommerce",1.9.3,1.9.2,https://downloads.wordpress.org/plugin/klarna-order-management-for-woocommerce.zip,"2024-11-12 13:59:00",https://wordpress.org/plugins/klarna-order-management-for-woocommerce/,4.0,7.3
klaviyo,Klaviyo,3.4.2,3.4.0,https://downloads.wordpress.org/plugin/klaviyo.3.4.2.zip,"2024-11-12 12:30:00",https://wordpress.org/plugins/klaviyo/,4.4,7.0
knowledgebase-helpdesk,"KnowledgeBase with AI ChatBot HelpDesk – KBx",3.6.5,3.6.4,https://downloads.wordpress.org/plugin/knowledgebase-helpdesk.3.6.5.zip,"2024-11-12 13:13:00",https://wordpress.org/plugins/knowledgebase-helpdesk/,4.7,5.6
license-manager-for-woocommerce,"License Manager for WooCommerce",3.0.9,3.0.8,https://downloads.wordpress.org/plugin/license-manager-for-woocommerce.3.0.9.zip,"2024-11-12 14:19:00",https://wordpress.org/plugins/license-manager-for-woocommerce/,4.7,7.0
mailpoet,"MailPoet – Newsletters, Email Marketing, and Automation",5.3.7,5.3.5,https://downloads.wordpress.org/plugin/mailpoet.5.3.7.zip,"2024-11-12 12:54:00",https://wordpress.org/plugins/mailpoet/,6.4,7.4
mono-checkout,"mono checkout",1.8.5,1.8.3,https://downloads.wordpress.org/plugin/mono-checkout.1.8.5.zip,"2024-11-12 12:43:00",https://wordpress.org/plugins/mono-checkout/,5.8,7.4
only-one-device-login-limit,"Only one device login limit",1.2.5,1.2.4,https://downloads.wordpress.org/plugin/only-one-device-login-limit.1.2.5.zip,"2024-11-12 14:22:00",https://wordpress.org/plugins/only-one-device-login-limit/,5.0,
primer-mydata,"Primer MyData for Woocommerce",4.1.9,4.1.8,https://downloads.wordpress.org/plugin/primer-mydata.4.1.9.zip,"2024-11-12 14:06:00",https://wordpress.org/plugins/primer-mydata/,5.3,7.4
shop-feed-for-instagram-by-snapppt,"Shoppable Social Media Galleries by Sauce",1.2.0,1.1.13,https://downloads.wordpress.org/plugin/shop-feed-for-instagram-by-snapppt.1.2.0.zip,"2024-11-12 12:36:00",https://wordpress.org/plugins/shop-feed-for-instagram-by-snapppt/,2.8.0,
smart-manager-for-wp-e-commerce,"WooCommerce Advanced Bulk Edit Products, Orders, Coupons, Any WordPress Post Type – Smart Manager",8.48.0,8.47.0,https://downloads.wordpress.org/plugin/smart-manager-for-wp-e-commerce.8.48.0.zip,"2024-11-12 13:55:00",https://wordpress.org/plugins/smart-manager-for-wp-e-commerce/,4.8,5.6
super-payments,"Super Payments – WooCommerce Payment Gateway",1.25.12,1.25.10,https://downloads.wordpress.org/plugin/super-payments.1.25.12.zip,"2024-11-12 14:26:00",https://wordpress.org/plugins/super-payments/,,
windpress,"WindPress – Tailwind CSS integration for WordPress",3.1.13,3.1.4,https://downloads.wordpress.org/plugin/windpress.3.1.13.zip,"2024-11-12 13:16:00",https://wordpress.org/plugins/windpress/,6.0,7.4
woo-paypal-gateway,"Payment Gateway for PayPal on WooCommerce",9.0.11,9.0.10,https://downloads.wordpress.org/plugin/woo-paypal-gateway.9.0.11.zip,"2024-11-12 13:47:00",https://wordpress.org/plugins/woo-paypal-gateway/,4.7,7.1
woocommerce-loyal-customer,"WooCommerce Loyal Customers",2.5,2.3,https://downloads.wordpress.org/plugin/woocommerce-loyal-customer.2.5.zip,"2024-11-12 13:12:00",https://wordpress.org/plugins/woocommerce-loyal-customer/,3.9.1,
woorewards,"MyRewards – Loyalty Points and Rewards for WooCommerce – Reward orders, referrals, product reviews and more",5.4.4,5.4.1,https://downloads.wordpress.org/plugin/woorewards.5.4.4.zip,"2024-11-12 13:58:00",https://wordpress.org/plugins/woorewards/,5.3,7.0.0
accessibility-onetap,"OneTap (#1 Accessibility)",1.1.1,,https://downloads.wordpress.org/plugin/accessibility-onetap.1.1.1.zip,"2024-11-12 13:03:00",https://wordpress.org/plugins/accessibility-onetap/,6.6,7.4
bondis-subscriptions-api,"Bondis Subscriptions Api",1.3.2,,https://downloads.wordpress.org/plugin/bondis-subscriptions-api.1.3.2.zip,"2024-11-12 12:38:00",https://wordpress.org/plugins/bondis-subscriptions-api/,6.2,8.1
creditable-leaky-paywall-addon,"Creditable Leaky Paywall Addon",1.0.0,,https://downloads.wordpress.org/plugin/creditable-leaky-paywall-addon.1.0.0.zip,"2024-11-12 14:44:00",https://wordpress.org/plugins/creditable-leaky-paywall-addon/,6.5,7.0
direct-payments-for-woocommerce,"Direct Payments for WooCommerce",1.0.2,,https://downloads.wordpress.org/plugin/direct-payments-for-woocommerce.1.0.2.zip,"2024-11-12 13:33:00",https://wordpress.org/plugins/direct-payments-for-woocommerce/,5.0,7.0
nexhbp-himalayan-bank-payment-gateway,"Himalayan Bank Payment Gateway",1.1.3,,https://downloads.wordpress.org/plugin/nexhbp-himalayan-bank-payment-gateway.1.1.3.zip,"2024-11-12 12:33:00",https://wordpress.org/plugins/nexhbp-himalayan-bank-payment-gateway/,6.0,8.2
syncpa-discord-notifier-for-surecart,"SyncPA – Discord Notifier for SureCart",1.0.0,,https://downloads.wordpress.org/plugin/syncpa-discord-notifier-for-surecart.1.0.0.zip,"2024-11-12 13:04:00",https://wordpress.org/plugins/syncpa-discord-notifier-for-surecart/,6.2,
amp,AMP,2.5.5,2.5.4,https://downloads.wordpress.org/plugin/amp.2.5.5.zip,"2024-11-12 20:11:00",https://wordpress.org/plugins/amp/,6.5,7.4
baselinker-woo,"Base (formerly BaseLinker) – 300+ marketplaces, 150+ carriers & PIM & OMS & WMS in one",1.0.25,1.0.23,https://downloads.wordpress.org/plugin/baselinker-woo.1.0.25.zip,"2024-11-12 20:26:00",https://wordpress.org/plugins/baselinker-woo/,4.5.0,
betterportal-theme-embedded,"BetterPortal Theme Embedded",1.17,1.16,https://downloads.wordpress.org/plugin/betterportal-theme-embedded.1.17.zip,"2024-11-12 20:32:00",https://wordpress.org/plugins/betterportal-theme-embedded/,6.0,8.1
dn-footer-contacts,"Footer Contacts Bar",1.8,1.6.3,https://downloads.wordpress.org/plugin/dn-footer-contacts.zip,"2024-11-12 21:41:00",https://wordpress.org/plugins/dn-footer-contacts/,5.0,5.6
emails-verification-for-woocommerce,"Customer Email Verification for WooCommerce",2.9.1,2.8.10,https://downloads.wordpress.org/plugin/emails-verification-for-woocommerce.2.9.1.zip,"2024-11-12 20:31:00",https://wordpress.org/plugins/emails-verification-for-woocommerce/,4.4,
flexible-shipping-ups,"WooCommerce UPS Shipping – Live Rates and Access Points",3.2.0,3.0.0,https://downloads.wordpress.org/plugin/flexible-shipping-ups.3.2.0.zip,"2024-11-12 20:57:00",https://wordpress.org/plugins/flexible-shipping-ups/,6.4,7.4
foodle-for-democracy-poll,"Foodle Add-On for Democracy Poll",2.5.21.3.1,2.5.21.2,https://downloads.wordpress.org/plugin/foodle-for-democracy-poll.2.5.21.3.1.zip,"2024-11-12 19:41:00",https://wordpress.org/plugins/foodle-for-democracy-poll/,4.3,7.4
iworks-pwa,"PWA — easy way to Progressive Web App",1.6.5,1.6.3,https://downloads.wordpress.org/plugin/iworks-pwa.1.6.5.zip,"2024-11-12 20:28:00",https://wordpress.org/plugins/iworks-pwa/,6.0,8.0
kadence-blocks,"Gutenberg Blocks with AI by Kadence WP – Page Builder Features",3.3.4,3.3.2,https://downloads.wordpress.org/plugin/kadence-blocks.3.3.4.zip,"2024-11-12 22:18:00",https://wordpress.org/plugins/kadence-blocks/,6.3,7.4
menu-icons,"Menu Icons by ThemeIsle",0.13.16,0.13.15,https://downloads.wordpress.org/plugin/menu-icons.zip,"2024-11-12 22:24:00",https://wordpress.org/plugins/menu-icons/,4.7,
my-tickets,"My Tickets – Accessible Event Ticketing",2.0.8,2.0.7,https://downloads.wordpress.org/plugin/my-tickets.2.0.8.zip,"2024-11-12 21:56:00",https://wordpress.org/plugins/my-tickets/,4.9,7.4
optinmonster,"Popup Builder by OptinMonster – WordPress Popups for Optins, Email Newsletters and Lead Generation",2.16.9,2.16.5,https://downloads.wordpress.org/plugin/optinmonster.2.16.9.zip,"2024-11-12 21:14:00",https://wordpress.org/plugins/optinmonster/,4.7,5.3
performance-tweaks,"Performance Tweaks",0.6.6,0.6.5,https://downloads.wordpress.org/plugin/performance-tweaks.zip,"2024-11-12 21:27:00",https://wordpress.org/plugins/performance-tweaks/,5.0,7.3
popper,"Popup with exit intent, scroll triggered and anchor click for opt-ins, lead gen & more",0.8.0,0.7.9,https://downloads.wordpress.org/plugin/popper.0.8.0.zip,"2024-11-12 22:21:00",https://wordpress.org/plugins/popper/,6.6,5.6.0
post-expirator,"Schedule Post Changes With PublishPress Future: Unpublish, Delete, Change Status, Trash, Change Categories",4.1.1,4.1.0,https://downloads.wordpress.org/plugin/post-expirator.4.1.1.zip,"2024-11-12 19:50:00",https://wordpress.org/plugins/post-expirator/,6.7,7.4
power-form-7,"Power Form 7: Power Automate Connector for Contact Form 7",2.6.0,2.2.7,https://downloads.wordpress.org/plugin/power-form-7.zip,"2024-11-12 21:12:00",https://wordpress.org/plugins/power-form-7/,5.4,5.6
pretty-link,"PrettyLinks – Affiliate Links, Link Branding, Link Tracking & Marketing Plugin",3.6.11,3.6.10,https://downloads.wordpress.org/plugin/pretty-link.3.6.11.zip,"2024-11-12 19:35:00",https://wordpress.org/plugins/pretty-link/,5.1,7.4
product-specifications,"Product Specifications for Woocommerce",0.8.7,0.8.4,https://downloads.wordpress.org/plugin/product-specifications.0.8.7.zip,"2024-11-12 21:33:00",https://wordpress.org/plugins/product-specifications/,5.9,7.4
shipping-mipaquete-woocommerce,"Shipping Mipaquete Woocommerce",4.0.7,4.0.6,https://downloads.wordpress.org/plugin/shipping-mipaquete-woocommerce.4.0.7.zip,"2024-11-12 21:45:00",https://wordpress.org/plugins/shipping-mipaquete-woocommerce/,5.0,8.2
shutterpress-gallery,"Shutterpress Gallery",1.2.5,1.2.4,https://downloads.wordpress.org/plugin/shutterpress-gallery.1.2.5.zip,"2024-11-12 19:40:00",https://wordpress.org/plugins/shutterpress-gallery/,5.3,7.0
simply-schedule-appointments,"Appointment Booking Calendar — Simply Schedule Appointments Booking Plugin",1.6.7.65,1.6.7.61,https://downloads.wordpress.org/plugin/simply-schedule-appointments.1.6.7.65.zip,"2024-11-12 22:06:00",https://wordpress.org/plugins/simply-schedule-appointments/,5.1,7.4
slick-engagement,"Slickstream: Engagement and Conversions",2.0.2,2.0.1,https://downloads.wordpress.org/plugin/slick-engagement.2.0.2.zip,"2024-11-12 21:10:00",https://wordpress.org/plugins/slick-engagement/,5.2.0,7.4.0
smart-woocommerce-search,"Smart WooCommerce Search",2.11.8,2.11.7,https://downloads.wordpress.org/plugin/smart-woocommerce-search.2.11.8.zip,"2024-11-12 19:41:00",https://wordpress.org/plugins/smart-woocommerce-search/,5.9,7.0
ultimate-member,"Ultimate Member – User Profile, Registration, Login, Member Directory, Content Restriction & Membership Plugin",2.9.0,2.8.7,https://downloads.wordpress.org/plugin/ultimate-member.2.9.0.zip,"2024-11-12 20:21:00",https://wordpress.org/plugins/ultimate-member/,5.5,5.6
visibility-controls-for-editor-blocks,"Visibility Controls for Editor Blocks",1.0.8,1.0.6,https://downloads.wordpress.org/plugin/visibility-controls-for-editor-blocks.1.0.8.zip,"2024-11-12 19:43:00",https://wordpress.org/plugins/visibility-controls-for-editor-blocks/,5.0,7.2
visualizer,"Visualizer: Tables and Charts Manager for WordPress",3.11.7,3.11.6,https://downloads.wordpress.org/plugin/visualizer.zip,"2024-11-12 22:25:00",https://wordpress.org/plugins/visualizer/,5.2,7.4
vk-all-in-one-expansion-unit,"VK All in One Expansion Unit",9.100.2.1,9.99.5.1,https://downloads.wordpress.org/plugin/vk-all-in-one-expansion-unit.9.100.2.1.zip,"2024-11-12 19:32:00",https://wordpress.org/plugins/vk-all-in-one-expansion-unit/,6.3,7.4
wordpress-tooltips,"WordPress Tooltips",10.3.3,10.2.3,https://downloads.wordpress.org/plugin/wordpress-tooltips.zip,"2024-11-12 21:06:00",https://wordpress.org/plugins/wordpress-tooltips/,3.8,
wp-maintenance-mode,"LightStart – Maintenance Mode, Coming Soon and Landing Page Builder",2.6.14,2.6.13,https://downloads.wordpress.org/plugin/wp-maintenance-mode.2.6.14.zip,"2024-11-12 22:28:00",https://wordpress.org/plugins/wp-maintenance-mode/,4.7,5.6
resizeer,Resizeer,1.0,,https://downloads.wordpress.org/plugin/resizeer.1.0.zip,"2024-11-12 22:28:00",https://wordpress.org/plugins/resizeer/,5.2,7.4
admin-column-custom,"Admin Column",1.0.20,1.0.18,https://downloads.wordpress.org/plugin/admin-column-custom.1.0.20.zip,"2024-11-13 01:33:00",https://wordpress.org/plugins/admin-column-custom/,3.5,
ai-engine,"AI Engine",2.6.8,2.6.6,https://downloads.wordpress.org/plugin/ai-engine.2.6.8.zip,"2024-11-13 01:40:00",https://wordpress.org/plugins/ai-engine/,6.0,7.4
auto-robot,"Auto Robot – WP Autoblogging and RSS Feed News Aggregator",3.8.59,3.8.57,https://downloads.wordpress.org/plugin/auto-robot.zip,"2024-11-13 00:14:00",https://wordpress.org/plugins/auto-robot/,4.0,
autocomplete-google-address,"Autocomplete Google Address",2.0.3,2.0.2,https://downloads.wordpress.org/plugin/autocomplete-google-address.zip,"2024-11-13 02:46:00",https://wordpress.org/plugins/autocomplete-google-address/,5.0,5.4
bricksable,"Bricksable for Bricks Builder",1.6.65,1.6.62,https://downloads.wordpress.org/plugin/bricksable.1.6.65.zip,"2024-11-13 01:20:00",https://wordpress.org/plugins/bricksable/,5.6,7.4
cacheability,Cacheability,1.1.6,1.1.5,https://downloads.wordpress.org/plugin/cacheability.1.1.6.zip,"2024-11-13 00:00:00",https://wordpress.org/plugins/cacheability/,4.6,7.0
cloudsecure-wp-security,"CloudSecure WP Security",1.3.9,1.3.7,https://downloads.wordpress.org/plugin/cloudsecure-wp-security.1.3.9.zip,"2024-11-13 02:13:00",https://wordpress.org/plugins/cloudsecure-wp-security/,5.3.15,7.1
codepen-embed-block,"CodePen Embed Block",1.1.1,1.1.0,https://downloads.wordpress.org/plugin/codepen-embed-block.zip,"2024-11-13 00:05:00",https://wordpress.org/plugins/codepen-embed-block/,5.1,7.2
hide-titles,"Hide Titles – Simple and Easy Hide Title, Hide Page Title, Hide Post Title, Hide Page And Post Title",1.7.19,1.7.15,https://downloads.wordpress.org/plugin/hide-titles.zip,"2024-11-13 01:12:00",https://wordpress.org/plugins/hide-titles/,4.4,7.0
mxchat-basic,"MxChat – AI Chatbot for WordPress",1.4,1.3,https://downloads.wordpress.org/plugin/mxchat-basic.1.4.zip,"2024-11-13 02:46:00",https://wordpress.org/plugins/mxchat-basic/,5.0,7.2
pdf-embed,"Pdf Embed",0.5.0,0.4.9,https://downloads.wordpress.org/plugin/pdf-embed.0.5.0.zip,"2024-11-13 00:08:00",https://wordpress.org/plugins/pdf-embed/,5.6.0,5.6
plugin-load-filter,"Plugin Load Filter",4.2.0,4.1.1,https://downloads.wordpress.org/plugin/plugin-load-filter.4.2.0.zip,"2024-11-13 01:37:00",https://wordpress.org/plugins/plugin-load-filter/,5.3,7.2
post-timeline,"Post Timeline",2.3.9,2.3.8,https://downloads.wordpress.org/plugin/post-timeline.2.3.9.zip,"2024-11-13 02:03:00",https://wordpress.org/plugins/post-timeline/,4.8,
seraphinite-accelerator,"Seraphinite Accelerator",2.22.10,2.22.9,https://downloads.wordpress.org/plugin/seraphinite-accelerator.2.22.10.zip,"2024-11-13 01:04:00",https://wordpress.org/plugins/seraphinite-accelerator/,4.5,7.1
seraphinite-post-docx-source,"Seraphinite Post .DOCX Source",2.16.11,2.16.10,https://downloads.wordpress.org/plugin/seraphinite-post-docx-source.2.16.11.zip,"2024-11-13 01:21:00",https://wordpress.org/plugins/seraphinite-post-docx-source/,4.5,5.4
simple-license-key-for-woocommerce,"Simple License Key for WooCommerce",1.16,1.15,https://downloads.wordpress.org/plugin/simple-license-key-for-woocommerce.1.16.zip,"2024-11-13 00:06:00",https://wordpress.org/plugins/simple-license-key-for-woocommerce/,6.6,8.0
simple-share-follow-button,"Simple Share Follow Button",1.08,1.07,https://downloads.wordpress.org/plugin/simple-share-follow-button.1.08.zip,"2024-11-13 00:41:00",https://wordpress.org/plugins/simple-share-follow-button/,6.6,8.0
smart-prev-next,"Smart Prev Next",1.5,1.3,https://downloads.wordpress.org/plugin/smart-prev-next.1.5.zip,"2024-11-13 01:17:00",https://wordpress.org/plugins/smart-prev-next/,3.5,7.0
still-be-image-quality-control,"Image Quality Control | Still BE",1.7.2,1.7.1,https://downloads.wordpress.org/plugin/still-be-image-quality-control.zip,"2024-11-13 01:36:00",https://wordpress.org/plugins/still-be-image-quality-control/,5.3,7.2
supreme-modules-for-divi,"Supreme Modules Lite – Divi Theme, Extra Theme and Divi Builder",2.5.61,2.5.60,https://downloads.wordpress.org/plugin/supreme-modules-for-divi.2.5.61.zip,"2024-11-13 01:21:00",https://wordpress.org/plugins/supreme-modules-for-divi/,4.5,7.4
ticketmachine-event-manager,"TicketMachine Event Manager & Calendar",1.9.15,1.9.13,https://downloads.wordpress.org/plugin/ticketmachine-event-manager.zip,"2024-11-13 02:23:00",https://wordpress.org/plugins/ticketmachine-event-manager/,4.5,
transferito,"WordPress Migration Plugin – Transferito",10.6.2,10.6.1,https://downloads.wordpress.org/plugin/transferito.zip,"2024-11-13 02:39:00",https://wordpress.org/plugins/transferito/,4.7,5.6
turn-off-comments,"Turn Off Comments – Remove Comments, Hide Comment Box, Disable Comments and Stop Spam",1.6.18,1.6.14,https://downloads.wordpress.org/plugin/turn-off-comments.zip,"2024-11-13 01:13:00",https://wordpress.org/plugins/turn-off-comments/,4.4,7.0
widget-google-reviews,"Plugin for Google Reviews",4.8.1,4.8,https://downloads.wordpress.org/plugin/widget-google-reviews.4.8.1.zip,"2024-11-13 00:53:00",https://wordpress.org/plugins/widget-google-reviews/,3.0.1,
wp-expand-tabs-free,"WP Tabs – Responsive Tabs and Custom Product Tabs",2.2.7,2.2.5,https://downloads.wordpress.org/plugin/wp-expand-tabs-free.2.2.7.zip,"2024-11-13 01:19:00",https://wordpress.org/plugins/wp-expand-tabs-free/,4.7,
ws-form,"WS Form LITE – Drag & Drop Contact Form Builder for WordPress",1.9.249,1.9.245,https://downloads.wordpress.org/plugin/ws-form.1.9.249.zip,"2024-11-13 01:21:00",https://wordpress.org/plugins/ws-form/,5.3,5.6
hexabot-chat-widget,"Hexabot Chat Widget",2.0.3,,https://downloads.wordpress.org/plugin/hexabot-chat-widget.2.0.3.zip,"2024-11-13 01:45:00",https://wordpress.org/plugins/hexabot-chat-widget/,5.6,7.4
integrate-convertkit-wpforms,"Kit (formerly ConvertKit) for WPForms",1.7.8,1.7.7,https://downloads.wordpress.org/plugin/integrate-convertkit-wpforms.1.7.8.zip,"2024-11-13 03:00:00",https://wordpress.org/plugins/integrate-convertkit-wpforms/,5.0,
convertkit-for-woocommerce,"Kit (formerly ConvertKit) for WooCommerce",1.8.9,1.8.8,https://downloads.wordpress.org/plugin/convertkit-for-woocommerce.1.8.9.zip,"2024-11-13 03:51:00",https://wordpress.org/plugins/convertkit-for-woocommerce/,5.0,5.6.20
mxchat-basic,"MxChat – AI Chatbot for WordPress",1.4.1,1.4,https://downloads.wordpress.org/plugin/mxchat-basic.1.4.1.zip,"2024-11-13 04:18:00",https://wordpress.org/plugins/mxchat-basic/,5.0,7.2
accessibe,"Web Accessibility By accessiBe",1.20,1.19,https://downloads.wordpress.org/plugin/accessibe.1.20.zip,"2024-11-13 09:47:00",https://wordpress.org/plugins/accessibe/,4.7,7.0
add-to-cart-direct-checkout-for-woocommerce,"Direct checkout, Add to cart redirect, Quick purchase button, Buy now button, Quick View button for WooCommerce",2.1.73.37,2.1.73.34,https://downloads.wordpress.org/plugin/add-to-cart-direct-checkout-for-woocommerce.2.1.73.37.zip,"2024-11-13 09:48:00",https://wordpress.org/plugins/add-to-cart-direct-checkout-for-woocommerce/,3.0.1,
all-in-one-video-gallery,"All-in-One Video Gallery",3.9.0,3.8.3,https://downloads.wordpress.org/plugin/all-in-one-video-gallery.3.9.0.zip,"2024-11-13 10:22:00",https://wordpress.org/plugins/all-in-one-video-gallery/,6.3,5.6.20
amazingaffiliates,"Amazing Affiliates – Product Blocks for Amazon Associates",1.0.8,1.0.5,https://downloads.wordpress.org/plugin/amazingaffiliates.1.0.8.zip,"2024-11-13 10:24:00",https://wordpress.org/plugins/amazingaffiliates/,6.0,
antibots,"Stop and Block bots plugin Anti bots",1.24,1.23,https://downloads.wordpress.org/plugin/antibots.1.24.zip,"2024-11-13 08:47:00",https://wordpress.org/plugins/antibots/,5.3,
ar-for-wordpress,"AR for WordPress",7.1,,https://downloads.wordpress.org/plugin/ar-for-wordpress.zip,"2024-11-13 07:55:00",https://wordpress.org/plugins/ar-for-wordpress/,4.6,
article-with-pictures,文章配图,0.0.6,0.0.5,https://downloads.wordpress.org/plugin/article-with-pictures.0.0.6.zip,"2024-11-13 07:59:00",https://wordpress.org/plugins/article-with-pictures/,5.0,5.3
author-box-for-divi,"Author Box WP Lens",2.0.2,2.0.1,https://downloads.wordpress.org/plugin/author-box-for-divi.2.0.2.zip,"2024-11-13 10:20:00",https://wordpress.org/plugins/author-box-for-divi/,3.0,5.2.4
block-for-woo-product-table,"Gutenberg Block for WooCommerce Product Table",1.0.11,1.0.10,https://downloads.wordpress.org/plugin/block-for-woo-product-table.1.0.11.zip,"2024-11-13 09:40:00",https://wordpress.org/plugins/block-for-woo-product-table/,6.1.0,7.4
boxberry,"Интеграция со службой доставки Boxberry",2.23,2.21,https://downloads.wordpress.org/plugin/boxberry.2.23.zip,"2024-11-13 07:47:00",https://wordpress.org/plugins/boxberry/,4.9,5.4
bp-toolkit,"Block, Suspend, Report for BuddyPress",3.6.2,3.6.1,https://downloads.wordpress.org/plugin/bp-toolkit.zip,"2024-11-13 09:58:00",https://wordpress.org/plugins/bp-toolkit/,4.6,7.0
bubo-insights,"Bubo Insights – Easy Website Traffic Analytics Plug in for WP",1.0.13,1.0.11,https://downloads.wordpress.org/plugin/bubo-insights.1.0.13.zip,"2024-11-13 10:27:00",https://wordpress.org/plugins/bubo-insights/,6.0.0,
checkout-countdown-for-woocommerce,"Checkout Countdown for WooCommerce – Boost Conversions & Reduce Cart Abandonment",4.0.1,4.0.0,https://downloads.wordpress.org/plugin/checkout-countdown-for-woocommerce.zip,"2024-11-13 09:00:00",https://wordpress.org/plugins/checkout-countdown-for-woocommerce/,5.0,7.4
cm-business-directory,"CM Business Directory Plugin – Business Listing Directory",1.4.1,1.4.0,https://downloads.wordpress.org/plugin/cm-business-directory.zip,"2024-11-13 08:11:00",https://wordpress.org/plugins/cm-business-directory/,5.4.0,5.2.4
comfino-payment-gateway,"Comfino Payment Gateway",4.1.0,3.4.0,https://downloads.wordpress.org/plugin/comfino-payment-gateway.4.1.0.zip,"2024-11-13 08:01:00",https://wordpress.org/plugins/comfino-payment-gateway/,5.0,7.1
content-hiding,隐藏内容,0.0.4,0.0.3,https://downloads.wordpress.org/plugin/content-hiding.0.0.4.zip,"2024-11-13 08:14:00",https://wordpress.org/plugins/content-hiding/,5.0,5.3
content-views-query-and-display-post-page,"Content Views – Post Grid & Filter, Recent Posts, Category Posts … (Shortcode, Blocks, and Elementor Widgets)",4.0.1,4.0,https://downloads.wordpress.org/plugin/content-views-query-and-display-post-page.4.0.1.zip,"2024-11-13 09:02:00",https://wordpress.org/plugins/content-views-query-and-display-post-page/,3.3,5.6
cost-calculator-builder,"Cost Calculator Builder",3.2.42,3.2.38,https://downloads.wordpress.org/plugin/cost-calculator-builder.3.2.42.zip,"2024-11-13 10:05:00",https://wordpress.org/plugins/cost-calculator-builder/,4.6,5.6
cozy-addons,"Cozy Blocks – Page Builder for Gutenberg & Site Editor, Post Blocks, WooCommerce Blocks, Magazine Blocks, WordPress Gutenberg Blocks, Patterns and Templates Library",2.0.22,2.0.21,https://downloads.wordpress.org/plugin/cozy-addons.2.0.22.zip,"2024-11-13 10:09:00",https://wordpress.org/plugins/cozy-addons/,5.8,7.3
delicious-recipes,"WP Delicious – Recipe Plugin for Food Bloggers (formerly Delicious Recipes)",1.7.5,1.7.4,https://downloads.wordpress.org/plugin/delicious-recipes.1.7.5.zip,"2024-11-13 07:51:00",https://wordpress.org/plugins/delicious-recipes/,5.1,7.4
disco,"Disco – Dynamic Discount Plugin for WooCommerce",1.1.10,1.1.5,https://downloads.wordpress.org/plugin/disco.1.1.10.zip,"2024-11-13 09:29:00",https://wordpress.org/plugins/disco/,4.4,5.6
donorbox-donation-form,"Donorbox – Free Recurring Donation Plugin and Fundraising Platform",7.1.11,7.1.10,https://downloads.wordpress.org/plugin/donorbox-donation-form.7.1.11.zip,"2024-11-13 10:16:00",https://wordpress.org/plugins/donorbox-donation-form/,3.0,
doofinder-for-woocommerce,"DOOFINDER Search and Discovery for WP & WooCommerce",2.5.15,2.5.11,https://downloads.wordpress.org/plugin/doofinder-for-woocommerce.2.5.15.zip,"2024-11-13 10:24:00",https://wordpress.org/plugins/doofinder-for-woocommerce/,5.6,7.0
double-title,双标题,0.0.6,0.0.5,https://downloads.wordpress.org/plugin/double-title.0.0.6.zip,"2024-11-13 08:04:00",https://wordpress.org/plugins/double-title/,5.0,5.3
easynewsletter,EasyNewsletter,3.1.5,3.0.13,https://downloads.wordpress.org/plugin/easynewsletter.3.1.5.zip,"2024-11-13 09:45:00",https://wordpress.org/plugins/easynewsletter/,6.0,8.0
elegance-menu,"Elegance Menu",1.5,1.3,https://downloads.wordpress.org/plugin/elegance-menu.1.5.zip,"2024-11-13 10:00:00",https://wordpress.org/plugins/elegance-menu/,5.0,
email-subscribers,"Email Subscribers by Icegram Express – Affordable, Powerful Email Marketing for WordPress & WooCommerce",5.7.43,5.7.38,https://downloads.wordpress.org/plugin/email-subscribers.5.7.43.zip,"2024-11-13 09:26:00",https://wordpress.org/plugins/email-subscribers/,3.9,7.0
etranslation-multilingual,"WEB-T – eTranslation Multilingual",2.0.4,2.0.3,https://downloads.wordpress.org/plugin/etranslation-multilingual.2.0.4.zip,"2024-11-13 08:08:00",https://wordpress.org/plugins/etranslation-multilingual/,3.1.0,5.6.20
flexible-subscriptions,"Flexible Subscriptions",1.2.2,1.2.1,https://downloads.wordpress.org/plugin/flexible-subscriptions.1.2.2.zip,"2024-11-13 07:45:00",https://wordpress.org/plugins/flexible-subscriptions/,6.3,7.4
ggpush,果果推送,0.0.7,0.0.6,https://downloads.wordpress.org/plugin/ggpush.0.0.7.zip,"2024-11-13 07:42:00",https://wordpress.org/plugins/ggpush/,5.3,7.0
give-as-you-live,"Give as you Live",1.0.14,1.0.13,https://downloads.wordpress.org/plugin/give-as-you-live.1.0.14.zip,"2024-11-13 10:30:00",https://wordpress.org/plugins/give-as-you-live/,3.0,5.4
gumlet,"Gumlet – Image optimization with Resize, Compression, Lazy load, Caching & CDN delivery",1.3.16,1.3.13,https://downloads.wordpress.org/plugin/gumlet.1.3.16.zip,"2024-11-13 09:13:00",https://wordpress.org/plugins/gumlet/,3.3,5.6.3
gutendraw,"GutenDraw – Visualize Ideas with Excalidraw",1.2.5,1.2.3,https://downloads.wordpress.org/plugin/gutendraw.1.2.5.zip,"2024-11-13 08:27:00",https://wordpress.org/plugins/gutendraw/,5.0,7.4
helpcrunch-live-chat,"HelpCrunch – Live Chat, Chatbot & Knowledge Base for Customer Service",2.0.7,2.0.6,https://downloads.wordpress.org/plugin/helpcrunch-live-chat.2.0.7.zip,"2024-11-13 09:29:00",https://wordpress.org/plugins/helpcrunch-live-chat/,3.6,
imagify,"Imagify – Optimize Images & Convert WebP & AVIF | Compress Images Easily",2.2.3.2,2.2.2,https://downloads.wordpress.org/plugin/imagify.2.2.3.2.zip,"2024-11-13 10:14:00",https://wordpress.org/plugins/imagify/,5.3,7.3
knit-pay,"Knit Pay",8.89.1.2,8.89.1.0,https://downloads.wordpress.org/plugin/knit-pay.8.89.1.2.zip,"2024-11-13 07:53:00",https://wordpress.org/plugins/knit-pay/,6.4,8.0
linguise,"Linguise – Automatic multilingual translation",2.0.27,2.0.26,https://downloads.wordpress.org/plugin/linguise.2.0.27.zip,"2024-11-13 08:07:00",https://wordpress.org/plugins/linguise/,4.0,7.0
mappps,Mappps,1.1.2,1.1.1,https://downloads.wordpress.org/plugin/mappps.1.1.2.zip,"2024-11-13 09:46:00",https://wordpress.org/plugins/mappps/,6.2,8.0
martins-free-and-easy-ad-network-get-more-visitors,"Martins Free Ad Exchange Network – Get more website visitors",1.0.4,1.0.3,https://downloads.wordpress.org/plugin/martins-free-and-easy-ad-network-get-more-visitors.1.0.4.zip,"2024-11-13 08:21:00",https://wordpress.org/plugins/martins-free-and-easy-ad-network-get-more-visitors/,5.0,5.6
montonio-for-woocommerce,"Montonio for WooCommerce",7.1.3,7.1.2,https://downloads.wordpress.org/plugin/montonio-for-woocommerce.7.1.3.zip,"2024-11-13 09:28:00",https://wordpress.org/plugins/montonio-for-woocommerce/,5.0,7.0
object-data-sync-for-salesforce,"Integrate Salesforce Objects with E-Commerce, CPT, Forms and more",1.2.5,1.2.4,https://downloads.wordpress.org/plugin/object-data-sync-for-salesforce.1.2.5.zip,"2024-11-13 10:16:00",https://wordpress.org/plugins/object-data-sync-for-salesforce/,5.5,7.0
ocean-posts-slider,"Ocean Posts Slider",2.0.8,2.0.7,https://downloads.wordpress.org/plugin/ocean-posts-slider.2.0.8.zip,"2024-11-13 10:08:00",https://wordpress.org/plugins/ocean-posts-slider/,5.6,7.4
paymob-for-woocommerce,"Paymob for WooCommerce",2.0.4,2.0.3,https://downloads.wordpress.org/plugin/paymob-for-woocommerce.2.0.4.zip,"2024-11-13 09:59:00",https://wordpress.org/plugins/paymob-for-woocommerce/,5.0,7.0
performance-for-everyone,"WP-performance for everyone – boost page speed & performance",2.0.2,2.0.1,https://downloads.wordpress.org/plugin/performance-for-everyone.2.0.2.zip,"2024-11-13 10:01:00",https://wordpress.org/plugins/performance-for-everyone/,6.0,7.4
plugin-logic,"Plugin Logic",1.1.1,1.1.0,https://downloads.wordpress.org/plugin/plugin-logic.1.1.1.zip,"2024-11-13 09:40:00",https://wordpress.org/plugins/plugin-logic/,6.2.0,
product-configurator-for-woocommerce,"Product Configurator for WooCommerce",1.3.8,1.3.6,https://downloads.wordpress.org/plugin/product-configurator-for-woocommerce.1.3.8.zip,"2024-11-13 09:33:00",https://wordpress.org/plugins/product-configurator-for-woocommerce/,5.9,7.4
publishpress-statuses,"PublishPress Statuses – Custom Post Status and Workflow",1.0.8,1.0.7,https://downloads.wordpress.org/plugin/publishpress-statuses.1.0.8.zip,"2024-11-13 10:18:00",https://wordpress.org/plugins/publishpress-statuses/,5.5,7.2.5
remove-social-id,"Remove Social ID for WP",1.2,1.1,https://downloads.wordpress.org/plugin/remove-social-id.1.2.zip,"2024-11-13 09:36:00",https://wordpress.org/plugins/remove-social-id/,6.0,5.6
revisionary,"PublishPress Revisions: Duplicate Posts, Submit, Approve and Schedule Content Changes",3.5.15,3.5.14,https://downloads.wordpress.org/plugin/revisionary.3.5.15.zip,"2024-11-13 10:16:00",https://wordpress.org/plugins/revisionary/,5.5,7.2.5
sales-page-addon,"Sales Page Addon – Elementor & Beaver Builder",1.4.4,,https://downloads.wordpress.org/plugin/sales-page-addon.1.4.4.zip,"2024-11-13 10:32:00",https://wordpress.org/plugins/sales-page-addon/,6.3,7.4
searchpro,"BerqWP – Automated All-In-One PageSpeed Optimization for Core Web Vitals, Cache, CDN, Images, CSS, and JavaScript",2.1.8,2.1.4,https://downloads.wordpress.org/plugin/searchpro.2.1.8.zip,"2024-11-13 09:22:00",https://wordpress.org/plugins/searchpro/,5.3,7.4
seo-by-rank-math,"Rank Math SEO – AI SEO Tools to Dominate SEO Rankings",1.0.232,1.0.230,https://downloads.wordpress.org/plugin/seo-by-rank-math.1.0.232.zip,"2024-11-13 09:22:00",https://wordpress.org/plugins/seo-by-rank-math/,6.3,7.4
simple-google-icalendar-widget,"Simple Google Calendar Outlook Events Block Widget",2.5.0,2.4.4,https://downloads.wordpress.org/plugin/simple-google-icalendar-widget.2.5.0.zip,"2024-11-13 07:52:00",https://wordpress.org/plugins/simple-google-icalendar-widget/,5.3,7.4
simple-top-bar,"Simple top bar",1.4.7,1.4.6,https://downloads.wordpress.org/plugin/simple-top-bar.zip,"2024-11-13 08:38:00",https://wordpress.org/plugins/simple-top-bar/,3.8,7.2
simply-static,"Simply Static – The WordPress Static Site Generator",3.2.4,3.2.1,https://downloads.wordpress.org/plugin/simply-static.3.2.4.zip,"2024-11-13 10:11:00",https://wordpress.org/plugins/simply-static/,6.3,7.4
simplybook,"SimplyBook.me – Online Booking System",2.2,2.1,https://downloads.wordpress.org/plugin/simplybook.2.2.zip,"2024-11-13 08:58:00",https://wordpress.org/plugins/simplybook/,6.0,7.4
social-icons-widget-by-wpzoom,"Social Icons Widget & Block by WPZOOM",4.3.2,4.3.1,https://downloads.wordpress.org/plugin/social-icons-widget-by-wpzoom.4.3.2.zip,"2024-11-13 08:43:00",https://wordpress.org/plugins/social-icons-widget-by-wpzoom/,5.8,7.4
solar-wizard-lite,"Solar Wizard Lite",1.2.2,1.2.1,https://downloads.wordpress.org/plugin/solar-wizard-lite.1.2.2.zip,"2024-11-13 10:32:00",https://wordpress.org/plugins/solar-wizard-lite/,4.7,7.3
spam-master,"Spam Master",7.4.9,7.4.8,https://downloads.wordpress.org/plugin/spam-master.7.4.9.zip,"2024-11-13 09:18:00",https://wordpress.org/plugins/spam-master/,5.0,
sticky-chat-widget,"Sticky Chat Widget: Chat Icons, Contact form, Email, SMS, Call Button, Click to Chat, Social Chat Widget, Sticky Chat Buttons",1.3.4,1.3.1,https://downloads.wordpress.org/plugin/sticky-chat-widget.1.3.4.zip,"2024-11-13 07:37:00",https://wordpress.org/plugins/sticky-chat-widget/,5.0,5.4
stops-core-theme-and-plugin-updates,"Easy Updates Manager",9.0.19,9.0.18,https://downloads.wordpress.org/plugin/stops-core-theme-and-plugin-updates.9.0.19.zip,"2024-11-13 09:59:00",https://wordpress.org/plugins/stops-core-theme-and-plugin-updates/,5.1,5.6
suretriggers,"SureTriggers: All-in-One WordPress Automation",1.0.65,1.0.60,https://downloads.wordpress.org/plugin/suretriggers.1.0.65.zip,"2024-11-13 09:42:00",https://wordpress.org/plugins/suretriggers/,5.4,5.6
teams-publisher,"Teams PUBLISHER",1.1.4,1.1.2,https://downloads.wordpress.org/plugin/teams-publisher.1.1.4.zip,"2024-11-13 10:19:00",https://wordpress.org/plugins/teams-publisher/,6.3,8.1
termageddon-usercentrics,"Termageddon + Usercentrics",1.5.2,1.5.1,https://downloads.wordpress.org/plugin/termageddon-usercentrics.zip,"2024-11-13 07:55:00",https://wordpress.org/plugins/termageddon-usercentrics/,3.0.1,
tripzzy,"Tripzzy – Best Travel Engine Plugin for WordPress",1.1.8,1.1.6,https://downloads.wordpress.org/plugin/tripzzy.1.1.8.zip,"2024-11-13 08:46:00",https://wordpress.org/plugins/tripzzy/,5.8,7.4
verofy-payment-gateway,"Verofy Payment Gateway",1.7,1.6.3,https://downloads.wordpress.org/plugin/verofy-payment-gateway.1.7.zip,"2024-11-13 10:11:00",https://wordpress.org/plugins/verofy-payment-gateway/,6.7,7.4
wc-key-manager,"WC Key Manager – Effortlessly sell license keys, game keys, pin codes, gift cards, and more with WooCommerce",1.1.2,1.1.0,https://downloads.wordpress.org/plugin/wc-key-manager.1.1.2.zip,"2024-11-13 09:39:00",https://wordpress.org/plugins/wc-key-manager/,5.0,8.0
webflow-pages,"Webflow Pages",1.1.1,1.1.0,https://downloads.wordpress.org/plugin/webflow-pages.1.1.1.zip,"2024-11-13 09:22:00",https://wordpress.org/plugins/webflow-pages/,6.0.0,7.3
wigwag,WigWag,1.2.1,1.1.14,https://downloads.wordpress.org/plugin/wigwag.1.2.1.zip,"2024-11-13 09:28:00",https://wordpress.org/plugins/wigwag/,6.5,8.0
woocommerce-jetpack,"Booster for WooCommerce",7.2.4,7.2.3,https://downloads.wordpress.org/plugin/woocommerce-jetpack.7.2.4.zip,"2024-11-13 07:43:00",https://wordpress.org/plugins/woocommerce-jetpack/,5.8,7.2
wpzoom-elementor-addons,"WPZOOM Addons for Elementor (Templates, Widgets)",1.1.42,1.1.41,https://downloads.wordpress.org/plugin/wpzoom-elementor-addons.1.1.42.zip,"2024-11-13 08:37:00",https://wordpress.org/plugins/wpzoom-elementor-addons/,5.2,7.4
yith-color-and-label-variations-for-woocommerce,"YITH Color and Label Variations for WooCommerce",2.13.0,2.12.0,https://downloads.wordpress.org/plugin/yith-color-and-label-variations-for-woocommerce.2.13.0.zip,"2024-11-13 09:31:00",https://wordpress.org/plugins/yith-color-and-label-variations-for-woocommerce/,6.5,7.4
apoyl-aliyunvideo,[凹凸曼]直传阿里云视频点播,1.0.0,,https://downloads.wordpress.org/plugin/apoyl-aliyunvideo.zip,"2024-11-13 08:16:00",https://wordpress.org/plugins/apoyl-aliyunvideo/,6.0,7.4
clickio-consent,"Clickio Consent",1.0.8,,https://downloads.wordpress.org/plugin/clickio-consent.1.0.8.zip,"2024-11-13 09:44:00",https://wordpress.org/plugins/clickio-consent/,1.0,7.0
inx-all-backup,"inx All Backup",1.0.2,,https://downloads.wordpress.org/plugin/inx-all-backup.1.0.2.zip,"2024-11-13 08:51:00",https://wordpress.org/plugins/inx-all-backup/,6.2,7.4
pay-with-connectips,"Pay with ConnectIPS",1.0.0,,https://downloads.wordpress.org/plugin/pay-with-connectips.zip,"2024-11-13 08:32:00",https://wordpress.org/plugins/pay-with-connectips/,6.1,7.0
clickio-consent,"Clickio Consent",1.0.11,1.0.8,https://downloads.wordpress.org/plugin/clickio-consent.1.0.11.zip,"2024-11-13 10:49:00",https://wordpress.org/plugins/clickio-consent/,1.0,7.0
direct-payments-for-woocommerce,"Direct Payments for WooCommerce",1.0.3,1.0.2,https://downloads.wordpress.org/plugin/direct-payments-for-woocommerce.1.0.3.zip,"2024-11-13 10:59:00",https://wordpress.org/plugins/direct-payments-for-woocommerce/,5.0,7.0
pay-with-connectips,"Pay with ConnectIPS",1.0.1,1.0.0,https://downloads.wordpress.org/plugin/pay-with-connectips.1.0.1.zip,"2024-11-13 10:54:00",https://wordpress.org/plugins/pay-with-connectips/,6.1,7.0
3dprint-lite,"3DPrint Lite",2.1,2.0.9.9,https://downloads.wordpress.org/plugin/3dprint-lite.2.1.zip,"2024-11-13 14:55:00",https://wordpress.org/plugins/3dprint-lite/,3.5,
adscout,"AdScout Integration",2.2.7,2.2.3,https://downloads.wordpress.org/plugin/adscout.2.2.7.zip,"2024-11-13 15:06:00",https://wordpress.org/plugins/adscout/,4.7,7.4
advanced-columns-block,"Advanced Columns Block: Layout builder",1.4.0,1.3.0,https://downloads.wordpress.org/plugin/advanced-columns-block.1.4.0.zip,"2024-11-13 14:41:00",https://wordpress.org/plugins/advanced-columns-block/,6.4,7.4
advanced-sidebar-menu,"Advanced Sidebar Menu",9.6.2,9.6.1,https://downloads.wordpress.org/plugin/advanced-sidebar-menu.9.6.2.zip,"2024-11-13 16:25:00",https://wordpress.org/plugins/advanced-sidebar-menu/,6.2.0,7.4.0
automatic-hx-menu,"Automatic Hx Menu",2.7.4,2.7.3,https://downloads.wordpress.org/plugin/automatic-hx-menu.zip,"2024-11-13 15:02:00",https://wordpress.org/plugins/automatic-hx-menu/,4.7.4,
aweber-web-form-widget,"AWeber – Free Sign Up Form and Landing Page Builder Plugin for Lead Generation and Email Newsletter Growth",7.3.20,7.3.19,https://downloads.wordpress.org/plugin/aweber-web-form-widget.7.3.20.zip,"2024-11-13 15:35:00",https://wordpress.org/plugins/aweber-web-form-widget/,4.7,5.6
better-messages-wc-vendors-integration,"Better Messages – Integration for WC Vendors Marketplace",1.0.11,1.0.9,https://downloads.wordpress.org/plugin/better-messages-wc-vendors-integration.zip,"2024-11-13 14:47:00",https://wordpress.org/plugins/better-messages-wc-vendors-integration/,4.0,
calculated-fields-form,"Calculated Fields Form",5.2.55,5.2.54,https://downloads.wordpress.org/plugin/calculated-fields-form.5.2.55.zip,"2024-11-13 16:08:00",https://wordpress.org/plugins/calculated-fields-form/,3.0.5,
capability-manager-enhanced,"PublishPress Capabilities – User Role Editor, Access Permissions, Admin Menus",2.15.0,2.13.0,https://downloads.wordpress.org/plugin/capability-manager-enhanced.2.15.0.zip,"2024-11-13 17:24:00",https://wordpress.org/plugins/capability-manager-enhanced/,5.5,7.2.5
cartflows,"WooCommerce Checkout & Funnel Builder by CartFlows – Create High Converting Stores For WooCommerce",2.1.2,2.1.0,https://downloads.wordpress.org/plugin/cartflows.2.1.2.zip,"2024-11-13 16:37:00",https://wordpress.org/plugins/cartflows/,5.8,7.2
coder-block,"Coder Block",1.0.9,1.0.8,https://downloads.wordpress.org/plugin/coder-block.1.0.9.zip,"2024-11-13 15:01:00",https://wordpress.org/plugins/coder-block/,5.6,7.0
contest-gallery,"Photos, Files, YouTube, Twitter, Instagram, TikTok, Ecommerce Contest Gallery – Upload, Vote, Sell via PayPal, Social Share Buttons",24.0.5,24.0.2,https://downloads.wordpress.org/plugin/contest-gallery.24.0.5.zip,"2024-11-13 16:25:00",https://wordpress.org/plugins/contest-gallery/,5.6,
corepayments-payment-gateway,"CoreGateway Payment Gateway",1.2.1,1.1.8,https://downloads.wordpress.org/plugin/corepayments-payment-gateway.1.2.1.zip,"2024-11-13 16:37:00",https://wordpress.org/plugins/corepayments-payment-gateway/,6.4.3,7.4
divinationkit-for-divi,"DiviNationKit for Divi",1.0.7,1.0.6,https://downloads.wordpress.org/plugin/divinationkit-for-divi.1.0.7.zip,"2024-11-13 14:35:00",https://wordpress.org/plugins/divinationkit-for-divi/,5.0,7.0
dropshipping-xml-for-woocommerce,"Dropshipping XML for WooCommerce",1.6.2,1.6.1,https://downloads.wordpress.org/plugin/dropshipping-xml-for-woocommerce.1.6.2.zip,"2024-11-13 16:35:00",https://wordpress.org/plugins/dropshipping-xml-for-woocommerce/,6.4,7.4
duplicator,"Duplicator – Backups & Migration Plugin – Cloud Backups, Scheduled Backups, & More",1.5.11.2,1.5.11.1,https://downloads.wordpress.org/plugin/duplicator.1.5.11.2.zip,"2024-11-13 16:11:00",https://wordpress.org/plugins/duplicator/,4.9,5.6.20
easy-map,"Easy Map – To add Map via Leaflet",1.4.4,1.4.2,https://downloads.wordpress.org/plugin/easy-map.1.4.4.zip,"2024-11-13 15:00:00",https://wordpress.org/plugins/easy-map/,4.6,5.6
enhanced-e-commerce-for-woocommerce-store,"Google Analytics 4 (GA4), Google Ads, Meta Pixel, GTM & Multiple Pixels for Woocommerce & WordPress",7.1.9,7.1.7,https://downloads.wordpress.org/plugin/enhanced-e-commerce-for-woocommerce-store.7.1.9.zip,"2024-11-13 14:49:00",https://wordpress.org/plugins/enhanced-e-commerce-for-woocommerce-store/,4.6,5.6
eupago-gateway-for-woocommerce,"Eupago Gateway For Woocommerce",4.2.3,4.2.0,https://downloads.wordpress.org/plugin/eupago-gateway-for-woocommerce.4.2.3.zip,"2024-11-13 14:39:00",https://wordpress.org/plugins/eupago-gateway-for-woocommerce/,4.4,7.0
export-wp-users-xml-csv,"Export Users for WordPress",1.0.1,1.0.0,https://downloads.wordpress.org/plugin/export-wp-users-xml-csv.1.0.1.zip,"2024-11-13 16:15:00",https://wordpress.org/plugins/export-wp-users-xml-csv/,5.2,7.0
fapi-member,"FAPI Member",2.2.4,2.2.3,https://downloads.wordpress.org/plugin/fapi-member.2.2.4.zip,"2024-11-13 15:44:00",https://wordpress.org/plugins/fapi-member/,5.9,8.1
flexible-product-fields,"Flexible Product Fields (WooCommerce Product Addons) – WooCommerce Product Page Editor",2.5.2,2.4.6,https://downloads.wordpress.org/plugin/flexible-product-fields.2.5.2.zip,"2024-11-13 16:30:00",https://wordpress.org/plugins/flexible-product-fields/,6.4,7.4
flexible-quantity-measurement-price-calculator-for-woocommerce,"Flexible Quantity – Measurement Price Calculator for WooCommerce",2.1.6,2.1.5,https://downloads.wordpress.org/plugin/flexible-quantity-measurement-price-calculator-for-woocommerce.2.1.6.zip,"2024-11-13 16:36:00",https://wordpress.org/plugins/flexible-quantity-measurement-price-calculator-for-woocommerce/,6.4,7.4
flexible-refund-and-return-order-for-woocommerce,"Flexible Refund and Return Order for WooCommerce",1.0.26,1.0.22,https://downloads.wordpress.org/plugin/flexible-refund-and-return-order-for-woocommerce.1.0.26.zip,"2024-11-13 16:41:00",https://wordpress.org/plugins/flexible-refund-and-return-order-for-woocommerce/,6.4,7.4
formgent,"FormGent – Next Generation AI Form Builder in WordPress",0.1.1,0.0.6,https://downloads.wordpress.org/plugin/formgent.0.1.1.zip,"2024-11-13 16:51:00",https://wordpress.org/plugins/formgent/,6.6,7.4
formidable,"Formidable Forms – Contact Form Plugin, Survey, Quiz, Payment, Calculator Form & Custom Form Builder",6.16.1,6.14.1,https://downloads.wordpress.org/plugin/formidable.6.16.1.2.zip,"2024-11-13 16:04:00",https://wordpress.org/plugins/formidable/,5.2,7.0
google-analytics-for-wordpress,"MonsterInsights – Google Analytics Dashboard for WordPress (Website Stats Made Easy)",9.2.2,9.2.0,https://downloads.wordpress.org/plugin/google-analytics-for-wordpress.9.2.2.zip,"2024-11-13 14:32:00",https://wordpress.org/plugins/google-analytics-for-wordpress/,5.6.0,7.2
greenshift-animation-and-page-builder-blocks,"Greenshift – animation and page builder blocks",9.9.9.2,9.9.9.1,https://downloads.wordpress.org/plugin/greenshift-animation-and-page-builder-blocks.9.9.9.2.zip,"2024-11-13 17:00:00",https://wordpress.org/plugins/greenshift-animation-and-page-builder-blocks/,6.6,7.0
gutendraw,"GutenDraw – Visualize Ideas with Excalidraw",1.3.0,1.2.5,https://downloads.wordpress.org/plugin/gutendraw.1.3.0.zip,"2024-11-13 15:57:00",https://wordpress.org/plugins/gutendraw/,5.0,7.4
hide-admin-bar-from-non-admins,"Hide Admin Bar from Non-Admins",1.0.2,1.0.1,https://downloads.wordpress.org/plugin/hide-admin-bar-from-non-admins.1.0.2.zip,"2024-11-13 16:59:00",https://wordpress.org/plugins/hide-admin-bar-from-non-admins/,5.2,
html-api-debugger,"HTML API Debugger",2.2,1.9,https://downloads.wordpress.org/plugin/html-api-debugger.2.2.zip,"2024-11-13 16:26:00",https://wordpress.org/plugins/html-api-debugger/,6.7,
insert-headers-and-footers,"WPCode – Insert Headers and Footers + Custom Code Snippets – WordPress Code Manager",2.2.3.1,2.2.3,https://downloads.wordpress.org/plugin/insert-headers-and-footers.2.2.3.1.zip,"2024-11-13 15:24:00",https://wordpress.org/plugins/insert-headers-and-footers/,4.6,5.5
jamp-notes,"JAMP Notes (Just Another Memo Plugin)",1.5.2,1.5.1,https://downloads.wordpress.org/plugin/jamp-notes.1.5.2.zip,"2024-11-13 16:15:00",https://wordpress.org/plugins/jamp-notes/,4.9,5.6
manager-for-icomoon,"Manager for Icomoon",2.3.6,2.3.4,https://downloads.wordpress.org/plugin/manager-for-icomoon.zip,"2024-11-13 14:46:00",https://wordpress.org/plugins/manager-for-icomoon/,4.7.4,
multisite-language-switcher,"Multisite Language Switcher",2.9.4,2.9.2,https://downloads.wordpress.org/plugin/multisite-language-switcher.2.9.4.zip,"2024-11-13 15:00:00",https://wordpress.org/plugins/multisite-language-switcher/,6.1,7.4
neuron-posts,"Neuron Expert",1.0.9.14,1.0.9.13,https://downloads.wordpress.org/plugin/neuron-posts.zip,"2024-11-13 17:22:00",https://wordpress.org/plugins/neuron-posts/,5.2,7.2
nex-button,NexButton,1.0.1,1.0.0,https://downloads.wordpress.org/plugin/nex-button.1.0.1.zip,"2024-11-13 15:37:00",https://wordpress.org/plugins/nex-button/,5.0,7.2
nhrrob-options-table-manager,"NHR Options Table Manager",1.1.1,1.1.0,https://downloads.wordpress.org/plugin/nhrrob-options-table-manager.1.1.1.zip,"2024-11-13 14:37:00",https://wordpress.org/plugins/nhrrob-options-table-manager/,6.0,7.4
obituary-assistant-by-funeral-home-website-solutions,"Obituary Assistant",7.3.1,7.2.2,https://downloads.wordpress.org/plugin/obituary-assistant-by-funeral-home-website-solutions.zip,"2024-11-13 14:54:00",https://wordpress.org/plugins/obituary-assistant-by-funeral-home-website-solutions/,4.1,7.0
payerurl-crypto-currency-payment-gateway-for-woocommerce,"ABC Crypto Checkout",1.5.4,1.5.3,https://downloads.wordpress.org/plugin/payerurl-crypto-currency-payment-gateway-for-woocommerce.1.5.4.zip,"2024-11-13 17:14:00",https://wordpress.org/plugins/payerurl-crypto-currency-payment-gateway-for-woocommerce/,5.0,7.0
petfinder-listings,"List Petfinder Pets",1.1.5,1.1,https://downloads.wordpress.org/plugin/petfinder-listings.1.1.5.zip,"2024-11-13 17:00:00",https://wordpress.org/plugins/petfinder-listings/,3.0,
plethora-tabs-accordions,"Plethora Plugins Tabs + Accordions",1.1.5,1.1.2,https://downloads.wordpress.org/plugin/plethora-tabs-accordions.1.1.5.zip,"2024-11-13 16:13:00",https://wordpress.org/plugins/plethora-tabs-accordions/,5.9,7.0
premium-addons-for-elementor,"Premium Addons for Elementor",4.10.63,4.10.62,https://downloads.wordpress.org/plugin/premium-addons-for-elementor.4.10.63.zip,"2024-11-13 14:33:00",https://wordpress.org/plugins/premium-addons-for-elementor/,5.0,7.0
premium-blocks-for-gutenberg,"Premium Blocks – Gutenberg Blocks for WordPress",2.1.41,2.1.36,https://downloads.wordpress.org/plugin/premium-blocks-for-gutenberg.2.1.41.zip,"2024-11-13 17:20:00",https://wordpress.org/plugins/premium-blocks-for-gutenberg/,5.0,7.0
primer-mydata,"Primer MyData for Woocommerce",4.2.0,4.1.9,https://downloads.wordpress.org/plugin/primer-mydata.4.2.0.zip,"2024-11-13 15:51:00",https://wordpress.org/plugins/primer-mydata/,5.3,7.4
prosopo-procaptcha,"Prosopo Procaptcha",1.7.0,1.6.0,https://downloads.wordpress.org/plugin/prosopo-procaptcha.1.7.0.zip,"2024-11-13 15:31:00",https://wordpress.org/plugins/prosopo-procaptcha/,5.5,7.4
safelayout-elegant-icons,"Safelayout Elegant Icons – WordPress icons",1.1.6,1.1.3,https://downloads.wordpress.org/plugin/safelayout-elegant-icons.1.1.6.zip,"2024-11-13 16:32:00",https://wordpress.org/plugins/safelayout-elegant-icons/,6.2,7.0
siiimple,Siiimple,3.1.4,3.1.1,https://downloads.wordpress.org/plugin/siiimple.zip,"2024-11-13 16:54:00",https://wordpress.org/plugins/siiimple/,4.0,
stylish-price-list,"Stylish Price List – Price Table Builder & QR Code Restaurant Menu",7.1.12,7.1.10,https://downloads.wordpress.org/plugin/stylish-price-list.7.1.12.zip,"2024-11-13 15:14:00",https://wordpress.org/plugins/stylish-price-list/,4.0,5.6
sunshine-photo-cart,"Sunshine Photo Cart: Free Client Photo Galleries for Photographers",3.4.2,3.4.1,https://downloads.wordpress.org/plugin/sunshine-photo-cart.3.4.2.zip,"2024-11-13 17:27:00",https://wordpress.org/plugins/sunshine-photo-cart/,5.5,7.4
users-login-monitor,"Users Login Monitor",5.18.2,4.16,https://downloads.wordpress.org/plugin/users-login-monitor.zip,"2024-11-13 17:02:00",https://wordpress.org/plugins/users-login-monitor/,4.1,5.4
woo-bulk-price-update,"Bulk Price Update for Woocommerce",2.2.9,,https://downloads.wordpress.org/plugin/woo-bulk-price-update.2.2.9.zip,"2024-11-13 14:32:00",https://wordpress.org/plugins/woo-bulk-price-update/,6.3,7.4
woo-multicaixa,"Payment Multicaixa (ProxyPay gateway) for WooCommerce",3.0,2.2,https://downloads.wordpress.org/plugin/woo-multicaixa.3.0.zip,"2024-11-13 15:29:00",https://wordpress.org/plugins/woo-multicaixa/,5.4,7.0
woocommerce-pdf-invoices-italian-add-on,"WooCommerce PDF Invoices Italian Add-on",0.7.6.1,0.7.4,https://downloads.wordpress.org/plugin/woocommerce-pdf-invoices-italian-add-on.0.7.6.1.zip,"2024-11-13 14:35:00",https://wordpress.org/plugins/woocommerce-pdf-invoices-italian-add-on/,4.4,8.0
wp-facebook-reviews,"WP Review Slider",13.8,13.7,https://downloads.wordpress.org/plugin/wp-facebook-reviews.13.8.zip,"2024-11-13 17:24:00",https://wordpress.org/plugins/wp-facebook-reviews/,3.0.1,
wp-tripadvisor-review-slider,"WP TripAdvisor Review Slider",13.3,13.2,https://downloads.wordpress.org/plugin/wp-tripadvisor-review-slider.13.3.zip,"2024-11-13 17:25:00",https://wordpress.org/plugins/wp-tripadvisor-review-slider/,3.0.1,
wp-yelp-review-slider,"WP Yelp Review Slider",8.1,7.9,https://downloads.wordpress.org/plugin/wp-yelp-review-slider.8.1.zip,"2024-11-13 17:26:00",https://wordpress.org/plugins/wp-yelp-review-slider/,3.0.1,
wprunway-for-divi,"WPRunway for Divi",1.1.1,1.1.0,https://downloads.wordpress.org/plugin/wprunway-for-divi.zip,"2024-11-13 16:38:00",https://wordpress.org/plugins/wprunway-for-divi/,5.0,7.0
zoloblocks,"ZoloBlocks – Gutenberg Blocks, Page Builder, Gutenberg Templates & Patterns for Gutenberg Editor",2.1.0,1.5.0,https://downloads.wordpress.org/plugin/zoloblocks.zip,"2024-11-13 17:21:00",https://wordpress.org/plugins/zoloblocks/,6.1,7.4
discounts-by-user-role,"Discount Based On User Role – Discount Rules For Woocommerce",1.0.0,,https://downloads.wordpress.org/plugin/discounts-by-user-role.1.0.0.zip,"2024-11-13 17:13:00",https://wordpress.org/plugins/discounts-by-user-role/,4.7,7.0
easey-ai,"Easey AI",0.1,,https://downloads.wordpress.org/plugin/easey-ai.zip,"2024-11-13 15:28:00",https://wordpress.org/plugins/easey-ai/,6.6,8.3
globaliser,Globaliser,0.9.0,,https://downloads.wordpress.org/plugin/globaliser.0.9.0.zip,"2024-11-13 16:50:00",https://wordpress.org/plugins/globaliser/,4.6,8.1
pensopay-payments-v2,"pensopay Payments v2",1.0.0,,https://downloads.wordpress.org/plugin/pensopay-payments-v2.1.0.0.zip,"2024-11-13 14:30:00",https://wordpress.org/plugins/pensopay-payments-v2/,4.0.0,
redirect-to-latest-post,"Redirect to Latest Post",1.0,,https://downloads.wordpress.org/plugin/redirect-to-latest-post.1.0.zip,"2024-11-13 15:57:00",https://wordpress.org/plugins/redirect-to-latest-post/,5.0,
tradejournal,"TradeJournal WP",1.0.5,,https://downloads.wordpress.org/plugin/tradejournal.1.0.5.zip,"2024-11-13 17:24:00",https://wordpress.org/plugins/tradejournal/,5.0,7.0
neuron-posts,"Neuron Expert",1.0.9.17,1.0.9.14,https://downloads.wordpress.org/plugin/neuron-posts.zip,"2024-11-13 17:57:00",https://wordpress.org/plugins/neuron-posts/,5.2,7.2
amplitude,"Amplitude – Analytics, Session Replay, A/B testing and CDP for your website",0.2.2,0.2.0,https://downloads.wordpress.org/plugin/amplitude.0.2.2.zip,"2024-11-13 23:40:00",https://wordpress.org/plugins/amplitude/,5.2,5.6
cart-rest-api-for-woocommerce,"CoCart – Decoupling Made Easy for WooCommerce",4.3.9,4.3.6,https://downloads.wordpress.org/plugin/cart-rest-api-for-woocommerce.4.3.9.zip,"2024-11-13 23:48:00",https://wordpress.org/plugins/cart-rest-api-for-woocommerce/,5.6,7.4
child-pages-card,"Child Pages Card",2.04,2.03,https://downloads.wordpress.org/plugin/child-pages-card.2.04.zip,"2024-11-14 00:08:00",https://wordpress.org/plugins/child-pages-card/,6.6,8.0
connections,"Connections Business Directory",10.4.66,10.4.65,https://downloads.wordpress.org/plugin/connections.10.4.66.zip,"2024-11-13 23:34:00",https://wordpress.org/plugins/connections/,5.8,7.0
countdown-to-force-logout,"Countdown to force logout",1.08,1.07,https://downloads.wordpress.org/plugin/countdown-to-force-logout.1.08.zip,"2024-11-13 23:43:00",https://wordpress.org/plugins/countdown-to-force-logout/,6.6,8.0
customer-reviews-woocommerce,"Customer Reviews for WooCommerce",5.62.0,5.60.2,https://downloads.wordpress.org/plugin/customer-reviews-woocommerce.5.62.0.zip,"2024-11-14 01:18:00",https://wordpress.org/plugins/customer-reviews-woocommerce/,4.5,7.2
disable-generate-thumbnails,"Disable Generate Thumbnails",2.19,2.18,https://downloads.wordpress.org/plugin/disable-generate-thumbnails.2.19.zip,"2024-11-13 23:48:00",https://wordpress.org/plugins/disable-generate-thumbnails/,6.6,8.0
essential-real-estate,"Essential Real Estate",5.1.5,5.0.8,https://downloads.wordpress.org/plugin/essential-real-estate.zip,"2024-11-14 01:34:00",https://wordpress.org/plugins/essential-real-estate/,4.5,
fixed-bottom-menu,"Fixed Bottom Menu",2.12,2.10,https://downloads.wordpress.org/plugin/fixed-bottom-menu.2.12.zip,"2024-11-14 00:56:00",https://wordpress.org/plugins/fixed-bottom-menu/,6.6,8.0
gspeech,"GSpeech TTS – WordPress Text To Speech Plugin",3.8.10,3.8.7,https://downloads.wordpress.org/plugin/gspeech.3.8.10.zip,"2024-11-13 23:07:00",https://wordpress.org/plugins/gspeech/,3.5,
hyakunin-isshu-admin-bar,"Hyakunin Isshu Admin Bar",1.16,1.15,https://downloads.wordpress.org/plugin/hyakunin-isshu-admin-bar.1.16.zip,"2024-11-14 01:16:00",https://wordpress.org/plugins/hyakunin-isshu-admin-bar/,6.6,8.0
inx-all-backup,"inx All Backup",1.0.3,1.0.2,https://downloads.wordpress.org/plugin/inx-all-backup.1.0.3.zip,"2024-11-13 23:23:00",https://wordpress.org/plugins/inx-all-backup/,6.2,7.4
meacodes-accessibility-tools,"Meacodes Accessibility Tools",1.0.6,1.0.5,https://downloads.wordpress.org/plugin/meacodes-accessibility-tools.1.0.6.zip,"2024-11-13 23:10:00",https://wordpress.org/plugins/meacodes-accessibility-tools/,4.0,5.4
media-cleaner,"Media Cleaner: Clean your WordPress!",6.8.2,6.8.1,https://downloads.wordpress.org/plugin/media-cleaner.6.8.2.zip,"2024-11-13 23:45:00",https://wordpress.org/plugins/media-cleaner/,6.0,7.4
onvo-pay,"ONVO Pay",0.18.0,0.17.1,https://downloads.wordpress.org/plugin/onvo-pay.0.18.0.zip,"2024-11-13 23:30:00",https://wordpress.org/plugins/onvo-pay/,6.2,7.4
pdf-invoice-japan-for-woocommerce,"PDF Invoice Japan for WooCommerce",2.10,2.09,https://downloads.wordpress.org/plugin/pdf-invoice-japan-for-woocommerce.2.10.zip,"2024-11-14 01:43:00",https://wordpress.org/plugins/pdf-invoice-japan-for-woocommerce/,6.6,8.0
rezgo,"Rezgo Online Booking",4.14.1,4.13.1,https://downloads.wordpress.org/plugin/rezgo.4.14.1.zip,"2024-11-14 00:00:00",https://wordpress.org/plugins/rezgo/,3.3.0,5.2
s2member,"s2Member – Excellent for All Kinds of Memberships, Content Restriction Paywalls & Member Access Subscriptions",241114,240325,https://downloads.wordpress.org/plugin/s2member.241114.zip,"2024-11-14 00:10:00",https://wordpress.org/plugins/s2member/,4.2,5.6.2
ultimate-addons-for-gutenberg,"Spectra – WordPress Gutenberg Blocks",2.16.4,2.16.3,https://downloads.wordpress.org/plugin/ultimate-addons-for-gutenberg.2.16.4.zip,"2024-11-13 22:57:00",https://wordpress.org/plugins/ultimate-addons-for-gutenberg/,5.6,7.4
vision6-forms,"Vision6 Forms",1.0.8,1.0.7,https://downloads.wordpress.org/plugin/vision6-forms.1.0.8.zip,"2024-11-13 22:57:00",https://wordpress.org/plugins/vision6-forms/,5.4,7.2
wp-easycart,"Shopping Cart & eCommerce Store",5.7.7,5.7.6,https://downloads.wordpress.org/plugin/wp-easycart.5.7.7.zip,"2024-11-13 23:26:00",https://wordpress.org/plugins/wp-easycart/,,
wplingua,"wpLingua – Automatic translation – Translate and make website multilingual",2.1.1,2.1.0,https://downloads.wordpress.org/plugin/wplingua.2.1.1.zip,"2024-11-14 01:35:00",https://wordpress.org/plugins/wplingua/,6.0,7.4
ar-menu-icons,"AR Menu Icons",1.0.1,,https://downloads.wordpress.org/plugin/ar-menu-icons.1.0.1.zip,"2024-11-14 01:48:00",https://wordpress.org/plugins/ar-menu-icons/,5.0,
adsimple-cookie-manager-for-wp,"Cookie Banner Plugin for WordPress – Consent Manager by AdSimple (DSGVO/GDPR)",2.0.16,2.0.13,https://downloads.wordpress.org/plugin/adsimple-cookie-manager-for-wp.2.0.16.zip,"2024-11-14 08:27:00",https://wordpress.org/plugins/adsimple-cookie-manager-for-wp/,4.2.0,5.4
advanced-partial-payment-or-deposit-for-woocommerce,"Deposit & Partial Payment Solution for WooCommerce – WpDepositly | MagePeople",3.0.6,3.0.4,https://downloads.wordpress.org/plugin/advanced-partial-payment-or-deposit-for-woocommerce.zip,"2024-11-14 08:02:00",https://wordpress.org/plugins/advanced-partial-payment-or-deposit-for-woocommerce/,5.3,7.0
am-lottieplayer,"AM LottiePlayer",3.4.0,3.3.10,https://downloads.wordpress.org/plugin/am-lottieplayer.3.4.0.zip,"2024-11-14 08:04:00",https://wordpress.org/plugins/am-lottieplayer/,5.9,7.0
ar-for-wordpress,"AR for WordPress",7.2,7.1,https://downloads.wordpress.org/plugin/ar-for-wordpress.zip,"2024-11-14 05:51:00",https://wordpress.org/plugins/ar-for-wordpress/,4.6,
auto-robot,"Auto Robot – WP Autoblogging and RSS Feed News Aggregator",3.8.60,3.8.59,https://downloads.wordpress.org/plugin/auto-robot.zip,"2024-11-14 07:21:00",https://wordpress.org/plugins/auto-robot/,4.0,
awesome-widgets,"Awesome Widgets for Elementor",1.1,1.0.1,https://downloads.wordpress.org/plugin/awesome-widgets.1.1.zip,"2024-11-14 08:26:00",https://wordpress.org/plugins/awesome-widgets/,6.0,7.4
ays-popup-box,"Popup Box – Create Countdown, Coupon, Video, Contact Form Popups",4.9.8,4.9.6,https://downloads.wordpress.org/plugin/ays-popup-box.4.9.8.zip,"2024-11-14 06:52:00",https://wordpress.org/plugins/ays-popup-box/,4.0,
b-accordion,"B Accordion – Add Horizontal / Vertical Accordion in WordPress",1.0.4,1.0.3,https://downloads.wordpress.org/plugin/b-accordion.1.0.4.zip,"2024-11-14 06:50:00",https://wordpress.org/plugins/b-accordion/,6.2,7.1
bdthemes-prime-slider-lite,"Prime Slider – Addons For Elementor (Revolution of a slider, Hero Slider, Ecommerce Slider)",3.15.20,3.15.18,https://downloads.wordpress.org/plugin/bdthemes-prime-slider-lite.3.15.20.zip,"2024-11-14 06:18:00",https://wordpress.org/plugins/bdthemes-prime-slider-lite/,5.0.0,7.4.0
better-payment,"Better Payment – Instant Payments Through PayPal & Stripe",1.2.3,1.2.0,https://downloads.wordpress.org/plugin/better-payment.1.2.3.zip,"2024-11-14 07:36:00",https://wordpress.org/plugins/better-payment/,6.0,7.4
bonus-for-woo,"Bonus for Woo",6.5.1,6.5.0,https://downloads.wordpress.org/plugin/bonus-for-woo.6.5.1.zip,"2024-11-14 07:56:00",https://wordpress.org/plugins/bonus-for-woo/,5.0,7.4
booqable-rental-reservations,"Booqable Rental Plugin",2.4.20,2.4.18,https://downloads.wordpress.org/plugin/booqable-rental-reservations.zip,"2024-11-14 08:20:00",https://wordpress.org/plugins/booqable-rental-reservations/,2.0,
chart-builder,"Chartify – WordPress Chart Plugin",2.9.8,2.9.5,https://downloads.wordpress.org/plugin/chart-builder.2.9.8.zip,"2024-11-14 06:58:00",https://wordpress.org/plugins/chart-builder/,5.0,7.0
clone-page-or-post,"Clone Page Or Post Plugin for WordPress",2.0.0,1.0.0,https://downloads.wordpress.org/plugin/clone-page-or-post.1.0.0.zip,"2024-11-14 06:28:00",https://wordpress.org/plugins/clone-page-or-post/,6.3,7.4
custom-fields-snapshots,"Custom Fields Snapshots",1.2.1,1.1.1,https://downloads.wordpress.org/plugin/custom-fields-snapshots.1.2.1.zip,"2024-11-14 06:49:00",https://wordpress.org/plugins/custom-fields-snapshots/,6.0,7.4
display-post-types,"Display Post Types – Post Grid, post list and post sliders",2.8.2,2.8.1,https://downloads.wordpress.org/plugin/display-post-types.2.8.2.zip,"2024-11-14 08:26:00",https://wordpress.org/plugins/display-post-types/,5.4,7.2
easy-form,"Easy Form by AYS – Form Builder Plugin for WordPress",2.5.5,2.5.3,https://downloads.wordpress.org/plugin/easy-form.2.5.5.zip,"2024-11-14 07:02:00",https://wordpress.org/plugins/easy-form/,5.0,7.0
easyjobs,"easy.jobs- Best Recruitment Plugin for Job Board Listing, Manager, Career Page for Elementor & Gutenberg",2.5.5,2.5.3,https://downloads.wordpress.org/plugin/easyjobs.2.5.5.zip,"2024-11-14 07:29:00",https://wordpress.org/plugins/easyjobs/,5.0,5.6
echo-rewards,"Refer a Friend for WooCommerce to Launch Your Customer Referral Program – EchoRewards Referral Plugin",2.1.1,2.0,https://downloads.wordpress.org/plugin/echo-rewards.2.1.1.zip,"2024-11-14 07:17:00",https://wordpress.org/plugins/echo-rewards/,5.0,5.4
ecommerce-companion,"eCommerce Companion",8.1.27,8.1.22,https://downloads.wordpress.org/plugin/ecommerce-companion.8.1.27.zip,"2024-11-14 07:25:00",https://wordpress.org/plugins/ecommerce-companion/,6.0,5.6
edd-helpscout,"Help Scout integration for Easy Digital Downloads",2.4.0,2.3.0,https://downloads.wordpress.org/plugin/edd-helpscout.2.4.0.zip,"2024-11-14 08:14:00",https://wordpress.org/plugins/edd-helpscout/,6.0,7.4
essential-blocks,"Essential Blocks – Page Builder Gutenberg Blocks, Patterns & Templates",5.0.9,5.0.8,https://downloads.wordpress.org/plugin/essential-blocks.5.0.9.zip,"2024-11-14 06:35:00",https://wordpress.org/plugins/essential-blocks/,5.8,7.4
exportfeed-for-woocommerce-product-to-etsy,"WooCommerce Etsy Integration",6.4.2,6.4.0,https://downloads.wordpress.org/plugin/exportfeed-for-woocommerce-product-to-etsy.zip,"2024-11-14 06:30:00",https://wordpress.org/plugins/exportfeed-for-woocommerce-product-to-etsy/,5.8.0,5.4
google-listings-and-ads,"Google for WooCommerce",2.8.7,2.8.5,https://downloads.wordpress.org/plugin/google-listings-and-ads.2.8.7.zip,"2024-11-14 07:03:00",https://wordpress.org/plugins/google-listings-and-ads/,5.9,7.4
hostinger,"Hostinger Tools",3.0.19,3.0.17,https://downloads.wordpress.org/plugin/hostinger.3.0.19.zip,"2024-11-14 07:48:00",https://wordpress.org/plugins/hostinger/,5.5,8.0
icegram,"Icegram Engage – Ultimate WP Popup Builder, Lead Generation, Optins, and CTA",3.1.31,3.1.28,https://downloads.wordpress.org/plugin/icegram.3.1.31.zip,"2024-11-14 06:09:00",https://wordpress.org/plugins/icegram/,3.9,
image-source-control-isc,"Image Source Control Lite – Show Image Credits and Captions",2.29.0,2.28.1,https://downloads.wordpress.org/plugin/image-source-control-isc.2.29.0.zip,"2024-11-14 07:57:00",https://wordpress.org/plugins/image-source-control-isc/,6.0,7.4
lead-form-builder,"Responsive Contact Form Builder & Lead Generation Plugin",1.9.8,1.9.5,https://downloads.wordpress.org/plugin/lead-form-builder.zip,"2024-11-14 06:34:00",https://wordpress.org/plugins/lead-form-builder/,5.5,
manager-for-icomoon,"Manager for Icomoon",2.3.7,2.3.6,https://downloads.wordpress.org/plugin/manager-for-icomoon.zip,"2024-11-14 07:08:00",https://wordpress.org/plugins/manager-for-icomoon/,4.7.4,
motors-car-dealership-classified-listings,"Motors – Car Dealer, Classifieds & Listing",1.4.36,1.4.30,https://downloads.wordpress.org/plugin/motors-car-dealership-classified-listings.1.4.36.zip,"2024-11-14 07:04:00",https://wordpress.org/plugins/motors-car-dealership-classified-listings/,4.6,
mycred,"myCred – Loyalty Points and Rewards plugin for WordPress and WooCommerce – Give Points, Ranks, Badges, Cashback, WooCommerce rewards, and WooCommerce credits for Gamification",2.7.5.1,2.7.4,https://downloads.wordpress.org/plugin/mycred.2.7.5.1.zip,"2024-11-14 07:09:00",https://wordpress.org/plugins/mycred/,4.8,7.0
nmedia-user-file-uploader,"Frontend File Manager Plugin",23.1,23.0,https://downloads.wordpress.org/plugin/nmedia-user-file-uploader.23.1.zip,"2024-11-14 07:46:00",https://wordpress.org/plugins/nmedia-user-file-uploader/,3.5,
pdf-invoice-packing-slip-generator-lite-for-woocommerce,"PDF Invoice & Packing Slip Generator Lite For WooCommerce",1.3.1,1.3.0,https://downloads.wordpress.org/plugin/pdf-invoice-packing-slip-generator-lite-for-woocommerce.1.3.1.zip,"2024-11-14 08:02:00",https://wordpress.org/plugins/pdf-invoice-packing-slip-generator-lite-for-woocommerce/,3.0.1,
points-and-rewards-for-woocommerce,"Points and Rewards for WooCommerce – Create Loyalty Programs, Reward Customer Purchases, Point Rewards, Referral Points, Reward for Points, User Badges, and Gamification",2.5.2,2.5.0,https://downloads.wordpress.org/plugin/points-and-rewards-for-woocommerce.2.5.2.zip,"2024-11-14 08:02:00",https://wordpress.org/plugins/points-and-rewards-for-woocommerce/,5.5.0,7.4
post-types-order,"Post Types Order",2.3.3,2.3,https://downloads.wordpress.org/plugin/post-types-order.2.3.3.zip,"2024-11-14 07:43:00",https://wordpress.org/plugins/post-types-order/,2.8,5.6
price-sync-for-emag,"Price Sync for eMAG",1.5.4,1.5.3,https://downloads.wordpress.org/plugin/price-sync-for-emag.1.5.4.zip,"2024-11-14 07:21:00",https://wordpress.org/plugins/price-sync-for-emag/,4.7,5.6
ry-woocommerce-tools,"RY Tools for WooCommerce",3.4.20,3.4.19,https://downloads.wordpress.org/plugin/ry-woocommerce-tools.3.4.20.zip,"2024-11-14 08:28:00",https://wordpress.org/plugins/ry-woocommerce-tools/,6.3,8.0
shopbuilder,"ShopBuilder – Elementor WooCommerce Builder Addons",2.4.1,2.4.0,https://downloads.wordpress.org/plugin/shopbuilder.2.4.1.zip,"2024-11-14 07:47:00",https://wordpress.org/plugins/shopbuilder/,5.5,7.4
simple-user-avatar,"Simple User Avatar",4.7,4.5,https://downloads.wordpress.org/plugin/simple-user-avatar.4.7.zip,"2024-11-14 08:17:00",https://wordpress.org/plugins/simple-user-avatar/,4.0,7.3
stackable-ultimate-gutenberg-blocks,"Stackable – Page Builder Gutenberg Blocks",3.13.11,3.13.6,https://downloads.wordpress.org/plugin/stackable-ultimate-gutenberg-blocks.3.13.11.zip,"2024-11-14 08:16:00",https://wordpress.org/plugins/stackable-ultimate-gutenberg-blocks/,6.4,7.3
uicore-animate,"UiCore Animate – Free Animations, Transitions, and Interactions Addon for Elementor & Gutenberg blocks",2.0.3,1.0.11,https://downloads.wordpress.org/plugin/uicore-animate.2.0.3.zip,"2024-11-14 07:37:00",https://wordpress.org/plugins/uicore-animate/,4.6,7.4
ultimate-portfolio,"Ultimate Portfolio – Filter Gallery, Slider & Blog Post",1.1.1,1.1.0,https://downloads.wordpress.org/plugin/ultimate-portfolio.1.1.1.zip,"2024-11-14 07:34:00",https://wordpress.org/plugins/ultimate-portfolio/,5.8,7.0
ultimate-security-for-woocommerce,"Ultimate Security For WooCommerce: IP Restriction, Password Policy and More",1.0.3,1.0.1,https://downloads.wordpress.org/plugin/ultimate-security-for-woocommerce.1.0.3.zip,"2024-11-14 07:17:00",https://wordpress.org/plugins/ultimate-security-for-woocommerce/,5.4,7.0
urlslab,URLsLab,2.130.10,2.130.9,https://downloads.wordpress.org/plugin/urlslab.2.130.10.zip,"2024-11-14 06:31:00",https://wordpress.org/plugins/urlslab/,6.0,7.4
vk-all-in-one-expansion-unit,"VK All in One Expansion Unit",9.100.5.0,9.100.2.1,https://downloads.wordpress.org/plugin/vk-all-in-one-expansion-unit.9.100.5.0.zip,"2024-11-14 06:35:00",https://wordpress.org/plugins/vk-all-in-one-expansion-unit/,6.3,7.4
webinar-and-video-conference-with-jitsi-meet,"Webinar and Video Conference with Jitsi Meet – Create Branded Webinars for WordPress, Meetings & Livestreaming",2.6.16,2.6.14,https://downloads.wordpress.org/plugin/webinar-and-video-conference-with-jitsi-meet.2.6.16.zip,"2024-11-14 07:06:00",https://wordpress.org/plugins/webinar-and-video-conference-with-jitsi-meet/,5.2,5.4
wemail,"weMail – Email Marketing, Lead Generation, Optin Forms, Email Newsletters, A/B Testing, and Automation",1.14.8,1.14.7,https://downloads.wordpress.org/plugin/wemail.1.14.8.zip,"2024-11-14 07:01:00",https://wordpress.org/plugins/wemail/,4.0,5.4
woo-checkout-field-editor-pro,"Checkout Field Editor (Checkout Manager) for WooCommerce",2.0.5,2.0.4,https://downloads.wordpress.org/plugin/woo-checkout-field-editor-pro.2.0.5.zip,"2024-11-14 07:26:00",https://wordpress.org/plugins/woo-checkout-field-editor-pro/,4.9,5.6
woo-product-bundle,"WPC Product Bundles for WooCommerce",8.1.4,8.1.1,https://downloads.wordpress.org/plugin/woo-product-bundle.8.1.4.zip,"2024-11-14 07:34:00",https://wordpress.org/plugins/woo-product-bundle/,4.0,
woocommerce-google-analytics-integration,"Google Analytics for WooCommerce",2.1.8,2.1.7,https://downloads.wordpress.org/plugin/woocommerce-google-analytics-integration.2.1.8.zip,"2024-11-14 06:44:00",https://wordpress.org/plugins/woocommerce-google-analytics-integration/,6.2,
wp-carousel-free,"Carousel, Slider, Gallery by WP Carousel – Image Carousel with Lightbox & Photo Gallery, Video Slider, Post Carousel & Post Grid, Product Carousel & Product Grid",2.7.1,2.7.0,https://downloads.wordpress.org/plugin/wp-carousel-free.2.7.1.zip,"2024-11-14 08:04:00",https://wordpress.org/plugins/wp-carousel-free/,5.0,
wp-screenshot,"WP Screenshot",1.7,1.5,https://downloads.wordpress.org/plugin/wp-screenshot.1.7.zip,"2024-11-14 06:54:00",https://wordpress.org/plugins/wp-screenshot/,2.5,
wp-time-capsule,"Backup and Staging by WP Time Capsule",1.22.23,1.22.21,https://downloads.wordpress.org/plugin/wp-time-capsule.1.22.23.zip,"2024-11-14 07:54:00",https://wordpress.org/plugins/wp-time-capsule/,3.9.14,
zip-code-based-product-price,"Zip Code Based Product Price for WooCommerce",1.0.5,1.0.4,https://downloads.wordpress.org/plugin/zip-code-based-product-price.1.0.5.zip,"2024-11-14 06:17:00",https://wordpress.org/plugins/zip-code-based-product-price/,4.7,7.4
embed-pdf-by-smallpdf,"Embed PDF with Smallpdf",1.0.0,,https://downloads.wordpress.org/plugin/embed-pdf-by-smallpdf.zip,"2024-11-14 07:40:00",https://wordpress.org/plugins/embed-pdf-by-smallpdf/,6.5,7.4
hotwire-native,"Hotwire Native",1.0.0,,https://downloads.wordpress.org/plugin/hotwire-native.1.0.0.zip,"2024-11-14 08:05:00",https://wordpress.org/plugins/hotwire-native/,6.5,7.4
link-publishers,"Link Publishers",1.0,,https://downloads.wordpress.org/plugin/link-publishers.1.0.0.zip,"2024-11-14 06:24:00",https://wordpress.org/plugins/link-publishers/,,
location-share-on-checkout-by-prismasell,"Location Share on Checkout by Prismasell",1.0.0,,https://downloads.wordpress.org/plugin/location-share-on-checkout-by-prismasell.1.0.0.zip,"2024-11-14 08:16:00",https://wordpress.org/plugins/location-share-on-checkout-by-prismasell/,5.0,7.0
popup-made-simple,"Popup made simple",1.0.0,,https://downloads.wordpress.org/plugin/popup-made-simple.1.0.0.zip,"2024-11-14 07:23:00",https://wordpress.org/plugins/popup-made-simple/,6.7,8.3
simple-chat-bot,"Simple Chat Bot",1.0,,https://downloads.wordpress.org/plugin/simple-chat-bot.1.0.zip,"2024-11-14 07:40:00",https://wordpress.org/plugins/simple-chat-bot/,5.0,7.0
ultimate-sticky-notes,"Ultimate Sticky Notes",1.0.0,,https://downloads.wordpress.org/plugin/ultimate-sticky-notes.1.0.0.zip,"2024-11-14 07:31:00",https://wordpress.org/plugins/ultimate-sticky-notes/,5.0,7.4
awesome-widgets,"Awesome Widgets for Elementor",1.3,1.1,https://downloads.wordpress.org/plugin/awesome-widgets.1.1.zip,"2024-11-14 10:09:00",https://wordpress.org/plugins/awesome-widgets/,6.0,7.4
8pay-payment-gateway,"8Pay Payment Gateway",1.1.6,1.1.5,https://downloads.wordpress.org/plugin/8pay-payment-gateway.zip,"2024-11-14 12:37:00",https://wordpress.org/plugins/8pay-payment-gateway/,6.7,5.6
ablocks,"aBlocks – WordPress Gutenberg Blocks",1.4.0,1.3.1,https://downloads.wordpress.org/plugin/ablocks.1.4.0.zip,"2024-11-14 14:29:00",https://wordpress.org/plugins/ablocks/,6.3,7.4
all-in-one-seo-pack,"All in One SEO – Powerful SEO Plugin to Boost SEO Rankings & Increase Traffic",4.7.5,4.7.1.1,https://downloads.wordpress.org/plugin/all-in-one-seo-pack.4.7.5.zip,"2024-11-14 14:20:00",https://wordpress.org/plugins/all-in-one-seo-pack/,5.3,7.0
avacy,"Avacy CMP",1.0.9,1.0.7,https://downloads.wordpress.org/plugin/avacy.1.0.7.zip,"2024-11-14 14:02:00",https://wordpress.org/plugins/avacy/,5.3,
booking-activities,"Booking Activities",1.16.23,1.16.21,https://downloads.wordpress.org/plugin/booking-activities.zip,"2024-11-14 15:29:00",https://wordpress.org/plugins/booking-activities/,4.1,5.6
bookly-responsive-appointment-booking-tool,"WordPress Online Booking and Scheduling Plugin – Bookly",24.4,24.2,https://downloads.wordpress.org/plugin/bookly-responsive-appointment-booking-tool.24.4.zip,"2024-11-14 12:59:00",https://wordpress.org/plugins/bookly-responsive-appointment-booking-tool/,3.7,5.3.7
button-block,"Button Block – Get fully customizable & multi-functional buttons",1.1.5,1.1.4,https://downloads.wordpress.org/plugin/button-block.1.1.5.zip,"2024-11-14 15:00:00",https://wordpress.org/plugins/button-block/,6.2,7.1
chatbot,"AI ChatBot for WordPress – WPBot",5.9.8,5.9.4,https://downloads.wordpress.org/plugin/chatbot.5.9.8.zip,"2024-11-14 13:40:00",https://wordpress.org/plugins/chatbot/,4.6,5.6
clever-fox,"Clever Fox",26.2.50,26.2.45,https://downloads.wordpress.org/plugin/clever-fox.26.2.50.zip,"2024-11-14 13:40:00",https://wordpress.org/plugins/clever-fox/,6.0,5.6
conditional-fields-for-elementor-form,"Conditional Fields for Elementor Form – Display Conditions",1.3.4,1.3.2,https://downloads.wordpress.org/plugin/conditional-fields-for-elementor-form.1.3.4.zip,"2024-11-14 12:33:00",https://wordpress.org/plugins/conditional-fields-for-elementor-form/,5.0,7.2
content-protector,"Passster – Password Protect Pages and Content",4.2.7,4.2.6.6,https://downloads.wordpress.org/plugin/content-protector.4.2.7.zip,"2024-11-14 13:57:00",https://wordpress.org/plugins/content-protector/,6.5,7.2
cyke-logistics,"Cyke Logistics",1.1.3,1.1.2,https://downloads.wordpress.org/plugin/cyke-logistics.1.1.3.zip,"2024-11-14 14:20:00",https://wordpress.org/plugins/cyke-logistics/,5.0,7.0
deposits-for-woocommerce,"Deposits & Partial Payments for WooCommerce – Bayna",1.3.2,1.3.1,https://downloads.wordpress.org/plugin/deposits-for-woocommerce.1.3.2.zip,"2024-11-14 13:15:00",https://wordpress.org/plugins/deposits-for-woocommerce/,5.5,7.4
developry-google-fonts,"Web Fonts Loader",1.4.5,1.4.3,https://downloads.wordpress.org/plugin/developry-google-fonts.zip,"2024-11-14 13:47:00",https://wordpress.org/plugins/developry-google-fonts/,5.0,7.2
easyling,"Easyling | Website Translation Technology",2.0,1.9,https://downloads.wordpress.org/plugin/easyling.2.0.zip,"2024-11-14 14:55:00",https://wordpress.org/plugins/easyling/,4.7,7.0
edd-quaderno,"EDD Quaderno",1.37.7,1.37.5,https://downloads.wordpress.org/plugin/edd-quaderno.1.37.7.zip,"2024-11-14 14:55:00",https://wordpress.org/plugins/edd-quaderno/,4.6,
falang,"Falang multilanguage for WordPress",1.3.57,1.3.56,https://downloads.wordpress.org/plugin/falang.1.3.57.zip,"2024-11-14 13:18:00",https://wordpress.org/plugins/falang/,4.7,5.6
featured-image-plus,"Featured Image Plus",1.5.6,1.5.4,https://downloads.wordpress.org/plugin/featured-image-plus.zip,"2024-11-14 13:47:00",https://wordpress.org/plugins/featured-image-plus/,5.0,7.2
fluid-checkout,"Fluid Checkout for WooCommerce – Lite",3.2.6,3.2.5,https://downloads.wordpress.org/plugin/fluid-checkout.3.2.6.zip,"2024-11-14 12:48:00",https://wordpress.org/plugins/fluid-checkout/,5.0,7.4
fv-player,"FV Player 8",8.0.10,8.0.9,https://downloads.wordpress.org/plugin/fv-player.zip,"2024-11-14 14:13:00",https://wordpress.org/plugins/fv-player/,5.7,5.6
get-a-quote-button-for-woocommerce,"Request a Quote for WooCommerce and Elementor – Get a Quote Button – Product Enquiry Form Popup – Product Quotation",1.4,1.3.8,https://downloads.wordpress.org/plugin/get-a-quote-button-for-woocommerce.1.4.zip,"2024-11-14 14:11:00",https://wordpress.org/plugins/get-a-quote-button-for-woocommerce/,5.0,
getwid,"Getwid – Gutenberg Blocks",2.0.13,2.0.11,https://downloads.wordpress.org/plugin/getwid.2.0.13.zip,"2024-11-14 15:11:00",https://wordpress.org/plugins/getwid/,5.8,5.6
gspeech,"GSpeech TTS – WordPress Text To Speech Plugin",3.8.11,3.8.10,https://downloads.wordpress.org/plugin/gspeech.3.8.11.zip,"2024-11-14 13:30:00",https://wordpress.org/plugins/gspeech/,3.5,
if-so,"If-So Dynamic Content Personalization",1.9.2.2,1.9,https://downloads.wordpress.org/plugin/if-so.1.9.2.2.zip,"2024-11-14 13:16:00",https://wordpress.org/plugins/if-so/,4.0.1,
image-alt-text,"Image Alt Text",3.0.0,2.0.0,https://downloads.wordpress.org/plugin/image-alt-text.3.0.0.zip,"2024-11-14 13:48:00",https://wordpress.org/plugins/image-alt-text/,5.3,7.4
imagemagick-engine,"ImageMagick Engine",1.7.13,1.7.12,https://downloads.wordpress.org/plugin/imagemagick-engine.1.7.13.zip,"2024-11-14 12:39:00",https://wordpress.org/plugins/imagemagick-engine/,3.0,
integrate-asana-with-gravity-forms,"Integrate Asana with Gravity Forms",1.5.3,1.5.0,https://downloads.wordpress.org/plugin/integrate-asana-with-gravity-forms.1.5.3.zip,"2024-11-14 15:13:00",https://wordpress.org/plugins/integrate-asana-with-gravity-forms/,,
jobboardwp,"JobBoardWP – Job Board Listings and Submissions",1.3.0,1.2.8,https://downloads.wordpress.org/plugin/jobboardwp.1.3.0.zip,"2024-11-14 13:23:00",https://wordpress.org/plugins/jobboardwp/,5.5,5.6
montonio-for-woocommerce,"Montonio for WooCommerce",7.1.4,7.1.3,https://downloads.wordpress.org/plugin/montonio-for-woocommerce.7.1.4.zip,"2024-11-14 14:40:00",https://wordpress.org/plugins/montonio-for-woocommerce/,5.0,7.0
motionpoint-express,"MotionPoint Express – Website Translation",1.6,1.5,https://downloads.wordpress.org/plugin/motionpoint-express.1.6.zip,"2024-11-14 14:59:00",https://wordpress.org/plugins/motionpoint-express/,4.7,7.0
multi-vendor-marketplace-lite-for-woocommerce,"Multi-Vendor Marketplace Lite for WooCommerce – Create Your Amazing B2C Multi-Vendor Stores Intuitively",1.2.1,1.2.0,https://downloads.wordpress.org/plugin/multi-vendor-marketplace-lite-for-woocommerce.1.2.1.zip,"2024-11-14 14:46:00",https://wordpress.org/plugins/multi-vendor-marketplace-lite-for-woocommerce/,6.5,7.4
never-let-me-go,"Never Let Me Go",2.0.3,2.0.1,https://downloads.wordpress.org/plugin/never-let-me-go.2.0.3.zip,"2024-11-14 14:27:00",https://wordpress.org/plugins/never-let-me-go/,5.9,7.2
newsletter,"Newsletter – Send awesome emails from WordPress",8.6.1,8.5.4,https://downloads.wordpress.org/plugin/newsletter.8.6.1.zip,"2024-11-14 13:11:00",https://wordpress.org/plugins/newsletter/,5.1,7.0
notificationx,"NotificationX – Live Sales Notification, WooCommerce Sales Popup, FOMO, Social Proof, Announcement Banner & Floating Notification Top Bar",2.9.3,2.9.1,https://downloads.wordpress.org/plugin/notificationx.2.9.3.zip,"2024-11-14 13:20:00",https://wordpress.org/plugins/notificationx/,5.0,5.6
password-protected,"Password Protected – Password Protect your WordPress Site, Pages, & WooCommerce Products – Restrict Content, Protect WooCommerce Category, and more",2.7.4,2.7.3,https://downloads.wordpress.org/plugin/password-protected.2.7.4.zip,"2024-11-14 12:37:00",https://wordpress.org/plugins/password-protected/,4.6,5.6
paypal-brasil-para-woocommerce,"PayPal Brasil para WooCommerce",1.5.8,1.5.7,https://downloads.wordpress.org/plugin/paypal-brasil-para-woocommerce.1.5.8.zip,"2024-11-14 12:57:00",https://wordpress.org/plugins/paypal-brasil-para-woocommerce/,4.4,7.0
phases,"Post Edit Phases",1.0.3,1.0.1,https://downloads.wordpress.org/plugin/phases.1.0.3.zip,"2024-11-14 15:21:00",https://wordpress.org/plugins/phases/,6.5.4,
primer-mydata,"Primer MyData for Woocommerce",4.2.1,4.2.0,https://downloads.wordpress.org/plugin/primer-mydata.4.2.1.zip,"2024-11-14 15:21:00",https://wordpress.org/plugins/primer-mydata/,5.3,7.4
qyrr-code,"Qyrr – simply and modern QR-Code creation",2.0.5,2.0.4,https://downloads.wordpress.org/plugin/qyrr-code.2.0.5.zip,"2024-11-14 15:11:00",https://wordpress.org/plugins/qyrr-code/,6.5,
rabbit-messenger-live-chat,"Rabbit Messenger Live-chat",0.2.0,0.1.3,https://downloads.wordpress.org/plugin/rabbit-messenger-live-chat.0.2.0.zip,"2024-11-14 14:24:00",https://wordpress.org/plugins/rabbit-messenger-live-chat/,6.0,8.0
revenue,"WowRevenue – Product Bundles, Upsell, Cross Sell, Buy X Get Y, and More!",1.0.8,1.0.5,https://downloads.wordpress.org/plugin/revenue.zip,"2024-11-14 12:53:00",https://wordpress.org/plugins/revenue/,5.0,7.3
salon-booking-system,"Salon Booking System",10.9.8,10.9.6,https://downloads.wordpress.org/plugin/salon-booking-system.zip,"2024-11-14 15:23:00",https://wordpress.org/plugins/salon-booking-system/,4.1,7.4.8
search-replace-for-elementor,"Search & Replace for Elementor",1.4.4,1.4.2,https://downloads.wordpress.org/plugin/search-replace-for-elementor.zip,"2024-11-14 13:48:00",https://wordpress.org/plugins/search-replace-for-elementor/,5.0,7.2
sidemenu,SideMenu,1.8.4,1.8.2,https://downloads.wordpress.org/plugin/sidemenu.1.8.4.zip,"2024-11-14 15:28:00",https://wordpress.org/plugins/sidemenu/,4.6,5.6
sirv,"Image Optimizer, Resizer and CDN – Sirv",7.3.2,7.3.0,https://downloads.wordpress.org/plugin/sirv.zip,"2024-11-14 12:43:00",https://wordpress.org/plugins/sirv/,3.0.1,5.6
sugar-calendar-lite,"Sugar Calendar – Event Calendar, Event Tickets, and Event Management Platform",3.4.0,3.2.1,https://downloads.wordpress.org/plugin/sugar-calendar-lite.3.4.0.zip,"2024-11-14 13:45:00",https://wordpress.org/plugins/sugar-calendar-lite/,5.9,7.4
tax-switch-for-woocommerce,"Tax Switch for WooCommerce",1.2.0,1.1.10,https://downloads.wordpress.org/plugin/tax-switch-for-woocommerce.1.2.0.zip,"2024-11-14 12:51:00",https://wordpress.org/plugins/tax-switch-for-woocommerce/,5.0,7.2
um-forumwp,"Ultimate Member – ForumWP forum integration",2.1.7,2.1.6,https://downloads.wordpress.org/plugin/um-forumwp.2.1.7.zip,"2024-11-14 14:08:00",https://wordpress.org/plugins/um-forumwp/,5.5,7.0
viral-loops-wp-integration,"Viral Loops WP Integration",3.3.3,3.2.1,https://downloads.wordpress.org/plugin/viral-loops-wp-integration.3.3.3.zip,"2024-11-14 14:11:00",https://wordpress.org/plugins/viral-loops-wp-integration/,3.9,
w3speedster-wp,W3SPEEDSTER,7.30,7.28,https://downloads.wordpress.org/plugin/w3speedster-wp.7.30.zip,"2024-11-14 14:21:00",https://wordpress.org/plugins/w3speedster-wp/,,
wc-variations-as-single-product,"Variations as Single Product – Display Single Variation for WooCommerce",3.4.3,3.2.0,https://downloads.wordpress.org/plugin/wc-variations-as-single-product.3.4.3.zip,"2024-11-14 14:27:00",https://wordpress.org/plugins/wc-variations-as-single-product/,4.0,7.0
woo-d2i,"WooCommerce D2I",1.3400,1.3101,https://downloads.wordpress.org/plugin/woo-d2i.zip,"2024-11-14 15:24:00",https://wordpress.org/plugins/woo-d2i/,4.0.1,5.6
woo-redsys-gateway-light,"WooCommerce Redsys Gateway Light",6.2.2,6.2.0,https://downloads.wordpress.org/plugin/woo-redsys-gateway-light.6.2.2.zip,"2024-11-14 14:39:00",https://wordpress.org/plugins/woo-redsys-gateway-light/,4.0,
woocommerce-quaderno,"WooCommerce Quaderno – Tax Automation",2.3.1,2.3.0,https://downloads.wordpress.org/plugin/woocommerce-quaderno.2.3.1.zip,"2024-11-14 14:50:00",https://wordpress.org/plugins/woocommerce-quaderno/,4.6,
woolab-ic-dic,"Kybernaut IČO DIČ",1.9.1,1.9.0,https://downloads.wordpress.org/plugin/woolab-ic-dic.1.9.1.zip,"2024-11-14 15:12:00",https://wordpress.org/plugins/woolab-ic-dic/,4.6,7.3
wp-google-places-review-slider,"WP Google Review Slider",15.6,15.5,https://downloads.wordpress.org/plugin/wp-google-places-review-slider.15.6.zip,"2024-11-14 15:20:00",https://wordpress.org/plugins/wp-google-places-review-slider/,3.0.1,
wp-media-recovery,"Media Library Recovery",1.6.0,1.5.8,https://downloads.wordpress.org/plugin/wp-media-recovery.zip,"2024-11-14 13:49:00",https://wordpress.org/plugins/wp-media-recovery/,5.0,7.2
aruba-wp-migration-tool,"Aruba WP Migration Tool",1.0.0,,https://downloads.wordpress.org/plugin/aruba-wp-migration-tool.1.0.0.zip,"2024-11-14 13:50:00",https://wordpress.org/plugins/aruba-wp-migration-tool/,5.7,7.4
viral-loops-wp-integration,"Viral Loops WP Integration",3.4.0,3.3.3,https://downloads.wordpress.org/plugin/viral-loops-wp-integration.3.4.0.zip,"2024-11-14 15:45:00",https://wordpress.org/plugins/viral-loops-wp-integration/,3.9,
activecampaign-for-woocommerce,"ActiveCampaign for WooCommerce",2.7.11,2.7.10,https://downloads.wordpress.org/plugin/activecampaign-for-woocommerce.zip,"2024-11-14 20:36:00",https://wordpress.org/plugins/activecampaign-for-woocommerce/,6.0,7.4
ai-muse,"AI Muse – AI Chatbot, AI Content Generator & Writer, AI Image Generator, AI Assistant, ChatGPT, GPT-4o, Gemini, LLAMA, Claude",1.3.2,1.3.0,https://downloads.wordpress.org/plugin/ai-muse.1.3.2.zip,"2024-11-14 20:13:00",https://wordpress.org/plugins/ai-muse/,6.1,7.4
blogcopilot-io,BlogCopilot.io,1.4.1,1.3.3,https://downloads.wordpress.org/plugin/blogcopilot-io.1.4.1.zip,"2024-11-14 21:30:00",https://wordpress.org/plugins/blogcopilot-io/,5.2,7.2
cart-rest-api-for-woocommerce,"CoCart – Decoupling Made Easy for WooCommerce",4.3.10,4.3.9,https://downloads.wordpress.org/plugin/cart-rest-api-for-woocommerce.4.3.10.zip,"2024-11-14 19:53:00",https://wordpress.org/plugins/cart-rest-api-for-woocommerce/,5.6,7.4
culqi-full-integration,"Culqi Full Integracion",3.0.1,3.0.0,https://downloads.wordpress.org/plugin/culqi-full-integration.3.0.1.zip,"2024-11-14 20:38:00",https://wordpress.org/plugins/culqi-full-integration/,6.5.0,7.2
gotoviar,GoToViaR,1.2.0,1.1.0,https://downloads.wordpress.org/plugin/gotoviar.1.2.0.zip,"2024-11-14 19:55:00",https://wordpress.org/plugins/gotoviar/,4.7,
jetpack-backup,"Jetpack VaultPress Backup",3.0,2.9,https://downloads.wordpress.org/plugin/jetpack-backup.3.0.zip,"2024-11-14 20:33:00",https://wordpress.org/plugins/jetpack-backup/,6.6,7.2
lumiere-movies,"Lumière Movies",4.2.1,4.2,https://downloads.wordpress.org/plugin/lumiere-movies.4.2.1.zip,"2024-11-14 20:26:00",https://wordpress.org/plugins/lumiere-movies/,5.6,8.0
mobile-contact-bar,"Mobile Contact Bar",3.0.5,3.0.3,https://downloads.wordpress.org/plugin/mobile-contact-bar.3.0.5.zip,"2024-11-14 21:02:00",https://wordpress.org/plugins/mobile-contact-bar/,4.6,5.3
mp3-music-player-by-sonaar,"MP3 Audio Player – Music Player, Podcast Player & Radio by Sonaar",5.9.1,5.8,https://downloads.wordpress.org/plugin/mp3-music-player-by-sonaar.5.9.1.zip,"2024-11-14 19:54:00",https://wordpress.org/plugins/mp3-music-player-by-sonaar/,4.7,5.6
parcelow,Parcelow,3.2.5,3.2.1,https://downloads.wordpress.org/plugin/parcelow.3.2.5.zip,"2024-11-14 22:15:00",https://wordpress.org/plugins/parcelow/,5.9,7.2
renewai-post-creator-free,"RenewAI Post Creator",1.3.4,1.3.3,https://downloads.wordpress.org/plugin/renewai-post-creator-free.1.3.4.zip,"2024-11-14 19:37:00",https://wordpress.org/plugins/renewai-post-creator-free/,5.0,7.0
rentfetch,"Rent Fetch",0.17.7,0.17.2,https://downloads.wordpress.org/plugin/rentfetch.0.17.7.zip,"2024-11-14 20:05:00",https://wordpress.org/plugins/rentfetch/,6.4,7.3
sensei-certificates,"Sensei LMS Certificates",2.5.3,2.5.2,https://downloads.wordpress.org/plugin/sensei-certificates.2.5.3.zip,"2024-11-14 19:38:00",https://wordpress.org/plugins/sensei-certificates/,6.5,7.4
sky-elementor-addons,"Sky Addons for Elementor (Free Templates Library, Live Copy, Animations, Post Grid, Post Carousel, Particles, Sliders, Chart, Blog, Video Gallery)",2.6.2,2.5.15,https://downloads.wordpress.org/plugin/sky-elementor-addons.2.6.2.zip,"2024-11-14 19:55:00",https://wordpress.org/plugins/sky-elementor-addons/,5.0,7.0.0
slick-engagement,"Slickstream: Engagement and Conversions",2.0.3,2.0.2,https://downloads.wordpress.org/plugin/slick-engagement.2.0.3.zip,"2024-11-14 20:35:00",https://wordpress.org/plugins/slick-engagement/,5.2.0,7.4.0
sunshine-photo-cart,"Sunshine Photo Cart: Free Client Photo Galleries for Photographers",3.4.3,3.4.2,https://downloads.wordpress.org/plugin/sunshine-photo-cart.3.4.3.zip,"2024-11-14 21:47:00",https://wordpress.org/plugins/sunshine-photo-cart/,5.5,7.4
super-advent-calendar,"Super Advent Calendar",1.12.0,1.11.0,https://downloads.wordpress.org/plugin/super-advent-calendar.1.12.0.zip,"2024-11-14 21:24:00",https://wordpress.org/plugins/super-advent-calendar/,6.6,7.4
twentig,"Toolkit for Block Theme (Starter Templates, Portfolio, Gutenberg Blocks, Patterns) – Twentig",1.9,1.8.3,https://downloads.wordpress.org/plugin/twentig.1.9.zip,"2024-11-14 20:14:00",https://wordpress.org/plugins/twentig/,6.5,7.3
woocommerce-gateway-stripe,"WooCommerce Stripe Payment Gateway",8.9.0,8.8.2,https://downloads.wordpress.org/plugin/woocommerce-gateway-stripe.8.9.0.zip,"2024-11-14 21:26:00",https://wordpress.org/plugins/woocommerce-gateway-stripe/,6.5,7.4
woocommerce-product-tabs,"WooCommerce Product Tabs",2.1.6,2.1.5,https://downloads.wordpress.org/plugin/woocommerce-product-tabs.2.1.6.zip,"2024-11-14 21:50:00",https://wordpress.org/plugins/woocommerce-product-tabs/,6.1,7.4
wp-display-faq,"Display FAQ – Responsive Accordion and Product FAQ For WooCommerce",1.4.4,1.4.3,https://downloads.wordpress.org/plugin/wp-display-faq.zip,"2024-11-14 22:20:00",https://wordpress.org/plugins/wp-display-faq/,5.4,7.2
zigaform-calculator-cost-estimation-form-builder-lite,"Zigaform – Price Calculator & Cost Estimation Form Builder Lite",7.3.8,7.3.1,https://downloads.wordpress.org/plugin/zigaform-calculator-cost-estimation-form-builder-lite.zip,"2024-11-14 20:34:00",https://wordpress.org/plugins/zigaform-calculator-cost-estimation-form-builder-lite/,5.0,
notif-bell,"Notif Bell",0.9.8,,https://downloads.wordpress.org/plugin/notif-bell.0.9.8.zip,"2024-11-14 19:57:00",https://wordpress.org/plugins/notif-bell/,5.0,7.4
stellarpay,"StellarPay – Stripe Payment Gateway for WooCommerce",1.0.0,,https://downloads.wordpress.org/plugin/stellarpay.1.0.0.zip,"2024-11-14 19:53:00",https://wordpress.org/plugins/stellarpay/,6.2,7.4
12-step-meeting-list,"12 Step Meeting List",3.16.4,3.16,https://downloads.wordpress.org/plugin/12-step-meeting-list.3.16.4.zip,"2024-11-15 04:23:00",https://wordpress.org/plugins/12-step-meeting-list/,3.2,5.6
acf-copilot,"Custom Blocks for Instagram",1.0.9,1.0.7,https://downloads.wordpress.org/plugin/acf-copilot.zip,"2024-11-15 06:14:00",https://wordpress.org/plugins/acf-copilot/,5.0,7.2
address-validation-address-auto-complete,"ELEX WooCommerce Address Validation & Google Address Autocomplete Plugin",1.8.0,1.7.8,https://downloads.wordpress.org/plugin/address-validation-address-auto-complete.1.8.0.zip,"2024-11-15 04:57:00",https://wordpress.org/plugins/address-validation-address-auto-complete/,3.0.1,
advanced-datatable,"Advanced Datatable – The Ultimate Data Table Plugin",1.0.1,1.0.0,https://downloads.wordpress.org/plugin/advanced-datatable.1.0.1.zip,"2024-11-15 06:19:00",https://wordpress.org/plugins/advanced-datatable/,6.1,7.0
affiliates-manager,"Affiliates Manager",2.9.39,2.9.38,https://downloads.wordpress.org/plugin/affiliates-manager.zip,"2024-11-15 05:25:00",https://wordpress.org/plugins/affiliates-manager/,3.5,
ai-content,"Text Prompter – Unlimited chatgpt text prompts for openai tasks",1.0.7,1.0.6,https://downloads.wordpress.org/plugin/ai-content.zip,"2024-11-15 06:21:00",https://wordpress.org/plugins/ai-content/,4.0,5.0
anant-addons-for-elementor,"Anant Addons for Elementor",1.0.7,,https://downloads.wordpress.org/plugin/anant-addons-for-elementor.zip,"2024-11-15 06:09:00",https://wordpress.org/plugins/anant-addons-for-elementor/,5.4,7.4
b-accordion,"B Accordion – Add Horizontal / Vertical Accordion in WordPress",1.0.5,1.0.4,https://downloads.wordpress.org/plugin/b-accordion.1.0.5.zip,"2024-11-15 05:51:00",https://wordpress.org/plugins/b-accordion/,6.2,7.1
backup-copilot,"Block Editor Animate Blocks",1.1.1,1.1,https://downloads.wordpress.org/plugin/backup-copilot.zip,"2024-11-15 06:14:00",https://wordpress.org/plugins/backup-copilot/,5.0,7.2
block-editor-search-replace,"Block Editor Search & Replace",1.2.1,1.1.9,https://downloads.wordpress.org/plugin/block-editor-search-replace.zip,"2024-11-15 06:15:00",https://wordpress.org/plugins/block-editor-search-replace/,5.0,7.2
comments-import-export-woocommerce,"WordPress Comments Import & Export",2.4.0,2.3.8,https://downloads.wordpress.org/plugin/comments-import-export-woocommerce.2.4.0.zip,"2024-11-15 06:35:00",https://wordpress.org/plugins/comments-import-export-woocommerce/,3.0.1,5.6
conditional-extra-fees-for-woocommerce,"Conditional cart fee / Extra charge rule for WooCommerce extra fees",1.1.43,1.1.42,https://downloads.wordpress.org/plugin/conditional-extra-fees-for-woocommerce.1.1.43.zip,"2024-11-15 05:40:00",https://wordpress.org/plugins/conditional-extra-fees-for-woocommerce/,3.0.1,
discountify,"Discount Rules, Coupon management system – Discountify",1.0.65,1.0.64,https://downloads.wordpress.org/plugin/discountify.1.0.65.zip,"2024-11-15 05:17:00",https://wordpress.org/plugins/discountify/,5.2,7.4
elex-usps-shipping-method,"ELEX WooCommerce USPS Shipping Method",3.0.6,3.0.5,https://downloads.wordpress.org/plugin/elex-usps-shipping-method.3.0.6.zip,"2024-11-15 04:56:00",https://wordpress.org/plugins/elex-usps-shipping-method/,3.0.0,
elvez-hide-entry-header,"Elvez Hide Entry Header",1.1.2,1.0.5,https://downloads.wordpress.org/plugin/elvez-hide-entry-header.zip,"2024-11-15 06:12:00",https://wordpress.org/plugins/elvez-hide-entry-header/,5.2,7.2
essential-classy-addons-for-elementor,"EC Addons For Elementor – Elementor Addons, Header Footer Singular Archive 404 Page Templates, Widgets, Woo/Blog Widgets",3.0.31,3.0.29,https://downloads.wordpress.org/plugin/essential-classy-addons-for-elementor.3.0.31.zip,"2024-11-15 04:05:00",https://wordpress.org/plugins/essential-classy-addons-for-elementor/,6.0,7.4
gratisfaction-all-in-one-loyalty-contests-referral-program-for-woocommerce,"Gratisfaction- Loyalty, Rewards , Referral, Birthday and Giveaway Program",4.4.4,4.4.3,https://downloads.wordpress.org/plugin/gratisfaction-all-in-one-loyalty-contests-referral-program-for-woocommerce.4.4.4.zip,"2024-11-15 06:20:00",https://wordpress.org/plugins/gratisfaction-all-in-one-loyalty-contests-referral-program-for-woocommerce/,3.0.1,
horoscope-and-tarot,"Horoscope And Tarot",1.2.8,1.2.5,https://downloads.wordpress.org/plugin/horoscope-and-tarot.1.2.8.zip,"2024-11-15 06:11:00",https://wordpress.org/plugins/horoscope-and-tarot/,5.5,7.0
info-cards,"Info Cards – Gutenberg block for creating Beautiful Cards",1.0.5,1.0.2,https://downloads.wordpress.org/plugin/info-cards.1.0.5.zip,"2024-11-15 06:26:00",https://wordpress.org/plugins/info-cards/,5.8,7.1
learning-management-system,"Masteriyo LMS – eLearning and Online Course Builder for WordPress",1.13.5,1.13.3,https://downloads.wordpress.org/plugin/learning-management-system.1.13.5.zip,"2024-11-15 04:04:00",https://wordpress.org/plugins/learning-management-system/,6.5,7.2
learnpress-prerequisites-courses,"LearnPress – Prerequisites Courses",4.0.8,4.0.7,https://downloads.wordpress.org/plugin/learnpress-prerequisites-courses.4.0.8.zip,"2024-11-15 03:49:00",https://wordpress.org/plugins/learnpress-prerequisites-courses/,6.0,7.4
openai-tools-for-wp-wc,"OpenAI Tools for WordPress & WooCommerce",2.1.5,2.1.2,https://downloads.wordpress.org/plugin/openai-tools-for-wp-wc.2.1.5.zip,"2024-11-15 06:15:00",https://wordpress.org/plugins/openai-tools-for-wp-wc/,6.1.0,7.4
the-plus-addons-for-elementor-page-builder,"The Plus Addons for Elementor – Elementor Addons, Page Templates, Widgets, Mega Menu, WooCommerce",6.0.5,6.0.3,https://downloads.wordpress.org/plugin/the-plus-addons-for-elementor-page-builder.6.0.5.zip,"2024-11-15 05:27:00",https://wordpress.org/plugins/the-plus-addons-for-elementor-page-builder/,6.0,7.0
themesflat-addons-for-elementor,"Themesflat Addons For Elementor",2.2.3,2.2.0,https://downloads.wordpress.org/plugin/themesflat-addons-for-elementor.2.2.3.zip,"2024-11-15 04:23:00",https://wordpress.org/plugins/themesflat-addons-for-elementor/,4.9,5.2
wc-order-splitter,"Order Splitter – Split / Duplicate Orders for WooCommerce",1.3.7,1.3.6,https://downloads.wordpress.org/plugin/wc-order-splitter.1.3.7.zip,"2024-11-15 03:46:00",https://wordpress.org/plugins/wc-order-splitter/,5.2,7.2
webappick-pdf-invoice-for-woocommerce,"Challan – PDF Invoice & Packing Slip for WooCommerce",3.7.22,3.7.19,https://downloads.wordpress.org/plugin/webappick-pdf-invoice-for-woocommerce.3.7.22.zip,"2024-11-15 05:38:00",https://wordpress.org/plugins/webappick-pdf-invoice-for-woocommerce/,4.4,7.4
webappick-product-feed-for-woocommerce,"CTX Feed – WooCommerce Product Feed Manager",6.5.33,6.5.29,https://downloads.wordpress.org/plugin/webappick-product-feed-for-woocommerce.6.5.33.zip,"2024-11-15 04:44:00",https://wordpress.org/plugins/webappick-product-feed-for-woocommerce/,4.4,5.6
woo-checkout-regsiter-field-editor,"Checkout Field Manager for WooCommerce (My Account, Register)",2.3.4,2.2.1,https://downloads.wordpress.org/plugin/woo-checkout-regsiter-field-editor.2.3.4.zip,"2024-11-15 05:59:00",https://wordpress.org/plugins/woo-checkout-regsiter-field-editor/,4.7,7.0
woo-product-gallery-slider,"Product Gallery Slider, Additional Variation Images for WooCommerce",2.3.11,2.3.10,https://downloads.wordpress.org/plugin/woo-product-gallery-slider.2.3.11.zip,"2024-11-15 05:19:00",https://wordpress.org/plugins/woo-product-gallery-slider/,5.0,7.4
extensions-keep,"Extensions Keep – Save, install and share your plugins with a single click",1.0.0,,https://downloads.wordpress.org/plugin/extensions-keep.1.0.0.zip,"2024-11-15 06:25:00",https://wordpress.org/plugins/extensions-keep/,5.0,7.2
admin-users-logged-in,"Admin Users Logged In",1.0.6,1.0.5,https://downloads.wordpress.org/plugin/admin-users-logged-in.1.0.6.zip,"2024-11-15 11:14:00",https://wordpress.org/plugins/admin-users-logged-in/,4.4,7.0
advanced-free-flat-shipping-woocommerce,"Conditional shipping & Advanced Flat rate shipping rates / Flexible shipping for WooCommerce shipping",1.6.4.46,1.6.4.44,https://downloads.wordpress.org/plugin/advanced-free-flat-shipping-woocommerce.1.6.4.46.zip,"2024-11-15 12:14:00",https://wordpress.org/plugins/advanced-free-flat-shipping-woocommerce/,3.0.1,
ai-workflow-automation-lite,"AI Workflow Automation",1.1.0,1.0.6,https://downloads.wordpress.org/plugin/ai-workflow-automation-lite.1.1.0.zip,"2024-11-15 10:26:00",https://wordpress.org/plugins/ai-workflow-automation-lite/,6.0.0,7.2
amathia,"Amathia: Accessible Dropdown Menus",1.0.2,1.0.1,https://downloads.wordpress.org/plugin/amathia.1.0.2.zip,"2024-11-15 11:16:00",https://wordpress.org/plugins/amathia/,4.4,7.0
astra-sites,"Starter Templates — Elementor, WordPress & Beaver Builder Templates",4.4.8,4.4.6,https://downloads.wordpress.org/plugin/astra-sites.4.4.8.zip,"2024-11-15 10:11:00",https://wordpress.org/plugins/astra-sites/,4.4,7.4
automatic-articles-importer,"Automatic Articles Importer",1.0,1.2,https://downloads.wordpress.org/plugin/automatic-articles-importer.1.0.zip,"2024-11-15 12:39:00",https://wordpress.org/plugins/automatic-articles-importer/,5.4,7.0
checkview,"CheckView Automated Testing",2.0.3,2.0.0,https://downloads.wordpress.org/plugin/checkview.2.0.3.zip,"2024-11-15 11:32:00",https://wordpress.org/plugins/checkview/,5.0.1,7.0.0
church-admin,"Church Admin",5.0.9,5.0.3,https://downloads.wordpress.org/plugin/church-admin.5.0.9.zip,"2024-11-15 12:50:00",https://wordpress.org/plugins/church-admin/,5.0,7.0
classified-listing,"Classified Listing – Classified ads & Business Directory Plugin",3.1.16,3.1.15,https://downloads.wordpress.org/plugin/classified-listing.3.1.16.zip,"2024-11-15 12:01:00",https://wordpress.org/plugins/classified-listing/,5.0,7.4
cleantalk-spam-protect,"Spam protection, Anti-Spam, FireWall by CleanTalk",6.45.1,6.44,https://downloads.wordpress.org/plugin/cleantalk-spam-protect.6.45.1.zip,"2024-11-15 09:53:00",https://wordpress.org/plugins/cleantalk-spam-protect/,4.7,5.6
colissimo-shipping-methods-for-woocommerce,"Colissimo Officiel : Méthodes de livraison pour WooCommerce",2.3.0,2.2.0,https://downloads.wordpress.org/plugin/colissimo-shipping-methods-for-woocommerce.2.3.0.zip,"2024-11-15 11:00:00",https://wordpress.org/plugins/colissimo-shipping-methods-for-woocommerce/,4.7,7.4.0
collapse-magic,"Collapse Magic (CLAPS)",1.3.1,1.3.0,https://downloads.wordpress.org/plugin/collapse-magic.1.3.1.zip,"2024-11-15 10:37:00",https://wordpress.org/plugins/collapse-magic/,6.1,7.3
cozy-addons,"Cozy Blocks – Page Builder for Gutenberg & Site Editor, Post Blocks, WooCommerce Blocks, Magazine Blocks, WordPress Gutenberg Blocks, Patterns and Templates Library",2.0.23,2.0.22,https://downloads.wordpress.org/plugin/cozy-addons.2.0.23.zip,"2024-11-15 10:17:00",https://wordpress.org/plugins/cozy-addons/,5.8,7.3
cyke-logistics,"Cyke Logistics",1.1.4,1.1.3,https://downloads.wordpress.org/plugin/cyke-logistics.1.1.4.zip,"2024-11-15 11:18:00",https://wordpress.org/plugins/cyke-logistics/,5.0,7.0
elex-australia-post-shipping,"ELEX WooCommerce Australia Post Shipping",3.0.5,3.0.3,https://downloads.wordpress.org/plugin/elex-australia-post-shipping.3.0.5.zip,"2024-11-15 12:00:00",https://wordpress.org/plugins/elex-australia-post-shipping/,3.0.2,
elex-minimum-order-amount-for-woocommerce,"ELEX Minimum Order Amount for WooCommerce",2.0.3,2.0.1,https://downloads.wordpress.org/plugin/elex-minimum-order-amount-for-woocommerce.2.0.3.zip,"2024-11-15 12:09:00",https://wordpress.org/plugins/elex-minimum-order-amount-for-woocommerce/,3.0.1,5.6
elex-woocommerce-catalog-mode,"ELEX WooCommerce Catalog Mode",1.4.8,1.4.6,https://downloads.wordpress.org/plugin/elex-woocommerce-catalog-mode.1.4.8.zip,"2024-11-15 12:02:00",https://wordpress.org/plugins/elex-woocommerce-catalog-mode/,3.0.1,5.6
elex-woocommerce-dynamic-pricing-and-discounts,"ELEX WooCommerce Dynamic Pricing and Discounts",2.1.7,2.1.5,https://downloads.wordpress.org/plugin/elex-woocommerce-dynamic-pricing-and-discounts.2.1.7.zip,"2024-11-15 12:05:00",https://wordpress.org/plugins/elex-woocommerce-dynamic-pricing-and-discounts/,3.0.1,7.4
elex-woocommerce-role-based-pricing-plugin-basic,"ELEX WooCommerce Role Based Pricing",1.4.12,1.4.11,https://downloads.wordpress.org/plugin/elex-woocommerce-role-based-pricing-plugin-basic.1.4.12.zip,"2024-11-15 12:03:00",https://wordpress.org/plugins/elex-woocommerce-role-based-pricing-plugin-basic/,3.0.1,
elo-rating-shortcode,"Elo Rating Shortcode",1.0.4,1.0.3,https://downloads.wordpress.org/plugin/elo-rating-shortcode.1.0.4.zip,"2024-11-15 11:32:00",https://wordpress.org/plugins/elo-rating-shortcode/,4.1,7.0
email-template-customizer-for-woo,"Email Template Customizer for WooCommerce",1.2.9.2,1.2.7,https://downloads.wordpress.org/plugin/email-template-customizer-for-woo.zip,"2024-11-15 09:59:00",https://wordpress.org/plugins/email-template-customizer-for-woo/,5.0,7.0
email-users-on-update-of-download-for-easy-digital-downloads,"Email Users on Update of Download for Easy Digital Downloads",1.1.3,1.1.2,https://downloads.wordpress.org/plugin/email-users-on-update-of-download-for-easy-digital-downloads.1.1.3.zip,"2024-11-15 11:39:00",https://wordpress.org/plugins/email-users-on-update-of-download-for-easy-digital-downloads/,4.1,7.0
ergonet-varnish-cache,"Ergonet Cache",1.0.10,1.0.8,https://downloads.wordpress.org/plugin/ergonet-varnish-cache.1.0.10.zip,"2024-11-15 10:17:00",https://wordpress.org/plugins/ergonet-varnish-cache/,4.9,7.1
falang-wpml-importer,"Falang WPML importer",1.0,0.9,https://downloads.wordpress.org/plugin/falang-wpml-importer.1.0.zip,"2024-11-15 11:01:00",https://wordpress.org/plugins/falang-wpml-importer/,4.9,5.6
flexible-product-fields,"Flexible Product Fields (WooCommerce Product Addons) – WooCommerce Product Page Editor",2.5.4,2.5.2,https://downloads.wordpress.org/plugin/flexible-product-fields.2.5.4.zip,"2024-11-15 11:05:00",https://wordpress.org/plugins/flexible-product-fields/,6.4,7.4
flexible-quantity-measurement-price-calculator-for-woocommerce,"Flexible Quantity – Measurement Price Calculator for WooCommerce",2.1.8,2.1.6,https://downloads.wordpress.org/plugin/flexible-quantity-measurement-price-calculator-for-woocommerce.2.1.8.zip,"2024-11-15 11:08:00",https://wordpress.org/plugins/flexible-quantity-measurement-price-calculator-for-woocommerce/,6.4,7.4
flexible-refund-and-return-order-for-woocommerce,"Flexible Refund and Return Order for WooCommerce",1.0.28,1.0.26,https://downloads.wordpress.org/plugin/flexible-refund-and-return-order-for-woocommerce.1.0.28.zip,"2024-11-15 11:11:00",https://wordpress.org/plugins/flexible-refund-and-return-order-for-woocommerce/,6.4,7.4
frakt123,Sendo,3.1,2.0,https://downloads.wordpress.org/plugin/frakt123.zip,"2024-11-15 10:53:00",https://wordpress.org/plugins/frakt123/,5.3,
fw-integration-for-emailoctopus,"EO4WP: EmailOctopus for WordPress",1.0.7,1.0.6,https://downloads.wordpress.org/plugin/fw-integration-for-emailoctopus.1.0.7.zip,"2024-11-15 10:18:00",https://wordpress.org/plugins/fw-integration-for-emailoctopus/,6.0,7.4
google-calendar-events,"Simple Calendar – Google Calendar Plugin",3.4.6,3.4.4,https://downloads.wordpress.org/plugin/google-calendar-events.3.4.6.zip,"2024-11-15 09:57:00",https://wordpress.org/plugins/google-calendar-events/,4.2,7.3
gwolle-gb,"Gwolle Guestbook",4.7.1,4.6.2,https://downloads.wordpress.org/plugin/gwolle-gb.4.7.1.zip,"2024-11-15 11:12:00",https://wordpress.org/plugins/gwolle-gb/,4.1,7.0
helper-lite-for-pagespeed,"Helper Lite for PageSpeed",3.1.7,3.1.6.2,https://downloads.wordpress.org/plugin/helper-lite-for-pagespeed.3.1.7.zip,"2024-11-15 12:06:00",https://wordpress.org/plugins/helper-lite-for-pagespeed/,5.0,7.4
internal-link-finder,"WordPress Internal Link Optimiser",5.0.10,5.0.9,https://downloads.wordpress.org/plugin/internal-link-finder.5.0.10.zip,"2024-11-15 12:15:00",https://wordpress.org/plugins/internal-link-finder/,5.0.0,7.0
kargo-entegrator,"Kargo Entegratör – WooCommerce Kargo Entegrasyon Eklentisi",1.0.36,1.0.33,https://downloads.wordpress.org/plugin/kargo-entegrator.1.0.36.zip,"2024-11-15 10:34:00",https://wordpress.org/plugins/kargo-entegrator/,5.8,7.4
lead-generation-form,"Lead Generation Form",1.0.8,1.0.7,https://downloads.wordpress.org/plugin/lead-generation-form.1.0.8.zip,"2024-11-15 11:39:00",https://wordpress.org/plugins/lead-generation-form/,4.0,4.0
mailchimp-forms-by-mailmunch,"MailChimp Forms by MailMunch",3.2.6,3.2.3,https://downloads.wordpress.org/plugin/mailchimp-forms-by-mailmunch.3.2.6.zip,"2024-11-15 10:26:00",https://wordpress.org/plugins/mailchimp-forms-by-mailmunch/,4.0,
mailmunch,"MailMunch – Grow your Email List",3.1.9,3.1.8,https://downloads.wordpress.org/plugin/mailmunch.3.1.9.zip,"2024-11-15 10:31:00",https://wordpress.org/plugins/mailmunch/,3.0.1,
managedorg-product-driver,"ManagedOrg Donative",2.1.3.0,2.1.2.1,https://downloads.wordpress.org/plugin/managedorg-product-driver.2.1.3.0.zip,"2024-11-15 11:27:00",https://wordpress.org/plugins/managedorg-product-driver/,4.7,7.0
mi13-like,mi13-like,0.155,0.154,https://downloads.wordpress.org/plugin/mi13-like.zip,"2024-11-15 12:47:00",https://wordpress.org/plugins/mi13-like/,4.7,
motors-car-dealership-classified-listings,"Motors – Car Dealer, Classifieds & Listing",1.4.37,1.4.36,https://downloads.wordpress.org/plugin/motors-car-dealership-classified-listings.1.4.37.zip,"2024-11-15 10:33:00",https://wordpress.org/plugins/motors-car-dealership-classified-listings/,4.6,
oxygen-mydata,"Oxygen MyData for WooCommerce",1.0.36,1.0.30,https://downloads.wordpress.org/plugin/oxygen-mydata.1.0.36.zip,"2024-11-15 11:12:00",https://wordpress.org/plugins/oxygen-mydata/,5.5,
packaging-fit,"Packaging Fit",1.0.3,1.0.2,https://downloads.wordpress.org/plugin/packaging-fit.1.0.3.zip,"2024-11-15 10:27:00",https://wordpress.org/plugins/packaging-fit/,5.0,7.4
product-feeder,"Product Feeder",3.1.2,3.0.0,https://downloads.wordpress.org/plugin/product-feeder.3.1.2.zip,"2024-11-15 11:20:00",https://wordpress.org/plugins/product-feeder/,6.0,7.4
product-price-history,"Product Price History for WooCommerce",2.5.2,2.5.1,https://downloads.wordpress.org/plugin/product-price-history.2.5.2.zip,"2024-11-15 10:55:00",https://wordpress.org/plugins/product-price-history/,5.9,7.4
quiz-maker,"Quiz Maker",6.6.4.6,6.6.4.4,https://downloads.wordpress.org/plugin/quiz-maker.6.6.4.6.zip,"2024-11-15 11:55:00",https://wordpress.org/plugins/quiz-maker/,4.0,
rise-blocks,"Rise Blocks – A Complete Gutenberg Page Builder",3.6,3.5,https://downloads.wordpress.org/plugin/rise-blocks.3.6.zip,"2024-11-15 11:56:00",https://wordpress.org/plugins/rise-blocks/,4.7,5.6
sastra-essential-addons-for-elementor,"Sastra Essential Addons for Elementor – Free Elementor Addons, Widgets and Templates",1.0.8,1.0.5,https://downloads.wordpress.org/plugin/sastra-essential-addons-for-elementor.1.0.8.zip,"2024-11-15 11:58:00",https://wordpress.org/plugins/sastra-essential-addons-for-elementor/,5.0,7.4
send-emails-with-resend,"Send Emails with Resend",1.1.0,1.0.0,https://downloads.wordpress.org/plugin/send-emails-with-resend.1.1.0.zip,"2024-11-15 11:52:00",https://wordpress.org/plugins/send-emails-with-resend/,6.0.0,8.1
shopmagic-for-woocommerce,"Free Follow-Up Emails & Marketing Automation for WooCommerce – ShopMagic",4.3.10,4.3.5,https://downloads.wordpress.org/plugin/shopmagic-for-woocommerce.4.3.10.zip,"2024-11-15 12:49:00",https://wordpress.org/plugins/shopmagic-for-woocommerce/,6.4,7.4
simple-product-sample-for-woocommerce,"Simple Product Sample",2.4.1,2.4.0,https://downloads.wordpress.org/plugin/simple-product-sample-for-woocommerce.2.4.1.zip,"2024-11-15 10:45:00",https://wordpress.org/plugins/simple-product-sample-for-woocommerce/,4.6,7.0
simple-side-tab,"Simple Side Tab",2.2.0,2.1.14,https://downloads.wordpress.org/plugin/simple-side-tab.2.2.0.zip,"2024-11-15 12:11:00",https://wordpress.org/plugins/simple-side-tab/,6.0,7.4
simple-tabs-block,"Simple Tabs Block",2.2.0,2.1.0,https://downloads.wordpress.org/plugin/simple-tabs-block.2.2.0.zip,"2024-11-15 12:07:00",https://wordpress.org/plugins/simple-tabs-block/,6.5,7.0
simpleshop-cz,SimpleShop,v2.12.1,2.11.0,https://downloads.wordpress.org/plugin/simpleshop-cz.zip,"2024-11-15 10:26:00",https://wordpress.org/plugins/simpleshop-cz/,5.3,7.4
socialproofus,"SocialProofus Notifications",1.0.9,1.0.8,https://downloads.wordpress.org/plugin/socialproofus.zip,"2024-11-15 12:07:00",https://wordpress.org/plugins/socialproofus/,6.0,7.2
spotify-play-button-for-wordpress,"Sp*tify Play Button for WordPress",2.12,2.11,https://downloads.wordpress.org/plugin/spotify-play-button-for-wordpress.2.12.zip,"2024-11-15 12:49:00",https://wordpress.org/plugins/spotify-play-button-for-wordpress/,5.0,7.4
supapress,Supafolio,2.24.9,2.24.8,https://downloads.wordpress.org/plugin/supapress.2.24.9.zip,"2024-11-15 10:33:00",https://wordpress.org/plugins/supapress/,6.0,
super-simple-event-calendar,"Super Simple Event Calendar",2.1.3,2.1.2,https://downloads.wordpress.org/plugin/super-simple-event-calendar.2.1.3.zip,"2024-11-15 12:24:00",https://wordpress.org/plugins/super-simple-event-calendar/,4.1,7.0
supplier-order-email,"Supplier Order Email",3.6.9,3.6.8,https://downloads.wordpress.org/plugin/supplier-order-email.3.6.9.zip,"2024-11-15 10:31:00",https://wordpress.org/plugins/supplier-order-email/,4.6,7.0
survey-maker,"Survey Maker",5.1.1.0,5.1.0.8,https://downloads.wordpress.org/plugin/survey-maker.5.1.1.0.zip,"2024-11-15 12:03:00",https://wordpress.org/plugins/survey-maker/,4.0,
tazapay,"Tazapay Checkout Payment Gateway",4.0.0,3.0.1,https://downloads.wordpress.org/plugin/tazapay.4.0.0.zip,"2024-11-15 10:49:00",https://wordpress.org/plugins/tazapay/,4.0,7.4
true-lazy-analytics,"True Lazy Analytics",2.4.9,2.4.8,https://downloads.wordpress.org/plugin/true-lazy-analytics.2.4.9.zip,"2024-11-15 11:55:00",https://wordpress.org/plugins/true-lazy-analytics/,5.0,5.6.20
ultimate-dashboard,"Ultimate Dashboard – Custom WordPress Dashboard",3.8.4,3.8.3,https://downloads.wordpress.org/plugin/ultimate-dashboard.3.8.4.zip,"2024-11-15 12:27:00",https://wordpress.org/plugins/ultimate-dashboard/,4.6,5.6
v-form,"Lifetime free Drag & Drop Contact Form Builder for WordPress VForm",3.0.5,3.0.2,https://downloads.wordpress.org/plugin/v-form.3.0.5.zip,"2024-11-15 10:16:00",https://wordpress.org/plugins/v-form/,5.6,7.0
wc-cart-pdf,"WooCommerce Cart PDF",3.1.0,3.0.1,https://downloads.wordpress.org/plugin/wc-cart-pdf.3.1.0.zip,"2024-11-15 11:26:00",https://wordpress.org/plugins/wc-cart-pdf/,6.2,8.0.0
wc-dpd,"DPD SK for WooCommerce",7.0.2,7.0.1,https://downloads.wordpress.org/plugin/wc-dpd.7.0.2.zip,"2024-11-15 10:12:00",https://wordpress.org/plugins/wc-dpd/,5.3,7.4
woo-paypal-gateway,"Payment Gateway for PayPal on WooCommerce",9.0.12,9.0.11,https://downloads.wordpress.org/plugin/woo-paypal-gateway.9.0.12.zip,"2024-11-15 11:40:00",https://wordpress.org/plugins/woo-paypal-gateway/,4.7,7.1
wp-compress-image-optimizer,"WP Compress – Instant Performance & Speed Optimization",6.21.18,6.21.15,https://downloads.wordpress.org/plugin/wp-compress-image-optimizer.6.21.18.zip,"2024-11-15 12:34:00",https://wordpress.org/plugins/wp-compress-image-optimizer/,5.6,7.0
wp-shelly-control,"Control Shelly Devices",1.2.3,1.2.2,https://downloads.wordpress.org/plugin/wp-shelly-control.1.2.3.zip,"2024-11-15 11:04:00",https://wordpress.org/plugins/wp-shelly-control/,4.6,7.0
wpglobus-multilingual-comments,"Multilingual Comments for WPGlobus",1.5.2,1.5.1,https://downloads.wordpress.org/plugin/wpglobus-multilingual-comments.1.5.2.zip,"2024-11-15 11:58:00",https://wordpress.org/plugins/wpglobus-multilingual-comments/,5.0,7.4
wpmastertoolkit,"WPMasterToolKit (WPMTK) – All in one plugin",1.13.1,1.12.5,https://downloads.wordpress.org/plugin/wpmastertoolkit.1.13.1.zip,"2024-11-15 11:50:00",https://wordpress.org/plugins/wpmastertoolkit/,4.0.0,7.4
zeno-report-comments,"Zeno Report Comments",2.1.3,2.1.2,https://downloads.wordpress.org/plugin/zeno-report-comments.2.1.3.zip,"2024-11-15 12:11:00",https://wordpress.org/plugins/zeno-report-comments/,4.1,7.0
contact-box,"Contact Box",2.2.5,,https://downloads.wordpress.org/plugin/contact-box.2.2.5.zip,"2024-11-15 10:13:00",https://wordpress.org/plugins/contact-box/,5.8,5.6.20
display-last-posts-on-menu-item,"Display Last Posts on Menu Item",1.0.6,,https://downloads.wordpress.org/plugin/display-last-posts-on-menu-item.1.0.6.zip,"2024-11-15 12:16:00",https://wordpress.org/plugins/display-last-posts-on-menu-item/,5.0,
fluent-community,"FluentCommunity – Full-fledge Social Network, Community & LMS",1.0.97,,https://downloads.wordpress.org/plugin/fluent-community.1.0.97.zip,"2024-11-15 09:54:00",https://wordpress.org/plugins/fluent-community/,6.0,7.3
loop-cards,"Loop Cards",1.1.0,,https://downloads.wordpress.org/plugin/loop-cards.1.1.0.zip,"2024-11-15 12:20:00",https://wordpress.org/plugins/loop-cards/,5.2,7.2
really-simple-author-box,"Really Simple Author Box",1.0.0,,https://downloads.wordpress.org/plugin/really-simple-author-box.1.0.0.zip,"2024-11-15 11:34:00",https://wordpress.org/plugins/really-simple-author-box/,5.0,7.0
checkview,"CheckView Automated Testing",2.0.4,2.0.3,https://downloads.wordpress.org/plugin/checkview.2.0.4.zip,"2024-11-15 13:21:00",https://wordpress.org/plugins/checkview/,5.0.1,7.0.0
autoglot,"Autoglot – Automatic WordPress Translation",2.4.10,2.4.8,https://downloads.wordpress.org/plugin/autoglot.2.4.10.zip,"2024-11-15 19:54:00",https://wordpress.org/plugins/autoglot/,5.0,7.0
bangladeshi-payments-mobile,"Bangladeshi Payments Mobile",1.1,1.0.2,https://downloads.wordpress.org/plugin/bangladeshi-payments-mobile.1.1.zip,"2024-11-15 18:45:00",https://wordpress.org/plugins/bangladeshi-payments-mobile/,5.0,7.0
bbp-style-pack,"bbp style pack",6.1.3,6.1.0,https://downloads.wordpress.org/plugin/bbp-style-pack.6.1.3.zip,"2024-11-15 18:08:00",https://wordpress.org/plugins/bbp-style-pack/,,
client-power-tools,"Client Power Tools Portal",1.10.1,,https://downloads.wordpress.org/plugin/client-power-tools.zip,"2024-11-15 20:24:00",https://wordpress.org/plugins/client-power-tools/,5.5,7.4
cyr2lat,Cyr-To-Lat,6.2.2,6.1.0,https://downloads.wordpress.org/plugin/cyr2lat.6.2.2.zip,"2024-11-15 19:40:00",https://wordpress.org/plugins/cyr2lat/,5.3,7.2.0
easy-login-woocommerce,"Login/Signup Popup ( Inline Form + Woocommerce )",2.8.2,2.8.1,https://downloads.wordpress.org/plugin/easy-login-woocommerce.2.8.2.zip,"2024-11-15 20:19:00",https://wordpress.org/plugins/easy-login-woocommerce/,3.0.1,
email-otp-authenticator,"Email OTP Authenticator",4.8.2,4.7.5,https://downloads.wordpress.org/plugin/email-otp-authenticator.4.8.2.zip,"2024-11-15 18:31:00",https://wordpress.org/plugins/email-otp-authenticator/,5.6,7.3
ghost,Ghost,1.6.0,1.5.0,https://downloads.wordpress.org/plugin/ghost.1.6.0.zip,"2024-11-15 20:14:00",https://wordpress.org/plugins/ghost/,4.2.0,
green-money-payment-gateway,"GreenPay(tm) by Green money",3.0.0,2.2.0,https://downloads.wordpress.org/plugin/green-money-payment-gateway.zip,"2024-11-15 20:23:00",https://wordpress.org/plugins/green-money-payment-gateway/,,
loco-translate,"Loco Translate",2.6.12,2.6.11,https://downloads.wordpress.org/plugin/loco-translate.2.6.12.zip,"2024-11-15 20:16:00",https://wordpress.org/plugins/loco-translate/,5.2,5.6.20
mailoptin,"Popup, Optin Form & Email Newsletters for Mailchimp, HubSpot, AWeber – MailOptin",1.2.72.0,1.2.71.0,https://downloads.wordpress.org/plugin/mailoptin.1.2.72.0.zip,"2024-11-15 18:24:00",https://wordpress.org/plugins/mailoptin/,5.8,7.3
rate-my-post,"Rate My Post – Star Rating Plugin by FeedbackWP",4.2.4,4.2.3,https://downloads.wordpress.org/plugin/rate-my-post.4.2.4.zip,"2024-11-15 20:20:00",https://wordpress.org/plugins/rate-my-post/,5.3,7.4
real-time-auto-find-and-replace,"Better Find and Replace",1.6.5,1.6.3,https://downloads.wordpress.org/plugin/real-time-auto-find-and-replace.1.6.5.zip,"2024-11-15 19:43:00",https://wordpress.org/plugins/real-time-auto-find-and-replace/,4.0,7.0
real3d-flipbook-lite,"Real3D Flipbook Lite – 3D FlipBook, PDF Viewer, PDF Embedder",4.8.5,4.8,https://downloads.wordpress.org/plugin/real3d-flipbook-lite.4.8.5.zip,"2024-11-15 18:39:00",https://wordpress.org/plugins/real3d-flipbook-lite/,5.0,
rencontre,"Rencontre – Dating Site",3.12.5,3.12.3,https://downloads.wordpress.org/plugin/rencontre.zip,"2024-11-15 20:05:00",https://wordpress.org/plugins/rencontre/,4.6,5.5
scotty,Scotty,1.1.2,1.1.1,https://downloads.wordpress.org/plugin/scotty.1.1.2.zip,"2024-11-15 17:38:00",https://wordpress.org/plugins/scotty/,6.2,7.4
starter-sites,"Starter Sites",2.0.3,2.0.2,https://downloads.wordpress.org/plugin/starter-sites.2.0.3.zip,"2024-11-15 17:43:00",https://wordpress.org/plugins/starter-sites/,6.6,7.4
updraftplus,"UpdraftPlus: WP Backup & Migration Plugin",1.24.11,1.24.7,https://downloads.wordpress.org/plugin/updraftplus.1.24.11.zip,"2024-11-15 18:24:00",https://wordpress.org/plugins/updraftplus/,3.2,
wisecampaign,wiseCampaign,1.1.2,1.1.0,https://downloads.wordpress.org/plugin/wisecampaign.1.1.2.zip,"2024-11-15 19:37:00",https://wordpress.org/plugins/wisecampaign/,5.4,7.4
wish-list-for-woocommerce,"Wishlist for WooCommerce: Multi Wishlists Per Customer",3.1.3,3.1.1,https://downloads.wordpress.org/plugin/wish-list-for-woocommerce.3.1.3.zip,"2024-11-15 19:03:00",https://wordpress.org/plugins/wish-list-for-woocommerce/,6.1,5.6.0
woo-currency,"WBW Currency Switcher for WooCommerce",2.1.1,2.0.9,https://downloads.wordpress.org/plugin/woo-currency.zip,"2024-11-15 19:46:00",https://wordpress.org/plugins/woo-currency/,,
woo-product-filter,"Product Filter by WBW",2.7.4,2.7.0,https://downloads.wordpress.org/plugin/woo-product-filter.zip,"2024-11-15 19:37:00",https://wordpress.org/plugins/woo-product-filter/,3.4.0,
wp-bannerize-pro,"WP Bannerize Pro",1.9.4,1.9.3,https://downloads.wordpress.org/plugin/wp-bannerize-pro.1.9.4.zip,"2024-11-15 18:19:00",https://wordpress.org/plugins/wp-bannerize-pro/,6.2,7.4
wupsales-reward-points-for-woocommerce,"WupSales – Reward Points for WooCommerce",1.2.3,1.2.2,https://downloads.wordpress.org/plugin/wupsales-reward-points-for-woocommerce.zip,"2024-11-15 20:10:00",https://wordpress.org/plugins/wupsales-reward-points-for-woocommerce/,3.4.0,
mo-jalali-calendar,"Lite Shamsi",1.3.3,,https://downloads.wordpress.org/plugin/mo-jalali-calendar.zip,"2024-11-15 18:27:00",https://wordpress.org/plugins/mo-jalali-calendar/,5.4,7.4
smart-social-media-buttons,"Smart Social Media Buttons",1.0.1,,https://downloads.wordpress.org/plugin/smart-social-media-buttons.1.0.1.zip,"2024-11-15 20:14:00",https://wordpress.org/plugins/smart-social-media-buttons/,6.1,7.0
anti-hacker,"Anti-Hacker – Security Plugin",0.6.4,0.6.3,https://downloads.wordpress.org/plugin/anti-hacker.0.6.zip,"2024-11-16 01:47:00",https://wordpress.org/plugins/anti-hacker/,4.3,5.6
cf7-data-source,"Data Source for Contact Form 7",1.3.2,1.2.2,https://downloads.wordpress.org/plugin/cf7-data-source.1.3.2.zip,"2024-11-16 00:53:00",https://wordpress.org/plugins/cf7-data-source/,3.0.5,
computer-repair-shop,"CRM WordPress Plugin – RepairBuddy",3.8117,3.8114,https://downloads.wordpress.org/plugin/computer-repair-shop.3.8117.zip,"2024-11-16 00:59:00",https://wordpress.org/plugins/computer-repair-shop/,5.0,7.4
dark-visitors,"Dark Visitors",1.15.0,1.12.0,https://downloads.wordpress.org/plugin/dark-visitors.1.15.0.zip,"2024-11-16 03:08:00",https://wordpress.org/plugins/dark-visitors/,5.0,7.0
easy-pricing-tables,"Pricing Tables WordPress Plugin – Easy Pricing Tables",4.0.1,3.2.7,https://downloads.wordpress.org/plugin/easy-pricing-tables.zip,"2024-11-16 02:49:00",https://wordpress.org/plugins/easy-pricing-tables/,6.2,
include-mastodon-feed,"Include Mastodon Feed",1.9.5,1.9.4,https://downloads.wordpress.org/plugin/include-mastodon-feed.1.9.5.zip,"2024-11-16 01:19:00",https://wordpress.org/plugins/include-mastodon-feed/,6.0,7.4
mycryptocheckout,"MyCryptoCheckout – Bitcoin, Ethereum, and 100+ altcoins for WooCommerce",2.138,2.137,https://downloads.wordpress.org/plugin/mycryptocheckout.2.138.zip,"2024-11-16 03:07:00",https://wordpress.org/plugins/mycryptocheckout/,4.9,5.6
pdf-for-contact-form-7,"PDF for Contact Form 7 + Drag and Drop Template Builder",4.2.0,4.1.0,https://downloads.wordpress.org/plugin/pdf-for-contact-form-7.zip,"2024-11-16 02:55:00",https://wordpress.org/plugins/pdf-for-contact-form-7/,2.0,5.6
pdf-for-elementor-forms,"PDF for Elementor Forms + Drag And Drop Template Builder",4.2.0,4.1.0,https://downloads.wordpress.org/plugin/pdf-for-elementor-forms.zip,"2024-11-16 03:22:00",https://wordpress.org/plugins/pdf-for-elementor-forms/,2.0,5.6
pdf-for-gravity-forms,"Gravity Forms PDF + Drag And Drop Template Builder",4.2.0,4.1.1,https://downloads.wordpress.org/plugin/pdf-for-gravity-forms.zip,"2024-11-16 03:21:00",https://wordpress.org/plugins/pdf-for-gravity-forms/,2.0,5.6
pdf-for-ninja-forms,"PDF for Ninja Forms + Drag and Drop Template Builder",4.2.0,3.6.6,https://downloads.wordpress.org/plugin/pdf-for-ninja-forms.zip,"2024-11-16 03:18:00",https://wordpress.org/plugins/pdf-for-ninja-forms/,2.0,5.6
pdf-for-woocommerce,"PDF Invoices for WooCommerce + Drag and Drop Template Builder",4.2.0,4.0.1,https://downloads.wordpress.org/plugin/pdf-for-woocommerce.zip,"2024-11-16 03:27:00",https://wordpress.org/plugins/pdf-for-woocommerce/,2.0,5.6
pdf-for-wpforms,"PDF for WPForms + Drag and Drop Template Builder",4.2.0,4.1.0,https://downloads.wordpress.org/plugin/pdf-for-wpforms.zip,"2024-11-16 03:32:00",https://wordpress.org/plugins/pdf-for-wpforms/,2.0,5.6
tambar,"Tambar – Bottom Admin Bar",2.3.1,2.2.1,https://downloads.wordpress.org/plugin/tambar.2.3.1.zip,"2024-11-16 00:45:00",https://wordpress.org/plugins/tambar/,6.0,7.3
wp-pagenavi,WP-PageNavi,2.94.2,2.94.1,https://downloads.wordpress.org/plugin/wp-pagenavi.2.94.2.zip,"2024-11-16 01:30:00",https://wordpress.org/plugins/wp-pagenavi/,3.2,
wp-useronline,WP-UserOnline,2.88.4,2.88.3,https://downloads.wordpress.org/plugin/wp-useronline.2.88.4.zip,"2024-11-16 01:34:00",https://wordpress.org/plugins/wp-useronline/,4.0,
pdf-for-woocommerce,"PDF Invoices for WooCommerce + Drag and Drop Template Builder",4.3.0,4.2.0,https://downloads.wordpress.org/plugin/pdf-for-woocommerce.zip,"2024-11-16 03:47:00",https://wordpress.org/plugins/pdf-for-woocommerce/,2.0,5.6
api2cart-webhook-helper,"Webhook Helper",1.7.1,1.7,https://downloads.wordpress.org/plugin/api2cart-webhook-helper.zip,"2024-11-16 10:10:00",https://wordpress.org/plugins/api2cart-webhook-helper/,4.1,5.6
arkhe-blocks,"Arkhe Blocks",2.27.1,,https://downloads.wordpress.org/plugin/arkhe-blocks.2.27.1.zip,"2024-11-16 07:48:00",https://wordpress.org/plugins/arkhe-blocks/,6.0,7.0
bizzmagsmarketplace,"Bizzmags Marketplace",1.0.8,1.0.6,https://downloads.wordpress.org/plugin/bizzmagsmarketplace.1.0.8.zip,"2024-11-16 08:02:00",https://wordpress.org/plugins/bizzmagsmarketplace/,6.2,7.2
block-editor-disabler,"Block Editor Disabler",1.0.1,1.0.0,https://downloads.wordpress.org/plugin/block-editor-disabler.1.0.1.zip,"2024-11-16 09:25:00",https://wordpress.org/plugins/block-editor-disabler/,6.7,
cm-video-lesson-manager,"Video Lessons Manager – WordPress LMS Plugin",1.8.2,1.8.0,https://downloads.wordpress.org/plugin/cm-video-lesson-manager.zip,"2024-11-16 08:04:00",https://wordpress.org/plugins/cm-video-lesson-manager/,5.4.0,5.2.4
contest-gallery,"Photos, Files, YouTube, Twitter, Instagram, TikTok, Ecommerce Contest Gallery – Upload, Vote, Sell via PayPal, Social Share Buttons",24.0.7,24.0.5,https://downloads.wordpress.org/plugin/contest-gallery.24.0.7.zip,"2024-11-16 08:32:00",https://wordpress.org/plugins/contest-gallery/,5.6,
coupon-lite,"Coupon Plugin",1.2.0,1.1.9,https://downloads.wordpress.org/plugin/coupon-lite.1.2.0.zip,"2024-11-16 09:45:00",https://wordpress.org/plugins/coupon-lite/,4.5,7.4
css-class-manager,"CSS Class Manager – An advanced autocomplete additional css class control for your blocks",1.1.0,1.0.0,https://downloads.wordpress.org/plugin/css-class-manager.1.1.0.zip,"2024-11-16 09:30:00",https://wordpress.org/plugins/css-class-manager/,6.6,7.4
dropshipping-romania-avex,"Dropshipping Romania Avex",1.1.2,1.1.1,https://downloads.wordpress.org/plugin/dropshipping-romania-avex.1.1.2.zip,"2024-11-16 08:11:00",https://wordpress.org/plugins/dropshipping-romania-avex/,6.2,7.2
frakt123,Sendo,3.2,3.1,https://downloads.wordpress.org/plugin/frakt123.zip,"2024-11-16 10:17:00",https://wordpress.org/plugins/frakt123/,5.3,
guild-raid-progression-for-wow-and-raider-io,"Guild Raid Progression for WoW and Raider IO",1.0.6,1.0.4,https://downloads.wordpress.org/plugin/guild-raid-progression-for-wow-and-raider-io.zip,"2024-11-16 09:51:00",https://wordpress.org/plugins/guild-raid-progression-for-wow-and-raider-io/,5.0,
integration-for-szamlazzhu-woocommerce,"Számlázz.hu integráció WooCommerce-hez",6.0.6,6.0.4,https://downloads.wordpress.org/plugin/integration-for-szamlazzhu-woocommerce.6.0.6.zip,"2024-11-16 10:15:00",https://wordpress.org/plugins/integration-for-szamlazzhu-woocommerce/,6.5,7.4
plover-kit,"Plover Kit – Blocks, Patterns and Editor Enhancements",1.2.6,1.2.3,https://downloads.wordpress.org/plugin/plover-kit.1.2.6.zip,"2024-11-16 09:28:00",https://wordpress.org/plugins/plover-kit/,6.2,7.4
product-page-shipping-calculator-for-woocommerce,"Product page shipping calculator for WooCommerce",1.3.49.30,1.3.49.27,https://downloads.wordpress.org/plugin/product-page-shipping-calculator-for-woocommerce.1.3.49.30.zip,"2024-11-16 10:29:00",https://wordpress.org/plugins/product-page-shipping-calculator-for-woocommerce/,3.0.1,
profilegrid-user-profiles-groups-and-communities,"ProfileGrid – User Profiles, Groups and Communities",5.9.3.7,5.9.3.4,https://downloads.wordpress.org/plugin/profilegrid-user-profiles-groups-and-communities.5.9.3.7.zip,"2024-11-16 08:42:00",https://wordpress.org/plugins/profilegrid-user-profiles-groups-and-communities/,3.5,7.4
redi-restaurant-reservation,"ReDi Restaurant Reservation",24.1015,24.0902,https://downloads.wordpress.org/plugin/redi-restaurant-reservation.zip,"2024-11-16 10:28:00",https://wordpress.org/plugins/redi-restaurant-reservation/,5.0.0,
simple-membership,"Simple Membership",4.5.6,4.5.4,https://downloads.wordpress.org/plugin/simple-membership.4.5.6.zip,"2024-11-16 07:41:00",https://wordpress.org/plugins/simple-membership/,5.0,7.4
slim-seo,"Slim SEO – Fast & Automated WordPress SEO Plugin",4.1.0,4.0.2,https://downloads.wordpress.org/plugin/slim-seo.4.1.0.zip,"2024-11-16 08:23:00",https://wordpress.org/plugins/slim-seo/,5.9,7.2
threewp-broadcast,Broadcast,51.01,50.14,https://downloads.wordpress.org/plugin/threewp-broadcast.51.01.zip,"2024-11-16 10:30:00",https://wordpress.org/plugins/threewp-broadcast/,4.6,8.0
universal-blocks,"Universal Blocks – Drag & Drop Page Builder Blocks and Patterns for Gutenberg Block Editor",1.0.2-beta,1.01-beta,https://downloads.wordpress.org/plugin/universal-blocks.zip,"2024-11-16 09:38:00",https://wordpress.org/plugins/universal-blocks/,6.7,7.4
user-private-files,"User Private Files – File Upload & Download Manager with Secure File Sharing",2.1.3,2.1.1,https://downloads.wordpress.org/plugin/user-private-files.2.1.3.zip,"2024-11-16 07:44:00",https://wordpress.org/plugins/user-private-files/,6.0,7.4
wc-konnect-gateway,"Konnect Payment Gateway for WooCommerce",2.8.2,2.8.1,https://downloads.wordpress.org/plugin/wc-konnect-gateway.2.8.2.zip,"2024-11-16 08:34:00",https://wordpress.org/plugins/wc-konnect-gateway/,6.1,7.0
webhotelier,"WebHotelier for WordPress",1.9.2,1.9.1,https://downloads.wordpress.org/plugin/webhotelier.1.9.2.zip,"2024-11-16 09:40:00",https://wordpress.org/plugins/webhotelier/,4.9,5.6
wpbr-payuni-payment,"Pay with PAYUNi",1.6.3,1.6.2,https://downloads.wordpress.org/plugin/wpbr-payuni-payment.1.6.3.zip,"2024-11-16 09:00:00",https://wordpress.org/plugins/wpbr-payuni-payment/,5.9,7.4
ymc-smart-filter,"Filter & Grids",2.9.43,2.9.40,https://downloads.wordpress.org/plugin/ymc-smart-filter.zip,"2024-11-16 10:29:00",https://wordpress.org/plugins/ymc-smart-filter/,5.5,7.2
draply,"Draply – Dropshipping & Wholesale",1.0.4,,https://downloads.wordpress.org/plugin/draply.1.0.4.zip,"2024-11-16 09:57:00",https://wordpress.org/plugins/draply/,5.4,7.0
syntatis-feature-flipper,"Feature Flipper",1.1.0,,https://downloads.wordpress.org/plugin/syntatis-feature-flipper.1.1.0.zip,"2024-11-16 07:40:00",https://wordpress.org/plugins/syntatis-feature-flipper/,6.0,7.4
coupon-lite,"Coupon Plugin",1.2.1,1.2.0,https://downloads.wordpress.org/plugin/coupon-lite.1.2.1.zip,"2024-11-16 10:42:00",https://wordpress.org/plugins/coupon-lite/,4.5,7.4
advanced-autocomplete-orders-for-woocommerce,"Happy Autocomplete Orders for WooCommerce",1.0.2,1.0.1,https://downloads.wordpress.org/plugin/advanced-autocomplete-orders-for-woocommerce.1.0.2.zip,"2024-11-16 15:36:00",https://wordpress.org/plugins/advanced-autocomplete-orders-for-woocommerce/,4.4,5.6
advanced-media-offloader,"Advanced Media Offloader",1.5.1,1.5.0,https://downloads.wordpress.org/plugin/advanced-media-offloader.1.5.1.zip,"2024-11-16 15:12:00",https://wordpress.org/plugins/advanced-media-offloader/,5.6,8.1
advanced-rule-based-shipping,"Advanced Rule Based Shipping for WooCommerce, Condition Based Shipping Methods, Table Rate Shipping Methods",1.0.5,1.0.2,https://downloads.wordpress.org/plugin/advanced-rule-based-shipping.1.0.4.zip,"2024-11-16 14:42:00",https://wordpress.org/plugins/advanced-rule-based-shipping/,6.2.0,7.4.3
animated-mouse-cursor-trail,"Animated Mouse Cursor Trail",2.0,1.0,https://downloads.wordpress.org/plugin/animated-mouse-cursor-trail.2.0.zip,"2024-11-16 15:32:00",https://wordpress.org/plugins/animated-mouse-cursor-trail/,5.5,7.4
beautiful-animation,"Beautiful Animation with Love",2.0,1.0,https://downloads.wordpress.org/plugin/beautiful-animation.2.0.zip,"2024-11-16 15:05:00",https://wordpress.org/plugins/beautiful-animation/,5.5,7.4
comment-mention,"Comment Mention",1.7.14,1.7.13,https://downloads.wordpress.org/plugin/comment-mention.1.7.14.zip,"2024-11-16 16:41:00",https://wordpress.org/plugins/comment-mention/,4.6,5.6
comments-subscriber,"Comments Subscriber",1.0.1,1.0.0,https://downloads.wordpress.org/plugin/comments-subscriber.1.0.1.zip,"2024-11-16 17:20:00",https://wordpress.org/plugins/comments-subscriber/,5.9,7.4
directorist,"Directorist: AI-Powered WordPress Business Directory Plugin with Classified Ads Listings",8.0.4,7.12.7,https://downloads.wordpress.org/plugin/directorist.8.0.4.zip,"2024-11-16 17:25:00",https://wordpress.org/plugins/directorist/,4.6,7.0
easy-demo-importer,"Easy Demo Importer – A Modern One-Click Demo Import Solution",1.1.4,1.1.3,https://downloads.wordpress.org/plugin/easy-demo-importer.1.1.4.zip,"2024-11-16 14:32:00",https://wordpress.org/plugins/easy-demo-importer/,5.5,7.4
easy-map,"Easy Map – To add Map via Leaflet",1.5.0,1.4.4,https://downloads.wordpress.org/plugin/easy-map.1.5.0.zip,"2024-11-16 16:34:00",https://wordpress.org/plugins/easy-map/,4.6,5.6
elementrio,Elementrio,1.1.4,1.1.3,https://downloads.wordpress.org/plugin/elementrio.1.1.4.zip,"2024-11-16 15:22:00",https://wordpress.org/plugins/elementrio/,5.2,7.2
enable-svg-webp-ico-upload,"Enable SVG, WebP & ICO Upload  ",1.0.8,1.0.6,https://downloads.wordpress.org/plugin/enable-svg-webp-ico-upload.1.0.8.zip,"2024-11-16 15:34:00",https://wordpress.org/plugins/enable-svg-webp-ico-upload/,4.7,7.0
foxtool,"Foxtool All-in-One: Contact chat button, Custom login, Media optimize images",2.4.8,2.4.7,https://downloads.wordpress.org/plugin/foxtool.2.4.8.zip,"2024-11-16 14:33:00",https://wordpress.org/plugins/foxtool/,,5.8
hamail,"Hamail – Send Email via SendGrid",2.6.4,2.6.2,https://downloads.wordpress.org/plugin/hamail.2.6.4.zip,"2024-11-16 16:18:00",https://wordpress.org/plugins/hamail/,5.9,7.2
kleverlist,"KleverList: Simplified WooCommerce Customer Sync",2.5.0,2.4.2,https://downloads.wordpress.org/plugin/kleverlist.2.5.0.zip,"2024-11-16 15:40:00",https://wordpress.org/plugins/kleverlist/,5.5,8.0.2
magical-posts-display,"Magical Posts Display – Elementor Advanced Posts widgets",1.2.42,1.2.41,https://downloads.wordpress.org/plugin/magical-posts-display.zip,"2024-11-16 15:54:00",https://wordpress.org/plugins/magical-posts-display/,5.0,
nutsforpress-indexing-and-seo,"NutsForPress Indexing and SEO",2.5,2.3,https://downloads.wordpress.org/plugin/nutsforpress-indexing-and-seo.2.5.zip,"2024-11-16 15:55:00",https://wordpress.org/plugins/nutsforpress-indexing-and-seo/,5.3,7.0.0
performance-for-everyone,"WP-performance for everyone – boost page speed & performance",2.0.3,2.0.2,https://downloads.wordpress.org/plugin/performance-for-everyone.2.0.3.zip,"2024-11-16 15:09:00",https://wordpress.org/plugins/performance-for-everyone/,6.0,7.4
platycorp-etsy-syncer,"Platy Syncer Woocommerce to Etsy",6.5.1,4.9.3,https://downloads.wordpress.org/plugin/platycorp-etsy-syncer.6.5.1.zip,"2024-11-16 15:33:00",https://wordpress.org/plugins/platycorp-etsy-syncer/,4.7.0,7.0
price-offerings-for-woocommerce,"Name Your Price: Make Your Own Offer for WooCommerce",3.3.2,3.3.0,https://downloads.wordpress.org/plugin/price-offerings-for-woocommerce.3.3.2.zip,"2024-11-16 14:46:00",https://wordpress.org/plugins/price-offerings-for-woocommerce/,4.4,
product-view-count,"Product View Count",1.03,1.1,https://downloads.wordpress.org/plugin/product-view-count.1.03.zip,"2024-11-16 15:59:00",https://wordpress.org/plugins/product-view-count/,6.0,7.4
rsvpmaker-for-toastmasters,"RSVPMaker for Toastmasters",6.3,6.2.2,https://downloads.wordpress.org/plugin/rsvpmaker-for-toastmasters.6.3.zip,"2024-11-16 14:30:00",https://wordpress.org/plugins/rsvpmaker-for-toastmasters/,5.0,5.6
scrollr,Scrollr,1.0.6,1.0.5,https://downloads.wordpress.org/plugin/scrollr.1.0.6.zip,"2024-11-16 14:48:00",https://wordpress.org/plugins/scrollr/,5.8,7.3.5
simple-history,"Simple History – Track, Log, and Audit WordPress Changes",5.2.0,5.1.0,https://downloads.wordpress.org/plugin/simple-history.5.2.0.zip,"2024-11-16 15:22:00",https://wordpress.org/plugins/simple-history/,6.6,7.4
simple-noai-and-noimageai,"Simple NoAI and NoImageAI",1.6.6,1.6.4,https://downloads.wordpress.org/plugin/simple-noai-and-noimageai.zip,"2024-11-16 14:32:00",https://wordpress.org/plugins/simple-noai-and-noimageai/,1.2,
simple-page-views-with-analytics,"Simple Page Views with Analytics",1.0.2,1.0.0,https://downloads.wordpress.org/plugin/simple-page-views-with-analytics.1.0.2.zip,"2024-11-16 15:29:00",https://wordpress.org/plugins/simple-page-views-with-analytics/,6.1,7.0
site-toolkit,"Site Toolkit",1.1.1,1.1.0,https://downloads.wordpress.org/plugin/site-toolkit.1.1.1.zip,"2024-11-16 17:14:00",https://wordpress.org/plugins/site-toolkit/,5.9,7.4
smart-heading,"Smart Heading",1.0.2,1.0.1,https://downloads.wordpress.org/plugin/smart-heading.1.0.2.zip,"2024-11-16 15:54:00",https://wordpress.org/plugins/smart-heading/,6.1,7.0
stylish-scrolling-title,"Stylish Scrolling Title",2.0,1.0,https://downloads.wordpress.org/plugin/stylish-scrolling-title.2.0.zip,"2024-11-16 15:22:00",https://wordpress.org/plugins/stylish-scrolling-title/,5.5,7.4
tourfic,"Tourfic – Ultimate Hotel Booking, Travel Booking & Apartment Booking WordPress Plugin | WooCommerce Booking",2.14.3,2.14.0,https://downloads.wordpress.org/plugin/tourfic.2.14.3.zip,"2024-11-16 17:19:00",https://wordpress.org/plugins/tourfic/,5.4,7.4
wp-hooks-finder,"WP Hooks Finder",1.3.2,1.3.1,https://downloads.wordpress.org/plugin/wp-hooks-finder.1.3.2.zip,"2024-11-16 16:00:00",https://wordpress.org/plugins/wp-hooks-finder/,4.0,
wp-inci,"WP INCI",1.6.7,1.6.6,https://downloads.wordpress.org/plugin/wp-inci.1.6.7.zip,"2024-11-16 17:18:00",https://wordpress.org/plugins/wp-inci/,5.9,7.4
wp-wpcat-json-rest,wp_wpcat_json_rest,1.1.0,0.1.5,https://downloads.wordpress.org/plugin/wp-wpcat-json-rest.1.1.0.zip,"2024-11-16 16:32:00",https://wordpress.org/plugins/wp-wpcat-json-rest/,6.2,7.4
wp24-domain-check,"WP24 Domain Check",1.10.13,1.10.12,https://downloads.wordpress.org/plugin/wp24-domain-check.1.10.13.zip,"2024-11-16 17:08:00",https://wordpress.org/plugins/wp24-domain-check/,5.0,7.0.0
blocks-to-shortcode,"Blocks to ShortCode",0.01,,https://downloads.wordpress.org/plugin/blocks-to-shortcode.0.01.zip,"2024-11-16 15:41:00",https://wordpress.org/plugins/blocks-to-shortcode/,6.2,7.2
wp-create-shortcode,"WP Create Shortcode",1.1,,https://downloads.wordpress.org/plugin/wp-create-shortcode.1.1.zip,"2024-11-16 15:16:00",https://wordpress.org/plugins/wp-create-shortcode/,6.0,7.4
wp24-domain-check,"WP24 Domain Check",1.10.14,1.10.13,https://downloads.wordpress.org/plugin/wp24-domain-check.1.10.14.zip,"2024-11-16 17:31:00",https://wordpress.org/plugins/wp24-domain-check/,5.0,7.0.0
c9-blocks,"C9 Blocks",1.7.7,1.7.5,https://downloads.wordpress.org/plugin/c9-blocks.1.7.7.zip,"2024-11-17 00:15:00",https://wordpress.org/plugins/c9-blocks/,5.9,7.1
pochipp,Pochipp,1.16.0,1.15.0,https://downloads.wordpress.org/plugin/pochipp.1.16.0.zip,"2024-11-17 01:46:00",https://wordpress.org/plugins/pochipp/,5.6,7.4
product-layouts,"Product Layouts for Woocommerce ( Product Gallery, Product Showcase, Layout Design, Category Tabs, Product Slider, Product Grid, Product Table )",1.3.0,1.2.10,https://downloads.wordpress.org/plugin/product-layouts.1.3.0.zip,"2024-11-17 01:15:00",https://wordpress.org/plugins/product-layouts/,6.2,7.4
wc-donation-platform,"Donation Platform for WooCommerce: Fundraising & Donation Management",1.3.3,1.3.2,https://downloads.wordpress.org/plugin/wc-donation-platform.1.3.3.zip,"2024-11-16 23:31:00",https://wordpress.org/plugins/wc-donation-platform/,5.8,7.1
wp-console,"WP Console – WordPress PHP Console powered by PsySH",2.5.0,2.4.1,https://downloads.wordpress.org/plugin/wp-console.2.5.0.zip,"2024-11-17 01:47:00",https://wordpress.org/plugins/wp-console/,5.3.12,7.4
chatty,Chatty,1.0.0,,https://downloads.wordpress.org/plugin/chatty.zip,"2024-11-16 23:57:00",https://wordpress.org/plugins/chatty/,4.4,7.2
animation-addons-for-elementor,"Animation Addons for Elementor",1.1.5,1.1.3,https://downloads.wordpress.org/plugin/animation-addons-for-elementor.1.1.5.zip,"2024-11-17 06:35:00",https://wordpress.org/plugins/animation-addons-for-elementor/,6.0,7.4
block-editor-navigator,"Block Editor Navigator",1.1.5,1.1.4,https://downloads.wordpress.org/plugin/block-editor-navigator.1.1.5.zip,"2024-11-17 08:24:00",https://wordpress.org/plugins/block-editor-navigator/,5.0,7.2
blocks-for-shopengine,"ShopEngine Gutenberg WooCommerce Builder Blocks Addon – All in One WooCommerce Solution",2.4.0,2.3.8,https://downloads.wordpress.org/plugin/blocks-for-shopengine.2.4.0.zip,"2024-11-17 06:31:00",https://wordpress.org/plugins/blocks-for-shopengine/,,7.4
custom-login-logo-and-url,"Custom Login Logo and URL",1.0,0.9,https://downloads.wordpress.org/plugin/custom-login-logo-and-url.1.0.zip,"2024-11-17 06:25:00",https://wordpress.org/plugins/custom-login-logo-and-url/,6.0,7.4
customize-my-account-for-woocommerce,"SysBasics Customize My Account for WooCommerce",2.8.16,2.8.9,https://downloads.wordpress.org/plugin/customize-my-account-for-woocommerce.2.8.16.zip,"2024-11-17 08:10:00",https://wordpress.org/plugins/customize-my-account-for-woocommerce/,3.3,5.2
default-post-author,"Default Post Author",1.1.4,1.1.3,https://downloads.wordpress.org/plugin/default-post-author.1.1.4.zip,"2024-11-17 06:05:00",https://wordpress.org/plugins/default-post-author/,6.1,7.4
directorist-wpml-integration,"Directorist – WPML Integration",2.0.0,1.0.0,https://downloads.wordpress.org/plugin/directorist-wpml-integration.zip,"2024-11-17 08:19:00",https://wordpress.org/plugins/directorist-wpml-integration/,5.7,7.2
disable-email-notification-for-auto-updates,"Disable email Notification for auto-updates",1.0.2,1.0.1,https://downloads.wordpress.org/plugin/disable-email-notification-for-auto-updates.1.0.2.zip,"2024-11-17 07:48:00",https://wordpress.org/plugins/disable-email-notification-for-auto-updates/,5.5,7.0
disable-payment-method-for-woocommerce,"Disable payment method / COD fees / Advance COD or Partial payment for Order for WooCommerce",1.1.7.69,1.1.7.66,https://downloads.wordpress.org/plugin/disable-payment-method-for-woocommerce.1.1.7.69.zip,"2024-11-17 05:52:00",https://wordpress.org/plugins/disable-payment-method-for-woocommerce/,4.0.1,
elementskit-lite,"ElementsKit Elementor addons",3.3.2,3.2.8,https://downloads.wordpress.org/plugin/elementskit-lite.3.3.2.zip,"2024-11-17 07:51:00",https://wordpress.org/plugins/elementskit-lite/,5.0,7.4
gutenkit-blocks-addon,"GutenKit – Page Builder Blocks, Patterns, and Templates for Gutenberg Block Editor",2.1.5,2.1.3,https://downloads.wordpress.org/plugin/gutenkit-blocks-addon.2.1.5.zip,"2024-11-17 07:47:00",https://wordpress.org/plugins/gutenkit-blocks-addon/,6.1,7.4
live-copy-paste,"Live Copy Paste Elementor Addon – Cross Domain Copy Paste, Copy Local to Cloud, Copy Paste Elementor Section",1.4.0,1.3.4,https://downloads.wordpress.org/plugin/live-copy-paste.1.4.0.zip,"2024-11-17 07:32:00",https://wordpress.org/plugins/live-copy-paste/,5.0.0,7.4.0
login-stripe-customer-portal,"Login for Stripe Customer Portal",1.0.2,1.0.1,https://downloads.wordpress.org/plugin/login-stripe-customer-portal.1.0.2.zip,"2024-11-17 07:23:00",https://wordpress.org/plugins/login-stripe-customer-portal/,5.0,7.0
luckynode,LuckyNode,1.0.11,1.0.7,https://downloads.wordpress.org/plugin/luckynode.1.0.11.zip,"2024-11-17 05:54:00",https://wordpress.org/plugins/luckynode/,6.4,7.4
magical-blocks,"Magical Blocks – Premium Gutenberg Blocks",1.0.10,1.0.9,https://downloads.wordpress.org/plugin/magical-blocks.zip,"2024-11-17 05:47:00",https://wordpress.org/plugins/magical-blocks/,5.0,
metform,"MetForm – Contact Form, Survey, Quiz, & Custom Form Builder for Elementor",3.9.1,3.9.0,https://downloads.wordpress.org/plugin/metform.3.9.1.zip,"2024-11-17 06:36:00",https://wordpress.org/plugins/metform/,5.0,7.4
pdf-poster,"PDF Poster – PDF Embedder Plugin",2.2.0,2.1.24,https://downloads.wordpress.org/plugin/pdf-poster.2.2.0.zip,"2024-11-17 07:11:00",https://wordpress.org/plugins/pdf-poster/,5.0,7.1
simple-disable-xml-rpc,"Simple Disable XML-RPC",1.3.4,,https://downloads.wordpress.org/plugin/simple-disable-xml-rpc.1.3.4.zip,"2024-11-17 05:58:00",https://wordpress.org/plugins/simple-disable-xml-rpc/,6.1,7.4
simple-membership,"Simple Membership",4.5.7,4.5.6,https://downloads.wordpress.org/plugin/simple-membership.4.5.7.zip,"2024-11-17 06:10:00",https://wordpress.org/plugins/simple-membership/,5.0,7.4
slider-blocks,"GutSlider – All in One Block Slider",2.8.1,2.7.6,https://downloads.wordpress.org/plugin/slider-blocks.2.8.1.zip,"2024-11-17 07:02:00",https://wordpress.org/plugins/slider-blocks/,6.5,7.4
syntatis-feature-flipper,"Feature Flipper",1.2.0,1.1.0,https://downloads.wordpress.org/plugin/syntatis-feature-flipper.1.2.0.zip,"2024-11-17 08:19:00",https://wordpress.org/plugins/syntatis-feature-flipper/,6.0,7.4
woolementor,"CoDesigner – All in One Elementor WooCommerce Builder",4.7.8,4.7.1,https://downloads.wordpress.org/plugin/woolementor.4.7.8.zip,"2024-11-17 06:38:00",https://wordpress.org/plugins/woolementor/,5.0,7.0
change-mail-sender-email-and-name,"Change Default Mail Sender Email and Name",1.0.3,,https://downloads.wordpress.org/plugin/change-mail-sender-email-and-name.1.0.3.zip,"2024-11-17 06:32:00",https://wordpress.org/plugins/change-mail-sender-email-and-name/,6.1,7.4
login-logout-redirect,"Login Logout Redirect – Redirects users after login/logout to a specific URL or page",1.4,,https://downloads.wordpress.org/plugin/login-logout-redirect.1.4.zip,"2024-11-17 06:35:00",https://wordpress.org/plugins/login-logout-redirect/,5.0,
customize-my-account-for-woocommerce,"SysBasics Customize My Account for WooCommerce",2.8.17,2.8.16,https://downloads.wordpress.org/plugin/customize-my-account-for-woocommerce.2.8.17.zip,"2024-11-17 10:01:00",https://wordpress.org/plugins/customize-my-account-for-woocommerce/,3.3,5.2
academy,"Academy LMS – WordPress LMS Plugin for Complete eLearning Solution",2.2.2,2.2.0,https://downloads.wordpress.org/plugin/academy.2.2.2.zip,"2024-11-17 12:28:00",https://wordpress.org/plugins/academy/,6.4,7.4
adminify,"WP Adminify – Custom WordPress Dashboard, Login and Admin Customizer",4.0.2.1,4.0.1.9,https://downloads.wordpress.org/plugin/adminify.4.0.2.1.zip,"2024-11-17 13:54:00",https://wordpress.org/plugins/adminify/,4.0,5.3
background-block,"Section Builder with Backgrounds – Make your section with color, gradient, or image background with parallax effects",0.12,0.10,https://downloads.wordpress.org/plugin/background-block.0.12.zip,"2024-11-17 14:21:00",https://wordpress.org/plugins/background-block/,6.5,7.2
basic-portfolio,"Basic Portfolio",0.2,0.1,https://downloads.wordpress.org/plugin/basic-portfolio.0.2.zip,"2024-11-17 13:42:00",https://wordpress.org/plugins/basic-portfolio/,6.0,8.0
block-editor-gallery-slider,"Block Editor Gallery Slider",1.0.5,1.0.4,https://downloads.wordpress.org/plugin/block-editor-gallery-slider.1.0.5.zip,"2024-11-17 14:39:00",https://wordpress.org/plugins/block-editor-gallery-slider/,5.0,7.2
camoo-cdn,"CAMOO CDN",2.0.3,2.0.2,https://downloads.wordpress.org/plugin/camoo-cdn.2.0.3.zip,"2024-11-17 14:00:00",https://wordpress.org/plugins/camoo-cdn/,6.4.3,8.0
customize-my-account-for-woocommerce,"SysBasics Customize My Account for WooCommerce",2.8.18,2.8.17,https://downloads.wordpress.org/plugin/customize-my-account-for-woocommerce.2.8.18.zip,"2024-11-17 14:53:00",https://wordpress.org/plugins/customize-my-account-for-woocommerce/,3.3,5.2
duplicator-post-page,"Duplicator Post Page",1.0.3,1.0.2,https://downloads.wordpress.org/plugin/duplicator-post-page.1.0.3.zip,"2024-11-17 13:22:00",https://wordpress.org/plugins/duplicator-post-page/,6.1,7.0
flexible-scroll-top,"Flexible Scroll Top",1.5.1,1.5.0,https://downloads.wordpress.org/plugin/flexible-scroll-top.1.5.1.zip,"2024-11-17 14:06:00",https://wordpress.org/plugins/flexible-scroll-top/,5.0,
floating-share-button,"Floating Share Button",1.7.4,1.7.3,https://downloads.wordpress.org/plugin/floating-share-button.1.7.4.zip,"2024-11-17 14:31:00",https://wordpress.org/plugins/floating-share-button/,5.0,
foodle-for-democracy-poll,"Foodle Add-On for Democracy Poll",2.5.23.1,2.5.21.3.1,https://downloads.wordpress.org/plugin/foodle-for-democracy-poll.2.5.23.1.zip,"2024-11-17 13:49:00",https://wordpress.org/plugins/foodle-for-democracy-poll/,4.3,7.4
header-enhancement,"Header Enhancement",1.5.6,1.5.5,https://downloads.wordpress.org/plugin/header-enhancement.zip,"2024-11-17 13:28:00",https://wordpress.org/plugins/header-enhancement/,5.9,
hungarian-pickup-points-for-woocommerce,"Csomagpontok és Címkék WooCommerce-hez",3.4.6,3.4.3,https://downloads.wordpress.org/plugin/hungarian-pickup-points-for-woocommerce.zip,"2024-11-17 13:48:00",https://wordpress.org/plugins/hungarian-pickup-points-for-woocommerce/,6.0,
instant-page-load,"Instant Page Load",1.09,1.0.8,https://downloads.wordpress.org/plugin/instant-page-load.1.09.zip,"2024-11-17 12:48:00",https://wordpress.org/plugins/instant-page-load/,6.0,7.4
loco-translate,"Loco Translate",2.6.13,2.6.12,https://downloads.wordpress.org/plugin/loco-translate.2.6.13.zip,"2024-11-17 13:57:00",https://wordpress.org/plugins/loco-translate/,5.2,5.6.20
mailgun,"Mailgun for WordPress",2.1.2,2.1.0,https://downloads.wordpress.org/plugin/mailgun.2.1.2.zip,"2024-11-17 12:30:00",https://wordpress.org/plugins/mailgun/,4.4,7.4
mstore-api,"MStore API – Create Native Android & iOS Apps On The Cloud",4.15.8,4.15.5,https://downloads.wordpress.org/plugin/mstore-api.4.15.8.zip,"2024-11-17 14:48:00",https://wordpress.org/plugins/mstore-api/,4.4,
my-easy-compta,myEasyCompta,1.4.0,1.2.4,https://downloads.wordpress.org/plugin/my-easy-compta.1.4.0.zip,"2024-11-17 13:08:00",https://wordpress.org/plugins/my-easy-compta/,6.2,8.0
page-builder-companion,"Page Builder Companion",1.2.3,1.2.2,https://downloads.wordpress.org/plugin/page-builder-companion.zip,"2024-11-17 13:33:00",https://wordpress.org/plugins/page-builder-companion/,5.7,
pdf-for-woocommerce,"PDF Invoices for WooCommerce + Drag and Drop Template Builder",4.4.1,4.3.0,https://downloads.wordpress.org/plugin/pdf-for-woocommerce.zip,"2024-11-17 15:07:00",https://wordpress.org/plugins/pdf-for-woocommerce/,2.0,5.6
system-dashboard,"System Dashboard",2.8.15,2.8.14,https://downloads.wordpress.org/plugin/system-dashboard.2.8.15.zip,"2024-11-17 14:36:00",https://wordpress.org/plugins/system-dashboard/,4.8,5.6
variable-inspector,"Variable Inspector",2.6.2,2.6.1,https://downloads.wordpress.org/plugin/variable-inspector.2.6.2.zip,"2024-11-17 14:29:00",https://wordpress.org/plugins/variable-inspector/,4.8,5.6
wc-shipos-delivery,"Deliver via Shipos for WooCommerce",2.1.3,2.1.2,https://downloads.wordpress.org/plugin/wc-shipos-delivery.2.1.3.zip,"2024-11-17 12:51:00",https://wordpress.org/plugins/wc-shipos-delivery/,5.8.0,7.4
weight-based-shipping-for-woocommerce,"WooCommerce Weight Based Shipping",6.1.0,5.10.0,https://downloads.wordpress.org/plugin/weight-based-shipping-for-woocommerce.zip,"2024-11-17 13:17:00",https://wordpress.org/plugins/weight-based-shipping-for-woocommerce/,4.6,7.2
advanced-panorama-360-viewer,"Advanced Panorama 360 Viewer",1.0.0,,https://downloads.wordpress.org/plugin/advanced-panorama-360-viewer.1.0.0.zip,"2024-11-17 13:44:00",https://wordpress.org/plugins/advanced-panorama-360-viewer/,5.6,7.4
aisiteassistant,AISiteAssistant,1.2,,https://downloads.wordpress.org/plugin/aisiteassistant.zip,"2024-11-17 14:31:00",https://wordpress.org/plugins/aisiteassistant/,5.0,7.2
b7-random-images,"B7 Random Images",1.0.0,,https://downloads.wordpress.org/plugin/b7-random-images.1.0.0.zip,"2024-11-17 13:12:00",https://wordpress.org/plugins/b7-random-images/,5.9,7.2
bookster-discounts-fees,"Bookster Discounts and Fees",1.0.0,,https://downloads.wordpress.org/plugin/bookster-discounts-fees.zip,"2024-11-17 13:03:00",https://wordpress.org/plugins/bookster-discounts-fees/,5.2,7.2
simple-jwt-auth,"Simple JWT Auth",1.0.2,,https://downloads.wordpress.org/plugin/simple-jwt-auth.1.0.2.zip,"2024-11-17 13:30:00",https://wordpress.org/plugins/simple-jwt-auth/,5.2,7.4
social-links-manager,"Social Links Manager",1.0.1,,https://downloads.wordpress.org/plugin/social-links-manager.1.0.1.zip,"2024-11-17 13:06:00",https://wordpress.org/plugins/social-links-manager/,5.0,7.4
customize-my-account-for-woocommerce,"SysBasics Customize My Account for WooCommerce",2.8.19,2.8.18,https://downloads.wordpress.org/plugin/customize-my-account-for-woocommerce.2.8.19.zip,"2024-11-17 16:21:00",https://wordpress.org/plugins/customize-my-account-for-woocommerce/,3.3,5.2
advanced-block-controls,"Advanced Block Controls (ABC)",1.6.1,1.5.1,https://downloads.wordpress.org/plugin/advanced-block-controls.1.6.1.zip,"2024-11-17 20:41:00",https://wordpress.org/plugins/advanced-block-controls/,6.4.3,7.4.3
basic-sharer,"Basic Sharer",0.6,0.5,https://downloads.wordpress.org/plugin/basic-sharer.zip,"2024-11-17 19:52:00",https://wordpress.org/plugins/basic-sharer/,5.0,8.0
bundler,"Bundler – Quantity Discounts & Breaks, Product Bundles and Dynamic Pricing for Woocommerce",3.1.3,3.1.2,https://downloads.wordpress.org/plugin/bundler.3.1.3.zip,"2024-11-17 19:48:00",https://wordpress.org/plugins/bundler/,6.0,7.0
cache-warmer,"Cache Warmer",1.3.8,1.3.7,https://downloads.wordpress.org/plugin/cache-warmer.1.3.8.zip,"2024-11-17 21:34:00",https://wordpress.org/plugins/cache-warmer/,,7.4
cooked,"Cooked – Recipe Management",1.8.9,1.8.7,https://downloads.wordpress.org/plugin/cooked.1.8.9.zip,"2024-11-17 21:05:00",https://wordpress.org/plugins/cooked/,4.7,7.4
media-cloud-sync,"Media Cloud Sync",1.0.1,1.0.0,https://downloads.wordpress.org/plugin/media-cloud-sync.1.0.1.zip,"2024-11-17 20:11:00",https://wordpress.org/plugins/media-cloud-sync/,5.2,7.4
mihdan-index-now,"CrawlWP SEO – Instant Search Engine Indexing & SEO Performance Monitor",3.0.0,2.6.5,https://downloads.wordpress.org/plugin/mihdan-index-now.3.0.0.zip,"2024-11-17 20:34:00",https://wordpress.org/plugins/mihdan-index-now/,5.9,7.4
newsletters-lite,Newsletters,4.9.9.6,4.9.9.4,https://downloads.wordpress.org/plugin/newsletters-lite.4.9.9.6.zip,"2024-11-17 20:13:00",https://wordpress.org/plugins/newsletters-lite/,3.8,
pen-extra-features,Pen,1.1.6,1.1.5,https://downloads.wordpress.org/plugin/pen-extra-features.zip,"2024-11-17 20:44:00",https://wordpress.org/plugins/pen-extra-features/,4.8,5.6
photoberry-studio,"PhotoBerry Studio – Manager for Photographers",1.0.6,1.0.1,https://downloads.wordpress.org/plugin/photoberry-studio.1.0.6.zip,"2024-11-17 21:35:00",https://wordpress.org/plugins/photoberry-studio/,,7.2
podlove-podcasting-plugin-for-wordpress,"Podlove Podcast Publisher",4.1.22,4.1.15,https://downloads.wordpress.org/plugin/podlove-podcasting-plugin-for-wordpress.4.1.22.zip,"2024-11-17 21:35:00",https://wordpress.org/plugins/podlove-podcasting-plugin-for-wordpress/,4.9.6,8.0
thumbsupsurvey-wp-client,"ThumbsUpSurvey WP Client",1.4.1,1.4.0,https://downloads.wordpress.org/plugin/thumbsupsurvey-wp-client.zip,"2024-11-17 20:40:00",https://wordpress.org/plugins/thumbsupsurvey-wp-client/,6.0,
user-post-collections,"User Post Collections",0.9.1,0.8.32,https://downloads.wordpress.org/plugin/user-post-collections.0.9.1.zip,"2024-11-17 20:57:00",https://wordpress.org/plugins/user-post-collections/,4.9.6,7.0
verse-of-the-day-widget-for-wp,"Verse of the Day Widget for WP",7.3.18,7.3.16,https://downloads.wordpress.org/plugin/verse-of-the-day-widget-for-wp.zip,"2024-11-17 21:57:00",https://wordpress.org/plugins/verse-of-the-day-widget-for-wp/,6.6,
wc-product-table-lite,"WooCommerce Product Table Lite",3.8.7,3.8.6,https://downloads.wordpress.org/plugin/wc-product-table-lite.zip,"2024-11-17 21:09:00",https://wordpress.org/plugins/wc-product-table-lite/,4.9,5.5
webmaster-user-role,"Simple Client Dashboard",2.1.7.20,2.1.7.18,https://downloads.wordpress.org/plugin/webmaster-user-role.2.1.7.20.zip,"2024-11-17 21:43:00",https://wordpress.org/plugins/webmaster-user-role/,3.5,
ymc-smart-filter,"Filter & Grids",2.9.45,2.9.43,https://downloads.wordpress.org/plugin/ymc-smart-filter.zip,"2024-11-17 20:11:00",https://wordpress.org/plugins/ymc-smart-filter/,5.5,7.2
affiliates-manager,"Affiliates Manager",2.9.40,2.9.39,https://downloads.wordpress.org/plugin/affiliates-manager.zip,"2024-11-18 04:09:00",https://wordpress.org/plugins/affiliates-manager/,3.5,
auto-listings,"Auto Listings – Car Listings & Car Dealership Plugin for WordPress",2.6.14,2.6.13,https://downloads.wordpress.org/plugin/auto-listings.2.6.14.zip,"2024-11-18 02:21:00",https://wordpress.org/plugins/auto-listings/,6.2,7.2
conditional-logic-for-elementor-forms,"Elementor Forms Conditional Logic",2.2.4,2.2.3,https://downloads.wordpress.org/plugin/conditional-logic-for-elementor-forms.zip,"2024-11-18 03:16:00",https://wordpress.org/plugins/conditional-logic-for-elementor-forms/,2.0,5.2
convertkit-for-woocommerce,"Kit (formerly ConvertKit) for WooCommerce",1.9.0,1.8.9,https://downloads.wordpress.org/plugin/convertkit-for-woocommerce.1.9.0.zip,"2024-11-18 03:53:00",https://wordpress.org/plugins/convertkit-for-woocommerce/,5.0,5.6.20
easy-modules,"Easy Modules for Beaver Builder",1.1.3,1.1.1,https://downloads.wordpress.org/plugin/easy-modules.1.1.3.zip,"2024-11-18 04:01:00",https://wordpress.org/plugins/easy-modules/,5.2,7.2
mxchat-basic,"MxChat – AI Chatbot for WordPress",1.4.3,1.4.1,https://downloads.wordpress.org/plugin/mxchat-basic.1.4.3.zip,"2024-11-18 03:48:00",https://wordpress.org/plugins/mxchat-basic/,5.0,7.2
page-generator,"Page Generator",1.7.4,1.7.3,https://downloads.wordpress.org/plugin/page-generator.1.7.4.zip,"2024-11-18 04:19:00",https://wordpress.org/plugins/page-generator/,5.0,7.4
pdf-for-elementor-forms,"PDF for Elementor Forms + Drag And Drop Template Builder",4.4.0,4.2.0,https://downloads.wordpress.org/plugin/pdf-for-elementor-forms.zip,"2024-11-18 03:50:00",https://wordpress.org/plugins/pdf-for-elementor-forms/,2.0,5.6
pdf-for-wpforms,"PDF for WPForms + Drag and Drop Template Builder",4.4.0,4.2.0,https://downloads.wordpress.org/plugin/pdf-for-wpforms.zip,"2024-11-18 03:34:00",https://wordpress.org/plugins/pdf-for-wpforms/,2.0,5.6
templatiq,Templatiq,0.2.1,0.2.0,https://downloads.wordpress.org/plugin/templatiq.0.2.1.zip,"2024-11-18 04:20:00",https://wordpress.org/plugins/templatiq/,6.0,7.4
unusedcss,"RapidLoad – Optimize Web Vitals Automatically",2.4.1,2.4.0,https://downloads.wordpress.org/plugin/unusedcss.2.4.1.zip,"2024-11-18 04:23:00",https://wordpress.org/plugins/unusedcss/,5.0,5.4
wp-to-buffer,"Auto Post, Auto Publish and Schedule to Twitter, LinkedIn and Social Media – WP to Buffer",3.9.4,3.9.3,https://downloads.wordpress.org/plugin/wp-to-buffer.3.9.4.zip,"2024-11-18 04:30:00",https://wordpress.org/plugins/wp-to-buffer/,5.0,7.4
wpc-attribute-groups,"WPC Smart Attribute Groups for WooCommerce",1.1.4,1.1.2,https://downloads.wordpress.org/plugin/wpc-attribute-groups.1.1.4.zip,"2024-11-18 04:28:00",https://wordpress.org/plugins/wpc-attribute-groups/,4.0,
smart-product-showcase-for-woocommerce,"Smart Product Showcase for WooCommerce",1.0,,https://downloads.wordpress.org/plugin/smart-product-showcase-for-woocommerce.zip,"2024-11-18 04:32:00",https://wordpress.org/plugins/smart-product-showcase-for-woocommerce/,4.0,
404-solution,"404 Solution",2.35.19,2.35.14,https://downloads.wordpress.org/plugin/404-solution.2.35.19.zip,"2024-11-18 07:45:00",https://wordpress.org/plugins/404-solution/,3.9,
accounting-for-woocommerce,"Accounting for WooCommerce",1.6.6,1.6.4,https://downloads.wordpress.org/plugin/accounting-for-woocommerce.1.6.6.zip,"2024-11-18 09:02:00",https://wordpress.org/plugins/accounting-for-woocommerce/,5.3,7.4
actirise,Actirise,2.5.8,2.5.4,https://downloads.wordpress.org/plugin/actirise.2.5.8.zip,"2024-11-18 09:26:00",https://wordpress.org/plugins/actirise/,4.5,5.6
advance-bank-payment-transfer-gateway,"Advance Bank Payment Transfer Gateway",6.5,6.4,https://downloads.wordpress.org/plugin/advance-bank-payment-transfer-gateway.zip,"2024-11-18 07:52:00",https://wordpress.org/plugins/advance-bank-payment-transfer-gateway/,,
ai-muse,"AI Muse – AI Chatbot, AI Content Generator & Writer, AI Image Generator, AI Assistant, ChatGPT, GPT-4o, Gemini, LLAMA, Claude",1.3.3,1.3.2,https://downloads.wordpress.org/plugin/ai-muse.1.3.3.zip,"2024-11-18 10:29:00",https://wordpress.org/plugins/ai-muse/,6.1,7.4
ameliabooking,"Booking for Appointments and Events Calendar – Amelia",1.2.11,1.2.10,https://downloads.wordpress.org/plugin/ameliabooking.1.2.11.zip,"2024-11-18 09:05:00",https://wordpress.org/plugins/ameliabooking/,4.5,7.4
appture-pay,"Appture Pay",1.6.4,1.6.3,https://downloads.wordpress.org/plugin/appture-pay.1.6.4.zip,"2024-11-18 10:13:00",https://wordpress.org/plugins/appture-pay/,5.2,7.2
auto-podcast-import,"Auto podcast import",1.0.5,1.0.4,https://downloads.wordpress.org/plugin/auto-podcast-import.1.0.5.zip,"2024-11-18 10:25:00",https://wordpress.org/plugins/auto-podcast-import/,6.1.0,7.4
back-in-stock-notifier-for-woocommerce,"Back In Stock Notifier for WooCommerce | WooCommerce Waitlist Pro",5.7.0,5.5.2,https://downloads.wordpress.org/plugin/back-in-stock-notifier-for-woocommerce.5.7.0.zip,"2024-11-18 07:56:00",https://wordpress.org/plugins/back-in-stock-notifier-for-woocommerce/,4.7,7.4
bbmsl-payment-gateway,"BBMSL Payment Gateway",1.0.25,1.0.24,https://downloads.wordpress.org/plugin/bbmsl-payment-gateway.1.0.25.zip,"2024-11-18 07:39:00",https://wordpress.org/plugins/bbmsl-payment-gateway/,5.2,7.4
bdthemes-element-pack-lite,"Element Pack Elementor Addons (Header Footer, Template Library, Dynamic Grid, Carousel and Remote Arrows)",5.10.7,5.10.2,https://downloads.wordpress.org/plugin/bdthemes-element-pack-lite.5.10.7.zip,"2024-11-18 10:31:00",https://wordpress.org/plugins/bdthemes-element-pack-lite/,5.0.0,7.4.0
beaf-before-and-after-gallery,"Ultimate Before After Image Slider & Gallery – BEAF",4.5.33,4.5.27,https://downloads.wordpress.org/plugin/beaf-before-and-after-gallery.4.5.33.zip,"2024-11-18 09:37:00",https://wordpress.org/plugins/beaf-before-and-after-gallery/,4.0,7.4
boostify-header-footer-builder,"Boostify Header Footer Builder for Elementor",1.3.8,1.3.7,https://downloads.wordpress.org/plugin/boostify-header-footer-builder.1.3.8.zip,"2024-11-18 08:37:00",https://wordpress.org/plugins/boostify-header-footer-builder/,5.8,
brizy,"Brizy – Page Builder",2.6.2,2.5.8,https://downloads.wordpress.org/plugin/brizy.2.6.2.zip,"2024-11-18 08:28:00",https://wordpress.org/plugins/brizy/,4.5,7.2.24
bsk-gravity-forms-custom-validation,"BSK Forms Validation",1.8,1.7,https://downloads.wordpress.org/plugin/bsk-gravity-forms-custom-validation.zip,"2024-11-18 07:43:00",https://wordpress.org/plugins/bsk-gravity-forms-custom-validation/,4.0,7.0
bunnycdn,"bunny.net – WordPress CDN Plugin",2.2.25,2.2.20,https://downloads.wordpress.org/plugin/bunnycdn.2.2.25.zip,"2024-11-18 07:39:00",https://wordpress.org/plugins/bunnycdn/,6.0,7.4
comfino-payment-gateway,"Comfino Payment Gateway",4.1.1,4.1.0,https://downloads.wordpress.org/plugin/comfino-payment-gateway.4.1.1.zip,"2024-11-18 08:44:00",https://wordpress.org/plugins/comfino-payment-gateway/,5.0,7.1
comments-engine-ai,"Comments Engine AI",2.4.0,2.2.0,https://downloads.wordpress.org/plugin/comments-engine-ai.2.4.0.zip,"2024-11-18 09:53:00",https://wordpress.org/plugins/comments-engine-ai/,5.0,7.3
copperx,"Cryptocurrency Payments & Donations with Copperx",1.7.0,1.6.0,https://downloads.wordpress.org/plugin/copperx.1.7.0.zip,"2024-11-18 09:28:00",https://wordpress.org/plugins/copperx/,5.0,5.6
creative-wp-login-page,"Creative WP Login Page",9.0,8.0,https://downloads.wordpress.org/plugin/creative-wp-login-page.9.0.zip,"2024-11-18 10:03:00",https://wordpress.org/plugins/creative-wp-login-page/,5.1,7.2
disable-generate-thumbnails,"Disable Generate Thumbnails",2.20,2.19,https://downloads.wordpress.org/plugin/disable-generate-thumbnails.2.20.zip,"2024-11-18 10:05:00",https://wordpress.org/plugins/disable-generate-thumbnails/,6.6,8.0
eu-vat-for-woocommerce,"EU/UK VAT Validation Manager for WooCommerce",3.1.4,3.1.0,https://downloads.wordpress.org/plugin/eu-vat-for-woocommerce.3.1.4.zip,"2024-11-18 10:21:00",https://wordpress.org/plugins/eu-vat-for-woocommerce/,6.1,
friends,Friends,3.1.5,3.1.0,https://downloads.wordpress.org/plugin/friends.3.1.5.zip,"2024-11-18 07:47:00",https://wordpress.org/plugins/friends/,5.0,5.6
gutenberg,Gutenberg,19.6.3,19.6.0,https://downloads.wordpress.org/plugin/gutenberg.19.6.3.zip,"2024-11-18 10:25:00",https://wordpress.org/plugins/gutenberg/,6.5,7.2
happy-helpdesk-support-ticket-system,"HAPPY – Helpdesk Support Ticket System",1.0.2,1.0.1,https://downloads.wordpress.org/plugin/happy-helpdesk-support-ticket-system.zip,"2024-11-18 07:49:00",https://wordpress.org/plugins/happy-helpdesk-support-ticket-system/,5.0,7.0
head-footer-code,"Head & Footer Code",1.3.7,1.3.5,https://downloads.wordpress.org/plugin/head-footer-code.1.3.7.zip,"2024-11-18 09:55:00",https://wordpress.org/plugins/head-footer-code/,4.9,5.5
infixs-correios-automatico,"Correios Automático – Rastreio, Etiqueta e Frete",1.1.5,1.1.4,https://downloads.wordpress.org/plugin/infixs-correios-automatico.1.1.5.zip,"2024-11-18 08:15:00",https://wordpress.org/plugins/infixs-correios-automatico/,6.0,7.4
inpost-for-woocommerce,"InPost PL",1.6.0,1.5.9,https://downloads.wordpress.org/plugin/inpost-for-woocommerce.1.6.0.zip,"2024-11-18 08:35:00",https://wordpress.org/plugins/inpost-for-woocommerce/,5.3,7.2
kiotvietsync,"KiotViet Sync",1.8.2,1.8.0,https://downloads.wordpress.org/plugin/kiotvietsync.zip,"2024-11-18 07:52:00",https://wordpress.org/plugins/kiotvietsync/,4.9,7.1
learnpress,"LearnPress – WordPress LMS Plugin",4.2.7.3,4.2.7.1,https://downloads.wordpress.org/plugin/learnpress.4.2.7.3.zip,"2024-11-18 07:38:00",https://wordpress.org/plugins/learnpress/,6.0,7.0
linxo-connect,"Linxo Connect Payments",1.0.9,1.0.7,https://downloads.wordpress.org/plugin/linxo-connect.zip,"2024-11-18 10:05:00",https://wordpress.org/plugins/linxo-connect/,5.0.0,7.4
liquid-blocks,"LIQUID BLOCKS – Slider, Carousel, Accordion",1.3.1,1.2.0,https://downloads.wordpress.org/plugin/liquid-blocks.1.3.1.zip,"2024-11-18 07:56:00",https://wordpress.org/plugins/liquid-blocks/,6.0,
loco-translate,"Loco Translate",2.6.14,2.6.13,https://downloads.wordpress.org/plugin/loco-translate.2.6.14.zip,"2024-11-18 10:19:00",https://wordpress.org/plugins/loco-translate/,5.2,5.6.20
luckynode,LuckyNode,1.0.12,1.0.11,https://downloads.wordpress.org/plugin/luckynode.1.0.12.zip,"2024-11-18 08:36:00",https://wordpress.org/plugins/luckynode/,6.4,7.4
morkva-ua-shipping,"Morkva UA Shipping",1.0.14,1.0.10,https://downloads.wordpress.org/plugin/morkva-ua-shipping.1.0.14.zip,"2024-11-18 07:37:00",https://wordpress.org/plugins/morkva-ua-shipping/,5.0,7.0
mycred,"myCred – Loyalty Points and Rewards plugin for WordPress and WooCommerce – Give Points, Ranks, Badges, Cashback, WooCommerce rewards, and WooCommerce credits for Gamification",2.7.5.2,2.7.5.1,https://downloads.wordpress.org/plugin/mycred.2.7.5.2.zip,"2024-11-18 10:02:00",https://wordpress.org/plugins/mycred/,4.8,7.0
netgsm,Netgsm,2.9.33,2.9.31,https://downloads.wordpress.org/plugin/netgsm.zip,"2024-11-18 09:19:00",https://wordpress.org/plugins/netgsm/,3.0,8.0.1
olympus-google-fonts,"Fonts Plugin | Use Google Fonts, Adobe Fonts or Upload Fonts",3.8.1,3.7.9,https://downloads.wordpress.org/plugin/olympus-google-fonts.3.8.1.zip,"2024-11-18 10:34:00",https://wordpress.org/plugins/olympus-google-fonts/,4.0,
only-members-access,"Only Members Access",1.0.2,1.0.1,https://downloads.wordpress.org/plugin/only-members-access.1.0.2.zip,"2024-11-18 07:40:00",https://wordpress.org/plugins/only-members-access/,6.0,8.1
payplus-payment-gateway,"PayPlus Payment Gateway",7.2.3,7.2.0,https://downloads.wordpress.org/plugin/payplus-payment-gateway.7.2.3.zip,"2024-11-18 07:56:00",https://wordpress.org/plugins/payplus-payment-gateway/,6.2,7.4
posts-data-table,"Posts Table with Search & Sort",1.4.7,1.4.6,https://downloads.wordpress.org/plugin/posts-data-table.1.4.7.zip,"2024-11-18 09:13:00",https://wordpress.org/plugins/posts-data-table/,6.1,7.4
product-configurator-for-woocommerce,"Product Configurator for WooCommerce",1.3.9,1.3.8,https://downloads.wordpress.org/plugin/product-configurator-for-woocommerce.1.3.9.zip,"2024-11-18 07:52:00",https://wordpress.org/plugins/product-configurator-for-woocommerce/,5.9,7.4
quiz-maker,"Quiz Maker",6.6.4.7,6.6.4.6,https://downloads.wordpress.org/plugin/quiz-maker.6.6.4.7.zip,"2024-11-18 07:59:00",https://wordpress.org/plugins/quiz-maker/,4.0,
review-schema,"Review Schema – Review & Structure Data Schema Plugin",2.2.3.1,2.2.2,https://downloads.wordpress.org/plugin/review-schema.2.2.3.1.zip,"2024-11-18 09:17:00",https://wordpress.org/plugins/review-schema/,4.5,
ricerca-smart-search,"Ricerca – advanced search",1.1.9,1.1.8,https://downloads.wordpress.org/plugin/ricerca-smart-search.1.1.9.zip,"2024-11-18 10:29:00",https://wordpress.org/plugins/ricerca-smart-search/,5.6,7.4
shopbuilder,"ShopBuilder – Elementor WooCommerce Builder Addons",2.4.2,2.4.1,https://downloads.wordpress.org/plugin/shopbuilder.2.4.2.zip,"2024-11-18 10:10:00",https://wordpress.org/plugins/shopbuilder/,5.5,7.4
simple-cookies,"Simple Cookies",1.1.2,1.0.8,https://downloads.wordpress.org/plugin/simple-cookies.1.1.2.zip,"2024-11-18 10:34:00",https://wordpress.org/plugins/simple-cookies/,4.7.0,5.6
simpleanalytics,"Simple Analytics",1.27,1.26,https://downloads.wordpress.org/plugin/simpleanalytics.1.27.zip,"2024-11-18 08:04:00",https://wordpress.org/plugins/simpleanalytics/,5.2.0,7.2.0
social-icons-widget-by-wpzoom,"Social Icons Widget & Block by WPZOOM",4.3.3,4.3.2,https://downloads.wordpress.org/plugin/social-icons-widget-by-wpzoom.4.3.3.zip,"2024-11-18 09:08:00",https://wordpress.org/plugins/social-icons-widget-by-wpzoom/,5.8,7.4
super-blank,"Super Blank",1.0.3,1.0.1,https://downloads.wordpress.org/plugin/super-blank.1.0.3.zip,"2024-11-18 10:16:00",https://wordpress.org/plugins/super-blank/,5.9,7.0
survey-maker,"Survey Maker",5.1.1.1,5.1.1.0,https://downloads.wordpress.org/plugin/survey-maker.5.1.1.1.zip,"2024-11-18 08:08:00",https://wordpress.org/plugins/survey-maker/,4.0,
syncpa-discord-notifier-for-surecart,"SyncPA – Discord Notifier for SureCart",1.0.1,1.0.0,https://downloads.wordpress.org/plugin/syncpa-discord-notifier-for-surecart.1.0.1.zip,"2024-11-18 09:54:00",https://wordpress.org/plugins/syncpa-discord-notifier-for-surecart/,6.2,
syntatis-feature-flipper,"Feature Flipper",1.3.0,1.2.0,https://downloads.wordpress.org/plugin/syntatis-feature-flipper.1.3.0.zip,"2024-11-18 10:18:00",https://wordpress.org/plugins/syntatis-feature-flipper/,6.0,7.4
temporary-login-without-password,"Temporary Login Without Password",1.8.4,1.8.3,https://downloads.wordpress.org/plugin/temporary-login-without-password.1.8.4.zip,"2024-11-18 08:10:00",https://wordpress.org/plugins/temporary-login-without-password/,3.0.1,5.3
tracemyip-visitor-analytics-ip-tracking-control,"Visitor IP Tracker, IP Stats Analytics and IP Control With Email Alerts",2.62,2.61,https://downloads.wordpress.org/plugin/tracemyip-visitor-analytics-ip-tracking-control.2.62.zip,"2024-11-18 09:36:00",https://wordpress.org/plugins/tracemyip-visitor-analytics-ip-tracking-control/,2.0.4,5.6
video-wc-gallery,"Video Gallery for WooCommerce",1.33,1.32,https://downloads.wordpress.org/plugin/video-wc-gallery.1.33.zip,"2024-11-18 08:46:00",https://wordpress.org/plugins/video-wc-gallery/,5.3,7.4
wc-spod,Spreadconnect,2.1.5,2.1.4,https://downloads.wordpress.org/plugin/wc-spod.zip,"2024-11-18 09:17:00",https://wordpress.org/plugins/wc-spod/,,7.4
webinar-and-video-conference-with-jitsi-meet,"Webinar and Video Conference with Jitsi Meet – Create Branded Webinars for WordPress, Meetings & Livestreaming",2.6.17,2.6.16,https://downloads.wordpress.org/plugin/webinar-and-video-conference-with-jitsi-meet.2.6.17.zip,"2024-11-18 08:38:00",https://wordpress.org/plugins/webinar-and-video-conference-with-jitsi-meet/,5.2,5.4
woo-product-variation-gallery,"Variation Images Gallery for WooCommerce",2.3.15,2.3.13,https://downloads.wordpress.org/plugin/woo-product-variation-gallery.2.3.15.zip,"2024-11-18 08:49:00",https://wordpress.org/plugins/woo-product-variation-gallery/,4.8,7.4
woo-product-variation-swatches,"Variation Swatches for WooCommerce",2.3.17,2.3.16,https://downloads.wordpress.org/plugin/woo-product-variation-swatches.2.3.17.zip,"2024-11-18 08:59:00",https://wordpress.org/plugins/woo-product-variation-swatches/,4.8,7.4
woo-smart-compare,"WPC Smart Compare for WooCommerce",6.4.1,6.3.0,https://downloads.wordpress.org/plugin/woo-smart-compare.6.4.1.zip,"2024-11-18 07:43:00",https://wordpress.org/plugins/woo-smart-compare/,4.0,
woo-vipps,"Pay with Vipps and MobilePay for WooCommerce",3.0.5,3.0.3,https://downloads.wordpress.org/plugin/woo-vipps.3.0.5.zip,"2024-11-18 08:30:00",https://wordpress.org/plugins/woo-vipps/,6.2,7.0
woocommerce-product-tabs,"WooCommerce Product Tabs",2.1.7,2.1.6,https://downloads.wordpress.org/plugin/woocommerce-product-tabs.2.1.7.zip,"2024-11-18 09:27:00",https://wordpress.org/plugins/woocommerce-product-tabs/,6.1,7.4
wp-meta-seo,"WP Meta SEO",4.5.17,4.5.16,https://downloads.wordpress.org/plugin/wp-meta-seo.4.5.17.zip,"2024-11-18 09:51:00",https://wordpress.org/plugins/wp-meta-seo/,4.7,5.6
wpdatatables,"wpDataTables – WordPress Data Table, Dynamic Tables & Table Charts Plugin",3.4.2.32,3.4.2.28,https://downloads.wordpress.org/plugin/wpdatatables.3.4.2.32.zip,"2024-11-18 09:16:00",https://wordpress.org/plugins/wpdatatables/,4.0,7.4
flip-for-business,"Flip For Business",1.0.0,,https://downloads.wordpress.org/plugin/flip-for-business.1.0.0.zip,"2024-11-18 09:57:00",https://wordpress.org/plugins/flip-for-business/,5.0,7.4
iletisim-makinesi-entegrasyon-platformu,"Iletisim Makinesi Entegrasyon Platformu",1.0.0,,https://downloads.wordpress.org/plugin/iletisim-makinesi-entegrasyon-platformu.1.0.0.zip,"2024-11-18 08:47:00",https://wordpress.org/plugins/iletisim-makinesi-entegrasyon-platformu/,,7.0
online-job-board,"Online Job Board",1.1.2,,https://downloads.wordpress.org/plugin/online-job-board.1.1.2.zip,"2024-11-18 09:39:00",https://wordpress.org/plugins/online-job-board/,5.0,7.2
related-posts-display,"Related Posts Display",1.0,,https://downloads.wordpress.org/plugin/related-posts-display.zip,"2024-11-18 07:47:00",https://wordpress.org/plugins/related-posts-display/,5.0,
wc-quantity-style,"WC Quantity Style",1.0,,https://downloads.wordpress.org/plugin/wc-quantity-style.zip,"2024-11-18 08:49:00",https://wordpress.org/plugins/wc-quantity-style/,6.0,7.4
ampacash-payment-method,ampacash-veprap-payment,2.7,2.3,https://downloads.wordpress.org/plugin/ampacash-payment-method.zip,"2024-11-18 11:48:00",https://wordpress.org/plugins/ampacash-payment-method/,4.7,7.0
anonymous-restricted-content,"Anonymous Restricted Content",1.6.6,1.6.5,https://downloads.wordpress.org/plugin/anonymous-restricted-content.1.6.6.zip,"2024-11-18 12:11:00",https://wordpress.org/plugins/anonymous-restricted-content/,5.3,
aplazame,Aplazame,4.1.2,4.1.1,https://downloads.wordpress.org/plugin/aplazame.zip,"2024-11-18 11:59:00",https://wordpress.org/plugins/aplazame/,4.0.1,5.3.0
ayecode-connect,"AyeCode Connect",1.3.9,1.3.8,https://downloads.wordpress.org/plugin/ayecode-connect.1.3.9.zip,"2024-11-18 11:27:00",https://wordpress.org/plugins/ayecode-connect/,4.7,5.6
bookly-responsive-appointment-booking-tool,"WordPress Online Booking and Scheduling Plugin – Bookly",24.5,24.4,https://downloads.wordpress.org/plugin/bookly-responsive-appointment-booking-tool.24.5.zip,"2024-11-18 11:30:00",https://wordpress.org/plugins/bookly-responsive-appointment-booking-tool/,3.7,5.3.7
captcha-for-contact-form-7,"Captcha for WordPress",2.0.681,2.0.65,https://downloads.wordpress.org/plugin/captcha-for-contact-form-7.2.0.681.zip,"2024-11-18 11:23:00",https://wordpress.org/plugins/captcha-for-contact-form-7/,5.2,8.0
credova-financial,"Credova Financial",2.4.1,2.3.8,https://downloads.wordpress.org/plugin/credova-financial.zip,"2024-11-18 12:09:00",https://wordpress.org/plugins/credova-financial/,5.0.0,
draply,"Draply – Dropshipping & Wholesale",1.0.6,1.0.4,https://downloads.wordpress.org/plugin/draply.1.0.6.zip,"2024-11-18 11:33:00",https://wordpress.org/plugins/draply/,5.4,7.0
iubenda-cookie-law-solution,"iubenda | All-in-one Compliance for GDPR / CCPA Cookie Consent + more",3.11.2,3.11.0,https://downloads.wordpress.org/plugin/iubenda-cookie-law-solution.3.11.2.zip,"2024-11-18 11:44:00",https://wordpress.org/plugins/iubenda-cookie-law-solution/,5.0,7.0.0
magic-post-thumbnail,"Generate Images – Magic Post Thumbnail",6.0.2,6.0.1,https://downloads.wordpress.org/plugin/magic-post-thumbnail.6.0.2.zip,"2024-11-18 11:19:00",https://wordpress.org/plugins/magic-post-thumbnail/,6.0,7.3
megamenu,"Max Mega Menu",3.4,3.3.2,https://downloads.wordpress.org/plugin/megamenu.3.4.zip,"2024-11-18 11:38:00",https://wordpress.org/plugins/megamenu/,5.0,5.6
nm-favourites,"NM Favourites",1.2.2,1.2.1,https://downloads.wordpress.org/plugin/nm-favourites.1.2.2.zip,"2024-11-18 11:19:00",https://wordpress.org/plugins/nm-favourites/,4.7.0,7.4
popup-anything-on-click,"Popup Anything – Popup for opt-ins and Lead Generation Conversions",2.8.4,2.8.2,https://downloads.wordpress.org/plugin/popup-anything-on-click.2.8.4.zip,"2024-11-18 11:33:00",https://wordpress.org/plugins/popup-anything-on-click/,5.2,
related-posts-by-taxonomy,"Related Posts by Taxonomy",2.7.6,2.7.5,https://downloads.wordpress.org/plugin/related-posts-by-taxonomy.2.7.6.zip,"2024-11-18 11:47:00",https://wordpress.org/plugins/related-posts-by-taxonomy/,5.9,
tickera-event-ticketing-system,"Tickera – WordPress Event Ticketing",3.5.4.8,3.5.4.7,https://downloads.wordpress.org/plugin/tickera-event-ticketing-system.3.5.4.7.zip,"2024-11-18 11:33:00",https://wordpress.org/plugins/tickera-event-ticketing-system/,4.1,5.6
tradetracker-connect,"TradeTracker Connect",2.2.11,2.2.10,https://downloads.wordpress.org/plugin/tradetracker-connect.2.2.11.zip,"2024-11-18 11:24:00",https://wordpress.org/plugins/tradetracker-connect/,5.5,7.4
wedevs-project-manager,"WP Project Manager – Task, team, and project management plugin featuring kanban board and gantt charts",2.6.15,2.6.14,https://downloads.wordpress.org/plugin/wedevs-project-manager.2.6.15.zip,"2024-11-18 12:12:00",https://wordpress.org/plugins/wedevs-project-manager/,4.4,5.6
wp-event-solution,"Event Manager, Events Calendar, Tickets, Registrations – Eventin",4.0.16,4.0.14,https://downloads.wordpress.org/plugin/wp-event-solution.4.0.16.zip,"2024-11-18 11:28:00",https://wordpress.org/plugins/wp-event-solution/,5.2,7.0
yottapay-payment-gateway,"Yotta Pay Payment Gateway",3.0.3,3.0.2,https://downloads.wordpress.org/plugin/yottapay-payment-gateway.3.0.3.zip,"2024-11-18 11:40:00",https://wordpress.org/plugins/yottapay-payment-gateway/,5.3,7.0
optimizador-seo-de-atributos-alt-y-title-para-imagenes,"Optimizador SEO de Atributos Alt y Title para Imágenes",3.3,,https://downloads.wordpress.org/plugin/optimizador-seo-de-atributos-alt-y-title-para-imagenes.3.3.zip,"2024-11-18 11:24:00",https://wordpress.org/plugins/optimizador-seo-de-atributos-alt-y-title-para-imagenes/,6.3,7.0
static-snap,"Static Snap",0.2.3,,https://downloads.wordpress.org/plugin/static-snap.0.2.3.zip,"2024-11-18 11:26:00",https://wordpress.org/plugins/static-snap/,6.5.0,7.4
ablocks,"aBlocks – WordPress Gutenberg Blocks",1.5.0,1.4.0,https://downloads.wordpress.org/plugin/ablocks.1.5.0.zip,"2024-11-18 16:55:00",https://wordpress.org/plugins/ablocks/,6.3,7.4
acymailing,"AcyMailing – An Ultimate Newsletter Plugin and Marketing Automation Solution for WordPress",9.10.4,9.10.0,https://downloads.wordpress.org/plugin/acymailing.9.10.4.zip,"2024-11-18 14:43:00",https://wordpress.org/plugins/acymailing/,5.0,7.4
advanced-popups,"Advanced Popups",1.2.1,1.2.0,https://downloads.wordpress.org/plugin/advanced-popups.1.2.1.zip,"2024-11-18 14:34:00",https://wordpress.org/plugins/advanced-popups/,4.0,5.4
ai-wp-writer,"AI WP Writer – automatic content creator, ChatGPT, GPT-4, Dalle 3, FLUX",3.8.4.4,3.8.3.6,https://downloads.wordpress.org/plugin/ai-wp-writer.3.8.4.4.zip,"2024-11-18 15:50:00",https://wordpress.org/plugins/ai-wp-writer/,5.0.0,5.6.0
booking-system-edoobox,"Online Buchungssystem – edoobox",3.2.3,3.0.23,https://downloads.wordpress.org/plugin/booking-system-edoobox.3.2.4.zip,"2024-11-18 15:58:00",https://wordpress.org/plugins/booking-system-edoobox/,5.0,7.4
canvas,Canvas,2.4.6,2.4.5,https://downloads.wordpress.org/plugin/canvas.2.4.6.zip,"2024-11-18 14:49:00",https://wordpress.org/plugins/canvas/,4.0,5.4
cardealer,"Car Dealer (Dealership) and Vehicle sales",4.41,4.35,https://downloads.wordpress.org/plugin/cardealer.4.41.zip,"2024-11-18 16:58:00",https://wordpress.org/plugins/cardealer/,6.0,
charitable,"Charitable – Donation Plugin for WordPress – Fundraising with Recurring Donations & More",1.8.3.3,1.8.1.15,https://downloads.wordpress.org/plugin/charitable.1.8.3.3.zip,"2024-11-18 16:44:00",https://wordpress.org/plugins/charitable/,4.1,7.2
charming-portfolio,"Charming Portfolio",1.3.2,1.2.9,https://downloads.wordpress.org/plugin/charming-portfolio.1.3.2.zip,"2024-11-18 17:09:00",https://wordpress.org/plugins/charming-portfolio/,5.0,7.0
clicksports-maps,"CLICKSPORTS Maps",1.4.1,1.4.0,https://downloads.wordpress.org/plugin/clicksports-maps.1.4.1.zip,"2024-11-18 15:31:00",https://wordpress.org/plugins/clicksports-maps/,4.8,
clio-grow-form,"Clio Grow Form",1.0.3,1.0.2,https://downloads.wordpress.org/plugin/clio-grow-form.zip,"2024-11-18 15:29:00",https://wordpress.org/plugins/clio-grow-form/,4.0,
compressx,"AVIF, WebP Converter",0.9.20,0.9.19,https://downloads.wordpress.org/plugin/compressx.0.9.20.zip,"2024-11-18 15:57:00",https://wordpress.org/plugins/compressx/,5.8,7.0
contact-form-7-dynamic-text-extension,"Contact Form 7 – Dynamic Text Extension",5.0.1,5.0.0,https://downloads.wordpress.org/plugin/contact-form-7-dynamic-text-extension.5.0.1.zip,"2024-11-18 17:03:00",https://wordpress.org/plugins/contact-form-7-dynamic-text-extension/,5.5,7.4
cryptapi-payment-gateway-for-woocommerce,"CryptAPI Payment Gateway for WooCommerce",4.8.6,4.8.5,https://downloads.wordpress.org/plugin/cryptapi-payment-gateway-for-woocommerce.4.8.6.zip,"2024-11-18 17:19:00",https://wordpress.org/plugins/cryptapi-payment-gateway-for-woocommerce/,5.8,7.2
direct-payments-for-woocommerce,"Direct Payments for WooCommerce",1.0.4,1.0.3,https://downloads.wordpress.org/plugin/direct-payments-for-woocommerce.1.0.4.zip,"2024-11-18 14:35:00",https://wordpress.org/plugins/direct-payments-for-woocommerce/,5.0,7.0
e-connector-for-woocommerce,"E-Connector for WooCommerce",1.1.2,1.1.1,https://downloads.wordpress.org/plugin/e-connector-for-woocommerce.1.1.2.zip,"2024-11-18 14:58:00",https://wordpress.org/plugins/e-connector-for-woocommerce/,5.3,7.4
feedzy-rss-feeds,"RSS Aggregator by Feedzy – Feed to Post, Autoblogging, News & YouTube Video Feeds Aggregator",4.4.16,4.4.15,https://downloads.wordpress.org/plugin/feedzy-rss-feeds.zip,"2024-11-18 16:31:00",https://wordpress.org/plugins/feedzy-rss-feeds/,6.0,7.2
flex-guten,"Flex Guten – A Multipurpose Gutenberg Blocks Plugin",1.2.1,1.1.2,https://downloads.wordpress.org/plugin/flex-guten.1.2.1.zip,"2024-11-18 17:06:00",https://wordpress.org/plugins/flex-guten/,6.0,5.7
fluent-community,"FluentCommunity – Full-fledge Social Network, Community & LMS",1.0.98,1.0.97,https://downloads.wordpress.org/plugin/fluent-community.1.0.98.zip,"2024-11-18 16:43:00",https://wordpress.org/plugins/fluent-community/,6.0,7.3
force-first-last,"Force First and Last Name as Display Name",1.2.2,1.2.1,https://downloads.wordpress.org/plugin/force-first-last.1.2.2.zip,"2024-11-18 14:43:00",https://wordpress.org/plugins/force-first-last/,5.2,
global-e-cross-border-for-woocommerce,"Global-e Cross-Border integration for WooCommerce",1.8.2,1.8.1,https://downloads.wordpress.org/plugin/global-e-cross-border-for-woocommerce.1.8.2.zip,"2024-11-18 16:49:00",https://wordpress.org/plugins/global-e-cross-border-for-woocommerce/,5.4,
gutenberg,Gutenberg,19.6.4,19.6.3,https://downloads.wordpress.org/plugin/gutenberg.19.6.4.zip,"2024-11-18 17:16:00",https://wordpress.org/plugins/gutenberg/,6.5,7.2
gyrojob-backlinks,"Gyrojob Backlinks",1.3.12,1.3.11,https://downloads.wordpress.org/plugin/gyrojob-backlinks.zip,"2024-11-18 15:57:00",https://wordpress.org/plugins/gyrojob-backlinks/,5.2,7.2
hivepress,"HivePress – Business Directory & Classified Ads Plugin",1.7.9,1.7.8,https://downloads.wordpress.org/plugin/hivepress.1.7.9.zip,"2024-11-18 14:40:00",https://wordpress.org/plugins/hivepress/,5.0,7.4
hookmeup,"WooCommerce HookMeUp",2.7,2.5.1,https://downloads.wordpress.org/plugin/hookmeup.2.7.zip,"2024-11-18 15:53:00",https://wordpress.org/plugins/hookmeup/,6.0,7.4.1
hungarian-pickup-points-for-woocommerce,"Csomagpontok és Címkék WooCommerce-hez",3.4.6.1,3.4.6,https://downloads.wordpress.org/plugin/hungarian-pickup-points-for-woocommerce.3.4.6.1.zip,"2024-11-18 15:52:00",https://wordpress.org/plugins/hungarian-pickup-points-for-woocommerce/,6.0,
image-regenerate-select-crop,"Image Regenerate & Select Crop",8.0.4,8.0.3,https://downloads.wordpress.org/plugin/image-regenerate-select-crop.8.0.4.zip,"2024-11-18 16:40:00",https://wordpress.org/plugins/image-regenerate-select-crop/,4.9.2,7.3.5
kgr-cookie-duration,"KGR Cookie Duration",1.0.2,1.0.1,https://downloads.wordpress.org/plugin/kgr-cookie-duration.1.0.2.zip,"2024-11-18 17:13:00",https://wordpress.org/plugins/kgr-cookie-duration/,3.5.0,7.0
kgr-user-log,"KGR User Log",1.6.3,1.6.2,https://downloads.wordpress.org/plugin/kgr-user-log.1.6.3.zip,"2024-11-18 16:21:00",https://wordpress.org/plugins/kgr-user-log/,5.3.0,7.0
kits-templates-and-patterns,"Kits, Templates and Patterns",2.1,1.7,https://downloads.wordpress.org/plugin/kits-templates-and-patterns.2.1.zip,"2024-11-18 15:10:00",https://wordpress.org/plugins/kits-templates-and-patterns/,6.0,
kliken-ads-pixel-for-meta,"Kliken: Ads + Pixel for Meta",1.0.1,1.0.0,https://downloads.wordpress.org/plugin/kliken-ads-pixel-for-meta.1.0.1.zip,"2024-11-18 14:53:00",https://wordpress.org/plugins/kliken-ads-pixel-for-meta/,5.8,7.4
kliken-marketing-for-google,"AI Powered Marketing",1.5.2,1.5.1,https://downloads.wordpress.org/plugin/kliken-marketing-for-google.1.5.2.zip,"2024-11-18 14:41:00",https://wordpress.org/plugins/kliken-marketing-for-google/,5.8,7.4
memberspace,"MemberSpace – Membership Plugin and Paid Subscriptions",2.1.13,2.1.12,https://downloads.wordpress.org/plugin/memberspace.2.1.13.zip,"2024-11-18 17:02:00",https://wordpress.org/plugins/memberspace/,5.8,7.4
microthemer,"Microthemer Lite – Visual Editor to Customize CSS",7.3.1.9,7.3.1.7,https://downloads.wordpress.org/plugin/microthemer.zip,"2024-11-18 15:54:00",https://wordpress.org/plugins/microthemer/,6.0,5.6
mine-cloudvod,"Video and Audio Player for WordPress – Mine CloudVod LMS",1.9.20,1.9.18,https://downloads.wordpress.org/plugin/mine-cloudvod.zip,"2024-11-18 15:00:00",https://wordpress.org/plugins/mine-cloudvod/,6.1,7.0
mollie-payments-for-woocommerce,"Mollie Payments for WooCommerce",7.9.0,7.8.1,https://downloads.wordpress.org/plugin/mollie-payments-for-woocommerce.7.9.0.zip,"2024-11-18 15:36:00",https://wordpress.org/plugins/mollie-payments-for-woocommerce/,5.0,7.4
ninja-forms,"Ninja Forms – The Contact Form Builder That Grows With You",3.8.19,3.8.18,https://downloads.wordpress.org/plugin/ninja-forms.3.8.19.zip,"2024-11-18 15:55:00",https://wordpress.org/plugins/ninja-forms/,6.4,7.4
occupancy-plan,"Occupancy Plan",1.4.7,1.4.5,https://downloads.wordpress.org/plugin/occupancy-plan.1.4.7.zip,"2024-11-18 14:59:00",https://wordpress.org/plugins/occupancy-plan/,4.9,5.2.4
oktagon-x-connect-for-woocommerce,"Oktagon X-Connect for WooCommerce",1.0.4,1.0.2,https://downloads.wordpress.org/plugin/oktagon-x-connect-for-woocommerce.1.0.4.zip,"2024-11-18 15:39:00",https://wordpress.org/plugins/oktagon-x-connect-for-woocommerce/,3.0.0,7.4
pardakht-delkhah,"پلاگین پرداخت دلخواه",3.0.0,2.9.9,https://downloads.wordpress.org/plugin/pardakht-delkhah.3.0.0.zip,"2024-11-18 17:06:00",https://wordpress.org/plugins/pardakht-delkhah/,4.6,
powerkit,"Powerkit – Supercharge your WordPress Site",2.9.5,2.9.4,https://downloads.wordpress.org/plugin/powerkit.2.9.5.zip,"2024-11-18 14:58:00",https://wordpress.org/plugins/powerkit/,4.0,5.4
pressidium-cookie-consent,"Pressidium Cookie Consent",1.7.0,1.6.0,https://downloads.wordpress.org/plugin/pressidium-cookie-consent.1.7.0.zip,"2024-11-18 16:43:00",https://wordpress.org/plugins/pressidium-cookie-consent/,6.0,7.4
product-blocks-for-woocommerce,"Product Blocks for WooCommerce",1.9.1,1.8,https://downloads.wordpress.org/plugin/product-blocks-for-woocommerce.1.9.1.zip,"2024-11-18 16:02:00",https://wordpress.org/plugins/product-blocks-for-woocommerce/,6.0,7.4.1
product-feeder,"Product Feeder",3.1.3,3.1.2,https://downloads.wordpress.org/plugin/product-feeder.3.1.3.zip,"2024-11-18 15:25:00",https://wordpress.org/plugins/product-feeder/,6.0,7.4
reviewscouk-for-woocommerce,"REVIEWS.io for WooCommerce",1.3.10,1.3.8,https://downloads.wordpress.org/plugin/reviewscouk-for-woocommerce.1.3.10.zip,"2024-11-18 16:06:00",https://wordpress.org/plugins/reviewscouk-for-woocommerce/,,7.4
rocketcdn,"RocketCDN – WordPress CDN Plugin",1.0.7,1.0.6,https://downloads.wordpress.org/plugin/rocketcdn.1.0.7.zip,"2024-11-18 14:36:00",https://wordpress.org/plugins/rocketcdn/,5.4,7.3
seur,"SEUR Oficial",2.2.17,2.2.12,https://downloads.wordpress.org/plugin/seur.2.2.17.zip,"2024-11-18 14:33:00",https://wordpress.org/plugins/seur/,4.0,
shopglut,"WooCommerce Extended & Customized Options(Wishlist, Product Filter) – ShopGlut",1.0.3,1.0.2,https://downloads.wordpress.org/plugin/shopglut.1.0.3.zip,"2024-11-18 14:40:00",https://wordpress.org/plugins/shopglut/,5.1,7.4
shopkeeper-extender,"Shopkeeper Extender",4.0,3.8,https://downloads.wordpress.org/plugin/shopkeeper-extender.4.0.zip,"2024-11-18 15:35:00",https://wordpress.org/plugins/shopkeeper-extender/,6.0,7.4.1
sight,"Sight – Professional Image Gallery and Portfolio",1.1.4,1.1.2,https://downloads.wordpress.org/plugin/sight.1.1.4.zip,"2024-11-18 14:37:00",https://wordpress.org/plugins/sight/,4.0,5.4
splendid-sales-booster,"Increase average cart value with Cross-Sell – Splendid Sales Booster for WooCommerce",1.3.1,1.2.5,https://downloads.wordpress.org/plugin/splendid-sales-booster.1.3.1.zip,"2024-11-18 16:33:00",https://wordpress.org/plugins/splendid-sales-booster/,5.3,7.4
static-snap,"Static Snap",0.2.4,0.2.3,https://downloads.wordpress.org/plugin/static-snap.0.2.4.zip,"2024-11-18 16:39:00",https://wordpress.org/plugins/static-snap/,6.5.0,7.4
tax-switch-for-woocommerce,"Tax Switch for WooCommerce",1.2.1,1.2.0,https://downloads.wordpress.org/plugin/tax-switch-for-woocommerce.1.2.1.zip,"2024-11-18 15:11:00",https://wordpress.org/plugins/tax-switch-for-woocommerce/,5.0,7.2
wb-sticky-notes,"Wb Sticky Notes",1.1.7,1.1.6,https://downloads.wordpress.org/plugin/wb-sticky-notes.1.1.7.zip,"2024-11-18 17:04:00",https://wordpress.org/plugins/wb-sticky-notes/,3.0.1,5.6
wc-buckaroo-bpe-gateway,"Buckaroo Woocommerce Payments Plugin",3.14.1,3.13.2,https://downloads.wordpress.org/plugin/wc-buckaroo-bpe-gateway.3.14.1.zip,"2024-11-18 15:12:00",https://wordpress.org/plugins/wc-buckaroo-bpe-gateway/,4.4.10,
woo-vipps,"Pay with Vipps and MobilePay for WooCommerce",3.0.6,3.0.5,https://downloads.wordpress.org/plugin/woo-vipps.3.0.6.zip,"2024-11-18 15:10:00",https://wordpress.org/plugins/woo-vipps/,6.2,7.0
betta-comments,"Betta Comments",1.0.0,,https://downloads.wordpress.org/plugin/betta-comments.1.0.0.zip,"2024-11-18 16:02:00",https://wordpress.org/plugins/betta-comments/,5.7,7.0
schema-markup-customizer,"Schema Markup Customizer",1.0.0,,https://downloads.wordpress.org/plugin/schema-markup-customizer.1.0.0.zip,"2024-11-18 15:19:00",https://wordpress.org/plugins/schema-markup-customizer/,5.0,7.0
cardealer,"Car Dealer (Dealership) and Vehicle sales",4.43,4.41,https://downloads.wordpress.org/plugin/cardealer.4.43.zip,"2024-11-18 17:52:00",https://wordpress.org/plugins/cardealer/,6.0,
kgr-cookie-duration,"KGR Cookie Duration",1.1,1.0.2,https://downloads.wordpress.org/plugin/kgr-cookie-duration.1.1.zip,"2024-11-18 17:55:00",https://wordpress.org/plugins/kgr-cookie-duration/,3.5.0,7.0
atec-cache-apcu,"atec Cache APCu",2.1.2,2.0.10,https://downloads.wordpress.org/plugin/atec-cache-apcu.2.1.2.zip,"2024-11-18 21:34:00",https://wordpress.org/plugins/atec-cache-apcu/,5.2,7.4
bp-activity-social-share,"Wbcom Designs – BuddyPress Activity Social Share",3.5.4,3.5.3,https://downloads.wordpress.org/plugin/bp-activity-social-share.3.5.4.zip,"2024-11-18 22:12:00",https://wordpress.org/plugins/bp-activity-social-share/,4.0,
bp-job-manager,"Wbcom Designs – BuddyPress Job Manager",2.8.1,2.7.1,https://downloads.wordpress.org/plugin/bp-job-manager.2.8.1.zip,"2024-11-18 22:22:00",https://wordpress.org/plugins/bp-job-manager/,3.0.1,
campay-api,"Campay Woocommerce Payment Gateway",1.2,1.1.9,https://downloads.wordpress.org/plugin/campay-api.1.2.zip,"2024-11-18 22:19:00",https://wordpress.org/plugins/campay-api/,4.9,7.0
featured-image-customizer,"Featured Image Customizer",1.0.6,1.0.4,https://downloads.wordpress.org/plugin/featured-image-customizer.1.0.6.zip,"2024-11-18 22:21:00",https://wordpress.org/plugins/featured-image-customizer/,5.0,7.2
fluent-community,"FluentCommunity – Full-fledge Social Network, Community & LMS",1.0.99,1.0.98,https://downloads.wordpress.org/plugin/fluent-community.1.0.99.zip,"2024-11-18 22:41:00",https://wordpress.org/plugins/fluent-community/,6.0,7.3
holler-box,"Fast & Effective Popups & Lead-Generation for WordPress – HollerBox",2.3.8,2.3.7,https://downloads.wordpress.org/plugin/holler-box.2.3.8.zip,"2024-11-18 22:28:00",https://wordpress.org/plugins/holler-box/,5.0,
import-users-from-csv-with-meta,"Import and export users and customers",1.27.9,1.27.7,https://downloads.wordpress.org/plugin/import-users-from-csv-with-meta.1.27.9.zip,"2024-11-18 23:12:00",https://wordpress.org/plugins/import-users-from-csv-with-meta/,3.4,
mpaqt-for-woocommerce,"mpaqt for WooCommerce",0.2.8,0.2.7,https://downloads.wordpress.org/plugin/mpaqt-for-woocommerce.0.2.8.zip,"2024-11-18 21:26:00",https://wordpress.org/plugins/mpaqt-for-woocommerce/,,
oopspam-anti-spam,"OOPSpam Anti-Spam",1.2.18,1.2.15,https://downloads.wordpress.org/plugin/oopspam-anti-spam.1.2.18.zip,"2024-11-18 22:59:00",https://wordpress.org/plugins/oopspam-anti-spam/,3.6,
review-buddypress-groups,"Wbcom Designs – BuddyPress Group Reviews",3.3.0,3.2.2,https://downloads.wordpress.org/plugin/review-buddypress-groups.3.3.0.zip,"2024-11-18 22:33:00",https://wordpress.org/plugins/review-buddypress-groups/,4.0,
variation-swatches-and-gallery,"Variation Swatches and Gallery for WooCommerce",1.0.4,1.0.2,https://downloads.wordpress.org/plugin/variation-swatches-and-gallery.1.0.4.zip,"2024-11-18 21:32:00",https://wordpress.org/plugins/variation-swatches-and-gallery/,5.5,7.0
whistleblowing-system,"Whistleblowing System – Mobile-Friendly communication form",1.2.2,1.2.0,https://downloads.wordpress.org/plugin/whistleblowing-system.1.2.2.zip,"2024-11-18 22:51:00",https://wordpress.org/plugins/whistleblowing-system/,5.2,7.4
x-addons-elementor,"X Addons for Elementor",1.0.9,1.0.5,https://downloads.wordpress.org/plugin/x-addons-elementor.zip,"2024-11-18 22:01:00",https://wordpress.org/plugins/x-addons-elementor/,5.8,7.4
yith-woocommerce-quick-view,"YITH WooCommerce Quick View",1.44.0,1.43.0,https://downloads.wordpress.org/plugin/yith-woocommerce-quick-view.zip,"2024-11-18 22:51:00",https://wordpress.org/plugins/yith-woocommerce-quick-view/,6.5,7.4
atec-stats,"atec Stats",1.0.16,,https://downloads.wordpress.org/plugin/atec-stats.1.0.16.zip,"2024-11-18 22:02:00",https://wordpress.org/plugins/atec-stats/,5.2,7.4
notify-for-purchase,"Notify For Purchase",1.1,,https://downloads.wordpress.org/plugin/notify-for-purchase.zip,"2024-11-18 22:43:00",https://wordpress.org/plugins/notify-for-purchase/,5.8,
bizreview,"BizReview – Business and Google Place Review WordPress Plugin",1.5.5,1.5.3,https://downloads.wordpress.org/plugin/bizreview.1.5.5.zip,"2024-11-19 05:26:00",https://wordpress.org/plugins/bizreview/,4.0,
block-editor-gallery-slider,"Block Editor Gallery Slider",1.0.6,1.0.5,https://downloads.wordpress.org/plugin/block-editor-gallery-slider.zip,"2024-11-19 05:59:00",https://wordpress.org/plugins/block-editor-gallery-slider/,5.0,7.2
custom-registration-form-builder-with-submission-manager,"RegistrationMagic – User Registration Plugin with Custom Registration Forms",6.0.2.9,6.0.2.8,https://downloads.wordpress.org/plugin/custom-registration-form-builder-with-submission-manager.6.0.2.9.zip,"2024-11-19 05:54:00",https://wordpress.org/plugins/custom-registration-form-builder-with-submission-manager/,5.2.0,7.2
customize-my-account-for-woocommerce,"SysBasics Customize My Account for WooCommerce",2.8.20,2.8.19,https://downloads.wordpress.org/plugin/customize-my-account-for-woocommerce.2.8.20.zip,"2024-11-19 05:33:00",https://wordpress.org/plugins/customize-my-account-for-woocommerce/,3.3,5.2
darkify,"Darkify: WordPress Dark Mode Plugin – Enhance Your Website's Visibility in Low Light",1.2.2,1.2.0,https://downloads.wordpress.org/plugin/darkify.1.2.2.zip,"2024-11-19 06:08:00",https://wordpress.org/plugins/darkify/,5.3,
last-login-on-dashboard,"Check your Last Login",1.1,1.0.2,https://downloads.wordpress.org/plugin/last-login-on-dashboard.zip,"2024-11-19 06:27:00",https://wordpress.org/plugins/last-login-on-dashboard/,,
mshop-naver-talktalk,"코드엠샵 소셜톡",1.2.0,1.1.18,https://downloads.wordpress.org/plugin/mshop-naver-talktalk.zip,"2024-11-19 06:06:00",https://wordpress.org/plugins/mshop-naver-talktalk/,4.6.0,7.0
mshop-npay,"우커머스 네이버페이",3.4.0,3.3.6,https://downloads.wordpress.org/plugin/mshop-npay.zip,"2024-11-19 06:08:00",https://wordpress.org/plugins/mshop-npay/,4.6.0,7.0
post-grid,"Post Grid and Gutenberg Blocks – ComboBlocks",2.3.1,2.3.0,https://downloads.wordpress.org/plugin/post-grid.zip,"2024-11-19 05:40:00",https://wordpress.org/plugins/post-grid/,5.0.0,
spiraclethemes-site-library,"Spiraclethemes Site Library",1.3.5,1.3.3,https://downloads.wordpress.org/plugin/spiraclethemes-site-library.zip,"2024-11-19 06:27:00",https://wordpress.org/plugins/spiraclethemes-site-library/,5.0,5.6
sync-wc-google,"Bulk Product Sync – Bulk Product Editor for WooCommerce with Google Sheets™",8.6,8.5,https://downloads.wordpress.org/plugin/sync-wc-google.8.6.zip,"2024-11-19 06:07:00",https://wordpress.org/plugins/sync-wc-google/,4.3,5.6
ultimate-post-kit,"Ultimate Post Kit Addons For Elementor – (Post Grid, Post Carousel, Post Slider, Category List, Post Tabs, Timeline, Post Ticker, Tag Cloud)",3.12.13,3.12.11,https://downloads.wordpress.org/plugin/ultimate-post-kit.3.12.13.zip,"2024-11-19 06:27:00",https://wordpress.org/plugins/ultimate-post-kit/,5.0.0,7.0.0
ultimate-store-kit,"Ultimate Store Kit Elementor Addons, Woocommerce Builder, EDD Builder, Elementor Store Builder, Product Grid, Product Table, Woocommerce Slider",2.2.2,2.2.1,https://downloads.wordpress.org/plugin/ultimate-store-kit.2.2.2.zip,"2024-11-19 05:51:00",https://wordpress.org/plugins/ultimate-store-kit/,5.0.0,7.0.0
woo-product-feed-pro,"Product Feed PRO for WooCommerce by AdTribes – WooCommerce Product Feeds",13.3.9.1,13.3.7,https://downloads.wordpress.org/plugin/woo-product-feed-pro.13.3.9.1.zip,"2024-11-19 06:02:00",https://wordpress.org/plugins/woo-product-feed-pro/,5.4,
wp-security-audit-log,"WP Activity Log",5.2.2,5.2.1,https://downloads.wordpress.org/plugin/wp-security-audit-log.5.2.2.zip,"2024-11-19 06:05:00",https://wordpress.org/plugins/wp-security-audit-log/,5.5,7.2
fly-nav-mobile,"Fly Nav Mobile",1.1.2,,https://downloads.wordpress.org/plugin/fly-nav-mobile.1.1.2.zip,"2024-11-19 05:28:00",https://wordpress.org/plugins/fly-nav-mobile/,5.0,
forminator-add-on-user-info,"Forminator Add-on : User Info",1.0.0,,https://downloads.wordpress.org/plugin/forminator-add-on-user-info.zip,"2024-11-19 06:23:00",https://wordpress.org/plugins/forminator-add-on-user-info/,6.4,7.4
block-editor-gallery-slider,"Block Editor Gallery Slider",1.0.7,1.0.6,https://downloads.wordpress.org/plugin/block-editor-gallery-slider.zip,"2024-11-19 08:25:00",https://wordpress.org/plugins/block-editor-gallery-slider/,5.0,7.2
adirectory,"aDirectory – WordPress Directory Listing Plugin",1.3.4,1.3.3,https://downloads.wordpress.org/plugin/adirectory.1.3.4.zip,"2024-11-19 10:37:00",https://wordpress.org/plugins/adirectory/,6.0,7.4
affiliate-toolkit-starter,"affiliate-toolkit – Affiliate Plugin",3.6.8,3.6.4,https://downloads.wordpress.org/plugin/affiliate-toolkit-starter.3.6.8.zip,"2024-11-19 10:48:00",https://wordpress.org/plugins/affiliate-toolkit-starter/,5.6,7.4
ai-text-to-speech,"AI Text to Speech",2.1.1,2.0.3,https://downloads.wordpress.org/plugin/ai-text-to-speech.2.1.1.zip,"2024-11-19 11:43:00",https://wordpress.org/plugins/ai-text-to-speech/,4.7,
all-in-one-seo-pack,"All in One SEO – Powerful SEO Plugin to Boost SEO Rankings & Increase Traffic",4.7.5.1,4.7.5,https://downloads.wordpress.org/plugin/all-in-one-seo-pack.zip,"2024-11-19 13:35:00",https://wordpress.org/plugins/all-in-one-seo-pack/,5.3,7.0
artemis-stellenanzeigen,"Artemis Stellenanzeigen",1.2.0,1.1.1,https://downloads.wordpress.org/plugin/artemis-stellenanzeigen.zip,"2024-11-19 11:04:00",https://wordpress.org/plugins/artemis-stellenanzeigen/,5.2.6,7.2
arvancloud-object-storage,"ArvanCloud Object Storage",1.9.0,1.7.0,https://downloads.wordpress.org/plugin/arvancloud-object-storage.1.9.0.zip,"2024-11-19 11:09:00",https://wordpress.org/plugins/arvancloud-object-storage/,4.0,7.1
audioigniter,"AudioIgniter Music Player",2.0.1,2.0.0,https://downloads.wordpress.org/plugin/audioigniter.2.0.1.zip,"2024-11-19 11:55:00",https://wordpress.org/plugins/audioigniter/,6.0,
ba-book-everything,"BA Book Everything",1.7.13,1.7.11,https://downloads.wordpress.org/plugin/ba-book-everything.1.7.13.zip,"2024-11-19 12:15:00",https://wordpress.org/plugins/ba-book-everything/,6.0,8.1
backuply,"Backuply – Backup, Restore, Migrate and Clone",1.4.0,1.3.7,https://downloads.wordpress.org/plugin/backuply.1.4.0.zip,"2024-11-19 12:44:00",https://wordpress.org/plugins/backuply/,4.7,5.5
bigbuy-wc-dropshipping-connector,"BigBuy Dropshipping Connector for WooCommerce",1.9.19,1.9.18,https://downloads.wordpress.org/plugin/bigbuy-wc-dropshipping-connector.1.9.19.zip,"2024-11-19 10:46:00",https://wordpress.org/plugins/bigbuy-wc-dropshipping-connector/,4.9,7.2
blockskit,Blockskit,1.0.6,1.0.5,https://downloads.wordpress.org/plugin/blockskit.1.0.6.zip,"2024-11-19 12:06:00",https://wordpress.org/plugins/blockskit/,5.9,7.4.9
blog2social,"Blog2Social: Social Media Auto Post & Scheduler",8.1.2,8.1.1,https://downloads.wordpress.org/plugin/blog2social.8.1.2.zip,"2024-11-19 12:55:00",https://wordpress.org/plugins/blog2social/,4.7.0,5.5.3
bwd-elementor-addons,"BWD Elementor Addons (2500+ presets, Meet The Team, Lottie, Lord Icon, Masking, Woocommerce, Theme Builder, Products, Blogs, CV, Contact Form 7 Styler, Header, Slider, Hero Section)",4.3.16,4.3.11,https://downloads.wordpress.org/plugin/bwd-elementor-addons.4.3.16.zip,"2024-11-19 10:59:00",https://wordpress.org/plugins/bwd-elementor-addons/,5.0,7.0
campay-edd-payment-gateway,"CamPay EDD Payment Gateway",1.5,1.4,https://downloads.wordpress.org/plugin/campay-edd-payment-gateway.1.5.zip,"2024-11-19 11:22:00",https://wordpress.org/plugins/campay-edd-payment-gateway/,5.7,5.6
campay-shortcode-payment-gateway,"CamPay Shortcode Payment Gateway",1.4,1.2,https://downloads.wordpress.org/plugin/campay-shortcode-payment-gateway.1.4.zip,"2024-11-19 11:35:00",https://wordpress.org/plugins/campay-shortcode-payment-gateway/,4.9,5.6
cardojo-lite,"CarDojo Lite",1.0.3,1.0.2,https://downloads.wordpress.org/plugin/cardojo-lite.zip,"2024-11-19 12:56:00",https://wordpress.org/plugins/cardojo-lite/,3.4,
chatbot,"AI ChatBot for WordPress – WPBot",5.9.9,5.9.8,https://downloads.wordpress.org/plugin/chatbot.5.9.9.zip,"2024-11-19 10:39:00",https://wordpress.org/plugins/chatbot/,4.6,5.6
cleantalk-spam-protect,"Spam protection, Anti-Spam, FireWall by CleanTalk",6.45.2,6.45.1,https://downloads.wordpress.org/plugin/cleantalk-spam-protect.6.45.2.zip,"2024-11-19 11:47:00",https://wordpress.org/plugins/cleantalk-spam-protect/,4.7,5.6
cm-ad-changer,"CM Ad Changer – Ad Manager and Ad Server",2.0.0,1.9.9,https://downloads.wordpress.org/plugin/cm-ad-changer.zip,"2024-11-19 13:31:00",https://wordpress.org/plugins/cm-ad-changer/,5.4.0,5.2.4
conditional-fields-for-elementor-form,"Conditional Fields for Elementor Form – Display Conditions",1.3.5,1.3.4,https://downloads.wordpress.org/plugin/conditional-fields-for-elementor-form.1.3.5.zip,"2024-11-19 10:47:00",https://wordpress.org/plugins/conditional-fields-for-elementor-form/,5.0,7.2
conversational-forms,"ChatBot Conversational Forms",1.3.8,1.3.6,https://downloads.wordpress.org/plugin/conversational-forms.1.3.8.zip,"2024-11-19 11:06:00",https://wordpress.org/plugins/conversational-forms/,4.6,5.6
country-code-field-for-elementor-form,"Country Code For Elementor Form Telephone Field",1.3.2,1.3,https://downloads.wordpress.org/plugin/country-code-field-for-elementor-form.1.3.2.zip,"2024-11-19 12:29:00",https://wordpress.org/plugins/country-code-field-for-elementor-form/,5.0,7.2
deliveo,"Deliveo plugin for WordPress",2.4.6,2.4.4,https://downloads.wordpress.org/plugin/deliveo.zip,"2024-11-19 11:50:00",https://wordpress.org/plugins/deliveo/,,8.2
delivery-pickup-reminder-email-woocommerce,"Delivery pickup reminder email Woocommerce",1.4.64,1.4.61,https://downloads.wordpress.org/plugin/delivery-pickup-reminder-email-woocommerce.1.4.64.zip,"2024-11-19 12:17:00",https://wordpress.org/plugins/delivery-pickup-reminder-email-woocommerce/,3.0.1,
devtasksup,"DevtasksUp – ClickUp integration",1.2.7,1.2.6,https://downloads.wordpress.org/plugin/devtasksup.1.2.7.zip,"2024-11-19 12:34:00",https://wordpress.org/plugins/devtasksup/,5.3,7.4
diet-calorie-calculator,"Diet Calorie Calculator",1.0.4,1.0.3,https://downloads.wordpress.org/plugin/diet-calorie-calculator.1.0.4.zip,"2024-11-19 10:47:00",https://wordpress.org/plugins/diet-calorie-calculator/,5.0,7.3
direct-payments-for-woocommerce,"Direct Payments for WooCommerce",1.0.5,1.0.4,https://downloads.wordpress.org/plugin/direct-payments-for-woocommerce.1.0.5.zip,"2024-11-19 10:37:00",https://wordpress.org/plugins/direct-payments-for-woocommerce/,5.0,7.0
downloadify-wp,"Downloadify WP",1.0.1,1.0.0,https://downloads.wordpress.org/plugin/downloadify-wp.1.0.1.zip,"2024-11-19 12:05:00",https://wordpress.org/plugins/downloadify-wp/,6.2.2,
easy-subscribe,"Easy Subscribe",1.2.3,1.2.2,https://downloads.wordpress.org/plugin/easy-subscribe.1.2.3.zip,"2024-11-19 11:46:00",https://wordpress.org/plugins/easy-subscribe/,,7.4
enable-svg-webp-ico-upload,"Enable SVG, WebP & ICO Upload  ",1.0.9,1.0.8,https://downloads.wordpress.org/plugin/enable-svg-webp-ico-upload.1.0.9.zip,"2024-11-19 13:14:00",https://wordpress.org/plugins/enable-svg-webp-ico-upload/,4.7,7.0
extensions-for-cf7,"Extensions For CF7 (Contact form 7 Database, Conditional Fields and Redirection)",3.1.9,3.1.7,https://downloads.wordpress.org/plugin/extensions-for-cf7.3.1.9.zip,"2024-11-19 10:45:00",https://wordpress.org/plugins/extensions-for-cf7/,5.0,
fintecture-payment-gateway,"Pay by Immediate Transfer (by Fintecture)",3.10.3,3.10.2,https://downloads.wordpress.org/plugin/fintecture-payment-gateway.3.10.3.zip,"2024-11-19 13:26:00",https://wordpress.org/plugins/fintecture-payment-gateway/,5.0,7.2
flexible-refund-and-return-order-for-woocommerce,"Flexible Refund and Return Order for WooCommerce",1.0.29,1.0.28,https://downloads.wordpress.org/plugin/flexible-refund-and-return-order-for-woocommerce.1.0.29.zip,"2024-11-19 12:55:00",https://wordpress.org/plugins/flexible-refund-and-return-order-for-woocommerce/,6.4,7.4
flexible-wishlist,"Flexible Wishlist for WooCommerce – Ecommerce Wishlist & Save for later",1.2.23,1.2.22,https://downloads.wordpress.org/plugin/flexible-wishlist.1.2.23.zip,"2024-11-19 12:49:00",https://wordpress.org/plugins/flexible-wishlist/,6.4,7.4
globkurier,"globkurier.pl – Integracja z WooCommerce",2.2.1,2.1.9,https://downloads.wordpress.org/plugin/globkurier.zip,"2024-11-19 10:43:00",https://wordpress.org/plugins/globkurier/,6.0,7.4.0
google-sitemap-plugin,"Sitemap by BestWebSoft – WordPress XML Site Map Page Generator Plugin",3.3.2,3.3.0,https://downloads.wordpress.org/plugin/google-sitemap-plugin.3.3.2.zip,"2024-11-19 10:50:00",https://wordpress.org/plugins/google-sitemap-plugin/,5.6,
graphina-elementor-charts-and-graphs,"Graphina – Elementor Charts and Graphs",2.0.4,2.0.3,https://downloads.wordpress.org/plugin/graphina-elementor-charts-and-graphs.2.0.4.zip,"2024-11-19 12:56:00",https://wordpress.org/plugins/graphina-elementor-charts-and-graphs/,5.9,8.0
greet-bubble,"Greet – Video Bubble Warm Welcome Plugin for WordPress",4.1.8,4.1.6,https://downloads.wordpress.org/plugin/greet-bubble.4.1.8.zip,"2024-11-19 10:41:00",https://wordpress.org/plugins/greet-bubble/,5.0,
happy-elementor-addons,"Happy Addons for Elementor",3.14.0,3.12.5,https://downloads.wordpress.org/plugin/happy-elementor-addons.3.14.0.zip,"2024-11-19 11:07:00",https://wordpress.org/plugins/happy-elementor-addons/,5.0,7.4
heyday-search,"HeyDay – Search More",1.0.4,1.0.0,https://downloads.wordpress.org/plugin/heyday-search.1.0.4.zip,"2024-11-19 11:03:00",https://wordpress.org/plugins/heyday-search/,3.1,7.0
hide-cart-functions,"Hide Cart Functions",1.1.9,1.1.6,https://downloads.wordpress.org/plugin/hide-cart-functions.1.1.9.zip,"2024-11-19 11:39:00",https://wordpress.org/plugins/hide-cart-functions/,4.6,7.4.33
inpost-gallery,"InPost Gallery",2.1.4.3,2.1.4.2,https://downloads.wordpress.org/plugin/inpost-gallery.zip,"2024-11-19 10:52:00",https://wordpress.org/plugins/inpost-gallery/,3.5.0,5.6
integrate-nekorekten-wc,"Integrate nekorekten.com for WooCommerce",1.7,1.6,https://downloads.wordpress.org/plugin/integrate-nekorekten-wc.1.7.zip,"2024-11-19 12:44:00",https://wordpress.org/plugins/integrate-nekorekten-wc/,5.3,7.4
knit-pay-pro,"Knit Pay Pro – Mercado Pago, CCAvenue, Easebuzz, Cashfree, Thawani",1.4.14.0,1.4.12.0,https://downloads.wordpress.org/plugin/knit-pay-pro.1.4.14.0.zip,"2024-11-19 13:04:00",https://wordpress.org/plugins/knit-pay-pro/,6.5,8.0
knit-pay,"Knit Pay",8.91.0.1,8.89.1.2,https://downloads.wordpress.org/plugin/knit-pay.8.91.0.1.zip,"2024-11-19 13:09:00",https://wordpress.org/plugins/knit-pay/,6.4,8.0
knowledgebase-helpdesk,"KnowledgeBase with AI ChatBot HelpDesk – KBx",3.6.6,3.6.5,https://downloads.wordpress.org/plugin/knowledgebase-helpdesk.3.6.6.zip,"2024-11-19 13:27:00",https://wordpress.org/plugins/knowledgebase-helpdesk/,4.7,5.6
learning-management-system,"Masteriyo LMS – eLearning and Online Course Builder for WordPress",1.14.0,1.13.5,https://downloads.wordpress.org/plugin/learning-management-system.1.14.0.zip,"2024-11-19 13:11:00",https://wordpress.org/plugins/learning-management-system/,6.5,7.2
lifterlms,"LifterLMS – WP LMS for eLearning, Online Courses, & Quizzes",7.8.4,7.8.3,https://downloads.wordpress.org/plugin/lifterlms.7.8.4.zip,"2024-11-19 12:39:00",https://wordpress.org/plugins/lifterlms/,5.9,7.4
livechat-elementor,"WordPress Live Chat Plugin for Elementor – LiveChat",1.0.23,1.0.20,https://downloads.wordpress.org/plugin/livechat-elementor.1.0.23.zip,"2024-11-19 10:45:00",https://wordpress.org/plugins/livechat-elementor/,4.4,7.2
livechat-woocommerce,"WordPress Live Chat Plugin for WooCommerce – LiveChat",2.2.24,2.2.23,https://downloads.wordpress.org/plugin/livechat-woocommerce.2.2.24.zip,"2024-11-19 10:56:00",https://wordpress.org/plugins/livechat-woocommerce/,4.4,7.2
magazine-blocks,"Magazine Blocks – Blog Designer, Magazine & Newspaper Website Builder, Page Builder with Posts Blocks, Post Grid",1.3.21,1.3.14,https://downloads.wordpress.org/plugin/magazine-blocks.1.3.21.zip,"2024-11-19 11:26:00",https://wordpress.org/plugins/magazine-blocks/,5.4,7.0
mergado-marketing-pack,"Mergado Pack",4.0.2,4.0.0,https://downloads.wordpress.org/plugin/mergado-marketing-pack.zip,"2024-11-19 13:34:00",https://wordpress.org/plugins/mergado-marketing-pack/,4.5.1,
mollie-forms,"Mollie Forms",2.7.7,2.7.6,https://downloads.wordpress.org/plugin/mollie-forms.2.7.7.zip,"2024-11-19 12:42:00",https://wordpress.org/plugins/mollie-forms/,5.3,7.0
multiple-pages-generator-by-porthas,"Multiple Page Generator Plugin – MPG",4.0.4,4.0.3,https://downloads.wordpress.org/plugin/multiple-pages-generator-by-porthas.zip,"2024-11-19 12:40:00",https://wordpress.org/plugins/multiple-pages-generator-by-porthas/,5.6,7.2
olympus-google-fonts,"Fonts Plugin | Use Google Fonts, Adobe Fonts or Upload Fonts",3.8.3,3.8.1,https://downloads.wordpress.org/plugin/olympus-google-fonts.3.8.3.zip,"2024-11-19 13:11:00",https://wordpress.org/plugins/olympus-google-fonts/,4.0,
order-calendar-for-woocommerce,"Order Calendar for WooCommerce",1.6.60,1.6.46,https://downloads.wordpress.org/plugin/order-calendar-for-woocommerce.1.6.60.zip,"2024-11-19 12:23:00",https://wordpress.org/plugins/order-calendar-for-woocommerce/,3.0.1,
order-picking-app,"Order Picking App",1.7.0,1.6.8,https://downloads.wordpress.org/plugin/order-picking-app.zip,"2024-11-19 11:49:00",https://wordpress.org/plugins/order-picking-app/,6.0,7.4
pagelayer,"Page Builder: Pagelayer – Drag and Drop website builder",1.9.4,1.9.1,https://downloads.wordpress.org/plugin/pagelayer.1.9.4.zip,"2024-11-19 12:30:00",https://wordpress.org/plugins/pagelayer/,4.7,5.5
paid-member-subscriptions,"Paid Membership Subscriptions – Effortless Memberships, Recurring Payments & Content Restriction",2.13.3,2.13.1,https://downloads.wordpress.org/plugin/paid-member-subscriptions.2.13.3.zip,"2024-11-19 12:35:00",https://wordpress.org/plugins/paid-member-subscriptions/,3.1,
phone-directory,"Simple Business Directory",6.4.6,6.4.3,https://downloads.wordpress.org/plugin/phone-directory.6.4.6.zip,"2024-11-19 12:26:00",https://wordpress.org/plugins/phone-directory/,4.6,5.6
planaday-api,"Planaday API",11.2,11.0,https://downloads.wordpress.org/plugin/planaday-api.zip,"2024-11-19 12:36:00",https://wordpress.org/plugins/planaday-api/,,
post-smtp,"Post SMTP – WordPress SMTP Plugin with Email Logs and Mobile App for Failure Notifications – Gmail SMTP, Office 365, Brevo, Mailgun, Amazon SES and more",2.9.10,2.9.9,https://downloads.wordpress.org/plugin/post-smtp.2.9.10.zip,"2024-11-19 12:27:00",https://wordpress.org/plugins/post-smtp/,5.6.0,7.0
premium-addons-for-elementor,"Premium Addons for Elementor",4.10.64,4.10.63,https://downloads.wordpress.org/plugin/premium-addons-for-elementor.4.10.64.zip,"2024-11-19 12:43:00",https://wordpress.org/plugins/premium-addons-for-elementor/,5.0,7.0
printess-editor,"Printess Editor",1.6.30,1.6.29,https://downloads.wordpress.org/plugin/printess-editor.zip,"2024-11-19 13:16:00",https://wordpress.org/plugins/printess-editor/,5.9,8.1
psupsellmaster,"UpsellMaster – Upsells and Cross Sell Everywhere for WooCommerce and Easy Digital Downloads (EDD)",2.0.22,2.0.13,https://downloads.wordpress.org/plugin/psupsellmaster.2.0.22.zip,"2024-11-19 13:04:00",https://wordpress.org/plugins/psupsellmaster/,6.2,5.6
quicktasker,QuickTasker,1.9.1,1.9.0,https://downloads.wordpress.org/plugin/quicktasker.1.9.1.zip,"2024-11-19 13:32:00",https://wordpress.org/plugins/quicktasker/,5.3,7.2.28
ravioli-for-woocommerce,"Ravioli for WooCommerce",1.5.6,1.5.4,https://downloads.wordpress.org/plugin/ravioli-for-woocommerce.1.5.6.zip,"2024-11-19 11:40:00",https://wordpress.org/plugins/ravioli-for-woocommerce/,5.0,7.0
rs-logo-showcase,"RS Logo Showcase",1.2.3,1.2.2,https://downloads.wordpress.org/plugin/rs-logo-showcase.zip,"2024-11-19 13:23:00",https://wordpress.org/plugins/rs-logo-showcase/,5.5,7.0.0
seo-help,"AI Content Writer, RSS Feed to Post, Autoblogging SEO Help",6.1.2,6.0.4,https://downloads.wordpress.org/plugin/seo-help.6.1.2.zip,"2024-11-19 11:32:00",https://wordpress.org/plugins/seo-help/,4.6,5.6
seraphinite-accelerator,"Seraphinite Accelerator",2.22.12,2.22.10,https://downloads.wordpress.org/plugin/seraphinite-accelerator.2.22.12.zip,"2024-11-19 11:13:00",https://wordpress.org/plugins/seraphinite-accelerator/,4.5,7.1
shipment-based-product-for-ali2woo,"Shipping-Based Products for woocommerce and Ali2Woo",1.0.2,1.0.1,https://downloads.wordpress.org/plugin/shipment-based-product-for-ali2woo.1.0.2.zip,"2024-11-19 13:26:00",https://wordpress.org/plugins/shipment-based-product-for-ali2woo/,5.3.2,5.3
shopbuild,"StoreBuild – Online Store Builder for WooCommerce",1.0.7,1.0.3,https://downloads.wordpress.org/plugin/shopbuild.1.0.7.zip,"2024-11-19 12:07:00",https://wordpress.org/plugins/shopbuild/,5.6,7.4
shopmagic-for-woocommerce,"Free Follow-Up Emails & Marketing Automation for WooCommerce – ShopMagic",4.3.11,4.3.10,https://downloads.wordpress.org/plugin/shopmagic-for-woocommerce.4.3.11.zip,"2024-11-19 13:08:00",https://wordpress.org/plugins/shopmagic-for-woocommerce/,6.4,7.4
shortcode-elementor,"Shortcodes for Elementor",1.0.4,1.0.3,https://downloads.wordpress.org/plugin/shortcode-elementor.zip,"2024-11-19 13:33:00",https://wordpress.org/plugins/shortcode-elementor/,5.5,7.0.0
shortpixel-adaptive-images,"ShortPixel Adaptive Images – WebP, AVIF, CDN, Image Optimization",3.9.4,3.9.3,https://downloads.wordpress.org/plugin/shortpixel-adaptive-images.3.9.4.zip,"2024-11-19 12:51:00",https://wordpress.org/plugins/shortpixel-adaptive-images/,4.7,5.6.40
simple-link-directory,"Simple Link Directory",8.3.6,8.3.4,https://downloads.wordpress.org/plugin/simple-link-directory.8.3.6.zip,"2024-11-19 11:54:00",https://wordpress.org/plugins/simple-link-directory/,4.6,5.6
site-mailer,"Site Mailer – SMTP Replacement, Email API Deliverability & Email Log",1.2.0,1.0.0,https://downloads.wordpress.org/plugin/site-mailer.1.2.0.zip,"2024-11-19 11:16:00",https://wordpress.org/plugins/site-mailer/,6.3,7.4
slider-hero,"Slider Hero with Video Background, Animation",8.8.9,8.8.7,https://downloads.wordpress.org/plugin/slider-hero.8.8.9.zip,"2024-11-19 11:48:00",https://wordpress.org/plugins/slider-hero/,4.6,5.6
smart-cost-builder-with-google-sheets,"Smart Calculator Builder With Google Sheets – Build Interactive Calculators with Google Sheets at Backend",1.2,1.1,https://downloads.wordpress.org/plugin/smart-cost-builder-with-google-sheets.1.2.zip,"2024-11-19 12:55:00",https://wordpress.org/plugins/smart-cost-builder-with-google-sheets/,4.0,5.6
smsify,SMSify,6.1.1,6.0.2,https://downloads.wordpress.org/plugin/smsify.6.1.1.zip,"2024-11-19 11:23:00",https://wordpress.org/plugins/smsify/,5.3,7.3
speedycache,"SpeedyCache – Cache, Optimization, Performance",1.2.6,1.2.5,https://downloads.wordpress.org/plugin/speedycache.1.2.6.zip,"2024-11-19 12:40:00",https://wordpress.org/plugins/speedycache/,4.7,7.0
spin-wheel,"Spin Wheel – Interactive spinning wheel that offers coupons",1.0.7,1.0.5,https://downloads.wordpress.org/plugin/spin-wheel.1.0.7.zip,"2024-11-19 11:12:00",https://wordpress.org/plugins/spin-wheel/,6.1,7.4
steadfast-api,"SteadFast API",1.0.1,1.0.0,https://downloads.wordpress.org/plugin/steadfast-api.1.0.1.zip,"2024-11-19 13:10:00",https://wordpress.org/plugins/steadfast-api/,6.5.5,8.0
trusted-accounts,"Next-Gen CAPTCHA: Stop Bots, Spam, Fraud and Human Abuse",3.0.3,2.0.2,https://downloads.wordpress.org/plugin/trusted-accounts.3.0.3.zip,"2024-11-19 13:06:00",https://wordpress.org/plugins/trusted-accounts/,5.0,7.2
ultimate-coming-soon,"Ultimate Coming Soon & Maintenance",1.0.9,1.0.8,https://downloads.wordpress.org/plugin/ultimate-coming-soon.zip,"2024-11-19 13:30:00",https://wordpress.org/plugins/ultimate-coming-soon/,5.5,7.0.0
user-registration,"User Registration & Membership – Custom Registration Form, Login Form, and User Profile",3.3.5.1,3.3.4.1,https://downloads.wordpress.org/plugin/user-registration.3.3.5.1.zip,"2024-11-19 12:10:00",https://wordpress.org/plugins/user-registration/,5.5,7.2
video-callout,"Video Callout",1.2.4,1.2.3,https://downloads.wordpress.org/plugin/video-callout.1.2.4.zip,"2024-11-19 13:22:00",https://wordpress.org/plugins/video-callout/,5.8,7.2
videoigniter,"VideoIgniter – Video Player",1.0.6,1.0.5,https://downloads.wordpress.org/plugin/videoigniter.1.0.6.zip,"2024-11-19 11:29:00",https://wordpress.org/plugins/videoigniter/,6.4,7.0
webp-converter-for-media,"Converter for Media – Optimize images | Convert WebP & AVIF",6.1.3,6.1.1,https://downloads.wordpress.org/plugin/webp-converter-for-media.6.1.3.zip,"2024-11-19 11:55:00",https://wordpress.org/plugins/webp-converter-for-media/,4.9,7.0
woocommerce-other-payment-gateway,"WooCommerce Custom Payment Gateway",1.3.11,1.3.10,https://downloads.wordpress.org/plugin/woocommerce-other-payment-gateway.1.3.11.zip,"2024-11-19 12:16:00",https://wordpress.org/plugins/woocommerce-other-payment-gateway/,4.0,7.0
wp-all-import,"Import any XML or CSV File to WordPress",3.7.9,3.7.8,https://downloads.wordpress.org/plugin/wp-all-import.3.7.9.zip,"2024-11-19 12:28:00",https://wordpress.org/plugins/wp-all-import/,5.0,7.4
wp-full-stripe-free,"Stripe Payment forms for WordPress – WP Full Pay",8.0.0,7.1.6,https://downloads.wordpress.org/plugin/wp-full-stripe-free.8.0.0.zip,"2024-11-19 12:39:00",https://wordpress.org/plugins/wp-full-stripe-free/,5.3,
wp-live-chat-software-for-wordpress,"LiveChat – WP live chat plugin for WordPress",4.5.23,4.5.22,https://downloads.wordpress.org/plugin/wp-live-chat-software-for-wordpress.4.5.23.zip,"2024-11-19 11:03:00",https://wordpress.org/plugins/wp-live-chat-software-for-wordpress/,4.4,7.2
wp-multilang,"WP Multilang – Translation and Multilingual Plugin",2.4.14,2.4.12,https://downloads.wordpress.org/plugin/wp-multilang.2.4.14.zip,"2024-11-19 12:29:00",https://wordpress.org/plugins/wp-multilang/,4.7,5.6.20
wpadverts,"WPAdverts – Classifieds Plugin",2.1.8,2.1.6,https://downloads.wordpress.org/plugin/wpadverts.2.1.8.zip,"2024-11-19 11:49:00",https://wordpress.org/plugins/wpadverts/,5.7,5.6
wptools,"WP Tools Increase Maximum Limits, Repair, Server PHP Info, Javascript errors, File Permissions, Transients, Error Log",4.73,4.71,https://downloads.wordpress.org/plugin/wptools.4.73.zip,"2024-11-19 12:44:00",https://wordpress.org/plugins/wptools/,5.2,
wt-gift-cards-woocommerce,"WebToffee WooCommerce Gift Cards – Ultimate Gift Card Plugin for WooCommerce",1.1.3,1.0.5,https://downloads.wordpress.org/plugin/wt-gift-cards-woocommerce.1.1.3.zip,"2024-11-19 12:52:00",https://wordpress.org/plugins/wt-gift-cards-woocommerce/,3.5,5.6
yith-woocommerce-quick-view,"YITH WooCommerce Quick View",2.0.0,1.44.0,https://downloads.wordpress.org/plugin/yith-woocommerce-quick-view.2.0.0.zip,"2024-11-19 10:53:00",https://wordpress.org/plugins/yith-woocommerce-quick-view/,6.5,7.4
ym-fast-options,"YM Fast Options",2.2.0,2.1.0,https://downloads.wordpress.org/plugin/ym-fast-options.2.2.0.zip,"2024-11-19 12:45:00",https://wordpress.org/plugins/ym-fast-options/,6.0,7.4
ym-fast-seo,"YM Fast SEO",3.1.2,2.2.1,https://downloads.wordpress.org/plugin/ym-fast-seo.3.1.2.zip,"2024-11-19 12:54:00",https://wordpress.org/plugins/ym-fast-seo/,6.0,7.4
zoho-crm-forms,"Zoho CRM Lead Magnet",1.7.9.9,1.7.9.4,https://downloads.wordpress.org/plugin/zoho-crm-forms.zip,"2024-11-19 12:35:00",https://wordpress.org/plugins/zoho-crm-forms/,3.8,
zoloblocks,"ZoloBlocks – Gutenberg Blocks, Page Builder, Gutenberg Templates & Patterns for Gutenberg Editor",2.1.1,2.1.0,https://downloads.wordpress.org/plugin/zoloblocks.2.1.1.zip,"2024-11-19 11:11:00",https://wordpress.org/plugins/zoloblocks/,6.1,7.4
move-payment,"Move Payment",1.0.0,,https://downloads.wordpress.org/plugin/move-payment.1.0.0.zip,"2024-11-19 11:46:00",https://wordpress.org/plugins/move-payment/,5.0,7.4
semantic-linkboss,"LinkBoss – Semantic Internal Linking",2.6.0,,https://downloads.wordpress.org/plugin/semantic-linkboss.2.6.0.zip,"2024-11-19 12:47:00",https://wordpress.org/plugins/semantic-linkboss/,5.6,7.4
enable-svg-webp-ico-upload,"Enable SVG, WebP, and ICO Upload",1.1.0,1.0.9,https://downloads.wordpress.org/plugin/enable-svg-webp-ico-upload.1.1.0.zip,"2024-11-19 15:26:00",https://wordpress.org/plugins/enable-svg-webp-ico-upload/,4.7,7.0
any-news-ticker,"Any News Ticker",3.1.1,2.1.2,https://downloads.wordpress.org/plugin/any-news-ticker.zip,"2024-11-19 18:46:00",https://wordpress.org/plugins/any-news-ticker/,5.0,
ar-model-viewer-for-woocommerce,"AR Model Viewer for WooCommerce",2.0.0,1.0.8,https://downloads.wordpress.org/plugin/ar-model-viewer-for-woocommerce.2.0.0.zip,"2024-11-19 19:10:00",https://wordpress.org/plugins/ar-model-viewer-for-woocommerce/,5.9,7.4
better-wp-security,"Solid Security – Password, Two Factor Authentication, and Brute Force Protection",9.3.5,9.3.4,https://downloads.wordpress.org/plugin/better-wp-security.9.3.5.zip,"2024-11-19 19:34:00",https://wordpress.org/plugins/better-wp-security/,6.5,7.3
blog-designer-pack,"Blog Grid & Post Grid – Blog Post Slider, Blog Post Carousel, Blog Post Ticker, Blog Post Masonry, Category Post Grid By News & Blog Designer Pack",3.4.9,3.4.8,https://downloads.wordpress.org/plugin/blog-designer-pack.3.4.9.zip,"2024-11-19 20:06:00",https://wordpress.org/plugins/blog-designer-pack/,4.7,5.4
cozy-essential-addons,"Cozy Essential Addons",1.2.29,1.2.26,https://downloads.wordpress.org/plugin/cozy-essential-addons.1.2.29.zip,"2024-11-19 20:06:00",https://wordpress.org/plugins/cozy-essential-addons/,5.9,7.3.0
customtables,"Custom Tables – Create, Read, Update and Delete",1.3.2,1.3.1,https://downloads.wordpress.org/plugin/customtables.1.3.2.zip,"2024-11-19 20:24:00",https://wordpress.org/plugins/customtables/,6.0,7.4
fluentform,"Contact Form Plugin by Fluent Forms for Quiz, Survey, and Drag & Drop WP Form Builder",5.2.6,5.2.4,https://downloads.wordpress.org/plugin/fluentform.5.2.6.zip,"2024-11-19 19:08:00",https://wordpress.org/plugins/fluentform/,4.5,7.4
fundrizer,"Fundrizer – Donation and Fundraising Tools",0.8.0,0.7.0,https://downloads.wordpress.org/plugin/fundrizer.0.8.0.zip,"2024-11-19 18:55:00",https://wordpress.org/plugins/fundrizer/,6.7,8.0
gutendraw,"GutenDraw – Visualize Ideas with Excalidraw",1.3.1,1.3.0,https://downloads.wordpress.org/plugin/gutendraw.1.3.1.zip,"2024-11-19 19:13:00",https://wordpress.org/plugins/gutendraw/,5.0,7.4
hyve-lite,"AI Chatbot for WordPress – Hyve Lite",1.2.2,1.2.1,https://downloads.wordpress.org/plugin/hyve-lite.1.2.2.zip,"2024-11-19 19:14:00",https://wordpress.org/plugins/hyve-lite/,6.2,8.1
jim-soft-swiss-qr-invoice,"Jim Soft Swiss QR Invoice",1.2.23,1.2.18,https://downloads.wordpress.org/plugin/jim-soft-swiss-qr-invoice.1.2.23.zip,"2024-11-19 19:55:00",https://wordpress.org/plugins/jim-soft-swiss-qr-invoice/,4.7,7.4
kadence-blocks,"Gutenberg Blocks with AI by Kadence WP – Page Builder Features",3.3.5,3.3.4,https://downloads.wordpress.org/plugin/kadence-blocks.3.3.5.zip,"2024-11-19 19:23:00",https://wordpress.org/plugins/kadence-blocks/,6.3,7.4
lupsonline-link-netwerk,"SEO Flow by LupsOnline",2.1.5,2.1.2,https://downloads.wordpress.org/plugin/lupsonline-link-netwerk.2.1.5.zip,"2024-11-19 19:46:00",https://wordpress.org/plugins/lupsonline-link-netwerk/,3.0.1,5.2.4
nofraud-protection,"NoFraud Protection for WooCommerce",4.5.2,4.5.0,https://downloads.wordpress.org/plugin/nofraud-protection.4.5.2.zip,"2024-11-19 19:36:00",https://wordpress.org/plugins/nofraud-protection/,5.6,5.6
orderable,"Orderable – WordPress Restaurant Online Ordering System and Food Ordering Plugin",1.17.0,1.16.0,https://downloads.wordpress.org/plugin/orderable.1.17.0.zip,"2024-11-19 19:22:00",https://wordpress.org/plugins/orderable/,5.4,5.6
performance-for-everyone,"WP-performance for everyone – boost page speed & performance",2.0.7,2.0.3,https://downloads.wordpress.org/plugin/performance-for-everyone.2.0.7.zip,"2024-11-19 20:04:00",https://wordpress.org/plugins/performance-for-everyone/,6.0,7.4
post-slider-and-carousel,"Post Slider and Post Carousel with Post Vertical Scrolling Widget – A Responsive Post Slider",3.2.7,3.2.6,https://downloads.wordpress.org/plugin/post-slider-and-carousel.3.2.7.zip,"2024-11-19 20:26:00",https://wordpress.org/plugins/post-slider-and-carousel/,4.7,5.4
sema-api,"SEMA API",5.26,5.25,https://downloads.wordpress.org/plugin/sema-api.zip,"2024-11-19 20:06:00",https://wordpress.org/plugins/sema-api/,6.2,5.2.4
surbma-magyar-woocommerce,"HuCommerce | Magyar WooCommerce kiegészítések",2024.4.0,2024.3.0,https://downloads.wordpress.org/plugin/surbma-magyar-woocommerce.2024.4.0.zip,"2024-11-19 19:39:00",https://wordpress.org/plugins/surbma-magyar-woocommerce/,5.3,7.4
woo-product-gallery-slider,"Product Gallery Slider, Additional Variation Images for WooCommerce",2.3.12,2.3.11,https://downloads.wordpress.org/plugin/woo-product-gallery-slider.2.3.12.zip,"2024-11-19 19:20:00",https://wordpress.org/plugins/woo-product-gallery-slider/,5.0,7.4
zingfrog_ai,zingfrog_ai,1.3,,https://downloads.wordpress.org/plugin/zingfrog_ai.1.3.zip,"2024-11-19 18:53:00",https://wordpress.org/plugins/zingfrog_ai/,5.0,7.2
appointment-hour-booking,"Appointment Hour Booking – WordPress Booking Plugin",1.4.94,1.4.91,https://downloads.wordpress.org/plugin/appointment-hour-booking.1.4.94.zip,"2024-11-19 18:39:00",https://wordpress.org/plugins/appointment-hour-booking/,3.0.5,
inventory-presser,"Inventory Presser – Car Dealer Listings",14.17.4,14.17.3,https://downloads.wordpress.org/plugin/inventory-presser.14.17.4.zip,"2024-11-19 18:40:00",https://wordpress.org/plugins/inventory-presser/,5.0.0,7.0.0
shiftcontroller,"ShiftController Employee Shift Scheduling",4.9.71,4.9.70,https://downloads.wordpress.org/plugin/shiftcontroller.4.9.71.zip,"2024-11-19 18:35:00",https://wordpress.org/plugins/shiftcontroller/,4.1,5.6
widget-for-yandex-zen,"Widget for Zen",1.2.10,1.2.8,https://downloads.wordpress.org/plugin/widget-for-yandex-zen.1.2.10.zip,"2024-11-19 18:39:00",https://wordpress.org/plugins/widget-for-yandex-zen/,4.9,
adenergizer,"Ads.txt and App-Ads.txt – AdEnergizer",0.1.0,0.0.3,https://downloads.wordpress.org/plugin/adenergizer.0.1.0.zip,"2024-11-20 01:28:00",https://wordpress.org/plugins/adenergizer/,5.3,7.4
ar-menu-icons,"AR Menu Icons",1.0.2,1.0.1,https://downloads.wordpress.org/plugin/ar-menu-icons.1.0.2.zip,"2024-11-20 02:20:00",https://wordpress.org/plugins/ar-menu-icons/,,
booking-package,"Booking Package",1.6.67,1.6.65,https://downloads.wordpress.org/plugin/booking-package.1.6.67.zip,"2024-11-20 03:21:00",https://wordpress.org/plugins/booking-package/,3.5,7.2
contest-code-checker,"Run Contests, Raffles, and Giveaways with ContestsWP",2.0.4,2.0.3,https://downloads.wordpress.org/plugin/contest-code-checker.2.0.0.zip,"2024-11-20 03:14:00",https://wordpress.org/plugins/contest-code-checker/,5.2,
direct-payments-for-woocommerce,"Direct Payments for WooCommerce",1.0.6,1.0.5,https://downloads.wordpress.org/plugin/direct-payments-for-woocommerce.1.0.6.zip,"2024-11-20 00:44:00",https://wordpress.org/plugins/direct-payments-for-woocommerce/,5.0,7.0
editoria11y-accessibility-checker,"Editoria11y Accessibility Checker",2.0.1,1.0.21,https://downloads.wordpress.org/plugin/editoria11y-accessibility-checker.2.0.1.zip,"2024-11-20 01:59:00",https://wordpress.org/plugins/editoria11y-accessibility-checker/,6.0,7.2
gspeech,"GSpeech TTS – WordPress Text To Speech Plugin",3.8.12,3.8.11,https://downloads.wordpress.org/plugin/gspeech.3.8.12.zip,"2024-11-20 01:53:00",https://wordpress.org/plugins/gspeech/,3.5,
mapsvg-lite-interactive-vector-maps,"MapSVG – Vector maps, Image maps, Google Maps",8.5.15,,https://downloads.wordpress.org/plugin/mapsvg-lite-interactive-vector-maps.8.5.15.zip,"2024-11-20 03:20:00",https://wordpress.org/plugins/mapsvg-lite-interactive-vector-maps/,5.0,7.4
media-library-assistant,"Media Library Assistant",3.21,3.20,https://downloads.wordpress.org/plugin/media-library-assistant.zip,"2024-11-20 01:43:00",https://wordpress.org/plugins/media-library-assistant/,4.1,5.3
pw-woocommerce-gift-cards,"PW WooCommerce Gift Cards",2.8,2.4,https://downloads.wordpress.org/plugin/pw-woocommerce-gift-cards.2.8.zip,"2024-11-20 01:09:00",https://wordpress.org/plugins/pw-woocommerce-gift-cards/,4.5,5.6
simple-youtube-responsive,"Simple YouTube Responsive",3.2.4,3.2.3,https://downloads.wordpress.org/plugin/simple-youtube-responsive.3.2.4.zip,"2024-11-20 03:27:00",https://wordpress.org/plugins/simple-youtube-responsive/,2.5,
syntatis-feature-flipper,"Feature Flipper",1.4.1,1.3.0,https://downloads.wordpress.org/plugin/syntatis-feature-flipper.1.4.1.zip,"2024-11-20 00:58:00",https://wordpress.org/plugins/syntatis-feature-flipper/,6.0,7.4
wp-admin-ui-customize,"WP Admin UI Customize",1.5.14,1.5.13,https://downloads.wordpress.org/plugin/wp-admin-ui-customize.1.5.14.zip,"2024-11-20 02:52:00",https://wordpress.org/plugins/wp-admin-ui-customize/,4.2,
wpplugz-shoppable-image,"WooCommerce Shoppable Images by WP-Plugz –  Increase Engagement and Conversions",1.0.3,1.0.1,https://downloads.wordpress.org/plugin/wpplugz-shoppable-image.1.0.3.zip,"2024-11-20 03:08:00",https://wordpress.org/plugins/wpplugz-shoppable-image/,6.4.1,7.4
zigaform-calculator-cost-estimation-form-builder-lite,"Zigaform – Price Calculator & Cost Estimation Form Builder Lite",7.4.1,7.3.8,https://downloads.wordpress.org/plugin/zigaform-calculator-cost-estimation-form-builder-lite.zip,"2024-11-20 03:25:00",https://wordpress.org/plugins/zigaform-calculator-cost-estimation-form-builder-lite/,5.0,
banking-blocks-for-woocommerce,"Banking Blocks for WooCommerce",1.0,,https://downloads.wordpress.org/plugin/banking-blocks-for-woocommerce.zip,"2024-11-20 01:03:00",https://wordpress.org/plugins/banking-blocks-for-woocommerce/,6.5,8.0
wpplugz-disable-checkout,"WPPlugz Disable Checkout",1.0.0,,https://downloads.wordpress.org/plugin/wpplugz-disable-checkout.1.0.0.zip,"2024-11-20 03:27:00",https://wordpress.org/plugins/wpplugz-disable-checkout/,6.4.1,7.4
mapsvg-lite-interactive-vector-maps,"MapSVG – Vector maps, Image maps, Google Maps",8.5.17,8.5.15,https://downloads.wordpress.org/plugin/mapsvg-lite-interactive-vector-maps.8.5.17.zip,"2024-11-20 04:11:00",https://wordpress.org/plugins/mapsvg-lite-interactive-vector-maps/,5.0,7.4
activitypub,ActivityPub,4.2.1,4.0.0,https://downloads.wordpress.org/plugin/activitypub.4.2.1.zip,"2024-11-20 08:39:00",https://wordpress.org/plugins/activitypub/,5.5,7.0
add-to-cart-direct-checkout-for-woocommerce,"Direct checkout, Add to cart redirect, Quick purchase button, Buy now button, Quick View button for WooCommerce",2.1.73.39,2.1.73.37,https://downloads.wordpress.org/plugin/add-to-cart-direct-checkout-for-woocommerce.2.1.73.39.zip,"2024-11-20 10:02:00",https://wordpress.org/plugins/add-to-cart-direct-checkout-for-woocommerce/,3.0.1,
affiliate-toolkit-starter,"affiliate-toolkit – WP Affiliate Plugin with Amazon",3.6.9,3.6.8,https://downloads.wordpress.org/plugin/affiliate-toolkit-starter.3.6.9.zip,"2024-11-20 09:20:00",https://wordpress.org/plugins/affiliate-toolkit-starter/,5.6,7.4
ai-muse,"AI Muse – AI Chatbot, AI Content Generator & Writer, AI Image Generator, AI Assistant, ChatGPT, GPT-4o, Gemini, LLAMA, Claude",1.3.4,1.3.3,https://downloads.wordpress.org/plugin/ai-muse.1.3.4.zip,"2024-11-20 10:28:00",https://wordpress.org/plugins/ai-muse/,6.1,7.4
ashe-extra,"Ashe Extra",1.3,1.2.92,https://downloads.wordpress.org/plugin/ashe-extra.zip,"2024-11-20 09:02:00",https://wordpress.org/plugins/ashe-extra/,4.6,
betterdocs,"BetterDocs – Best Documentation, FAQ & Knowledge Base Plugin with AI Support & Instant Answer for Elementor & Gutenberg",3.8.2,3.7.2,https://downloads.wordpress.org/plugin/betterdocs.3.8.2.zip,"2024-11-20 10:10:00",https://wordpress.org/plugins/betterdocs/,5.0,7.0
bit-form,"Contact Form by Bit Form: Multi Step Form, Calculation Contact Form, Payment Contact Form & Custom Contact Form builder",2.17.0,2.16.2,https://downloads.wordpress.org/plugin/bit-form.2.17.0.zip,"2024-11-20 08:07:00",https://wordpress.org/plugins/bit-form/,5.0,7.4
bwd-elementor-addons,"BWD Elementor Addons (2500+ presets, Meet The Team, Lottie, Lord Icon, Masking, Woocommerce, Theme Builder, Products, Blogs, CV, Contact Form 7 Styler, Header, Slider, Hero Section)",4.3.17,4.3.16,https://downloads.wordpress.org/plugin/bwd-elementor-addons.4.3.17.zip,"2024-11-20 09:02:00",https://wordpress.org/plugins/bwd-elementor-addons/,5.0,7.0
coming-soon-maintenance-mode,"Coming Soon Maintenance Mode",1.0.7,1.0.6,https://downloads.wordpress.org/plugin/coming-soon-maintenance-mode.1.0.7.zip,"2024-11-20 08:00:00",https://wordpress.org/plugins/coming-soon-maintenance-mode/,4.0,4.0
connect-cf7-to-hubspot,"Connect CF7 to HubSpot",1.1.7,1.1.5,https://downloads.wordpress.org/plugin/connect-cf7-to-hubspot.1.1.7.zip,"2024-11-20 09:23:00",https://wordpress.org/plugins/connect-cf7-to-hubspot/,5.3,8.0
content-freshness,"Content Freshness",1.1,1.0,https://downloads.wordpress.org/plugin/content-freshness.1.1.zip,"2024-11-20 07:49:00",https://wordpress.org/plugins/content-freshness/,4.9,
content-views-query-and-display-post-page,"Content Views – Post Grid & Filter, Recent Posts, Category Posts … (Shortcode, Blocks, and Elementor Widgets)",4.0.2,4.0.1,https://downloads.wordpress.org/plugin/content-views-query-and-display-post-page.4.0.2.zip,"2024-11-20 09:05:00",https://wordpress.org/plugins/content-views-query-and-display-post-page/,3.3,5.6
cookiebot,"Cookie banner plugin for WordPress – Cookiebot CMP by Usercentrics",4.3.11,4.3.10,https://downloads.wordpress.org/plugin/cookiebot.4.3.11.zip,"2024-11-20 08:16:00",https://wordpress.org/plugins/cookiebot/,4.4,5.6
easy-panel-for-contact-form-7,"Easy Panel for Contact Form 7",1.2,1.0,https://downloads.wordpress.org/plugin/easy-panel-for-contact-form-7.1.2.zip,"2024-11-20 08:26:00",https://wordpress.org/plugins/easy-panel-for-contact-form-7/,6.4,7.4
express-checkout-paypal-payment-gateway-for-woocommerce,"Payment Gateway Plugin for PayPal WooCommerce",1.8.8,1.8.6,https://downloads.wordpress.org/plugin/express-checkout-paypal-payment-gateway-for-woocommerce.1.8.8.zip,"2024-11-20 08:20:00",https://wordpress.org/plugins/express-checkout-paypal-payment-gateway-for-woocommerce/,5.6,5.6
flexible-shipping,"Table Rate Shipping Method for WooCommerce by Flexible Shipping",5.0.9,5.0.2,https://downloads.wordpress.org/plugin/flexible-shipping.5.0.9.zip,"2024-11-20 09:53:00",https://wordpress.org/plugins/flexible-shipping/,6.4,7.4
float-menu,"Float menu – awesome floating side menu",6.0.6,6.0.4,https://downloads.wordpress.org/plugin/float-menu.6.0.6.zip,"2024-11-20 08:07:00",https://wordpress.org/plugins/float-menu/,4.3,7.4
gift4u-gift-cards-all-in-one-for-woo,"GIFT4U – Gift Cards All in One for Woo",1.0.8,1.0.7,https://downloads.wordpress.org/plugin/gift4u-gift-cards-all-in-one-for-woo.zip,"2024-11-20 07:39:00",https://wordpress.org/plugins/gift4u-gift-cards-all-in-one-for-woo/,5.0,7.0
image-optimization,"Image Optimizer – Optimize Images and Convert to WebP or AVIF",1.6.0,1.5.2,https://downloads.wordpress.org/plugin/image-optimization.1.6.0.zip,"2024-11-20 09:34:00",https://wordpress.org/plugins/image-optimization/,6.2,7.4
import-users,"User Import with meta",1.5,1.4.3,https://downloads.wordpress.org/plugin/import-users.1.5.zip,"2024-11-20 10:29:00",https://wordpress.org/plugins/import-users/,5.0,5.2.4
inpost-for-woocommerce,"InPost PL",1.6.1,1.6.0,https://downloads.wordpress.org/plugin/inpost-for-woocommerce.1.6.1.zip,"2024-11-20 08:44:00",https://wordpress.org/plugins/inpost-for-woocommerce/,5.3,7.2
intasend-payment,"IntaSend Payment",1.0.12,1.0.11,https://downloads.wordpress.org/plugin/intasend-payment.zip,"2024-11-20 10:18:00",https://wordpress.org/plugins/intasend-payment/,4.8,7.4
ipresso-integration-for-woocommerce,"iPresso integration for WooCommerce",1.4,1.3,https://downloads.wordpress.org/plugin/ipresso-integration-for-woocommerce.zip,"2024-11-20 08:45:00",https://wordpress.org/plugins/ipresso-integration-for-woocommerce/,4.4.0,
joomsport-sports-league-results-management,"JoomSport – for Sports: Team & League, Football, Hockey & more",5.6.16,5.6.13,https://downloads.wordpress.org/plugin/joomsport-sports-league-results-management.5.6.16.zip,"2024-11-20 10:17:00",https://wordpress.org/plugins/joomsport-sports-league-results-management/,4.0,7.0
linguise,"Linguise – Automatic multilingual translation",2.0.28,2.0.27,https://downloads.wordpress.org/plugin/linguise.2.0.28.zip,"2024-11-20 08:42:00",https://wordpress.org/plugins/linguise/,4.0,7.0
login-by-referer,"Login by Referer",1.0.5,1.0.4,https://downloads.wordpress.org/plugin/login-by-referer.1.0.5.zip,"2024-11-20 07:51:00",https://wordpress.org/plugins/login-by-referer/,6.0,7.4
lws-optimize,"LWS Optimize",3.2.1.1,3.2.0.7,https://downloads.wordpress.org/plugin/lws-optimize.3.2.1.1.zip,"2024-11-20 09:58:00",https://wordpress.org/plugins/lws-optimize/,6.0,7.4
megamenu,"Max Mega Menu",3.4.1,3.4,https://downloads.wordpress.org/plugin/megamenu.3.4.1.zip,"2024-11-20 10:25:00",https://wordpress.org/plugins/megamenu/,5.0,5.6
modula-best-grid-gallery,"Modula Image Gallery",2.11.2,2.10.3,https://downloads.wordpress.org/plugin/modula-best-grid-gallery.2.11.2.zip,"2024-11-20 09:49:00",https://wordpress.org/plugins/modula-best-grid-gallery/,5.3,5.6
multiparcels-shipping-for-woocommerce,"MultiParcels Shipping For WooCommerce",1.19.6,1.19.5,https://downloads.wordpress.org/plugin/multiparcels-shipping-for-woocommerce.1.19.6.zip,"2024-11-20 08:37:00",https://wordpress.org/plugins/multiparcels-shipping-for-woocommerce/,4.4,7.4
omise,"Opn Payments",6.0.2,5.9.0,https://downloads.wordpress.org/plugin/omise.6.0.2.zip,"2024-11-20 10:00:00",https://wordpress.org/plugins/omise/,4.3.1,
oxy-howto-maker,"Oxy Howto Maker",2.2.0,2.1.3,https://downloads.wordpress.org/plugin/oxy-howto-maker.2.2.0.zip,"2024-11-20 07:44:00",https://wordpress.org/plugins/oxy-howto-maker/,4.9,7.4
puredevs-customer-history-for-woocommerce,"PureDevs Customer History for WooCommerce",1.0.6,1.0.4,https://downloads.wordpress.org/plugin/puredevs-customer-history-for-woocommerce.1.0.6.zip,"2024-11-20 10:17:00",https://wordpress.org/plugins/puredevs-customer-history-for-woocommerce/,4.0,
quiz-maker,"Quiz Maker",6.6.4.8,6.6.4.7,https://downloads.wordpress.org/plugin/quiz-maker.6.6.4.8.zip,"2024-11-20 07:54:00",https://wordpress.org/plugins/quiz-maker/,4.0,
review-widgets-for-booking-com,"Widgets for Booking.com Reviews",12.4.4,12.4.1,https://downloads.wordpress.org/plugin/review-widgets-for-booking-com.12.4.4.zip,"2024-11-20 10:32:00",https://wordpress.org/plugins/review-widgets-for-booking-com/,3.0.1,5.2
sales-countdown-timer,"Sales Countdown Timer",1.1.3,1.1.2,https://downloads.wordpress.org/plugin/sales-countdown-timer.zip,"2024-11-20 07:47:00",https://wordpress.org/plugins/sales-countdown-timer/,5.0,7.0
securicheck,"Securicheck – Audit de sécurité et sécurisation",1.1.2,1.0.6,https://downloads.wordpress.org/plugin/securicheck.1.1.2.zip,"2024-11-20 07:36:00",https://wordpress.org/plugins/securicheck/,6.2,7.4
shipbubble,"Shipbubble – Shipping Automation for Woocommerce",2.6.2,2.6.1,https://downloads.wordpress.org/plugin/shipbubble.2.6.2.zip,"2024-11-20 10:31:00",https://wordpress.org/plugins/shipbubble/,4.0,5.6
simple-youtube-responsive,"Simple YouTube Responsive",3.2.5,3.2.4,https://downloads.wordpress.org/plugin/simple-youtube-responsive.3.2.5.zip,"2024-11-20 08:43:00",https://wordpress.org/plugins/simple-youtube-responsive/,2.5,
storelinkr,"StoreLinkr: all-in-one platform for webshops",2.5.0,2.4.0,https://downloads.wordpress.org/plugin/storelinkr.2.5.0.zip,"2024-11-20 08:58:00",https://wordpress.org/plugins/storelinkr/,6.4,8.4
survey-maker,"Survey Maker",5.1.1.2,5.1.1.1,https://downloads.wordpress.org/plugin/survey-maker.5.1.1.2.zip,"2024-11-20 08:01:00",https://wordpress.org/plugins/survey-maker/,4.0,
tablepress,"TablePress – Tables in WordPress made easy",3.0,2.4.4,https://downloads.wordpress.org/plugin/tablepress.3.0.zip,"2024-11-20 09:36:00",https://wordpress.org/plugins/tablepress/,6.2,7.4
tutor-lms-elementor-addons,"Tutor LMS Elementor Addons",3.0.0,2.1.5,https://downloads.wordpress.org/plugin/tutor-lms-elementor-addons.3.0.0.zip,"2024-11-20 08:19:00",https://wordpress.org/plugins/tutor-lms-elementor-addons/,5.3,7.4
tutor,"Tutor LMS – eLearning and online course solution",3.0.0,2.7.5,https://downloads.wordpress.org/plugin/tutor.3.0.0.zip,"2024-11-20 08:17:00",https://wordpress.org/plugins/tutor/,5.3,7.4
tutormate,TutorMate,3.0.0,1.0.5,https://downloads.wordpress.org/plugin/tutormate.3.0.0.zip,"2024-11-20 08:19:00",https://wordpress.org/plugins/tutormate/,5.3,7.0
unlimited-elements-for-elementor,"Unlimited Elements For Elementor (Free Widgets, Addons, Templates)",1.5.129,1.5.124,https://downloads.wordpress.org/plugin/unlimited-elements-for-elementor.zip,"2024-11-20 07:51:00",https://wordpress.org/plugins/unlimited-elements-for-elementor/,3.5,
webchangedetector,"Web Change Detector",3.1.3,3.0.4,https://downloads.wordpress.org/plugin/webchangedetector.3.1.3.zip,"2024-11-20 09:35:00",https://wordpress.org/plugins/webchangedetector/,5.2,7.4
webtoffee-product-feed,"Product Feed for WooCommerce – Google Shopping Feed, Pinterest Feed, TikTok Ads & More",2.2.5,2.2.4,https://downloads.wordpress.org/plugin/webtoffee-product-feed.2.2.5.zip,"2024-11-20 09:42:00",https://wordpress.org/plugins/webtoffee-product-feed/,4.0,5.6
widget-options,"Widget Options – The #1 WordPress Widget & Block Control Plugin",4.0.8,4.0.7,https://downloads.wordpress.org/plugin/widget-options.4.0.8.zip,"2024-11-20 09:05:00",https://wordpress.org/plugins/widget-options/,5.6,7.4
widgets-for-aliexpress-reviews,"Widgets for AliExpress Reviews",12.4.4,12.4.1,https://downloads.wordpress.org/plugin/widgets-for-aliexpress-reviews.12.4.4.zip,"2024-11-20 10:30:00",https://wordpress.org/plugins/widgets-for-aliexpress-reviews/,3.0.1,5.2
wishsuite,"WishSuite – Wishlist for WooCommerce",1.4.4,1.4.3,https://downloads.wordpress.org/plugin/wishsuite.1.4.4.zip,"2024-11-20 08:58:00",https://wordpress.org/plugins/wishsuite/,5.0,
woo-coupon-box,"Coupon Box for WooCommerce",2.1.5,2.1.4,https://downloads.wordpress.org/plugin/woo-coupon-box.zip,"2024-11-20 07:52:00",https://wordpress.org/plugins/woo-coupon-box/,5.0,7.0
woo-thank-you-page-customizer,"Thank You Page Customizer for WooCommerce – Increase Your Sales",1.1.6,1.1.5,https://downloads.wordpress.org/plugin/woo-thank-you-page-customizer.zip,"2024-11-20 08:03:00",https://wordpress.org/plugins/woo-thank-you-page-customizer/,5.0,7.0
woolementor,"CoDesigner – All in One Elementor WooCommerce Builder",4.7.9,4.7.8,https://downloads.wordpress.org/plugin/woolementor.4.7.9.zip,"2024-11-20 10:03:00",https://wordpress.org/plugins/woolementor/,5.0,7.0
wp-cloudflare-page-cache,"Super Page Cache",5.0.9,5.0.7,https://downloads.wordpress.org/plugin/wp-cloudflare-page-cache.zip,"2024-11-20 08:25:00",https://wordpress.org/plugins/wp-cloudflare-page-cache/,5.3,7.4
wp-hide-security-enhancer,"WP Hide & Security Enhancer",2.5.1,2.5,https://downloads.wordpress.org/plugin/wp-hide-security-enhancer.2.5.1.zip,"2024-11-20 09:21:00",https://wordpress.org/plugins/wp-hide-security-enhancer/,4.0,5.4
wp-inventory-manager,"WP Inventory Manager",2.3.0,2.2.1,https://downloads.wordpress.org/plugin/wp-inventory-manager.zip,"2024-11-20 08:16:00",https://wordpress.org/plugins/wp-inventory-manager/,3.5.0,
wp-optimize,"WP-Optimize – Cache, Compress images, Minify & Clean database to boost page speed & performance",3.7.1,3.7.0,https://downloads.wordpress.org/plugin/wp-optimize.3.7.1.zip,"2024-11-20 10:20:00",https://wordpress.org/plugins/wp-optimize/,4.5,5.6
wp-reviews-plugin-for-google,"Widgets for Google Reviews",12.4.4,12.4.1,https://downloads.wordpress.org/plugin/wp-reviews-plugin-for-google.12.4.4.zip,"2024-11-20 10:28:00",https://wordpress.org/plugins/wp-reviews-plugin-for-google/,3.0.1,5.2
smart-searchify,"Smart Searchify",1.0.1,,https://downloads.wordpress.org/plugin/smart-searchify.1.0.1.zip,"2024-11-20 08:43:00",https://wordpress.org/plugins/smart-searchify/,5.0,7.2
import-woocommerce,"Import WooCommerce Suite",2.2,2.1,https://downloads.wordpress.org/plugin/import-woocommerce.2.2.zip,"2024-11-20 10:41:00",https://wordpress.org/plugins/import-woocommerce/,5.0,5.2.4
intasend-payment,"IntaSend Payment",1.0.13,1.0.12,https://downloads.wordpress.org/plugin/intasend-payment.zip,"2024-11-20 11:03:00",https://wordpress.org/plugins/intasend-payment/,6.0,7.4
bigcommerce,"BigCommerce For WordPress",5.1.1,5.1.0,https://downloads.wordpress.org/plugin/bigcommerce.5.1.1.zip,"2024-11-20 16:19:00",https://wordpress.org/plugins/bigcommerce/,5.2,7.4.0
data-tables-generator-by-supsystic,"Data Tables Generator by Supsystic",1.10.37,1.10.36,https://downloads.wordpress.org/plugin/data-tables-generator-by-supsystic.1.10.37.zip,"2024-11-20 15:18:00",https://wordpress.org/plugins/data-tables-generator-by-supsystic/,,
directorist,"Directorist: AI-Powered WordPress Business Directory Plugin with Classified Ads Listings",8.0.6,8.0.4,https://downloads.wordpress.org/plugin/directorist.8.0.6.zip,"2024-11-20 15:18:00",https://wordpress.org/plugins/directorist/,4.6,7.0
eacsoftwareregistry-distribution-sdk,"{eac}SoftwareRegistry Distribution SDK",1.1.0,1.0.9,https://downloads.wordpress.org/plugin/eacsoftwareregistry-distribution-sdk.1.1.0.zip,"2024-11-20 16:14:00",https://wordpress.org/plugins/eacsoftwareregistry-distribution-sdk/,5.8,7.4
ean-for-woocommerce,"EAN Barcode Generator for WooCommerce: UPC, ISBN & GTIN Inventory",5.3.2,5.2.2,https://downloads.wordpress.org/plugin/ean-for-woocommerce.5.3.2.zip,"2024-11-20 15:56:00",https://wordpress.org/plugins/ean-for-woocommerce/,4.4,
easy-accordion-free,"Easy Accordion – Responsive Accordion FAQ Builder and Product FAQ",2.3.12,2.3.10,https://downloads.wordpress.org/plugin/easy-accordion-free.2.3.12.zip,"2024-11-20 15:16:00",https://wordpress.org/plugins/easy-accordion-free/,4.7,
flamix-bitrix24-and-contact-forms-7-integrations,"Flamix: Bitrix24 and Contact Form 7 integrations",3.2.1,3.2.0,https://downloads.wordpress.org/plugin/flamix-bitrix24-and-contact-forms-7-integrations.zip,"2024-11-20 15:49:00",https://wordpress.org/plugins/flamix-bitrix24-and-contact-forms-7-integrations/,5.0,7.4
flamix-bitrix24-and-woo-integrations,"Flamix: Bitrix24 and WooCommerce Orders integration",5.2.1,5.2.0,https://downloads.wordpress.org/plugin/flamix-bitrix24-and-woo-integrations.zip,"2024-11-20 15:47:00",https://wordpress.org/plugins/flamix-bitrix24-and-woo-integrations/,5.0,7.4
flex-guten,"Flex Guten – A Multipurpose Gutenberg Blocks Plugin",1.2.2,1.2.1,https://downloads.wordpress.org/plugin/flex-guten.1.2.2.zip,"2024-11-20 16:21:00",https://wordpress.org/plugins/flex-guten/,5.7,5.7
fluent-community,"FluentCommunity – Full-fledge Social Network, Community & LMS",1.1.0,1.0.99,https://downloads.wordpress.org/plugin/fluent-community.1.1.0.zip,"2024-11-20 15:26:00",https://wordpress.org/plugins/fluent-community/,6.0,7.3
frase,Frase,1.3.5,1.3.3,https://downloads.wordpress.org/plugin/frase.zip,"2024-11-20 15:16:00",https://wordpress.org/plugins/frase/,5.5,5.6.20
fullworks-anti-spam,"Anti-Spam by Fullworks : GDPR Compliant Spam Protection",2.3.10,2.3.5,https://downloads.wordpress.org/plugin/fullworks-anti-spam.2.3.10.zip,"2024-11-20 16:01:00",https://wordpress.org/plugins/fullworks-anti-spam/,5.3.0,7.4
hive-support,"Hive Support | AI-Powered Help Desk, Live Chat & AI Chat Bot Plugin for WordPress",1.1.4,1.1.0,https://downloads.wordpress.org/plugin/hive-support.1.1.4.zip,"2024-11-20 15:26:00",https://wordpress.org/plugins/hive-support/,6.5,7.4
hydra-booking,"Hydra Booking – All in One Appointment Scheduling and Booking Calendar Solution | WooCommerce Bookings",1.0.6,1.0.2,https://downloads.wordpress.org/plugin/hydra-booking.1.0.6.zip,"2024-11-20 15:25:00",https://wordpress.org/plugins/hydra-booking/,5.4,7.4
mailniaga-smtp,"MailNiaga SMTP",2.1.0,1.0.0,https://downloads.wordpress.org/plugin/mailniaga-smtp.2.1.0.zip,"2024-11-20 16:08:00",https://wordpress.org/plugins/mailniaga-smtp/,5.6,8.1
payment-gateway-accept-blue-for-woocommerce,"Payment gateway: accept.blue for WooCommerce",1.5.0,1.4.9,https://downloads.wordpress.org/plugin/payment-gateway-accept-blue-for-woocommerce.1.5.0.zip,"2024-11-20 15:29:00",https://wordpress.org/plugins/payment-gateway-accept-blue-for-woocommerce/,4.4,7.4
super-payments,"Super Payments – WooCommerce Payment Gateway",1.25.13,1.25.12,https://downloads.wordpress.org/plugin/super-payments.1.25.13.zip,"2024-11-20 15:38:00",https://wordpress.org/plugins/super-payments/,,
testimonial-free,"Real Testimonials – Testimonial Slider, Carousel, Grid | Collect Customer Reviews and Video Testimonial with Testimonial Form | Social Proof Reviews and Review Slider",3.1.5,3.1.2,https://downloads.wordpress.org/plugin/testimonial-free.3.1.5.zip,"2024-11-20 16:29:00",https://wordpress.org/plugins/testimonial-free/,4.7,
toocheke-companion,"Toocheke Companion",1.157,1.156,https://downloads.wordpress.org/plugin/toocheke-companion.1.157.zip,"2024-11-20 16:04:00",https://wordpress.org/plugins/toocheke-companion/,5.3,
ultimate-blocks,"Ultimate Blocks – WordPress Blocks Plugin",3.2.5,3.2.3,https://downloads.wordpress.org/plugin/ultimate-blocks.3.2.5.zip,"2024-11-20 15:32:00",https://wordpress.org/plugins/ultimate-blocks/,5.8,5.6
webba-booking-lite,"Appointment & Event Booking Calendar Plugin – Webba Booking",5.0.53,5.0.52,https://downloads.wordpress.org/plugin/webba-booking-lite.5.0.53.zip,"2024-11-20 16:23:00",https://wordpress.org/plugins/webba-booking-lite/,5.6,7.4
woo-product-slider,"Product Carousel, Product Slider, Product Grid Gallery, and Product Table for WooCommerce – WooProduct Slider",2.8.3,2.8.0,https://downloads.wordpress.org/plugin/woo-product-slider.2.8.3.zip,"2024-11-20 16:00:00",https://wordpress.org/plugins/woo-product-slider/,5.0,5.6
click-social,"ClickSocial – Social Media Scheduler & Poster",1.0.2,,https://downloads.wordpress.org/plugin/click-social.1.0.2.zip,"2024-11-20 15:42:00",https://wordpress.org/plugins/click-social/,6.0,7.4
plato-gallery,"Plato Gallery – Quick and Easy for VR, AR, and Metaverse Galleries",1.1.1,,https://downloads.wordpress.org/plugin/plato-gallery.1.1.1.zip,"2024-11-20 15:15:00",https://wordpress.org/plugins/plato-gallery/,5.2,7.3
ar-menu-icons,"AR Menu Icons",1.0.3,1.0.2,https://downloads.wordpress.org/plugin/ar-menu-icons.1.0.3.zip,"2024-11-20 15:01:00",https://wordpress.org/plugins/ar-menu-icons/,,
chili-piper,"Chili Piper",1.0.18,1.0.16,https://downloads.wordpress.org/plugin/chili-piper.1.0.18.zip,"2024-11-20 14:53:00",https://wordpress.org/plugins/chili-piper/,4.3,
connect-cf7-to-hubspot,"Connect CF7 to HubSpot",1.1.8,1.1.7,https://downloads.wordpress.org/plugin/connect-cf7-to-hubspot.1.1.8.zip,"2024-11-20 14:53:00",https://wordpress.org/plugins/connect-cf7-to-hubspot/,5.3,8.0
custom-class-text-widget,"Custom Class on Text Widgets",1.2,1.1,https://downloads.wordpress.org/plugin/custom-class-text-widget.zip,"2024-11-20 14:39:00",https://wordpress.org/plugins/custom-class-text-widget/,2.8,
elementor,"Elementor Website Builder – More than Just a Page Builder",3.25.9,3.25.5,https://downloads.wordpress.org/plugin/elementor.3.25.9.zip,"2024-11-20 14:39:00",https://wordpress.org/plugins/elementor/,6.3,7.4
extra-amount-on-checkout,"WC Extra Amount On Checkout",1.1.7,1.1.6,https://downloads.wordpress.org/plugin/extra-amount-on-checkout.zip,"2024-11-20 15:02:00",https://wordpress.org/plugins/extra-amount-on-checkout/,3.0.1,
jobs-that-makesense,jobs_that_makesense,1.3.3,1.3.2,https://downloads.wordpress.org/plugin/jobs-that-makesense.1.3.3.zip,"2024-11-20 15:01:00",https://wordpress.org/plugins/jobs-that-makesense/,,
location-weather,"Location Weather – Hourly, Daily Weather Forecast Widget and Weather Map",2.0.13,2.0.11,https://downloads.wordpress.org/plugin/location-weather.2.0.13.zip,"2024-11-20 14:57:00",https://wordpress.org/plugins/location-weather/,4.7,5.6
payment-gateways-per-product-categories-for-woocommerce,"Payment Methods by Product & Country for WooCommerce",1.8.0,1.7.17,https://downloads.wordpress.org/plugin/payment-gateways-per-product-categories-for-woocommerce.1.8.0.zip,"2024-11-20 14:39:00",https://wordpress.org/plugins/payment-gateways-per-product-categories-for-woocommerce/,4.4,
provesource,"ProveSource Social Proof",3.0.2,3.0.1,https://downloads.wordpress.org/plugin/provesource.3.0.2.zip,"2024-11-20 14:45:00",https://wordpress.org/plugins/provesource/,3.1.0,5.2
publishpress-checklists,"PublishPress Checklists: Pre-Publishing Approval Checklist – Validate Post Requirements",2.16.0,2.14.0,https://downloads.wordpress.org/plugin/publishpress-checklists.2.16.0.zip,"2024-11-20 15:10:00",https://wordpress.org/plugins/publishpress-checklists/,5.5,7.2.5
security-malware-firewall,"Security & Malware scan by CleanTalk",2.146,2.145.1,https://downloads.wordpress.org/plugin/security-malware-firewall.2.146.zip,"2024-11-20 15:09:00",https://wordpress.org/plugins/security-malware-firewall/,5.0,5.6
shift8-cdn,"Shift8 CDN",1.69,1.68,https://downloads.wordpress.org/plugin/shift8-cdn.zip,"2024-11-20 14:33:00",https://wordpress.org/plugins/shift8-cdn/,3.0.1,
toocheke-companion,"Toocheke Companion",1.158,1.157,https://downloads.wordpress.org/plugin/toocheke-companion.1.158.zip,"2024-11-20 16:58:00",https://wordpress.org/plugins/toocheke-companion/,5.3,
vikbooking,"VikBooking Hotel Booking Engine & PMS",1.7.1,1.7.0,https://downloads.wordpress.org/plugin/vikbooking.1.7.1.zip,"2024-11-20 15:14:00",https://wordpress.org/plugins/vikbooking/,4.7,7.0.0
woo-additional-fees-on-checkout-wordpress,"WooCommerce Additional Fees On Checkout (Free)",1.4.7,1.4.6,https://downloads.wordpress.org/plugin/woo-additional-fees-on-checkout-wordpress.zip,"2024-11-20 14:56:00",https://wordpress.org/plugins/woo-additional-fees-on-checkout-wordpress/,3.0.1,
woo-checkout-on-popup-free,"WooCommerce Checkout On Popup (FREE)",1.2.1,1.2.0,https://downloads.wordpress.org/plugin/woo-checkout-on-popup-free.zip,"2024-11-20 14:54:00",https://wordpress.org/plugins/woo-checkout-on-popup-free/,3.0.1,
woo-order-export-constant-contact,"Woo Order Export To Constant Contact (FREE)",1.2.2,1.2.1,https://downloads.wordpress.org/plugin/woo-order-export-constant-contact.zip,"2024-11-20 14:48:00",https://wordpress.org/plugins/woo-order-export-constant-contact/,3.0.1,
wp-payment,"WP Payment",2.2.9,2.2.8,https://downloads.wordpress.org/plugin/wp-payment.zip,"2024-11-20 14:45:00",https://wordpress.org/plugins/wp-payment/,3.0.1,
wp-user-chat,"WP User Chat",1.0.8,1.0.7,https://downloads.wordpress.org/plugin/wp-user-chat.zip,"2024-11-20 14:43:00",https://wordpress.org/plugins/wp-user-chat/,3.0.1,
a2z-alphabetical-archive-links,"A-2-Z Alphabetical Archive Links",2.1.0,2.0.2,https://downloads.wordpress.org/plugin/a2z-alphabetical-archive-links.2.1.0.zip,"2024-11-20 22:57:00",https://wordpress.org/plugins/a2z-alphabetical-archive-links/,5.8,7.4
black-widgets,"Black Widgets For Elementor",1.3.8,1.3.7,https://downloads.wordpress.org/plugin/black-widgets.1.3.8.zip,"2024-11-20 22:21:00",https://wordpress.org/plugins/black-widgets/,6.0,7.4
bp-better-messages,"Better Messages – Live Chat for WordPress, BuddyPress, PeepSo, Ultimate Member, BuddyBoss",2.6.6,2.6.0,https://downloads.wordpress.org/plugin/bp-better-messages.2.6.6.zip,"2024-11-20 21:53:00",https://wordpress.org/plugins/bp-better-messages/,5.9.0,7.1
caddy,"Caddy – Smart Side Cart for WooCommerce",2.0.3,2.0.2,https://downloads.wordpress.org/plugin/caddy.zip,"2024-11-20 23:13:00",https://wordpress.org/plugins/caddy/,5.0,7.4
content-excel-importer,"Import Content in WordPress & WooCommerce with Excel",4.4,4.3,https://downloads.wordpress.org/plugin/content-excel-importer.zip,"2024-11-20 21:48:00",https://wordpress.org/plugins/content-excel-importer/,3.0.1,8.1
convert-blocks-to-json,"Convert Blocks to JSON",1.0.5,1.0.4,https://downloads.wordpress.org/plugin/convert-blocks-to-json.1.0.5.zip,"2024-11-20 20:31:00",https://wordpress.org/plugins/convert-blocks-to-json/,4.0,7.4
dropp-pay-per-use,"Dropp Pay Per Use",1.1.1,1.0.0,https://downloads.wordpress.org/plugin/dropp-pay-per-use.1.1.1.zip,"2024-11-20 20:34:00",https://wordpress.org/plugins/dropp-pay-per-use/,5.8,7.2
editoria11y-accessibility-checker,"Editoria11y Accessibility Checker",2.0.3,2.0.1,https://downloads.wordpress.org/plugin/editoria11y-accessibility-checker.2.0.3.zip,"2024-11-20 22:05:00",https://wordpress.org/plugins/editoria11y-accessibility-checker/,6.0,7.2
email-blacklist-for-elementor-forms,"Email Blacklist For Elementor Forms",1.0.2,1.0.1,https://downloads.wordpress.org/plugin/email-blacklist-for-elementor-forms.1.0.2.zip,"2024-11-20 22:55:00",https://wordpress.org/plugins/email-blacklist-for-elementor-forms/,6.0,8.1
give,"GiveWP – Donation Plugin and Fundraising Platform",3.18.0,3.16.5,https://downloads.wordpress.org/plugin/give.3.18.0.zip,"2024-11-20 23:19:00",https://wordpress.org/plugins/give/,6.5,7.2
image-widget,"Image Widget",4.4.11,4.4.9,https://downloads.wordpress.org/plugin/image-widget.4.4.11.zip,"2024-11-20 20:44:00",https://wordpress.org/plugins/image-widget/,3.5,
kliken-marketing-for-google,"AI Powered Marketing",1.5.3,1.5.2,https://downloads.wordpress.org/plugin/kliken-marketing-for-google.1.5.3.zip,"2024-11-20 21:27:00",https://wordpress.org/plugins/kliken-marketing-for-google/,5.8,7.4
media-library-assistant,"Media Library Assistant",3.22,3.21,https://downloads.wordpress.org/plugin/media-library-assistant.3.22.zip,"2024-11-20 22:07:00",https://wordpress.org/plugins/media-library-assistant/,4.1,5.3
mybooktable,"MyBookTable Bookstore by Stormhill Media",3.5.3,3.5.2,https://downloads.wordpress.org/plugin/mybooktable.zip,"2024-11-20 22:49:00",https://wordpress.org/plugins/mybooktable/,4.5.0,7.0
paid-memberships-pro-takbull-gateway,"TakBull For Paid Memberships Pro",1.2.0.2,1.1.2.13,https://downloads.wordpress.org/plugin/paid-memberships-pro-takbull-gateway.1.2.0.2.zip,"2024-11-20 22:29:00",https://wordpress.org/plugins/paid-memberships-pro-takbull-gateway/,4.4,
shared-vision-light,"Shared Vision",1.1.2,1.1.0,https://downloads.wordpress.org/plugin/shared-vision-light.1.1.2.zip,"2024-11-20 22:09:00",https://wordpress.org/plugins/shared-vision-light/,2.1.0,5.4
shared-vision,"Shared Vision",1.0.4,1.0.1,https://downloads.wordpress.org/plugin/shared-vision.1.0.4.zip,"2024-11-20 21:56:00",https://wordpress.org/plugins/shared-vision/,6.0.0,8.0
sky-elementor-addons,"Sky Addons for Elementor (Free Templates Library, Live Copy, Animations, Post Grid, Post Carousel, Particles, Sliders, Chart, Blog, Video Gallery)",2.6.3,2.6.2,https://downloads.wordpress.org/plugin/sky-elementor-addons.zip,"2024-11-20 21:12:00",https://wordpress.org/plugins/sky-elementor-addons/,5.0,7.0.0
storelinkr,"StoreLinkr: all-in-one platform for webshops",2.5.2,2.5.0,https://downloads.wordpress.org/plugin/storelinkr.2.5.2.zip,"2024-11-20 20:52:00",https://wordpress.org/plugins/storelinkr/,6.4,8.2
toocheke-companion,"Toocheke Companion",1.159,1.158,https://downloads.wordpress.org/plugin/toocheke-companion.1.159.zip,"2024-11-20 20:28:00",https://wordpress.org/plugins/toocheke-companion/,5.3,
tourmix,TOURMIX,1.1.7,1.1.6,https://downloads.wordpress.org/plugin/tourmix.1.1.7.zip,"2024-11-20 21:09:00",https://wordpress.org/plugins/tourmix/,5.3,7.2
wise-analytics,"Wise Analytics",1.1.6,1.1.4,https://downloads.wordpress.org/plugin/wise-analytics.1.1.6.zip,"2024-11-20 20:53:00",https://wordpress.org/plugins/wise-analytics/,6.2.0,7.4.0
wish-list-for-woocommerce,"Wishlist for WooCommerce: Multi Wishlists Per Customer",3.1.4,3.1.3,https://downloads.wordpress.org/plugin/wish-list-for-woocommerce.3.1.4.zip,"2024-11-20 22:09:00",https://wordpress.org/plugins/wish-list-for-woocommerce/,6.1,5.6.0
woo-product-excel-importer,"Product Excel Import & Export for WooCommerce",6.0,5.9,https://downloads.wordpress.org/plugin/woo-product-excel-importer.zip,"2024-11-20 21:47:00",https://wordpress.org/plugins/woo-product-excel-importer/,3.0.1,8.1
woo-rfq-for-woocommerce,"NP Quote Request for WooCommerce",1.9.176,1.9.172,https://downloads.wordpress.org/plugin/woo-rfq-for-woocommerce.1.9.176.zip,"2024-11-20 20:39:00",https://wordpress.org/plugins/woo-rfq-for-woocommerce/,6.3,7.4
censor-order-details,"Censor Order Details",1.0.3,,https://downloads.wordpress.org/plugin/censor-order-details.1.0.3.zip,"2024-11-20 21:31:00",https://wordpress.org/plugins/censor-order-details/,4.0,7.4
a2z-alphabetical-archive-links,"A-2-Z Alphabetical Archive Links",2.1.1,2.1.0,https://downloads.wordpress.org/plugin/a2z-alphabetical-archive-links.2.1.1.zip,"2024-11-21 00:17:00",https://wordpress.org/plugins/a2z-alphabetical-archive-links/,5.8,7.4
administrator-z,"Administrator Z",2024.11.20,2024.11.10,https://downloads.wordpress.org/plugin/administrator-z.zip,"2024-11-21 03:52:00",https://wordpress.org/plugins/administrator-z/,6.0,8.0
bopo-woo-product-bundle-builder,"Bopo – WooCommerce Product Bundle Builder",1.1.2,1.1.1,https://downloads.wordpress.org/plugin/bopo-woo-product-bundle-builder.zip,"2024-11-21 04:37:00",https://wordpress.org/plugins/bopo-woo-product-bundle-builder/,5.0,7.0
caddy,"Caddy – Smart Side Cart for WooCommerce",2.0.4,2.0.3,https://downloads.wordpress.org/plugin/caddy.zip,"2024-11-21 03:47:00",https://wordpress.org/plugins/caddy/,5.0,7.4
cf7-cost-calculator-price-calculation,"Contact Form 7 Cost Calculator – Price Calculator Free",7.6.0,7.5.8,https://downloads.wordpress.org/plugin/cf7-cost-calculator-price-calculation.zip,"2024-11-21 03:51:00",https://wordpress.org/plugins/cf7-cost-calculator-price-calculation/,2.5,5.2
cf7-multistep,"Contact form 7 Multi-Step – Preview Submission",6.7.0,6.6.4,https://downloads.wordpress.org/plugin/cf7-multistep.zip,"2024-11-21 04:31:00",https://wordpress.org/plugins/cf7-multistep/,2.0,5.2
chatway-live-chat,"Chatway Live Chat – Customer Support, FAQ & Helpdesk Customer Service",1.2.6,1.2.5,https://downloads.wordpress.org/plugin/chatway-live-chat.1.2.6.zip,"2024-11-21 05:39:00",https://wordpress.org/plugins/chatway-live-chat/,3.1,
chinads-dropshipping-taobao-woocommerce,"ChinaDS – Tmall-Taobao Dropshipping for WooCommerce",2.0.6,2.0.5,https://downloads.wordpress.org/plugin/chinads-dropshipping-taobao-woocommerce.zip,"2024-11-21 05:05:00",https://wordpress.org/plugins/chinads-dropshipping-taobao-woocommerce/,5.0,7.0
ds-cf7-math-captcha,"DS CF7 Math Captcha",3.0.1,,https://downloads.wordpress.org/plugin/ds-cf7-math-captcha.3.0.1.zip,"2024-11-21 05:53:00",https://wordpress.org/plugins/ds-cf7-math-captcha/,6.3,7.4
dynamic-copyright-year,"Dynamic Copyright Year",1.0.4,1.0.3,https://downloads.wordpress.org/plugin/dynamic-copyright-year.1.0.4.zip,"2024-11-21 06:05:00",https://wordpress.org/plugins/dynamic-copyright-year/,,
dynamic-post-grid-elementor-addon,"Dynamic Post Grid Elementor Addon",1.0.9,1.0.8,https://downloads.wordpress.org/plugin/dynamic-post-grid-elementor-addon.1.0.9.zip,"2024-11-21 05:59:00",https://wordpress.org/plugins/dynamic-post-grid-elementor-addon/,5.0,5.6
easy-basic-authentication,"Easy Basic Authentication",3.1,2.6,https://downloads.wordpress.org/plugin/easy-basic-authentication.3.1.zip,"2024-11-21 05:09:00",https://wordpress.org/plugins/easy-basic-authentication/,5.0,7.2.5
flex-guten,"Flex Guten – A Multipurpose Gutenberg Blocks Plugin",1.2.3,1.2.2,https://downloads.wordpress.org/plugin/flex-guten.1.2.3.zip,"2024-11-21 05:16:00",https://wordpress.org/plugins/flex-guten/,5.7,5.7
form-abandonment-tracking,"Form Abandonment Tracking for Google Analytics GA4",1.5,1.4,https://downloads.wordpress.org/plugin/form-abandonment-tracking.zip,"2024-11-21 06:14:00",https://wordpress.org/plugins/form-abandonment-tracking/,4.6,5.6
gratisfaction-social-contests-referral-loyalty-rewards-program-by-appsmav,"Gratisfaction- Contests Giveaways Referral Loyalty Rewards and Birthdays Program",3.4.4,3.4.3,https://downloads.wordpress.org/plugin/gratisfaction-social-contests-referral-loyalty-rewards-program-by-appsmav.3.4.4.zip,"2024-11-21 04:24:00",https://wordpress.org/plugins/gratisfaction-social-contests-referral-loyalty-rewards-program-by-appsmav/,3.0.1,
gwebpro-store-locator,"G Web Pro Store Locator",2.0.1,2.0,https://downloads.wordpress.org/plugin/gwebpro-store-locator.zip,"2024-11-21 06:29:00",https://wordpress.org/plugins/gwebpro-store-locator/,4.8,
hide-cart-functions,"Hide Cart Functions",1.2.0,1.1.9,https://downloads.wordpress.org/plugin/hide-cart-functions.1.2.0.zip,"2024-11-21 03:59:00",https://wordpress.org/plugins/hide-cart-functions/,4.6,7.4.33
mailmunch,"MailMunch – Grow your Email List",3.2.0,3.1.9,https://downloads.wordpress.org/plugin/mailmunch.3.2.0.zip,"2024-11-21 06:11:00",https://wordpress.org/plugins/mailmunch/,3.0.1,
markup-by-attribute-for-woocommerce,"Markup by Attribute for WooCommerce",4.0.2,3.14.2,https://downloads.wordpress.org/plugin/markup-by-attribute-for-woocommerce.zip,"2024-11-21 05:07:00",https://wordpress.org/plugins/markup-by-attribute-for-woocommerce/,4.6,5.6
peachpay-for-woocommerce,"Payments Plugin and Checkout Plugin for WooCommerce: Stripe, PayPal, Square, Authorize.net",1.113.0,1.109.0,https://downloads.wordpress.org/plugin/peachpay-for-woocommerce.1.107.0.zip,"2024-11-21 04:28:00",https://wordpress.org/plugins/peachpay-for-woocommerce/,5.8,7.0
remove-add-to-cart-button-for-woocommerce,"Remove Add to Cart Button for WooCommerce",2.1.2,1.0.9,https://downloads.wordpress.org/plugin/remove-add-to-cart-button-for-woocommerce.2.1.2.zip,"2024-11-21 04:31:00",https://wordpress.org/plugins/remove-add-to-cart-button-for-woocommerce/,4.4,
ry-wc-city-select,"RY City Select for WooCommerce",2.1.2,2.1.0,https://downloads.wordpress.org/plugin/ry-wc-city-select.2.1.2.zip,"2024-11-21 05:43:00",https://wordpress.org/plugins/ry-wc-city-select/,6.5,8.0
ry-woocommerce-tools,"RY Tools for WooCommerce",3.4.22,3.4.20,https://downloads.wordpress.org/plugin/ry-woocommerce-tools.3.4.22.zip,"2024-11-21 06:15:00",https://wordpress.org/plugins/ry-woocommerce-tools/,6.5,8.0
scratch-win-giveaways-for-website-facebook,"Scratch & Win – Giveaways and Contests. Boost subscribers, traffic, repeat visits,  referrals, sales and more",2.6.9,2.6.8,https://downloads.wordpress.org/plugin/scratch-win-giveaways-for-website-facebook.2.6.9.zip,"2024-11-21 05:12:00",https://wordpress.org/plugins/scratch-win-giveaways-for-website-facebook/,3.0.1,
social-boost,"Social Boost: Giveaways, Instant win and Contests. Grow followers, shares, subscribers, traffic, referrals, sales and more",3.3.2,3.3.1,https://downloads.wordpress.org/plugin/social-boost.3.3.2.zip,"2024-11-21 04:39:00",https://wordpress.org/plugins/social-boost/,3.0.1,
the-plus-addons-for-elementor-page-builder,"The Plus Addons for Elementor – Elementor Addons, Page Templates, Widgets, Mega Menu, WooCommerce",6.0.6,6.0.5,https://downloads.wordpress.org/plugin/the-plus-addons-for-elementor-page-builder.6.0.6.zip,"2024-11-21 05:23:00",https://wordpress.org/plugins/the-plus-addons-for-elementor-page-builder/,6.0,7.0
themegrill-demo-importer,"ThemeGrill Demo Importer",1.9.9,1.9.8,https://downloads.wordpress.org/plugin/themegrill-demo-importer.1.9.9.zip,"2024-11-21 04:59:00",https://wordpress.org/plugins/themegrill-demo-importer/,4.7,7.4
tlp-team,"Team – Team Members Showcase Plugin",4.4.4,4.4.2,https://downloads.wordpress.org/plugin/tlp-team.4.4.5.zip,"2024-11-21 05:21:00",https://wordpress.org/plugins/tlp-team/,4.5,
webappick-pdf-invoice-for-woocommerce,"Challan – PDF Invoice & Packing Slip for WooCommerce",3.7.24,3.7.22,https://downloads.wordpress.org/plugin/webappick-pdf-invoice-for-woocommerce.3.7.24.zip,"2024-11-21 05:49:00",https://wordpress.org/plugins/webappick-pdf-invoice-for-woocommerce/,4.4,7.4
welcart-exclude-from-delivery-day,"Welcart exclude from delivery day",1.1.0,1.0.1,https://downloads.wordpress.org/plugin/welcart-exclude-from-delivery-day.zip,"2024-11-21 05:10:00",https://wordpress.org/plugins/welcart-exclude-from-delivery-day/,5.3,7.0.0
wicked-block-conditions,"Wicked Block Conditions",1.2.4,1.2.2,https://downloads.wordpress.org/plugin/wicked-block-conditions.1.2.4.zip,"2024-11-21 03:54:00",https://wordpress.org/plugins/wicked-block-conditions/,5.0,7.4
woo-alidropship,"ALD – Dropshipping and Fulfillment for AliExpress and WooCommerce",2.1.2,2.1.0,https://downloads.wordpress.org/plugin/woo-alidropship.zip,"2024-11-21 04:02:00",https://wordpress.org/plugins/woo-alidropship/,5.0.0,7.0
wp-smart-import,"WP Smart Import : Import any XML File to WordPress",1.1.2,1.1.1,https://downloads.wordpress.org/plugin/wp-smart-import.1.1.2.zip,"2024-11-21 05:26:00",https://wordpress.org/plugins/wp-smart-import/,4.0,5.3
zoho-crm-forms,"Zoho CRM Lead Magnet",1.8.8.0,1.7.9.9,https://downloads.wordpress.org/plugin/zoho-crm-forms.zip,"2024-11-21 05:42:00",https://wordpress.org/plugins/zoho-crm-forms/,3.8,
device-based-redirect,"Device-Based Redirect",1.1.2,,https://downloads.wordpress.org/plugin/device-based-redirect.1.1.2.zip,"2024-11-21 04:08:00",https://wordpress.org/plugins/device-based-redirect/,5.0,7.2
rscards-maker,"RsCards Maker",1.0.0,,https://downloads.wordpress.org/plugin/rscards-maker.1.0.0.zip,"2024-11-21 05:20:00",https://wordpress.org/plugins/rscards-maker/,5.7,7.0
acymailing,"AcyMailing – An Ultimate Newsletter Plugin and Marketing Automation Solution for WordPress",9.10.5,9.10.4,https://downloads.wordpress.org/plugin/acymailing.9.10.5.zip,"2024-11-21 11:24:00",https://wordpress.org/plugins/acymailing/,5.0,7.4
add-to-cart-direct-checkout-for-woocommerce,"Direct checkout, Add to cart redirect, Quick purchase button, Buy now button, Quick View button for WooCommerce",2.1.73.40,2.1.73.39,https://downloads.wordpress.org/plugin/add-to-cart-direct-checkout-for-woocommerce.2.1.73.40.zip,"2024-11-21 12:05:00",https://wordpress.org/plugins/add-to-cart-direct-checkout-for-woocommerce/,3.0.1,
addonskit-for-elementor,"Directorist AddonsKit for Elementor",1.1.5,1.1.4,https://downloads.wordpress.org/plugin/addonskit-for-elementor.1.1.5.zip,"2024-11-21 10:17:00",https://wordpress.org/plugins/addonskit-for-elementor/,6.0,7.4
adminify,"WP Adminify – Custom WordPress Dashboard, Login and Admin Customizer",4.0.2.2,4.0.2.1,https://downloads.wordpress.org/plugin/adminify.4.0.2.2.zip,"2024-11-21 12:43:00",https://wordpress.org/plugins/adminify/,4.0,5.3
atec-cache-apcu,"atec Cache APCu",2.1.5,2.1.2,https://downloads.wordpress.org/plugin/atec-cache-apcu.zip,"2024-11-21 11:22:00",https://wordpress.org/plugins/atec-cache-apcu/,5.2,7.4
atec-cache-info,"atec Cache Info",1.7.3,1.6.8,https://downloads.wordpress.org/plugin/atec-cache-info.zip,"2024-11-21 12:32:00",https://wordpress.org/plugins/atec-cache-info/,5.2,7.4
best-woocommerce-feed,"Product Feed Manager- WooCommerce Product Feeds For Google Shopping, Social Catalog, TikTok Ads, and 180+ Popular Marketplaces",7.4.23,7.4.21,https://downloads.wordpress.org/plugin/best-woocommerce-feed.7.4.23.zip,"2024-11-21 11:15:00",https://wordpress.org/plugins/best-woocommerce-feed/,5.0,7.4
betterlinks,"BetterLinks – An Advanced Plugin for Affiliate Links, Link Shortening, Link Tracking, Link Branding & Marketing",2.1.12,2.1.7,https://downloads.wordpress.org/plugin/betterlinks.2.1.12.zip,"2024-11-21 10:21:00",https://wordpress.org/plugins/betterlinks/,5.0,7.0
bonus-for-woo,"Bonus for Woo",6.5.3,6.5.1,https://downloads.wordpress.org/plugin/bonus-for-woo.6.5.3.zip,"2024-11-21 11:53:00",https://wordpress.org/plugins/bonus-for-woo/,5.0,7.4
booking-manager,"Booking Manager – Sync WP Booking Calendar – Import Events, Export Bookings to ICS Calendar",2.1.10,2.1.9,https://downloads.wordpress.org/plugin/booking-manager.2.1.10.zip,"2024-11-21 10:13:00",https://wordpress.org/plugins/booking-manager/,4.0,5.6
bsd-woo-stripe-connect-split-pay,"Split Pay for Stripe on WooCommerce | Create a Multi-Vendor Marketplace in Minutes",3.5.2,3.5.1,https://downloads.wordpress.org/plugin/bsd-woo-stripe-connect-split-pay.3.5.2.zip,"2024-11-21 10:26:00",https://wordpress.org/plugins/bsd-woo-stripe-connect-split-pay/,5.2.3,7.0
change-wp-admin-login,"All In One Login — WordPress Login Security Plugin to Protect and Customize WP Admin",2.0.2,2.0.1,https://downloads.wordpress.org/plugin/change-wp-admin-login.2.0.2.zip,"2024-11-21 12:09:00",https://wordpress.org/plugins/change-wp-admin-login/,4.6,7.4
chatbot,"AI ChatBot for WordPress – WPBot",6.0.0,5.9.9,https://downloads.wordpress.org/plugin/chatbot.6.0.0.zip,"2024-11-21 09:54:00",https://wordpress.org/plugins/chatbot/,4.6,5.6
cloudbridge-2fa,"Cloudbridge 2FA",1.0.4,1.0.3,https://downloads.wordpress.org/plugin/cloudbridge-2fa.1.0.4.zip,"2024-11-21 10:40:00",https://wordpress.org/plugins/cloudbridge-2fa/,5.4.0,7.4
content-update-scheduler,"Content Update Scheduler",2.3.4,2.3.2,https://downloads.wordpress.org/plugin/content-update-scheduler.2.3.4.zip,"2024-11-21 11:49:00",https://wordpress.org/plugins/content-update-scheduler/,5.0,7.4
cookie-notice,"Cookie Notice & Compliance for GDPR / CCPA",2.5.1,2.4.18,https://downloads.wordpress.org/plugin/cookie-notice.2.5.1.zip,"2024-11-21 09:55:00",https://wordpress.org/plugins/cookie-notice/,4.9.6,7.4
cozy-essential-addons,"Cozy Essential Addons",1.2.31,1.2.29,https://downloads.wordpress.org/plugin/cozy-essential-addons.1.2.31.zip,"2024-11-21 12:10:00",https://wordpress.org/plugins/cozy-essential-addons/,5.9,7.3.0
echo-rewards,"Refer a Friend for WooCommerce to Launch Your Customer Referral Program – EchoRewards Referral Plugin",2.1.2,2.1.1,https://downloads.wordpress.org/plugin/echo-rewards.2.1.2.zip,"2024-11-21 12:26:00",https://wordpress.org/plugins/echo-rewards/,5.0,5.4
ether-and-erc20-tokens-woocommerce-payment-gateway,"Ether and ERC20 tokens WooCommerce Payment Gateway",4.17.1,4.17.0,https://downloads.wordpress.org/plugin/ether-and-erc20-tokens-woocommerce-payment-gateway.4.17.1.zip,"2024-11-21 11:45:00",https://wordpress.org/plugins/ether-and-erc20-tokens-woocommerce-payment-gateway/,4.7,7.2.5
ethereum-wallet,"Ethereum Wallet",4.12.2,4.12.1,https://downloads.wordpress.org/plugin/ethereum-wallet.4.12.2.zip,"2024-11-21 11:50:00",https://wordpress.org/plugins/ethereum-wallet/,3.7,7.2.5
ethereumico,EthereumICO,2.4.5,2.4.4,https://downloads.wordpress.org/plugin/ethereumico.2.4.5.zip,"2024-11-21 11:39:00",https://wordpress.org/plugins/ethereumico/,3.7,5.6
ethpress,"EthPress – Web3 Login",2.3.4,2.3.3,https://downloads.wordpress.org/plugin/ethpress.2.3.4.zip,"2024-11-21 11:58:00",https://wordpress.org/plugins/ethpress/,4.6,7.4
event-schema,"Event SEO: Event Schema / Structured Data: Google Rich Snippet Schema for Event",1.1.2,1.1.1,https://downloads.wordpress.org/plugin/event-schema.1.1.2.zip,"2024-11-21 11:28:00",https://wordpress.org/plugins/event-schema/,4.0,5.4
expresstechsoftwares-memberpress-discord-add-on,"Sell access, Automate, and add Engaging Exclusive Discord Access: Introducing the MemberPress Discord Addon — Elevate Your Community!",1.1.1,1.0.26,https://downloads.wordpress.org/plugin/expresstechsoftwares-memberpress-discord-add-on.1.1.1.zip,"2024-11-21 12:51:00",https://wordpress.org/plugins/expresstechsoftwares-memberpress-discord-add-on/,4.7,7.0
fly-nav-mobile,"Fly Nav Mobile",1.1.3,1.1.2,https://downloads.wordpress.org/plugin/fly-nav-mobile.zip,"2024-11-21 11:41:00",https://wordpress.org/plugins/fly-nav-mobile/,5.0,
fv-player,"FV Player 8",8.0.12,8.0.10,https://downloads.wordpress.org/plugin/fv-player.zip,"2024-11-21 12:35:00",https://wordpress.org/plugins/fv-player/,5.7,5.6
gallery-videos,"Video Gallery – Best WordPress YouTube Gallery Plugin",2.4.0,2.3.7,https://downloads.wordpress.org/plugin/gallery-videos.2.4.0.zip,"2024-11-21 11:47:00",https://wordpress.org/plugins/gallery-videos/,4.0,
gift-up,"Gift Up Gift Cards for WordPress and WooCommerce",2.26.2,2.26,https://downloads.wordpress.org/plugin/gift-up.2.26.2.zip,"2024-11-21 11:46:00",https://wordpress.org/plugins/gift-up/,3.0.1,5.6
global-e-cross-border-for-woocommerce,"Global-e Cross-Border integration for WooCommerce",1.8.3,1.8.2,https://downloads.wordpress.org/plugin/global-e-cross-border-for-woocommerce.1.8.3.zip,"2024-11-21 10:58:00",https://wordpress.org/plugins/global-e-cross-border-for-woocommerce/,5.4,
hungarian-pickup-points-for-woocommerce,"Csomagpontok és Címkék WooCommerce-hez",3.4.6.2,3.4.6.1,https://downloads.wordpress.org/plugin/hungarian-pickup-points-for-woocommerce.3.4.6.2.zip,"2024-11-21 10:25:00",https://wordpress.org/plugins/hungarian-pickup-points-for-woocommerce/,6.0,
hurrytimer,"HurryTimer – An Scarcity and Urgency Countdown Timer for WordPress & WooCommerce",2.11.0,2.10.0,https://downloads.wordpress.org/plugin/hurrytimer.2.11.0.zip,"2024-11-21 12:34:00",https://wordpress.org/plugins/hurrytimer/,4.0,5.6
jeg-elementor-kit,"Jeg Elementor Kit",2.6.10,2.6.9,https://downloads.wordpress.org/plugin/jeg-elementor-kit.zip,"2024-11-21 09:55:00",https://wordpress.org/plugins/jeg-elementor-kit/,5.0,7.0
jobboardwp,"JobBoardWP – Job Board Listings and Submissions",1.3.1,1.3.0,https://downloads.wordpress.org/plugin/jobboardwp.1.3.1.zip,"2024-11-21 12:51:00",https://wordpress.org/plugins/jobboardwp/,5.5,5.6
mail-mint,"Email Marketing, Email Automation, Newsletter & Cart Abandonment for WordPress and WooCommerce – Mail Mint",1.15.4,1.15.1,https://downloads.wordpress.org/plugin/mail-mint.1.15.4.zip,"2024-11-21 12:04:00",https://wordpress.org/plugins/mail-mint/,5.8,7.4
mega-elements-addons-for-elementor,"Mega Elements – Addons for Elementor",1.2.9,1.2.6,https://downloads.wordpress.org/plugin/mega-elements-addons-for-elementor.1.2.9.zip,"2024-11-21 10:05:00",https://wordpress.org/plugins/mega-elements-addons-for-elementor/,5.0,7.4
miniorange-2-factor-authentication,"Google Authenticator – WordPress 2FA, OTP SMS and Email",6.0.5,6.0.3,https://downloads.wordpress.org/plugin/miniorange-2-factor-authentication.6.0.5.zip,"2024-11-21 12:17:00",https://wordpress.org/plugins/miniorange-2-factor-authentication/,3.0.1,7.2.24
monei,"MONEI Payments for WooCommerce",5.9.1,5.8.13,https://downloads.wordpress.org/plugin/monei.5.9.1.zip,"2024-11-21 12:43:00",https://wordpress.org/plugins/monei/,5.0,7.2
nextend-facebook-connect,"Nextend Social Login and Register",3.1.16,3.1.14,https://downloads.wordpress.org/plugin/nextend-facebook-connect.3.1.16.zip,"2024-11-21 12:03:00",https://wordpress.org/plugins/nextend-facebook-connect/,4.9,7.0
payitmonthly-for-woocommerce,"PayItMonthly For WooCommerce",1.2.1,1.2.0,https://downloads.wordpress.org/plugin/payitmonthly-for-woocommerce.1.2.1.zip,"2024-11-21 11:19:00",https://wordpress.org/plugins/payitmonthly-for-woocommerce/,4.4,7.2
payu-india,"PayU CommercePro Plugin",3.8.3,,https://downloads.wordpress.org/plugin/payu-india.3.8.3.zip,"2024-11-21 12:25:00",https://wordpress.org/plugins/payu-india/,5.3,7.4
pisol-mmq,"Product Quantity, Minimum Maximum quantity & Minimum Order quantity WooCommerce",2.1.73,2.1.70,https://downloads.wordpress.org/plugin/pisol-mmq.2.1.73.zip,"2024-11-21 12:24:00",https://wordpress.org/plugins/pisol-mmq/,3.0.1,
portfolio-filter-gallery,"Portfolio Gallery – Image Gallery Plugin",1.6.9,1.6.7,https://downloads.wordpress.org/plugin/portfolio-filter-gallery.1.6.9.zip,"2024-11-21 10:53:00",https://wordpress.org/plugins/portfolio-filter-gallery/,3.2,5.4
responsive-addons-for-elementor,"Responsive Addons for Elementor – Free Elementor Addons Plugin and Elementor Templates",1.6.2,1.5.4,https://downloads.wordpress.org/plugin/responsive-addons-for-elementor.1.6.2.zip,"2024-11-21 10:35:00",https://wordpress.org/plugins/responsive-addons-for-elementor/,5.0,5.6
sender-net-automated-emails,"Sender – Newsletter, SMS and Email Marketing Automation for WooCommerce",2.8.0,2.7.7,https://downloads.wordpress.org/plugin/sender-net-automated-emails.zip,"2024-11-21 11:52:00",https://wordpress.org/plugins/sender-net-automated-emails/,4.2,7.1
sheets-to-wp-table-live-sync,"Sheets to WP Table Live Sync | Google Sheets Table Plugin for WordPress with Spreadsheet Integration – FlexTable",3.15.3,3.15.0,https://downloads.wordpress.org/plugin/sheets-to-wp-table-live-sync.3.15.3.zip,"2024-11-21 12:20:00",https://wordpress.org/plugins/sheets-to-wp-table-live-sync/,5.0,7.2
shopbuild,"StoreBuild – Online Store Builder for WooCommerce",1.0.9,1.0.7,https://downloads.wordpress.org/plugin/shopbuild.1.0.9.zip,"2024-11-21 11:44:00",https://wordpress.org/plugins/shopbuild/,5.6,7.4
shopmagic-for-google-sheets,"ShopMagic for Google Sheets",2.1.2,2.1.1,https://downloads.wordpress.org/plugin/shopmagic-for-google-sheets.2.1.2.zip,"2024-11-21 10:05:00",https://wordpress.org/plugins/shopmagic-for-google-sheets/,6.1,7.4
simple-login-logout-redirect,"Simple Login Logout Redirect",1.0.4,1.0.3,https://downloads.wordpress.org/plugin/simple-login-logout-redirect.1.0.4.zip,"2024-11-21 09:58:00",https://wordpress.org/plugins/simple-login-logout-redirect/,6.5,8.2
slider-blocks,"GutSlider – All in One Block Slider",2.9.0,2.8.1,https://downloads.wordpress.org/plugin/slider-blocks.2.9.0.zip,"2024-11-21 12:25:00",https://wordpress.org/plugins/slider-blocks/,6.5,7.4
sticky-floating-notification-bar-call-to-action,"StickyCTA – Sticky Floating Notification Bar Call To Action A/B Testing",1.3.5,1.3.1,https://downloads.wordpress.org/plugin/sticky-floating-notification-bar-call-to-action.1.3.2.zip,"2024-11-21 10:58:00",https://wordpress.org/plugins/sticky-floating-notification-bar-call-to-action/,6.2,7.4
superb-blocks,"Superb Addons: WordPress Blocks, Patterns & Theme Designer",3.4.5,3.4.2,https://downloads.wordpress.org/plugin/superb-blocks.3.4.5.zip,"2024-11-21 12:37:00",https://wordpress.org/plugins/superb-blocks/,3.0.1,6.0
tangible-loops-and-logic,"Loops & Logic",4.1.7,4.1.5,https://downloads.wordpress.org/plugin/tangible-loops-and-logic.4.1.7.zip,"2024-11-21 11:40:00",https://wordpress.org/plugins/tangible-loops-and-logic/,6.0,7.4
w3speedster-wp,W3SPEEDSTER,7.33,7.30,https://downloads.wordpress.org/plugin/w3speedster-wp.7.33.zip,"2024-11-21 12:41:00",https://wordpress.org/plugins/w3speedster-wp/,,
wc-apg-city,"WC – APG City",1.3.0.3,1.3.0.2,https://downloads.wordpress.org/plugin/wc-apg-city.1.3.0.3.zip,"2024-11-21 10:34:00",https://wordpress.org/plugins/wc-apg-city/,5.0,
wc-apg-nifcifnie-field,"WC – APG NIF/CIF/NIE Field",3.0.10,3.0.8,https://downloads.wordpress.org/plugin/wc-apg-nifcifnie-field.3.0.10.zip,"2024-11-21 12:36:00",https://wordpress.org/plugins/wc-apg-nifcifnie-field/,5.0,
wc-booster,"WC Booster",2.6,2.2,https://downloads.wordpress.org/plugin/wc-booster.2.6.zip,"2024-11-21 11:23:00",https://wordpress.org/plugins/wc-booster/,6.1,7.3
webinar-and-video-conference-with-jitsi-meet,"Webinar and Video Conference with Jitsi Meet – Create Branded Webinars for WordPress, Meetings & Livestreaming",2.6.18,2.6.17,https://downloads.wordpress.org/plugin/webinar-and-video-conference-with-jitsi-meet.2.6.18.zip,"2024-11-21 12:32:00",https://wordpress.org/plugins/webinar-and-video-conference-with-jitsi-meet/,5.2,5.4
woocommerce-apg-free-postcodestatecountry-shipping,"WC – APG Free Shipping",2.8.4,2.8.3,https://downloads.wordpress.org/plugin/woocommerce-apg-free-postcodestatecountry-shipping.2.8.4.zip,"2024-11-21 10:44:00",https://wordpress.org/plugins/woocommerce-apg-free-postcodestatecountry-shipping/,5.0,
woocommerce-apg-sms-notifications,"WC – APG SMS Notifications",2.27.0.1,2.27,https://downloads.wordpress.org/plugin/woocommerce-apg-sms-notifications.2.27.0.1.zip,"2024-11-21 11:32:00",https://wordpress.org/plugins/woocommerce-apg-sms-notifications/,5.0,
woocommerce-apg-weight-and-postcodestatecountry-shipping,"WC – APG Weight Shipping",2.6.4,2.6.3,https://downloads.wordpress.org/plugin/woocommerce-apg-weight-and-postcodestatecountry-shipping.2.6.4.zip,"2024-11-21 11:27:00",https://wordpress.org/plugins/woocommerce-apg-weight-and-postcodestatecountry-shipping/,5.0,
woocommerce-delivery-notes,"Print Invoice & Delivery Notes for WooCommerce",5.3.0,5.1.0,https://downloads.wordpress.org/plugin/woocommerce-delivery-notes.5.3.0.zip,"2024-11-21 12:16:00",https://wordpress.org/plugins/woocommerce-delivery-notes/,4.4,7.4
wpmake-advance-user-avatar,"Advance User Avatar",1.0.1,1.0.0,https://downloads.wordpress.org/plugin/wpmake-advance-user-avatar.1.0.1.zip,"2024-11-21 12:52:00",https://wordpress.org/plugins/wpmake-advance-user-avatar/,5.5,7.4
wpnakama,"WPNakama – Team and client collaboration Starts Here",0.3.10,0.3.7,https://downloads.wordpress.org/plugin/wpnakama.0.3.10.zip,"2024-11-21 10:01:00",https://wordpress.org/plugins/wpnakama/,6.2.0,7.4
wpo365-login,"WordPress + Microsoft Office 365 / Azure AD | LOGIN",33.3,32.0,https://downloads.wordpress.org/plugin/wpo365-login.33.3.zip,"2024-11-21 10:55:00",https://wordpress.org/plugins/wpo365-login/,5.0,7.4
wpo365-msgraphmailer,"WPO365 | MICROSOFT 365 GRAPH MAILER",2.39,2.36,https://downloads.wordpress.org/plugin/wpo365-msgraphmailer.2.39.zip,"2024-11-21 10:56:00",https://wordpress.org/plugins/wpo365-msgraphmailer/,5.0,7.4
wt-woocommerce-sequential-order-numbers,"Sequential Order Number for WooCommerce",1.6.7,1.6.5,https://downloads.wordpress.org/plugin/wt-woocommerce-sequential-order-numbers.1.6.7.zip,"2024-11-21 11:56:00",https://wordpress.org/plugins/wt-woocommerce-sequential-order-numbers/,3.0.1,5.6
yotpo-social-reviews-for-woocommerce,"Yotpo: Product & Photo Reviews for WooCommerce",1.8.1,1.7.8,https://downloads.wordpress.org/plugin/yotpo-social-reviews-for-woocommerce.zip,"2024-11-21 10:37:00",https://wordpress.org/plugins/yotpo-social-reviews-for-woocommerce/,3.5.1,
zoho-crm-forms,"Zoho CRM Lead Magnet",1.8.0.1,1.8.8.0,https://downloads.wordpress.org/plugin/zoho-crm-forms.zip,"2024-11-21 12:47:00",https://wordpress.org/plugins/zoho-crm-forms/,3.8,
custom-registration-fields-for-woocommerce,"Custom Registration Fields for WooCommerce",1.0,,https://downloads.wordpress.org/plugin/custom-registration-fields-for-woocommerce.1.0.zip,"2024-11-21 11:42:00",https://wordpress.org/plugins/custom-registration-fields-for-woocommerce/,6.5,7.4
dynamic-counter-update,"FHDCU Dynamic Counter Update",1.0,,https://downloads.wordpress.org/plugin/dynamic-counter-update.1.0.zip,"2024-11-21 11:29:00",https://wordpress.org/plugins/dynamic-counter-update/,5.6,7.2
infoforflux,"App Info for Flux",1.0.8,,https://downloads.wordpress.org/plugin/infoforflux.1.0.8.zip,"2024-11-21 11:21:00",https://wordpress.org/plugins/infoforflux/,4.7,
multisite-post-cloner,"Multisite Post Cloner",1.0.0,,https://downloads.wordpress.org/plugin/multisite-post-cloner.1.0.0.zip,"2024-11-21 11:40:00",https://wordpress.org/plugins/multisite-post-cloner/,5.0,7.2
showcase-creator,"Showcase Creator",1.0.5,,https://downloads.wordpress.org/plugin/showcase-creator.1.0.5.zip,"2024-11-21 11:16:00",https://wordpress.org/plugins/showcase-creator/,6.1,7.0
sprout-for-woocommerce,"Sprout for WooCommerce",1.0.2,,https://downloads.wordpress.org/plugin/sprout-for-woocommerce.zip,"2024-11-21 11:37:00",https://wordpress.org/plugins/sprout-for-woocommerce/,5.0,7.4
atec-cache-info,"atec Cache Info",1.7.4,1.7.3,https://downloads.wordpress.org/plugin/atec-cache-info.zip,"2024-11-21 14:11:00",https://wordpress.org/plugins/atec-cache-info/,5.2,7.4
wc-apg-nifcifnie-field,"WC – APG NIF/CIF/NIE Field",3.0.11,3.0.10,https://downloads.wordpress.org/plugin/wc-apg-nifcifnie-field.3.0.11.zip,"2024-11-21 13:35:00",https://wordpress.org/plugins/wc-apg-nifcifnie-field/,5.0,
bbp-members-only,"bbPress Members Only",1.8.1,1.7.9,https://downloads.wordpress.org/plugin/bbp-members-only.zip,"2024-11-21 17:48:00",https://wordpress.org/plugins/bbp-members-only/,3.0,
betta-comments,"Betta Comments",1.2.0,1.0.0,https://downloads.wordpress.org/plugin/betta-comments.1.2.0.zip,"2024-11-21 18:34:00",https://wordpress.org/plugins/betta-comments/,5.7,7.0
blocks-animation,"Blocks Animation: CSS Animations for Gutenberg Blocks",3.0.7,3.0.5,https://downloads.wordpress.org/plugin/blocks-animation.zip,"2024-11-21 19:34:00",https://wordpress.org/plugins/blocks-animation/,6.2,5.4
blocks-css,"Blocks CSS: CSS Editor for Gutenberg Blocks",3.0.7,3.0.5,https://downloads.wordpress.org/plugin/blocks-css.zip,"2024-11-21 19:34:00",https://wordpress.org/plugins/blocks-css/,6.2,5.4
blocks-product-editor-for-woocommerce,"Blocks Product Editor for WooCommerce",1.0.3,1.0.2,https://downloads.wordpress.org/plugin/blocks-product-editor-for-woocommerce.1.0.3.zip,"2024-11-21 18:02:00",https://wordpress.org/plugins/blocks-product-editor-for-woocommerce/,4.7,7.1
checkoutwc-lite,"WooCommerce Checkout by CheckoutWC – Custom Checkout Templates, Reduce Cart Abandonment and Increase Conversions",1.1.12,1.1.11,https://downloads.wordpress.org/plugin/checkoutwc-lite.1.1.12.zip,"2024-11-21 17:35:00",https://wordpress.org/plugins/checkoutwc-lite/,5.2,7.1
clickwhale,"ClickWhale – Link Manager, Link Shortener and Click Tracker for Affiliate Links & Link Pages",2.4.1,2.3.0,https://downloads.wordpress.org/plugin/clickwhale.2.4.1.zip,"2024-11-21 18:29:00",https://wordpress.org/plugins/clickwhale/,5.0,7.4
cookie-notice,"Cookie Notice & Compliance for GDPR / CCPA",2.5.2,2.5.1,https://downloads.wordpress.org/plugin/cookie-notice.2.5.2.zip,"2024-11-21 18:32:00",https://wordpress.org/plugins/cookie-notice/,4.9.6,7.4
dynamic-post,"Dynamic Post",4.06,4.03,https://downloads.wordpress.org/plugin/dynamic-post.zip,"2024-11-21 18:50:00",https://wordpress.org/plugins/dynamic-post/,3.0,
enhanced-tooltipglossary,"CM Tooltip Glossary",4.4.1,4.3.12,https://downloads.wordpress.org/plugin/enhanced-tooltipglossary.zip,"2024-11-21 17:46:00",https://wordpress.org/plugins/enhanced-tooltipglossary/,5.4.0,5.2.4
front-editor,"Guest posting / Frontend Posting wordpress plugin – WP Front User Submit / Front Editor",4.7.9,4.6.7,https://downloads.wordpress.org/plugin/front-editor.4.7.9.zip,"2024-11-21 18:29:00",https://wordpress.org/plugins/front-editor/,4.0,7.0
greenpay-payment-gateway,"Greenpay Payment Gateway",4.0.7,4.0.1,https://downloads.wordpress.org/plugin/greenpay-payment-gateway.zip,"2024-11-21 17:45:00",https://wordpress.org/plugins/greenpay-payment-gateway/,5.3,
iloveimg,"Image Compressor & Optimizer – iLoveIMG",2.2.5,2.2.1,https://downloads.wordpress.org/plugin/iloveimg.2.2.5.zip,"2024-11-21 18:18:00",https://wordpress.org/plugins/iloveimg/,5.3,7.4
logistra-woocommerce-integrasjon-fra-wildrobot-app,"Freight Integration for Woocommerce to Logistra Cargonizer or Profrakt by WildRobot",7.7.1,7.5.0,https://downloads.wordpress.org/plugin/logistra-woocommerce-integrasjon-fra-wildrobot-app.7.7.1.zip,"2024-11-21 20:24:00",https://wordpress.org/plugins/logistra-woocommerce-integrasjon-fra-wildrobot-app/,5.1,
logtivity,"Activity Log, User Activity Log, WooCommerce and Multisite Activity Log from Logtivity",3.1.3,3.1.2,https://downloads.wordpress.org/plugin/logtivity.3.1.3.zip,"2024-11-21 20:28:00",https://wordpress.org/plugins/logtivity/,4.7,7.4
metasync,"Search Atlas SEO – Best SEO Plugin for One-Click WP Publishing & Integrated AI Optimization",1.9.0,1.8.7,https://downloads.wordpress.org/plugin/metasync.zip,"2024-11-21 20:21:00",https://wordpress.org/plugins/metasync/,5.2,7.1
otter-blocks,"Otter Blocks – Gutenberg Blocks, Page Builder for Gutenberg Editor & FSE",3.0.7,3.0.5,https://downloads.wordpress.org/plugin/otter-blocks.zip,"2024-11-21 19:34:00",https://wordpress.org/plugins/otter-blocks/,6.2,5.6
pagarme-payments-for-woocommerce,"Pagar.me para WooCommerce",3.4.3,3.3.3,https://downloads.wordpress.org/plugin/pagarme-payments-for-woocommerce.3.4.3.zip,"2024-11-21 18:21:00",https://wordpress.org/plugins/pagarme-payments-for-woocommerce/,4.1,7.1
papaya-youtube-widget,"Papaya YouTube Widget",2.4,2.3,https://downloads.wordpress.org/plugin/papaya-youtube-widget.2.4.zip,"2024-11-21 18:39:00",https://wordpress.org/plugins/papaya-youtube-widget/,4.8,5.6
people-also-ask,"People Also Ask",1.1.687,1.1.685,https://downloads.wordpress.org/plugin/people-also-ask.1.1.687.zip,"2024-11-21 20:04:00",https://wordpress.org/plugins/people-also-ask/,3.0.1,5.0
picu,"picu – Online Photo Proofing Gallery",2.4.0,2.3.8,https://downloads.wordpress.org/plugin/picu.2.4.0.zip,"2024-11-21 19:54:00",https://wordpress.org/plugins/picu/,6.0,7.4
post-expirator,"Schedule Post Changes With PublishPress Future: Unpublish, Delete, Change Status, Trash, Change Categories",4.1.2,4.1.1,https://downloads.wordpress.org/plugin/post-expirator.4.1.2.zip,"2024-11-21 18:00:00",https://wordpress.org/plugins/post-expirator/,6.7,7.4
qr-code-tag-for-wc-from-goaskle-com,"QR Code Tag for WC order emails, POS receipt emails, PDF invoices, PDF packing slips, Blog posts, Custom post types and Pages (from goaskle.com)",1.9.34,1.9.31,https://downloads.wordpress.org/plugin/qr-code-tag-for-wc-from-goaskle-com.1.9.34.zip,"2024-11-21 17:41:00",https://wordpress.org/plugins/qr-code-tag-for-wc-from-goaskle-com/,4.4,
registrations-for-the-events-calendar,"Registrations for the Events Calendar – Event Registration Plugin",2.13.2,2.13,https://downloads.wordpress.org/plugin/registrations-for-the-events-calendar.2.13.2.zip,"2024-11-21 20:25:00",https://wordpress.org/plugins/registrations-for-the-events-calendar/,5.6,7.4
remove-admin-bar-logo,"Remove Admin Bar logo",1.1.7,1.1.4,https://downloads.wordpress.org/plugin/remove-admin-bar-logo.zip,"2024-11-21 19:12:00",https://wordpress.org/plugins/remove-admin-bar-logo/,5.0,5.6
rentfetch,"Rent Fetch",0.18.0,0.17.7,https://downloads.wordpress.org/plugin/rentfetch.0.18.zip,"2024-11-21 18:55:00",https://wordpress.org/plugins/rentfetch/,6.4,7.3
rover-idx,"Rover IDX",3.0.0.2907,3.0.0.2905,https://downloads.wordpress.org/plugin/rover-idx.3.0.0.2907.zip,"2024-11-21 17:34:00",https://wordpress.org/plugins/rover-idx/,3.1,
shortpixel-image-optimiser,"ShortPixel Image Optimizer – Optimize Images, Convert WebP & AVIF",6.0.0,5.6.4,https://downloads.wordpress.org/plugin/shortpixel-image-optimiser.6.0.0.zip,"2024-11-21 18:06:00",https://wordpress.org/plugins/shortpixel-image-optimiser/,4.8.0,7.4
stellarpay,"StellarPay – Stripe Payment Gateway for WooCommerce",1.0.1,1.0.0,https://downloads.wordpress.org/plugin/stellarpay.1.0.1.zip,"2024-11-21 20:10:00",https://wordpress.org/plugins/stellarpay/,6.2,7.4
themeisle-companion,"Orbit Fox by ThemeIsle",2.10.40,2.10.39,https://downloads.wordpress.org/plugin/themeisle-companion.zip,"2024-11-21 19:25:00",https://wordpress.org/plugins/themeisle-companion/,4.7,5.6
wp-user-manager,"WP User Manager – User Profile Builder & Membership",2.9.12,2.9.11,https://downloads.wordpress.org/plugin/wp-user-manager.2.9.12.zip,"2024-11-21 18:15:00",https://wordpress.org/plugins/wp-user-manager/,4.9,7.2
dubinc,"Dub – Short Links With Superpowers",1.0.0,,https://downloads.wordpress.org/plugin/dubinc.1.0.0.zip,"2024-11-21 20:03:00",https://wordpress.org/plugins/dubinc/,4.9,7.4
simplitryon,Simplitryon,1.0.0,,https://downloads.wordpress.org/plugin/simplitryon.zip,"2024-11-21 17:45:00",https://wordpress.org/plugins/simplitryon/,4.7,7.0
umpay-payment,umctpay,1.0.1,,https://downloads.wordpress.org/plugin/umpay-payment.1.0.1.zip,"2024-11-21 19:16:00",https://wordpress.org/plugins/umpay-payment/,6.4,7.4
beetle-tracking,"Beetle Tracking – Cloudflare Zaraz for WordPress",1.6.6,1.6.2,https://downloads.wordpress.org/plugin/beetle-tracking.zip,"2024-11-22 00:53:00",https://wordpress.org/plugins/beetle-tracking/,5.8,7.4
cf7-data-source,"Data Source for Contact Form 7",1.3.3,1.3.2,https://downloads.wordpress.org/plugin/cf7-data-source.1.3.3.zip,"2024-11-22 02:44:00",https://wordpress.org/plugins/cf7-data-source/,3.0.5,
contact-forms-anti-spam,"Maspik – Advanced Spam Protection",2.2.9,2.2.8,https://downloads.wordpress.org/plugin/contact-forms-anti-spam.2.2.9.zip,"2024-11-22 01:49:00",https://wordpress.org/plugins/contact-forms-anti-spam/,5.0,7.0
handmade-dropshipping-for-etsy-and-woo,"HANDMADE – Dropshipping for Etsy and WooCommerce",1.0.1,1.0.0,https://downloads.wordpress.org/plugin/handmade-dropshipping-for-etsy-and-woo.zip,"2024-11-22 02:55:00",https://wordpress.org/plugins/handmade-dropshipping-for-etsy-and-woo/,6.2,7.0
mage-eventpress,"Event Manager and Tickets Selling Plugin for WooCommerce – WpEvently – WordPress Plugin",4.2.7,4.2.6,https://downloads.wordpress.org/plugin/mage-eventpress.zip,"2024-11-22 02:22:00",https://wordpress.org/plugins/mage-eventpress/,5.3,7.4
open-user-map,"Open User Map",1.3.52,1.3.46,https://downloads.wordpress.org/plugin/open-user-map.1.3.52.zip,"2024-11-22 00:20:00",https://wordpress.org/plugins/open-user-map/,5.5,7.0
photoberry-studio,"PhotoBerry Studio – Manager for Photographers",1.0.7,1.0.6,https://downloads.wordpress.org/plugin/photoberry-studio.1.0.7.zip,"2024-11-22 02:26:00",https://wordpress.org/plugins/photoberry-studio/,,7.2
pie-register,"Registration Forms – User Registration Forms, Invitation-Based Registrations, Front-end User Profile, Login Form & Content Restriction",3.8.3.9,3.8.3.6,https://downloads.wordpress.org/plugin/pie-register.3.8.3.9.zip,"2024-11-22 01:21:00",https://wordpress.org/plugins/pie-register/,4.0,5.6
quttera-web-malware-scanner,"Quttera Web Malware Scanner",3.5.0.75,3.5.0.71,https://downloads.wordpress.org/plugin/quttera-web-malware-scanner.3.5.0.75.zip,"2024-11-22 00:39:00",https://wordpress.org/plugins/quttera-web-malware-scanner/,3.3.2,
ragic-shortcode,"Ragic Shortcode",1.3,1.2,https://downloads.wordpress.org/plugin/ragic-shortcode.1.3.zip,"2024-11-22 01:58:00",https://wordpress.org/plugins/ragic-shortcode/,2.6,
subaccounts-for-woocommerce,"Subaccounts for WooCommerce",1.6.2,1.5.6,https://downloads.wordpress.org/plugin/subaccounts-for-woocommerce.1.6.2.zip,"2024-11-22 00:37:00",https://wordpress.org/plugins/subaccounts-for-woocommerce/,5.7,5.7
zoho-crm-forms,"Zoho CRM Lead Magnet",1.8.0.2,1.8.0.1,https://downloads.wordpress.org/plugin/zoho-crm-forms.zip,"2024-11-22 02:52:00",https://wordpress.org/plugins/zoho-crm-forms/,3.8,
secure-custom-fields,"Secure Custom Fields",6.4.1-beta2,,https://downloads.wordpress.org/plugin/secure-custom-fields.6.4.0-beta2.zip,"2024-11-22 02:39:00",https://wordpress.org/plugins/secure-custom-fields/,6.0,7.4
aco-wishlist-for-woocommerce,"Wishlist and Save for later for Woocommerce",1.1.18,1.1.17,https://downloads.wordpress.org/plugin/aco-wishlist-for-woocommerce.1.1.18.zip,"2024-11-22 08:56:00",https://wordpress.org/plugins/aco-wishlist-for-woocommerce/,4.0,
advanced-ads,"Advanced Ads – Ad Manager & AdSense",1.56.1,1.54.1,https://downloads.wordpress.org/plugin/advanced-ads.1.56.1.zip,"2024-11-22 08:21:00",https://wordpress.org/plugins/advanced-ads/,5.0,7.2
ai-product-content-creator-for-woocommerce,"AI Product Content Creator For WooCommerce",1.1.0,1.0.0,https://downloads.wordpress.org/plugin/ai-product-content-creator-for-woocommerce.1.1.0.zip,"2024-11-22 08:25:00",https://wordpress.org/plugins/ai-product-content-creator-for-woocommerce/,5.0.0,7.4
armember-membership,"ARMember – Membership Plugin, Content Restriction, Member Levels, User Profile & User signup",4.0.51,4.0.48,https://downloads.wordpress.org/plugin/armember-membership.4.0.51.zip,"2024-11-22 08:46:00",https://wordpress.org/plugins/armember-membership/,5.0,5.6
aurpay-for-woocommerce,"AURPAY WooCommerce – Bitcoin/USDT Crypto Payment Gateway",1.0.15,1.0.14,https://downloads.wordpress.org/plugin/aurpay-for-woocommerce.zip,"2024-11-22 08:16:00",https://wordpress.org/plugins/aurpay-for-woocommerce/,5.8,7.2
ba-book-everything,"BA Book Everything",1.7.14,1.7.13,https://downloads.wordpress.org/plugin/ba-book-everything.1.7.14.zip,"2024-11-22 08:27:00",https://wordpress.org/plugins/ba-book-everything/,6.0,8.1
bookingpress-appointment-booking,"Appointment Booking Calendar Plugin and Scheduling Plugin – BookingPress",1.1.21,1.1.16,https://downloads.wordpress.org/plugin/bookingpress-appointment-booking.1.1.21.zip,"2024-11-22 07:06:00",https://wordpress.org/plugins/bookingpress-appointment-booking/,5.3.0,5.6
card-elements-for-elementor,"Card Elements for Elementor",1.2.5,1.2.4,https://downloads.wordpress.org/plugin/card-elements-for-elementor.zip,"2024-11-22 06:37:00",https://wordpress.org/plugins/card-elements-for-elementor/,4.4,8.0
card-elements-for-wpbakery,"Card Elements for WPBakery",1.0.7,1.0.6,https://downloads.wordpress.org/plugin/card-elements-for-wpbakery.zip,"2024-11-22 06:41:00",https://wordpress.org/plugins/card-elements-for-wpbakery/,4.4,8.0
cart-lift,"Cart Lift – Abandoned Cart Recovery for WooCommerce and EDD",3.1.23,3.1.19,https://downloads.wordpress.org/plugin/cart-lift.3.1.23.zip,"2024-11-22 06:44:00",https://wordpress.org/plugins/cart-lift/,5.0,7.4
clone-gravity-form-entry,"Clone Gravity Form Entry",1.1,1.0.9,https://downloads.wordpress.org/plugin/clone-gravity-form-entry.zip,"2024-11-22 07:00:00",https://wordpress.org/plugins/clone-gravity-form-entry/,4.4,8.0
cookie-dough-compliance-and-consent-for-gdpr,"Cookie Dough Compliance and Consent for GDPR",2.2.3,2.2.2,https://downloads.wordpress.org/plugin/cookie-dough-compliance-and-consent-for-gdpr.2.2.3.zip,"2024-11-22 08:55:00",https://wordpress.org/plugins/cookie-dough-compliance-and-consent-for-gdpr/,4.0.0,7.4
custom-css,"Custom CSS, JS & PHP",2.4.0,2.3.0,https://downloads.wordpress.org/plugin/custom-css.2.4.0.zip,"2024-11-22 09:07:00",https://wordpress.org/plugins/custom-css/,4.4,
decorator-woocommerce-email-customizer,"Decorator – WooCommerce Email Customizer",1.3.1,1.3.0,https://downloads.wordpress.org/plugin/decorator-woocommerce-email-customizer.1.3.1.zip,"2024-11-22 07:13:00",https://wordpress.org/plugins/decorator-woocommerce-email-customizer/,4.4,5.6
discountify,"Discount Rules, Coupon management system – Discountify",1.0.66,1.0.65,https://downloads.wordpress.org/plugin/discountify.1.0.66.zip,"2024-11-22 06:50:00",https://wordpress.org/plugins/discountify/,5.2,7.4
domain-mapping-system,"Domain Mapping System | Create Microsites with Multiple Alias Domains (multisite optional)",2.1.5,2.1.3,https://downloads.wordpress.org/plugin/domain-mapping-system.2.1.5.zip,"2024-11-22 07:45:00",https://wordpress.org/plugins/domain-mapping-system/,5.1,7.1
gallery-showcase,"Gallery Showcase for WordPress",1.1.2,1.1.1,https://downloads.wordpress.org/plugin/gallery-showcase.zip,"2024-11-22 08:15:00",https://wordpress.org/plugins/gallery-showcase/,4.8,8.0
gallery-videos,"Video Gallery – Best WordPress YouTube Gallery Plugin",2.4.1,2.4.0,https://downloads.wordpress.org/plugin/gallery-videos.2.4.1.zip,"2024-11-22 08:04:00",https://wordpress.org/plugins/gallery-videos/,4.0,
gravitec-net-web-push-notifications,"Gravitec.net – Web Push Notifications",2.9.7,2.9.6,https://downloads.wordpress.org/plugin/gravitec-net-web-push-notifications.2.9.7.zip,"2024-11-22 09:05:00",https://wordpress.org/plugins/gravitec-net-web-push-notifications/,3.8,
header-footer-elementor,"Elementor Header & Footer Builder",1.6.47,1.6.45,https://downloads.wordpress.org/plugin/header-footer-elementor.1.6.47.zip,"2024-11-22 08:37:00",https://wordpress.org/plugins/header-footer-elementor/,4.4,7.4
interactive-3d-flipbook-powered-physics-engine,"3D FlipBook – PDF Embedder, PDF Flipbook Viewer, Flipbook Image Gallery",1.16.7,1.16.6,https://downloads.wordpress.org/plugin/interactive-3d-flipbook-powered-physics-engine.zip,"2024-11-22 09:06:00",https://wordpress.org/plugins/interactive-3d-flipbook-powered-physics-engine/,4.3,5.3
item-lists-for-elementor,"Item Lists for Elementor",1.3.8,1.3.6,https://downloads.wordpress.org/plugin/item-lists-for-elementor.zip,"2024-11-22 07:05:00",https://wordpress.org/plugins/item-lists-for-elementor/,4.4,8.0
layouts-for-elementor,"Layouts for Elementor",1.10,1.9,https://downloads.wordpress.org/plugin/layouts-for-elementor.zip,"2024-11-22 07:39:00",https://wordpress.org/plugins/layouts-for-elementor/,4.4,5.6
layouts-for-wpbakery,"Layouts for WPBakery",1.1,1.0.9,https://downloads.wordpress.org/plugin/layouts-for-wpbakery.zip,"2024-11-22 07:48:00",https://wordpress.org/plugins/layouts-for-wpbakery/,4.4,7.4
listings-for-appfolio,"Listings for Appfolio",1.1.8,1.1.7,https://downloads.wordpress.org/plugin/listings-for-appfolio.1.1.8.zip,"2024-11-22 08:05:00",https://wordpress.org/plugins/listings-for-appfolio/,6.0,7.4
miniorange-saml-20-single-sign-on,"SAML Single Sign On – SSO Login",5.2.2,5.1.9,https://downloads.wordpress.org/plugin/miniorange-saml-20-single-sign-on.5.2.2.zip,"2024-11-22 08:29:00",https://wordpress.org/plugins/miniorange-saml-20-single-sign-on/,3.7,5.6
modules-kit,"Modules Kit – Beaver Builder Modules",1.1,1.0.9,https://downloads.wordpress.org/plugin/modules-kit.zip,"2024-11-22 07:58:00",https://wordpress.org/plugins/modules-kit/,4.8,8.0
music-player-for-elementor,"Music Player for Elementor – Audio Player & Podcast Player",2.4.3,2.4.1,https://downloads.wordpress.org/plugin/music-player-for-elementor.2.4.3.zip,"2024-11-22 08:42:00",https://wordpress.org/plugins/music-player-for-elementor/,5.1,7.0
ovas-connector,"Ovas Connector",1.1.3,1.1.1,https://downloads.wordpress.org/plugin/ovas-connector.1.1.3.zip,"2024-11-22 09:28:00",https://wordpress.org/plugins/ovas-connector/,6.2,8.0
post-layouts,"Post Layouts for Gutenberg",1.2.9,1.2.8,https://downloads.wordpress.org/plugin/post-layouts.zip,"2024-11-22 08:18:00",https://wordpress.org/plugins/post-layouts/,4.8,5.6
quiz-maker,"Quiz Maker",6.6.4.9,6.6.4.8,https://downloads.wordpress.org/plugin/quiz-maker.6.6.4.9.zip,"2024-11-22 06:42:00",https://wordpress.org/plugins/quiz-maker/,4.0,
shipment-tracker-for-woocommerce,"Shipment Tracker for Woocommerce",1.4.23.1,1.4.21.3,https://downloads.wordpress.org/plugin/shipment-tracker-for-woocommerce.zip,"2024-11-22 09:15:00",https://wordpress.org/plugins/shipment-tracker-for-woocommerce/,4.6,5.6
shopkeeper-extender,"Shopkeeper Extender",4.1.4,4.0,https://downloads.wordpress.org/plugin/shopkeeper-extender.4.1.4.zip,"2024-11-22 08:00:00",https://wordpress.org/plugins/shopkeeper-extender/,6.0,7.4.1
spam-master,"Spam Master",7.5.0,7.4.9,https://downloads.wordpress.org/plugin/spam-master.7.5.0.zip,"2024-11-22 08:20:00",https://wordpress.org/plugins/spam-master/,5.0,
survey-maker,"Survey Maker",5.1.1.3,5.1.1.2,https://downloads.wordpress.org/plugin/survey-maker.5.1.1.3.zip,"2024-11-22 07:05:00",https://wordpress.org/plugins/survey-maker/,4.0,
timeline-blocks,"Timeline Blocks for Gutenberg",1.1.8,1.1.7,https://downloads.wordpress.org/plugin/timeline-blocks.zip,"2024-11-22 08:23:00",https://wordpress.org/plugins/timeline-blocks/,4.8,5.6
unreal-flipbook-addon-for-visual-composer,"PDF Flipbook, WPBakery Addon – Unreal FlipBook",1.16.7,1.16.6,https://downloads.wordpress.org/plugin/unreal-flipbook-addon-for-visual-composer.zip,"2024-11-22 09:00:00",https://wordpress.org/plugins/unreal-flipbook-addon-for-visual-composer/,4.3,5.3
wc-cashapp,"Checkout with Cash App on WooCommerce",6.0.3,6.0.1,https://downloads.wordpress.org/plugin/wc-cashapp.zip,"2024-11-22 09:15:00",https://wordpress.org/plugins/wc-cashapp/,5.0,5.0
wc-sms,"SMS for WooCommerce",2.8.1,2.8,https://downloads.wordpress.org/plugin/wc-sms.zip,"2024-11-22 07:26:00",https://wordpress.org/plugins/wc-sms/,5.0,5.0
wdesignkit,"WDesignKit – Elementor & Gutenberg Starter Templates, Patterns, Cloud Workspace & Widget Builder",1.1.2,1.0.40,https://downloads.wordpress.org/plugin/wdesignkit.1.1.2.zip,"2024-11-22 07:26:00",https://wordpress.org/plugins/wdesignkit/,5.7.0,5.6
windpress,"WindPress – Tailwind CSS integration for WordPress",3.1.16,3.1.13,https://downloads.wordpress.org/plugin/windpress.3.1.16.zip,"2024-11-22 07:38:00",https://wordpress.org/plugins/windpress/,6.0,7.4
wp-contact-slider,"WP Contact Slider – Slide Out Contact Form for WordPress to display Contact Form 7, Gravity Forms, WP Forms, Ninja Forms, plain text/HTML & other shortcodes",2.5.2,2.5,https://downloads.wordpress.org/plugin/wp-contact-slider.2.5.2.zip,"2024-11-22 08:10:00",https://wordpress.org/plugins/wp-contact-slider/,4.7,
wp-hide-security-enhancer,"WP Hide & Security Enhancer",2.5.4,2.5.1,https://downloads.wordpress.org/plugin/wp-hide-security-enhancer.2.5.4.zip,"2024-11-22 08:38:00",https://wordpress.org/plugins/wp-hide-security-enhancer/,4.0,5.4
wpgen-forms,"WPGen Forms – Creating WordPress Forms or Checklists with help of Generative AI ( Contact Form 7, WPForms, AI Forms, Generative Forms, LLM )",0.1.9,0.1.6,https://downloads.wordpress.org/plugin/wpgen-forms.0.1.9.zip,"2024-11-22 09:04:00",https://wordpress.org/plugins/wpgen-forms/,5.2,7.0
wt-woocommerce-wishlist,"Wishlist for WooCommerce",2.1.2,2.1.0,https://downloads.wordpress.org/plugin/wt-woocommerce-wishlist.2.1.2.zip,"2024-11-22 08:21:00",https://wordpress.org/plugins/wt-woocommerce-wishlist/,4.0,5.6
beaionline,BeAI.online,1.0.0,,https://downloads.wordpress.org/plugin/beaionline.1.0.5.zip,"2024-11-22 08:39:00",https://wordpress.org/plugins/beaionline/,6.0,8.0
holostep,"Holostep: 3D viewer",1.0.0,,https://downloads.wordpress.org/plugin/holostep.1.0.0.zip,"2024-11-22 08:32:00",https://wordpress.org/plugins/holostep/,2.8.0,
jkm-checkout-captcha-for-woo,"Checkout Captcha for WooCommerce",1.0.0,,https://downloads.wordpress.org/plugin/jkm-checkout-captcha-for-woo.1.0.0.zip,"2024-11-22 08:41:00",https://wordpress.org/plugins/jkm-checkout-captcha-for-woo/,5.0,5.6
text-size-adjust,"Text Size Adjust",1.1.2,,https://downloads.wordpress.org/plugin/text-size-adjust.1.1.2.zip,"2024-11-22 07:34:00",https://wordpress.org/plugins/text-size-adjust/,5.0,7.2
gravitec-net-web-push-notifications,"Gravitec.net – Web Push Notifications",2.9.8,2.9.7,https://downloads.wordpress.org/plugin/gravitec-net-web-push-notifications.2.9.8.zip,"2024-11-22 10:57:00",https://wordpress.org/plugins/gravitec-net-web-push-notifications/,3.8,
404-solution,"404 Solution",2.35.25,2.35.19,https://downloads.wordpress.org/plugin/404-solution.2.35.25.zip,"2024-11-22 14:53:00",https://wordpress.org/plugins/404-solution/,3.9,
acf-rrule-field,"ACF RRule Field",1.5.2,1.5.1,https://downloads.wordpress.org/plugin/acf-rrule-field.1.5.2.zip,"2024-11-22 16:19:00",https://wordpress.org/plugins/acf-rrule-field/,4.7,7.2
additional-wp-tweaks-options,"Additional Options and Tweaks",1.26.1,1.25.1,https://downloads.wordpress.org/plugin/additional-wp-tweaks-options.zip,"2024-11-22 14:03:00",https://wordpress.org/plugins/additional-wp-tweaks-options/,6.0,
appointment-hour-booking,"Appointment Hour Booking – WordPress Booking Plugin",1.4.95,1.4.94,https://downloads.wordpress.org/plugin/appointment-hour-booking.1.4.95.zip,"2024-11-22 15:42:00",https://wordpress.org/plugins/appointment-hour-booking/,3.0.5,
ays-chatgpt-assistant,"AI ChatBot with ChatGPT and Content Generator by AYS",2.2.4,2.1.5,https://downloads.wordpress.org/plugin/ays-chatgpt-assistant.2.2.4.zip,"2024-11-22 13:55:00",https://wordpress.org/plugins/ays-chatgpt-assistant/,5.0,7.0
ays-popup-box,"Popup Box – Create Countdown, Coupon, Video, Contact Form Popups",5.0.1,4.9.8,https://downloads.wordpress.org/plugin/ays-popup-box.5.0.1.zip,"2024-11-22 13:59:00",https://wordpress.org/plugins/ays-popup-box/,4.0,
barcode-scanner-lite-pos-to-manage-products-inventory-and-orders,"Barcode Scanner and Inventory manager. POS (Point of Sale) – scan barcodes & create orders with barcode reader.",1.6.6,1.6.4,https://downloads.wordpress.org/plugin/barcode-scanner-lite-pos-to-manage-products-inventory-and-orders.zip,"2024-11-22 14:17:00",https://wordpress.org/plugins/barcode-scanner-lite-pos-to-manage-products-inventory-and-orders/,4.0.1,5.6
blocksolid-gather,"Blocksolid Gather",2.0.2,1.1.8,https://downloads.wordpress.org/plugin/blocksolid-gather.2.0.2.zip,"2024-11-22 15:07:00",https://wordpress.org/plugins/blocksolid-gather/,5.5,5.6
booking-activities,"Booking Activities",1.16.24,1.16.23,https://downloads.wordpress.org/plugin/booking-activities.1.16.24.zip,"2024-11-22 16:19:00",https://wordpress.org/plugins/booking-activities/,4.1,5.6
bpost-shipping,"bpost shipping",3.1.12,3.1.11,https://downloads.wordpress.org/plugin/bpost-shipping.3.1.12.zip,"2024-11-22 14:55:00",https://wordpress.org/plugins/bpost-shipping/,4.9,7.4
chart-builder,"Chartify – WordPress Chart Plugin",3.0.1,2.9.8,https://downloads.wordpress.org/plugin/chart-builder.3.0.1.zip,"2024-11-22 13:52:00",https://wordpress.org/plugins/chart-builder/,5.0,7.0
click-social,"ClickSocial – Social Media Scheduler & Poster",1.0.3,1.0.2,https://downloads.wordpress.org/plugin/click-social.zip,"2024-11-22 13:37:00",https://wordpress.org/plugins/click-social/,6.0,7.4
clp-varnish-cache,"CLP Varnish Cache",1.0.2,1.0.0,https://downloads.wordpress.org/plugin/clp-varnish-cache.1.0.2.zip,"2024-11-22 15:50:00",https://wordpress.org/plugins/clp-varnish-cache/,6.0,7.1
comments-engine-ai,"Comments Engine AI",2.5.0,2.4.0,https://downloads.wordpress.org/plugin/comments-engine-ai.2.5.0.zip,"2024-11-22 15:28:00",https://wordpress.org/plugins/comments-engine-ai/,5.0,7.3
crowdaa-sync,"Crowdaa Sync",1.10.3,1.10.1,https://downloads.wordpress.org/plugin/crowdaa-sync.1.10.3.zip,"2024-11-22 15:11:00",https://wordpress.org/plugins/crowdaa-sync/,5.5,7.2
ditty-news-ticker,"Ditty – Responsive News Tickers, Sliders, and Lists",3.1.50,3.1.46,https://downloads.wordpress.org/plugin/ditty-news-ticker.3.1.50.zip,"2024-11-22 15:55:00",https://wordpress.org/plugins/ditty-news-ticker/,6.2,7.4
easy-form,"Easy Form by AYS – Form Builder Plugin for WordPress",2.5.8,2.5.5,https://downloads.wordpress.org/plugin/easy-form.2.5.8.zip,"2024-11-22 14:08:00",https://wordpress.org/plugins/easy-form/,5.0,7.0
elex-bulk-edit-products-prices-attributes-for-woocommerce-basic,"ELEX WooCommerce Advanced Bulk Edit Products, Prices & Attributes",1.4.8,1.4.6,https://downloads.wordpress.org/plugin/elex-bulk-edit-products-prices-attributes-for-woocommerce-basic.1.4.8.zip,"2024-11-22 15:10:00",https://wordpress.org/plugins/elex-bulk-edit-products-prices-attributes-for-woocommerce-basic/,3.0.1,6.1
elex-choose-your-delivery-date,"ELEX WooCommerce Choose Your Delivery Date",1.2.5,1.2.3,https://downloads.wordpress.org/plugin/elex-choose-your-delivery-date.1.2.5.zip,"2024-11-22 15:14:00",https://wordpress.org/plugins/elex-choose-your-delivery-date/,3.0.1,
elex-discount-per-country,"ELEX WooCommerce Discount Per Country",1.1.5,1.1.4,https://downloads.wordpress.org/plugin/elex-discount-per-country.1.1.5.zip,"2024-11-22 15:21:00",https://wordpress.org/plugins/elex-discount-per-country/,3.0.1,
elex-discount-per-payment-method,"ELEX WooCommerce Discount Per Payment Method",1.2.7,1.2.4,https://downloads.wordpress.org/plugin/elex-discount-per-payment-method.1.2.7.zip,"2024-11-22 15:18:00",https://wordpress.org/plugins/elex-discount-per-payment-method/,3.0.1,
elex-woo-dhl-express-shipping,"ELEX WooCommerce DHL Express Shipping Method",3.0.6,3.0.5,https://downloads.wordpress.org/plugin/elex-woo-dhl-express-shipping.3.0.6.zip,"2024-11-22 15:22:00",https://wordpress.org/plugins/elex-woo-dhl-express-shipping/,3.0.1,
envision-page-builder,"Envision Page Builder",0.08,0.04,https://downloads.wordpress.org/plugin/envision-page-builder.0.08.zip,"2024-11-22 15:12:00",https://wordpress.org/plugins/envision-page-builder/,6.2,7.2
ewz-rating,EWZ-Rating,1.1.26,1.1.24,https://downloads.wordpress.org/plugin/ewz-rating.1.1.26.zip,"2024-11-22 16:29:00",https://wordpress.org/plugins/ewz-rating/,3.5,7.0
facturante,"Facturante – Facturación Electrónica",1.10,1.09,https://downloads.wordpress.org/plugin/facturante.zip,"2024-11-22 15:46:00",https://wordpress.org/plugins/facturante/,4.0.1,
gf-hubspot,"WP Gravity Forms HubSpot",1.2.1,1.2.0,https://downloads.wordpress.org/plugin/gf-hubspot.1.2.1.zip,"2024-11-22 16:31:00",https://wordpress.org/plugins/gf-hubspot/,3.8,5.3
green-money-payment-gateway,"GreenPay(tm) by Green.Money",3.0.3,3.0.0,https://downloads.wordpress.org/plugin/green-money-payment-gateway.zip,"2024-11-22 15:40:00",https://wordpress.org/plugins/green-money-payment-gateway/,,
hm-testimonial,"WordPress Testimonial Plugin – HmTestimonial",1.5,1.4,https://downloads.wordpress.org/plugin/hm-testimonial.zip,"2024-11-22 16:24:00",https://wordpress.org/plugins/hm-testimonial/,5.4,7.2
inpost-italy,"InPost Italy",1.1.9,1.1.8,https://downloads.wordpress.org/plugin/inpost-italy.1.1.9.zip,"2024-11-22 14:39:00",https://wordpress.org/plugins/inpost-italy/,5.3,7.4
integracao-rd-station,"RD Station",5.5.0,5.3.2,https://downloads.wordpress.org/plugin/integracao-rd-station.5.5.0.zip,"2024-11-22 14:13:00",https://wordpress.org/plugins/integracao-rd-station/,4.7,
invoice-payment-for-woocommerce,"Invoice Payment for WooCommerce",2.0.1,1.7.1,https://downloads.wordpress.org/plugin/invoice-payment-for-woocommerce.2.0.1.zip,"2024-11-22 14:04:00",https://wordpress.org/plugins/invoice-payment-for-woocommerce/,5.7,7.2
local-delivery-drivers-for-woocommerce,"Local Delivery Drivers for WooCommerce",1.9.6,1.9.5,https://downloads.wordpress.org/plugin/local-delivery-drivers-for-woocommerce.1.9.6.zip,"2024-11-22 14:22:00",https://wordpress.org/plugins/local-delivery-drivers-for-woocommerce/,4.5,5.6
lws-optimize,"LWS Optimize",3.2.1.3,3.2.1.1,https://downloads.wordpress.org/plugin/lws-optimize.3.2.1.3.zip,"2024-11-22 13:55:00",https://wordpress.org/plugins/lws-optimize/,6.0,7.4
mailarchiver,MailArchiver,4.1.0,4.0.0,https://downloads.wordpress.org/plugin/mailarchiver.4.1.0.zip,"2024-11-22 14:19:00",https://wordpress.org/plugins/mailarchiver/,6.2,8.1
my-easy-compta,myEasyCompta,1.4.3,1.4.0,https://downloads.wordpress.org/plugin/my-easy-compta.1.4.3.zip,"2024-11-22 15:51:00",https://wordpress.org/plugins/my-easy-compta/,6.2,8.0
oembed-manager,"oEmbed Manager",3.1.0,3.0.0,https://downloads.wordpress.org/plugin/oembed-manager.3.1.0.zip,"2024-11-22 14:18:00",https://wordpress.org/plugins/oembed-manager/,6.2,8.1
opcache-manager,"OPcache Manager",3.1.0,3.0.0,https://downloads.wordpress.org/plugin/opcache-manager.3.1.0.zip,"2024-11-22 14:17:00",https://wordpress.org/plugins/opcache-manager/,6.2,8.1
otys-jobs-apply,"OTYS Plugin",2.0.59,2.0.55,https://downloads.wordpress.org/plugin/otys-jobs-apply.zip,"2024-11-22 15:32:00",https://wordpress.org/plugins/otys-jobs-apply/,6.0,7.4
poll-maker,"Poll Maker – Versus Polls, Anonymous Polls, Image Polls",5.5.2,5.4.7,https://downloads.wordpress.org/plugin/poll-maker.5.5.2.zip,"2024-11-22 14:12:00",https://wordpress.org/plugins/poll-maker/,4.0,
raffle-play-woo,"Raffle Play Woocommerce",2.4.3,2.4.0,https://downloads.wordpress.org/plugin/raffle-play-woo.2.4.3.zip,"2024-11-22 14:22:00",https://wordpress.org/plugins/raffle-play-woo/,5.0.1,5.2.4
sessions,Sessions,3.1.0,3.0.0,https://downloads.wordpress.org/plugin/sessions.3.1.0.zip,"2024-11-22 14:10:00",https://wordpress.org/plugins/sessions/,6.2,8.1
ship-discounts,"Ship Discounts",1.0.10,1.0.9,https://downloads.wordpress.org/plugin/ship-discounts.zip,"2024-11-22 14:05:00",https://wordpress.org/plugins/ship-discounts/,6.4,7.4
sky-elementor-addons,"Sky Addons for Elementor (Free Templates Library, Live Copy, Animations, Post Grid, Post Carousel, Particles, Sliders, Chart, Blog, Video Gallery)",2.6.4,2.6.3,https://downloads.wordpress.org/plugin/sky-elementor-addons.2.6.4.zip,"2024-11-22 15:07:00",https://wordpress.org/plugins/sky-elementor-addons/,5.0,7.0.0
smart-brands-for-woocommerce,"Smart Brands for WooCommerce",1.1.6,1.1.4,https://downloads.wordpress.org/plugin/smart-brands-for-woocommerce.1.1.6.zip,"2024-11-22 15:18:00",https://wordpress.org/plugins/smart-brands-for-woocommerce/,5.2,7.2
surecart,"SureCart – Ecommerce Made Easy For Selling Physical Products, Digital Downloads, Subscriptions, Donations, & Payments",3.0.5,2.31.2,https://downloads.wordpress.org/plugin/surecart.3.0.5.zip,"2024-11-22 14:14:00",https://wordpress.org/plugins/surecart/,6.2,7.4
themeisle-companion,"Orbit Fox by ThemeIsle",2.10.41,2.10.40,https://downloads.wordpress.org/plugin/themeisle-companion.zip,"2024-11-22 14:05:00",https://wordpress.org/plugins/themeisle-companion/,4.7,5.6
traffic,Traffic,3.1.0,3.0.0,https://downloads.wordpress.org/plugin/traffic.3.1.0.zip,"2024-11-22 14:01:00",https://wordpress.org/plugins/traffic/,6.2,8.1
ultimate-loan-mortgage-calculator,"Ultimate Loan & Mortgage Calculator",1.0.4,1.0.2,https://downloads.wordpress.org/plugin/ultimate-loan-mortgage-calculator.1.0.4.zip,"2024-11-22 14:20:00",https://wordpress.org/plugins/ultimate-loan-mortgage-calculator/,4.7,5.6
updater,"Updater by BestWebSoft",1.48,1.46,https://downloads.wordpress.org/plugin/updater.1.48.zip,"2024-11-22 14:29:00",https://wordpress.org/plugins/updater/,5.6,
vibes,Vibes,2.1.0,2.0.0,https://downloads.wordpress.org/plugin/vibes.2.1.0.zip,"2024-11-22 13:44:00",https://wordpress.org/plugins/vibes/,6.2,8.1
wc-apg-nifcifnie-field,"WC – APG NIF/CIF/NIE Field",3.0.14,3.0.11,https://downloads.wordpress.org/plugin/wc-apg-nifcifnie-field.3.0.14.zip,"2024-11-22 14:30:00",https://wordpress.org/plugins/wc-apg-nifcifnie-field/,5.0,
woo-category-slider-grid,"Product Category Slider and Product Category Showcase for WooCommerce – WooCategory",1.5.3,1.5.2,https://downloads.wordpress.org/plugin/woo-category-slider-grid.1.5.3.zip,"2024-11-22 15:58:00",https://wordpress.org/plugins/woo-category-slider-grid/,5.0,5.6
woo-quickview,"Quick View for WooCommerce",2.2.12,2.2.10,https://downloads.wordpress.org/plugin/woo-quickview.2.2.12.zip,"2024-11-22 16:32:00",https://wordpress.org/plugins/woo-quickview/,4.8,
wp-asset-clean-up,"Asset CleanUp: Page Speed Booster",1.3.9.8,1.3.9.7,https://downloads.wordpress.org/plugin/wp-asset-clean-up.1.3.9.8.zip,"2024-11-22 15:17:00",https://wordpress.org/plugins/wp-asset-clean-up/,4.5,5.6
wp-team-manager,"Team Manager – WordPress Showcase Team Members",2.1.18,2.1.15,https://downloads.wordpress.org/plugin/wp-team-manager.2.1.18.zip,"2024-11-22 14:52:00",https://wordpress.org/plugins/wp-team-manager/,6.0.0,7.4
xcloner-backup-and-restore,"Backup, Restore and Migrate your sites with XCloner",4.7.7,4.7.5,https://downloads.wordpress.org/plugin/xcloner-backup-and-restore.zip,"2024-11-22 14:04:00",https://wordpress.org/plugins/xcloner-backup-and-restore/,5.1,7.3
zerobounce,"ZeroBounce Email Verification & Validation",1.1.3,1.1.2,https://downloads.wordpress.org/plugin/zerobounce.zip,"2024-11-22 15:23:00",https://wordpress.org/plugins/zerobounce/,4.4,7.0
page-scroll-to-top-wp,"Page Scroll To Top WP",1.0.0,,https://downloads.wordpress.org/plugin/page-scroll-to-top-wp.zip,"2024-11-22 16:24:00",https://wordpress.org/plugins/page-scroll-to-top-wp/,5.8,7.4
source-medium-tracker-for-contact-form-7,"Source Medium Tracker for Contact Form 7",1.7.2,,https://downloads.wordpress.org/plugin/source-medium-tracker-for-contact-form-7.1.7.2.zip,"2024-11-22 16:02:00",https://wordpress.org/plugins/source-medium-tracker-for-contact-form-7/,5.0,7.0
team-mxt,"Team MXT – Team Member Showcase",1.0.0,,https://downloads.wordpress.org/plugin/team-mxt.1.0.0.zip,"2024-11-22 15:45:00",https://wordpress.org/plugins/team-mxt/,5.2,7.0
your-ai-chatbot,"Your AI Chatbot",1.0.2,,https://downloads.wordpress.org/plugin/your-ai-chatbot.1.0.2.zip,"2024-11-22 14:49:00",https://wordpress.org/plugins/your-ai-chatbot/,5.2,7.2
source-medium-tracker-for-contact-form-7,"Source Medium Tracker for Contact Form 7",2.0,1.7.2,https://downloads.wordpress.org/plugin/source-medium-tracker-for-contact-form-7.2.0.zip,"2024-11-22 16:50:00",https://wordpress.org/plugins/source-medium-tracker-for-contact-form-7/,5.0,7.0
additional-order-filters-for-woocommerce,"Additional Order Filters for WooCommerce",1.22,1.21,https://downloads.wordpress.org/plugin/additional-order-filters-for-woocommerce.1.22.zip,"2024-11-22 21:03:00",https://wordpress.org/plugins/additional-order-filters-for-woocommerce/,6.2,7.0
advance-portfolio-grid,"Advance Portfolio Grid, Slider and Gallery – Showcase Projects, Images and Videos",1.07.4,1.07.3,https://downloads.wordpress.org/plugin/advance-portfolio-grid.1.07.4.zip,"2024-11-22 21:21:00",https://wordpress.org/plugins/advance-portfolio-grid/,5.0,7.3.5
advanced-crossword,"Advanced Crossword",1.1.0,1.0.7,https://downloads.wordpress.org/plugin/advanced-crossword.1.1.0.zip,"2024-11-22 22:19:00",https://wordpress.org/plugins/advanced-crossword/,5.0.1,5.2.4
agency-toolkit,"Agency Toolkit",1.0.23,1.0.21,https://downloads.wordpress.org/plugin/agency-toolkit.1.0.23.zip,"2024-11-22 19:50:00",https://wordpress.org/plugins/agency-toolkit/,5.5,7.2
aibuddy-openai-chatgpt,"AI Bud – AI Content Generator, AI Chatbot, ChatGPT, Gemini, GPT-4o Best AI WordPress Plugin",1.7.2,1.7.1,https://downloads.wordpress.org/plugin/aibuddy-openai-chatgpt.1.7.2.zip,"2024-11-22 19:42:00",https://wordpress.org/plugins/aibuddy-openai-chatgpt/,4.6,7.4
atec-cache-info,"atec Cache Info",1.7.7,1.7.4,https://downloads.wordpress.org/plugin/atec-cache-info.1.7.7.zip,"2024-11-22 19:52:00",https://wordpress.org/plugins/atec-cache-info/,5.2,7.4
coupon-urls-for-woocommerce,"Coupon URLs – Apply a Coupon from a Custom Link – for WooCommerce",1.3.2.1,1.2.1,https://downloads.wordpress.org/plugin/coupon-urls-for-woocommerce.1.3.2.1.zip,"2024-11-22 21:56:00",https://wordpress.org/plugins/coupon-urls-for-woocommerce/,4.7,7.2
drenvio-for-woocommerce,"DrEnvio for WooCommerce",2.0.9,2.0.8,https://downloads.wordpress.org/plugin/drenvio-for-woocommerce.zip,"2024-11-22 22:18:00",https://wordpress.org/plugins/drenvio-for-woocommerce/,5.7.8,7.3.21
email-otp-authenticator,"Email OTP Authenticator",5.0.1,4.8.2,https://downloads.wordpress.org/plugin/email-otp-authenticator.5.0.1.zip,"2024-11-22 20:27:00",https://wordpress.org/plugins/email-otp-authenticator/,5.6,7.3
fastcgi-cache-purge-and-preload-nginx,"FastCGI Cache Purge and Preload for Nginx",2.0.7,2.0.3,https://downloads.wordpress.org/plugin/fastcgi-cache-purge-and-preload-nginx.2.0.7.zip,"2024-11-22 20:23:00",https://wordpress.org/plugins/fastcgi-cache-purge-and-preload-nginx/,6.3,7.4
get-a-quote-button-for-woocommerce,"Request a Quote for WooCommerce and Elementor – Get a Quote Button – Product Enquiry Form Popup – Product Quotation",1.5,1.4,https://downloads.wordpress.org/plugin/get-a-quote-button-for-woocommerce.1.5.zip,"2024-11-22 21:16:00",https://wordpress.org/plugins/get-a-quote-button-for-woocommerce/,5.0,
groups,Groups,3.3.0,3.2.1,https://downloads.wordpress.org/plugin/groups.3.3.0.zip,"2024-11-22 19:50:00",https://wordpress.org/plugins/groups/,6.0,7.4
instant-images,"Instant Images – One-click Image Uploads from Unsplash, Openverse, Pixabay, Pexels, and Giphy",7.0.0,6.1.2,https://downloads.wordpress.org/plugin/instant-images.7.0.0.zip,"2024-11-22 20:15:00",https://wordpress.org/plugins/instant-images/,5.0,
knit-pay,"Knit Pay",8.91.1.0,8.91.0.1,https://downloads.wordpress.org/plugin/knit-pay.8.91.1.0.zip,"2024-11-22 21:17:00",https://wordpress.org/plugins/knit-pay/,6.4,8.0
shortpixel-image-optimiser,"ShortPixel Image Optimizer – Optimize Images, Convert WebP & AVIF",6.0.1,6.0.0,https://downloads.wordpress.org/plugin/shortpixel-image-optimiser.6.0.1.zip,"2024-11-22 19:34:00",https://wordpress.org/plugins/shortpixel-image-optimiser/,4.8.0,7.4
so-css,"SiteOrigin CSS",1.6.0,1.5.11,https://downloads.wordpress.org/plugin/so-css.1.6.0.zip,"2024-11-22 19:59:00",https://wordpress.org/plugins/so-css/,3.9,7.0.0
woo-product-tables,"Product Table by WBW",2.1.1,2.0.7,https://downloads.wordpress.org/plugin/woo-product-tables.zip,"2024-11-22 19:59:00",https://wordpress.org/plugins/woo-product-tables/,3.3,
woocommerce-image-zoom,"Product Image Zoom for WooCommerce – Product Gallery Thumbnail Slider",1.05.7,1.05.6,https://downloads.wordpress.org/plugin/woocommerce-image-zoom.1.05.7.zip,"2024-11-22 21:19:00",https://wordpress.org/plugins/woocommerce-image-zoom/,5.0,7.4
wpb-form-popup,"WPB Popup Form – WPForms Popup – Contact Form 7 Popup – Mailchimp Popup – Ninja Forms popup",1.2.5,1.2.4,https://downloads.wordpress.org/plugin/wpb-form-popup.1.2.5.zip,"2024-11-22 21:14:00",https://wordpress.org/plugins/wpb-form-popup/,5.0,7.3.5
wpb-popup-for-contact-form-7,"WPB Popup for Contact Form 7 – Showing The Contact Form 7 Popup on Button Click – CF7 Popup",1.7.7,1.7.3,https://downloads.wordpress.org/plugin/wpb-popup-for-contact-form-7.1.7.7.zip,"2024-11-22 21:15:00",https://wordpress.org/plugins/wpb-popup-for-contact-form-7/,5.0,7.3.5
wpb-woocommerce-category-slider,"WPB Category Slider for WooCommerce – Product Categories Carousel Slider & Grid with Icon and Images",1.5,1.4,https://downloads.wordpress.org/plugin/wpb-woocommerce-category-slider.1.5.zip,"2024-11-22 21:18:00",https://wordpress.org/plugins/wpb-woocommerce-category-slider/,5.0,
wpb-woocommerce-product-slider,"WPB Product Slider for WooCommerce – Product Carousel",2.2.2,2.2.1,https://downloads.wordpress.org/plugin/wpb-woocommerce-product-slider.2.2.2.zip,"2024-11-22 21:20:00",https://wordpress.org/plugins/wpb-woocommerce-product-slider/,5.0,
wpb-woocommerce-related-products-slider,"WPB Related Products Slider for WooCommerce – Show WooCommerce Related Products Carousel",1.3.9,1.3.8,https://downloads.wordpress.org/plugin/wpb-woocommerce-related-products-slider.1.3.9.zip,"2024-11-22 21:21:00",https://wordpress.org/plugins/wpb-woocommerce-related-products-slider/,5.0,
creative-slider-block,"Creative Slider Block",1.0.2,,https://downloads.wordpress.org/plugin/creative-slider-block.1.0.2.zip,"2024-11-22 19:39:00",https://wordpress.org/plugins/creative-slider-block/,6.2,7.1
customize-add-to-cart-button-text,"Customize Add to Cart Button Text",1.0.1,,https://downloads.wordpress.org/plugin/customize-add-to-cart-button-text.1.0.1.zip,"2024-11-22 20:31:00",https://wordpress.org/plugins/customize-add-to-cart-button-text/,5.2,7.2
regi-fair,RegiFair,1.0.0,,https://downloads.wordpress.org/plugin/regi-fair.1.0.0.zip,"2024-11-22 20:20:00",https://wordpress.org/plugins/regi-fair/,6.6,8.2
sa-hosted-checkout-for-woocommerce,"SA Hosted Checkout for WooCommerce",1.0,,https://downloads.wordpress.org/plugin/sa-hosted-checkout-for-woocommerce.1.0.zip,"2024-11-22 19:55:00",https://wordpress.org/plugins/sa-hosted-checkout-for-woocommerce/,5.1,5.6
smartwoo-recommendations,"SmartWoo Product Recommendations",1.0.1,,https://downloads.wordpress.org/plugin/smartwoo-recommendations.zip,"2024-11-22 19:42:00",https://wordpress.org/plugins/smartwoo-recommendations/,,
coupon-urls-for-woocommerce,"Coupon URLs – Apply a Coupon from a Custom Link – for WooCommerce",1.3.3,1.3.2.1,https://downloads.wordpress.org/plugin/coupon-urls-for-woocommerce.1.3.3.zip,"2024-11-22 23:05:00",https://wordpress.org/plugins/coupon-urls-for-woocommerce/,4.7,7.2
bulky-bulk-edit-products-for-woo,"Bulky – Bulk Edit Products for WooCommerce",1.2.8,1.2.7,https://downloads.wordpress.org/plugin/bulky-bulk-edit-products-for-woo.zip,"2024-11-23 02:22:00",https://wordpress.org/plugins/bulky-bulk-edit-products-for-woo/,5.0,7.0
include-klaviyo-for-elementor-pro,"Include Klaviyo for Elementor pro",5.0,4.1,https://downloads.wordpress.org/plugin/include-klaviyo-for-elementor-pro.5.0.zip,"2024-11-23 03:21:00",https://wordpress.org/plugins/include-klaviyo-for-elementor-pro/,5.4,
just-writing-statistics,"Just Writing Statistics",4.8,4.7,https://downloads.wordpress.org/plugin/just-writing-statistics.4.8.zip,"2024-11-23 02:58:00",https://wordpress.org/plugins/just-writing-statistics/,4.6,
pdf-for-wpforms,"PDF for WPForms + Drag and Drop Template Builder",4.4.2,4.4.0,https://downloads.wordpress.org/plugin/pdf-for-wpforms.zip,"2024-11-23 02:13:00",https://wordpress.org/plugins/pdf-for-wpforms/,2.0,5.6
summary-box-for-wikipedia-links,"Summary box for Wikipedia links",1.0.4,1.0.3,https://downloads.wordpress.org/plugin/summary-box-for-wikipedia-links.1.0.4.zip,"2024-11-23 03:38:00",https://wordpress.org/plugins/summary-box-for-wikipedia-links/,4.7,5.6
blocks-for-github,"Blocks for GitHub",1.0.0,,https://downloads.wordpress.org/plugin/blocks-for-github.1.0.0.zip,"2024-11-23 01:59:00",https://wordpress.org/plugins/blocks-for-github/,6.5,8.0
advance-custom-html,"Advance Custom HTML",1.0.1,1.0.0,https://downloads.wordpress.org/plugin/advance-custom-html.1.0.1.zip,"2024-11-23 09:02:00",https://wordpress.org/plugins/advance-custom-html/,5.8,7.1
advanced-accordion-block,"Advanced Accordion Gutenberg Block",4.7.4,4.7.2,https://downloads.wordpress.org/plugin/advanced-accordion-block.4.7.4.zip,"2024-11-23 08:05:00",https://wordpress.org/plugins/advanced-accordion-block/,5.7,7.4
ai-co-pilot-for-wp,"WP AI CoPilot – AI content writer plugin, ChatGPT WordPress, GPT-3/4 , Ai assistance",1.2.7,1.2.6,https://downloads.wordpress.org/plugin/ai-co-pilot-for-wp.1.2.7.zip,"2024-11-23 08:55:00",https://wordpress.org/plugins/ai-co-pilot-for-wp/,5.0,7.4
annasta-woocommerce-product-filters,"annasta Woocommerce Product Filters",1.7.6,1.7.5,https://downloads.wordpress.org/plugin/annasta-woocommerce-product-filters.1.7.6.zip,"2024-11-23 08:55:00",https://wordpress.org/plugins/annasta-woocommerce-product-filters/,5.7,7.0
b-slider,"B Slider- Gutenberg Slider Block for WP",1.1.21,1.1.20,https://downloads.wordpress.org/plugin/b-slider.1.1.21.zip,"2024-11-23 10:08:00",https://wordpress.org/plugins/b-slider/,6.5,7.1
bdthemes-element-pack-lite,"Element Pack Elementor Addons (Header Footer, Template Library, Dynamic Grid, Carousel and Remote Arrows)",5.10.10,5.10.7,https://downloads.wordpress.org/plugin/bdthemes-element-pack-lite.5.10.10.zip,"2024-11-23 09:15:00",https://wordpress.org/plugins/bdthemes-element-pack-lite/,5.0.0,7.4.0
bdthemes-prime-slider-lite,"Prime Slider – Addons For Elementor (Revolution of a slider, Hero Slider, Ecommerce Slider)",3.15.22,3.15.20,https://downloads.wordpress.org/plugin/bdthemes-prime-slider-lite.3.15.22.zip,"2024-11-23 09:23:00",https://wordpress.org/plugins/bdthemes-prime-slider-lite/,5.0.0,7.4.0
block-for-mailchimp,"Block For MailChimp – Embed mailchimp form in WP",1.1.2,1.1.1,https://downloads.wordpress.org/plugin/block-for-mailchimp.1.1.2.zip,"2024-11-23 09:26:00",https://wordpress.org/plugins/block-for-mailchimp/,6.5,7.1
cardealer,"Car Dealer (Dealership) and Vehicle sales",4.44,4.43,https://downloads.wordpress.org/plugin/cardealer.4.44.zip,"2024-11-23 09:38:00",https://wordpress.org/plugins/cardealer/,6.0,
csv-importer-plus-for-acf,"CSV Importer Plus for ACF",1.0.10,1.0.8,https://downloads.wordpress.org/plugin/csv-importer-plus-for-acf.1.0.10.zip,"2024-11-23 10:15:00",https://wordpress.org/plugins/csv-importer-plus-for-acf/,5.8,5.6.20
embed-soundcloud-block,"Player For SoundCloud",1.0.7,1.0.5,https://downloads.wordpress.org/plugin/embed-soundcloud-block.1.0.7.zip,"2024-11-23 08:39:00",https://wordpress.org/plugins/embed-soundcloud-block/,6.5,7.1
gf-google-address-autocomplete,"Address Autocomplete via Google for Gravity Forms",1.3.4,1.3.3,https://downloads.wordpress.org/plugin/gf-google-address-autocomplete.zip,"2024-11-23 09:59:00",https://wordpress.org/plugins/gf-google-address-autocomplete/,5.0,5.6
infixs-correios-automatico,"Correios Automático – Rastreio, Etiqueta e Frete",1.1.6,1.1.5,https://downloads.wordpress.org/plugin/infixs-correios-automatico.1.1.6.zip,"2024-11-23 09:01:00",https://wordpress.org/plugins/infixs-correios-automatico/,6.0,7.4
lzb-select-dynamic,"Lazy Blocks: Select Dynamic Control",2.9.0,2.8.0,https://downloads.wordpress.org/plugin/lzb-select-dynamic.2.9.0.zip,"2024-11-23 07:34:00",https://wordpress.org/plugins/lzb-select-dynamic/,5.8,7.2
mobile-bottom-menu-for-wp,"WP Mobile Bottom Menu",1.2.8,1.2.7,https://downloads.wordpress.org/plugin/mobile-bottom-menu-for-wp.1.2.8.zip,"2024-11-23 08:56:00",https://wordpress.org/plugins/mobile-bottom-menu-for-wp/,5.0,7.4
ninja-countdown,"Ninja Countdown | Fastest Countdown Builder",1.4.0,1.3.0,https://downloads.wordpress.org/plugin/ninja-countdown.1.4.0.zip,"2024-11-23 08:16:00",https://wordpress.org/plugins/ninja-countdown/,4.5,7.4
office-locator,"Office Locator",1.3.0,1.2.0,https://downloads.wordpress.org/plugin/office-locator.1.3.0.zip,"2024-11-23 10:12:00",https://wordpress.org/plugins/office-locator/,3.0.1,
printapp,Print.App,2.0.3,1.3.6,https://downloads.wordpress.org/plugin/printapp.2.0.3.zip,"2024-11-23 09:57:00",https://wordpress.org/plugins/printapp/,3.8,5.2.4
product-input-fields-for-woocommerce,"Product Input Fields for WooCommerce",1.10.0,1.9.0,https://downloads.wordpress.org/plugin/product-input-fields-for-woocommerce.1.10.0.zip,"2024-11-23 09:06:00",https://wordpress.org/plugins/product-input-fields-for-woocommerce/,4.4,7.4
royal-elementor-addons,"Royal Elementor Addons and Templates",1.7.1004,1.7.1001,https://downloads.wordpress.org/plugin/royal-elementor-addons.1.7.1004.zip,"2024-11-23 07:45:00",https://wordpress.org/plugins/royal-elementor-addons/,5.0,5.6
shipping-rate-by-cities,"Shipping Rate By Cities",1.1.1,1.1.0,https://downloads.wordpress.org/plugin/shipping-rate-by-cities.1.1.1.zip,"2024-11-23 07:53:00",https://wordpress.org/plugins/shipping-rate-by-cities/,5.1,
shipping-rate-by-zipcodes,"Shipping Rate By Zipcodes",1.1.1,1.1.0,https://downloads.wordpress.org/plugin/shipping-rate-by-zipcodes.1.1.1.zip,"2024-11-23 08:05:00",https://wordpress.org/plugins/shipping-rate-by-zipcodes/,5.1,
swiss-toolkit-for-wp,"Swiss Toolkit For WP",1.3.0,1.2.0,https://downloads.wordpress.org/plugin/swiss-toolkit-for-wp.1.3.0.zip,"2024-11-23 09:00:00",https://wordpress.org/plugins/swiss-toolkit-for-wp/,5.2,7.4
top-table-of-contents,"TOP Table Of Contents",1.3.23,1.3.21,https://downloads.wordpress.org/plugin/top-table-of-contents.1.3.23.zip,"2024-11-23 09:01:00",https://wordpress.org/plugins/top-table-of-contents/,5.0,7.0
tourfic,"Tourfic – Ultimate Hotel Booking, Travel Booking & Apartment Booking WordPress Plugin | WooCommerce Booking",2.15.0,2.14.3,https://downloads.wordpress.org/plugin/tourfic.2.15.0.zip,"2024-11-23 10:08:00",https://wordpress.org/plugins/tourfic/,5.4,7.4
traffic,Traffic,3.1.1,3.1.0,https://downloads.wordpress.org/plugin/traffic.3.1.1.zip,"2024-11-23 09:24:00",https://wordpress.org/plugins/traffic/,6.2,8.1
ts-login,"TS login",1.0.2,1.0.1,https://downloads.wordpress.org/plugin/ts-login.1.0.2.zip,"2024-11-23 08:27:00",https://wordpress.org/plugins/ts-login/,5.0,7.0
ultimate-security-for-woocommerce,"Ultimate Security For WooCommerce",1.0.4,1.0.3,https://downloads.wordpress.org/plugin/ultimate-security-for-woocommerce.1.0.4.zip,"2024-11-23 10:20:00",https://wordpress.org/plugins/ultimate-security-for-woocommerce/,5.4,7.0
ultimate-store-kit,"Ultimate Store Kit Elementor Addons, Woocommerce Builder, EDD Builder, Elementor Store Builder, Product Grid, Product Table, Woocommerce Slider",2.2.3,2.2.2,https://downloads.wordpress.org/plugin/ultimate-store-kit.2.2.3.zip,"2024-11-23 09:52:00",https://wordpress.org/plugins/ultimate-store-kit/,5.0.0,7.0.0
unlimited-elementor-inner-sections-by-boomdevs,"Unlimited Elementor Inner Sections By BoomDevs",1.0.7,1.0.6,https://downloads.wordpress.org/plugin/unlimited-elementor-inner-sections-by-boomdevs.1.0.7.zip,"2024-11-23 09:02:00",https://wordpress.org/plugins/unlimited-elementor-inner-sections-by-boomdevs/,5.0,5.4
variation-suite,"Variation Suite for WooCommerce",1.0,,https://downloads.wordpress.org/plugin/variation-suite.1.0.zip,"2024-11-23 09:40:00",https://wordpress.org/plugins/variation-suite/,5.0,
404-solution,"404 Solution",2.36.1,2.35.25,https://downloads.wordpress.org/plugin/404-solution.2.36.1.zip,"2024-11-23 14:35:00",https://wordpress.org/plugins/404-solution/,3.9,
atec-cache-apcu,"atec Cache APCu",2.1.8,2.1.5,https://downloads.wordpress.org/plugin/atec-cache-apcu.2.1.8.zip,"2024-11-23 16:51:00",https://wordpress.org/plugins/atec-cache-apcu/,5.2,7.4
atec-cache-info,"atec Cache Info",1.7.8,1.7.7,https://downloads.wordpress.org/plugin/atec-cache-info.1.7.8.zip,"2024-11-23 16:51:00",https://wordpress.org/plugins/atec-cache-info/,5.2,7.4
atec-database,"atec Database",1.0.10,1.0.8,https://downloads.wordpress.org/plugin/atec-database.1.0.10.zip,"2024-11-23 16:52:00",https://wordpress.org/plugins/atec-database/,5.2,7.4
atec-debug,"atec Debug",1.1.6,1.1.2,https://downloads.wordpress.org/plugin/atec-debug.1.1.6.zip,"2024-11-23 16:52:00",https://wordpress.org/plugins/atec-debug/,5.2,7.4
atec-dir-scan,"atec Dir Scan",1.3.16,1.3.9,https://downloads.wordpress.org/plugin/atec-dir-scan.1.3.16.zip,"2024-11-23 16:52:00",https://wordpress.org/plugins/atec-dir-scan/,5.2,7.4
atec-stats,"atec Stats",1.0.17,1.0.16,https://downloads.wordpress.org/plugin/atec-stats.1.0.17.zip,"2024-11-23 16:54:00",https://wordpress.org/plugins/atec-stats/,5.2,7.4
atec-system-info,"atec System Info",1.1.11,1.1.7,https://downloads.wordpress.org/plugin/atec-system-info.1.1.11.zip,"2024-11-23 16:53:00",https://wordpress.org/plugins/atec-system-info/,5.2,7.4
atec-web-map-service,"atec web-map-service",1.6.7,1.6.4,https://downloads.wordpress.org/plugin/atec-web-map-service.1.6.7.zip,"2024-11-23 16:53:00",https://wordpress.org/plugins/atec-web-map-service/,5.2,7.4
b-blocks,"B Blocks – The ultimate block collection",1.9.8,1.9.6,https://downloads.wordpress.org/plugin/b-blocks.1.9.8.zip,"2024-11-23 15:56:00",https://wordpress.org/plugins/b-blocks/,6.5,7.1
countdown-builder,"Countdown, Coming Soon, Maintenance – Countdown & Clock",2.8.1,2.8.0.6,https://downloads.wordpress.org/plugin/countdown-builder.zip,"2024-11-23 16:03:00",https://wordpress.org/plugins/countdown-builder/,3.8,5.3
eacsoftwareregistry-distribution-sdk,"{eac}SoftwareRegistry Distribution SDK",1.1.1,1.1.0,https://downloads.wordpress.org/plugin/eacsoftwareregistry-distribution-sdk.1.1.1.zip,"2024-11-23 16:37:00",https://wordpress.org/plugins/eacsoftwareregistry-distribution-sdk/,5.8,7.4
eacsoftwareregistry-subscription-webhooks,"{eac}SoftwareRegistry Subscriptions for WooCommerce",2.1.2,2.1.0,https://downloads.wordpress.org/plugin/eacsoftwareregistry-subscription-webhooks.2.1.2.zip,"2024-11-23 16:26:00",https://wordpress.org/plugins/eacsoftwareregistry-subscription-webhooks/,5.8,7.4
eacsoftwareregistry-webhook-endpoints,"{eac}SoftwareRegistry WooCommerce Webhook Endpoints",1.1.2,1.1.1,https://downloads.wordpress.org/plugin/eacsoftwareregistry-webhook-endpoints.1.1.2.zip,"2024-11-23 16:57:00",https://wordpress.org/plugins/eacsoftwareregistry-webhook-endpoints/,5.8,7.4
easy-map,"Easy Map – To add Map via Leaflet",1.6.0,1.5.0,https://downloads.wordpress.org/plugin/easy-map.1.6.0.zip,"2024-11-23 15:43:00",https://wordpress.org/plugins/easy-map/,4.6,5.6
external-files-in-media-library,"External files in media library",2.0.2,1.3.0,https://downloads.wordpress.org/plugin/external-files-in-media-library.2.0.2.zip,"2024-11-23 14:43:00",https://wordpress.org/plugins/external-files-in-media-library/,6.2,8.0
funnelkit-stripe-woo-payment-gateway,"Stripe Payment Gateway for WooCommerce",1.10.1,1.8.2,https://downloads.wordpress.org/plugin/funnelkit-stripe-woo-payment-gateway.1.10.1.zip,"2024-11-23 15:06:00",https://wordpress.org/plugins/funnelkit-stripe-woo-payment-gateway/,5.4.0,7.4
g-business-reviews-rating,"Reviews and Rating – Google Reviews",5.7,5.6,https://downloads.wordpress.org/plugin/g-business-reviews-rating.5.7.zip,"2024-11-23 14:37:00",https://wordpress.org/plugins/g-business-reviews-rating/,4.6,5.2.4
infoforflux,"App Info for Flux",1.0.9,1.0.8,https://downloads.wordpress.org/plugin/infoforflux.1.0.9.zip,"2024-11-23 17:19:00",https://wordpress.org/plugins/infoforflux/,4.7,
library-viewer,"Library Viewer",2.0.9,2.0.7,https://downloads.wordpress.org/plugin/library-viewer.2.0.9.zip,"2024-11-23 16:18:00",https://wordpress.org/plugins/library-viewer/,3.0.0,7.0
pexlechris-adminer,"Database Management tool – Adminer",3.0.1,2.2.2,https://downloads.wordpress.org/plugin/pexlechris-adminer.3.0.1.zip,"2024-11-23 16:16:00",https://wordpress.org/plugins/pexlechris-adminer/,4.7.0,5.6
shopglut,"WooCommerce Extended, Customized Options(Shop Layout, Wishlist, Product Filter) – ShopGlut",1.0.5,1.0.3,https://downloads.wordpress.org/plugin/shopglut.1.0.5.zip,"2024-11-23 15:57:00",https://wordpress.org/plugins/shopglut/,5.1,7.4
staggs,"Staggs – Product Configurator Toolkit",2.4.0,2.0.0,https://downloads.wordpress.org/plugin/staggs.2.4.0.zip,"2024-11-23 16:45:00",https://wordpress.org/plugins/staggs/,5.5,7.4
tzm-responsive-block-controls,"TZM Responsive Block Controls",1.1.0,1.0.2,https://downloads.wordpress.org/plugin/tzm-responsive-block-controls.1.1.0.zip,"2024-11-23 15:24:00",https://wordpress.org/plugins/tzm-responsive-block-controls/,6.4,7.4.0
view-admin-as,"View Admin As",1.8.10,1.8.9,https://downloads.wordpress.org/plugin/view-admin-as.1.8.10.zip,"2024-11-23 15:34:00",https://wordpress.org/plugins/view-admin-as/,4.1,5.2.4
wappi,"Wappi – Send Notifications via personal WhatsApp and Telegram",1.0.5,1.0.1,https://downloads.wordpress.org/plugin/wappi.1.0.5.zip,"2024-11-23 16:35:00",https://wordpress.org/plugins/wappi/,3.8,7.4
crypto-fear-and-greed-index,"Crypto Fear and Greed Index",1.0,,https://downloads.wordpress.org/plugin/crypto-fear-and-greed-index.1.0.zip,"2024-11-23 15:47:00",https://wordpress.org/plugins/crypto-fear-and-greed-index/,5.0,
petitioner,Petitioner,0.2.1,,https://downloads.wordpress.org/plugin/petitioner.0.2.1.zip,"2024-11-23 17:09:00",https://wordpress.org/plugins/petitioner/,5.9,8.0
search-modal-block,"Search Modal Block",1.0.1,,https://downloads.wordpress.org/plugin/search-modal-block.1.0.1.zip,"2024-11-23 14:51:00",https://wordpress.org/plugins/search-modal-block/,6.1,7.3
wine-cellar-manager,"Wine Cellar Manager",1.0.1,,https://downloads.wordpress.org/plugin/wine-cellar-manager.1.0.1.zip,"2024-11-23 16:42:00",https://wordpress.org/plugins/wine-cellar-manager/,5.0,7.2.5
king-addons,"King Addons for Elementor – Free Templates, Widgets and Features for Elementor",24.11.24,24.11.1,https://downloads.wordpress.org/plugin/king-addons.24.11.24.zip,"2024-11-24 00:08:00",https://wordpress.org/plugins/king-addons/,6.0,7.4
opening-hours,"We’re Open!",2.3,2.2,https://downloads.wordpress.org/plugin/opening-hours.2.3.zip,"2024-11-23 23:55:00",https://wordpress.org/plugins/opening-hours/,5.3,5.2.4
quicktasker,QuickTasker,1.9.2,1.9.1,https://downloads.wordpress.org/plugin/quicktasker.1.9.2.zip,"2024-11-23 23:26:00",https://wordpress.org/plugins/quicktasker/,5.3,7.2.28
rsvpmaker-for-toastmasters,"RSVPMaker for Toastmasters",6.3.1,6.3,https://downloads.wordpress.org/plugin/rsvpmaker-for-toastmasters.6.3.1.zip,"2024-11-24 00:49:00",https://wordpress.org/plugins/rsvpmaker-for-toastmasters/,5.0,5.6
rsvpmaker,RSVPMaker,11.4.5,11.4.2,https://downloads.wordpress.org/plugin/rsvpmaker.11.4.5.zip,"2024-11-24 00:57:00",https://wordpress.org/plugins/rsvpmaker/,5.2,5.6
conversational-forms,"ChatBot Conversational Forms",1.3.9,1.3.8,https://downloads.wordpress.org/plugin/conversational-forms.1.3.9.zip,"2024-11-24 07:18:00",https://wordpress.org/plugins/conversational-forms/,4.6,5.6
dracula-dark-mode,"Dracula Dark Mode –  Enhanced Accessibility, Dark Mode & Reading Mode for WordPress",1.2.5,1.2.4,https://downloads.wordpress.org/plugin/dracula-dark-mode.1.2.5.zip,"2024-11-24 07:06:00",https://wordpress.org/plugins/dracula-dark-mode/,5.0,7.0
gym-builder,"Gym Builder – Fitness, Gym, Class Schedule Maker Plugin",2.2.4,2.2.2,https://downloads.wordpress.org/plugin/gym-builder.2.2.4.zip,"2024-11-24 06:08:00",https://wordpress.org/plugins/gym-builder/,5.5,7.4
lazy-bloggers-ai-image-generator,"Lazy Blogger's AI Image Generator",1.3.1,1.3,https://downloads.wordpress.org/plugin/lazy-bloggers-ai-image-generator.1.3.1.zip,"2024-11-24 07:03:00",https://wordpress.org/plugins/lazy-bloggers-ai-image-generator/,6.1.1,8.1
live-copy-paste,"Live Copy Paste Elementor Addon – Cross Domain Copy Paste, Copy Local to Cloud, Copy Paste Elementor Section",1.4.2,1.4.0,https://downloads.wordpress.org/plugin/live-copy-paste.1.4.2.zip,"2024-11-24 06:09:00",https://wordpress.org/plugins/live-copy-paste/,5.0.0,
online-active-users,"WP Online Active Users",2.4,2.3,https://downloads.wordpress.org/plugin/online-active-users.2.4.zip,"2024-11-24 05:57:00",https://wordpress.org/plugins/online-active-users/,6.3,7.3
payplus-payment-gateway,"PayPlus Payment Gateway",7.2.5,7.2.3,https://downloads.wordpress.org/plugin/payplus-payment-gateway.7.2.5.zip,"2024-11-24 07:39:00",https://wordpress.org/plugins/payplus-payment-gateway/,6.2,7.4
private-website,"Private Website – Login Required",0.2,0.1,https://downloads.wordpress.org/plugin/private-website.0.1.zip,"2024-11-24 08:11:00",https://wordpress.org/plugins/private-website/,5.0,7.0
ry-woocommerce-tools,"RY Tools for WooCommerce",3.4.23,3.4.22,https://downloads.wordpress.org/plugin/ry-woocommerce-tools.3.4.23.zip,"2024-11-24 07:09:00",https://wordpress.org/plugins/ry-woocommerce-tools/,6.5,8.0
saml-sso-wp-single-sign-on,"Single Sign On for WP | Login With SSO",1.3.7,1.3.5,https://downloads.wordpress.org/plugin/saml-sso-wp-single-sign-on.zip,"2024-11-24 08:14:00",https://wordpress.org/plugins/saml-sso-wp-single-sign-on/,3.9,7.1
ultimate-addons-for-contact-form-7,"Ultimate Addons for Contact Form 7",3.4.13,3.4.7,https://downloads.wordpress.org/plugin/ultimate-addons-for-contact-form-7.zip,"2024-11-24 08:15:00",https://wordpress.org/plugins/ultimate-addons-for-contact-form-7/,4.2,7.4
wp-sms,"WP SMS – Ultimate SMS & MMS Notifications, 2FA, OTP, and Integrations with WooCommerce, GravityForms, and More",6.9.8,6.9.7,https://downloads.wordpress.org/plugin/wp-sms.6.9.8.zip,"2024-11-24 08:12:00",https://wordpress.org/plugins/wp-sms/,4.1,5.6
folderly,Folderly,0.2,,https://downloads.wordpress.org/plugin/folderly.0.2.zip,"2024-11-24 06:52:00",https://wordpress.org/plugins/folderly/,5.6,7.4
integrations-of-klaviyo-with-elementor-form,"Integrations of Klaviyo with Elementor form",1.0.0,,https://downloads.wordpress.org/plugin/integrations-of-klaviyo-with-elementor-form.1.0.0.zip,"2024-11-24 07:16:00",https://wordpress.org/plugins/integrations-of-klaviyo-with-elementor-form/,5.1,5.6
perfgrid-optimizer,"PerfGrid Optimizer",1.0,,https://downloads.wordpress.org/plugin/perfgrid-optimizer.1.0.0.zip,"2024-11-24 06:58:00",https://wordpress.org/plugins/perfgrid-optimizer/,6.0.0,8.0
ablocks,"aBlocks – WordPress Gutenberg Blocks",1.5.4,1.5.0,https://downloads.wordpress.org/plugin/ablocks.1.5.4.zip,"2024-11-24 14:29:00",https://wordpress.org/plugins/ablocks/,6.3,7.4
ai-image-generator,"AI Image Generator – Easy image creation with AI",1.0.7,1.0.6,https://downloads.wordpress.org/plugin/ai-image-generator.1.0.7.zip,"2024-11-24 14:11:00",https://wordpress.org/plugins/ai-image-generator/,4.9,7.4
atec-cache-info,"atec Cache Info",1.7.9,1.7.8,https://downloads.wordpress.org/plugin/atec-cache-info.1.7.9.zip,"2024-11-24 13:12:00",https://wordpress.org/plugins/atec-cache-info/,5.2,7.4
charitable,"Charitable – Donation Plugin for WordPress – Fundraising with Recurring Donations & More",1.8.3.4,1.8.3.3,https://downloads.wordpress.org/plugin/charitable.1.8.3.4.zip,"2024-11-24 14:41:00",https://wordpress.org/plugins/charitable/,4.1,7.2
conversation-watson,"Chatbot with IBM Watson",0.8.38,0.8.36,https://downloads.wordpress.org/plugin/conversation-watson.0.8.38.zip,"2024-11-24 15:11:00",https://wordpress.org/plugins/conversation-watson/,4.7,
directorist,"Directorist: AI-Powered WordPress Business Directory Plugin with Classified Ads Listings",8.0.7,8.0.6,https://downloads.wordpress.org/plugin/directorist.8.0.7.zip,"2024-11-24 13:13:00",https://wordpress.org/plugins/directorist/,4.6,7.0
dynamic-year-block,"Dynamic Year Block – display a copyright notice in your footer with the current year",0.6.5,0.6.4,https://downloads.wordpress.org/plugin/dynamic-year-block.0.6.5.zip,"2024-11-24 15:24:00",https://wordpress.org/plugins/dynamic-year-block/,5.9,7.4
elementor,"Elementor Website Builder – More than Just a Page Builder",3.25.10,3.25.9,https://downloads.wordpress.org/plugin/elementor.3.25.10.zip,"2024-11-24 15:04:00",https://wordpress.org/plugins/elementor/,6.3,7.4
guavapay-gateway,"MyGuava Business E-commerce Solution",1.1.4,1.1.0,https://downloads.wordpress.org/plugin/guavapay-gateway.1.1.4.zip,"2024-11-24 13:05:00",https://wordpress.org/plugins/guavapay-gateway/,6.0,8.0
illiant-landings,"Convert Figma to WordPress Gutenberg Blocks – WPLandings",2.4.3,2.4.1,https://downloads.wordpress.org/plugin/illiant-landings.2.4.3.zip,"2024-11-24 14:17:00",https://wordpress.org/plugins/illiant-landings/,6.2,7.4
image-converter-webp,"Image Converter for WebP",1.2.0,1.1.2,https://downloads.wordpress.org/plugin/image-converter-webp.1.2.0.zip,"2024-11-24 15:24:00",https://wordpress.org/plugins/image-converter-webp/,4.0,7.4
light-modal-block,"Light Modal Block",1.3.2,1.3.1,https://downloads.wordpress.org/plugin/light-modal-block.1.3.2.zip,"2024-11-24 15:23:00",https://wordpress.org/plugins/light-modal-block/,6.2,7.0
payplus-payment-gateway,"PayPlus Payment Gateway",7.2.6,7.2.5,https://downloads.wordpress.org/plugin/payplus-payment-gateway.7.2.6.zip,"2024-11-24 13:03:00",https://wordpress.org/plugins/payplus-payment-gateway/,6.2,7.4
redirection,Redirection,5.5.1,5.5.0,https://downloads.wordpress.org/plugin/redirection.5.5.1.zip,"2024-11-24 14:12:00",https://wordpress.org/plugins/redirection/,6.4,7.0
remarkety-for-woocommerce,"Remarkety – eCommerce Marketing Automation Platform for WooCommerce",1.6.0,1.5.0,https://downloads.wordpress.org/plugin/remarkety-for-woocommerce.zip,"2024-11-24 14:07:00",https://wordpress.org/plugins/remarkety-for-woocommerce/,3.0,
so-widgets-bundle,"SiteOrigin Widgets Bundle",1.64.0,1.63.2,https://downloads.wordpress.org/plugin/so-widgets-bundle.1.64.0.zip,"2024-11-24 13:51:00",https://wordpress.org/plugins/so-widgets-bundle/,4.2,7.0.0
social-lite,"Link in Bio Creator – Social",1.6.4,1.6.3,https://downloads.wordpress.org/plugin/social-lite.1.6.4.zip,"2024-11-24 12:57:00",https://wordpress.org/plugins/social-lite/,5.5,7.0
stachethemes-event-calendar-lite,"Stachethemes Event Calendar Lite",5.3.3,5.3.1,https://downloads.wordpress.org/plugin/stachethemes-event-calendar-lite.5.3.3.zip,"2024-11-24 15:08:00",https://wordpress.org/plugins/stachethemes-event-calendar-lite/,6.2,8.0
ultimate-security-for-woocommerce,"Ultimate Security For WooCommerce",1.0.5,1.0.4,https://downloads.wordpress.org/plugin/ultimate-security-for-woocommerce.1.0.5.zip,"2024-11-24 13:26:00",https://wordpress.org/plugins/ultimate-security-for-woocommerce/,5.4,7.0
vdocipher,"VdoCipher: Secure Video Player and Hosting",1.30,1.29,https://downloads.wordpress.org/plugin/vdocipher.1.30.zip,"2024-11-24 14:31:00",https://wordpress.org/plugins/vdocipher/,3.5.1,5.6
wc-min-max-quantities,"WC Min Max Quantities – Set Minimum/Maximum Quantity & Price Limits with Step Control for WooCommerce",2.0.3,2.0.1,https://downloads.wordpress.org/plugin/wc-min-max-quantities.2.0.3.zip,"2024-11-24 12:31:00",https://wordpress.org/plugins/wc-min-max-quantities/,5.0,7.4
wp-dbmanager,WP-DBManager,2.80.10,2.80.9,https://downloads.wordpress.org/plugin/wp-dbmanager.2.80.10.zip,"2024-11-24 13:36:00",https://wordpress.org/plugins/wp-dbmanager/,4.0,
wp-pagenavi,WP-PageNavi,2.94.3,2.94.2,https://downloads.wordpress.org/plugin/wp-pagenavi.2.94.3.zip,"2024-11-24 13:55:00",https://wordpress.org/plugins/wp-pagenavi/,4.6,
wp-simple-firewall,"Shield Security – Smart Bot Blocking & Intrusion Prevention Security",20.0.11,20.0.10,https://downloads.wordpress.org/plugin/wp-simple-firewall.20.0.11.zip,"2024-11-24 14:36:00",https://wordpress.org/plugins/wp-simple-firewall/,5.7,7.2.5
wp-useronline,WP-UserOnline,2.88.5,2.88.4,https://downloads.wordpress.org/plugin/wp-useronline.2.88.5.zip,"2024-11-24 14:10:00",https://wordpress.org/plugins/wp-useronline/,4.6,
wpgen-forms,"WPGen Forms – Creating WordPress Forms or Checklists with help of Generative AI ( Contact Form 7, WPForms, Forminator, Ninja Forms, Generative Forms, LLM, AI )",0.1.10,0.1.9,https://downloads.wordpress.org/plugin/wpgen-forms.0.1.10.zip,"2024-11-24 12:30:00",https://wordpress.org/plugins/wpgen-forms/,5.2,7.0
yml-for-yandex-market,"YML for Yandex Market",4.8.2,4.8.0,https://downloads.wordpress.org/plugin/yml-for-yandex-market.4.8.2.zip,"2024-11-24 15:00:00",https://wordpress.org/plugins/yml-for-yandex-market/,4.5,7.4.0
you-save-x-for-woocommerce,"You Save for Woocommerce",1.0.2,1.0.0,https://downloads.wordpress.org/plugin/you-save-x-for-woocommerce.1.0.2.zip,"2024-11-24 12:32:00",https://wordpress.org/plugins/you-save-x-for-woocommerce/,6.5,
category-indexer-for-woocommerce,"Category Indexer for WooCommerce",1.0.0,,https://downloads.wordpress.org/plugin/category-indexer-for-woocommerce.1.0.0.zip,"2024-11-24 14:15:00",https://wordpress.org/plugins/category-indexer-for-woocommerce/,5.4,7.0
easytab,EasyTab,1.0.0,,https://downloads.wordpress.org/plugin/easytab.1.0.0.zip,"2024-11-24 14:44:00",https://wordpress.org/plugins/easytab/,6.0,7.4
front-end-product-submission,"Front End Product Submission",1.0,,https://downloads.wordpress.org/plugin/front-end-product-submission.zip,"2024-11-24 14:47:00",https://wordpress.org/plugins/front-end-product-submission/,5.0,7.2
simple-publish-rewrite-api,"Simple Post Publish & Rewrite using API",1.0,,https://downloads.wordpress.org/plugin/simple-publish-rewrite-api.1.0.zip,"2024-11-24 15:14:00",https://wordpress.org/plugins/simple-publish-rewrite-api/,6.0,7.4
coinsnap-for-woocommerce,"Coinsnap for WooCommerce",1.1.6,1.1.5,https://downloads.wordpress.org/plugin/coinsnap-for-woocommerce.1.1.6.zip,"2024-11-24 18:47:00",https://wordpress.org/plugins/coinsnap-for-woocommerce/,5.2,7.4
contest-gallery,"Photos, Files, YouTube, Twitter, Instagram, TikTok, Ecommerce Contest Gallery – Upload, Vote, Sell via PayPal, Social Share Buttons",24.0.8,24.0.7,https://downloads.wordpress.org/plugin/contest-gallery.24.0.8.zip,"2024-11-24 21:21:00",https://wordpress.org/plugins/contest-gallery/,5.6,
email-template-customizer-for-woocommerce,"Email Template Customizer for WooCommerce",1.2.1,1.1.9,https://downloads.wordpress.org/plugin/email-template-customizer-for-woocommerce.1.2.1.zip,"2024-11-24 20:42:00",https://wordpress.org/plugins/email-template-customizer-for-woocommerce/,4.4,7.0
import-from-yml,"Import from YML",3.1.7,3.1.6,https://downloads.wordpress.org/plugin/import-from-yml.3.1.7.zip,"2024-11-24 18:30:00",https://wordpress.org/plugins/import-from-yml/,4.5,7.4.0
ithemeland-bulk-posts-editing-lite,"Bulk Posts Editing For WordPress",4.3.3,4.3.1,https://downloads.wordpress.org/plugin/ithemeland-bulk-posts-editing-lite.4.3.3.zip,"2024-11-24 20:33:00",https://wordpress.org/plugins/ithemeland-bulk-posts-editing-lite/,5.5,5.4
ithemeland-bulk-variation-editing-for-woocommerce,"Bulk Variation Editing For WooCommerce",1.1.2,1.1.1,https://downloads.wordpress.org/plugin/ithemeland-bulk-variation-editing-for-woocommerce.1.1.2.zip,"2024-11-24 20:23:00",https://wordpress.org/plugins/ithemeland-bulk-variation-editing-for-woocommerce/,4.4,5.4
ithemeland-woo-bulk-coupons-editing-lite,"Bulk Coupons Editing For WooCommerce",2.3.3,2.3.1,https://downloads.wordpress.org/plugin/ithemeland-woo-bulk-coupons-editing-lite.2.3.3.zip,"2024-11-24 20:24:00",https://wordpress.org/plugins/ithemeland-woo-bulk-coupons-editing-lite/,4.4,5.4
ithemeland-woo-bulk-orders-editing-lite,"Bulk Orders Editing For WooCommerce",2.3.3,2.3.1,https://downloads.wordpress.org/plugin/ithemeland-woo-bulk-orders-editing-lite.2.3.3.zip,"2024-11-24 20:24:00",https://wordpress.org/plugins/ithemeland-woo-bulk-orders-editing-lite/,4.4,5.4
ithemeland-woo-bulk-product-editor-lite,"Bulk Product Editing For WooCommerce",3.8.3,3.8.1,https://downloads.wordpress.org/plugin/ithemeland-woo-bulk-product-editor-lite.3.8.3.zip,"2024-11-24 20:23:00",https://wordpress.org/plugins/ithemeland-woo-bulk-product-editor-lite/,4.4,5.4
ithemelandco-woo-report,"WooCommerce Report",1.5.5,1.5.2,https://downloads.wordpress.org/plugin/ithemelandco-woo-report.1.5.5.zip,"2024-11-24 20:21:00",https://wordpress.org/plugins/ithemelandco-woo-report/,5.3,5.2.4
order-notification-for-telegram-bot,"اطلاع رسانی سفارشات ووکامرس توسط ربات تلگرام (بدون نیاز به پراکسی برای هاست های ایران)",1.8.4,1.8.1,https://downloads.wordpress.org/plugin/order-notification-for-telegram-bot.1.8.4.zip,"2024-11-24 21:13:00",https://wordpress.org/plugins/order-notification-for-telegram-bot/,6.0,7.4
simple-publish-rewrite-api,"Simple Post Publish & Rewrite using API",1.1,1.0,https://downloads.wordpress.org/plugin/simple-publish-rewrite-api.1.1.zip,"2024-11-24 20:22:00",https://wordpress.org/plugins/simple-publish-rewrite-api/,6.0,7.4
streamweasels-youtube-integration,"StreamWeasels YouTube Integration",1.3.6,1.3.3,https://downloads.wordpress.org/plugin/streamweasels-youtube-integration.zip,"2024-11-24 19:15:00",https://wordpress.org/plugins/streamweasels-youtube-integration/,5.0,
tiket-payment-invoicing,Tikex,6.0.120,6.0.118,https://downloads.wordpress.org/plugin/tiket-payment-invoicing.6.0.120.zip,"2024-11-24 21:01:00",https://wordpress.org/plugins/tiket-payment-invoicing/,5.1,7.0
tradejournal,"TradeJournal WP",1.0.6,1.0.5,https://downloads.wordpress.org/plugin/tradejournal.1.0.6.zip,"2024-11-24 20:48:00",https://wordpress.org/plugins/tradejournal/,5.0,7.0
very-simple-website-closed,"VS Website Closed",3.3,3.1,https://downloads.wordpress.org/plugin/very-simple-website-closed.3.3.zip,"2024-11-24 20:03:00",https://wordpress.org/plugins/very-simple-website-closed/,5.3,7.0
wine-cellar-manager,"Wine Cellar Manager",1.1.1,1.0.1,https://downloads.wordpress.org/plugin/wine-cellar-manager.1.1.1.zip,"2024-11-24 19:27:00",https://wordpress.org/plugins/wine-cellar-manager/,5.0,7.2.5
wp-parsidate,"Parsi Date",5.1.2,4.0.2,https://downloads.wordpress.org/plugin/wp-parsidate.5.1.2.zip,"2024-11-24 19:24:00",https://wordpress.org/plugins/wp-parsidate/,5.2,7.4
xbulk-bulk-edit-bundle,"xbulk edit bundle – WooCommerce Product and Coupons and Orders Bulk Editing,WordPress Posts Bulk Editing",2.1.3,2.1.1,https://downloads.wordpress.org/plugin/xbulk-bulk-edit-bundle.2.1.3.zip,"2024-11-24 20:54:00",https://wordpress.org/plugins/xbulk-bulk-edit-bundle/,5.5,5.4
coinsnap-for-contact-form-7,"Coinsnap for Contact Form 7-plugin",1.0.1,,https://downloads.wordpress.org/plugin/coinsnap-for-contact-form-7.1.0.1.zip,"2024-11-24 19:01:00",https://wordpress.org/plugins/coinsnap-for-contact-form-7/,6.2,7.4
paiement-wave-senegal,"Paiement Wave Senegal",1.0.1,,https://downloads.wordpress.org/plugin/paiement-wave-senegal.1.0.1.zip,"2024-11-24 19:18:00",https://wordpress.org/plugins/paiement-wave-senegal/,6.5,7.4
tiket-payment-invoicing,Tikex,6.0.121,6.0.120,https://downloads.wordpress.org/plugin/tiket-payment-invoicing.6.0.121.zip,"2024-11-24 21:39:00",https://wordpress.org/plugins/tiket-payment-invoicing/,5.1,7.0
admin-site-enhancements,"Admin and Site Enhancements (ASE)",7.5.4,7.5.2,https://downloads.wordpress.org/plugin/admin-site-enhancements.7.5.4.zip,"2024-11-25 01:54:00",https://wordpress.org/plugins/admin-site-enhancements/,4.6,5.6
disable-payment-method-for-woocommerce,"Disable payment method / COD fees / Advance COD or Partial payment for Order for WooCommerce",1.1.7.71,1.1.7.69,https://downloads.wordpress.org/plugin/disable-payment-method-for-woocommerce.1.1.7.71.zip,"2024-11-25 02:41:00",https://wordpress.org/plugins/disable-payment-method-for-woocommerce/,4.0.1,
gatographql,"Gato GraphQL",7.0.5,7.0.0,https://downloads.wordpress.org/plugin/gatographql.7.0.5.zip,"2024-11-25 04:07:00",https://wordpress.org/plugins/gatographql/,6.1,7.4
quttera-web-malware-scanner,"Quttera Web Malware Scanner",3.5.0.76,3.5.0.75,https://downloads.wordpress.org/plugin/quttera-web-malware-scanner.3.5.0.76.zip,"2024-11-25 03:03:00",https://wordpress.org/plugins/quttera-web-malware-scanner/,3.3.2,
rs-wp-books-showcase,"RS WP Book ShowCase – WordPress Book Gallery Plugin (Book Slider, Book Carousel, Book Grid, Book List))",6.7.4,6.6.10,https://downloads.wordpress.org/plugin/rs-wp-books-showcase.6.7.4.zip,"2024-11-25 01:58:00",https://wordpress.org/plugins/rs-wp-books-showcase/,4.9,5.6
verse-of-the-day-widget-for-wp,"Verse of the Day Widget for WP",7.3.19,7.3.18,https://downloads.wordpress.org/plugin/verse-of-the-day-widget-for-wp.zip,"2024-11-25 03:20:00",https://wordpress.org/plugins/verse-of-the-day-widget-for-wp/,6.6,
woolementor,"CoDesigner – All in One Elementor WooCommerce Builder",4.7.11,4.7.9,https://downloads.wordpress.org/plugin/woolementor.4.7.11.zip,"2024-11-25 04:22:00",https://wordpress.org/plugins/woolementor/,5.0,7.0
wp-to-buffer,"Auto Post, Auto Publish and Schedule to Twitter, LinkedIn and Social Media – WP to Buffer",3.9.5,3.9.4,https://downloads.wordpress.org/plugin/wp-to-buffer.3.9.5.zip,"2024-11-25 03:55:00",https://wordpress.org/plugins/wp-to-buffer/,5.0,7.4
wp-to-hootsuite,"Post to Social Media – WordPress to Hootsuite",1.5.7.1,1.5.5,https://downloads.wordpress.org/plugin/wp-to-hootsuite.1.5.7.1.zip,"2024-11-25 04:13:00",https://wordpress.org/plugins/wp-to-hootsuite/,5.0,7.4
advanced-members,"Advanced Members for ACF",0.9.5,,https://downloads.wordpress.org/plugin/advanced-members.zip,"2024-11-25 02:10:00",https://wordpress.org/plugins/advanced-members/,5.8,7.1
adcaptcha,"adCAPTCHA for WordPress",1.5.0,1.4.1,https://downloads.wordpress.org/plugin/adcaptcha.1.5.0.zip,"2024-11-25 09:51:00",https://wordpress.org/plugins/adcaptcha/,6.4.2,7.4
add-search-to-menu,"Ivory Search – WordPress Search Plugin",5.5.8,5.5.7,https://downloads.wordpress.org/plugin/add-search-to-menu.5.5.8.zip,"2024-11-25 10:11:00",https://wordpress.org/plugins/add-search-to-menu/,3.9,5.2.4
address-validation-address-auto-complete,"ELEX WooCommerce Address Validation & Google Address Autocomplete Plugin",1.8.1,1.8.0,https://downloads.wordpress.org/plugin/address-validation-address-auto-complete.1.8.1.zip,"2024-11-25 11:16:00",https://wordpress.org/plugins/address-validation-address-auto-complete/,3.0.1,
adminify,"WP Adminify – Custom WordPress Dashboard, Login and Admin Customizer",4.0.2.3,4.0.2.2,https://downloads.wordpress.org/plugin/adminify.4.0.2.3.zip,"2024-11-25 08:41:00",https://wordpress.org/plugins/adminify/,4.0,5.3
advanced-members,"Advanced Members for ACF",0.9.6,0.9.5,https://downloads.wordpress.org/plugin/advanced-members.0.9.6.zip,"2024-11-25 09:03:00",https://wordpress.org/plugins/advanced-members/,5.8,7.1
analogwp-templates,"Style Kits – Advanced Theme Styles for Elementor",2.2.1,2.1.0,https://downloads.wordpress.org/plugin/analogwp-templates.2.2.1.zip,"2024-11-25 10:46:00",https://wordpress.org/plugins/analogwp-templates/,6.0,8.0
approve-orders,"Approve Orders for WooCommerce",1.0.1,1.0.0,https://downloads.wordpress.org/plugin/approve-orders.1.0.1.zip,"2024-11-25 10:38:00",https://wordpress.org/plugins/approve-orders/,6.2,7.4
ar-for-wordpress,"AR for WordPress",7.3,7.2,https://downloads.wordpress.org/plugin/ar-for-wordpress.zip,"2024-11-25 09:23:00",https://wordpress.org/plugins/ar-for-wordpress/,4.6,
arena-scheduler,"Arena Scheduler",1.0.12,1.0.10,https://downloads.wordpress.org/plugin/arena-scheduler.1.0.12.zip,"2024-11-25 10:38:00",https://wordpress.org/plugins/arena-scheduler/,,8.0
autocomplete-google-address,"Autocomplete Google Address",3.0.0,2.0.3,https://downloads.wordpress.org/plugin/autocomplete-google-address.zip,"2024-11-25 11:18:00",https://wordpress.org/plugins/autocomplete-google-address/,5.0,5.4
basepress,"Knowledge Base documentation & wiki plugin – BasePress Docs",2.16.3.3,2.16.3.1,https://downloads.wordpress.org/plugin/basepress.zip,"2024-11-25 10:05:00",https://wordpress.org/plugins/basepress/,4.5,5.7
bdthemes-element-pack-lite,"Element Pack Elementor Addons (Header Footer, Template Library, Dynamic Grid, Carousel and Remote Arrows)",5.10.11,5.10.10,https://downloads.wordpress.org/plugin/bdthemes-element-pack-lite.5.10.11.zip,"2024-11-25 10:15:00",https://wordpress.org/plugins/bdthemes-element-pack-lite/,5.0.0,7.4.0
better-payment,"Better Payment – Instant Payments Through PayPal & Stripe",1.2.4,1.2.3,https://downloads.wordpress.org/plugin/better-payment.1.2.4.zip,"2024-11-25 09:20:00",https://wordpress.org/plugins/better-payment/,6.0,7.4
bonus-for-woo,"Bonus for Woo",6.5.4,6.5.3,https://downloads.wordpress.org/plugin/bonus-for-woo.6.5.4.zip,"2024-11-25 08:56:00",https://wordpress.org/plugins/bonus-for-woo/,5.0,7.4
cashflows-payments-by-ideal-checkout,"Cashflows for WooCommerce",2.1.9.4,2.1.9.3,https://downloads.wordpress.org/plugin/cashflows-payments-by-ideal-checkout.zip,"2024-11-25 10:26:00",https://wordpress.org/plugins/cashflows-payments-by-ideal-checkout/,5.8,7.4
channelengine-integration,"ChannelEngine Integration",3.8.16,3.8.14,https://downloads.wordpress.org/plugin/channelengine-integration.3.8.16.zip,"2024-11-25 09:07:00",https://wordpress.org/plugins/channelengine-integration/,4.9,
coupon-x-discount-pop-up,"Coupon X: Discount Pop Up, Promo Code Pop Ups, Announcement Pop Up, WooCommerce Popups",1.3.5,1.3.4,https://downloads.wordpress.org/plugin/coupon-x-discount-pop-up.1.3.5.zip,"2024-11-25 11:23:00",https://wordpress.org/plugins/coupon-x-discount-pop-up/,3.1,
cozy-addons,"Cozy Blocks – Page Builder for Gutenberg & Site Editor, Post Blocks, WooCommerce Blocks, Magazine Blocks, WordPress Gutenberg Blocks, Patterns and Templates Library",2.0.25,2.0.23,https://downloads.wordpress.org/plugin/cozy-addons.2.0.25.zip,"2024-11-25 10:27:00",https://wordpress.org/plugins/cozy-addons/,5.8,7.3
demomentsomtres-display-posts-shortcode,"DeMomentSomTres Display Posts Shortcode",2.5,2.4.1,https://downloads.wordpress.org/plugin/demomentsomtres-display-posts-shortcode.zip,"2024-11-25 10:19:00",https://wordpress.org/plugins/demomentsomtres-display-posts-shortcode/,3.0,
demomentsomtres-language,"DeMomentSomTres Language",4.1.1,4.1,https://downloads.wordpress.org/plugin/demomentsomtres-language.zip,"2024-11-25 11:06:00",https://wordpress.org/plugins/demomentsomtres-language/,4.5,
deployer-for-git,"Deployer for Git",1.0.6,1.0.5,https://downloads.wordpress.org/plugin/deployer-for-git.1.0.6.zip,"2024-11-25 11:03:00",https://wordpress.org/plugins/deployer-for-git/,4.4,7.0
dominion-domain-checker-wpbakery-addon,"Dominion – Domain Checker for WPBakery",2.2.2,2.2.1,https://downloads.wordpress.org/plugin/dominion-domain-checker-wpbakery-addon.zip,"2024-11-25 10:43:00",https://wordpress.org/plugins/dominion-domain-checker-wpbakery-addon/,4.6,5.6
dracula-dark-mode,"Dracula Dark Mode –  Enhanced Accessibility, Dark Mode & Reading Mode for WordPress",1.2.6,1.2.5,https://downloads.wordpress.org/plugin/dracula-dark-mode.1.2.6.zip,"2024-11-25 11:11:00",https://wordpress.org/plugins/dracula-dark-mode/,5.0,7.0
dropshipping-xml-for-woocommerce,"Dropshipping XML for WooCommerce",1.6.5,1.6.2,https://downloads.wordpress.org/plugin/dropshipping-xml-for-woocommerce.1.6.5.zip,"2024-11-25 09:04:00",https://wordpress.org/plugins/dropshipping-xml-for-woocommerce/,6.4,7.4
echo-rewards,"Refer a Friend for WooCommerce to Launch Your Customer Referral Program – EchoRewards Referral Plugin",2.1.3,2.1.2,https://downloads.wordpress.org/plugin/echo-rewards.2.1.3.zip,"2024-11-25 11:16:00",https://wordpress.org/plugins/echo-rewards/,5.0,5.4
embedpress,"EmbedPress – Embed PDF, PDF 3D FlipBook, Instagram Social Feeds, Google Docs, Vimeo, Wistia, YouTube Videos, Maps & Upload PDF Documents",4.1.4,4.1.0,https://downloads.wordpress.org/plugin/embedpress.4.1.4.zip,"2024-11-25 11:08:00",https://wordpress.org/plugins/embedpress/,4.6,5.6
engagebay-add-on-for-contact-form-7,"EngageBay Add-on For Contact Form 7",1.9,1.8.2,https://downloads.wordpress.org/plugin/engagebay-add-on-for-contact-form-7.zip,"2024-11-25 10:41:00",https://wordpress.org/plugins/engagebay-add-on-for-contact-form-7/,3.7,
epaka-pl,"epaka.pl – Integracja z WooCommerce",1.1.7,1.1.6,https://downloads.wordpress.org/plugin/epaka-pl.1.1.7.zip,"2024-11-25 11:10:00",https://wordpress.org/plugins/epaka-pl/,6.0,5.6
eu-cookies-bar,"EU Cookies Bar for WordPress",1.0.17,1.0.16,https://downloads.wordpress.org/plugin/eu-cookies-bar.zip,"2024-11-25 10:36:00",https://wordpress.org/plugins/eu-cookies-bar/,5.0,7.0
exportfeed-for-woocommerce-product-to-etsy,"WooCommerce Etsy Integration",6.4.3,6.4.2,https://downloads.wordpress.org/plugin/exportfeed-for-woocommerce-product-to-etsy.zip,"2024-11-25 11:15:00",https://wordpress.org/plugins/exportfeed-for-woocommerce-product-to-etsy/,5.8.0,5.4
extensions-for-cf7,"Extensions For CF7 (Contact form 7 Database, Conditional Fields and Redirection)",3.2.0,3.1.9,https://downloads.wordpress.org/plugin/extensions-for-cf7.3.2.0.zip,"2024-11-25 08:47:00",https://wordpress.org/plugins/extensions-for-cf7/,5.0,
float-menu,"Float menu – awesome floating side menu",6.1,6.0.6,https://downloads.wordpress.org/plugin/float-menu.6.1.zip,"2024-11-25 08:47:00",https://wordpress.org/plugins/float-menu/,4.3,7.4
formgent,"FormGent – Next Generation AI Form Builder in WordPress",0.3.0,0.1.1,https://downloads.wordpress.org/plugin/formgent.0.3.0.zip,"2024-11-25 10:03:00",https://wordpress.org/plugins/formgent/,6.6,7.4
gamipress,"GamiPress – Gamification plugin to reward points, achievements, badges & ranks in WordPress",7.1.6,7.1.3,https://downloads.wordpress.org/plugin/gamipress.7.1.6.zip,"2024-11-25 08:36:00",https://wordpress.org/plugins/gamipress/,4.4,
gdata-antivirus,"Antivirus with G DATA VaaS Integration",2.1.1,2.1.0,https://downloads.wordpress.org/plugin/gdata-antivirus.2.1.1.zip,"2024-11-25 09:46:00",https://wordpress.org/plugins/gdata-antivirus/,6.2,8.1
gs-team-members,"Team Members – A WordPress Team Plugin with Gallery, Grid, Carousel, Slider, Table, List, and More",2.5.6,2.5.5,https://downloads.wordpress.org/plugin/gs-team-members.2.5.6.zip,"2024-11-25 09:47:00",https://wordpress.org/plugins/gs-team-members/,4.3,5.6
gtm-ecommerce-woo,"Tag Pilot FREE – Google Tag Manager Integration for WooCommerce",1.12.2,1.11.0,https://downloads.wordpress.org/plugin/gtm-ecommerce-woo.zip,"2024-11-25 10:47:00",https://wordpress.org/plugins/gtm-ecommerce-woo/,5.1.0,7.0
heyday-search,"HeyDay – Search More",1.0.5,1.0.4,https://downloads.wordpress.org/plugin/heyday-search.1.0.5.zip,"2024-11-25 10:05:00",https://wordpress.org/plugins/heyday-search/,3.1,7.0
ht-slider-for-elementor,"HT Slider For Elementor",1.6.0,1.5.8,https://downloads.wordpress.org/plugin/ht-slider-for-elementor.1.6.0.zip,"2024-11-25 10:21:00",https://wordpress.org/plugins/ht-slider-for-elementor/,5.0,
hunk-companion,"Hunk Companion",1.8.7,1.8.3,https://downloads.wordpress.org/plugin/hunk-companion.zip,"2024-11-25 08:27:00",https://wordpress.org/plugins/hunk-companion/,,
image-map-hotspots,"Image Hotspot – Map Image Annotation",2.6,2.4,https://downloads.wordpress.org/plugin/image-map-hotspots.2.6.zip,"2024-11-25 10:32:00",https://wordpress.org/plugins/image-map-hotspots/,5.4,5.6
image-sizes,"ThumbPress – Disable Thumbnails, Regenerate Thumbnails, Optimize Images, Convert to WebP, Disable Right Click, Compress Images, Image Editor & More",5.8.6,5.7.5,https://downloads.wordpress.org/plugin/image-sizes.5.8.6.zip,"2024-11-25 10:02:00",https://wordpress.org/plugins/image-sizes/,5.0,7.0
import-shopify-to-woocommerce,"S2W – Import Shopify to WooCommerce",1.2.2,1.2.1,https://downloads.wordpress.org/plugin/import-shopify-to-woocommerce.zip,"2024-11-25 10:37:00",https://wordpress.org/plugins/import-shopify-to-woocommerce/,5.0.0,7.0
linear,Linear,2.7.12,2.7.10,https://downloads.wordpress.org/plugin/linear.2.7.12.zip,"2024-11-25 09:11:00",https://wordpress.org/plugins/linear/,6.2,
linguise,"Linguise – Automatic multilingual translation",2.0.29,2.0.28,https://downloads.wordpress.org/plugin/linguise.2.0.29.zip,"2024-11-25 08:51:00",https://wordpress.org/plugins/linguise/,4.0,7.0
make-me-static,"Make Me Static, Static Site Generator, Git, Pages and Live Stats",1.1.46,1.1.45,https://downloads.wordpress.org/plugin/make-me-static.1.1.46.zip,"2024-11-25 10:13:00",https://wordpress.org/plugins/make-me-static/,6.5,7.0
molongui-post-contributors,"Molongui Post Contributors: Multi-Role Contributor Attribution",1.6.2,1.6.1,https://downloads.wordpress.org/plugin/molongui-post-contributors.1.6.2.zip,"2024-11-25 11:02:00",https://wordpress.org/plugins/molongui-post-contributors/,5.2,5.6.20
nemesis-all-in-one,"Nemesis All-in-One | Newspaper Builder Elementor Extention",1.1.0,1.0.9,https://downloads.wordpress.org/plugin/nemesis-all-in-one.1.1.0.zip,"2024-11-25 09:21:00",https://wordpress.org/plugins/nemesis-all-in-one/,6.0,7.4
nova-poshta-ttn,"Shipping for Nova Poshta",1.19.6,1.19.5,https://downloads.wordpress.org/plugin/nova-poshta-ttn.1.19.6.zip,"2024-11-25 10:28:00",https://wordpress.org/plugins/nova-poshta-ttn/,5.0,7.4
orange-smtp,"Orange smtp",1.3,1.0,https://downloads.wordpress.org/plugin/orange-smtp.zip,"2024-11-25 09:49:00",https://wordpress.org/plugins/orange-smtp/,5.2,7.2
pay-with-connectips,"Pay with ConnectIPS",1.0.3,1.0.1,https://downloads.wordpress.org/plugin/pay-with-connectips.1.0.3.zip,"2024-11-25 10:26:00",https://wordpress.org/plugins/pay-with-connectips/,6.1,7.0
pixelyoursite,"PixelYourSite – Your smart PIXEL (TAG) & API Manager",10.0.1.2,10.0.0,https://downloads.wordpress.org/plugin/pixelyoursite.zip,"2024-11-25 09:59:00",https://wordpress.org/plugins/pixelyoursite/,4.4,5.4
printcart-integration,"Printcart Web to Print Product Designer for WooCommerce",2.3.0,2.2.3,https://downloads.wordpress.org/plugin/printcart-integration.zip,"2024-11-25 10:40:00",https://wordpress.org/plugins/printcart-integration/,5.0,
productive-commerce,"Productive Commerce – WooCommerce Wishlist, Compare, Quick View, & MiniCart",1.1.19,1.1.18,https://downloads.wordpress.org/plugin/productive-commerce.1.1.19.zip,"2024-11-25 09:12:00",https://wordpress.org/plugins/productive-commerce/,5.4,7.0
productive-demo-importer,"Productive Demo Importer",1.1.19,1.1.18,https://downloads.wordpress.org/plugin/productive-demo-importer.1.1.19.zip,"2024-11-25 09:13:00",https://wordpress.org/plugins/productive-demo-importer/,5.4,7.0
productive-forms,"Productive Forms – Publish Contact Us, Newsletter Opt-ins & Content with Elementor & Gutenberg",1.1.19,1.1.18,https://downloads.wordpress.org/plugin/productive-forms.1.1.19.zip,"2024-11-25 09:19:00",https://wordpress.org/plugins/productive-forms/,5.4,7.0
productive-style,"Productive Style – Elementor and Gutenberg Templates, Blocks, Widgets, and Addons",1.1.19,1.1.18,https://downloads.wordpress.org/plugin/productive-style.1.1.19.zip,"2024-11-25 09:20:00",https://wordpress.org/plugins/productive-style/,5.4,7.0
prosopo-procaptcha,"Prosopo Procaptcha",1.8.0,1.7.0,https://downloads.wordpress.org/plugin/prosopo-procaptcha.1.8.0.zip,"2024-11-25 11:12:00",https://wordpress.org/plugins/prosopo-procaptcha/,5.5,7.4
rsfirewall,RSFirewall!,1.1.36,1.1.34,https://downloads.wordpress.org/plugin/rsfirewall.zip,"2024-11-25 09:07:00",https://wordpress.org/plugins/rsfirewall/,4.5.15,5.4
saskaita123-lt,Invoice123,1.5.4,1.5.3,https://downloads.wordpress.org/plugin/saskaita123-lt.1.5.4.zip,"2024-11-25 10:41:00",https://wordpress.org/plugins/saskaita123-lt/,5.5,7.2
scwriter,"SCwriter – AI SEO Content Generator & Blog Writer",0.1.1.1,0.1.0,https://downloads.wordpress.org/plugin/scwriter.0.1.1.1.zip,"2024-11-25 09:04:00",https://wordpress.org/plugins/scwriter/,6.0,7.4
security-malware-firewall,"Security & Malware scan by CleanTalk",2.147,2.146,https://downloads.wordpress.org/plugin/security-malware-firewall.2.147.zip,"2024-11-25 10:54:00",https://wordpress.org/plugins/security-malware-firewall/,5.0,5.6
sheets-to-wp-table-live-sync,"Sheets to WP Table Live Sync | Google Sheets Table Plugin for WordPress with Spreadsheet Integration – FlexTable",3.15.4,3.15.3,https://downloads.wordpress.org/plugin/sheets-to-wp-table-live-sync.3.15.4.zip,"2024-11-25 09:12:00",https://wordpress.org/plugins/sheets-to-wp-table-live-sync/,5.0,7.2
standard-box-sizes,"Standard Box Sizes – for WooCommerce",1.6.11,1.6.10,https://downloads.wordpress.org/plugin/standard-box-sizes.1.6.11.zip,"2024-11-25 10:47:00",https://wordpress.org/plugins/standard-box-sizes/,6.4,
store-migration-products-orders-import-export-with-excel,"Migrate Import Export WooCommerce Store with Excel",2.0,1.9,https://downloads.wordpress.org/plugin/store-migration-products-orders-import-export-with-excel.zip,"2024-11-25 11:10:00",https://wordpress.org/plugins/store-migration-products-orders-import-export-with-excel/,3.0.1,8.1
styles-and-layouts-for-gravity-forms,"Gravity Booster – Styles & Layouts for Gravity Forms – Best Gravity Forms Styler, Designer",5.19,5.18,https://downloads.wordpress.org/plugin/styles-and-layouts-for-gravity-forms.5.19.zip,"2024-11-25 09:56:00",https://wordpress.org/plugins/styles-and-layouts-for-gravity-forms/,4.0,
team-showcase-supreme,"Team Member – Multi Language Supported Team Plugin",7.2,7.1,https://downloads.wordpress.org/plugin/team-showcase-supreme.7.2.zip,"2024-11-25 10:18:00",https://wordpress.org/plugins/team-showcase-supreme/,4.6.14,5.6
tokenico-cryptocurrency-token-launchpad-presale-ico-ido-airdrop,"Cryptocurrency (Token), Launchpad (Presale), ICO & IDO, Airdrop by TokenICO",2.0.0,1.2.10,https://downloads.wordpress.org/plugin/tokenico-cryptocurrency-token-launchpad-presale-ico-ido-airdrop.2.0.0.zip,"2024-11-25 10:13:00",https://wordpress.org/plugins/tokenico-cryptocurrency-token-launchpad-presale-ico-ido-airdrop/,5.0,8.1
wc-affiliate,"WC Affiliate – A Complete WooCommerce Affiliate Plugin",2.3.8,2.3.4,https://downloads.wordpress.org/plugin/wc-affiliate.2.3.8.zip,"2024-11-25 09:22:00",https://wordpress.org/plugins/wc-affiliate/,4.0,7.4
wc-liqpay,"Payment Gateway for LiqPay for Woocommerce",1.11,1.10,https://downloads.wordpress.org/plugin/wc-liqpay.1.11.zip,"2024-11-25 10:36:00",https://wordpress.org/plugins/wc-liqpay/,5.7.2,7.4
woo-rabo-omnikassa,"Rabo Smart Pay for WooCommerce",2.2.10.1,2.2.10,https://downloads.wordpress.org/plugin/woo-rabo-omnikassa.zip,"2024-11-25 09:28:00",https://wordpress.org/plugins/woo-rabo-omnikassa/,5.0.7,7.4.30
woo-ukrposhta,"Woo Ukrposhta",1.17.10,1.17.7,https://downloads.wordpress.org/plugin/woo-ukrposhta.1.17.10.zip,"2024-11-25 09:13:00",https://wordpress.org/plugins/woo-ukrposhta/,5.0,7.4
wp-administration-style,"WP Administration Style",7.1.1,7.0.0,https://downloads.wordpress.org/plugin/wp-administration-style.7.1.1.zip,"2024-11-25 09:24:00",https://wordpress.org/plugins/wp-administration-style/,5.0.0,7.4.33
wp-featured-news-custom-posts-listing-elements,"WP Featured News – Custom Posts Listing Elements",1.7.0,1.6.0,https://downloads.wordpress.org/plugin/wp-featured-news-custom-posts-listing-elements.zip,"2024-11-25 11:10:00",https://wordpress.org/plugins/wp-featured-news-custom-posts-listing-elements/,4.6,5.6
wp-latest-posts,"WP Latest Posts",5.0.10,5.0.9,https://downloads.wordpress.org/plugin/wp-latest-posts.5.0.10.zip,"2024-11-25 08:52:00",https://wordpress.org/plugins/wp-latest-posts/,4.7,5.6
cod24-shipping,"COD24 Shipping For Woocommerce",3.4.1,,https://downloads.wordpress.org/plugin/cod24-shipping.3.4.1.zip,"2024-11-25 08:42:00",https://wordpress.org/plugins/cod24-shipping/,5.0,
maintainer,"Maintainer – Maintenance Mode & Coming Soon Pages",1.0.0,,https://downloads.wordpress.org/plugin/maintainer.1.0.0.zip,"2024-11-25 08:32:00",https://wordpress.org/plugins/maintainer/,4.7,7.3.5
werstreamt-es-widget,"WerStreamt.es? Widget",0.1.2,,https://downloads.wordpress.org/plugin/werstreamt-es-widget.0.1.2.zip,"2024-11-25 10:27:00",https://wordpress.org/plugins/werstreamt-es-widget/,6.1,7.0
contact-forms,"WordPress Contact Forms by Cimatti",1.9.3,1.9.2,https://downloads.wordpress.org/plugin/contact-forms.1.9.3.zip,"2024-11-25 17:15:00",https://wordpress.org/plugins/contact-forms/,3.5,
customized-login,"Login Manager – Design Login Page, View Login Activity, Limit Login Attempts",2.0.1,1.5.15,https://downloads.wordpress.org/plugin/customized-login.zip,"2024-11-25 17:16:00",https://wordpress.org/plugins/customized-login/,5.2,7.2
delivengo,"Delivengo: Shipping methods for WooCommerce",1.3.0,1.2.0,https://downloads.wordpress.org/plugin/delivengo.1.3.0.zip,"2024-11-25 16:24:00",https://wordpress.org/plugins/delivengo/,5.0,7.4
forminator,"Forminator Forms – Contact Form, Payment Form & Custom Form Builder",1.37.1,1.36.2,https://downloads.wordpress.org/plugin/forminator.1.37.1.zip,"2024-11-25 16:25:00",https://wordpress.org/plugins/forminator/,6.4,7.4
go-live-update-urls,"Go Live Update Urls",7.0.1,7.0.0,https://downloads.wordpress.org/plugin/go-live-update-urls.7.0.1.zip,"2024-11-25 17:26:00",https://wordpress.org/plugins/go-live-update-urls/,6.2.0,7.4.0
open-source-software-contributions,"Open Source Software Contributions",1.1.3,1.1.2,https://downloads.wordpress.org/plugin/open-source-software-contributions.1.1.3.zip,"2024-11-25 17:04:00",https://wordpress.org/plugins/open-source-software-contributions/,6.2,8.1
performance-checker-by-dmuk,"Performance Checker by DMUK",3.0,2.26,https://downloads.wordpress.org/plugin/performance-checker-by-dmuk.3.0.zip,"2024-11-25 17:16:00",https://wordpress.org/plugins/performance-checker-by-dmuk/,5.6,
personalizewp,PersonalizeWP,2.7.0,2.6.0,https://downloads.wordpress.org/plugin/personalizewp.2.7.0.zip,"2024-11-25 17:18:00",https://wordpress.org/plugins/personalizewp/,6.0.0,7.4
quicktasker,QuickTasker,1.10.0,1.9.2,https://downloads.wordpress.org/plugin/quicktasker.1.10.0.zip,"2024-11-25 16:28:00",https://wordpress.org/plugins/quicktasker/,5.3,7.2.28
simple-classifieds,"Simple Classifieds",1.0.2,1.0.1,https://downloads.wordpress.org/plugin/simple-classifieds.1.0.2.zip,"2024-11-25 16:22:00",https://wordpress.org/plugins/simple-classifieds/,5.0,
squad-modules-for-divi,"Squad Modules Lite – Advanced Divi Modules for Divi Theme, Extra Theme and Divi Builder",3.1.9,3.1.8,https://downloads.wordpress.org/plugin/squad-modules-for-divi.3.1.9.zip,"2024-11-25 17:12:00",https://wordpress.org/plugins/squad-modules-for-divi/,5.0.0,5.6.40
tablepress,"TablePress – Tables in WordPress made easy",3.0.1,3.0,https://downloads.wordpress.org/plugin/tablepress.3.0.1.zip,"2024-11-25 16:50:00",https://wordpress.org/plugins/tablepress/,6.2,7.4
token-of-trust,"Token of Trust: AI Identity Verification, Age Verification, and KYC",3.5.0,3.4.0,https://downloads.wordpress.org/plugin/token-of-trust.3.5.0.zip,"2024-11-25 17:00:00",https://wordpress.org/plugins/token-of-trust/,5.3.0,7.2.0
ultimate-faqs,"Ultimate FAQ Accordion Plugin",2.3.1,2.3.0,https://downloads.wordpress.org/plugin/ultimate-faqs.2.3.1.zip,"2024-11-25 17:14:00",https://wordpress.org/plugins/ultimate-faqs/,6.0,7.4
ultimate-product-catalogue,"Ultimate Product Catalog",5.2.21,5.2.19,https://downloads.wordpress.org/plugin/ultimate-product-catalogue.5.2.21.zip,"2024-11-25 17:29:00",https://wordpress.org/plugins/ultimate-product-catalogue/,,
woo-product-bundle,"WPC Product Bundles for WooCommerce",8.1.5,8.1.4,https://downloads.wordpress.org/plugin/woo-product-bundle.8.1.5.zip,"2024-11-25 16:19:00",https://wordpress.org/plugins/woo-product-bundle/,4.0,
woocommerce-other-payment-gateway,"WooCommerce Custom Payment Gateway",1.4.0,1.3.11,https://downloads.wordpress.org/plugin/woocommerce-other-payment-gateway.1.4.0.zip,"2024-11-25 17:17:00",https://wordpress.org/plugins/woocommerce-other-payment-gateway/,4.0,7.0
wpsso,"WPSSO Core – Complete and Optimized Structured Data SEO",18.18.1,18.18.0,https://downloads.wordpress.org/plugin/wpsso.18.18.1.zip,"2024-11-25 16:13:00",https://wordpress.org/plugins/wpsso/,5.9,7.4.33
moolre-payment-gateway,"Moolre Payment Gateway for WooCommerce",1.2.1,,https://downloads.wordpress.org/plugin/moolre-payment-gateway.1.2.2.zip,"2024-11-25 16:23:00",https://wordpress.org/plugins/moolre-payment-gateway/,4.7,5.6
doliconnect,Doliconnect,8.10.14,8.10.7,https://downloads.wordpress.org/plugin/doliconnect.8.10.14.zip,"2024-11-25 17:50:00",https://wordpress.org/plugins/doliconnect/,5.0,7.4
easy-video-reviews,"Easy Video Reviews – Video Testimonial Plugin for WordPress & WooCommerce with Texts Reviews, Review Widget, Testimonial Grid & Social Proof",2.8.7,2.8.2,https://downloads.wordpress.org/plugin/easy-video-reviews.2.8.7.zip,"2024-11-25 16:07:00",https://wordpress.org/plugins/easy-video-reviews/,5.0,5.6
freight-shipping-quote,"Freight Shipping Quote",1.3.4,1.3.2,https://downloads.wordpress.org/plugin/freight-shipping-quote.1.3.4.zip,"2024-11-25 15:42:00",https://wordpress.org/plugins/freight-shipping-quote/,4.6,7.3
independent-analytics,"Independent Analytics – Google Analytics Alternative for WordPress",2.9.5,2.9.3,https://downloads.wordpress.org/plugin/independent-analytics.2.9.5.zip,"2024-11-25 17:43:00",https://wordpress.org/plugins/independent-analytics/,5.9,7.3.33
microsoft-clarity,"Microsoft Clarity",0.10.3,0.10.2,https://downloads.wordpress.org/plugin/microsoft-clarity.0.10.3.zip,"2024-11-25 16:04:00",https://wordpress.org/plugins/microsoft-clarity/,4.0,
nifty-coming-soon-and-under-construction-page,"Coming Soon & Maintenance Mode Page & Under Construction",3.0.12,3.0.11,https://downloads.wordpress.org/plugin/nifty-coming-soon-and-under-construction-page.3.0.12.zip,"2024-11-25 17:32:00",https://wordpress.org/plugins/nifty-coming-soon-and-under-construction-page/,4.9,5.6
order-tracking,"Order Tracking – WordPress Status Tracking Plugin",3.3.18,3.3.17,https://downloads.wordpress.org/plugin/order-tracking.3.3.18.zip,"2024-11-25 17:33:00",https://wordpress.org/plugins/order-tracking/,5.0,
two-factor-authentication,"Two Factor Authentication",1.14.27,1.14.24,https://downloads.wordpress.org/plugin/two-factor-authentication.1.14.27.zip,"2024-11-25 17:47:00",https://wordpress.org/plugins/two-factor-authentication/,3.4,5.6
ultimate-addons-for-contact-form-7,"Ultimate Addons for Contact Form 7",3.4.14,3.4.13,https://downloads.wordpress.org/plugin/ultimate-addons-for-contact-form-7.3.4.14.zip,"2024-11-25 15:51:00",https://wordpress.org/plugins/ultimate-addons-for-contact-form-7/,4.2,7.4
ultimate-addons-for-gutenberg,"Spectra – WordPress Gutenberg Blocks",2.17.0,2.16.4,https://downloads.wordpress.org/plugin/ultimate-addons-for-gutenberg.2.17.0.zip,"2024-11-25 17:39:00",https://wordpress.org/plugins/ultimate-addons-for-gutenberg/,5.6,7.4
ultimate-appointment-scheduling,"Ultimate Appointment Booking & Scheduling",2.2.9,2.2.8,https://downloads.wordpress.org/plugin/ultimate-appointment-scheduling.2.2.9.zip,"2024-11-25 17:45:00",https://wordpress.org/plugins/ultimate-appointment-scheduling/,3.9,
ultimate-reviews,"Ultimate Reviews",3.2.13,3.2.12,https://downloads.wordpress.org/plugin/ultimate-reviews.3.2.13.zip,"2024-11-25 17:38:00",https://wordpress.org/plugins/ultimate-reviews/,5.0,
ultimate-wp-mail,"Ultimate WP Mail",1.3.2,1.3.1,https://downloads.wordpress.org/plugin/ultimate-wp-mail.1.3.2.zip,"2024-11-25 17:52:00",https://wordpress.org/plugins/ultimate-wp-mail/,5.0,
wordpress-popup,"Hustle – Email Marketing, Lead Generation, Optins, Popups",7.8.6,7.8.5,https://downloads.wordpress.org/plugin/wordpress-popup.7.8.6.zip,"2024-11-25 15:46:00",https://wordpress.org/plugins/wordpress-popup/,6.4,7.4
wpkoi-templates-for-elementor,"WPKoi Templates for Elementor",3.1.4,3.1.1,https://downloads.wordpress.org/plugin/wpkoi-templates-for-elementor.3.1.4.zip,"2024-11-25 16:03:00",https://wordpress.org/plugins/wpkoi-templates-for-elementor/,4.9,7.0
admin-menu-restrictor,"Admin Menu Restrictor",1.1,,https://downloads.wordpress.org/plugin/admin-menu-restrictor.1.1.zip,"2024-11-25 15:43:00",https://wordpress.org/plugins/admin-menu-restrictor/,5.0,5.6
auto-robot,"Auto Robot – WP Autoblogging and RSS Feed News Aggregator",3.8.64,3.8.60,https://downloads.wordpress.org/plugin/auto-robot.zip,"2024-11-26 00:31:00",https://wordpress.org/plugins/auto-robot/,4.0,
beetle-tracking,"Beetle Tracking – Cloudflare Zaraz for WordPress",1.6.7,1.6.6,https://downloads.wordpress.org/plugin/beetle-tracking.1.6.7.zip,"2024-11-25 23:43:00",https://wordpress.org/plugins/beetle-tracking/,5.8,7.4
dc-woocommerce-multi-vendor,"MultiVendorX – The Ultimate WooCommerce Multivendor Marketplace Solution",4.2.8,4.2.6,https://downloads.wordpress.org/plugin/dc-woocommerce-multi-vendor.4.2.8.zip,"2024-11-26 01:53:00",https://wordpress.org/plugins/dc-woocommerce-multi-vendor/,5.4,8.0
digital-license-manager,"Digital License Manager",1.7.1,1.6.6,https://downloads.wordpress.org/plugin/digital-license-manager.1.7.1.zip,"2024-11-25 23:53:00",https://wordpress.org/plugins/digital-license-manager/,4.7,7.0
do-shortcodes-for-rank-math-seo,"Do Shortcodes for Rank Math SEO",1.2.3,1.2.1,https://downloads.wordpress.org/plugin/do-shortcodes-for-rank-math-seo.1.2.3.zip,"2024-11-26 01:28:00",https://wordpress.org/plugins/do-shortcodes-for-rank-math-seo/,4.0,
flizpay-for-woocommerce,"FLIZpay Gateway für WooCommerce",1.4.0,1.2.3,https://downloads.wordpress.org/plugin/flizpay-for-woocommerce.1.4.0.zip,"2024-11-26 00:48:00",https://wordpress.org/plugins/flizpay-for-woocommerce/,4.4,7.0
genoo,Genoo,6.0.13,,https://downloads.wordpress.org/plugin/genoo.zip,"2024-11-25 23:17:00",https://wordpress.org/plugins/genoo/,4.6,
ignore-single-update,"Ignore Or Disable Plugin Update",1.3,1.2.2,https://downloads.wordpress.org/plugin/ignore-single-update.1.3.zip,"2024-11-26 01:52:00",https://wordpress.org/plugins/ignore-single-update/,5.0,7.2.0
moowoodle,"MooWoodle – WordPress & Moodle LMS Integration Bridge",3.2.5,3.2.1,https://downloads.wordpress.org/plugin/moowoodle.3.2.5.zip,"2024-11-26 01:17:00",https://wordpress.org/plugins/moowoodle/,6.0.0,8.0
open-user-map,"Open User Map",1.3.53,1.3.52,https://downloads.wordpress.org/plugin/open-user-map.1.3.53.zip,"2024-11-25 23:09:00",https://wordpress.org/plugins/open-user-map/,5.5,7.0
postpage-import-export-with-custom-fields-taxonomies,"Post/Page Copying Tool  to Export and Import post/page for Cross site Migration",2.0.1,2.0.0,https://downloads.wordpress.org/plugin/postpage-import-export-with-custom-fields-taxonomies.2.0.1.zip,"2024-11-25 23:05:00",https://wordpress.org/plugins/postpage-import-export-with-custom-fields-taxonomies/,4.0.0,
pre-orders-wc,"Pre-Orders – Extended Stock Status for WooCommerce",1.0.4,1.0.1,https://downloads.wordpress.org/plugin/pre-orders-wc.1.0.4.zip,"2024-11-26 01:25:00",https://wordpress.org/plugins/pre-orders-wc/,5.2,7.2
search-in-place,"Search in Place",1.3.1,1.2.0,https://downloads.wordpress.org/plugin/search-in-place.1.3.1.zip,"2024-11-25 23:03:00",https://wordpress.org/plugins/search-in-place/,3.0.5,
shipping-discount,"Shipping Discount for WooCommerce: Easy Make a Coupon for Shipping",1.2.2,1.2.1,https://downloads.wordpress.org/plugin/shipping-discount.1.2.2.zip,"2024-11-26 00:32:00",https://wordpress.org/plugins/shipping-discount/,4.8,7.0
snow-monkey-blocks,"Snow Monkey Blocks",22.2.5,22.2.0,https://downloads.wordpress.org/plugin/snow-monkey-blocks.22.2.5.zip,"2024-11-26 00:13:00",https://wordpress.org/plugins/snow-monkey-blocks/,6.7,7.4
so-css,"SiteOrigin CSS",1.6.1,1.6.0,https://downloads.wordpress.org/plugin/so-css.1.6.1.zip,"2024-11-26 00:27:00",https://wordpress.org/plugins/so-css/,3.9,7.0.0
sumup-payment-gateway-for-woocommerce,"SumUp Payment Gateway For WooCommerce",2.6.6,2.6.3,https://downloads.wordpress.org/plugin/sumup-payment-gateway-for-woocommerce.2.6.6.zip,"2024-11-25 23:02:00",https://wordpress.org/plugins/sumup-payment-gateway-for-woocommerce/,5.0,7.2
woocommerce-product-stock-alert,"Back In Stock Notifier for WooCommerce | Manage Inventory and Waitlist Product for WooCommerce",2.5.12,2.5.11,https://downloads.wordpress.org/plugin/woocommerce-product-stock-alert.2.5.12.zip,"2024-11-26 01:25:00",https://wordpress.org/plugins/woocommerce-product-stock-alert/,5.4,8.0
wp-date-and-time-shortcode,"WP Date and Time Shortcode",2.6.7,2.6.6,https://downloads.wordpress.org/plugin/wp-date-and-time-shortcode.2.6.7.zip,"2024-11-26 01:23:00",https://wordpress.org/plugins/wp-date-and-time-shortcode/,4.0,7.4
wp-nmi-gateway-pci-woocommerce,"WP NMI Gateway PCI for WooCommerce",1.2.2,1.2.1,https://downloads.wordpress.org/plugin/wp-nmi-gateway-pci-woocommerce.1.2.2.zip,"2024-11-26 00:30:00",https://wordpress.org/plugins/wp-nmi-gateway-pci-woocommerce/,4.4,5.6
wplingua,"wpLingua – Automatic translation – Translate and make website multilingual",2.1.3,2.1.1,https://downloads.wordpress.org/plugin/wplingua.2.1.3.zip,"2024-11-26 01:01:00",https://wordpress.org/plugins/wplingua/,6.0,7.4
wpmktgengine,WPMktgEngine,4.0.23,4.0.20,https://downloads.wordpress.org/plugin/wpmktgengine.zip,"2024-11-25 23:22:00",https://wordpress.org/plugins/wpmktgengine/,4.6.0,
js-error-logger,"JS Error Logger",1.1.3,,https://downloads.wordpress.org/plugin/js-error-logger.1.1.3.zip,"2024-11-26 01:24:00",https://wordpress.org/plugins/js-error-logger/,5.0,7.2.0
simple-slider-with-button-link,"Simple Slider with Button Link",1.0,,https://downloads.wordpress.org/plugin/simple-slider-with-button-link.1.0.zip,"2024-11-26 00:09:00",https://wordpress.org/plugins/simple-slider-with-button-link/,5.0,7.0
acf-galerie-4,"ACF Galerie 4",1.3.0,1.1.0,https://downloads.wordpress.org/plugin/acf-galerie-4.1.3.0.zip,"2024-11-26 07:00:00",https://wordpress.org/plugins/acf-galerie-4/,6.0,7.4
advanced-form-integration,"AFI – The Easiest Integration Plugin",1.94.0,1.92.1,https://downloads.wordpress.org/plugin/advanced-form-integration.1.94.0.zip,"2024-11-26 07:14:00",https://wordpress.org/plugins/advanced-form-integration/,3.0.1,5.6
ampacash-payment-method,ampacash-veprap-payment,2.9,2.7,https://downloads.wordpress.org/plugin/ampacash-payment-method.zip,"2024-11-26 08:07:00",https://wordpress.org/plugins/ampacash-payment-method/,4.7,7.0
april-payment-gateway-for-woocommerce,"April Payment Gateway for WooCommerce",1.0.2,1.0.3,https://downloads.wordpress.org/plugin/april-payment-gateway-for-woocommerce.zip,"2024-11-26 08:04:00",https://wordpress.org/plugins/april-payment-gateway-for-woocommerce/,,
bit-assist,"Chat Widget: Customer Support Button with SMS Call Button, Click to Chat Messenger, Live Chat Support Chat Button – Bit Assist",1.5.1,1.4.9,https://downloads.wordpress.org/plugin/bit-assist.1.5.1.zip,"2024-11-26 06:27:00",https://wordpress.org/plugins/bit-assist/,5.1,7.4
code-profiler,"Code Profiler – WordPress Performance Profiling and Debugging Made Easy",1.7.2,1.7.1,https://downloads.wordpress.org/plugin/code-profiler.1.7.2.zip,"2024-11-26 05:49:00",https://wordpress.org/plugins/code-profiler/,5.0,7.1
debug-log-viewer,"Debug Log Viewer",1.1,1.0.2,https://downloads.wordpress.org/plugin/debug-log-viewer.zip,"2024-11-26 07:24:00",https://wordpress.org/plugins/debug-log-viewer/,4.6,5.4
direct-freight-express-shipping,"Direct Freight Express Shipping for WooCommerce",1.0.3,1.0.1,https://downloads.wordpress.org/plugin/direct-freight-express-shipping.1.0.3.zip,"2024-11-26 08:14:00",https://wordpress.org/plugins/direct-freight-express-shipping/,6.2.0,7.4.3
easy-hotel,"Easy Hotel Booking – WordPress Hotel Booking Plugin | WooCommerce Booking",1.0.3,1.0.0,https://downloads.wordpress.org/plugin/easy-hotel.1.0.3.zip,"2024-11-26 07:57:00",https://wordpress.org/plugins/easy-hotel/,6.0,7.4
edd-paytm-gateway,"Paytm Digital Downloads",2.0,1.0,https://downloads.wordpress.org/plugin/edd-paytm-gateway.2.0.zip,"2024-11-26 08:15:00",https://wordpress.org/plugins/edd-paytm-gateway/,4.0.1,5.6
flexible-product-fields,"Flexible Product Fields (WooCommerce Product Addons) – WooCommerce Product Page Editor",2.6.0,2.5.4,https://downloads.wordpress.org/plugin/flexible-product-fields.2.6.0.zip,"2024-11-26 07:05:00",https://wordpress.org/plugins/flexible-product-fields/,6.4,7.4
flexyconsent,"Flexy Consent – Cookie Consent Management (GDPR, CCPA)",1.0.6,1.0.5.1,https://downloads.wordpress.org/plugin/flexyconsent.1.0.6.zip,"2024-11-26 08:08:00",https://wordpress.org/plugins/flexyconsent/,4.0,5.6
float-menu,"Float menu – awesome floating side menu",6.1.1,6.1,https://downloads.wordpress.org/plugin/float-menu.6.1.1.zip,"2024-11-26 06:57:00",https://wordpress.org/plugins/float-menu/,4.3,7.4
gallery-box,"Gallery Box",1.7.36,1.7.35,https://downloads.wordpress.org/plugin/gallery-box.zip,"2024-11-26 05:46:00",https://wordpress.org/plugins/gallery-box/,5.0,5.6
ht-mega-for-elementor,"HT Mega – Absolute Addons For Elementor",2.7.4,2.7.0,https://downloads.wordpress.org/plugin/ht-mega-for-elementor.2.7.4.zip,"2024-11-26 08:22:00",https://wordpress.org/plugins/ht-mega-for-elementor/,5.0,
html5-audio-player,"HTML5 Audio Player- Best WordPress Audio Player Plugin",2.2.26,2.2.25,https://downloads.wordpress.org/plugin/html5-audio-player.2.2.26.zip,"2024-11-26 07:52:00",https://wordpress.org/plugins/html5-audio-player/,5.2,7.1
import-shopify-to-woocommerce,"S2W – Import Shopify to WooCommerce",1.2.3,1.2.2,https://downloads.wordpress.org/plugin/import-shopify-to-woocommerce.zip,"2024-11-26 06:49:00",https://wordpress.org/plugins/import-shopify-to-woocommerce/,5.0.0,7.0
move-addons,"Move Addons for Elementor",1.3.7,1.3.6,https://downloads.wordpress.org/plugin/move-addons.1.3.7.zip,"2024-11-26 05:37:00",https://wordpress.org/plugins/move-addons/,5.0,
mycred-credly,"myCred Credly",2.0,1.2.1,https://downloads.wordpress.org/plugin/mycred-credly.2.0.zip,"2024-11-26 07:33:00",https://wordpress.org/plugins/mycred-credly/,4.8,7.0
netgsm,Netgsm,2.9.34,2.9.33,https://downloads.wordpress.org/plugin/netgsm.zip,"2024-11-26 06:32:00",https://wordpress.org/plugins/netgsm/,3.0,8.0.1
nex-forms-express-wp-form-builder,"NEX-Forms – Ultimate Form Builder – Contact forms and much more",8.7.11,8.7.9,https://downloads.wordpress.org/plugin/nex-forms-express-wp-form-builder.8.7.11.zip,"2024-11-26 06:51:00",https://wordpress.org/plugins/nex-forms-express-wp-form-builder/,4.0,
notifier-to-slack,"WP Activity Log & Notifier to Slack – The Ultimate Activity Log, Track Support Forum and Security Plugin",3.1.3,2.23.0,https://downloads.wordpress.org/plugin/notifier-to-slack.3.1.3.zip,"2024-11-26 07:20:00",https://wordpress.org/plugins/notifier-to-slack/,5.9,5.6
order-picking-app,"Order Picking App",1.7.1,1.7.0,https://downloads.wordpress.org/plugin/order-picking-app.zip,"2024-11-26 07:23:00",https://wordpress.org/plugins/order-picking-app/,6.0,7.4
password-protected,"Password Protected – Password Protect your WordPress Site, Pages, & WooCommerce Products – Restrict Content, Protect WooCommerce Category, and more",2.7.5,2.7.4,https://downloads.wordpress.org/plugin/password-protected.2.7.5.zip,"2024-11-26 08:23:00",https://wordpress.org/plugins/password-protected/,4.6,5.6
peprodev-ups,"PeproDev Ultimate Profile Solutions",7.4.8,7.4.0,https://downloads.wordpress.org/plugin/peprodev-ups.7.4.8.zip,"2024-11-26 06:28:00",https://wordpress.org/plugins/peprodev-ups/,5.0,7.2
plugnmeet,"Plug-N-Meet web conference integration",1.2.13,1.2.11,https://downloads.wordpress.org/plugin/plugnmeet.zip,"2024-11-26 08:15:00",https://wordpress.org/plugins/plugnmeet/,5.9,7.4.0
provesource,"ProveSource Social Proof",3.0.4,3.0.2,https://downloads.wordpress.org/plugin/provesource.3.0.4.zip,"2024-11-26 08:00:00",https://wordpress.org/plugins/provesource/,3.1.0,5.2
reviewx,"ReviewX – Multi-criteria Rating & Reviews for WooCommerce",2.0.1,1.6.29,https://downloads.wordpress.org/plugin/reviewx.2.0.1.zip,"2024-11-26 07:12:00",https://wordpress.org/plugins/reviewx/,5.0,7.4
secure-custom-fields,"Secure Custom Fields",6.4.1-beta3,6.4.1-beta2,https://downloads.wordpress.org/plugin/secure-custom-fields.6.4.1-beta3.zip,"2024-11-26 06:05:00",https://wordpress.org/plugins/secure-custom-fields/,6.0,7.4
send-pdf-for-contact-form-7,"Send PDF for Contact Form 7",1.0.3.0,1.0.2.6,https://downloads.wordpress.org/plugin/send-pdf-for-contact-form-7.1.0.3.0.zip,"2024-11-26 08:12:00",https://wordpress.org/plugins/send-pdf-for-contact-form-7/,5.2,
seo-simple-pack,"SEO SIMPLE PACK",3.6.1,3.5.2,https://downloads.wordpress.org/plugin/seo-simple-pack.3.6.1.zip,"2024-11-26 05:54:00",https://wordpress.org/plugins/seo-simple-pack/,4.9,7.0
source-medium-tracker-for-contact-form-7,"Source Medium Tracker for Contact Form 7",2.2.1,2.0,https://downloads.wordpress.org/plugin/source-medium-tracker-for-contact-form-7.2.2.1.zip,"2024-11-26 08:33:00",https://wordpress.org/plugins/source-medium-tracker-for-contact-form-7/,5.0,7.0
wc-liqpay,"Payment Gateway for LiqPay for Woocommerce",1.12,1.11,https://downloads.wordpress.org/plugin/wc-liqpay.1.12.zip,"2024-11-26 08:17:00",https://wordpress.org/plugins/wc-liqpay/,5.7.2,7.4
webappick-pdf-invoice-for-woocommerce,"Challan – PDF Invoice & Packing Slip for WooCommerce",3.7.25,3.7.24,https://downloads.wordpress.org/plugin/webappick-pdf-invoice-for-woocommerce.3.7.25.zip,"2024-11-26 06:08:00",https://wordpress.org/plugins/webappick-pdf-invoice-for-woocommerce/,4.4,7.4
woo-product-gallery-slider,"Product Gallery Slider, Additional Variation Images for WooCommerce",2.3.13,2.3.12,https://downloads.wordpress.org/plugin/woo-product-gallery-slider.2.3.13.zip,"2024-11-26 06:53:00",https://wordpress.org/plugins/woo-product-gallery-slider/,5.0,7.4
woo-wallet,"Wallet for WooCommerce",1.5.8,1.5.7,https://downloads.wordpress.org/plugin/woo-wallet.1.5.8.zip,"2024-11-26 06:01:00",https://wordpress.org/plugins/woo-wallet/,6.4,7.4
woocommerce-stock-manager,"Stock Manager for WooCommerce",3.2.0,3.1.0,https://downloads.wordpress.org/plugin/woocommerce-stock-manager.3.2.0.zip,"2024-11-26 07:28:00",https://wordpress.org/plugins/woocommerce-stock-manager/,5.0.0,5.6
wp-news-sitemap,"WP News Sitemap",1.1.0,1.0.0,https://downloads.wordpress.org/plugin/wp-news-sitemap.1.1.0.zip,"2024-11-26 07:52:00",https://wordpress.org/plugins/wp-news-sitemap/,5.0,7.0
wp-product-feed-manager,"WooCommerce Google Feed Manager",2.11.2,2.11.0,https://downloads.wordpress.org/plugin/wp-product-feed-manager.2.11.2.zip,"2024-11-26 08:17:00",https://wordpress.org/plugins/wp-product-feed-manager/,6.5,7.4
global-content-manager,"Global Content Manager",1.0.0,,https://downloads.wordpress.org/plugin/global-content-manager.1.0.0.zip,"2024-11-26 07:32:00",https://wordpress.org/plugins/global-content-manager/,5.8,
inline-tooltips,"Inline Tooltips",1.1,,https://downloads.wordpress.org/plugin/inline-tooltips.1.1.zip,"2024-11-26 07:53:00",https://wordpress.org/plugins/inline-tooltips/,5.0,
wc-liqpay,"Payment Gateway for LiqPay for Woocommerce",1.13,1.12,https://downloads.wordpress.org/plugin/wc-liqpay.1.13.zip,"2024-11-26 10:00:00",https://wordpress.org/plugins/wc-liqpay/,5.7.2,7.4
academy,"Academy LMS – WordPress LMS Plugin for Complete eLearning Solution",2.2.3,2.2.2,https://downloads.wordpress.org/plugin/academy.2.2.3.zip,"2024-11-26 13:39:00",https://wordpress.org/plugins/academy/,6.4,7.4
adcaptcha,"adCAPTCHA for WordPress",1.5.1,1.5.0,https://downloads.wordpress.org/plugin/adcaptcha.1.5.1.zip,"2024-11-26 14:18:00",https://wordpress.org/plugins/adcaptcha/,6.4.2,7.4
ads-for-wp,"Easy Google Adsense and Banner Ads Manager – AdsforWP",1.9.31,1.9.29,https://downloads.wordpress.org/plugin/ads-for-wp.1.9.31.zip,"2024-11-26 13:29:00",https://wordpress.org/plugins/ads-for-wp/,4.5,5.6.20
affiliatex,"AffiliateX – Affiliate Blocks for WordPress, Amazon, eBay, AliExpress Affiliates",1.3.1.1,1.2.9.2,https://downloads.wordpress.org/plugin/affiliatex.1.3.1.1.zip,"2024-11-26 13:16:00",https://wordpress.org/plugins/affiliatex/,5.8,7.4
apm-child,"APM Child",3.7,3.6.9,https://downloads.wordpress.org/plugin/apm-child.zip,"2024-11-26 13:25:00",https://wordpress.org/plugins/apm-child/,5.1,7.4
apoyl-grabweixin,[凹凸曼]一键采集微信文章,1.9.0,1.8.0,https://downloads.wordpress.org/plugin/apoyl-grabweixin.zip,"2024-11-26 15:13:00",https://wordpress.org/plugins/apoyl-grabweixin/,6.0,7.4
autodescription,"The SEO Framework – Fast, Automated, Effortless.",5.1.2,5.0.6,https://downloads.wordpress.org/plugin/autodescription.5.1.2.zip,"2024-11-26 12:39:00",https://wordpress.org/plugins/autodescription/,6.0,7.4.0
automatic-internal-links-for-seo,"Internal Linking for SEO traffic & Ranking – Auto internal links (100% automatic)",1.2.2,1.2.1,https://downloads.wordpress.org/plugin/automatic-internal-links-for-seo.zip,"2024-11-26 14:55:00",https://wordpress.org/plugins/automatic-internal-links-for-seo/,4.1,5.6
automatic-wp-posts-summarizer,"AWPS – Summarize Posts With AI",2.0.0,1.0.1,https://downloads.wordpress.org/plugin/automatic-wp-posts-summarizer.2.0.0.zip,"2024-11-26 13:47:00",https://wordpress.org/plugins/automatic-wp-posts-summarizer/,4.6,7.0
blocksolid,Blocksolid,2.1.0,2.0.8,https://downloads.wordpress.org/plugin/blocksolid.2.1.0.zip,"2024-11-26 13:17:00",https://wordpress.org/plugins/blocksolid/,5.5,5.6
business-directory-plugin,"Business Directory Plugin – Easy Listing Directories for WordPress",6.4.8,6.4.4,https://downloads.wordpress.org/plugin/business-directory-plugin.6.4.8.zip,"2024-11-26 14:20:00",https://wordpress.org/plugins/business-directory-plugin/,5.9,7.0
calculated-fields-form,"Calculated Fields Form",5.2.59,5.2.55,https://downloads.wordpress.org/plugin/calculated-fields-form.5.2.59.zip,"2024-11-26 15:26:00",https://wordpress.org/plugins/calculated-fields-form/,3.0.5,
capability-manager-enhanced,"PublishPress Capabilities – User Role Editor, Access Permissions, Admin Menus",2.16.0,2.15.0,https://downloads.wordpress.org/plugin/capability-manager-enhanced.2.16.0.zip,"2024-11-26 15:27:00",https://wordpress.org/plugins/capability-manager-enhanced/,5.5,7.2.5
cm-ad-changer,"CM Ad Changer – Ad Manager and Ad Server",2.0.1,2.0.0,https://downloads.wordpress.org/plugin/cm-ad-changer.zip,"2024-11-26 14:19:00",https://wordpress.org/plugins/cm-ad-changer/,5.4.0,5.2.4
contact-manager,"Contact Manager",8.6.5,8.6.4,https://downloads.wordpress.org/plugin/contact-manager.8.6.5.zip,"2024-11-26 14:05:00",https://wordpress.org/plugins/contact-manager/,3.8,5.3
create-temporary-login,"WPBifröst – Instant Passwordless Temporary Login Links",1.0.6,1.0.4,https://downloads.wordpress.org/plugin/create-temporary-login.1.0.6.zip,"2024-11-26 14:52:00",https://wordpress.org/plugins/create-temporary-login/,5.2,7.4
customize-my-account-for-woocommerce,"SysBasics Customize My Account for WooCommerce",2.9.1,2.8.20,https://downloads.wordpress.org/plugin/customize-my-account-for-woocommerce.2.9.1.zip,"2024-11-26 14:09:00",https://wordpress.org/plugins/customize-my-account-for-woocommerce/,3.3,5.2
daext-interlinks-manager,"Interlinks Manager – Internal Links Optimizer",1.14,1.13,https://downloads.wordpress.org/plugin/daext-interlinks-manager.1.14.zip,"2024-11-26 14:19:00",https://wordpress.org/plugins/daext-interlinks-manager/,4.6,5.3
easy-map,"Easy Map – To add Map via Leaflet",1.6.1,1.6.0,https://downloads.wordpress.org/plugin/easy-map.1.6.1.zip,"2024-11-26 15:10:00",https://wordpress.org/plugins/easy-map/,4.6,5.6
eshoplogisticru,"Расчет доставки в корзине и карточке товара: СДЭК, DPD, Boxberry, Яндекс доставка, Энергия, Возовоз, Почта России, Деловые Линии, ПЭК, Dostavista, GTD, Байкал Сервис, ЖелДорЭкспедиция и др.",2.1.40,2.1.37,https://downloads.wordpress.org/plugin/eshoplogisticru.zip,"2024-11-26 14:21:00",https://wordpress.org/plugins/eshoplogisticru/,5.3,
faq-for-woocommerce,"Happy WooCommerce FAQs & AI FAQ Generator (Formarly XPlainer)",1.7.8,1.7.5,https://downloads.wordpress.org/plugin/faq-for-woocommerce.1.7.8.zip,"2024-11-26 15:07:00",https://wordpress.org/plugins/faq-for-woocommerce/,4.4,5.6
fontier,"Fontier – Font Preview Plugin for Easy Digital Downloads and WooCommerce",1.3,1.2,https://downloads.wordpress.org/plugin/fontier.1.3.zip,"2024-11-26 13:28:00",https://wordpress.org/plugins/fontier/,5.6,7.4
free-facebook-reviews-and-recommendations-widgets,"Widgets for Reviews & Recommendations",12.4.5,12.4.1,https://downloads.wordpress.org/plugin/free-facebook-reviews-and-recommendations-widgets.12.4.5.zip,"2024-11-26 14:14:00",https://wordpress.org/plugins/free-facebook-reviews-and-recommendations-widgets/,3.0.1,5.2
getanewsletter,"Get a Newsletter",3.2,3.0.4,https://downloads.wordpress.org/plugin/getanewsletter.3.2.zip,"2024-11-26 13:53:00",https://wordpress.org/plugins/getanewsletter/,5.2.0,7.2
google-listings-and-ads,"Google for WooCommerce",2.9.0,2.8.7,https://downloads.wordpress.org/plugin/google-listings-and-ads.2.9.0.zip,"2024-11-26 15:21:00",https://wordpress.org/plugins/google-listings-and-ads/,5.9,7.4
green-money-payment-gateway,"GreenPay(tm) by Green.Money",3.0.4,3.0.3,https://downloads.wordpress.org/plugin/green-money-payment-gateway.zip,"2024-11-26 14:19:00",https://wordpress.org/plugins/green-money-payment-gateway/,,
hive-support,"Hive Support | AI-Powered Help Desk, Live Chat & AI Chat Bot Plugin for WordPress",1.1.6,1.1.4,https://downloads.wordpress.org/plugin/hive-support.1.1.6.zip,"2024-11-26 13:21:00",https://wordpress.org/plugins/hive-support/,6.5,7.4
houzez-property-feed,"Houzez Property Feed",2.4.12,2.4.8,https://downloads.wordpress.org/plugin/houzez-property-feed.2.4.12.zip,"2024-11-26 13:12:00",https://wordpress.org/plugins/houzez-property-feed/,3.8,
inventory-presser,"Inventory Presser – Car Dealer Listings",14.17.6,14.17.4,https://downloads.wordpress.org/plugin/inventory-presser.14.17.6.zip,"2024-11-26 15:22:00",https://wordpress.org/plugins/inventory-presser/,5.0.0,7.0.0
kigokasa-api-for-woocommerce,"KigoKasa Fiscalization for WooCommerce",1.5.3,1.5.2,https://downloads.wordpress.org/plugin/kigokasa-api-for-woocommerce.zip,"2024-11-26 14:02:00",https://wordpress.org/plugins/kigokasa-api-for-woocommerce/,4.4,5.6
leadster-marketing-conversacional,Leadster,1.3.2,1.3.1,https://downloads.wordpress.org/plugin/leadster-marketing-conversacional.1.3.2.zip,"2024-11-26 14:07:00",https://wordpress.org/plugins/leadster-marketing-conversacional/,5.0,7.0
mailersend-official-smtp-integration,"MailerSend – Official SMTP Integration",1.0.4,1.0.3,https://downloads.wordpress.org/plugin/mailersend-official-smtp-integration.1.0.4.zip,"2024-11-26 13:35:00",https://wordpress.org/plugins/mailersend-official-smtp-integration/,5.7,7.2.5
monthly-events-calendar,"Monthly Events Calendar",1.1,1.0.2,https://downloads.wordpress.org/plugin/monthly-events-calendar.1.1.zip,"2024-11-26 15:22:00",https://wordpress.org/plugins/monthly-events-calendar/,6.0,7.2
ninja-forms,"Ninja Forms – The Contact Form Builder That Grows With You",3.8.20,3.8.19,https://downloads.wordpress.org/plugin/ninja-forms.3.8.20.zip,"2024-11-26 14:13:00",https://wordpress.org/plugins/ninja-forms/,6.5,7.4
omnisend-for-formidable-forms-add-on,"Omnisend for Formidable Forms Add-On",1.1.3,1.1.2,https://downloads.wordpress.org/plugin/omnisend-for-formidable-forms-add-on.1.1.3.zip,"2024-11-26 13:13:00",https://wordpress.org/plugins/omnisend-for-formidable-forms-add-on/,4.7.0,7.1
one-click-ssl,"One Click SSL",1.7,1.6,https://downloads.wordpress.org/plugin/one-click-ssl.1.7.zip,"2024-11-26 15:07:00",https://wordpress.org/plugins/one-click-ssl/,4.6,
pay-wp,"Autopay dla WooCommerce",2.2.12,2.2.9,https://downloads.wordpress.org/plugin/pay-wp.2.2.12.zip,"2024-11-26 14:10:00",https://wordpress.org/plugins/pay-wp/,5.8,7.4
payment-gateway-via-borgun-for-woocommerce,"Payment gateway via Teya SecurePay for WooCommerce",1.3.34,1.3.33,https://downloads.wordpress.org/plugin/payment-gateway-via-borgun-for-woocommerce.1.3.34.zip,"2024-11-26 12:56:00",https://wordpress.org/plugins/payment-gateway-via-borgun-for-woocommerce/,4.4,
payplus-payment-gateway,"PayPlus Payment Gateway",7.2.9,7.2.6,https://downloads.wordpress.org/plugin/payplus-payment-gateway.7.2.9.zip,"2024-11-26 14:58:00",https://wordpress.org/plugins/payplus-payment-gateway/,6.2,7.4
perfect-woocommerce-brands,"Perfect Brands for WooCommerce",3.4.6,3.4.3,https://downloads.wordpress.org/plugin/perfect-woocommerce-brands.3.4.6.zip,"2024-11-26 15:04:00",https://wordpress.org/plugins/perfect-woocommerce-brands/,4.7,5.6
product-sync-master-sheet,"Sync Master Sheet – Product Sync with Google Sheet for WooCommerce",1.0.8,1.0.6,https://downloads.wordpress.org/plugin/product-sync-master-sheet.1.0.8.zip,"2024-11-26 12:53:00",https://wordpress.org/plugins/product-sync-master-sheet/,4.0.0,7.2
push-notification-for-post-and-buddypress,"Push Notification for Post and BuddyPress",2.04,1.99,https://downloads.wordpress.org/plugin/push-notification-for-post-and-buddypress.2.04.zip,"2024-11-26 12:51:00",https://wordpress.org/plugins/push-notification-for-post-and-buddypress/,5.0,7.4
pushloop,"PushLoop – Web Push Notifications",1.4.12,1.4.10,https://downloads.wordpress.org/plugin/pushloop.1.4.12.zip,"2024-11-26 15:30:00",https://wordpress.org/plugins/pushloop/,2.7,7.0
review-widgets-for-airbnb,"Widgets for Airbnb Reviews",12.4.5,12.4.1,https://downloads.wordpress.org/plugin/review-widgets-for-airbnb.12.4.5.zip,"2024-11-26 14:12:00",https://wordpress.org/plugins/review-widgets-for-airbnb/,3.0.1,5.2
review-widgets-for-amazon,"Widgets for Amazon Reviews",12.4.5,12.4,https://downloads.wordpress.org/plugin/review-widgets-for-amazon.12.4.5.zip,"2024-11-26 13:42:00",https://wordpress.org/plugins/review-widgets-for-amazon/,3.0.1,5.2
review-widgets-for-arukereso,"Widgets for Árukereső Reviews",12.4.5,12.4.1,https://downloads.wordpress.org/plugin/review-widgets-for-arukereso.12.4.5.zip,"2024-11-26 13:50:00",https://wordpress.org/plugins/review-widgets-for-arukereso/,3.0.1,5.2
review-widgets-for-booking-com,"Widgets for Booking.com Reviews",12.4.5,12.4.4,https://downloads.wordpress.org/plugin/review-widgets-for-booking-com.12.4.5.zip,"2024-11-26 13:37:00",https://wordpress.org/plugins/review-widgets-for-booking-com/,3.0.1,5.2
review-widgets-for-capterra,"Widgets for Capterra Reviews",12.4.5,12.4.1,https://downloads.wordpress.org/plugin/review-widgets-for-capterra.12.4.5.zip,"2024-11-26 13:54:00",https://wordpress.org/plugins/review-widgets-for-capterra/,3.0.1,5.2
review-widgets-for-foursquare,"Widgets for Foursquare Reviews",12.4.5,12.4.1,https://downloads.wordpress.org/plugin/review-widgets-for-foursquare.12.4.5.zip,"2024-11-26 14:00:00",https://wordpress.org/plugins/review-widgets-for-foursquare/,3.0.1,5.2
review-widgets-for-hotels-com,"Widgets for Hotels.com Reviews",12.4.5,12.4.1,https://downloads.wordpress.org/plugin/review-widgets-for-hotels-com.12.4.5.zip,"2024-11-26 13:48:00",https://wordpress.org/plugins/review-widgets-for-hotels-com/,3.0.1,5.2
review-widgets-for-opentable,"Widgets for Opentable Reviews",12.4.5,12.4.1,https://downloads.wordpress.org/plugin/review-widgets-for-opentable.12.4.5.zip,"2024-11-26 13:56:00",https://wordpress.org/plugins/review-widgets-for-opentable/,3.0.1,5.2
review-widgets-for-szallas-hu,"Review Widgets for Szallas.hu",12.4.5,12.2,https://downloads.wordpress.org/plugin/review-widgets-for-szallas-hu.12.4.5.zip,"2024-11-26 13:52:00",https://wordpress.org/plugins/review-widgets-for-szallas-hu/,3.0.1,5.2
review-widgets-for-tripadvisor,"WP Tripadvisor Review Widgets",12.4.5,12.4.1,https://downloads.wordpress.org/plugin/review-widgets-for-tripadvisor.12.4.5.zip,"2024-11-26 14:10:00",https://wordpress.org/plugins/review-widgets-for-tripadvisor/,3.0.1,5.2
reviews-widgets-for-yelp,"Widgets for Yelp Reviews",12.4.5,12.4.1,https://downloads.wordpress.org/plugin/reviews-widgets-for-yelp.12.4.5.zip,"2024-11-26 13:44:00",https://wordpress.org/plugins/reviews-widgets-for-yelp/,3.0.1,5.2
reviews-widgets,"Widgets for WordPress Reviews",12.4.5,12.4.1,https://downloads.wordpress.org/plugin/reviews-widgets.12.4.5.zip,"2024-11-26 14:08:00",https://wordpress.org/plugins/reviews-widgets/,3.0.1,5.2
reviewx,"ReviewX – Multi-criteria Rating & Reviews for WooCommerce",2.0.2,2.0.1,https://downloads.wordpress.org/plugin/reviewx.2.0.2.zip,"2024-11-26 15:30:00",https://wordpress.org/plugins/reviewx/,5.0,7.4
seo-redirection,"SEO Redirection Plugin – 301 Redirect Manager",9.13,9.11,https://downloads.wordpress.org/plugin/seo-redirection.9.13.zip,"2024-11-26 15:24:00",https://wordpress.org/plugins/seo-redirection/,4.1,
slider-blocks,"GutSlider – All in One Block Slider",2.9.1,2.9.0,https://downloads.wordpress.org/plugin/slider-blocks.2.9.1.zip,"2024-11-26 14:01:00",https://wordpress.org/plugins/slider-blocks/,6.5,7.4
source-medium-tracker-for-contact-form-7,"Source Medium Tracker for Contact Form 7",2.2.2,2.2.1,https://downloads.wordpress.org/plugin/source-medium-tracker-for-contact-form-7.2.2.2.zip,"2024-11-26 13:06:00",https://wordpress.org/plugins/source-medium-tracker-for-contact-form-7/,5.0,7.0
sprinter-pick-pack-pont-integracio,"Sprinter – Pick Pack Pont integráció",1.4.0,1.3.0,https://downloads.wordpress.org/plugin/sprinter-pick-pack-pont-integracio.1.4.0.zip,"2024-11-26 14:34:00",https://wordpress.org/plugins/sprinter-pick-pack-pont-integracio/,5.0,5.6
store-locator-widget-block,"Store Locator Widget Block",1.0.2,1.0.1,https://downloads.wordpress.org/plugin/store-locator-widget-block.1.0.2.zip,"2024-11-26 14:22:00",https://wordpress.org/plugins/store-locator-widget-block/,6.1,7.0
token-of-trust,"Token of Trust: AI Identity Verification, Age Verification, and KYC",3.5.2,3.5.0,https://downloads.wordpress.org/plugin/token-of-trust.3.5.2.zip,"2024-11-26 15:12:00",https://wordpress.org/plugins/token-of-trust/,5.3.0,7.2.0
variation-price-display,"Variation Price Display Range for WooCommerce",1.3.16,1.3.15,https://downloads.wordpress.org/plugin/variation-price-display.1.3.16.zip,"2024-11-26 14:41:00",https://wordpress.org/plugins/variation-price-display/,5.8,7.2
video-connect,"Video Connect – Record Video with Form, Featured Video, Floating Video, Video Recording",3.7.0,3.6.0,https://downloads.wordpress.org/plugin/video-connect.3.7.0.zip,"2024-11-26 12:34:00",https://wordpress.org/plugins/video-connect/,4.6,5.6
website-toolbox-forums,"Website Toolbox Community",2.0.1,1.9.9,https://downloads.wordpress.org/plugin/website-toolbox-forums.2.0.1.zip,"2024-11-26 15:07:00",https://wordpress.org/plugins/website-toolbox-forums/,3.0.0,
werk-aan-de-muur,"Werk aan de Muur",1.5,1.4,https://downloads.wordpress.org/plugin/werk-aan-de-muur.1.5.zip,"2024-11-26 13:06:00",https://wordpress.org/plugins/werk-aan-de-muur/,3.0.1,
widgets-for-alibaba-reviews,"Widgets for Alibaba Reviews",12.4.5,12.4.1,https://downloads.wordpress.org/plugin/widgets-for-alibaba-reviews.12.4.5.zip,"2024-11-26 14:03:00",https://wordpress.org/plugins/widgets-for-alibaba-reviews/,3.0.1,5.2
widgets-for-aliexpress-reviews,"Widgets for AliExpress Reviews",12.4.5,12.4.4,https://downloads.wordpress.org/plugin/widgets-for-aliexpress-reviews.12.4.5.zip,"2024-11-26 13:35:00",https://wordpress.org/plugins/widgets-for-aliexpress-reviews/,3.0.1,5.2
widgets-for-ebay-reviews,"Widgets for Ebay Reviews",12.4.5,12.4.1,https://downloads.wordpress.org/plugin/widgets-for-ebay-reviews.12.4.5.zip,"2024-11-26 14:05:00",https://wordpress.org/plugins/widgets-for-ebay-reviews/,3.0.1,5.2
widgets-for-expedia-reviews,"Widgets for Expedia Reviews",12.4.5,12.4.1,https://downloads.wordpress.org/plugin/widgets-for-expedia-reviews.12.4.5.zip,"2024-11-26 13:58:00",https://wordpress.org/plugins/widgets-for-expedia-reviews/,3.0.1,5.2
widgets-for-sourceforge-reviews,"Widgets for SourceForge Reviews",12.4.5,12.4.1,https://downloads.wordpress.org/plugin/widgets-for-sourceforge-reviews.12.4.5.zip,"2024-11-26 13:38:00",https://wordpress.org/plugins/widgets-for-sourceforge-reviews/,3.0.1,5.2
widgets-for-thumbtack-reviews,"Widgets for Thumbtack Reviews",12.4.5,12.4.1,https://downloads.wordpress.org/plugin/widgets-for-thumbtack-reviews.12.4.5.zip,"2024-11-26 13:41:00",https://wordpress.org/plugins/widgets-for-thumbtack-reviews/,3.0.1,5.2
widgets-for-zillow-reviews,"Widgets for Zillow Reviews",12.4.5,12.4.1,https://downloads.wordpress.org/plugin/widgets-for-zillow-reviews.12.4.5.zip,"2024-11-26 13:46:00",https://wordpress.org/plugins/widgets-for-zillow-reviews/,3.0.1,5.2
woo-ajax-add-to-cart,"Ajax add to cart for WooCommerce",2.4.3,2.4.1,https://downloads.wordpress.org/plugin/woo-ajax-add-to-cart.2.4.3.zip,"2024-11-26 15:13:00",https://wordpress.org/plugins/woo-ajax-add-to-cart/,4.7,5.6
woocommerce-ajax-filters,"Advanced AJAX Product Filters",1.6.7,1.6.6,https://downloads.wordpress.org/plugin/woocommerce-ajax-filters.1.6.7.zip,"2024-11-26 13:10:00",https://wordpress.org/plugins/woocommerce-ajax-filters/,5.0,7.0
wp-reviews-plugin-for-google,"Widgets for Google Reviews",12.4.5,12.4.4,https://downloads.wordpress.org/plugin/wp-reviews-plugin-for-google.12.4.5.zip,"2024-11-26 13:33:00",https://wordpress.org/plugins/wp-reviews-plugin-for-google/,3.0.1,5.2
wp-whatsapp-chat,"Social Chat – Click To Chat App Button",7.4.8,7.4.7,https://downloads.wordpress.org/plugin/wp-whatsapp-chat.7.4.8.zip,"2024-11-26 14:43:00",https://wordpress.org/plugins/wp-whatsapp-chat/,4.7,5.6
wpsso,"WPSSO Core – Complete and Optimized Structured Data SEO",18.18.2,18.18.1,https://downloads.wordpress.org/plugin/wpsso.18.18.2.zip,"2024-11-26 15:10:00",https://wordpress.org/plugins/wpsso/,5.9,7.4.33
apploxa,Apploxa,1.0.0,,https://downloads.wordpress.org/plugin/apploxa.1.0.0.zip,"2024-11-26 12:47:00",https://wordpress.org/plugins/apploxa/,4.9,7.2
dblocks-youtube-lazyload,"DBlocks Lazyload for YouTube",1.0.3,,https://downloads.wordpress.org/plugin/dblocks-youtube-lazyload.1.0.3.zip,"2024-11-26 14:04:00",https://wordpress.org/plugins/dblocks-youtube-lazyload/,6.5.2,7.4
sb-custom-logo-by-sbtechbd,"sb custom logo by sbtechbd",1.2,,https://downloads.wordpress.org/plugin/sb-custom-logo-by-sbtechbd.1.2.zip,"2024-11-26 12:51:00",https://wordpress.org/plugins/sb-custom-logo-by-sbtechbd/,5.0,
whinta-integration-for-woocommerce,"Whinta Integration for WooCommerce",1.0.0,,https://downloads.wordpress.org/plugin/whinta-integration-for-woocommerce.1.0.0.zip,"2024-11-26 15:30:00",https://wordpress.org/plugins/whinta-integration-for-woocommerce/,4.7,7.0
advanced-form-integration,"AFI – The Easiest Integration Plugin",1.95.0,1.94.0,https://downloads.wordpress.org/plugin/advanced-form-integration.1.95.0.zip,"2024-11-26 19:58:00",https://wordpress.org/plugins/advanced-form-integration/,3.0.1,5.6
bold-pagos-en-linea,"Bold pagos en linea",3.0.6,3.0.3,https://downloads.wordpress.org/plugin/bold-pagos-en-linea.3.0.6.zip,"2024-11-26 22:21:00",https://wordpress.org/plugins/bold-pagos-en-linea/,5.5.2,7.4
captcha-eu,Captcha.eu,1.0.48,1.0.43,https://downloads.wordpress.org/plugin/captcha-eu.zip,"2024-11-26 19:39:00",https://wordpress.org/plugins/captcha-eu/,4.9,7.0
hls-player,"HLS Player",1.0.11,1.0.10,https://downloads.wordpress.org/plugin/hls-player.1.0.11.zip,"2024-11-26 20:31:00",https://wordpress.org/plugins/hls-player/,6.4,8.1
loading-page,"Loading Page with Loading Screen",1.1.20,1.1.19,https://downloads.wordpress.org/plugin/loading-page.1.1.20.zip,"2024-11-26 22:03:00",https://wordpress.org/plugins/loading-page/,3.0.6,
mvp-affiliate,MVPAffiliate,1.3,1.1,https://downloads.wordpress.org/plugin/mvp-affiliate.zip,"2024-11-26 20:21:00",https://wordpress.org/plugins/mvp-affiliate/,6.5,
nginx-cache,"Nginx Cache",1.0.7,1.0.6,https://downloads.wordpress.org/plugin/nginx-cache.1.0.7.zip,"2024-11-26 20:26:00",https://wordpress.org/plugins/nginx-cache/,3.1,
participants-database,"Participants Database",2.6,2.5.9.5,https://downloads.wordpress.org/plugin/participants-database.2.6.zip,"2024-11-26 19:52:00",https://wordpress.org/plugins/participants-database/,5.0,7.4
security-header,"HTTP Security Header",2.1,2.0,https://downloads.wordpress.org/plugin/security-header.2.1.zip,"2024-11-26 21:25:00",https://wordpress.org/plugins/security-header/,5.0,7.0
seriously-simple-transcripts,"Seriously Simple Transcripts",1.2.0,1.1.1,https://downloads.wordpress.org/plugin/seriously-simple-transcripts.1.2.0.zip,"2024-11-26 20:11:00",https://wordpress.org/plugins/seriously-simple-transcripts/,4.4,
shopkeeper-extender,"Shopkeeper Extender",4.1.6,4.1.4,https://downloads.wordpress.org/plugin/shopkeeper-extender.4.1.6.zip,"2024-11-26 20:58:00",https://wordpress.org/plugins/shopkeeper-extender/,6.0,7.4.1
simply-schedule-appointments,"Appointment Booking Calendar — Simply Schedule Appointments Booking Plugin",1.6.7.68,1.6.7.65,https://downloads.wordpress.org/plugin/simply-schedule-appointments.1.6.7.68.zip,"2024-11-26 22:07:00",https://wordpress.org/plugins/simply-schedule-appointments/,5.1,7.4
streamweasels-youtube-integration,"StreamWeasels YouTube Integration",1.3.7,1.3.6,https://downloads.wordpress.org/plugin/streamweasels-youtube-integration.zip,"2024-11-26 20:28:00",https://wordpress.org/plugins/streamweasels-youtube-integration/,5.0,
uncanny-automator,"Uncanny Automator – Easy Automation, Integration, Webhooks & Workflow Builder Plugin",6.1,6.0.0.1,https://downloads.wordpress.org/plugin/uncanny-automator.6.1.zip,"2024-11-26 19:36:00",https://wordpress.org/plugins/uncanny-automator/,5.4,7.0
visody-3d-product-viewer,"3D viewer by Visody",2.0.0,1.2.1,https://downloads.wordpress.org/plugin/visody-3d-product-viewer.2.0.0.zip,"2024-11-26 22:11:00",https://wordpress.org/plugins/visody-3d-product-viewer/,5.1,
wp-migrate-2-aws,"WP on AWS",5.2.1,5.2.0,https://downloads.wordpress.org/plugin/wp-migrate-2-aws.zip,"2024-11-26 21:41:00",https://wordpress.org/plugins/wp-migrate-2-aws/,4.8,5.6
wrc-pricing-tables,"WRC Pricing Tables – Responsive CSS3 Pricing Tables",2.4.4,2.4.3,https://downloads.wordpress.org/plugin/wrc-pricing-tables.2.4.4.zip,"2024-11-26 19:43:00",https://wordpress.org/plugins/wrc-pricing-tables/,5.2,7.4
lknmp-gateway-givewp,"Link Nacional Payment Gateway for MercadoPago and GiveWP",1.2.4,,https://downloads.wordpress.org/plugin/lknmp-gateway-givewp.1.2.4.zip,"2024-11-26 22:02:00",https://wordpress.org/plugins/lknmp-gateway-givewp/,5.7,7.4
logify-wp,"Logify WP",1.1.1,,https://downloads.wordpress.org/plugin/logify-wp.1.1.1.zip,"2024-11-26 21:24:00",https://wordpress.org/plugins/logify-wp/,6.2,8.0
ablocks,"aBlocks – WordPress Gutenberg Blocks",1.5.6,1.5.4,https://downloads.wordpress.org/plugin/ablocks.1.5.6.zip,"2024-11-27 03:55:00",https://wordpress.org/plugins/ablocks/,6.3,7.4
booking-package,"Booking Package",1.6.68,1.6.67,https://downloads.wordpress.org/plugin/booking-package.1.6.68.zip,"2024-11-27 02:26:00",https://wordpress.org/plugins/booking-package/,3.5,7.2
cardealerpress,CarDealerPress,6.7.2411.02,6.6.2410.01,https://downloads.wordpress.org/plugin/cardealerpress.6.7.2411.02.zip,"2024-11-27 02:47:00",https://wordpress.org/plugins/cardealerpress/,6.0,7.4
customtables,"Custom Tables – Create, Read, Update and Delete",1.3.3,1.3.2,https://downloads.wordpress.org/plugin/customtables.1.3.3.zip,"2024-11-27 03:59:00",https://wordpress.org/plugins/customtables/,6.0,7.4
download-manager,"Download Manager",3.3.03,3.3.02,https://downloads.wordpress.org/plugin/download-manager.3.3.03.zip,"2024-11-27 04:02:00",https://wordpress.org/plugins/download-manager/,5.3,
extensions-for-elementor-form,"Extensions for Elementor Form",2.2,2.0.3,https://downloads.wordpress.org/plugin/extensions-for-elementor-form.2.2.zip,"2024-11-27 03:32:00",https://wordpress.org/plugins/extensions-for-elementor-form/,5.5,7.4
fontier,"Fontier – Font Preview Plugin for Easy Digital Downloads, WooCommerce, and Dokan",1.4,1.3,https://downloads.wordpress.org/plugin/fontier.1.4.zip,"2024-11-27 03:13:00",https://wordpress.org/plugins/fontier/,5.6,7.4
geomap-block,"Geomap – Google Map Block",1.0.1,1.0.0,https://downloads.wordpress.org/plugin/geomap-block.1.0.1.zip,"2024-11-27 03:31:00",https://wordpress.org/plugins/geomap-block/,5.0,7.0
ip2location-tags,"IP2Location Tags",2.13.4,2.13.2,https://downloads.wordpress.org/plugin/ip2location-tags.2.13.4.zip,"2024-11-27 01:39:00",https://wordpress.org/plugins/ip2location-tags/,2.0,
ip2location-variables,"IP2Location Variables",2.9.5,2.9.2,https://downloads.wordpress.org/plugin/ip2location-variables.2.9.5.zip,"2024-11-27 01:38:00",https://wordpress.org/plugins/ip2location-variables/,2.0,
media-cleaner,"Media Cleaner: Clean your WordPress!",6.8.3,6.8.2,https://downloads.wordpress.org/plugin/media-cleaner.6.8.3.zip,"2024-11-27 02:00:00",https://wordpress.org/plugins/media-cleaner/,6.0,7.4
nextcart-woocommerce-migration,"Next-Cart Store to WooCommerce Migration",3.9.2,3.9.1,https://downloads.wordpress.org/plugin/nextcart-woocommerce-migration.zip,"2024-11-27 01:59:00",https://wordpress.org/plugins/nextcart-woocommerce-migration/,3.0,
stock-locations-for-woocommerce,"Stock Locations for WooCommerce",2.7.6,2.7.5,https://downloads.wordpress.org/plugin/stock-locations-for-woocommerce.2.7.6.zip,"2024-11-27 04:03:00",https://wordpress.org/plugins/stock-locations-for-woocommerce/,4.9,7.2
tawkto-live-chat,"Tawk.To Live Chat",0.8.7,0.8.6,https://downloads.wordpress.org/plugin/tawkto-live-chat.0.8.7.zip,"2024-11-27 02:02:00",https://wordpress.org/plugins/tawkto-live-chat/,2.7,5.6
testimonial-slider-and-showcase,"Testimonial Slider and Showcase",2.3.12,2.3.11,https://downloads.wordpress.org/plugin/testimonial-slider-and-showcase.2.3.12.zip,"2024-11-27 04:09:00",https://wordpress.org/plugins/testimonial-slider-and-showcase/,5.0,7.0
lingotek-translation,"Ray Enterprise Translation",1.6.8,,https://downloads.wordpress.org/plugin/lingotek-translation.zip,"2024-11-27 02:04:00",https://wordpress.org/plugins/lingotek-translation/,3.8,
pm-plus-minus-ajax-cart,"PM Plus Minus AJAX Cart",1.1.6,,https://downloads.wordpress.org/plugin/pm-plus-minus-ajax-cart.1.1.6.zip,"2024-11-27 02:15:00",https://wordpress.org/plugins/pm-plus-minus-ajax-cart/,5.0,7.2
acumulus,Acumulus,8.3.6,8.3.4,https://downloads.wordpress.org/plugin/acumulus.zip,"2024-11-27 09:48:00",https://wordpress.org/plugins/acumulus/,5.9,8.0
all-in-one-accessibility,"All in One Accessibility",1.8,1.7,https://downloads.wordpress.org/plugin/all-in-one-accessibility.1.8.zip,"2024-11-27 11:23:00",https://wordpress.org/plugins/all-in-one-accessibility/,4.9,7.0
analogwp-templates,"Style Kits – Advanced Theme Styles for Elementor",2.2.3,2.2.1,https://downloads.wordpress.org/plugin/analogwp-templates.2.2.3.zip,"2024-11-27 09:03:00",https://wordpress.org/plugins/analogwp-templates/,6.0,8.0
arconix-shortcodes,"Arconix Shortcodes",2.1.15,2.1.14,https://downloads.wordpress.org/plugin/arconix-shortcodes.2.1.15.zip,"2024-11-27 09:03:00",https://wordpress.org/plugins/arconix-shortcodes/,4.3,
attesa-extra,"Attesa Extra",1.4.4,1.4.3,https://downloads.wordpress.org/plugin/attesa-extra.1.4.4.zip,"2024-11-27 09:32:00",https://wordpress.org/plugins/attesa-extra/,4.6.5,
better-payment,"Better Payment – Instant Payments Through PayPal & Stripe",1.2.5,1.2.4,https://downloads.wordpress.org/plugin/better-payment.1.2.5.zip,"2024-11-27 08:30:00",https://wordpress.org/plugins/better-payment/,6.0,7.4
bictorys-payment-gateway-for-woocommerce,"Bictorys Payment Gateway for WooCommerce",1.0.6,1.0.5,https://downloads.wordpress.org/plugin/bictorys-payment-gateway-for-woocommerce.zip,"2024-11-27 11:01:00",https://wordpress.org/plugins/bictorys-payment-gateway-for-woocommerce/,5.8,7.4
boomfi-crypto-payments,"BoomFi Crypto Payments for WooCommerce",1.8.0,1.3.0,https://downloads.wordpress.org/plugin/boomfi-crypto-payments.1.8.0.zip,"2024-11-27 10:59:00",https://wordpress.org/plugins/boomfi-crypto-payments/,6.0,7.3
captivatesync-trade,"Captivate Sync",3.0.3,3.0.0,https://downloads.wordpress.org/plugin/captivatesync-trade.3.0.3.zip,"2024-11-27 10:25:00",https://wordpress.org/plugins/captivatesync-trade/,5.7.0,
change-payment-description-for-woocommerce,"Change Payment Description for WooCommerce",1.0.2,1.0.1,https://downloads.wordpress.org/plugin/change-payment-description-for-woocommerce.1.0.2.zip,"2024-11-27 11:00:00",https://wordpress.org/plugins/change-payment-description-for-woocommerce/,6.5,7.4
cm-footnotes,"CM Footnotes  – Citations and Bibliography Plugin",2.1.6,2.1.4,https://downloads.wordpress.org/plugin/cm-footnotes.zip,"2024-11-27 09:04:00",https://wordpress.org/plugins/cm-footnotes/,5.4.0,5.2.4
contact-form-7,"Contact Form 7",6.0.1,6.0,https://downloads.wordpress.org/plugin/contact-form-7.6.0.1.zip,"2024-11-27 08:43:00",https://wordpress.org/plugins/contact-form-7/,6.6,7.4
contact-form-cfdb7,"Contact Form 7 Database Addon – CFDB7",1.2.10,1.2.7,https://downloads.wordpress.org/plugin/contact-form-cfdb7.zip,"2024-11-27 11:23:00",https://wordpress.org/plugins/contact-form-cfdb7/,4.8,7.0
cozy-addons,"Cozy Blocks – Page Builder for Gutenberg & Site Editor, Post Blocks, WooCommerce Blocks, Magazine Blocks, WordPress Gutenberg Blocks, Patterns and Templates Library",2.0.26,2.0.25,https://downloads.wordpress.org/plugin/cozy-addons.2.0.26.zip,"2024-11-27 10:45:00",https://wordpress.org/plugins/cozy-addons/,5.8,7.3
demomentsomtres-image-feed-widget,"DeMomentSomTres Image Feed Widget",1.1,1.0.1,https://downloads.wordpress.org/plugin/demomentsomtres-image-feed-widget.zip,"2024-11-27 09:53:00",https://wordpress.org/plugins/demomentsomtres-image-feed-widget/,3.5.1,
depart-deposit-and-part-payment-for-woo,"DEPART – Deposit and Part payment for Woo",1.0.1,1.0.0,https://downloads.wordpress.org/plugin/depart-deposit-and-part-payment-for-woo.zip,"2024-11-27 09:37:00",https://wordpress.org/plugins/depart-deposit-and-part-payment-for-woo/,5.0,7.0
depay-payments-for-woocommerce,"Web3 Cryptocurrency Payments by DePay for WooCommerce",2.12.10,2.12.7,https://downloads.wordpress.org/plugin/depay-payments-for-woocommerce.2.12.10.zip,"2024-11-27 10:48:00",https://wordpress.org/plugins/depay-payments-for-woocommerce/,5.8,7.0
diller-loyalty,"Diller Loyalty",2.4.6,2.4.2,https://downloads.wordpress.org/plugin/diller-loyalty.2.4.6.zip,"2024-11-27 11:23:00",https://wordpress.org/plugins/diller-loyalty/,4.7,7.3
directorist,"Directorist: AI-Powered WordPress Business Directory Plugin with Classified Ads Listings",8.0.8,8.0.7,https://downloads.wordpress.org/plugin/directorist.8.0.8.zip,"2024-11-27 09:29:00",https://wordpress.org/plugins/directorist/,4.6,7.0
discount-and-dynamic-pricing,"Dynamic Pricing and Discount Rules",2.2.9,2.2.8,https://downloads.wordpress.org/plugin/discount-and-dynamic-pricing.2.2.9.zip,"2024-11-27 08:49:00",https://wordpress.org/plugins/discount-and-dynamic-pricing/,5.2,7.2
eber,Eber,4.4,4.2,https://downloads.wordpress.org/plugin/eber.zip,"2024-11-27 10:18:00",https://wordpress.org/plugins/eber/,4.2,
frakt123,Sendo,3.3,3.2,https://downloads.wordpress.org/plugin/frakt123.zip,"2024-11-27 10:30:00",https://wordpress.org/plugins/frakt123/,5.3,
infixs-correios-automatico,"Correios Automático – Rastreio, Etiqueta e Frete",1.1.7,1.1.6,https://downloads.wordpress.org/plugin/infixs-correios-automatico.1.1.7.zip,"2024-11-27 08:59:00",https://wordpress.org/plugins/infixs-correios-automatico/,6.0,7.4
legalweb-cloud,"LegalWeb Cloud",1.1.3,1.1.1,https://downloads.wordpress.org/plugin/legalweb-cloud.1.1.3.zip,"2024-11-27 10:55:00",https://wordpress.org/plugins/legalweb-cloud/,3.0.1,5.6.0
magic-post-thumbnail,"Generate Images (AI) – Magic Post Thumbnail",6.0.3,6.0.2,https://downloads.wordpress.org/plugin/magic-post-thumbnail.6.0.3.zip,"2024-11-27 09:49:00",https://wordpress.org/plugins/magic-post-thumbnail/,6.0,7.3
mail-mint,"Email Marketing, Email Automation, Newsletter & Cart Abandonment for WordPress and WooCommerce – Mail Mint",1.16.0,1.15.4,https://downloads.wordpress.org/plugin/mail-mint.1.16.0.zip,"2024-11-27 10:31:00",https://wordpress.org/plugins/mail-mint/,5.8,7.4
marquee-addons-for-elementor,"MarqueeAddons – Smooth marquee carousel loop for elementor",1.2.2,1.1.1,https://downloads.wordpress.org/plugin/marquee-addons-for-elementor.1.2.2.zip,"2024-11-27 10:22:00",https://wordpress.org/plugins/marquee-addons-for-elementor/,5.8,7.4
master-addons,"Master Addons – Elementor Addons with White Label, Free Widgets, Hover Effects, Conditions, & Animations",2.0.6.7,2.0.6.5,https://downloads.wordpress.org/plugin/master-addons.2.0.6.7.zip,"2024-11-27 10:48:00",https://wordpress.org/plugins/master-addons/,4.0,7.0
monei,"MONEI Payments for WooCommerce",6.1.1,5.9.1,https://downloads.wordpress.org/plugin/monei.6.1.1.zip,"2024-11-27 08:28:00",https://wordpress.org/plugins/monei/,5.0,7.2
ocean-extra,"Ocean Extra",2.4.3,2.4.1,https://downloads.wordpress.org/plugin/ocean-extra.2.4.3.zip,"2024-11-27 09:37:00",https://wordpress.org/plugins/ocean-extra/,5.6,7.4
order-delivery-date-and-time,"Order Delivery Date And Time",1.1.0,1.0.9,https://downloads.wordpress.org/plugin/order-delivery-date-and-time.1.1.0.zip,"2024-11-27 08:58:00",https://wordpress.org/plugins/order-delivery-date-and-time/,5.3,7.0
plover-kit,"Plover Kit – Blocks, Patterns and Editor Enhancements",1.3.1,1.2.6,https://downloads.wordpress.org/plugin/plover-kit.1.3.1.zip,"2024-11-27 10:06:00",https://wordpress.org/plugins/plover-kit/,6.2,7.4
popup-maker,"Popup Maker – Boost Sales, Conversions, Optins, Subscribers with the Ultimate WP Popups Builder",1.20.3,1.20.2,https://downloads.wordpress.org/plugin/popup-maker.1.20.3.zip,"2024-11-27 08:35:00",https://wordpress.org/plugins/popup-maker/,4.9,5.6
posti-warehouse,"Posti Warehouse",3.2.0,3.0.1,https://downloads.wordpress.org/plugin/posti-warehouse.3.2.0.zip,"2024-11-27 11:05:00",https://wordpress.org/plugins/posti-warehouse/,5.0,7.1
product-notes-for-woocommerce,"Product Notes Tab & Private Admin Notes for WooCommerce",3.1.0,2.9.6,https://downloads.wordpress.org/plugin/product-notes-for-woocommerce.3.1.0.zip,"2024-11-27 11:18:00",https://wordpress.org/plugins/product-notes-for-woocommerce/,4.4,
product-size-chart-for-woo,"Product Size Chart For WooCommerce",2.0.8,2.0.7,https://downloads.wordpress.org/plugin/product-size-chart-for-woo.zip,"2024-11-27 09:42:00",https://wordpress.org/plugins/product-size-chart-for-woo/,5.0,7.0
product-variation-swatches-for-woocommerce,"Variation Swatches for WooCommerce",2.3.9,2.3.8,https://downloads.wordpress.org/plugin/product-variation-swatches-for-woocommerce.2.3.9.zip,"2024-11-27 09:04:00",https://wordpress.org/plugins/product-variation-swatches-for-woocommerce/,5.3,7.4
profile-builder,"User Profile Builder – Beautiful User Registration Forms, User Profiles & User Role Editor",3.12.8,3.12.4,https://downloads.wordpress.org/plugin/profile-builder.3.12.8.zip,"2024-11-27 08:36:00",https://wordpress.org/plugins/profile-builder/,3.1,
qi-blocks,"Qi Blocks",1.3.4,1.3.3,https://downloads.wordpress.org/plugin/qi-blocks.1.3.4.zip,"2024-11-27 10:21:00",https://wordpress.org/plugins/qi-blocks/,5.8,7.2
quiz-maker,"Quiz Maker",6.6.5.1,6.6.4.9,https://downloads.wordpress.org/plugin/quiz-maker.6.6.5.1.zip,"2024-11-27 09:05:00",https://wordpress.org/plugins/quiz-maker/,4.0,
reviewx,"ReviewX – WooCommerce Product Reviews with Multi-Criteria, Reminder Emails, Google Reviews, Schema & More",2.0.3,2.0.2,https://downloads.wordpress.org/plugin/reviewx.2.0.3.zip,"2024-11-27 09:39:00",https://wordpress.org/plugins/reviewx/,5.0,7.4
samedaycourier-shipping,"SamedayCourier Shipping",1.8.7,1.8.6,https://downloads.wordpress.org/plugin/samedaycourier-shipping.1.8.7.zip,"2024-11-27 08:54:00",https://wordpress.org/plugins/samedaycourier-shipping/,6.6.0,7.4
seo-by-rank-math,"Rank Math SEO – AI SEO Tools to Dominate SEO Rankings",1.0.233,1.0.232,https://downloads.wordpress.org/plugin/seo-by-rank-math.1.0.233.zip,"2024-11-27 09:57:00",https://wordpress.org/plugins/seo-by-rank-math/,6.3,7.4
showcase-creator,"Showcase Creator",1.0.6,1.0.5,https://downloads.wordpress.org/plugin/showcase-creator.1.0.6.zip,"2024-11-27 11:05:00",https://wordpress.org/plugins/showcase-creator/,6.1,7.0
side-cart-woocommerce,"Side Cart Woocommerce | Woocommerce Cart",2.5.6,2.5.4,https://downloads.wordpress.org/plugin/side-cart-woocommerce.2.5.6.zip,"2024-11-27 08:51:00",https://wordpress.org/plugins/side-cart-woocommerce/,3.0.1,
simple-csv-exporter,"Simple CSV Exporter",2.1.8,2.0.1,https://downloads.wordpress.org/plugin/simple-csv-exporter.2.1.8.zip,"2024-11-27 09:05:00",https://wordpress.org/plugins/simple-csv-exporter/,5.8,7.4
smart-phone-field-for-gravity-forms,"Smart phone field for Gravity Forms",2.1.4,2.1.2,https://downloads.wordpress.org/plugin/smart-phone-field-for-gravity-forms.2.1.4.zip,"2024-11-27 10:07:00",https://wordpress.org/plugins/smart-phone-field-for-gravity-forms/,5.0,7.4
source-medium-tracker-for-contact-form-7,"Source Medium Tracker for Contact Form 7",2.3,2.2.2,https://downloads.wordpress.org/plugin/source-medium-tracker-for-contact-form-7.2.3.zip,"2024-11-27 09:11:00",https://wordpress.org/plugins/source-medium-tracker-for-contact-form-7/,5.0,7.0
templatiq,Templatiq,0.2.2,0.2.1,https://downloads.wordpress.org/plugin/templatiq.0.2.2.zip,"2024-11-27 09:19:00",https://wordpress.org/plugins/templatiq/,6.0,7.4
text-unfold-for-elementor,"Text Unfold For Elementor",1.1.3,1.1.2,https://downloads.wordpress.org/plugin/text-unfold-for-elementor.1.1.3.zip,"2024-11-27 11:17:00",https://wordpress.org/plugins/text-unfold-for-elementor/,6.0,7.0
the-post-grid,"The Post Grid – Shortcode, Gutenberg Blocks and Elementor Addon for Post Grid",7.7.15,7.7.14,https://downloads.wordpress.org/plugin/the-post-grid.7.7.16.zip,"2024-11-27 10:27:00",https://wordpress.org/plugins/the-post-grid/,4.5,7.4
themehigh-multiple-addresses,"Multiple Shipping Addresses for WooCommerce (Address Book)",2.2.8,2.2.7,https://downloads.wordpress.org/plugin/themehigh-multiple-addresses.2.2.8.zip,"2024-11-27 09:11:00",https://wordpress.org/plugins/themehigh-multiple-addresses/,5.2,7.0.0
tidio-live-chat,"Tidio – Live Chat & AI Chatbots",6.0.23,6.0.21,https://downloads.wordpress.org/plugin/tidio-live-chat.6.0.23.zip,"2024-11-27 09:28:00",https://wordpress.org/plugins/tidio-live-chat/,4.7,7.2
tlp-portfolio,Portfolio,2.8.19,2.8.18,https://downloads.wordpress.org/plugin/tlp-portfolio.2.8.19.zip,"2024-11-27 09:10:00",https://wordpress.org/plugins/tlp-portfolio/,5.0,7.0
tourfic,"Tourfic – Ultimate Hotel Booking, Travel Booking & Apartment Booking WordPress Plugin | WooCommerce Booking",2.15.2,2.15.0,https://downloads.wordpress.org/plugin/tourfic.2.15.2.zip,"2024-11-27 08:28:00",https://wordpress.org/plugins/tourfic/,5.4,7.4
travelfic-toolkit,"Tourfic Toolkit",1.1.2,1.1.1,https://downloads.wordpress.org/plugin/travelfic-toolkit.1.1.3.zip,"2024-11-27 08:35:00",https://wordpress.org/plugins/travelfic-toolkit/,5.4,7.4
unusedcss,"RapidLoad – Optimize Web Vitals Automatically",2.4.2,2.4.1,https://downloads.wordpress.org/plugin/unusedcss.2.4.2.zip,"2024-11-27 10:00:00",https://wordpress.org/plugins/unusedcss/,5.0,5.4
video-gallery-block,"Video Gallery Block – Display your videos as a gallery in a professional way",1.0.8,1.0.7,https://downloads.wordpress.org/plugin/video-gallery-block.1.0.8.zip,"2024-11-27 10:49:00",https://wordpress.org/plugins/video-gallery-block/,6.5,7.1
webappick-product-feed-for-woocommerce,"CTX Feed – WooCommerce Product Feed Manager",6.5.34,6.5.33,https://downloads.wordpress.org/plugin/webappick-product-feed-for-woocommerce.6.5.34.zip,"2024-11-27 10:58:00",https://wordpress.org/plugins/webappick-product-feed-for-woocommerce/,4.4,5.6
woo-gift-cards-lite,"Ultimate Gift Cards for WooCommerce – Create WooCommerce Gift Cards, Gift Vouchers, Redeem & Manage Digital Gift Coupons. Offer Gift Certificates, Schedule Gift Cards, and Use Advance Coupons With Personalized Templates",3.0.6,3.0.3,https://downloads.wordpress.org/plugin/woo-gift-cards-lite.3.0.6.zip,"2024-11-27 09:17:00",https://wordpress.org/plugins/woo-gift-cards-lite/,5.1.0,7.4
woolementor,"CoDesigner – All in One Elementor WooCommerce Builder",4.7.12,4.7.11,https://downloads.wordpress.org/plugin/woolementor.4.7.12.zip,"2024-11-27 09:28:00",https://wordpress.org/plugins/woolementor/,5.0,7.0
wp-health,"WP Umbrella: Update Backup Restore & Monitoring",2.17.0,2.16.4,https://downloads.wordpress.org/plugin/wp-health.v2.17.0.zip,"2024-11-27 09:44:00",https://wordpress.org/plugins/wp-health/,5.8,7.2
wp-migrate-2-aws,"WP on AWS",5.2.11,5.2.1,https://downloads.wordpress.org/plugin/wp-migrate-2-aws.zip,"2024-11-27 08:50:00",https://wordpress.org/plugins/wp-migrate-2-aws/,4.8,5.6
wp-news-magazine,"WP News – WordPress News / Magazine Plugin",1.2.1,1.2.0,https://downloads.wordpress.org/plugin/wp-news-magazine.1.2.1.zip,"2024-11-27 09:23:00",https://wordpress.org/plugins/wp-news-magazine/,5.0,
wp-team-manager,"Team Manager – WordPress Showcase Team Members",2.1.20,2.1.18,https://downloads.wordpress.org/plugin/wp-team-manager.2.1.20.zip,"2024-11-27 11:22:00",https://wordpress.org/plugins/wp-team-manager/,6.0.0,7.4
wp-ultimate-csv-importer,"Import Export Suite for CSV and XML Datafeed",7.13,7.12,https://downloads.wordpress.org/plugin/wp-ultimate-csv-importer.7.13.zip,"2024-11-27 08:59:00",https://wordpress.org/plugins/wp-ultimate-csv-importer/,5.0,7.4
wp-ultimate-exporter,"Export All Posts, Products, Orders, Refunds & Users",2.9,2.8,https://downloads.wordpress.org/plugin/wp-ultimate-exporter.2.9.zip,"2024-11-27 08:38:00",https://wordpress.org/plugins/wp-ultimate-exporter/,5.0,7.4
wpfunnels,"Easiest Funnel Builder For WordPress & WooCommerce by WPFunnels",3.5.7,3.5.3,https://downloads.wordpress.org/plugin/wpfunnels.3.5.7.zip,"2024-11-27 11:05:00",https://wordpress.org/plugins/wpfunnels/,6.1,7.4
yop-poll,"YOP Poll",6.5.35,6.5.33,https://downloads.wordpress.org/plugin/yop-poll.6.5.35.zip,"2024-11-27 09:34:00",https://wordpress.org/plugins/yop-poll/,3.3,
affi-affiliate-marketing-for-woo,"AFFI – Affiliate Marketing for WooCommerce",1.0.0,,https://downloads.wordpress.org/plugin/affi-affiliate-marketing-for-woo.zip,"2024-11-27 10:33:00",https://wordpress.org/plugins/affi-affiliate-marketing-for-woo/,6.2,7.0
bluetape-payment-gateway,"BlueTape Payment Gateway",1.0.1,,https://downloads.wordpress.org/plugin/bluetape-payment-gateway.zip,"2024-11-27 11:10:00",https://wordpress.org/plugins/bluetape-payment-gateway/,5.0,
disable-auto-sizes,"Disable Auto-Sizes",1.0.0,,https://downloads.wordpress.org/plugin/disable-auto-sizes.zip,"2024-11-27 10:50:00",https://wordpress.org/plugins/disable-auto-sizes/,6.7.1,7.2.24
extra-product-data-for-woocommerce,"Extra Product Data for WooCommerce",1.2.0,,https://downloads.wordpress.org/plugin/extra-product-data-for-woocommerce.1.2.0.zip,"2024-11-27 10:59:00",https://wordpress.org/plugins/extra-product-data-for-woocommerce/,5.0,8.2
salechaty-ai-chatbot,"SaleChaty – AI Chatbot",1.0.2,,https://downloads.wordpress.org/plugin/salechaty-ai-chatbot.1.0.2.zip,"2024-11-27 08:40:00",https://wordpress.org/plugins/salechaty-ai-chatbot/,4.7,5.6
disable-auto-sizes,"Disable Auto-Sizes",1.0,1.0.0,https://downloads.wordpress.org/plugin/disable-auto-sizes.1.0.zip,"2024-11-27 12:27:00",https://wordpress.org/plugins/disable-auto-sizes/,6.7.1,7.2.24
administrator-z,"Administrator Z",2024.11.27,2024.11.20,https://downloads.wordpress.org/plugin/administrator-z.zip,"2024-11-27 16:38:00",https://wordpress.org/plugins/administrator-z/,6.0,8.0
chaty,"Floating Chat Widget: Contact Chat Icons, Telegram Chat, Line Messenger, WeChat, Email, SMS, Call Button, WhatsApp – Chaty",3.3.2,3.3,https://downloads.wordpress.org/plugin/chaty.3.3.2.zip,"2024-11-27 16:34:00",https://wordpress.org/plugins/chaty/,3.1,
click-n-chat,"Click n Chat (Chat Widget Integration)",1.0.6,1.0.5,https://downloads.wordpress.org/plugin/click-n-chat.1.0.6.zip,"2024-11-27 15:58:00",https://wordpress.org/plugins/click-n-chat/,5.0,5.6.4
code-snippets,"Code Snippets",3.6.6.1,3.6.5.1,https://downloads.wordpress.org/plugin/code-snippets.3.6.6.1.zip,"2024-11-27 16:57:00",https://wordpress.org/plugins/code-snippets/,5.0,7.4
instapunchout,InstaPunchout,1.0.66,1.0.63,https://downloads.wordpress.org/plugin/instapunchout.1.0.66.zip,"2024-11-27 17:22:00",https://wordpress.org/plugins/instapunchout/,,5.7
iubenda-cookie-law-solution,"iubenda | All-in-one Compliance for GDPR / CCPA Cookie Consent + more",3.11.3,3.11.2,https://downloads.wordpress.org/plugin/iubenda-cookie-law-solution.3.11.3.zip,"2024-11-27 17:24:00",https://wordpress.org/plugins/iubenda-cookie-law-solution/,5.0,7.0.0
live-auto-refresh,"Live Auto Refresh",1.1,1.0,https://downloads.wordpress.org/plugin/live-auto-refresh.1.1.zip,"2024-11-27 16:55:00",https://wordpress.org/plugins/live-auto-refresh/,4.7,7.0
order-notification-for-telegram-bot,"اطلاع رسانی سفارشات ووکامرس توسط ربات تلگرام (بدون نیاز به پراکسی برای هاست های ایران)",1.8.4.4,1.8.4,https://downloads.wordpress.org/plugin/order-notification-for-telegram-bot.1.8.4.4.zip,"2024-11-27 16:00:00",https://wordpress.org/plugins/order-notification-for-telegram-bot/,6.0,7.4
pdf-flipbook-heyzine,"PDF Flipbook Heyzine",2.0.0,1.0.0,https://downloads.wordpress.org/plugin/pdf-flipbook-heyzine.2.0.0.zip,"2024-11-27 16:45:00",https://wordpress.org/plugins/pdf-flipbook-heyzine/,5.0,7.2
quicktasker,QuickTasker,1.10.1,1.10.0,https://downloads.wordpress.org/plugin/quicktasker.1.10.1.zip,"2024-11-27 16:35:00",https://wordpress.org/plugins/quicktasker/,5.3,7.2.28
real-estate-right-now,"Real Estate Property 2024 Create Your Own Fields and Search Bar",4.27,4.23,https://downloads.wordpress.org/plugin/real-estate-right-now.4.27.zip,"2024-11-27 16:47:00",https://wordpress.org/plugins/real-estate-right-now/,6.0,
redirect-txt,Redirect.txt,0.2.5,0.2.4,https://downloads.wordpress.org/plugin/redirect-txt.0.2.5.zip,"2024-11-27 16:05:00",https://wordpress.org/plugins/redirect-txt/,6.2,7.2
uv-b-connector-for-woocommerce,"Utánvét Ellenőr",3.0.0,2.0.2,https://downloads.wordpress.org/plugin/uv-b-connector-for-woocommerce.zip,"2024-11-27 17:25:00",https://wordpress.org/plugins/uv-b-connector-for-woocommerce/,,8.1
vk-all-in-one-expansion-unit,"VK All in One Expansion Unit",9.100.7.0,9.100.5.0,https://downloads.wordpress.org/plugin/vk-all-in-one-expansion-unit.9.100.7.0.zip,"2024-11-27 15:47:00",https://wordpress.org/plugins/vk-all-in-one-expansion-unit/,6.3,7.4
woo-payment-gateway,"Payment Plugins Braintree For WooCommerce",3.2.59,3.2.57,https://downloads.wordpress.org/plugin/woo-payment-gateway.3.2.59.zip,"2024-11-27 17:08:00",https://wordpress.org/plugins/woo-payment-gateway/,3.0.1,5.6
woorewards,"MyRewards – Loyalty Points and Rewards for WooCommerce – Reward orders, referrals, product reviews and more",5.4.6,5.4.4,https://downloads.wordpress.org/plugin/woorewards.5.4.6.zip,"2024-11-27 16:02:00",https://wordpress.org/plugins/woorewards/,5.3,7.0.0
wpc-product-quantity,"WPC Product Quantity for WooCommerce",5.0.5,5.0.4,https://downloads.wordpress.org/plugin/wpc-product-quantity.5.0.5.zip,"2024-11-27 16:59:00",https://wordpress.org/plugins/wpc-product-quantity/,4.0,
input-masks-for-contact-form-7,"Input Masks for Contact Form 7",1.0.0,,https://downloads.wordpress.org/plugin/input-masks-for-contact-form-7.zip,"2024-11-27 16:59:00",https://wordpress.org/plugins/input-masks-for-contact-form-7/,2.0,5.2
atec-stats,"atec Stats",1.0.18,1.0.17,https://downloads.wordpress.org/plugin/atec-stats.1.0.18.zip,"2024-11-27 15:38:00",https://wordpress.org/plugins/atec-stats/,5.2,7.4
atec-system-info,"atec System Info",1.1.12,1.1.11,https://downloads.wordpress.org/plugin/atec-system-info.1.1.12.zip,"2024-11-27 15:38:00",https://wordpress.org/plugins/atec-system-info/,5.2,7.4
atec-web-map-service,"atec web-map-service",1.6.8,1.6.7,https://downloads.wordpress.org/plugin/atec-web-map-service.1.6.8.zip,"2024-11-27 15:38:00",https://wordpress.org/plugins/atec-web-map-service/,5.2,7.4
auto-featured-image-from-title,"Auto Featured Image from Title",2.4,,https://downloads.wordpress.org/plugin/auto-featured-image-from-title.zip,"2024-11-27 16:49:00",https://wordpress.org/plugins/auto-featured-image-from-title/,3.5,
cf7-conditional-fields,"Conditional Fields for Contact Form 7",2.5.2,2.4.15,https://downloads.wordpress.org/plugin/cf7-conditional-fields.2.5.2.zip,"2024-11-27 15:39:00",https://wordpress.org/plugins/cf7-conditional-fields/,5.0,7.0
fluent-community,"FluentCommunity – Full-fledge Social Network, Community & LMS",1.1.11,1.1.0,https://downloads.wordpress.org/plugin/fluent-community.1.1.11.zip,"2024-11-27 15:38:00",https://wordpress.org/plugins/fluent-community/,6.0,7.3
uv-b-connector-for-woocommerce,"Utánvét Ellenőr",3.0.1,3.0.0,https://downloads.wordpress.org/plugin/uv-b-connector-for-woocommerce.zip,"2024-11-27 20:47:00",https://wordpress.org/plugins/uv-b-connector-for-woocommerce/,,8.1
bmlt-tabbed-map,"BMLT Tabbed Map",1.2.0,1.1.8,https://downloads.wordpress.org/plugin/bmlt-tabbed-map.1.2.0.zip,"2024-11-28 01:34:00",https://wordpress.org/plugins/bmlt-tabbed-map/,4.0,
captchinoo-captcha-for-login-form-protection,"Captchinoo, admin login page protection with Google recaptcha",4.2,4.1,https://downloads.wordpress.org/plugin/captchinoo-captcha-for-login-form-protection.4.2.zip,"2024-11-28 01:37:00",https://wordpress.org/plugins/captchinoo-captcha-for-login-form-protection/,4.6,
convertkit-membermouse,"Kit (formerly ConvertKit) for MemberMouse",1.2.8,1.2.6,https://downloads.wordpress.org/plugin/convertkit-membermouse.1.2.8.zip,"2024-11-28 00:22:00",https://wordpress.org/plugins/convertkit-membermouse/,5.0,5.6.20
convertkit,"Kit (formerly ConvertKit) – Email Newsletter, Email Marketing, Subscribers and Landing Pages",2.6.6,2.6.2,https://downloads.wordpress.org/plugin/convertkit.2.6.6.zip,"2024-11-28 00:36:00",https://wordpress.org/plugins/convertkit/,5.0,5.6.20
customer-reviews-woocommerce,"Customer Reviews for WooCommerce",5.64.0,5.62.0,https://downloads.wordpress.org/plugin/customer-reviews-woocommerce.5.64.0.zip,"2024-11-28 00:51:00",https://wordpress.org/plugins/customer-reviews-woocommerce/,4.5,7.2
easy-fancybox,"Firelight Lightbox",2.3.9,2.3.5,https://downloads.wordpress.org/plugin/easy-fancybox.2.3.9.zip,"2024-11-28 00:26:00",https://wordpress.org/plugins/easy-fancybox/,5.0,7.0
listdomer-core,"Listdomer Core – Core of Listdomer Theme",2.6.0,2.3.0,https://downloads.wordpress.org/plugin/listdomer-core.2.6.0.zip,"2024-11-28 01:38:00",https://wordpress.org/plugins/listdomer-core/,4.0.0,7.0
markup-markdown,"Markup Markdown",3.10.2,3.9.1,https://downloads.wordpress.org/plugin/markup-markdown.3.10.2.zip,"2024-11-28 01:09:00",https://wordpress.org/plugins/markup-markdown/,4.9,5.6.0
open-user-map,"Open User Map",1.3.54,1.3.53,https://downloads.wordpress.org/plugin/open-user-map.1.3.54.zip,"2024-11-27 23:10:00",https://wordpress.org/plugins/open-user-map/,5.5,7.0
photoberry-studio,"PhotoBerry Studio for Photographers – Image Selection, Proofing, Watermarking & Client Management",1.0.8,1.0.7,https://downloads.wordpress.org/plugin/photoberry-studio.1.0.8.zip,"2024-11-28 01:22:00",https://wordpress.org/plugins/photoberry-studio/,,7.2
seraphinite-accelerator,"Seraphinite Accelerator",2.22.15,2.22.12,https://downloads.wordpress.org/plugin/seraphinite-accelerator.2.22.15.zip,"2024-11-27 23:43:00",https://wordpress.org/plugins/seraphinite-accelerator/,4.5,7.1
voya-chile-lugares-y-cotizador-de-despachos,"Voyapp – Lugares y Cotizador de Despachos",1.7.7,1.7.3,https://downloads.wordpress.org/plugin/voya-chile-lugares-y-cotizador-de-despachos.1.7.7.zip,"2024-11-28 00:29:00",https://wordpress.org/plugins/voya-chile-lugares-y-cotizador-de-despachos/,5.6,7.0
woocommerce-direct-checkout,"Direct Checkout for WooCommerce",3.4.1,3.4.0,https://downloads.wordpress.org/plugin/woocommerce-direct-checkout.zip,"2024-11-28 00:46:00",https://wordpress.org/plugins/woocommerce-direct-checkout/,4.7,5.6
wp-stats-manager,"WP Visitor Statistics (Real Time Traffic)",7.2,6.9.6,https://downloads.wordpress.org/plugin/wp-stats-manager.7.2.zip,"2024-11-28 00:35:00",https://wordpress.org/plugins/wp-stats-manager/,5.0,
wpematico,"WPeMatico RSS Feed Fetcher",2.7.11,2.7.10,https://downloads.wordpress.org/plugin/wpematico.2.7.11.zip,"2024-11-28 00:16:00",https://wordpress.org/plugins/wpematico/,4.8,7.0
atec-webp,"atec WebP",1.0.12,,https://downloads.wordpress.org/plugin/atec-webp.1.0.12.zip,"2024-11-27 23:23:00",https://wordpress.org/plugins/atec-webp/,5.2,7.4
error-messages-404,"< error messages > 404",1.0.1,,https://downloads.wordpress.org/plugin/error-messages-404.1.0.1.zip,"2024-11-27 23:06:00",https://wordpress.org/plugins/error-messages-404/,5.0,7.2
mega-cache,"Mega Cache",1.0.9,,https://downloads.wordpress.org/plugin/mega-cache.1.0.9.zip,"2024-11-27 23:08:00",https://wordpress.org/plugins/mega-cache/,5.2,7.4
am-lottieplayer,"AM LottiePlayer",3.4.2,3.4.0,https://downloads.wordpress.org/plugin/am-lottieplayer.3.4.2.zip,"2024-11-28 08:17:00",https://wordpress.org/plugins/am-lottieplayer/,5.9,7.0
anywhere-elementor,"AnyWhere Elementor",1.2.12,1.2.11,https://downloads.wordpress.org/plugin/anywhere-elementor.1.2.12.zip,"2024-11-28 08:17:00",https://wordpress.org/plugins/anywhere-elementor/,5.0,
apoyl-video,[凹凸曼]播放视频,2.0.0,1.9.1,https://downloads.wordpress.org/plugin/apoyl-video.zip,"2024-11-28 07:52:00",https://wordpress.org/plugins/apoyl-video/,6.0,7.4
chpter,chpter.,3.1.6,3.1.3,https://downloads.wordpress.org/plugin/chpter.zip,"2024-11-28 07:16:00",https://wordpress.org/plugins/chpter/,2.2,
classified,"WP Classified",3.1.1,3.1.0,https://downloads.wordpress.org/plugin/classified.3.1.1.zip,"2024-11-28 08:22:00",https://wordpress.org/plugins/classified/,6.0,7.4
cleantalk-spam-protect,"Spam protection, Anti-Spam, FireWall by CleanTalk",6.46,6.45.2,https://downloads.wordpress.org/plugin/cleantalk-spam-protect.6.46.zip,"2024-11-28 07:27:00",https://wordpress.org/plugins/cleantalk-spam-protect/,4.7,5.6
cozy-essential-addons,"Cozy Essential Addons",1.2.32,1.2.31,https://downloads.wordpress.org/plugin/cozy-essential-addons.1.2.32.zip,"2024-11-28 06:21:00",https://wordpress.org/plugins/cozy-essential-addons/,5.9,7.3.0
deen-author-profile-widget,"DeenWap – Author Profile Widget For Elementor",1.0.3,1.0.2,https://downloads.wordpress.org/plugin/deen-author-profile-widget.zip,"2024-11-28 07:28:00",https://wordpress.org/plugins/deen-author-profile-widget/,5.8,7.4
gallery-box,"Gallery Box",1.7.37,1.7.36,https://downloads.wordpress.org/plugin/gallery-box.zip,"2024-11-28 06:15:00",https://wordpress.org/plugins/gallery-box/,5.0,5.6
linguise,"Linguise – Automatic multilingual translation",2.0.32,2.0.29,https://downloads.wordpress.org/plugin/linguise.2.0.32.zip,"2024-11-28 07:32:00",https://wordpress.org/plugins/linguise/,4.0,7.0
mine-cloudvod,"Video and Audio Player for WordPress – Mine CloudVod LMS",1.9.21,1.9.20,https://downloads.wordpress.org/plugin/mine-cloudvod.zip,"2024-11-28 07:56:00",https://wordpress.org/plugins/mine-cloudvod/,6.1,7.0
nps-computy,"NPS computy",2.8.1,2.8.0,https://downloads.wordpress.org/plugin/nps-computy.2.8.1.zip,"2024-11-28 08:08:00",https://wordpress.org/plugins/nps-computy/,4.5,7.4
oxygen-mydata,"Oxygen MyData for WooCommerce",1.0.39,1.0.36,https://downloads.wordpress.org/plugin/oxygen-mydata.1.0.39.zip,"2024-11-28 08:17:00",https://wordpress.org/plugins/oxygen-mydata/,5.5,
product-tabs-manager,"Product Tabs Manager – Tailor Your Store Product Tabs Effortlessly",1.1.0,1.0.4,https://downloads.wordpress.org/plugin/product-tabs-manager.1.1.0.zip,"2024-11-28 06:11:00",https://wordpress.org/plugins/product-tabs-manager/,5.2,7.4
pure-metafields,"Pure Metafields",1.3.9,1.3.5,https://downloads.wordpress.org/plugin/pure-metafields.1.3.9.zip,"2024-11-28 06:06:00",https://wordpress.org/plugins/pure-metafields/,5.6,7.4
relevanssi,"Relevanssi – A Better Search",4.24.0,4.23.1,https://downloads.wordpress.org/plugin/relevanssi.4.24.0.zip,"2024-11-28 07:25:00",https://wordpress.org/plugins/relevanssi/,4.9,7.0
rsfirewall,RSFirewall!,1.1.37,1.1.36,https://downloads.wordpress.org/plugin/rsfirewall.zip,"2024-11-28 06:39:00",https://wordpress.org/plugins/rsfirewall/,4.5.15,5.4
shiftcontroller,"ShiftController Employee Shift Scheduling",4.9.72,4.9.71,https://downloads.wordpress.org/plugin/shiftcontroller.4.9.72.zip,"2024-11-28 06:12:00",https://wordpress.org/plugins/shiftcontroller/,4.1,5.6
speechkit,"BeyondWords – Text-to-Speech",5.2.1,5.1.0,https://downloads.wordpress.org/plugin/speechkit.5.2.1.zip,"2024-11-28 08:29:00",https://wordpress.org/plugins/speechkit/,5.8,8.0
squarewoosync,"Square Sync for WooCommerce | Comprehensive Data Sync Between Square and WooCommerce",5.0.4,5.0.2,https://downloads.wordpress.org/plugin/squarewoosync.5.0.3.zip,"2024-11-28 08:13:00",https://wordpress.org/plugins/squarewoosync/,5.4,7.4
stopbadbots,"Block Bad Bots and Stop Bad Bots Crawlers and Spiders and Anti Spam Protection",10.60,10.59,https://downloads.wordpress.org/plugin/stopbadbots.10.60.zip,"2024-11-28 08:23:00",https://wordpress.org/plugins/stopbadbots/,4.0,5.6
testimonial-slider-and-showcase,"Testimonial – Testimonial Slider and Showcase Plugin",2.3.13,2.3.12,https://downloads.wordpress.org/plugin/testimonial-slider-and-showcase.2.3.13.zip,"2024-11-28 06:14:00",https://wordpress.org/plugins/testimonial-slider-and-showcase/,5.6,
utm-event-tracker-and-analytics,"UTM Event Tracker and Analytics, UTM Grabber",1.0.5,1.0.3,https://downloads.wordpress.org/plugin/utm-event-tracker-and-analytics.1.0.5.zip,"2024-11-28 07:33:00",https://wordpress.org/plugins/utm-event-tracker-and-analytics/,6.2,7.4.3
vitepos-lite,"Vitepos – Point of sale (POS) plugin for WooCommerce",3.1.3,3.1.1,https://downloads.wordpress.org/plugin/vitepos-lite.3.1.3.zip,"2024-11-28 08:29:00",https://wordpress.org/plugins/vitepos-lite/,5.2,7.2
woo-payrexx-gateway,"WooCommerce Payrexx Payment Gateway",3.0.23,3.0.20,https://downloads.wordpress.org/plugin/woo-payrexx-gateway.3.0.23.zip,"2024-11-28 06:33:00",https://wordpress.org/plugins/woo-payrexx-gateway/,4.4,
woo-xendit-virtual-accounts,"Woocommerce – Xendit",5.1.5,5.1.2,https://downloads.wordpress.org/plugin/woo-xendit-virtual-accounts.5.1.5.zip,"2024-11-28 08:23:00",https://wordpress.org/plugins/woo-xendit-virtual-accounts/,4.9.16,
wptelegram-widget,"WP Telegram Widget and Join Link",2.2.5,2.1.30,https://downloads.wordpress.org/plugin/wptelegram-widget.2.2.5.zip,"2024-11-28 06:00:00",https://wordpress.org/plugins/wptelegram-widget/,6.4,7.4
xserver-migrator,"XServer Migrator",1.6.5,1.6.4,https://downloads.wordpress.org/plugin/xserver-migrator.1.6.5.zip,"2024-11-28 07:50:00",https://wordpress.org/plugins/xserver-migrator/,4.2.29,
business-identity-login,"Business Identity Login",1.0.1,,https://downloads.wordpress.org/plugin/business-identity-login.1.0.1.zip,"2024-11-28 06:25:00",https://wordpress.org/plugins/business-identity-login/,5.0,7.2
cheerlink-ai-chat,"Cheerlink Livechat, AI Chatbot",1.0.0,,https://downloads.wordpress.org/plugin/cheerlink-ai-chat.1.0.0.zip,"2024-11-28 07:12:00",https://wordpress.org/plugins/cheerlink-ai-chat/,5.0,7.2
ecommerce-frauds-check,"Ecommerce Frauds Check",1.0.0,,https://downloads.wordpress.org/plugin/ecommerce-frauds-check.zip,"2024-11-28 07:05:00",https://wordpress.org/plugins/ecommerce-frauds-check/,5.8,7.2
mrkv-review-reminder,"Morkva Review Reminder",1.0.0,,https://downloads.wordpress.org/plugin/mrkv-review-reminder.1.0.0.zip,"2024-11-28 07:28:00",https://wordpress.org/plugins/mrkv-review-reminder/,6.0,7.4
otys-jobs-apply,"OTYS Plugin",2.0.60,2.0.59,https://downloads.wordpress.org/plugin/otys-jobs-apply.2.0.60.zip,"2024-11-28 14:30:00",https://wordpress.org/plugins/otys-jobs-apply/,6.0,7.4
sensfrx-fraud-prevention-for-woocommerce,"Sensfrx – Fraud Prevention for WooCommerce",1.0.12,1.0.10,https://downloads.wordpress.org/plugin/sensfrx-fraud-prevention-for-woocommerce.1.0.12.zip,"2024-11-28 14:18:00",https://wordpress.org/plugins/sensfrx-fraud-prevention-for-woocommerce/,5.2,7.2
smart-swatches,"Product Variation Swatches for WooCommerce – Smart Swatches",1.0.0,,https://downloads.wordpress.org/plugin/smart-swatches.1.0.0.zip,"2024-11-28 14:21:00",https://wordpress.org/plugins/smart-swatches/,5.3,
adcaptcha,"adCAPTCHA for WordPress",1.5.3,1.5.1,https://downloads.wordpress.org/plugin/adcaptcha.1.5.3.zip,"2024-11-28 13:25:00",https://wordpress.org/plugins/adcaptcha/,6.4.2,7.4
affiliaa-affiliate-program-with-mlm,"Affilia – Affiliate Program for WooCommerce",3.2.2,3.2.0,https://downloads.wordpress.org/plugin/affiliaa-affiliate-program-with-mlm.3.2.2.zip,"2024-11-28 12:34:00",https://wordpress.org/plugins/affiliaa-affiliate-program-with-mlm/,3.0.1,5.6.2
ai-for-seo,"AI for SEO – Bulk Generate Metadata, Alt Text, Image Titles, Captions, Descriptions",1.2.8,1.2.2,https://downloads.wordpress.org/plugin/ai-for-seo.1.2.8.zip,"2024-11-28 13:19:00",https://wordpress.org/plugins/ai-for-seo/,4.0,7.4
ai-workflow-automation-lite,"AI Workflow Automation",1.2.1,1.1.0,https://downloads.wordpress.org/plugin/ai-workflow-automation-lite.1.2.1.zip,"2024-11-28 13:05:00",https://wordpress.org/plugins/ai-workflow-automation-lite/,6.0.0,7.2
bma-lite-appointment-booking-and-scheduling,"BMA Lite – Appointment Booking and Scheduling Plugin",1.4.2,1.4.1,https://downloads.wordpress.org/plugin/bma-lite-appointment-booking-and-scheduling.1.4.2.zip,"2024-11-28 13:45:00",https://wordpress.org/plugins/bma-lite-appointment-booking-and-scheduling/,3.0.1,
bp-custom-order-status-for-woocommerce,"Custom Order Status Manager for WooCommerce",1.1.4,1.1.3.2,https://downloads.wordpress.org/plugin/bp-custom-order-status-for-woocommerce.1.1.4.zip,"2024-11-28 12:44:00",https://wordpress.org/plugins/bp-custom-order-status-for-woocommerce/,4.9,7.2.0
burger-companion,"Burger Companion",7.3,7.2,https://downloads.wordpress.org/plugin/burger-companion.7.3.zip,"2024-11-28 13:11:00",https://wordpress.org/plugins/burger-companion/,4.0,5.6
chainwire-integration,"Chainwire Integration",1.0.24,1.0.23,https://downloads.wordpress.org/plugin/chainwire-integration.1.0.24.zip,"2024-11-28 13:17:00",https://wordpress.org/plugins/chainwire-integration/,4.6,
contact-form-vcard-generator,"Contact Form vCard Generator",2.3,2.2,https://downloads.wordpress.org/plugin/contact-form-vcard-generator.2.3.zip,"2024-11-28 13:21:00",https://wordpress.org/plugins/contact-form-vcard-generator/,5.7,8.1
elex-reachship-multi-carrier-conditional-shipping,"ReachShip WooCommerce Multi-Carrier & Conditional Shipping",4.1.3,4.1.0,https://downloads.wordpress.org/plugin/elex-reachship-multi-carrier-conditional-shipping.4.1.3.zip,"2024-11-28 14:10:00",https://wordpress.org/plugins/elex-reachship-multi-carrier-conditional-shipping/,3.0.1,
fib-payments-gateway,"FIB Payments Gateway",1.3.1,1.2.2,https://downloads.wordpress.org/plugin/fib-payments-gateway.zip,"2024-11-28 12:43:00",https://wordpress.org/plugins/fib-payments-gateway/,4.2,7.2
friendly-captcha,"Friendly Captcha for WordPress",1.15.5,1.15.3,https://downloads.wordpress.org/plugin/friendly-captcha.1.15.5.zip,"2024-11-28 14:14:00",https://wordpress.org/plugins/friendly-captcha/,5.0,7.3
gyrojob-backlinks,"Gyrojob Backlinks",1.3.14,1.3.12,https://downloads.wordpress.org/plugin/gyrojob-backlinks.zip,"2024-11-28 13:16:00",https://wordpress.org/plugins/gyrojob-backlinks/,5.2,7.2
helloprint,"Plug your WooCommerce into the largest catalog of customized print products from Helloprint",2.0.6,,https://downloads.wordpress.org/plugin/helloprint.2.0.6.zip,"2024-11-28 13:26:00",https://wordpress.org/plugins/helloprint/,5.0.0,7.4
invox-call-tracking,"INVOX Call Tracking",1.1,1.0,https://downloads.wordpress.org/plugin/invox-call-tracking.1.1.zip,"2024-11-28 12:32:00",https://wordpress.org/plugins/invox-call-tracking/,4.9,7.0
knit-pay-upi,"Knit Pay UPI – Paytm for Business, PhonePe Business, BharatPe, HDFC",1.5.0.2,1.5.0.0,https://downloads.wordpress.org/plugin/knit-pay-upi.1.5.0.2.zip,"2024-11-28 12:39:00",https://wordpress.org/plugins/knit-pay-upi/,6.5,8.0
luckywp-acf-menu-field,"LuckyWP ACF Menu Field",1.0.2,1.0,https://downloads.wordpress.org/plugin/luckywp-acf-menu-field.1.0.2.zip,"2024-11-28 14:02:00",https://wordpress.org/plugins/luckywp-acf-menu-field/,4.7,5.6.20
multi-crypto-currency-payment,"Multi CryptoCurrency Payments",2.0.1,1.2.9,https://downloads.wordpress.org/plugin/multi-crypto-currency-payment.zip,"2024-11-28 13:53:00",https://wordpress.org/plugins/multi-crypto-currency-payment/,5.6,7.4
mylivecart,MyLiveCart,1.0.3,1.0.2,https://downloads.wordpress.org/plugin/mylivecart.1.0.3.zip,"2024-11-28 13:54:00",https://wordpress.org/plugins/mylivecart/,5.5,7.2
nightingale-companion,"Nightingale Companion",1.3.7,1.3.6,https://downloads.wordpress.org/plugin/nightingale-companion.1.3.7.zip,"2024-11-28 14:03:00",https://wordpress.org/plugins/nightingale-companion/,5.0,5.6
oxygen-mydata,"Oxygen MyData for WooCommerce",1.0.40,1.0.39,https://downloads.wordpress.org/plugin/oxygen-mydata.1.0.40.zip,"2024-11-28 12:39:00",https://wordpress.org/plugins/oxygen-mydata/,5.5,
reviewscouk-for-woocommerce,"REVIEWS.io for WooCommerce",1.4.0,1.3.10,https://downloads.wordpress.org/plugin/reviewscouk-for-woocommerce.1.4.0.zip,"2024-11-28 12:56:00",https://wordpress.org/plugins/reviewscouk-for-woocommerce/,,7.4
shutterpress-gallery,"Shutterpress Gallery",1.3.1,1.2.5,https://downloads.wordpress.org/plugin/shutterpress-gallery.1.3.1.zip,"2024-11-28 13:36:00",https://wordpress.org/plugins/shutterpress-gallery/,5.3,7.0
small-package-quotes-ups-edition,"Small Package Quotes – UPS Edition",4.5.13,4.5.11,https://downloads.wordpress.org/plugin/small-package-quotes-ups-edition.4.5.13.zip,"2024-11-28 12:53:00",https://wordpress.org/plugins/small-package-quotes-ups-edition/,6.6,7.4
sticky-buttons,"Sticky Buttons – floating buttons builder",4.1,4.0.2,https://downloads.wordpress.org/plugin/sticky-buttons.4.1.zip,"2024-11-28 13:04:00",https://wordpress.org/plugins/sticky-buttons/,5.5,7.4
storefront-footer,"Change Storefront Footer Copyright Text",2.2.1,2.1.9,https://downloads.wordpress.org/plugin/storefront-footer.2.2.1.zip,"2024-11-28 12:34:00",https://wordpress.org/plugins/storefront-footer/,4.7,5.6
xml-for-google-merchant-center,"XML for Google Merchant Center",3.0.10,3.0.8,https://downloads.wordpress.org/plugin/xml-for-google-merchant-center.3.0.10.zip,"2024-11-28 12:36:00",https://wordpress.org/plugins/xml-for-google-merchant-center/,4.5,7.4.0
zephyr-project-manager,"Zephyr Project Manager",3.3.105,3.3.104,https://downloads.wordpress.org/plugin/zephyr-project-manager.zip,"2024-11-28 12:37:00",https://wordpress.org/plugins/zephyr-project-manager/,3.2,5.2.4
cbfunnelpro,CBFunnelPro,1.0.2,,https://downloads.wordpress.org/plugin/cbfunnelpro.zip,"2024-11-28 14:01:00",https://wordpress.org/plugins/cbfunnelpro/,5.0,7.2
easy-wp-chat-integration,"Easy WP Chat Integration",1.0.0,,https://downloads.wordpress.org/plugin/easy-wp-chat-integration.1.0.0.zip,"2024-11-28 12:54:00",https://wordpress.org/plugins/easy-wp-chat-integration/,5.8,8.0
order-monitor,"Order Monitor",1.0.1,,https://downloads.wordpress.org/plugin/order-monitor.1.0.1.zip,"2024-11-28 13:26:00",https://wordpress.org/plugins/order-monitor/,6.1,7.0
bictorys-payment-gateway-for-woocommerce,"Bictorys Payment Gateway for WooCommerce",1.0.7,1.0.6,https://downloads.wordpress.org/plugin/bictorys-payment-gateway-for-woocommerce.zip,"2024-11-28 16:04:00",https://wordpress.org/plugins/bictorys-payment-gateway-for-woocommerce/,5.8,7.4
australian-post-woocommerce-extension,"Australia Post WooCommerce Extension",1.10.9,1.10.8,https://downloads.wordpress.org/plugin/australian-post-woocommerce-extension.1.10.9.zip,"2024-11-28 18:38:00",https://wordpress.org/plugins/australian-post-woocommerce-extension/,4.0.0,7.0
church-admin,"Church Admin",5.0.11,5.0.9,https://downloads.wordpress.org/plugin/church-admin.zip,"2024-11-28 21:19:00",https://wordpress.org/plugins/church-admin/,5.0,7.0
cm-answers,"CM Answers – Powerful WordPress Forum Plugin",3.2.7,3.2.5,https://downloads.wordpress.org/plugin/cm-answers.zip,"2024-11-28 18:58:00",https://wordpress.org/plugins/cm-answers/,5.4.0,5.4
controlled-admin-access,"Controlled Admin Access",2.0.18,2.0.17,https://downloads.wordpress.org/plugin/controlled-admin-access.2.0.18.zip,"2024-11-28 18:42:00",https://wordpress.org/plugins/controlled-admin-access/,4.0,7.0
cryptocurrency-payment-gateway,"Cryptocurrency Payment Gateway",1.6.7,1.6.6,https://downloads.wordpress.org/plugin/cryptocurrency-payment-gateway.1.6.7.zip,"2024-11-28 20:18:00",https://wordpress.org/plugins/cryptocurrency-payment-gateway/,4.7,7.3
fastpixel-website-accelerator,"FastPixel Caching – WP Optimization made easy",1.0.35,1.0.30,https://downloads.wordpress.org/plugin/fastpixel-website-accelerator.1.0.35.zip,"2024-11-28 19:18:00",https://wordpress.org/plugins/fastpixel-website-accelerator/,6.0,5.6
helcim-commerce-for-woocommerce,"Helcim Commerce for WooCommerce",4.0.5,4.0.4,https://downloads.wordpress.org/plugin/helcim-commerce-for-woocommerce.zip,"2024-11-28 19:03:00",https://wordpress.org/plugins/helcim-commerce-for-woocommerce/,4.7.3,
just-writing-statistics,"Just Writing Statistics",5.0,4.8,https://downloads.wordpress.org/plugin/just-writing-statistics.5.0.zip,"2024-11-28 19:23:00",https://wordpress.org/plugins/just-writing-statistics/,4.6,
meetinghub,"MeetingHub – Zoom Meeting, Jitsi Meet, Webex, & Google Meet integration. The All-in-One Webinar & Video Conference Solution for WordPress",1.19.0,1.18.4,https://downloads.wordpress.org/plugin/meetinghub.1.19.0.zip,"2024-11-28 19:41:00",https://wordpress.org/plugins/meetinghub/,5.0,7.2
per-product-shipping-for-wc,"Per Product Shipping for WooCommerce",1.0.2,1.0.1,https://downloads.wordpress.org/plugin/per-product-shipping-for-wc.1.0.2.zip,"2024-11-28 19:34:00",https://wordpress.org/plugins/per-product-shipping-for-wc/,4.0.0,7.1
podlove-podcasting-plugin-for-wordpress,"Podlove Podcast Publisher",4.1.24,4.1.22,https://downloads.wordpress.org/plugin/podlove-podcasting-plugin-for-wordpress.4.1.24.zip,"2024-11-28 20:41:00",https://wordpress.org/plugins/podlove-podcasting-plugin-for-wordpress/,4.9.6,8.0
royal-mail-woocommerce-shipping-calculator,"WooCommerce Royal Mail Shipping Calculator",1.9.3,1.9.2,https://downloads.wordpress.org/plugin/royal-mail-woocommerce-shipping-calculator.zip,"2024-11-28 18:48:00",https://wordpress.org/plugins/royal-mail-woocommerce-shipping-calculator/,5.0,7.3
search-exclude,"Search Exclude",2.2.0,2.1.5,https://downloads.wordpress.org/plugin/search-exclude.2.2.0.zip,"2024-11-28 21:02:00",https://wordpress.org/plugins/search-exclude/,4.7,5.6
semantic-linkboss,"LinkBoss – Semantic Internal Linking",2.6.3,2.6.0,https://downloads.wordpress.org/plugin/semantic-linkboss.2.6.3.zip,"2024-11-28 19:08:00",https://wordpress.org/plugins/semantic-linkboss/,5.6,7.4
simple-table-rates-shipping-for-woocommerce,"Simple Table Rates Shipping For WooCommerce",1.0.8,1.0.7,https://downloads.wordpress.org/plugin/simple-table-rates-shipping-for-woocommerce.1.0.8.zip,"2024-11-28 18:31:00",https://wordpress.org/plugins/simple-table-rates-shipping-for-woocommerce/,4.0,7.0
token-of-trust,"Token of Trust: AI Identity Verification, Age Verification, and KYC",3.6.1,3.5.2,https://downloads.wordpress.org/plugin/token-of-trust.3.6.1.zip,"2024-11-28 21:14:00",https://wordpress.org/plugins/token-of-trust/,5.3.0,7.2.0
vindi-payment-gateway,"Vindi WooCommerce 2",1.3.5,1.3.3,https://downloads.wordpress.org/plugin/vindi-payment-gateway.1.3.5.zip,"2024-11-28 19:55:00",https://wordpress.org/plugins/vindi-payment-gateway/,4.4,5.6
wc-restricted-shipping-and-payment,"Conditional Payments and Shipping for WooCommerce",1.0.14,1.0.12,https://downloads.wordpress.org/plugin/wc-restricted-shipping-and-payment.1.0.14.zip,"2024-11-28 19:11:00",https://wordpress.org/plugins/wc-restricted-shipping-and-payment/,4.0,5.6
woo-free-shipping-per-product,"WooCommerce Free Shipping Per Product",1.3.0,1.2.6,https://downloads.wordpress.org/plugin/woo-free-shipping-per-product.1.3.0.zip,"2024-11-28 19:04:00",https://wordpress.org/plugins/woo-free-shipping-per-product/,4.0,5.6
woo-yapay,"WooCommerce Vindi Pagamento",0.7.7,0.7.6,https://downloads.wordpress.org/plugin/woo-yapay.0.7.7.zip,"2024-11-28 19:25:00",https://wordpress.org/plugins/woo-yapay/,3.5,
wp-whatsapp-chat,"Social Chat – Click To Chat App Button",7.5.0,7.4.8,https://downloads.wordpress.org/plugin/wp-whatsapp-chat.7.5.0.zip,"2024-11-28 19:37:00",https://wordpress.org/plugins/wp-whatsapp-chat/,4.7,5.6
wpcasa-contact-form-7,"WPCasa Contact Form 7",1.3.1,1.2.1,https://downloads.wordpress.org/plugin/wpcasa-contact-form-7.1.3.1.zip,"2024-11-28 20:43:00",https://wordpress.org/plugins/wpcasa-contact-form-7/,6.2,7.2
secure-my-wp-site-login,"Secure My WP Site – Login",1.1.1,,https://downloads.wordpress.org/plugin/secure-my-wp-site-login.zip,"2024-11-28 20:06:00",https://wordpress.org/plugins/secure-my-wp-site-login/,5.0,7.4
banking-blocks-for-woocommerce,"Banking Blocks for WooCommerce",1.2.0,1.0,https://downloads.wordpress.org/plugin/banking-blocks-for-woocommerce.1.2.0.zip,"2024-11-29 04:14:00",https://wordpress.org/plugins/banking-blocks-for-woocommerce/,6.5,8.0
codebard-help-desk,"CodeBard Help Desk",1.1.2,1.1.1,https://downloads.wordpress.org/plugin/codebard-help-desk.1.1.2.zip,"2024-11-29 03:07:00",https://wordpress.org/plugins/codebard-help-desk/,4.0,
content-restriction,"All-in-One Content Restriction – Conditional Content Visibility & Access Control for WordPress",1.3.2,1.2.1,https://downloads.wordpress.org/plugin/content-restriction.1.3.2.zip,"2024-11-29 03:03:00",https://wordpress.org/plugins/content-restriction/,5.6,7.4
conveythis-translate,"Translate WordPress with ConveyThis",246,245,https://downloads.wordpress.org/plugin/conveythis-translate.246.zip,"2024-11-29 04:06:00",https://wordpress.org/plugins/conveythis-translate/,4.0,5.6
dashi,Dashi,3.1.4,3.1.2,https://downloads.wordpress.org/plugin/dashi.3.1.4.zip,"2024-11-29 04:01:00",https://wordpress.org/plugins/dashi/,4.9.7,5.4
departamentos-y-ciudades-de-colombia-para-contact-form-7,"Departamentos y Ciudades de Colombia para Contact Form 7",1.2.0,1.0.0,https://downloads.wordpress.org/plugin/departamentos-y-ciudades-de-colombia-para-contact-form-7.1.2.0.zip,"2024-11-29 04:13:00",https://wordpress.org/plugins/departamentos-y-ciudades-de-colombia-para-contact-form-7/,6.6,7.4
essential-real-estate,"Essential Real Estate",5.1.6,5.1.5,https://downloads.wordpress.org/plugin/essential-real-estate.zip,"2024-11-29 04:32:00",https://wordpress.org/plugins/essential-real-estate/,4.5,
gutenverse-form,"Gutenverse Form – Contact Form Builder, Booking, Reservation, Subscribe for Block Editor",1.1.3,1.0.9,https://downloads.wordpress.org/plugin/gutenverse-form.1.1.3.zip,"2024-11-29 03:14:00",https://wordpress.org/plugins/gutenverse-form/,,7.0
gutenverse,"Gutenverse – Ultimate Block Addons and Page Builder for Site Editor",2.1.3,2.1.0,https://downloads.wordpress.org/plugin/gutenverse.2.1.3.zip,"2024-11-29 03:20:00",https://wordpress.org/plugins/gutenverse/,,7.0
integracion-afip,"ARCA (ex AFIP) para WooCommerce",3.1.3,3.1.2,https://downloads.wordpress.org/plugin/integracion-afip.3.1.3.zip,"2024-11-29 02:18:00",https://wordpress.org/plugins/integracion-afip/,4.8,7.1
login-me-now,"1 click passwordless login, temporary login, social login & user switching – Login Me Now",1.7.1,1.6.2,https://downloads.wordpress.org/plugin/login-me-now.1.7.1.zip,"2024-11-29 02:59:00",https://wordpress.org/plugins/login-me-now/,5.6,7.4
mxchat-basic,"MxChat – AI Chatbot for WordPress",1.4.6,1.4.3,https://downloads.wordpress.org/plugin/mxchat-basic.1.4.6.zip,"2024-11-29 01:47:00",https://wordpress.org/plugins/mxchat-basic/,5.0,7.2
quttera-web-malware-scanner,"Quttera Web Malware Scanner",3.5.0.77,3.5.0.76,https://downloads.wordpress.org/plugin/quttera-web-malware-scanner.3.5.0.77.zip,"2024-11-29 04:14:00",https://wordpress.org/plugins/quttera-web-malware-scanner/,3.3.2,
relevanssi,"Relevanssi – A Better Search",4.24.1,4.24.0,https://downloads.wordpress.org/plugin/relevanssi.4.24.1.zip,"2024-11-29 03:35:00",https://wordpress.org/plugins/relevanssi/,4.9,7.0
repeater-for-gravity-forms,"Repeater Fields for Gravity Forms",2.2.2,2.1.2,https://downloads.wordpress.org/plugin/repeater-for-gravity-forms.zip,"2024-11-29 03:50:00",https://wordpress.org/plugins/repeater-for-gravity-forms/,2.0,5.2
screen-sharing-system,"Screen Sharing System",1.2.0,1.0.2,https://downloads.wordpress.org/plugin/screen-sharing-system.1.2.0.zip,"2024-11-29 02:41:00",https://wordpress.org/plugins/screen-sharing-system/,4.0,7.0
surecart,"SureCart – Ecommerce Made Easy For Selling Physical Products, Digital Downloads, Subscriptions, Donations, & Payments",3.1.1,3.0.5,https://downloads.wordpress.org/plugin/surecart.3.1.1.zip,"2024-11-29 03:07:00",https://wordpress.org/plugins/surecart/,6.6,7.4
yeemail,"Email Templates Customizer for WordPress – Drag And Drop Email Templates Builder – YeeMail",2.1.5,2.1.4,https://downloads.wordpress.org/plugin/yeemail.zip,"2024-11-29 02:51:00",https://wordpress.org/plugins/yeemail/,2.5,
add-coupon-by-link-for-woocommerce,"Add coupon by link / URL coupons / Add coupon by Qr Code for Woocommerce",1.1.67,1.1.63,https://downloads.wordpress.org/plugin/add-coupon-by-link-for-woocommerce.1.1.67.zip,"2024-11-29 09:58:00",https://wordpress.org/plugins/add-coupon-by-link-for-woocommerce/,3.0.1,
ar-for-woocommerce,"AR for WooCommerce",7.1,,https://downloads.wordpress.org/plugin/ar-for-woocommerce.zip,"2024-11-29 09:12:00",https://wordpress.org/plugins/ar-for-woocommerce/,4.2,
bulk-editor,"WOLF – WordPress Posts Bulk Editor and Manager Professional",1.0.8.6,1.0.8.3,https://downloads.wordpress.org/plugin/bulk-editor.zip,"2024-11-29 10:23:00",https://wordpress.org/plugins/bulk-editor/,4.9,5.6
cf7-data-source,"Data Source for Contact Form 7",1.3.4,1.3.3,https://downloads.wordpress.org/plugin/cf7-data-source.1.3.4.zip,"2024-11-29 10:08:00",https://wordpress.org/plugins/cf7-data-source/,3.0.5,
chatbot,"AI ChatBot for WordPress – WPBot",6.0.2,6.0.0,https://downloads.wordpress.org/plugin/chatbot.6.0.2.zip,"2024-11-29 08:36:00",https://wordpress.org/plugins/chatbot/,4.6,5.6
direct-freight-express-shipping,"Direct Freight Express Shipping for WooCommerce",1.0.4,1.0.3,https://downloads.wordpress.org/plugin/direct-freight-express-shipping.1.0.4.zip,"2024-11-29 09:07:00",https://wordpress.org/plugins/direct-freight-express-shipping/,6.2.0,7.4.3
elvez-tap-animation,"Elvez Tap Animation",1.1.2,1.0.27,https://downloads.wordpress.org/plugin/elvez-tap-animation.zip,"2024-11-29 09:19:00",https://wordpress.org/plugins/elvez-tap-animation/,5.2,7.2
email-user-cleaner,"E-mail User Cleaner",1.6,1.5,https://downloads.wordpress.org/plugin/email-user-cleaner.1.6.zip,"2024-11-29 11:03:00",https://wordpress.org/plugins/email-user-cleaner/,6.0,7.4
eshoplogisticru,"Расчет доставки в корзине и карточке товара: СДЭК, DPD, Boxberry, Яндекс доставка, Энергия, Возовоз, Почта России, Деловые Линии, ПЭК, Dostavista, GTD, Байкал Сервис, ЖелДорЭкспедиция и др.",2.1.41,2.1.40,https://downloads.wordpress.org/plugin/eshoplogisticru.zip,"2024-11-29 10:06:00",https://wordpress.org/plugins/eshoplogisticru/,5.3,
eway-crm-extension-for-contact-form-7,"eWay-CRM Extension for Contact Form 7",1.1.21,1.1.20,https://downloads.wordpress.org/plugin/eway-crm-extension-for-contact-form-7.1.1.21.zip,"2024-11-29 08:56:00",https://wordpress.org/plugins/eway-crm-extension-for-contact-form-7/,4.6,5.2.4
extenderx,"ExtenderX | Add Powerful Animation and Effects to Core and Third-Party Blocks",1.3.1,1.1.1,https://downloads.wordpress.org/plugin/extenderx.1.3.1.zip,"2024-11-29 10:38:00",https://wordpress.org/plugins/extenderx/,6.0,7.4
friends,Friends,3.2.1,3.1.5,https://downloads.wordpress.org/plugin/friends.3.2.1.zip,"2024-11-29 08:27:00",https://wordpress.org/plugins/friends/,5.0,5.6
gift-vouchers-for-woocommerce,"Gift Vouchers for WooCommerce",1.1.3,1.1.2,https://downloads.wordpress.org/plugin/gift-vouchers-for-woocommerce.1.1.3.zip,"2024-11-29 11:09:00",https://wordpress.org/plugins/gift-vouchers-for-woocommerce/,5.8,7.2
hreflang-manager-lite,"Hreflang Manager – Hreflang Implementation for International SEO",1.11,1.10,https://downloads.wordpress.org/plugin/hreflang-manager-lite.1.11.zip,"2024-11-29 08:51:00",https://wordpress.org/plugins/hreflang-manager-lite/,4.0,5.2
imageseo,"Image SEO – AI-Driven Image SEO Optimizer",3.1.4,3.1.2,https://downloads.wordpress.org/plugin/imageseo.3.1.4.zip,"2024-11-29 09:57:00",https://wordpress.org/plugins/imageseo/,5.8,7.0
lightbox-photoswipe,"Lightbox with PhotoSwipe",5.5.2,5.5.1,https://downloads.wordpress.org/plugin/lightbox-photoswipe.5.5.2.zip,"2024-11-29 08:33:00",https://wordpress.org/plugins/lightbox-photoswipe/,5.3,
mainwp,"MainWP Dashboard: WordPress Management without the SaaS",5.3.1,5.2.2,https://downloads.wordpress.org/plugin/mainwp.5.3.1.zip,"2024-11-29 08:35:00",https://wordpress.org/plugins/mainwp/,6.2,7.4
material-dashboard,"Material Dashboard",1.3.1,1.2.2,https://downloads.wordpress.org/plugin/material-dashboard.1.3.1.zip,"2024-11-29 09:32:00",https://wordpress.org/plugins/material-dashboard/,5.2,7.4.0
neznam-atproto-share,"Neznam Atproto Share",1.3.1,1.3.0,https://downloads.wordpress.org/plugin/neznam-atproto-share.zip,"2024-11-29 11:18:00",https://wordpress.org/plugins/neznam-atproto-share/,6.0.0,8.0.0
nimble-builder,"Nimble Page Builder",3.3.6,3.3.4,https://downloads.wordpress.org/plugin/nimble-builder.3.3.6.zip,"2024-11-29 10:56:00",https://wordpress.org/plugins/nimble-builder/,4.7,7.4
object-data-sync-for-salesforce,"Object Data Sync for Salesforce",1.2.6,1.2.5,https://downloads.wordpress.org/plugin/object-data-sync-for-salesforce.1.2.6.zip,"2024-11-29 10:31:00",https://wordpress.org/plugins/object-data-sync-for-salesforce/,5.5,7.0
order-picking-app,"Order Picking App",1.7.3,1.7.1,https://downloads.wordpress.org/plugin/order-picking-app.zip,"2024-11-29 09:55:00",https://wordpress.org/plugins/order-picking-app/,6.0,7.4
oxygen-mydata,"Oxygen MyData for WooCommerce",1.0.41,1.0.40,https://downloads.wordpress.org/plugin/oxygen-mydata.1.0.41.zip,"2024-11-29 09:58:00",https://wordpress.org/plugins/oxygen-mydata/,5.5,
page-parts,"Page Parts",1.4.5,1.4.3,https://downloads.wordpress.org/plugin/page-parts.1.4.5.zip,"2024-11-29 09:07:00",https://wordpress.org/plugins/page-parts/,3.9,
pdf-for-elementor-forms,"PDF for Elementor Forms + Drag And Drop Template Builder",4.4.1,4.4.0,https://downloads.wordpress.org/plugin/pdf-for-elementor-forms.zip,"2024-11-29 08:42:00",https://wordpress.org/plugins/pdf-for-elementor-forms/,2.0,5.6
prime-mover,"Prime Mover – Migrate WordPress Website & Backups",2.0.2,1.9.9,https://downloads.wordpress.org/plugin/prime-mover.2.0.2.zip,"2024-11-29 09:25:00",https://wordpress.org/plugins/prime-mover/,4.9.8,5.6
product-feeder,"Product Feeder",4.1.0,3.1.3,https://downloads.wordpress.org/plugin/product-feeder.4.1.0.zip,"2024-11-29 10:54:00",https://wordpress.org/plugins/product-feeder/,6.0,7.4
product-variant-table-for-woocommerce,"PVT – Product Variation Table for WooCommerce",1.6.0,1.5.4,https://downloads.wordpress.org/plugin/product-variant-table-for-woocommerce.1.6.0.zip,"2024-11-29 11:00:00",https://wordpress.org/plugins/product-variant-table-for-woocommerce/,4.7.0,5.6.20
profit-products-tables-for-woocommerce,"Active Products Tables for WooCommerce. Use constructor to create tables ",1.0.6.6,1.0.6.4,https://downloads.wordpress.org/plugin/profit-products-tables-for-woocommerce.zip,"2024-11-29 10:53:00",https://wordpress.org/plugins/profit-products-tables-for-woocommerce/,4.9,7.2
repeater-for-elementor,"Repeater Fields for Elementor Forms",2.2.0,2.1.9,https://downloads.wordpress.org/plugin/repeater-for-elementor.zip,"2024-11-29 08:51:00",https://wordpress.org/plugins/repeater-for-elementor/,2.0,5.2
save-as-image-by-pdfcrowd,"Save as Image Plugin by Pdfcrowd",4.3.0,4.2.1,https://downloads.wordpress.org/plugin/save-as-image-by-pdfcrowd.zip,"2024-11-29 10:34:00",https://wordpress.org/plugins/save-as-image-by-pdfcrowd/,4.0,5.1
save-as-pdf-by-pdfcrowd,"Save as PDF Plugin by Pdfcrowd",4.3.0,4.2.1,https://downloads.wordpress.org/plugin/save-as-pdf-by-pdfcrowd.zip,"2024-11-29 10:33:00",https://wordpress.org/plugins/save-as-pdf-by-pdfcrowd/,4.0,5.1
sendpulse-web-push,"SendPulse Free Web Push",1.3.9,1.3.7,https://downloads.wordpress.org/plugin/sendpulse-web-push.1.3.9.zip,"2024-11-29 10:09:00",https://wordpress.org/plugins/sendpulse-web-push/,5.7,5.6
side-menu-lite,"Side Menu Lite – add sticky fixed buttons",5.3,5.2.1,https://downloads.wordpress.org/plugin/side-menu-lite.5.3.zip,"2024-11-29 09:16:00",https://wordpress.org/plugins/side-menu-lite/,4.3,7.4
simple-csv-exporter,"Simple CSV Exporter",3.0.2,2.1.8,https://downloads.wordpress.org/plugin/simple-csv-exporter.3.0.2.zip,"2024-11-29 09:21:00",https://wordpress.org/plugins/simple-csv-exporter/,5.8,8.0
simple-link-directory,"Simple Link Directory",8.3.7,8.3.6,https://downloads.wordpress.org/plugin/simple-link-directory.8.3.7.zip,"2024-11-29 11:03:00",https://wordpress.org/plugins/simple-link-directory/,4.6,5.6
simple-product-tabs-for-woocommerce,"Simple Product Tabs for WooCommerce",1.2.0,1.1.0,https://downloads.wordpress.org/plugin/simple-product-tabs-for-woocommerce.1.2.0.zip,"2024-11-29 10:05:00",https://wordpress.org/plugins/simple-product-tabs-for-woocommerce/,6.0,7.4
snow-monkey-forms,"Snow Monkey Forms",9.0.4,9.0.2,https://downloads.wordpress.org/plugin/snow-monkey-forms.9.0.4.zip,"2024-11-29 09:51:00",https://wordpress.org/plugins/snow-monkey-forms/,6.6,7.4
templates-patterns-collection,"Starter Sites & Templates by Neve",1.2.15,1.2.11,https://downloads.wordpress.org/plugin/templates-patterns-collection.zip,"2024-11-29 10:01:00",https://wordpress.org/plugins/templates-patterns-collection/,5.5,5.6
woo-dynamic-pricing-discounts-lite,"Dynamic Pricing & Discounts Lite for WooCommerce",2.0.3,2.0.1,https://downloads.wordpress.org/plugin/woo-dynamic-pricing-discounts-lite.2.0.3.zip,"2024-11-29 10:35:00",https://wordpress.org/plugins/woo-dynamic-pricing-discounts-lite/,5.0.0,
woowbot-woocommerce-chatbot,"ChatBot for Woocommerce – WoowBot",3.8.6,3.8.2,https://downloads.wordpress.org/plugin/woowbot-woocommerce-chatbot.3.8.6.zip,"2024-11-29 09:59:00",https://wordpress.org/plugins/woowbot-woocommerce-chatbot/,4.9,5.6
wp-facturaone,"FacturaONE para WooCommerce",3.45,3.39,https://downloads.wordpress.org/plugin/wp-facturaone.zip,"2024-11-29 10:50:00",https://wordpress.org/plugins/wp-facturaone/,4.7,5.4
wplegalpages,"Privacy Policy Generator, Terms & Conditions Generator WordPress Plugin : WP Legal Pages",3.2.6,3.2.5,https://downloads.wordpress.org/plugin/wplegalpages.3.2.6.zip,"2024-11-29 10:03:00",https://wordpress.org/plugins/wplegalpages/,5.0,7.0
biblio-dispatch,"Print Management with Biblio Dispatch",1.2,,https://downloads.wordpress.org/plugin/biblio-dispatch.1.2.0.zip,"2024-11-29 09:04:00",https://wordpress.org/plugins/biblio-dispatch/,6.3,7.4
bulk-delete-comments,"Bulk Delete Comments",2.0,,https://downloads.wordpress.org/plugin/bulk-delete-comments.2.0.zip,"2024-11-29 10:39:00",https://wordpress.org/plugins/bulk-delete-comments/,5.0,
gridly-integration,"Gridly Integration",1.0.2,,https://downloads.wordpress.org/plugin/gridly-integration.1.0.2.zip,"2024-11-29 09:50:00",https://wordpress.org/plugins/gridly-integration/,6.2.2,7.2
ninja-auto-post-expire,"Auto Post Expire",1.0,,https://downloads.wordpress.org/plugin/ninja-auto-post-expire.zip,"2024-11-29 10:58:00",https://wordpress.org/plugins/ninja-auto-post-expire/,5.8,5.2.4
acumbamail-signup-forms,Acumbamail,2.0.24,2.0.20,https://downloads.wordpress.org/plugin/acumbamail-signup-forms.zip,"2024-11-29 15:08:00",https://wordpress.org/plugins/acumbamail-signup-forms/,3.0.1,
adcaptcha,"adCAPTCHA for WordPress",1.5.4,1.5.3,https://downloads.wordpress.org/plugin/adcaptcha.1.5.4.zip,"2024-11-29 15:13:00",https://wordpress.org/plugins/adcaptcha/,6.4.2,7.4
advanced-woo-search,"Advanced Woo Search",3.22,3.16,https://downloads.wordpress.org/plugin/advanced-woo-search.3.22.zip,"2024-11-29 16:06:00",https://wordpress.org/plugins/advanced-woo-search/,4.0,
better-wp-admin-search,"Better WP-Admin Search",0.0.4,0.0.3,https://downloads.wordpress.org/plugin/better-wp-admin-search.0.0.4.zip,"2024-11-29 14:53:00",https://wordpress.org/plugins/better-wp-admin-search/,5.0.0,7.0
bizcalendar-web,"BizCalendar Web",1.1.0.32,1.1.0.31,https://downloads.wordpress.org/plugin/bizcalendar-web.1.1.0.32.zip,"2024-11-29 16:54:00",https://wordpress.org/plugins/bizcalendar-web/,3.3,5.3.0
blocksy-companion,"Blocksy Companion",2.0.80,2.0.75,https://downloads.wordpress.org/plugin/blocksy-companion.2.0.80.zip,"2024-11-29 16:51:00",https://wordpress.org/plugins/blocksy-companion/,5.2,7.0
bmlt-tabbed-map,"BMLT Tabbed Map",1.2.1,1.2.0,https://downloads.wordpress.org/plugin/bmlt-tabbed-map.1.2.1.zip,"2024-11-29 17:14:00",https://wordpress.org/plugins/bmlt-tabbed-map/,4.0,
chat-everywhere,"Chat Everywhere",1.2.4,1.2.3,https://downloads.wordpress.org/plugin/chat-everywhere.1.2.4.zip,"2024-11-29 17:02:00",https://wordpress.org/plugins/chat-everywhere/,4.0.1,5.6
diskhero,DiskHero,1.1,1.0,https://downloads.wordpress.org/plugin/diskhero.zip,"2024-11-29 16:32:00",https://wordpress.org/plugins/diskhero/,1.0,5.6
dk-pdf,"DK PDF – WordPress PDF Generator",1.9.9,1.9.8,https://downloads.wordpress.org/plugin/dk-pdf.1.9.9.zip,"2024-11-29 15:59:00",https://wordpress.org/plugins/dk-pdf/,3.9,8.0
formgent,"FormGent – Next Generation AI Form Builder in WordPress",0.4.3,0.3.0,https://downloads.wordpress.org/plugin/formgent.0.4.3.zip,"2024-11-29 17:20:00",https://wordpress.org/plugins/formgent/,6.6,7.4
get-a-quote-button-for-woocommerce,"Request a Quote for WooCommerce and Elementor – Get a Quote Button – Product Enquiry Form Popup – Product Quotation",1.6,1.5,https://downloads.wordpress.org/plugin/get-a-quote-button-for-woocommerce.1.6.zip,"2024-11-29 16:30:00",https://wordpress.org/plugins/get-a-quote-button-for-woocommerce/,5.0,
gl-import-external-images,"GL Import External Images",3.1,3.0,https://downloads.wordpress.org/plugin/gl-import-external-images.3.1.zip,"2024-11-29 15:51:00",https://wordpress.org/plugins/gl-import-external-images/,2.6.0,7.0
hamail,"Hamail – Send Email via SendGrid",2.7.0,2.6.4,https://downloads.wordpress.org/plugin/hamail.2.7.0.zip,"2024-11-29 14:30:00",https://wordpress.org/plugins/hamail/,5.9,7.2
instalist,Instalist,1.0.6,1.0.4,https://downloads.wordpress.org/plugin/instalist.1.0.6.zip,"2024-11-29 16:55:00",https://wordpress.org/plugins/instalist/,4.0.1,
local-magic,"Local Magic",2.5.0,2.3.0,https://downloads.wordpress.org/plugin/local-magic.2.5.0.zip,"2024-11-29 15:23:00",https://wordpress.org/plugins/local-magic/,3.5.1,5.6.0
perfect-font-awesome-integration,"Perfect Font Awesome Integration",2.3,2.2,https://downloads.wordpress.org/plugin/perfect-font-awesome-integration.zip,"2024-11-29 16:08:00",https://wordpress.org/plugins/perfect-font-awesome-integration/,3.0,5.4
rankology-seo-all-in-one-seo-analytics,"Rankology SEO – On-site SEO",2.0.4,1.11,https://downloads.wordpress.org/plugin/rankology-seo-all-in-one-seo-analytics.zip,"2024-11-29 16:16:00",https://wordpress.org/plugins/rankology-seo-all-in-one-seo-analytics/,5.0,7.4
red-eyes-froggy-buttons,"Red Eyes Froggy Buttons",1.3.9,1.3.8,https://downloads.wordpress.org/plugin/red-eyes-froggy-buttons.1.3.9.zip,"2024-11-29 17:08:00",https://wordpress.org/plugins/red-eyes-froggy-buttons/,4.0.1,
rentsyst,"RentSyst – CRM solution for fleet management",2.0.58,2.0.55,https://downloads.wordpress.org/plugin/rentsyst.zip,"2024-11-29 15:05:00",https://wordpress.org/plugins/rentsyst/,6.0,7.0
shop-feed-for-instagram-by-snapppt,"Shoppable Social Media Galleries by Sauce",1.2.1,1.2.0,https://downloads.wordpress.org/plugin/shop-feed-for-instagram-by-snapppt.1.2.1.zip,"2024-11-29 14:41:00",https://wordpress.org/plugins/shop-feed-for-instagram-by-snapppt/,2.8.0,
smartsearchwp,"Chatbot with ChatGPT WordPress",2.4.7,2.4.6,https://downloads.wordpress.org/plugin/smartsearchwp.2.4.8.zip,"2024-11-29 17:17:00",https://wordpress.org/plugins/smartsearchwp/,4.7,7.4
ti-woocommerce-wishlist,"TI WooCommerce Wishlist",2.9.2,2.9.1,https://downloads.wordpress.org/plugin/ti-woocommerce-wishlist.2.9.2.zip,"2024-11-29 15:07:00",https://wordpress.org/plugins/ti-woocommerce-wishlist/,6.1,7.4
treepress,"TreePress – Easy Family Trees & Ancestor Profiles",3.0.5,3.0.2,https://downloads.wordpress.org/plugin/treepress.zip,"2024-11-29 17:29:00",https://wordpress.org/plugins/treepress/,4.4,
wc-yabi,"Integrate Yabi for WooCommerce",3.1.0,3.0.4,https://downloads.wordpress.org/plugin/wc-yabi.zip,"2024-11-29 15:17:00",https://wordpress.org/plugins/wc-yabi/,6.4,8.0
wp-ecards-invites,"WP eCards",1.3.905,1.3.904,https://downloads.wordpress.org/plugin/wp-ecards-invites.zip,"2024-11-29 14:58:00",https://wordpress.org/plugins/wp-ecards-invites/,3.0.1,
wp-masonry-infinite-scroll,"WP Masonry & Infinite Scroll",2.2,2.1,https://downloads.wordpress.org/plugin/wp-masonry-infinite-scroll.zip,"2024-11-29 16:28:00",https://wordpress.org/plugins/wp-masonry-infinite-scroll/,1.0,5.6
wpmastertoolkit,"WPMasterToolKit (WPMTK) – All in one plugin",1.14.0,1.13.1,https://downloads.wordpress.org/plugin/wpmastertoolkit.1.14.0.zip,"2024-11-29 15:33:00",https://wordpress.org/plugins/wpmastertoolkit/,4.0.0,7.4
blink-for-woocommerce,"Blink For WooCommerce",0.1.3,,https://downloads.wordpress.org/plugin/blink-for-woocommerce.0.1.3.zip,"2024-11-29 15:19:00",https://wordpress.org/plugins/blink-for-woocommerce/,4.5,8.1
smart-table-builder,"Smart Table Builder",1.0.0,,https://downloads.wordpress.org/plugin/smart-table-builder.zip,"2024-11-29 17:25:00",https://wordpress.org/plugins/smart-table-builder/,4.6,7.2
advanced-composer-blocks-for-newsletter,"Advanced Composer Blocks for Newsletter",2.0.0,1.3.2,https://downloads.wordpress.org/plugin/advanced-composer-blocks-for-newsletter.zip,"2024-11-29 22:42:00",https://wordpress.org/plugins/advanced-composer-blocks-for-newsletter/,6.0,7.0
ai-post-visualizer,"AI Post Visualizer",1.0.2,1.0.1,https://downloads.wordpress.org/plugin/ai-post-visualizer.1.0.2.zip,"2024-11-29 22:26:00",https://wordpress.org/plugins/ai-post-visualizer/,5.0,
better-search,"Better Search – Relevant search results for WordPress",4.0.1,3.3.1,https://downloads.wordpress.org/plugin/better-search.4.0.1.zip,"2024-11-29 21:45:00",https://wordpress.org/plugins/better-search/,6.3,7.4
cf7-styler-for-divi,"Divi Form Styler for CF7, Gravity Forms, Fluent Forms",2.2.1,2.1.1,https://downloads.wordpress.org/plugin/cf7-styler-for-divi.2.2.2.zip,"2024-11-29 23:22:00",https://wordpress.org/plugins/cf7-styler-for-divi/,5.0,
choon-player,"Choon Player",2.2.4,2.2.3,https://downloads.wordpress.org/plugin/choon-player.2.2.4.zip,"2024-11-29 21:27:00",https://wordpress.org/plugins/choon-player/,5.5,7.0
conversation-watson,"Chatbot with IBM watsonx Assistant",0.8.40,0.8.38,https://downloads.wordpress.org/plugin/conversation-watson.0.8.40.zip,"2024-11-29 22:36:00",https://wordpress.org/plugins/conversation-watson/,4.7,
dolyame-payment,"Dolyame Payment gateway",3.2.0,3.1.1,https://downloads.wordpress.org/plugin/dolyame-payment.3.2.0.zip,"2024-11-29 22:26:00",https://wordpress.org/plugins/dolyame-payment/,5.2,5.6
just-writing-statistics,"Just Writing Statistics",5.1,5.0,https://downloads.wordpress.org/plugin/just-writing-statistics.5.1.zip,"2024-11-29 22:03:00",https://wordpress.org/plugins/just-writing-statistics/,4.6,
members,"Members – Membership & User Role Editor Plugin",3.2.11,3.2.10,https://downloads.wordpress.org/plugin/members.3.2.11.zip,"2024-11-29 22:19:00",https://wordpress.org/plugins/members/,6.0,7.4
multisite-author-bio,"Multisite Author Bio",1.0.4,1.0.3,https://downloads.wordpress.org/plugin/multisite-author-bio.1.0.4.zip,"2024-11-29 22:29:00",https://wordpress.org/plugins/multisite-author-bio/,5.0,
page-builder-wp,"WP Composer – The Easiest Website Builder",1.0.3,1.0.1,https://downloads.wordpress.org/plugin/page-builder-wp.zip,"2024-11-29 22:21:00",https://wordpress.org/plugins/page-builder-wp/,5.2,7.2
podlove-podcasting-plugin-for-wordpress,"Podlove Podcast Publisher",4.1.25,4.1.24,https://downloads.wordpress.org/plugin/podlove-podcasting-plugin-for-wordpress.4.1.25.zip,"2024-11-29 21:50:00",https://wordpress.org/plugins/podlove-podcasting-plugin-for-wordpress/,4.9.6,8.0
super-advent-calendar,"Super Advent Calendar",1.13.1,1.12.0,https://downloads.wordpress.org/plugin/super-advent-calendar.1.13.1.zip,"2024-11-29 22:06:00",https://wordpress.org/plugins/super-advent-calendar/,6.6,7.4
social-share-press,"Social Share Press",1.0.0,,https://downloads.wordpress.org/plugin/social-share-press.1.0.0.zip,"2024-11-29 22:13:00",https://wordpress.org/plugins/social-share-press/,6.3,7.2
academy,"Academy LMS – WordPress LMS Plugin for Complete eLearning Solution",2.2.4,2.2.3,https://downloads.wordpress.org/plugin/academy.2.2.4.zip,"2024-11-30 04:13:00",https://wordpress.org/plugins/academy/,6.4,7.4
apocalypse-meow,"Apocalypse Meow",21.8.1,21.7.5,https://downloads.wordpress.org/plugin/apocalypse-meow.zip,"2024-11-30 04:57:00",https://wordpress.org/plugins/apocalypse-meow/,4.4,7.3
bwd-elementor-addons,"BWD Elementor Addons (2500+ presets, Meet The Team, Lottie, Lord Icon, Masking, Woocommerce, Theme Builder, Products, Blogs, CV, Contact Form 7 Styler, Header, Slider, Hero Section)",4.3.18,4.3.17,https://downloads.wordpress.org/plugin/bwd-elementor-addons.4.3.18.zip,"2024-11-30 05:17:00",https://wordpress.org/plugins/bwd-elementor-addons/,5.0,7.0
custom-registration-form-builder-with-submission-manager,"RegistrationMagic – User Registration Plugin with Custom Registration Forms",6.0.3.0,6.0.2.9,https://downloads.wordpress.org/plugin/custom-registration-form-builder-with-submission-manager.6.0.3.0.zip,"2024-11-30 04:32:00",https://wordpress.org/plugins/custom-registration-form-builder-with-submission-manager/,5.2.0,7.2
infility-global,"Infility Global",2.9.6,2.9.1,https://downloads.wordpress.org/plugin/infility-global.zip,"2024-11-30 02:52:00",https://wordpress.org/plugins/infility-global/,5.6,7.0
integrate-google-drive,"Integrate Google Drive – Browse, Upload, Download, Embed, Play, Share, Gallery, and Manage Your Google Drive Files into Your WordPress Site",1.4.7,1.4.3,https://downloads.wordpress.org/plugin/integrate-google-drive.1.4.7.zip,"2024-11-30 03:42:00",https://wordpress.org/plugins/integrate-google-drive/,5.0,7.4
qpmn-pod-by-qp-group,"QPMN POD by QP Group",1.6.1,1.5.2,https://downloads.wordpress.org/plugin/qpmn-pod-by-qp-group.1.6.1.zip,"2024-11-30 04:29:00",https://wordpress.org/plugins/qpmn-pod-by-qp-group/,5.5,7.4
related-post,"Related Posts, Inline Related Posts, Contextual Related Posts, Related Content By PickPlugins",2.0.59,2.0.58,https://downloads.wordpress.org/plugin/related-post.2.0.59.zip,"2024-11-30 03:34:00",https://wordpress.org/plugins/related-post/,3.8,
sync-mautic,"Sync Mautic",1.0.5,1.0.3,https://downloads.wordpress.org/plugin/sync-mautic.1.0.5.zip,"2024-11-30 04:42:00",https://wordpress.org/plugins/sync-mautic/,6.6.2,7.4
user-verification,"User Verification – Email Verification, Email OTP, Block Spam Email, Passwordless login",2.0.27,2.0.25,https://downloads.wordpress.org/plugin/user-verification.zip,"2024-11-30 04:30:00",https://wordpress.org/plugins/user-verification/,4.1,
webappick-pdf-invoice-for-woocommerce,"Challan – PDF Invoice & Packing Slip for WooCommerce",3.7.27,3.7.25,https://downloads.wordpress.org/plugin/webappick-pdf-invoice-for-woocommerce.3.7.27.zip,"2024-11-30 03:47:00",https://wordpress.org/plugins/webappick-pdf-invoice-for-woocommerce/,4.4,7.4
webappick-product-feed-for-woocommerce,"CTX Feed – WooCommerce Product Feed Manager",6.5.35,6.5.34,https://downloads.wordpress.org/plugin/webappick-product-feed-for-woocommerce.6.5.35.zip,"2024-11-30 04:08:00",https://wordpress.org/plugins/webappick-product-feed-for-woocommerce/,4.4,5.6
annasta-woocommerce-product-filters,"annasta Woocommerce Product Filters",1.7.7,1.7.6,https://downloads.wordpress.org/plugin/annasta-woocommerce-product-filters.1.7.7.zip,"2024-11-30 10:35:00",https://wordpress.org/plugins/annasta-woocommerce-product-filters/,5.7,7.0
arile-extra,"Arile Extra",7.5,7.3,https://downloads.wordpress.org/plugin/arile-extra.7.5.zip,"2024-11-30 10:05:00",https://wordpress.org/plugins/arile-extra/,3.3,5.6
artist-image-generator,"Artist Image Generator: DALL-E AI for Image Content & Customizable WC Products. Upscaler.",1.1.12,1.1.11,https://downloads.wordpress.org/plugin/artist-image-generator.v1.1.12.zip,"2024-11-30 11:11:00",https://wordpress.org/plugins/artist-image-generator/,5.3,7.4
custom-thank-you-page,"Custom Thank You Page for WooCommerce",1.1.1,1.1.0,https://downloads.wordpress.org/plugin/custom-thank-you-page.1.1.1.zip,"2024-11-30 10:28:00",https://wordpress.org/plugins/custom-thank-you-page/,3.5.0,5.6
customtables,"Custom Tables – Create, Read, Update and Delete",1.3.4,1.3.3,https://downloads.wordpress.org/plugin/customtables.1.3.4.zip,"2024-11-30 10:24:00",https://wordpress.org/plugins/customtables/,6.0,7.4
depay-payments-for-woocommerce,"Web3 Crypto Payments by DePay for WooCommerce",2.12.15,2.12.10,https://downloads.wordpress.org/plugin/depay-payments-for-woocommerce.2.12.15.zip,"2024-11-30 10:16:00",https://wordpress.org/plugins/depay-payments-for-woocommerce/,5.8,7.0
download-list-block-with-icons,"Download List Block with Icons",3.6.1,3.5.3,https://downloads.wordpress.org/plugin/download-list-block-with-icons.3.6.1.zip,"2024-11-30 12:22:00",https://wordpress.org/plugins/download-list-block-with-icons/,6.0,8.0
estimate-delivery-date-for-woocommerce,"Estimated delivery date per product for WooCommerce | shipping date per product for WooCommerce",4.10.67,4.10.62,https://downloads.wordpress.org/plugin/estimate-delivery-date-for-woocommerce.4.10.67.zip,"2024-11-30 10:49:00",https://wordpress.org/plugins/estimate-delivery-date-for-woocommerce/,3.0.1,
express-pay-card,"Экспресс Платежи: Интернет-Эквайринг",1.1.2,1.1.1,https://downloads.wordpress.org/plugin/express-pay-card.1.1.2.zip,"2024-11-30 10:04:00",https://wordpress.org/plugins/express-pay-card/,4.0,5.4
express-pay-erip,"Экспресс Платежи: ЕРИП",1.1.2,1.1.1,https://downloads.wordpress.org/plugin/express-pay-erip.1.1.2.zip,"2024-11-30 10:13:00",https://wordpress.org/plugins/express-pay-erip/,4.0,5.4
faq-for-woocommerce,"Happy WooCommerce FAQs & AI FAQ Generator (Formarly XPlainer)",1.8.0,1.7.8,https://downloads.wordpress.org/plugin/faq-for-woocommerce.1.8.0.zip,"2024-11-30 10:46:00",https://wordpress.org/plugins/faq-for-woocommerce/,4.4,5.6
fastcgi-cache-purge-and-preload-nginx,"FastCGI Cache Purge and Preload for Nginx",2.0.9,2.0.7,https://downloads.wordpress.org/plugin/fastcgi-cache-purge-and-preload-nginx.2.0.9.zip,"2024-11-30 10:59:00",https://wordpress.org/plugins/fastcgi-cache-purge-and-preload-nginx/,6.3,7.4
gallery-videos,"Video Gallery – Best WordPress YouTube Gallery Plugin",2.4.2,2.4.1,https://downloads.wordpress.org/plugin/gallery-videos.2.4.2.zip,"2024-11-30 11:26:00",https://wordpress.org/plugins/gallery-videos/,4.0,
gsheetconnector-formidable-forms,"Formidable Forms Google Sheet Connector",1.0.5,1.0.4,https://downloads.wordpress.org/plugin/gsheetconnector-formidable-forms.zip,"2024-11-30 11:05:00",https://wordpress.org/plugins/gsheetconnector-formidable-forms/,5.6,7.4
logo-showcase-with-slick-slider,"Logo Showcase – Responsive Logo Carousel, Logo Slider & Logo Grid",3.2.8,3.2.6,https://downloads.wordpress.org/plugin/logo-showcase-with-slick-slider.3.2.8.zip,"2024-11-30 11:27:00",https://wordpress.org/plugins/logo-showcase-with-slick-slider/,4.7,5.4
multisite-language-switcher,"Multisite Language Switcher",2.9.5,2.9.4,https://downloads.wordpress.org/plugin/multisite-language-switcher.2.9.5.zip,"2024-11-30 11:48:00",https://wordpress.org/plugins/multisite-language-switcher/,6.1,7.4
post-list-designer,"Post List Designer by Category – List Category Post Or Recent Post",3.3.7,3.3.6,https://downloads.wordpress.org/plugin/post-list-designer.3.3.7.zip,"2024-11-30 12:21:00",https://wordpress.org/plugins/post-list-designer/,4.7,5.4
prebook-appointment-booking,"PreBook – Appointment Booking and Online Scheduling Solution",1.1.7,1.1.6,https://downloads.wordpress.org/plugin/prebook-appointment-booking.1.1.7.zip,"2024-11-30 11:54:00",https://wordpress.org/plugins/prebook-appointment-booking/,5.0,7.3
shopglut,"WooCommerce Extended & Customized Options-(5 in 1) – Shop Layout, Archive Layout, Product Filter, Wishlist, Product Swatches – ShopGlut",1.0.9,1.0.5,https://downloads.wordpress.org/plugin/shopglut.1.0.9.zip,"2024-11-30 11:54:00",https://wordpress.org/plugins/shopglut/,5.1,7.4
smartsearchwp,"Chatbot with ChatGPT WordPress",2.4.9,2.4.7,https://downloads.wordpress.org/plugin/smartsearchwp.2.4.9.zip,"2024-11-30 12:26:00",https://wordpress.org/plugins/smartsearchwp/,4.7,7.4
snap-tales,"Snap Tales – User, Post, Product and Admin Stories, Integrated with BuddyPress and PeepSo",1.0.1,1.0.0,https://downloads.wordpress.org/plugin/snap-tales.1.0.1.zip,"2024-11-30 11:53:00",https://wordpress.org/plugins/snap-tales/,5.0,8.1
spin-wheel,"Spin Wheel – Interactive spinning wheel that offers coupons",1.0.8,1.0.7,https://downloads.wordpress.org/plugin/spin-wheel.1.0.8.zip,"2024-11-30 10:43:00",https://wordpress.org/plugins/spin-wheel/,6.1,7.4
terms-popup-on-user-login,"Terms and Conditions Popup on User Login or at WooCommerce checkout",2.0.0,1.0.63,https://downloads.wordpress.org/plugin/terms-popup-on-user-login.2.0.0.zip,"2024-11-30 09:51:00",https://wordpress.org/plugins/terms-popup-on-user-login/,3.8,7.4
text-to-audio,"Text To Speech TTS Accessibility",1.7.35,1.7.28,https://downloads.wordpress.org/plugin/text-to-audio.1.7.35.zip,"2024-11-30 11:24:00",https://wordpress.org/plugins/text-to-audio/,5.6,7.4
ziteboard-online-whiteboard,"Ziteboard Online Whiteboard",3.0.1,3.0.0,https://downloads.wordpress.org/plugin/ziteboard-online-whiteboard.3.0.1.zip,"2024-11-30 11:13:00",https://wordpress.org/plugins/ziteboard-online-whiteboard/,4.0,
query-search,"Query Search",0.1.0,,https://downloads.wordpress.org/plugin/query-search.zip,"2024-11-30 12:40:00",https://wordpress.org/plugins/query-search/,6.7.1,8.0.30
similar-products-for-elementor,"Similar Products for Elementor",1.0.0,,https://downloads.wordpress.org/plugin/similar-products-for-elementor.1.0.0.zip,"2024-11-30 11:33:00",https://wordpress.org/plugins/similar-products-for-elementor/,6.7,7.4
wc-6amtech-payment-gateway-bkash,"6amTech – Payment Gateway for bKash and WC",1.1.0,,https://downloads.wordpress.org/plugin/wc-6amtech-payment-gateway-bkash.1.1.0.zip,"2024-11-30 12:36:00",https://wordpress.org/plugins/wc-6amtech-payment-gateway-bkash/,5.1,7.4
shopglut,"WooCommerce Extended & Customized Options-(5 in 1) – Shop Layout, Archive Layout, Product Filter, Wishlist, Product Swatches – ShopGlut",1.1.0,1.0.9,https://downloads.wordpress.org/plugin/shopglut.1.1.0.zip,"2024-11-30 13:53:00",https://wordpress.org/plugins/shopglut/,5.1,7.4
add-custom-fields-to-media,"Add Custom Fields to Media",2.0.2,2.0.1,https://downloads.wordpress.org/plugin/add-custom-fields-to-media.2.0.2.zip,"2024-11-30 16:45:00",https://wordpress.org/plugins/add-custom-fields-to-media/,5.2,7.2
clone-posts,"Clone Posts",2.1.2,2.1.1,https://downloads.wordpress.org/plugin/clone-posts.2.1.2.zip,"2024-11-30 17:07:00",https://wordpress.org/plugins/clone-posts/,5.3.0,7.2
cod24-shipping,"COD24 Shipping For Woocommerce",3.4.2,3.4.1,https://downloads.wordpress.org/plugin/cod24-shipping.3.4.2.zip,"2024-11-30 16:58:00",https://wordpress.org/plugins/cod24-shipping/,5.0,
developry-google-fonts,"Web Fonts – Add Google Fonts and Customize Your Web Site",1.4.6,1.4.5,https://downloads.wordpress.org/plugin/developry-google-fonts.zip,"2024-11-30 16:41:00",https://wordpress.org/plugins/developry-google-fonts/,5.0,7.2
featured-image-customizer,"Image Generator – Quickly Make Unique Featured Images from 100+ Logos",1.0.8,1.0.6,https://downloads.wordpress.org/plugin/featured-image-customizer.zip,"2024-11-30 16:41:00",https://wordpress.org/plugins/featured-image-customizer/,5.0,7.2
featured-image-plus,"Featured Images – Save Time with Bulk and Quick Edit Functions",1.5.7,1.5.6,https://downloads.wordpress.org/plugin/featured-image-plus.zip,"2024-11-30 16:41:00",https://wordpress.org/plugins/featured-image-plus/,5.0,7.2
geodirectory,"GeoDirectory – WP Business Directory Plugin and Classified Listings Directory",2.3.90,2.3.85,https://downloads.wordpress.org/plugin/geodirectory.2.3.90.zip,"2024-11-30 17:58:00",https://wordpress.org/plugins/geodirectory/,5.0,5.6
hotspot-ai,"HotSpot AI 热点创作",2.0.2,1.3.8,https://downloads.wordpress.org/plugin/hotspot-ai.2.0.2.zip,"2024-11-30 18:47:00",https://wordpress.org/plugins/hotspot-ai/,6.3,7.4
it-listings,"IT Listings",1.5.1,1.4.7,https://downloads.wordpress.org/plugin/it-listings.1.5.1.zip,"2024-11-30 19:14:00",https://wordpress.org/plugins/it-listings/,6.0,
link-juice-keeper,"Link Juice Keeper",2.1.2,2.1.1,https://downloads.wordpress.org/plugin/link-juice-keeper.2.1.2.zip,"2024-11-30 17:12:00",https://wordpress.org/plugins/link-juice-keeper/,5.3.0,7.2
modular-connector,"Modular DS: Manage all your websites from a single dashboard",1.3.1,1.2.1,https://downloads.wordpress.org/plugin/modular-connector.1.3.1.zip,"2024-11-30 19:10:00",https://wordpress.org/plugins/modular-connector/,5.6,7.4
search-replace-for-elementor,"Search & Replace – Easily Update Text, Links, and Images in Elementor",1.4.6,1.4.4,https://downloads.wordpress.org/plugin/search-replace-for-elementor.zip,"2024-11-30 16:41:00",https://wordpress.org/plugins/search-replace-for-elementor/,5.0,7.2
simple-cpt,"Simple CPT",1.0.6,1.0.5,https://downloads.wordpress.org/plugin/simple-cpt.1.0.6.zip,"2024-11-30 17:19:00",https://wordpress.org/plugins/simple-cpt/,5.3.0,7.0
simple-custom-login-page,"Simple Custom Login Page",1.0.2,1.0.1,https://downloads.wordpress.org/plugin/simple-custom-login-page.1.0.2.zip,"2024-11-30 16:51:00",https://wordpress.org/plugins/simple-custom-login-page/,5.3.0,7.0
simple-photo-feed,"Simple Photo Feed",1.3.2,1.3.0,https://downloads.wordpress.org/plugin/simple-photo-feed.1.3.2.zip,"2024-11-30 17:23:00",https://wordpress.org/plugins/simple-photo-feed/,5.3.0,7.2
star-plus-addon-for-elementor,"Star Plus Addon For Elementor",1.0.3,1.0.2,https://downloads.wordpress.org/plugin/star-plus-addon-for-elementor.1.0.3.zip,"2024-11-30 17:18:00",https://wordpress.org/plugins/star-plus-addon-for-elementor/,5.2,7.2
wip-custom-login,"WIP Custom Login",1.3.4,1.3.3,https://downloads.wordpress.org/plugin/wip-custom-login.1.3.4.zip,"2024-11-30 17:26:00",https://wordpress.org/plugins/wip-custom-login/,3.5.0,
wp-media-recovery,"Media Recovery – Restore Missing Images After Database Resets",1.6.1,1.6.0,https://downloads.wordpress.org/plugin/wp-media-recovery.zip,"2024-11-30 16:41:00",https://wordpress.org/plugins/wp-media-recovery/,5.0,7.2
wp-robots-txt,"WP Robots Txt",1.3.4,1.3.3,https://downloads.wordpress.org/plugin/wp-robots-txt.1.3.4.zip,"2024-11-30 16:56:00",https://wordpress.org/plugins/wp-robots-txt/,5.3.0,7.0
wp-settings,"WP Settings:WordPress Settings and Database Backup",2.0,1.5,https://downloads.wordpress.org/plugin/wp-settings.zip,"2024-11-30 19:08:00",https://wordpress.org/plugins/wp-settings/,,5.2.4
wpc-smart-notification,"WPC Smart Notifications for WooCommerce",2.4.1,2.4.0,https://downloads.wordpress.org/plugin/wpc-smart-notification.2.4.1.zip,"2024-11-30 17:43:00",https://wordpress.org/plugins/wpc-smart-notification/,4.0,
sheet-wise,"Sheet Wise",1.0.0,,https://downloads.wordpress.org/plugin/sheet-wise.zip,"2024-11-30 18:36:00",https://wordpress.org/plugins/sheet-wise/,5.0,7.4
site-chat-on-telegram,"Site Chat on Telegram",1.0.0,,https://downloads.wordpress.org/plugin/site-chat-on-telegram.zip,"2024-11-30 19:19:00",https://wordpress.org/plugins/site-chat-on-telegram/,6.2,7.4
instant-conversion-analytics,"Instant Conversion Analytics – User Analytics Directly Inside Emails Sent From Your Website",1.4.3,1.4.2,https://downloads.wordpress.org/plugin/instant-conversion-analytics.zip,"2024-11-30 23:25:00",https://wordpress.org/plugins/instant-conversion-analytics/,5.4,5.6
